Date,Open,High,Low,Close,Volume
2000-07-14,7.129423349898382,7.176952838897705,7.129423349898382,7.176952838897705,25000
2000-07-17,7.580956315994263,7.6047210693359375,7.580956315994263,7.6047210693359375,10000
2000-07-18,7.580954551696778,7.580954551696778,7.580954551696778,7.580954551696777,10000
2000-07-19,7.390839099884033,7.390839099884033,7.390839099884033,7.390839099884033,10000
2000-07-20,7.557189464569092,7.557189464569092,7.557189464569092,7.557189464569092,5000
2000-07-21,7.6047210693359375,7.6047210693359375,7.6047210693359375,7.6047210693359375,200
2000-07-24,7.6047210693359375,7.6047210693359375,7.6047210693359375,7.6047210693359375,0
2000-07-25,7.6047210693359375,7.6047210693359375,7.6047210693359375,7.6047210693359375,0
2000-07-26,7.6047210693359375,7.6047210693359375,7.6047210693359375,7.6047210693359375,0
2000-07-27,7.509661674499512,7.509661674499512,7.509661674499512,7.509661674499512,100
2000-07-28,7.604718608240928,7.604718608240928,7.367071151733399,7.367071151733398,21300
2000-07-31,7.343306406082646,7.367071151733399,7.343306406082646,7.367071151733398,200
2000-08-01,7.22448341567795,7.319542407989502,7.22448341567795,7.319542407989502,7400
2000-08-02,7.22448205947876,7.22448205947876,7.22448205947876,7.22448205947876,100
2000-08-03,7.176952838897705,7.176952838897705,7.176952838897705,7.176952838897705,10000
2000-08-04,7.367072029478231,7.462131023406981,7.367072029478231,7.462131023406982,700
2000-08-07,7.438366274924794,7.462131023406981,7.390836777960418,7.462131023406982,1100
2000-08-08,7.462131023406981,7.462131023406981,7.462131023406981,7.462131023406982,0
2000-08-09,7.462131023406981,7.462131023406981,7.462131023406981,7.462131023406982,0
2000-08-10,7.22448205947876,7.22448205947876,7.22448205947876,7.22448205947876,200
2000-08-11,7.390839099884033,7.390839099884033,7.390839099884033,7.390839099884033,600
2000-08-14,7.390839099884033,7.390839099884033,7.390839099884033,7.390839099884033,0
2000-08-15,7.699780082702637,7.699780082702637,7.6047210693359375,7.6047210693359375,5400
2000-08-16,7.6047210693359375,7.6047210693359375,7.6047210693359375,7.6047210693359375,0
2000-08-17,7.7235426902771,7.7235426902771,7.7235426902771,7.7235426902771,300
2000-08-18,7.509661674499512,7.509661674499512,7.509661674499512,7.509661674499512,200
2000-08-21,7.509661674499512,7.509661674499512,7.509661674499512,7.509661674499512,300
2000-08-22,7.509661674499512,7.509661674499512,7.509661674499512,7.509661674499512,0
2000-08-23,7.509661674499512,7.509661674499512,7.509661674499512,7.509661674499512,0
2000-08-24,7.45697546005249,7.45697546005249,7.45697546005249,7.45697546005249,15000
2000-08-25,7.553821964628377,7.602243900299072,7.553821964628377,7.602243900299072,2200
2000-08-28,7.650666754586356,7.650666754586356,7.626455783843994,7.626455783843994,500
2000-08-29,7.360132596391808,7.505398371320594,7.360132596391808,7.432765483856201,27300
2000-08-30,7.432765483856201,7.432765483856201,7.432765483856201,7.432765483856201,0
2000-08-31,7.674876249289212,7.699087215375298,7.650665283203126,7.650665283203125,2600
2000-09-01,7.650665283203126,7.650665283203126,7.650665283203126,7.650665283203125,4900
2000-09-05,7.602243900299072,7.602243900299072,7.602243900299072,7.602243900299072,300
2000-09-06,7.820143183072409,7.844354152679443,7.795932213465373,7.844354152679443,2700
2000-09-07,7.892775095426119,7.892775095426119,7.844353162325345,7.868564128875732,4400
2000-09-08,7.747508807060046,7.747508807060046,7.553821086883545,7.553821086883545,1100
2000-09-11,7.553822672367096,7.771721403300762,7.553822672367096,7.747510433197021,1400
2000-09-12,7.626455783843994,7.626455783843994,7.626455783843994,7.626455783843994,500
2000-09-13,7.505397378624259,7.529608337910145,7.45697546005249,7.45697546005249,2100
2000-09-14,7.360133647918702,7.360133647918702,7.360133647918702,7.360133647918701,1100
2000-09-15,7.14223186441716,7.214864730834961,7.14223186441716,7.214864730834961,10600
2000-09-18,7.118022535265106,7.118022535265106,7.0211786912478935,7.045389652252197,1000
2000-09-19,6.972757306478428,6.9969682693481445,6.972757306478428,6.9969682693481445,10500
2000-09-20,6.827490776250725,6.851701736450195,6.827490776250725,6.851701736450195,400
2000-09-21,6.972756862640381,6.972756862640381,6.972756862640381,6.972756862640381,10000
2000-09-22,6.9969682693481445,6.9969682693481445,6.9969682693481445,6.9969682693481445,1800
2000-09-25,7.14223575592041,7.14223575592041,7.14223575592041,7.14223575592041,2000
2000-09-26,6.875911967395104,7.069599628448486,6.875911967395104,7.069599628448486,10700
2000-09-27,6.948544502258301,6.948544502258301,6.948544502258301,6.948544502258301,100
2000-09-28,6.948544502258301,6.948544502258301,6.948544502258301,6.948544502258301,0
2000-09-29,7.021181583404541,7.021181583404541,7.021181583404541,7.021181583404541,300
2000-10-02,6.99696937025639,6.99696937025639,6.827492603502775,6.900125503540039,500
2000-10-03,6.803279876708984,6.803279876708984,6.803279876708984,6.803279876708984,5100
2000-10-04,6.803280133340094,6.972756862640381,6.803280133340094,6.972756862640381,200
2000-10-05,7.045389652252196,7.045389652252196,7.045389652252196,7.045389652252197,200
2000-10-06,6.972756862640381,6.972756862640381,6.972756862640381,6.972756862640381,200
2000-10-09,6.658016204833984,6.658016204833984,6.658016204833984,6.658016204833984,100
2000-10-10,6.875912788936071,6.948545670509339,6.779068946838379,6.779068946838379,900
2000-10-11,6.851701736450195,6.851701736450195,6.851701736450195,6.851701736450195,200
2000-10-12,6.609594821929932,6.609594821929932,6.609594821929932,6.609594821929932,500
2000-10-13,6.658014741496763,6.682225704193115,6.633803778800412,6.682225704193115,12200
2000-10-16,6.754857063293457,6.754857063293457,6.754857063293457,6.754857063293457,5800
2000-10-17,6.658014874247943,6.658014874247943,6.585381984710693,6.585381984710693,300
2000-10-18,6.585381984710693,6.585381984710693,6.585381984710693,6.585381984710693,0
2000-10-19,6.658016204833984,6.658016204833984,6.658016204833984,6.658016204833984,2000
2000-10-20,6.536960566615706,6.561171531677246,6.536960566615706,6.561171531677246,1500
2000-10-23,6.464328144871912,6.464328144871912,6.246429443359375,6.246429443359375,300
2000-10-24,6.246429443359375,6.246429443359375,6.246429443359375,6.246429443359375,0
2000-10-25,5.85905647277832,5.85905647277832,5.85905647277832,5.85905647277832,200
2000-10-26,5.8832621574401855,5.8832621574401855,5.8832621574401855,5.8832621574401855,100
2000-10-27,5.8832621574401855,5.8832621574401855,5.8832621574401855,5.8832621574401855,0
2000-10-30,5.8832621574401855,5.8832621574401855,5.8832621574401855,5.8832621574401855,0
2000-10-31,6.246429443359375,6.246429443359375,6.246429443359375,6.246429443359375,500
2000-11-01,6.319063538854772,6.391696453094482,6.319063538854772,6.391696453094482,1200
2000-11-02,6.391696453094482,6.391696453094482,6.391696453094482,6.391696453094482,3100
2000-11-03,6.294849514961243,6.294849514961243,6.10116183757782,6.198005676269531,1800
2000-11-06,6.198005676269531,6.198005676269531,6.198005676269531,6.198005676269531,700
2000-11-07,6.198005676269531,6.198005676269531,6.198005676269531,6.198005676269531,12000
2000-11-08,6.464326232671738,6.464326232671738,6.198005676269531,6.198005676269531,7300
2000-11-09,6.028528719179092,6.028528719179092,6.004317760467529,6.004317760467529,1500
2000-11-10,6.004317760467529,6.004317760467529,6.004317760467529,6.004317760467529,0
2000-11-13,6.101163155691964,6.101163155691964,5.931686401367188,5.931686401367188,4400
2000-11-14,6.198008099724265,6.198008099724265,6.173797130584717,6.173797130584717,300
2000-11-15,6.173797130584717,6.173797130584717,6.173797130584717,6.173797130584717,0
2000-11-16,6.125373840332031,6.125373840332031,6.125373840332031,6.125373840332031,200
2000-11-17,5.9074763476364005,5.980109253549963,5.9074763476364005,5.955898284912109,2800
2000-11-20,5.955898284912109,5.955898284912109,5.955898284912109,5.955898284912109,0
2000-11-21,5.955898284912109,5.955898284912109,5.955898284912109,5.955898284912109,0
2000-11-22,5.955898284912109,5.955898284912109,5.955898284912109,5.955898284912109,0
2000-11-24,5.955898284912109,5.955898284912109,5.955898284912109,5.955898284912109,0
2000-11-27,6.028530260981346,6.028530260981346,5.931686401367188,5.931686401367188,7800
2000-11-28,5.810630960667387,5.810630960667387,5.689576148986816,5.689576148986816,600
2000-11-29,5.689576148986816,5.689576148986816,5.689576148986816,5.689576148986816,0
2000-11-30,5.592732906341553,5.592732906341553,5.592732906341553,5.592732906341553,13900
2000-12-01,5.592732906341553,5.592732906341553,5.592732906341553,5.592732906341553,0
2000-12-04,5.5685224533081055,5.5685224533081055,5.5685224533081055,5.5685224533081055,400
2000-12-05,5.5685224533081055,5.5685224533081055,5.5685224533081055,5.5685224533081055,0
2000-12-06,5.85905647277832,5.85905647277832,5.85905647277832,5.85905647277832,1900
2000-12-07,5.834842541753029,5.931686401367188,5.834842541753029,5.931686401367188,4400
2000-12-08,6.149585723876953,6.149585723876953,6.149585723876953,6.149585723876953,43500
2000-12-11,6.2706403732299805,6.2706403732299805,6.2706403732299805,6.2706403732299805,3700
2000-12-12,6.319063705664415,6.319063705664415,6.2948527336120605,6.2948527336120605,3500
2000-12-13,6.173794716596603,6.198005676269531,6.125372797250748,6.198005676269531,39900
2000-12-14,6.2948527336120605,6.2948527336120605,6.2948527336120605,6.2948527336120605,5300
2000-12-15,6.198006596546692,6.222217559814453,6.198006596546692,6.222217559814453,700
2000-12-18,6.3432722091674805,6.3432722091674805,6.3432722091674805,6.3432722091674805,700
2000-12-19,6.3432722091674805,6.3432722091674805,6.3432722091674805,6.3432722091674805,600
2000-12-20,6.127243995666504,6.127243995666504,6.127243995666504,6.127243995666504,700
2000-12-21,5.981933861381923,6.127243995666504,5.981933861381923,6.127243995666504,500
2000-12-22,6.151463750869997,6.151463750869997,6.006153583526611,6.006153583526611,4000
2000-12-26,6.006153583526611,6.006153583526611,6.006153583526611,6.006153583526611,0
2000-12-27,6.151463508605957,6.151463508605957,6.151463508605957,6.151463508605957,600
2000-12-28,6.345210552215576,6.345210552215576,6.345210552215576,6.345210552215576,800
2000-12-29,6.345211419192228,6.393648147583008,6.199901234019887,6.393648147583008,24400
2001-01-02,6.538956513565578,6.538956513565578,6.369428011362026,6.466301441192627,27600
2001-01-03,6.442084795898862,6.974888801574707,6.442084795898862,6.974888801574707,2700
2001-01-04,6.926453207580137,6.950671575438808,6.878016471862793,6.878016471862793,4000
2001-01-05,6.732704162597656,6.732704162597656,6.732704162597656,6.732704162597656,500
2001-01-08,6.732704162597656,6.732704162597656,6.732704162597656,6.732704162597656,0
2001-01-09,6.950668610059298,6.950668610059298,6.926450252532959,6.926450252532959,2700
2001-01-10,6.878016471862793,6.902234839721465,6.878016471862793,6.878016471862793,600
2001-01-11,6.87801523710552,6.902233600616455,6.87801523710552,6.902233600616455,300
2001-01-12,6.902233600616455,6.950670327638325,6.87801523710552,6.902233600616455,13700
2001-01-16,6.902230939557476,6.902230939557476,6.75692081451416,6.75692081451416,3300
2001-01-17,6.926449569937302,7.0717597007751465,6.926449569937302,7.0717597007751465,10800
2001-01-18,7.1201979717965855,7.144416332244874,7.1201979717965855,7.144416332244873,1100
2001-01-19,7.217070579528809,7.241288937178234,7.168633864229958,7.217070579528809,60200
2001-01-22,7.192854100119946,7.192854100119946,7.095980644226074,7.095980644226074,10600
2001-01-23,7.217070579528809,7.217070579528809,7.120197148931107,7.217070579528809,62400
2001-01-24,7.313944010126511,7.362380725425362,7.217070579528809,7.217070579528809,1800
2001-01-25,7.192852973937988,7.192852973937988,7.192852973937988,7.192852973937988,2000
2001-01-26,7.120196748424221,7.168633460998535,7.095978392137064,7.168633460998535,700
2001-01-29,7.071759915866549,7.2461323738098145,7.071759915866549,7.2461323738098145,19100
2001-01-30,7.168635031429563,7.1880094250694,7.0911359786987305,7.0911359786987305,8200
2001-01-31,7.0911352176714,7.265507698059082,7.0911352176714,7.265507698059082,54600
2001-02-01,7.060137699705559,7.060137699705559,6.955514921632572,6.9593892097473145,62500
2001-02-02,6.8586393696873404,7.0020116370084,6.781140327453613,6.781140327453613,8100
2001-02-05,6.684267044067383,6.684267044067383,6.684267044067383,6.684267044067383,400
2001-02-06,6.835392877415081,6.93614139068703,6.835392877415081,6.870267391204834,100600
2001-02-07,6.715267062420555,6.823765585026643,6.715267062420555,6.785016059875488,61600
2001-02-08,6.974888801574707,7.0213883854496295,6.916764876045414,6.974888801574707,62500
2001-02-09,6.974888801574707,7.033012727104001,6.974888801574707,6.974888801574707,2800
2001-02-12,6.974887676875954,7.0136372006757375,6.920638787007674,6.936138153076172,17200
2001-02-13,6.974887676875954,6.974887676875954,6.936138153076172,6.936138153076172,2000
2001-02-14,7.079509258270264,7.079509258270264,7.079509258270264,7.079509258270264,100
2001-02-15,6.9748889654404245,7.044637973348562,6.955514569504088,7.013638496398926,2900
2001-02-16,6.78501352235335,6.78501352235335,6.591266708142525,6.719139575958252,107900
2001-02-20,6.684267220037805,6.684267220037805,6.509894736054721,6.568019390106201,5300
2001-02-21,6.451770325530495,6.451770325530495,6.362646946822759,6.432395935058594,2400
2001-02-22,6.331647798402859,6.451770651383939,6.331647798402859,6.374272346496582,600
2001-02-23,6.378148806506399,6.490522384643555,6.378148806506399,6.490522384643555,700
2001-02-26,6.587395327985565,6.645519256591797,6.568020931478771,6.645519256591797,3700
2001-02-27,6.4323955812056965,6.4323955812056965,6.292897612407956,6.354896545410156,9800
2001-02-28,6.58739506114613,6.58739506114613,6.393648147583008,6.393648147583008,2100
2001-03-01,6.393648147583008,6.393648147583008,6.393648147583008,6.393648147583008,300
2001-03-02,6.587395803570862,6.796642848563171,6.587395803570862,6.761768341064453,16500
2001-03-05,6.878016206669576,6.878016206669576,6.723018806167444,6.761768341064453,68900
2001-03-06,6.800514262878412,6.819889391681655,6.599018096923828,6.599018096923828,24500
2001-03-07,6.626144710878784,6.723018169403076,6.5873951796519,6.723018169403076,184300
2001-03-08,6.606768000096106,6.781140479488649,6.606768000096106,6.684267044067383,593500
2001-03-09,6.548643289736741,6.587392807006836,6.463394943010986,6.587392807006836,400
2001-03-12,6.579643556579453,6.579643556579453,6.3355228245100745,6.374272346496582,2300
2001-03-13,6.374272346496582,6.374272346496582,6.374272346496582,6.374272346496582,3000
2001-03-14,6.106899167790519,6.19989754223378,6.083649389408358,6.0875244140625,451100
2001-03-15,6.122401877193225,6.122401877193225,6.025528430938721,6.025528430938721,21500
2001-03-16,6.025527158168358,6.083651065826416,5.893779239964448,6.083651065826416,1700
2001-03-19,6.083651065826416,6.083651065826416,6.083651065826416,6.083651065826416,0
2001-03-20,6.137901441053426,6.137901441053426,5.986778736114502,5.986778736114502,19600
2001-03-21,6.02552962104301,6.060404127709565,5.839532375335693,5.839532375335693,5400
2001-03-22,5.72328381619762,5.72328381619762,5.444288166351319,5.56053638458252,170700
2001-03-23,5.599285942485143,5.599285942485143,5.413289075722565,5.541162014007568,1700
2001-03-26,5.793031763012996,5.89378023147583,5.793031763012996,5.89378023147583,5600
2001-03-27,5.979029077776083,6.041028022766113,5.979029077776083,6.041028022766113,900
2001-03-28,5.831780996544866,5.889904911079589,5.812406235185681,5.851155757904053,75700
2001-03-29,5.7155337862658975,5.913155721125388,5.7155337862658975,5.88990592956543,217000
2001-03-30,5.696157885376033,5.804656028747559,5.579909689849415,5.804656028747559,82100
2001-04-02,5.715533762528854,5.715533762528854,5.521786855324486,5.56053638458252,14000
2001-04-03,5.56053638458252,5.56053638458252,5.413288690762052,5.56053638458252,3700
2001-04-04,5.599284734480503,5.696158174072009,5.599284734480503,5.618659496307373,70400
2001-04-05,5.734907407065848,5.804656028747559,5.719407672298488,5.804656028747559,21800
2001-04-06,5.87053002382675,5.87053002382675,5.7039079666137695,5.7039079666137695,160700
2001-04-09,5.754281294740679,5.831779956817627,5.754281294740679,5.831779956817627,18000
2001-04-10,6.0061538534757215,6.056528091430664,6.0061538534757215,6.056528091430664,5100
2001-04-11,5.967403507609068,5.967403507609068,5.905404567718506,5.905404567718506,200
2001-04-12,5.905404567718506,5.905404567718506,5.905404567718506,5.905404567718506,0
2001-04-16,5.905404567718506,5.905404567718506,5.905404567718506,5.905404567718506,0
2001-04-17,5.754280600227071,5.754280600227071,5.63803243637085,5.63803243637085,4900
2001-04-18,6.1999004733177925,6.1999004733177925,6.006153583526611,6.006153583526611,200
2001-04-19,5.804657617119196,5.804657617119196,5.715534210205078,5.715534210205078,6600
2001-04-20,5.455912139684024,5.455912139684024,5.231165787275611,5.2931647300720215,289300
2001-04-23,5.386162930218493,5.424912452697754,5.359038486208712,5.424912452697754,7900
2001-04-24,5.463660717010498,5.463660717010498,5.4442859602324685,5.463660717010498,23400
2001-04-25,5.463660717010498,5.463660717010498,5.424911203454438,5.463660717010498,218300
2001-04-26,5.5799088015860585,5.696156978607178,5.5799088015860585,5.696156978607178,31400
2001-04-27,5.88990592956543,5.92090540528344,5.886030902714953,5.88990592956543,3200
2001-04-30,5.96740229473981,6.103025225342297,5.909278392791748,5.909278392791748,6200
2001-05-01,5.91315507888794,5.91315507888794,5.91315507888794,5.91315507888794,200
2001-05-02,5.889906037996096,5.909280803062258,5.79303258220819,5.827907085418701,6400
2001-05-03,5.827906794333115,5.928655272010766,5.789157266136207,5.858906269073486,23200
2001-05-04,6.006153583526611,6.010028610012723,6.006153583526611,6.006153583526611,46000
2001-05-07,6.056528557679729,6.064278242053992,5.920905570472475,5.928655624389648,2100
2001-05-08,5.909281436602274,5.909281436602274,5.812407970428467,5.812407970428467,85100
2001-05-09,5.827907085418701,5.827907085418701,5.827907085418701,5.827907085418701,200
2001-05-10,5.948030223693874,5.948030223693874,5.835657031830362,5.88990592956543,94300
2001-05-11,5.88990592956543,5.88990592956543,5.88990592956543,5.88990592956543,0
2001-05-14,5.657409541744072,5.676783935814998,5.657409541744072,5.665159225463867,3400
2001-05-15,5.521786172428049,5.572160406416395,5.521786172428049,5.548910617828369,87100
2001-05-16,5.5489113618270505,5.630285078481459,5.5489113618270505,5.59928560256958,639500
2001-05-17,5.793033520646169,5.851157825260459,5.758159011786189,5.773658752441406,23000
2001-05-18,5.781406274311133,5.886029385505569,5.773656222607869,5.870529651641846,22700
2001-05-21,5.765909066885281,5.8627825383661305,5.765909066885281,5.773658752441406,3000
2001-05-22,5.948030229030056,5.948030229030056,5.816282272338867,5.816282272338867,11600
2001-05-23,5.793033520646169,5.824033001956604,5.734909585574847,5.773658752441406,4400
2001-05-24,5.6767835169032566,5.6767835169032566,5.630284309387207,5.630284309387207,5100
2001-05-25,5.696156748326487,5.696156748326487,5.60315835828638,5.692281723022461,51600
2001-05-29,5.676783584001808,5.7155331088279535,5.657409191131592,5.657409191131592,108600
2001-05-30,5.618661303594337,5.64966078467142,5.564412026937959,5.607036590576172,2900
2001-05-31,5.703907612210439,5.70778226852417,5.703907612210439,5.70778226852417,200
2001-06-01,5.638034258134243,5.638034258134243,5.618659496307373,5.618659496307373,700
2001-06-04,5.843404293060303,5.843404293060303,5.843404293060303,5.843404293060303,600
2001-06-05,5.824028767088667,5.824028767088667,5.7659048742813885,5.793029308319092,80100
2001-06-06,5.754282681223888,5.843406071700794,5.746532628377448,5.77753210067749,2400
2001-06-07,5.816282233326371,5.816282233326371,5.769783020019531,5.769783020019531,9800
2001-06-08,5.928656203745625,5.928656203745625,5.812407970428467,5.812407970428467,83800
2001-06-11,5.773657365074552,5.773657365074552,5.672909259796143,5.672909259796143,2700
2001-06-12,5.579909801483154,5.579909801483154,5.560535409793462,5.579909801483154,9700
2001-06-13,5.579909801483154,5.579909801483154,5.579909801483154,5.579909801483154,0
2001-06-14,5.688408201644347,5.688408201644347,5.634158945197848,5.649658679962158,1200
2001-06-15,5.657409191131592,5.657409191131592,5.657409191131592,5.657409191131592,1500
2001-06-18,5.502411863230993,5.502411863230993,5.037419379071436,5.4210381507873535,3800
2001-06-19,5.328040196132642,5.328040196132642,5.219542026519775,5.219542026519775,7400
2001-06-20,5.231164932303384,5.339663064464362,5.231164932303384,5.312538623809815,1400
2001-06-21,5.46366183329652,5.595409393310547,5.44816209861588,5.595409393310547,2500
2001-06-22,5.773658390188427,5.773658390188427,5.669035239715757,5.71165943145752,1300
2001-06-25,5.781407079306688,5.781407079306688,5.5682854318486,5.657409191131592,2000
2001-06-26,5.5372857922687935,5.622534522581316,5.5372857922687935,5.618659496307373,900
2001-06-27,5.572159325545295,5.607033816891056,5.545034885406494,5.545034885406494,111600
2001-06-28,5.572160392377859,5.630284309387207,5.572160392377859,5.630284309387207,8500
2001-06-29,5.579909926929574,5.579909926929574,5.572160243988037,5.572160243988037,1000
2001-07-02,5.579911936778554,5.591537019692404,5.579911936778554,5.583786964416504,1600
2001-07-03,5.618661474072104,5.618661474072104,5.579911936778554,5.583786964416504,16100
2001-07-05,5.424914139967699,5.424914139967699,5.037420272827148,5.037420272827148,15100
2001-07-06,5.010293607000406,5.095541954040527,4.948294674773851,5.095541954040527,236100
2001-07-09,5.122669209688163,5.126543867645055,5.068419933319092,5.068419933319092,6600
2001-07-10,5.056793736821976,5.056793736821976,4.886296272277832,4.886296272277832,5900
2001-07-11,4.715799129155325,4.766173362731934,4.65767521247462,4.766173362731934,15800
2001-07-12,4.785547514590538,4.936669826507568,4.673174352338704,4.936669826507568,7000
2001-07-13,4.863043822301687,4.940542453546838,4.808794595658769,4.828169345855713,6100
2001-07-16,4.758422499013392,4.835921164558993,4.750672817230225,4.750672817230225,2300
2001-07-17,4.804922892547926,4.901796340942383,4.804922892547926,4.901796340942383,2400
2001-07-18,5.025795178757848,5.025795178757848,4.917296638124105,4.92117166519165,3000
2001-07-19,4.808796600859775,4.932794462557393,4.808796600859775,4.83979606628418,2000
2001-07-20,4.921170855868153,4.994794879871807,4.905671119689941,4.905671119689941,1200
2001-07-23,5.192417404327681,5.192417404327681,5.1149187088012695,5.1149187088012695,4700
2001-07-24,4.987045390105266,5.076169160350216,4.979295705912563,4.998670101165772,3900
2001-07-25,4.901796899396845,4.983170620100691,4.901796899396845,4.92117166519165,3100
2001-07-26,4.983168727898204,5.056792736053467,4.983168727898204,5.056792736053467,93000
2001-07-27,4.998667437235932,4.998667437235932,4.928918838500977,4.928918838500977,1900
2001-07-30,5.169167101985054,5.169167101985054,5.09941810309307,5.134292602539063,3100
2001-07-31,5.111043556986319,5.111043556986319,4.92117166519165,4.92117166519165,2800
2001-08-01,5.037419630757994,5.037419630757994,4.921171411524229,4.998670101165772,234700
2001-08-02,4.843672665302863,4.959920883178711,4.843672665302863,4.959920883178711,22000
2001-08-03,4.901795523513072,4.967669486999512,4.901795523513072,4.967669486999512,2300
2001-08-06,5.06066776337724,5.138166427612305,5.029667928140434,5.138166427612305,3200
2001-08-07,5.114919285464446,5.149793794768865,5.002546071896303,5.126543998718262,2200
2001-08-08,5.1032915115356445,5.1032915115356445,5.1032915115356445,5.1032915115356445,200
2001-08-09,4.994793301645227,5.083916664123535,4.994793301645227,5.083916664123535,400
2001-08-10,4.998668955752799,4.998668955752799,4.963794830562463,4.967669486999512,5200
2001-08-13,4.971544495365651,4.979294547297924,4.921170266434326,4.975419521331787,9100
2001-08-14,4.940547613538079,4.940547613538079,4.83204941647752,4.870798587799072,20400
2001-08-15,4.870798587799072,4.870798587799072,4.870798587799072,4.870798587799072,0
2001-08-16,4.921170792860625,4.921170792860625,4.866921901702881,4.866921901702881,2400
2001-08-17,4.804923331025949,4.820423069401792,4.781673908233643,4.781673908233643,4000
2001-08-20,4.7661727612637685,4.773922443389893,4.735173293673663,4.773922443389893,5000
2001-08-21,4.74679800832726,4.74679800832726,4.556926176684443,4.611175060272217,23100
2001-08-22,4.7739224979737065,4.781672549731247,4.653799652074294,4.739048004150391,3900
2001-08-23,4.766173362731934,4.766173362731934,4.766173362731934,4.766173362731934,2000
2001-08-24,4.61822661848649,4.7530951499938965,4.585531240530735,4.7530951499938965,22300
2001-08-27,4.618226723948367,4.659095752446523,4.565096636117072,4.6345744132995605,15900
2001-08-28,4.581442832946777,4.581442832946777,4.581442832946777,4.581442832946777,300
2001-08-29,4.597791297532463,4.728572791939204,4.597791297532463,4.622313022613525,5800
2001-08-30,4.622313032676879,4.622313032676879,4.532400560196695,4.536487579345703,238300
2001-08-31,4.552836321271297,4.556922951607755,4.528314590454102,4.528314590454102,1500
2001-09-04,4.597792907247373,4.597792907247373,4.495619731530765,4.524228096008301,32300
2001-09-05,4.45474810641589,4.458835124969482,4.45474810641589,4.458835124969482,15800
2001-09-06,4.45474910736084,4.45474910736084,4.45474910736084,4.45474910736084,100
2001-09-07,4.413879919406882,4.4179669387283145,4.409792900085449,4.409792900085449,52400
2001-09-10,4.250403053308669,4.356663227081299,4.250403053308669,4.356663227081299,52500
2001-09-17,3.678234114402981,3.853972091258676,3.678234114402981,3.75997257232666,141600
2001-09-18,3.8825792944842745,3.923448706119526,3.7599714493381153,3.911187648773194,30200
2001-09-19,3.8212760461685495,3.829449695665224,3.813102006912232,3.813102006912232,2300
2001-09-20,3.870318978878235,3.870318978878235,3.7068417072296143,3.7068417072296143,135800
2001-09-21,3.4738875691467963,3.608756114179956,3.4738875691467963,3.604669094085693,6100
2001-09-24,3.719103574752808,3.776320300981189,3.719103574752808,3.719103574752808,2400
2001-09-25,3.751797320727288,3.759970968152552,3.6291894912719727,3.6291894912719727,1600
2001-09-26,3.678232683601047,3.678232683601047,3.4330170154571533,3.4330170154571533,9600
2001-09-27,3.5515379769841706,3.670058797188808,3.449364842678118,3.6251027584075928,53000
2001-09-28,3.821276708089204,3.821276708089204,3.747711901078037,3.75997257232666,800
2001-10-01,3.686408042907715,3.686408042907715,3.686408042907715,3.686408042907715,400
2001-10-02,3.678234100341797,3.678234100341797,3.678234100341797,3.678234100341797,1000
2001-10-03,3.678233856883152,3.678233856883152,3.60466905502239,3.66597318649292,700
2001-10-04,3.63736393873575,3.63736393873575,3.588320874118507,3.5964949131011963,102900
2001-10-05,3.5801472248954487,3.616929620798289,3.5801472248954487,3.5964949131011963,23600
2001-10-08,3.494321540019984,3.621016018040113,3.494321540019984,3.608755350112915,23600
2001-10-09,3.61692963421492,3.621016263961792,3.531104173376475,3.621016263961792,2500
2001-10-10,3.5024946432242525,3.735449636117216,3.5024946432242525,3.6291894912719727,400
2001-10-11,3.747712564387236,3.764060258865357,3.747712564387236,3.764060258865357,3100
2001-10-12,3.764060258865357,3.764060258865357,3.764060258865357,3.764060258865357,0
2001-10-15,3.7967533309464727,3.829448699951172,3.7967533309464727,3.829448699951172,60200
2001-10-16,3.829450330259724,3.9071021570241866,3.829450330259724,3.90301513671875,115900
2001-10-17,3.984751871227674,3.984751871227674,3.943882465362549,3.943882465362549,1300
2001-10-18,3.8825798518860335,3.8825798518860335,3.878492832183838,3.878492832183838,1400
2001-10-19,3.800841406640364,3.878492832183838,3.800841406640364,3.878492832183838,75000
2001-10-22,3.882580424951275,3.90301513671875,3.882580424951275,3.90301513671875,51400
2001-10-23,3.903015990536793,4.062405919719644,3.903015990536793,4.017449855804443,7600
2001-10-24,3.964318836999405,3.980666528274796,3.919362783432007,3.919362783432007,3400
2001-10-25,4.029708862304688,4.029708862304688,4.029708862304688,4.029708862304688,1000
2001-10-26,4.029708862304688,4.029708862304688,4.025622232555865,4.029708862304688,1000
2001-10-29,4.046056393371631,4.046056393371631,3.8866665363311768,3.8866665363311768,356900
2001-10-30,3.845796567261776,3.845796567261776,3.821275234222412,3.821275234222412,600
2001-10-31,3.919362922840408,3.919362922840408,3.882580518722534,3.882580518722534,6700
2001-11-01,3.93979550468703,4.0010992185608245,3.93979550468703,3.952056169509888,4700
2001-11-02,3.821276366152138,3.952057887127378,3.821276366152138,3.9479708671569824,1200
2001-11-05,4.172752582135964,4.3280558586120605,4.107361810937552,4.3280558586120605,21500
2001-11-06,4.323966750750765,4.336227416992188,4.295358399600929,4.336227416992188,10300
2001-11-07,4.29127387567,4.585532764848681,4.29127387567,4.495620250701904,44100
2001-11-08,4.573271701719726,4.63866286912815,4.495620250701904,4.495620250701904,19000
2001-11-09,4.511966389071003,4.556922435760498,4.50787936943751,4.556922435760498,11300
2001-11-12,4.373011364122085,4.491532219391647,4.32805531204042,4.442489147186279,14800
2001-11-13,4.59779201481946,4.6345744132995605,4.59779201481946,4.6345744132995605,7600
2001-11-14,4.556921895571547,4.577356601556988,4.49561816737482,4.536487579345703,11900
2001-11-15,4.3934450272072105,4.536487579345703,4.3934450272072105,4.536487579345703,4300
2001-11-16,4.577357144168321,4.577357144168321,4.516053408704497,4.556922435760498,15200
2001-11-19,4.71631417169621,4.71631417169621,4.540576169977137,4.61414098739624,2400
2001-11-20,4.5569219887217,4.593704382295461,4.417966842651367,4.417966842651367,238000
2001-11-21,4.556922892680303,4.556922892680303,4.475184440612793,4.475184440612793,65900
2001-11-23,4.618227541813996,4.695878982543945,4.618227541813996,4.695878982543945,1600
2001-11-26,4.724487114587022,4.900224685668945,4.724487114587022,4.900224685668945,6400
2001-11-27,4.863441860217857,4.90022425715511,4.83892052209945,4.896137237548828,18900
2001-11-28,4.7653567720306125,4.7653567720306125,4.634575234060287,4.695878982543945,64800
2001-11-29,4.6182283012360505,4.638663017344133,4.536489826563511,4.540576457977295,49400
2001-11-30,4.495620109198667,4.655010417020135,4.413881639710644,4.61414098739624,29800
2001-12-03,4.618227034407775,4.830747010259911,4.618227034407775,4.757182598114014,757400
2001-12-04,4.904312315447108,4.941094720174517,4.822573854808267,4.838921546936035,13800
2001-12-05,4.908398395938661,4.937006754243694,4.810312261955987,4.920659065246582,26500
2001-12-06,4.932918397176834,5.006483172599306,4.932918397176834,4.998309135437012,7100
2001-12-07,4.9860498481461,5.080049352706574,4.9860498481461,5.002397537231445,156200
2001-12-10,5.026919705377024,5.06370210647583,4.95335490317941,5.06370210647583,3000
2001-12-11,5.04735441596077,5.104571137883637,4.98605028420953,5.06370210647583,120600
2001-12-12,5.067789554595947,5.071876575324174,4.9901381095583845,5.067789554595947,403000
2001-12-13,4.8225724438032,4.994223355802404,4.8225724438032,4.863441467285156,146400
2001-12-14,4.867528902778725,4.867528902778725,4.838920544919122,4.843007564544678,1800
2001-12-17,4.830746905325042,4.904311705632628,4.830746905325042,4.900224685668945,8400
2001-12-18,4.887965252865354,4.965616703033447,4.887965252865354,4.965616703033447,11100
2001-12-19,5.10048355292158,5.104570572537617,5.075962214744642,5.0963969230651855,1100
2001-12-20,5.047354726928461,5.047354726928461,4.904312133789063,4.904312133789063,35200
2001-12-21,4.904311402719374,5.002397537231445,4.863441985126185,5.002397537231445,3400
2001-12-24,5.002397537231445,5.002397537231445,5.002397537231445,5.002397537231445,200
2001-12-26,5.006484850025828,5.043267250061035,5.006484850025828,5.043267250061035,2000
2001-12-27,5.141354461813422,5.149528503417969,5.100485033310202,5.149528503417969,22200
2001-12-28,5.300744525097219,5.300744525097219,5.219006061553955,5.219006061553955,27700
2001-12-31,5.198570348561282,5.214918038126331,5.190396308898926,5.190396308898926,9100
2002-01-02,5.353874200251947,5.382482562788716,5.284396414297188,5.296657085418701,51900
2002-01-03,5.456048397544462,5.496917438906874,5.394744250861171,5.4315266609191895,72400
2002-01-04,5.43561147467127,5.45604618193417,5.390655040740967,5.390655040740967,16100
2002-01-07,5.255786115917127,5.333437919616699,5.255786115917127,5.333437919616699,38400
2002-01-08,5.31300358813544,5.366133670787949,5.308916568756104,5.308916568756104,36200
2002-01-09,5.210831786158208,5.263961882513732,5.149528038695529,5.231266498565674,21600
2002-01-10,5.108657617303544,5.112744636939702,4.867528915405273,4.867528915405273,65700
2002-01-11,5.108657141379744,5.108657141379744,4.941093249504026,5.035092353820801,95100
2002-01-14,4.822572889153185,4.887963644570641,4.781703472137451,4.781703472137451,42700
2002-01-15,4.904311971461519,4.904311971461519,4.802138805389404,4.802138805389404,5700
2002-01-16,4.830747272336508,4.908399098507301,4.830747272336508,4.851181983947754,34900
2002-01-17,5.006484346897687,5.006484346897687,4.875702839701811,4.961528301239014,1037800
2002-01-18,4.9901384357144245,5.02692084515307,4.9901384357144245,5.022833824157715,4600
2002-01-22,4.941093047749593,4.941093047749593,4.908397674560547,4.908397674560547,500
2002-01-23,4.9043114125015785,4.9043114125015785,4.879789683944823,4.892050743103027,8200
2002-01-24,4.904311558541108,4.916572228304755,4.87978982925415,4.87978982925415,10900
2002-01-25,4.802138125162196,4.90022425715511,4.785790436496711,4.896137237548828,20300
2002-01-28,4.798050032063886,4.822571754455566,4.789876384439696,4.822571754455566,800
2002-01-29,4.85935629476658,4.85935629476658,4.622314562315501,4.695878982543945,14700
2002-01-30,4.740835428541041,4.740835428541041,4.565097444573619,4.695878982543945,19900
2002-01-31,4.732659569929063,4.732659569929063,4.720398902893066,4.720398902893066,3900
2002-02-01,4.699963542769121,4.777614942851116,4.699963542769121,4.728571891784668,3800
2002-02-04,4.728571993932072,5.10865613510709,4.610051187187969,4.6672682762146,10900
2002-02-05,4.716314025044744,4.716314025044744,4.7081403732299805,4.7081403732299805,1700
2002-02-06,4.712226437509107,4.7817042234972655,4.712226437509107,4.740835189819336,4600
2002-02-07,4.740833935943753,4.740833935943753,4.6672691491166125,4.69996452331543,10800
2002-02-08,4.72039887722495,4.72039887722495,4.663181781768799,4.663181781768799,1400
2002-02-11,4.740833935943753,4.740833935943753,4.69996452331543,4.69996452331543,1500
2002-02-12,4.704053352442721,4.744922391036047,4.704053352442721,4.7081403732299805,47500
2002-02-13,4.765356560970152,4.904312133789063,4.765356560970152,4.904312133789063,13500
2002-02-14,4.789877378164608,4.961528301239014,4.781703339085047,4.961528301239014,12600
2002-02-15,4.904312947098624,4.98605141826498,4.904312947098624,4.965616703033447,48200
2002-02-19,4.945181125750104,4.965615446049165,4.900224685668945,4.900224685668945,208900
2002-02-20,4.920659887942204,5.010572387338809,4.838921429290616,4.981963634490967,49200
2002-02-21,5.039180230110529,5.063701960053892,5.002397830075322,5.043267250061035,19800
2002-02-22,5.129093789166358,5.153615134460486,5.026920607668063,5.149528503417969,117800
2002-02-25,5.231266325904636,5.353874206542969,5.219005654768715,5.353874206542969,135000
2002-02-26,5.353872601851703,5.353872601851703,5.276220798492432,5.276220798492432,112500
2002-02-27,5.394740938012176,5.517348766326904,5.3170895342765885,5.517348766326904,257300
2002-02-28,5.517351964939438,5.599090434616217,5.476482535221165,5.57865571975708,1579300
2002-03-01,5.599088420769679,5.697174549102783,5.550045356603127,5.697174549102783,1123300
2002-03-04,5.684913506816363,5.721695899963379,5.5173496178218295,5.721695899963379,898300
2002-03-05,5.823868142233954,5.823868142233954,5.439697362591317,5.517348766326904,208700
2002-03-06,5.374308087767506,5.374308087767506,5.235352916850176,5.292569637298584,1029400
2002-03-07,5.378394871379394,5.390655540971023,5.214917977625478,5.304830074310303,1023400
2002-03-08,5.366134877678889,5.394743240249274,5.296657091642492,5.353874206542969,230600
2002-03-11,5.394742560754786,5.394742560754786,5.255787006184128,5.304830074310303,243200
2002-03-12,5.313004903193972,5.541872978210449,5.313004903193972,5.541872978210449,986800
2002-03-13,5.599087188616876,5.599087188616876,5.505088100423294,5.517348766326904,296100
2002-03-14,5.558220386505127,5.570481057292856,5.513263944017293,5.558220386505127,5632200
2002-03-15,5.53778322615066,5.61543462647623,5.49691382192066,5.59091329574585,236000
2002-03-18,5.782999689002966,5.782999689002966,5.582740423958392,5.631783485412598,683100
2002-03-19,5.5950023988683135,5.599089419050788,5.517350964199768,5.558220386505127,492100
2002-03-20,5.586827892327228,5.586827892327228,5.394742260536239,5.439698696136475,1243300
2002-03-21,5.447871564839041,5.447871564839041,5.378393801375951,5.398828506469727,777000
2002-03-22,5.333437540571152,5.357958873858069,5.235351427904359,5.239438056945801,234200
2002-03-25,5.292569114298005,5.300743153416994,5.129092229514604,5.153613567352295,100500
2002-03-26,5.223092469608498,5.357961026141696,5.223092469608498,5.313004970550537,716400
2002-03-27,5.317090085734622,5.5091753005981445,5.296655380602873,5.5091753005981445,252500
2002-03-28,5.45604830564592,5.476482631103052,5.390657138999865,5.407004833221436,765600
2002-04-01,5.333438006781418,5.639957427978516,5.313003300749692,5.639957427978516,1627300
2002-04-02,5.6603937855016175,5.6603937855016175,5.488742828369141,5.488742828369141,469700
2002-04-03,5.480568279439986,5.480568279439986,5.349786758422852,5.349786758422852,548000
2002-04-04,5.374308741564589,5.492829606602783,5.374308741564589,5.476481914520264,1012900
2002-04-05,5.545959703310901,5.595002779558458,5.476481914520264,5.476481914520264,481900
2002-04-08,5.537783234029732,5.541870252410451,5.427436076307446,5.443783760070801,754100
2002-04-09,5.496914633422929,5.53369702470816,5.435610907787265,5.5091753005981445,301200
2002-04-10,5.550046596458851,5.603176691948216,5.464221117554447,5.5950026512146,412800
2002-04-11,5.595001669754681,5.652218775573986,5.451959489845886,5.51326322555542,122200
2002-04-12,5.631784672583374,5.635871692672663,5.476481417027587,5.619524002075195,308900
2002-04-15,5.660393414134011,5.660393414134011,5.476481408015535,5.562306880950928,2133200
2002-04-16,5.529609952228952,5.635870106078275,5.529609952228952,5.599087715148926,1662500
2002-04-17,5.664479375061379,5.68082706370007,5.595001600907035,5.603175640106201,902800
2002-04-18,5.570479821849449,5.574566841125488,5.509175701987685,5.574566841125488,903000
2002-04-19,5.660391297654011,5.660391297654011,5.4969140633145255,5.517348766326904,67300
2002-04-22,5.52143601561948,5.52143601561948,5.313002737750068,5.419262886047363,800400
2002-04-23,5.443786046627722,5.4928291185173785,5.36613461357569,5.45196008682251,1070200
2002-04-24,5.517351339606424,5.517351339606424,5.41926518711131,5.476481914520264,517500
2002-04-25,5.353874126544253,5.415177871067551,5.353874126544253,5.411090850830078,1772100
2002-04-26,5.456047567969248,5.456047567969248,5.255787853631108,5.313004970550537,1529000
2002-04-29,5.292569637298584,5.357960397673722,5.292569637298584,5.292569637298584,759300
2002-04-30,5.300742546404119,5.431524039254438,5.300742546404119,5.333437919616699,969300
2002-05-01,5.415176304144109,5.415176304144109,5.272133755300618,5.337524890899658,577600
2002-05-02,5.292570084930309,5.313004796715774,5.080050095736727,5.129093170166016,1355000
2002-05-03,5.145441193842155,5.149528214415056,4.904312436677297,5.051441669464111,733600
2002-05-06,4.9124855142934365,4.9656152122814055,4.904311474750882,4.945180892944336,2309000
2002-05-07,5.104569880653229,5.104569880653229,4.883875918175912,4.937005996704102,514100
2002-05-08,4.990135639686625,5.108656453824982,4.986048620981271,5.104569435119629,70600
2002-05-09,5.067788187315228,5.067788187315228,4.740834412463648,4.843007564544678,85100
2002-05-10,4.716312199137002,4.822572359908867,4.716312199137002,4.785789966583252,631300
2002-05-13,4.740835716212557,4.82257418240386,4.663183881011007,4.679531574249268,690200
2002-05-14,4.699965486658597,4.826660379967133,4.699965486658597,4.757182598114014,305700
2002-05-15,4.687704968521351,4.863442549128795,4.687704968521351,4.802138805389404,428300
2002-05-16,4.822572021637213,5.035091938514468,4.822572021637213,4.977875232696533,527200
2002-05-17,4.986048776139928,4.986048776139928,4.908397367119592,4.953353404998779,627500
2002-05-20,5.026918184946147,5.026918184946147,4.9451797570932765,4.953353404998779,498200
2002-05-21,5.035092989354482,5.035092989354482,4.928833203618886,4.945180892944336,416900
2002-05-22,4.949268131970086,4.981963514644198,4.802138909936588,4.851181983947754,395500
2002-05-23,4.802138258074463,4.900224392782177,4.79396421863566,4.892050743103027,202400
2002-05-24,4.93700652175503,4.949267190485584,4.875702788342626,4.932919502258301,65800
2002-05-28,4.977876271595236,4.998310590932305,4.883876765654155,4.945180892944336,55200
2002-05-29,4.998310517520196,5.01874522631679,4.912485442141873,5.002397537231445,86200
2002-05-30,4.986050128936768,4.986050128936768,4.928833408795711,4.986050128936768,35500
2002-05-31,5.108657786198836,5.108657786198836,4.941093873173059,4.945180892944336,30700
2002-06-03,4.949267346491619,4.949267346491619,4.822572856176543,4.843007564544678,287900
2002-06-04,4.802138649412044,4.802138649412044,4.704052506711059,4.757182598114014,290300
2002-06-05,4.773528979728488,4.773528979728488,4.663181807125786,4.720398902893066,316300
2002-06-06,4.650923542497326,4.6590971948235165,4.413881778641098,4.495620250701904,282000
2002-06-07,4.368923302072761,4.552835266182137,4.364836672683351,4.536487579345703,178100
2002-06-10,4.5773564580872,4.626399517059326,4.536487437156889,4.626399517059326,411300
2002-06-11,4.67135541003523,4.67135541003523,4.37300968170166,4.37300968170166,196900
2002-06-12,4.291272786375059,4.426141328480357,4.197273664805775,4.311707496643066,1483300
2002-06-13,4.348489699893803,4.454749486899288,4.274924902170293,4.295359611511231,1171800
2002-06-14,4.193186808831187,4.22588219063512,4.127796045223321,4.189099788665772,1547800
2002-06-17,4.1482296198150825,4.348489284515381,4.1482296198150825,4.348489284515381,982800
2002-06-18,4.360750606824115,4.364837626866573,4.213621393132765,4.25040340423584,87200
2002-06-19,4.250401984649376,4.250401984649376,4.111446857452393,4.111446857452393,193700
2002-06-20,4.107361265830453,4.107361265830453,3.841710805892944,3.841710805892944,297900
2002-06-21,3.82536187881672,3.82536187881672,3.543364209157101,3.576059579849243,445700
2002-06-24,3.678234002484205,3.69866871378328,3.49840940052369,3.686408042907715,2653200
2002-06-25,3.739536884047296,3.837623397705941,3.633277111369813,3.6904938220977774,946100
2002-06-26,3.698669245477818,3.7150169389151664,3.494322882631085,3.637365102767944,513500
2002-06-27,3.780406305159713,3.833536386489868,3.69866786840548,3.833536386489868,557600
2002-06-28,3.8744069563490138,3.964319467544556,3.8539726313243694,3.964319467544556,550200
2002-07-01,3.98475291037252,3.98475291037252,3.739537190753431,3.743624210357666,184700
2002-07-02,3.727277189157189,3.78449430458362,3.694581805987717,3.75997257232666,159800
2002-07-03,3.800842190972264,3.8417112271489016,3.6986690158910727,3.776320457458496,37800
2002-07-05,3.739537083607413,3.739537083607413,3.6864073893132137,3.7068417072296143,26200
2002-07-08,3.678234007013774,3.727277080336127,3.678234007013774,3.6986687183380127,1562300
2002-07-09,3.7517981420688096,3.759971791283444,3.682320369826081,3.7068417072296143,1285500
2002-07-10,3.821275710389435,3.821275710389435,3.68232017331933,3.6904938220977774,96200
2002-07-11,3.719103538244677,3.7599725723266606,3.657799402482133,3.75997257232666,288400
2002-07-12,3.862145143134704,3.878492832183838,3.78449371759123,3.878492832183838,2409100
2002-07-15,3.821276642593193,3.821276642593193,3.592408574569937,3.682321071624756,132500
2002-07-16,3.719103318166917,3.719103318166917,3.5964954436568566,3.604669094085693,522800
2002-07-17,3.6782331540503015,3.739536884047296,3.657798447464767,3.6904938220977774,119300
2002-07-18,3.73953635245016,3.780405759811402,3.698667334848472,3.780405759811402,45900
2002-07-19,3.694580841366808,3.776319277949336,3.6904938220977774,3.6904938220977774,40700
2002-07-22,3.604670293654552,3.7191045558174194,3.48206276810262,3.510671138763428,37500
2002-07-23,3.5556255597450974,3.5556255597450974,3.3144968621834123,3.351279258728028,102100
2002-07-24,3.195975965040124,3.4738868422645592,3.171454434245009,3.412583112716675,800000
2002-07-25,3.26954115558458,3.3267582661207946,3.1510203042850264,3.2204980850219727,744000
2002-07-26,3.2409325159338382,3.2409325159338382,3.0570209086725613,3.085629463195801,86400
2002-07-29,3.0856295520739483,3.101977242306724,2.799544583240692,2.840413808822632,1986200
2002-07-30,2.819978589792793,2.877195491329981,2.697370748761884,2.7545876502990723,1841500
2002-07-31,2.824067110945714,2.8771972203116745,2.656503129739124,2.852675676345825,1816500
2002-08-01,2.852674488095914,3.061107622425076,2.766849022525134,3.0202383995056152,1432600
2002-08-02,3.1591942355470426,3.240932688714169,3.048847226331499,3.187802791595459,2055000
2002-08-05,3.289975240745288,3.289975240745288,3.016151189804077,3.016151189804077,164700
2002-08-06,3.003890789436509,3.146933170861137,2.9466738758426243,3.1428463459014893,655000
2002-08-07,3.245019909979527,3.245019909979527,3.1101513564529992,3.2164113521575928,777800
2002-08-08,3.571972427553316,3.645537203740583,3.4738863191433254,3.514755725860596,1037200
2002-08-09,3.428930673210304,3.428930673210304,3.294062161380826,3.3308441638946533,129300
2002-08-12,3.285889321723145,3.285889321723145,3.08562999047896,3.110151529312134,73700
2002-08-13,3.020238154096423,3.1019767881735056,2.94667355881888,3.0079774856567383,221500
2002-08-14,3.0284115657960475,3.0284115657960475,2.8608476919167405,3.003890037536621,219500
2002-08-15,3.024326176380969,3.0365868488863668,2.8812837629121133,2.9221529960632324,61000
2002-08-16,2.922152692119912,3.126499031500608,2.889457308999778,3.106064319610596,260400
2002-08-19,3.0978898853516896,3.12649843758722,2.9630213581609945,3.057020664215088,338300
2002-08-20,3.1591950998661766,3.1632819262027194,3.0079788226960504,3.0120656490325928,64300
2002-08-21,3.0324997940422924,3.118325274619328,3.024325948029235,3.044760465621948,167700
2002-08-22,3.077455715483652,3.0938034057617188,3.007977934361947,3.0938034057617188,9200
2002-08-23,3.1264986619233355,3.1878025954668976,3.089716262821232,3.155107021331787,237000
2002-08-26,3.1591927176049133,3.2245834487194025,3.106062651134515,3.1796274185180664,193500
2002-08-27,3.310410531470926,3.367627251478981,3.2204980417672604,3.236845731735229,245900
2002-08-28,3.285888307444987,3.2981489756370537,3.159193631808056,3.208236694335937,56300
2002-08-29,3.114237698926862,3.310410358023804,3.1060638543711416,3.302236318588257,65900
2002-08-30,3.298150009851581,3.404410206862248,3.2531939525438704,3.2899763584136963,176200
2002-09-03,3.2899753943243613,3.2899753943243613,3.134672164916992,3.134672164916992,1207600
2002-09-04,3.204149952225657,3.204149952225657,3.1142374737345304,3.175541400909424,16200
2002-09-05,3.220499053953495,3.220499053953495,3.0120656490325928,3.0120656490325928,7900
2002-09-06,3.1142384477912723,3.1142384477912723,3.0406738291000948,3.07745623588562,14300
2002-09-09,3.106064100972816,3.220498128718059,3.077455740196386,3.204150438308716,15400
2002-09-10,3.2858889353960112,3.2858889353960112,3.187802791595459,3.187802791595459,65300
2002-09-11,3.31858340136496,3.3512787736141054,3.2777143809333182,3.339018106460572,568300
2002-09-12,3.3226716480938783,3.3226716480938783,3.228672320704068,3.310410976409912,93900
2002-09-13,3.261367798861624,3.3308453951225965,3.2123247209551016,3.2899763584136963,5200
2002-09-16,3.220497346049192,3.220497346049192,3.163280248641968,3.163280248641968,135200
2002-09-17,3.1673683506976733,3.2041507551963635,3.044760465621948,3.044760465621948,182800
2002-09-18,2.963022326220457,3.0406739691897515,2.9098922239446425,2.9303269386291504,278300
2002-09-19,2.942586207473344,2.942586207473344,2.7913700145768066,2.799543857574463,365900
2002-09-20,2.824065431657893,2.9139779009474904,2.7627617056365583,2.897630214691162,125100
2002-09-23,2.738240803243108,2.738240803243108,2.6605893676587105,2.693284749984741,66900
2002-09-24,2.66467597681876,2.693284531472889,2.578850507736206,2.578850507736206,101100
2002-09-25,2.5829380984336527,2.656502718955669,2.517547129756427,2.5747642517089844,448700
2002-09-26,2.562503434516898,2.6360680564839325,2.5175471792082136,2.542068719863892,111200
2002-09-27,2.493025081036287,2.493025081036287,2.358156540150824,2.36633038520813,669200
2002-09-30,2.2559833794945843,2.386765095291313,2.2069403091507502,2.36633038520813,534500
2002-10-01,2.390852455587595,2.611546516418457,2.3745047618134483,2.611546516418457,219000
2002-10-02,2.619719199391954,2.693283983571439,2.537980766836743,2.582937002182007,285700
2002-10-03,2.5461543097081685,2.640153593496936,2.4971112559609256,2.62789273262024,319400
2002-10-04,2.693284889740635,2.693284889740635,2.5992855632357004,2.656502485275269,378900
2002-10-07,2.533894240108121,2.611545863563284,2.4971120357513428,2.4971120357513428,2522300
2002-10-08,2.4603289632421466,2.550241231918335,2.4358074354213683,2.550241231918335,127100
2002-10-09,2.390851969454709,2.4317211955801192,2.3704174538319247,2.378591299057007,129600
2002-10-10,2.4071999968651268,2.4521562493359834,2.3295483589172363,2.3295483589172363,321300
2002-10-11,2.427633782130288,2.5502414307955776,2.3745037036020977,2.468502998352051,44300
2002-10-14,2.3704171939918948,2.403112571308226,2.3091132640838623,2.3091132640838623,43500
2002-10-15,2.390851366008759,2.4071990523328006,2.255982856395516,2.313199758529663,87500
2002-10-16,2.329547177190647,2.329547177190647,2.18650484085083,2.18650484085083,241800
2002-10-17,2.2273750134250974,2.4276345266478967,2.2273750134250974,2.423547506332397,330800
2002-10-18,2.394938728051496,2.4725903466524635,2.394938728051496,2.448068618774414,303500
2002-10-21,2.484851449939015,2.484851449939015,2.3704176092833222,2.4521560668945312,24900
2002-10-22,2.354069836596884,2.5298076118417807,2.349982816417309,2.5134599208831787,43600
2002-10-23,2.5338935824495645,2.636066713917366,2.5298067585283395,2.6197190284729004,396700
2002-10-24,2.656502496847537,2.779110382346292,2.656502496847537,2.738240957260132,377900
2002-10-25,2.8077177454015647,2.897630214691162,2.73006613824411,2.897630214691162,875800
2002-10-28,2.942587041697156,3.0202386696290326,2.725980043411255,2.725980043411255,811300
2002-10-29,2.7464144609840235,2.7464144609840235,2.64015447569206,2.717806100845337,394900
2002-10-30,2.8118058765433824,2.92623972559906,2.8118058765433824,2.9139790534973145,333400
2002-10-31,2.9875439176729754,3.0529346939665927,2.9875439176729754,3.0365869998931885,1349100
2002-11-01,3.040672340572492,3.1101500994309146,3.020237636833034,3.024324655532837,41900
2002-11-04,3.106063902931199,3.224584748282007,2.9875430575803907,2.9916300773620605,1225300
2002-11-05,2.9875437221530983,3.0570215148580333,2.950761315455221,2.967109203338623,98400
2002-11-06,2.869022696733593,2.9385004857163497,2.783197215623112,2.8077187538146973,795800
2002-11-07,2.8649353269202806,2.946673772031916,2.844500618202459,2.938499927520752,36500
2002-11-08,3.007977056353084,3.0406724273656525,2.975281685340515,3.003890037536621,50100
2002-11-11,3.024325840242006,3.024325840242006,2.95484805416728,2.983456611633301,8100
2002-11-12,2.9507603302749663,2.9834559002457177,2.8649350681011434,2.8690218925476074,9400
2002-11-13,2.901716405471505,2.901716405471505,2.8281518333746174,2.877194881439209,12500
2002-11-14,2.913977560223921,2.913977560223921,2.819978277801221,2.889456033706665,29500
2002-11-15,2.918065048464486,2.918065048464486,2.7872835439200787,2.8649351596832275,6300
2002-11-18,2.9834560661692047,3.0733683526697284,2.967108377714564,3.057020664215088,37800
2002-11-19,2.987541994844349,3.0529327290514696,2.987541994844349,3.040672063827514,48600
2002-11-20,3.0202376221970084,3.0815415382385254,2.946673039875054,3.0815415382385254,123500
2002-11-21,3.085630180538011,3.1264994144439697,3.065195466145092,3.1264994144439697,45900
2002-11-22,2.991629798833283,3.134672164916992,2.991629798833283,3.134672164916992,8500
2002-11-25,3.126499221867583,3.142846914423032,3.0733691236224394,3.110151529312134,1008500
2002-11-26,3.0856300750541457,3.0856300750541457,2.9630221826478045,2.967109203338623,10400
2002-11-27,3.0038914223145694,3.07745623588562,2.946674496665876,3.07745623588562,24300
2002-11-29,3.0651944846574217,3.0651944846574217,2.9875428676605225,2.9875428676605225,6000
2002-12-02,3.1428472535178087,3.1469340796576817,3.044760892722304,3.048847913742065,18000
2002-12-03,3.101976955506593,3.101976955506593,3.0038906282988864,3.069281578063965,336600
2002-12-04,2.967109584931137,3.0406742129079807,2.967109584931137,3.0120656490325928,180600
2002-12-05,3.028412367882804,3.03249938778173,2.901717674213628,2.942586898803711,163500
2002-12-06,2.9017175555992667,3.0202383995056152,2.9017175555992667,3.0202383995056152,23000
2002-12-09,2.94258629484058,2.9752818626817463,2.8812825679779053,2.8812825679779053,37200
2002-12-10,2.9098918094225525,3.003891132797038,2.9098918094225525,2.995717287063598,11700
2002-12-11,3.036585321872689,3.040672340572492,2.963020739194242,3.024324655532837,81600
2002-12-12,3.061106849432172,3.061106849432172,2.9671077578940444,3.024324655532837,56600
2002-12-13,2.991630567982272,3.101977586746216,2.983456721958272,3.101977586746216,32000
2002-12-16,3.085630599300862,3.2041514911530102,3.0651958821346685,3.1837167739868164,230500
2002-12-17,3.228672744768057,3.265454959530909,3.187803508987173,3.200064182281494,151200
2002-12-18,3.2695416451793777,3.2899763584136963,3.1591946224497685,3.2899763584136963,115300
2002-12-19,3.3063230841631785,3.433017567598471,3.3063230841631785,3.3880615234375,97000
2002-12-20,3.412582766539024,3.5515378987357136,3.412582766539024,3.473886489868164,295500
2002-12-23,3.560839172314984,3.5981034349607093,3.3165489907083017,3.353813648223877,681600
2002-12-24,3.2917057364244475,3.4531857865027984,3.2917057364244475,3.449045181274414,5800
2002-12-26,3.428341969270356,3.432482573797357,3.3703750853714665,3.3745152950286865,3300
2002-12-27,3.436622764541797,3.436622764541797,3.312407407776241,3.3703746795654297,28000
2002-12-30,3.2668612980576515,3.34967159024072,3.26272089203766,3.3455309867858887,81400
2002-12-31,3.345530589870862,3.3496711928344505,3.295844538916697,3.3041255474090576,4000
2003-01-02,3.357952928956521,3.432482223354263,3.2999858535409547,3.3331100940704346,135700
2003-01-03,3.5111526802207846,3.5111526802207846,3.378656471871276,3.449045181274414,322300
2003-01-06,3.6643505088468142,3.6643505088468142,3.5773998067595096,3.635366678237915,166800
2003-01-07,3.6188054744028513,3.622946078976144,3.5649787995594027,3.581540822982788,33700
2003-01-08,3.5732597942607462,3.6022432347948143,3.465606451034546,3.465606451034546,44700
2003-01-09,3.6229446377858654,3.627085240712046,3.527713139701488,3.610523223876953,216700
2003-01-10,3.6519292411678257,3.722317934036255,3.627086405372942,3.722317934036255,98400
2003-01-13,3.697474872797506,3.743020332224281,3.6643508305108097,3.7264583110809326,203800
2003-01-14,3.738879956189429,3.738879956189429,3.676772471832465,3.722317934036255,21300
2003-01-15,3.705756413054472,3.705756413054472,3.59810305706478,3.602243661880493,43800
2003-01-16,3.63536716634259,3.701615253995432,3.618805144429379,3.63950777053833,30700
2003-01-17,3.540135722721099,3.540135722721099,3.486309051513672,3.486309051513672,349700
2003-01-21,3.3496720927299988,3.3993581570324163,3.31654804986172,3.324828863143921,179400
2003-01-22,3.275143031980537,3.30826707720673,3.229597568511963,3.229597568511963,293000
2003-01-23,3.2875639770791536,3.2875639770791536,3.1923322677612305,3.1923322677612305,283000
2003-01-24,3.130224135836907,3.146786152632223,3.0225710266673538,3.043273448944092,101800
2003-01-27,2.902496860948826,3.0142905944021634,2.902496860948826,2.9935879707336426,183600
2003-01-28,3.001868923135611,3.0349929624220144,2.981166299864185,3.0308525562286377,163300
2003-01-29,3.030853879395252,3.192333740130449,3.030853879395252,3.175771713256836,225500
2003-01-30,3.19233230751353,3.19233230751353,3.084678983711488,3.16334867477417,74800
2003-01-31,3.171629743833275,3.271002059773937,3.171629743833275,3.258580446243286,230700
2003-02-03,3.2585812000654903,3.283424235438994,3.22959775751385,3.2420191764831543,139600
2003-02-04,3.2047540312861496,3.2047540312861496,3.142646551132202,3.142646551132202,38300
2003-02-05,3.1881921588240574,3.1881921588240574,3.155068115215736,3.184051752090454,8000
2003-02-06,3.1260848422049463,3.1260848422049463,3.0763985767123523,3.109522819519043,70300
2003-02-07,3.167490071792697,3.213035735382132,3.1178040010232566,3.130225419998169,11500
2003-02-10,3.0474151248618457,3.1509278649970387,3.0474151248618457,3.105382204055786,123700
2003-02-11,3.200613856167055,3.217175878396946,3.134365767247491,3.1385061740875244,104100
2003-02-12,3.117803555504741,3.1426465873395166,3.117803555504741,3.126084566116333,16100
2003-02-13,3.034993421319438,3.080539080942267,3.001869377024609,3.0391340255737305,63100
2003-02-14,3.0225723859746223,3.0225723859746223,2.9646051036872327,2.968745708465576,5300
2003-02-18,3.0971011927423664,3.105382204055786,3.0971011927423664,3.105382204055786,26600
2003-02-19,3.105381852290752,3.105381852290752,3.043274175757965,3.047414779663086,90000
2003-02-20,3.088820284415218,3.088820284415218,3.0225721916990387,3.051555633544922,30000
2003-02-21,3.0722582612361733,3.0722582612361733,3.051555633544922,3.051555633544922,2200
2003-02-24,3.101240634918213,3.167488902251316,3.101240634918213,3.101240634918213,33900
2003-02-25,3.022571546407037,3.0308525562286377,2.9770258936708083,3.0308525562286377,196100
2003-02-26,3.0432732905146764,3.063975909148473,2.9894466400146484,2.9894466400146484,37000
2003-02-27,3.001869564007788,3.051555633544922,3.001869564007788,3.051555633544922,13600
2003-02-28,3.059837042419664,3.088820685463636,3.059837042419664,3.0846800804138184,37700
2003-03-03,3.0267125162389417,3.1053822229115537,3.0267125162389417,3.097101211547852,19900
2003-03-04,3.0598358937490486,3.117803158075925,3.0598358937490486,3.0681169033050537,54200
2003-03-05,3.142647346021173,3.142647346021173,3.0391345896693287,3.092961072921753,48200
2003-03-06,3.1219436261714018,3.175770288072423,3.117803220028548,3.16334867477417,119900
2003-03-07,3.175771609959249,3.2295982942651507,3.1674905967917963,3.217176675796509,61600
2003-03-10,3.146787753609092,3.184052409074928,3.092961072921753,3.092961072921753,11200
2003-03-11,3.101241948517712,3.171630651316736,3.101241948517712,3.167490243911743,36300
2003-03-12,3.188192501123115,3.2420191764831543,3.1509280467803062,3.2420191764831543,58500
2003-03-13,3.2585807996726928,3.3413909074092163,3.2502997888990404,3.3331100940704346,147100
2003-03-14,3.386936325312351,3.386936325312351,3.308266436972456,3.320688247680664,144900
2003-03-17,3.308266436972456,3.3703743059044293,3.279283001726015,3.320688247680664,402100
2003-03-18,3.370375571949387,3.3786563873291016,3.337251520690854,3.3786563873291016,121500
2003-03-19,3.3745144212303493,3.407638459129641,3.333109571291074,3.3455309867858887,76100
2003-03-20,3.295845831554542,3.374515344368915,3.2875648198143503,3.362093925476074,75700
2003-03-21,3.457324473015917,3.473886489868164,3.399357216598236,3.473886489868164,593100
2003-03-24,3.420059971974685,3.420059971974685,3.378654730767675,3.3827953338623047,160700
2003-03-25,3.3993584572523314,3.4407637119293213,3.3827964343554897,3.4407637119293213,285500
2003-03-26,3.4656069783135988,3.4656069783135988,3.4242021133753013,3.453185558319092,47800
2003-03-27,3.378656471871276,3.449045181274414,3.3620944458275863,3.449045181274414,11900
2003-03-28,3.457325600108065,3.482168436050415,3.440763577856579,3.482168436050415,285800
2003-03-31,3.465604837940602,3.4780262502635897,3.399356779058565,3.4573240280151367,36200
2003-04-01,3.515292729289248,3.581540822982788,3.4863092870157693,3.581540822982788,98100
2003-04-02,3.7513028772537775,3.7513028772537775,3.656070925585072,3.6809141635894775,388200
2003-04-03,3.722317480622874,3.747160708261374,3.672631420215583,3.7305986881256095,484500
2003-04-04,3.743020271763717,3.772003709578977,3.693334209136245,3.763722896575928,76500
2003-04-07,3.933485309631624,3.933485309631624,3.809269905090332,3.809269905090332,167500
2003-04-08,3.8465335836438728,3.8465335836438728,3.689194164054258,3.705756187438965,144300
2003-04-09,3.701615610468004,3.726458843165144,3.6809133772351386,3.685053586959839,242800
2003-04-10,3.672631874474801,3.685053292395573,3.6146645993949367,3.631227016448975,15400
2003-04-11,3.647788432022616,3.705755302593096,3.627085809017577,3.67263126373291,83000
2003-04-14,3.7181773297805214,3.726458538291987,3.676772471832465,3.722317934036255,242500
2003-04-15,3.759582385872744,3.829971075057984,3.755441781833675,3.829971075057984,296500
2003-04-16,3.8382522354926527,3.900359715828825,3.8134090064363457,3.842392444610596,260800
2003-04-17,3.9127809297273104,3.9707481979352393,3.904500117051726,3.9459049701690674,93900
2003-04-21,4.074260156866758,4.074260156866758,3.941764020015688,3.991450071334839,71100
2003-04-22,3.90036084648993,3.987311581088235,3.8879394257958415,3.97903037071228,70600
2003-04-23,3.999731271062893,4.045277118682861,3.983169252347361,4.045277118682861,71600
2003-04-24,4.053559300649419,4.053559300649419,3.933484525660879,3.9541871547698975,82400
2003-04-25,3.962466284612369,3.97074749068265,3.929342250070525,3.950044870376587,26200
2003-04-28,3.950046977162376,4.078402975623843,3.900360898849182,4.070121765136719,325100
2003-04-29,4.157070121870073,4.306128271505789,4.1487893109917895,4.198475360870361,804200
2003-04-30,4.25230447008093,4.25230447008093,4.181915760040283,4.181915760040283,107600
2003-05-01,4.202617996630007,4.2398826542832735,4.148791707652902,4.181915760040283,103600
2003-05-02,4.1819152226945855,4.248163318956949,4.161212593895147,4.1901960372924805,120300
2003-05-05,4.210898032185318,4.239881471219498,4.14464994589591,4.161211967468262,212800
2003-05-06,4.165352799096963,4.17363361290058,4.123947545469592,4.157071590423584,478300
2003-05-07,4.223319007576447,4.268864858285265,4.18605436422185,4.264724254608154,355300
2003-05-08,4.289568485319544,4.322692535795383,4.231601594421738,4.281287670135498,84200
2003-05-09,4.388939538047064,4.4179229736328125,4.322691064770117,4.4179229736328125,120700
2003-05-12,4.4096428512971615,4.49245336454971,4.39308082762061,4.471750736236572,238200
2003-05-13,4.5297180023155725,4.550420632368414,4.471751112011405,4.496593952178955,132000
2003-05-14,4.517296281321436,4.517296281321436,4.409642928113623,4.438626766204834,46400
2003-05-15,4.372376999934667,4.401360432083334,4.252302273343497,4.289566516876221,256500
2003-05-16,4.244021272857328,4.339252780174247,4.19019461420746,4.335112571716309,96500
2003-05-19,4.219178176950388,4.260583421754913,4.123946666717529,4.123946666717529,280800
2003-05-20,4.078402343418195,4.140509832964751,4.057699715279414,4.136369228363037,168000
2003-05-21,4.215039192879456,4.239882031083537,4.103245236351709,4.223320007324219,41000
2003-05-22,4.256442481600701,4.314409740767684,4.223318446325182,4.289566516876221,1499200
2003-05-23,4.318550768547326,4.372377429880354,4.29784814574698,4.355815410614014,165400
2003-05-27,4.11566702288647,4.281287670135498,4.11566702288647,4.281287670135498,323900
2003-05-28,4.314409513595428,4.3392523413091615,4.268864066207165,4.293706893920898,408500
2003-05-29,4.343393508438219,4.442765621941152,4.343393508438219,4.380658149719238,794900
2003-05-30,4.388940750592758,4.446907637778939,4.322692259013143,4.397221565246582,195300
2003-06-02,4.364096592976324,4.409642051104518,4.26472446894951,4.285427093505859,51300
2003-06-03,4.281287042127847,4.376518574559235,4.264725019319354,4.347535133361816,82600
2003-06-04,4.442767046985395,4.546279797137373,4.426205022755871,4.500734329223633,328800
2003-06-05,4.546279225597719,4.591825082655425,4.463469114860645,4.558701038360596,333200
2003-06-06,4.674635410307482,4.6994786421162695,4.575263272811874,4.579403877258301,127800
2003-06-09,4.633229636672026,4.633229636672026,4.533857510305862,4.595965385437012,107600
2003-06-10,4.641511364475612,4.695338037669843,4.525577204064071,4.579403877258301,175600
2003-06-11,4.566983139361178,4.61252900925756,4.49659442667574,4.600107192993164,129400
2003-06-12,4.587684272370897,4.653932357985392,4.537998208160026,4.633229732513428,117900
2003-06-13,4.691198601138999,4.691198601138999,4.591826438903809,4.591826438903809,71900
2003-06-16,4.637369952912026,4.6539319729454025,4.558700456470917,4.608386516571045,589300
2003-06-17,4.65393278294512,4.658073387391547,4.55870124989594,4.579403877258301,52500
2003-06-18,4.595967561925213,4.595967561925213,4.434487483956627,4.463470935821533,74100
2003-06-19,4.409641449638053,4.533856785163702,4.409641449638053,4.446906089782715,147200
2003-06-20,4.4469064092185615,4.488311655657941,4.376517727193433,4.4179229736328125,78900
2003-06-23,4.376517320298086,4.426203374484093,4.351674490639912,4.384798526763916,673900
2003-06-24,4.359956990378717,4.459329532096692,4.351676175576276,4.364097595214844,167800
2003-06-25,4.393079338360089,4.500732653197932,4.384798526763916,4.384798526763916,114800
2003-06-26,4.426203785998871,4.426203785998871,4.355815498843437,4.4179229736328125,32200
2003-06-27,4.417923464123321,4.438626089641476,4.364096795724015,4.393080234527588,30800
2003-06-30,4.388940025319748,4.451047507004473,4.372378003879172,4.393080234527588,136800
2003-07-01,4.376518092665943,4.467609405517578,4.364096675644724,4.467609405517578,21000
2003-07-02,4.525576746026755,4.591824830985471,4.525576746026755,4.55456018447876,21000
2003-07-03,4.542138913899348,4.542138913899348,4.484171640254259,4.488312244415283,61400
2003-07-07,4.513155159068547,4.595965664267404,4.509014949704407,4.550419807434082,161800
2003-07-08,4.521437010500816,4.612528342251219,4.521437010500816,4.587685108184815,41300
2003-07-09,4.571121872778523,4.649791369219632,4.558700456470917,4.608386516571045,91600
2003-07-10,4.546279490421241,4.583544141141051,4.525577257683372,4.537998676300049,19000
2003-07-11,4.550419497304782,4.57112212219353,4.484171413556571,4.492452621459961,33400
2003-07-14,4.575264350204108,4.608388403836094,4.471751583886684,4.600107192993164,131400
2003-07-15,4.653929990269965,4.6870540162251615,4.608384553298954,4.64150857925415,131400
2003-07-16,4.6415117680326095,4.6415117680326095,4.57526367060892,4.612528324127197,13900
2003-07-17,4.5835436229307644,4.612527456252503,4.529716955184375,4.55456018447876,155300
2003-07-18,4.56284222993745,4.612528302775214,4.56284222993745,4.604247093200684,54100
2003-07-21,4.595966317830219,4.616668552204112,4.54627984969741,4.587685108184815,56800
2003-07-22,4.608387036132361,4.695337749828057,4.608387036132361,4.687056541442871,54300
2003-07-23,4.699477824189465,4.699477824189465,4.604245912845275,4.608386516571045,60500
2003-07-24,4.653932417533832,4.6994782731288725,4.624948978424072,4.624948978424072,49100
2003-07-25,4.699477707182051,4.707758519557711,4.633229233828294,4.682915687561035,23800
2003-07-28,4.68291690781309,4.68291690781309,4.64151165053652,4.662214279174805,15200
2003-07-29,4.658073770825713,4.658073770825713,4.587685068921429,4.604247093200684,37900
2003-07-30,4.608387684150443,4.608387684150443,4.500734329223633,4.500734329223633,48400
2003-07-31,4.537999671703514,4.550421093044812,4.496594407406037,4.521437644958496,1227000
2003-08-01,4.533856969152766,4.533856969152766,4.339252948760986,4.339252948760986,108700
2003-08-04,4.231600966680468,4.235741176223392,4.086682971194308,4.219179153442383,499200
2003-08-05,4.223320138644733,4.310270864802264,4.223320138644733,4.277146816253662,1351600
2003-08-06,4.343394250128703,4.343394250128703,4.2191788896038265,4.23988151550293,22900
2003-08-07,4.347534012082074,4.463468141840754,4.285426541285911,4.430344104766846,90700
2003-08-08,4.488312585228525,4.529717445373535,4.422064493100688,4.529717445373535,55600
2003-08-11,4.558700935673695,4.558700935673695,4.471750222640936,4.488312244415283,14000
2003-08-12,4.521435964429926,4.533857381154427,4.5172953605651855,4.5172953605651855,24600
2003-08-13,4.5297177729078495,4.5379989824575135,4.463469675989752,4.500734329223633,55700
2003-08-14,4.504873735568946,4.637369894157247,4.455187676098333,4.6166672706604,35900
2003-08-15,4.70361867557852,4.711899884161306,4.637370586395264,4.637370586395264,279500
2003-08-18,4.695337522479653,4.71189954357834,4.666354084274383,4.691196918487549,63200
2003-08-19,4.716040477182476,4.757445335388184,4.691197246363245,4.757445335388184,119400
2003-08-20,4.695337367870993,4.811271511744307,4.616667474090384,4.782288074493408,1105200
2003-08-21,4.790568971055772,4.844395637512207,4.749164116383708,4.844395637512207,921200
2003-08-22,4.873377804252166,4.881658614408025,4.774005318294733,4.84853458404541,1528200
2003-08-25,4.844395035613447,4.848535639027116,4.79470897925845,4.798849582672119,161500
2003-08-26,4.815412129013384,4.894081628143409,4.786428691681752,4.877519607543945,297100
2003-08-27,4.902362203670236,4.993453502655029,4.902362203670236,4.993453502655029,1056200
2003-08-28,5.043141094026181,5.0969677691442845,4.972752395400184,5.03071928024292,140900
2003-08-29,5.051420677926083,5.080404508157391,4.981031996445277,5.076263904571533,83600
2003-09-02,5.10524828582119,5.225323047970368,5.084545658925864,5.1963396072387695,1124100
2003-09-03,5.175636482480668,5.262587191181131,5.175636482480668,5.188057899475098,93300
2003-09-04,5.25844634935307,5.349537657887607,5.254305745585658,5.337116241455078,1105600
2003-09-05,5.366098751471226,5.465470855511335,5.320553302503586,5.432346820831299,948000
2003-09-08,5.482034174075802,5.502736799382244,5.370240629212594,5.37852144241333,529500
2003-09-09,5.382661295872109,5.382661295872109,5.175635861415489,5.279148578643799,674000
2003-09-10,5.237742674956052,5.357817396042067,5.179775813316366,5.241883277893066,1330400
2003-09-11,5.432348362415059,5.432348362415059,5.349538252215238,5.382662296295166,1127400
2003-09-12,5.482035698315656,5.506878934564813,5.32469625505725,5.4737548828125,202100
2003-09-15,5.444768553014062,5.465471174615226,5.3246938215709045,5.4033637046813965,148500
2003-09-16,5.494455149796058,5.494455149796058,5.303991736735336,5.312272548675537,120100
2003-09-17,5.395084208915007,5.407506022736555,5.2874312532167815,5.357819557189941,326100
2003-09-18,5.4157868167870085,5.498596934271409,5.374381560609915,5.477894306182861,1273100
2003-09-19,5.564842695923471,5.564842695923471,5.4075037360818685,5.453049182891846,134400
2003-09-22,5.415786629484941,5.424067838381873,5.303993073464768,5.370241165161133,270500
2003-09-23,5.374380683667267,5.374380683667267,5.200479662760511,5.22946310043335,944900
2003-09-24,5.246024817530745,5.308132293197006,5.051420788309585,5.146652698516846,376300
2003-09-25,5.2625875676955465,5.2625875676955465,5.022438049316406,5.022438049316406,163900
2003-09-26,5.047280512763256,5.171495867040875,5.038999699741935,5.0928263664245605,286600
2003-09-29,5.0886865400417305,5.154934633814057,5.0886865400417305,5.15079402923584,39500
2003-09-30,5.208759909187925,5.287429795557213,5.15079264527738,5.254305362701416,155800
2003-10-01,5.32883442486507,5.4033637046813965,5.266726954931241,5.4033637046813965,860600
2003-10-02,5.444770558535192,5.597969777891252,5.444770558535192,5.568985939025879,936200
2003-10-03,5.618670193038935,5.755306948877591,5.602108173993937,5.664216041564941,1138000
2003-10-06,5.66007504778796,5.77600917310855,5.631091615175226,5.751166343688965,776600
2003-10-07,5.734604923635548,5.796712398529053,5.713902300381148,5.796712398529053,184400
2003-10-08,6.024439925528415,6.024439925528415,5.8381171226501465,5.8381171226501465,373300
2003-10-09,5.87952258511365,5.96647328819424,5.792571882033059,5.858819961547852,263600
2003-10-10,5.867102108633177,5.887804735514835,5.776010787275741,5.883664131164551,93600
2003-10-13,5.896085175651979,5.999597908629871,5.858820528600781,5.954052448272705,2443500
2003-10-14,6.028582164635902,6.028582164635902,5.9333502382936345,5.962333679199219,892700
2003-10-15,6.003737270151175,6.049282721082004,5.817414468327312,5.854679107666016,432100
2003-10-16,5.867102740886646,5.916788813835061,5.796714038825608,5.817416667938232,289700
2003-10-17,5.742885047506238,5.817414324338952,5.722182426733856,5.7760090827941895,397400
2003-10-20,5.796713525985019,5.883664244669585,5.718044016160778,5.833978176116943,1334000
2003-10-21,5.883664282692708,5.941631560480289,5.842259027863039,5.912647724151611,640600
2003-10-22,5.908507476380792,5.908507476380792,5.817416153266063,5.833978176116943,214200
2003-10-23,5.722185571903987,5.730466782712524,5.593829963330581,5.635234832763672,870000
2003-10-24,5.643514484554349,5.726324595414147,5.593828418038471,5.709762573242188,523300
2003-10-27,5.726324176320558,5.726324176320558,5.631092654518957,5.701481342315674,116600
2003-10-28,5.755308888434322,5.999599047826839,5.755308888434322,5.862962245941162,517900
2003-10-29,5.829837587511801,5.86710223774488,5.804994750602931,5.8091349601745605,691100
2003-10-30,5.800852425999262,5.846397876739502,5.71390173286269,5.846397876739502,532800
2003-10-31,5.846398263390171,5.846398263390171,5.718042714238148,5.784290790557861,147200
2003-11-03,5.846399183220546,5.958193125751177,5.813275139849191,5.920928478240967,1495900
2003-11-04,5.920929392687585,5.995458304348737,5.883664739422106,5.937491416931152,125000
2003-11-05,5.90022460083058,5.90022460083058,5.796711888535306,5.813273906707764,624900
2003-11-06,5.8712433456831326,5.8712433456831326,5.771870804916498,5.817416667938232,1078700
2003-11-07,5.929209807316498,5.937491016314432,5.838118877557903,5.904366970062256,128100
2003-11-10,5.829836437788215,5.829836437788215,5.738745132390672,5.796712398529053,362200
2003-11-11,5.759447712574911,5.767728919762621,5.680778218640129,5.693199634552002,103900
2003-11-12,5.734604354060856,5.900224533906871,5.734604354060856,5.846397876739502,315500
2003-11-13,5.850541134548723,5.933351262045589,5.796714452958302,5.825697898864746,429300
2003-11-14,5.829837987736278,5.879524059834793,5.804995149121921,5.842259407043457,39800
2003-11-17,5.771868763454467,5.796711988576735,5.693199274495008,5.763587951660156,242500
2003-11-18,5.734604518075567,5.8753814775361946,5.718042499617276,5.763587951660156,114600
2003-11-19,5.771869217331462,5.771869217331462,5.734604969022247,5.755307197570801,47400
2003-11-20,5.742887399988254,5.871243385460279,5.7346065852089865,5.800854682922363,578400
2003-11-21,5.825694717735781,5.900223989221062,5.825694717735781,5.879521369934082,662400
2003-11-24,5.9209261346371225,6.05342225567831,5.916785532137188,6.041000843048096,1433300
2003-11-25,6.020299865914423,6.061705112457275,5.958192390969841,6.061705112457275,1025200
2003-11-26,5.9995972535326265,6.049283312552415,5.983035233859364,6.036861896514893,181100
2003-11-28,6.04514088075674,6.181777591532034,6.012016853591186,6.115529537200928,606900
2003-12-01,6.181782955650598,6.38880850251236,6.127956266082152,6.3598246574401855,352400
2003-12-02,6.285293233753694,6.314276672449243,6.23974737880956,6.305995464324951,51100
2003-12-03,6.281154342997509,6.297716368893969,6.272873132614357,6.293575763702393,239400
2003-12-04,6.252170896396166,6.355683656966501,6.16522016172229,6.293575763702393,929700
2003-12-05,6.314276609542258,6.384665298418537,6.243887920665979,6.372243881225586,194200
2003-12-08,6.388807315561185,6.401228735501594,6.334980635992985,6.363964080810547,339000
2003-12-09,6.550284955694599,6.583408995316415,6.47575606398036,6.525442123413086,186000
2003-12-10,6.591691411231226,6.591691411231226,6.380525323772956,6.401227951049805,3276000
2003-12-11,6.517159712951171,6.562705555175304,6.450911645937479,6.521300315856934,217700
2003-12-12,6.566847347646439,6.5709879515512375,6.43849178555546,6.455053806304932,536000
2003-12-15,6.724188966819376,6.724188966819376,6.4343533103800645,6.450915336608887,314700
2003-12-16,6.591115722315574,6.632595129900475,6.41690118194912,6.4915642738342285,75100
2003-12-17,6.533043542266031,6.620150805319472,6.483268019889877,6.6077070236206055,701800
2003-12-18,6.624298653891051,6.802660837842043,6.603558754664934,6.786069393157959,536900
2003-12-19,6.802659729172739,6.8690270794155,6.723848204074003,6.823400020599365,500800
2003-12-22,6.813288694356098,7.040819252180978,6.809075061328262,6.990257263183594,228300
2003-12-23,7.11666303934538,7.11666303934538,6.935480837490048,6.990257263183594,345200
2003-12-24,7.0534596991084175,7.120876215895468,7.0534596991084175,7.066100597381592,225300
2003-12-26,7.04081981261491,7.04081981261491,6.98604418622967,7.007111549377441,97100
2003-12-29,7.087165908509649,7.234639797720296,7.070312186019654,7.200931549072266,239000
2003-12-30,7.175652955426033,7.1925066835340274,7.095595536825211,7.099809169769287,400400
2003-12-31,7.185837225196498,7.1900535577788105,7.109930369328889,7.168968677520752,81000
2004-01-02,7.160533703890422,7.371385703211129,7.147883098706569,7.308130264282227,385000
2004-01-05,7.459946104847608,7.759355643838858,7.4262098074354,7.738270759582519,1518600
2004-01-06,7.759355310424856,7.822610764812606,7.5569375346493555,7.675014972686768,2891700
2004-01-07,7.818393076554458,7.818393076554458,7.582238241409191,7.599106788635254,685600
2004-01-08,7.65392774281733,7.708749715420966,7.514765449469254,7.687664031982422,676200
2004-01-09,7.742486411391014,7.784656171810623,7.611757580213036,7.717183589935303,1802100
2004-01-12,7.852131178577324,7.928037245600397,7.801526329558487,7.898518085479736,1860200
2004-01-13,7.928035115415596,7.932252252062128,7.729834519048006,7.772005081176758,544000
2004-01-14,7.772002499696071,7.772002499696071,7.295476673292018,7.565367698669434,4543700
2004-01-15,7.43885721026371,7.552717466584832,7.3334312257448415,7.379818916320801,821000
2004-01-16,7.303913424011716,7.459944263745507,7.2954791506560355,7.409339427947998,1554400
2004-01-20,7.56537049851973,7.6117573947181985,7.506331387565112,7.599106788635254,1581000
2004-01-21,7.5231982589822435,7.5231982589822435,7.409338003578747,7.464159965515137,568000
2004-01-22,7.413557134788138,7.443076289466705,7.312348259745919,7.329216003417969,2558700
2004-01-23,7.337651180798638,7.451511480865308,7.333434043277272,7.430426597595215,840000
2004-01-26,7.573802386703022,7.649709224700928,7.4978963530415506,7.649709224700928,1284900
2004-01-27,7.590672543274237,7.607541090563084,7.476812262084338,7.5527191162109375,860600
2004-01-28,7.607540486158914,7.607540486158914,7.27439394270148,7.295478820800781,1648000
2004-01-29,7.063541130793905,7.1057116864719045,6.747263169713581,6.920161724090576,3543200
2004-01-30,6.7978687711128645,6.958115935724503,6.662923218884996,6.730395793914795,1551200
2004-02-02,6.637623516692995,6.7894372747642,6.557499901619752,6.781002998352051,3695500
2004-02-03,6.793652775644366,6.958117104359677,6.793652775644366,6.937032222747803,1547500
2004-02-04,7.008721154697787,7.063542323298875,6.755698582249615,6.831605434417725,2699500
2004-02-05,6.818953315677208,6.86955814664281,6.5996670553871,6.620752334594727,1530900
2004-02-06,6.549063217529692,6.869558766501947,6.549063217529692,6.85269021987915,1764800
2004-02-09,6.974986178959442,7.101497086841636,6.852691604248149,6.894862174987793,658200
2004-02-10,6.983418033006524,7.00028657913208,6.894860578857008,7.00028657913208,1254000
2004-02-11,7.008722246223561,7.299697485735163,6.949683127377838,7.27439546585083,1498200
2004-02-12,7.295478854761828,7.379819976224729,7.236440552339724,7.308130264282227,2452300
2004-02-13,7.405121753631256,7.405121753631256,7.021371191511812,7.122580051422119,1380000
2004-02-17,7.105712879507346,7.126797758718231,7.0171546172811405,7.101495742797852,921300
2004-02-18,7.16896846182809,7.16896846182809,6.958116448244911,6.9834184646606445,610500
2004-02-19,6.797869408617187,6.8822097331456025,6.641838561517862,6.646055698394775,880000
2004-02-20,6.388814421393166,6.789433479309082,6.325558992337079,6.789433479309082,2513300
2004-02-23,6.734611486731019,6.806300780706301,6.700875206447998,6.726177215576172,226800
2004-02-24,6.726180539760796,6.751482963562012,6.679793231988349,6.751482963562012,213000
2004-02-25,6.751482208083942,6.958117104359677,6.747265070894232,6.937032222747803,1000400
2004-02-26,6.924379780531518,6.932814053655553,6.8063023698046905,6.907511234283447,403000
2004-02-27,6.962334061543966,7.059325801389627,6.962334061543966,7.0424580574035645,1930000
2004-03-01,7.177400892599519,7.375601444918125,7.177400892599519,7.324997425079346,1013100
2004-03-02,7.274394947252192,7.371386686841425,7.1689689335239,7.31656551361084,501100
2004-03-03,7.329217143911129,7.329217143911129,7.139450775303827,7.282830238342285,328700
2004-03-04,7.253309807226234,7.295479567742351,7.152100129845006,7.168968677520752,288700
2004-03-05,7.211137254070273,7.299694691940416,7.168966700845081,7.249090671539307,820700
2004-03-08,7.379821585840554,7.388255860693756,7.236442130683,7.253310680389404,595000
2004-03-09,7.274394687484293,7.278611824403229,7.126798112668011,7.168968677520752,312700
2004-03-10,7.122581046456005,7.16896874868818,6.797869543840674,6.802085876464844,443300
2004-03-11,6.823170552555887,6.823170552555887,6.549062723151699,6.574365139007568,895400
2004-03-12,6.721964696612464,6.856910312592746,6.721964696612464,6.827391147613525,560400
2004-03-15,6.818955700458947,6.818955700458947,6.654490947723389,6.654490947723389,758500
2004-03-16,6.776784017138198,6.789435428315755,6.6797922777868735,6.747264862060547,384800
2004-03-17,6.789434778716812,6.861124493190549,6.789434778716812,6.85269021987915,233800
2004-03-18,6.877991107373645,7.034021920696609,6.8020842686941725,7.004502773284912,747800
2004-03-19,7.017155416342265,7.017155416342265,6.915946536799253,6.937032222747803,230200
2004-03-22,6.797869712608798,6.852690885786967,6.721962451934815,6.721962451934815,572400
2004-03-23,6.797867313887822,6.852688467721592,6.671355659574218,6.726177215576172,573000
2004-03-24,6.68822744054174,6.717747003484891,6.565933257401271,6.578584671020508,358500
2004-03-25,6.57858743995976,6.747269004197262,6.57858743995976,6.60810661315918,350200
2004-03-26,6.637621424640949,6.747264570430844,6.633404287764036,6.646055698394775,103800
2004-03-29,6.81051778793335,6.8695568805682665,6.751479499634785,6.81051778793335,630900
2004-03-30,6.886427798670779,6.996070959246269,6.835822953660274,6.9749860763549805,428900
2004-03-31,7.004503967521563,7.168968276476555,6.974984815076983,7.084627151489258,858300
2004-04-01,7.143666649467646,7.257526128759087,7.143666649467646,7.164751529693604,815500
2004-04-02,7.278612603221005,7.299697485735163,7.177403719346963,7.27439546585083,978000
2004-04-05,7.232223415832925,7.350300825013677,7.2027042646218735,7.308130264282227,1039800
2004-04-06,7.261743998897655,7.320783117297499,7.2406591165427345,7.31234884262085,132700
2004-04-07,7.202704091561443,7.21113836437239,7.143665790557861,7.143665790557861,903500
2004-04-08,7.194269714611059,7.236440273718838,7.109929400732015,7.160533428192139,80800
2004-04-12,7.194270178814618,7.274394165855672,7.143666148089316,7.211138725280762,244800
2004-04-13,7.270174774309381,7.282826180235008,7.084624842415104,7.109927654266357,201000
2004-04-14,6.98763505450396,7.021371341863137,6.962333040068711,7.012937068939209,542800
2004-04-15,6.945465315785538,6.953899589707139,6.743047567686898,6.802085876464844,444600
2004-04-16,6.793651397066798,6.8990773924063244,6.789434260732835,6.835821151733398,738900
2004-04-19,6.840039389700386,6.8611250747661865,6.734613779549632,6.7767839431762695,278700
2004-04-20,6.764133211294942,6.781000954698782,6.565931797027588,6.565931797027588,492000
2004-04-21,6.578582596083544,6.629187028094245,6.2496531847615735,6.3592963218688965,1243600
2004-04-22,6.561715657627806,6.561715657627806,6.388816647115117,6.523762226104736,1574900
2004-04-23,6.5406309863382175,6.713529610890392,6.5406309863382175,6.692444324493408,603700
2004-04-26,6.726176513690255,6.755696057483631,6.553277994739929,6.561712265014648,209000
2004-04-27,6.574363268258586,6.688223101790302,6.5490608596025695,6.561712265014648,576800
2004-04-28,6.54484537015251,6.5785816533249895,6.283388572313466,6.3213419914245605,785900
2004-04-29,6.321342827080798,6.325559963576901,5.9839795485897085,6.09362268447876,1087000
2004-04-30,6.093622332699793,6.114707611794804,5.967111060297975,6.030366897583008,830000
2004-05-03,6.000850256263236,6.051455111500806,5.806866720582477,5.9924163818359375,1421700
2004-05-04,6.093623659465672,6.1653133826967785,6.04301921992048,6.102057933807373,768000
2004-05-05,6.224353798429093,6.249655824035531,6.0936253255676815,6.194834232330322,801700
2004-05-06,6.047236663994446,6.097841106107862,5.865903778128436,5.89542293548584,919700
2004-05-07,5.693003271337857,5.781561116089841,5.566492007096704,5.646615982055664,1186000
2004-05-10,5.334556230529776,5.431548374046348,5.115270327125571,5.267083644866943,1289500
2004-05-11,5.397812835894831,5.667703216280119,5.376727549385133,5.663486480712891,1062700
2004-05-12,5.621315681013172,5.621315681013172,5.347208173945689,5.520106792449951,887400
2004-05-13,5.368292521206196,5.62131511950858,5.368292521206196,5.549625396728516,1066300
2004-05-14,5.730958683415075,5.7436096935873335,5.558060069776881,5.608664512634277,456100
2004-05-17,5.330338398047187,5.431547255702754,5.330338398047187,5.355640411376953,398600
2004-05-18,5.515888207650801,5.562275502195964,5.423113216392207,5.5411906242370605,868400
2004-05-19,5.676136674222791,5.747826396729328,5.558059649810749,5.5707106590271,520800
2004-05-20,5.553842360188962,5.553842360188962,5.351424207443558,5.3767266273498535,437400
2004-05-21,5.330339305241512,5.423113906131381,5.296603013614591,5.368292331695557,178800
2004-05-24,5.49058619323281,5.5411906242370605,5.423113216392207,5.5411906242370605,259200
2004-05-25,5.579142909362954,5.688786029815674,5.545406626480304,5.688786029815674,315500
2004-05-26,5.642400622757026,5.684570789337158,5.604447191317062,5.684570789337158,396000
2004-05-27,5.756259739225051,5.916507315839466,5.735174859860447,5.886988162994385,286700
2004-05-28,5.996633603233809,5.996633603233809,5.878556142267781,5.962897300720215,382000
2004-06-01,5.8237346525332,5.8743391036987305,5.714091473923671,5.8743391036987305,232900
2004-06-02,5.946025891694251,5.962894033709159,5.903855335572868,5.908072471618652,242100
2004-06-03,5.827951150295902,5.832168288262768,5.735176528035323,5.752044677734375,245600
2004-06-04,5.8743385723315615,5.937594030024553,5.84060227460618,5.882772445678711,197100
2004-06-07,5.996629993376087,6.114706981093554,5.992412857558412,6.110489845275879,273000
2004-06-08,6.047235893249416,6.093623192065707,6.013499602806967,6.076755046844482,247000
2004-06-09,6.047236663994446,6.047236663994446,5.8574699055270445,5.89542293548584,284400
2004-06-10,5.886987177907959,5.962894017857367,5.874336171972467,5.929157733917236,53900
2004-06-14,5.7393919301861045,5.743609067173045,5.676136484055268,5.701438903808594,437600
2004-06-15,5.8237346525332,5.916509278585791,5.8237346525332,5.8743391036987305,642800
2004-06-16,5.899640502032143,5.94181107461181,5.815299759041194,5.937593936920166,296800
2004-06-17,5.916505336761475,6.000846032512712,5.861683783981131,5.916505336761475,161400
2004-06-18,5.853252756263942,5.929159620364204,5.853252756263942,5.920725345611572,154400
2004-06-21,5.908073933349876,5.9797636551922215,5.8616862297058105,5.8616862297058105,146600
2004-06-22,5.8996396911859135,5.8996396911859135,5.819516096898792,5.844818115234375,270500
2004-06-23,5.908072761433842,6.0809713261100855,5.886987482338831,6.030366897583008,656700
2004-06-24,6.144226595197682,6.152660867475076,6.093622168038037,6.106273174285889,411100
2004-06-25,6.093621704173383,6.156877534933896,6.076753563070888,6.110489845275879,387300
2004-06-28,6.085190493514532,6.09784150432697,5.950244903564453,5.950244903564453,212500
2004-06-29,5.992414279673471,6.0894060134887695,5.992414279673471,6.0894060134887695,106800
2004-06-30,6.068321919162012,6.215918107397725,6.068321919162012,6.2032670974731445,308400
2004-07-01,6.258086603188792,6.283388614654541,6.194830770187974,6.283388614654541,279700
2004-07-02,6.325559070290461,6.401465907827776,6.325559070290461,6.380380630493164,172400
2004-07-06,6.317126441690143,6.338211724509424,6.224351840754617,6.237002849578857,393400
2004-07-07,6.249654238878696,6.325561100781949,6.220135082435584,6.287607669830322,131700
2004-07-08,6.266520167442146,6.291822579842545,6.173745593699819,6.186396598815918,720500
2004-07-09,6.224350374025448,6.270737663562337,6.20748223217856,6.24965238571167,121500
2004-07-12,6.279173159531799,6.401467312301874,6.2707388858802,6.397250175476074,121600
2004-07-13,6.393032573428228,6.418334990373463,6.338211005187113,6.4014668464660645,125400
2004-07-14,6.4014658007532335,6.54062806579846,6.388814393263153,6.447853088378906,368000
2004-07-15,6.532194983470113,6.667140539423366,6.527977846872262,6.603884696960449,264200
2004-07-16,6.7599152708895245,6.831604981592356,6.7261785815867805,6.78521728515625,411200
2004-07-19,6.797869345790076,6.806302815129342,6.6629237821542,6.679791927337647,449200
2004-07-20,6.662923721193174,6.730396301309633,6.6418384393647045,6.713528156280518,384600
2004-07-21,6.713529427000052,6.713529427000052,6.506894510739996,6.536413669586182,368600
2004-07-22,6.460504615992801,6.498458037194928,6.363512897070246,6.409900188446045,328800
2004-07-23,6.388813606997903,6.494239576764654,6.333992456627171,6.350860595703125,119100
2004-07-26,6.418334190430647,6.452070474040756,6.211698950608452,6.270737648010254,208000
2004-07-27,6.350863318670759,6.435204050212081,6.287607468388518,6.414118766784668,344300
2004-07-28,6.414119913486054,6.578584671020508,6.414119913486054,6.578584671020508,164100
2004-07-29,6.616537570953369,6.641839995509404,6.553282112815876,6.616537570953369,162200
2004-07-30,6.612318922096627,6.738829801766394,6.612318922096627,6.641838073730469,74500
2004-08-02,6.553279762864924,6.662922893009978,6.5364116199324735,6.620752334594727,1013000
2004-08-03,6.612317949005336,6.658705237913186,6.612317949005336,6.633402824401856,191200
2004-08-04,6.595450825933029,6.667140539423366,6.557497400888936,6.603884696960449,1262500
2004-08-05,6.540627247950974,6.637618946904394,6.346643447875977,6.346643447875977,199600
2004-08-06,6.350863617760398,6.527978961254139,6.350863617760398,6.523762226104736,322200
2004-08-09,6.515327559223669,6.515327559223669,6.452072111938986,6.468940258026123,151000
2004-08-10,6.52376245993291,6.637622356414795,6.52376245993291,6.637622356414795,171900
2004-08-11,6.608102330821868,6.62918761322952,6.549063620514104,6.582799911499023,424200
2004-08-12,6.662925223223445,6.671359096555109,6.612320776728286,6.654490947723389,271100
2004-08-13,6.667139082942677,6.675572952127663,6.599666118621826,6.599666118621826,61300
2004-08-16,6.599667382806869,6.76413248835207,6.595450648490745,6.759915351867676,315200
2004-08-17,6.814737763732847,6.873776076637878,6.797870019047133,6.861125469207764,407600
2004-08-18,6.827388339004729,7.080410912983492,6.814736928787984,7.063542366027832,653000
2004-08-19,7.16896691355166,7.206920332146789,7.055106657766275,7.114145755767822,231300
2004-08-20,7.206921009027575,7.261742171960269,7.147882709817521,7.228005886077881,327000
2004-08-23,7.211136488662422,7.211136488662422,7.093059113032188,7.109927654266357,401100
2004-08-24,7.211138376854471,7.358734933955432,7.06354181975351,7.0930609703063965,300500
2004-08-25,7.122579519410948,7.194269223701385,7.063541223290515,7.156315803527832,302100
2004-08-26,7.076192969405343,7.118362723313047,7.000286125433079,7.008720397949219,137500
2004-08-27,7.063540965611018,7.076192373319497,7.0213704109191895,7.0213704109191895,290000
2004-08-30,7.034022600626796,7.122580051422119,6.958115754609935,7.122580051422119,106800
2004-08-31,7.152101101896805,7.190054534988912,7.10149706066515,7.177403926849365,1602100
2004-09-01,7.156316338058889,7.202704033810641,7.05089034177692,7.122580051422119,432800
2004-09-02,7.067759804476148,7.185837225196498,7.063542667557211,7.168968677520752,286300
2004-09-03,7.177402077465126,7.219572637183338,7.135231517746914,7.143665790557861,323200
2004-09-07,7.2322234493831505,7.329215176479848,7.211138571087885,7.320781707763672,115400
2004-09-08,7.333433878484663,7.350302428191068,7.253310680389404,7.253310680389404,692300
2004-09-09,7.270178873211398,7.274396010897548,7.139450822287825,7.240659713745117,382400
2004-09-10,7.202701648797391,7.202701648797391,7.131011962890625,7.131011962890625,764300
2004-09-13,7.156316922544935,7.22800663804533,7.105712890625,7.105712890625,272700
2004-09-14,7.118364695748332,7.253310680389404,7.101496950378648,7.253310680389404,176600
2004-09-15,7.2954808469807135,7.350302832203117,7.2575274123919,7.282830238342285,481100
2004-09-16,7.375605914351137,7.459947070972928,7.312350449053234,7.443078517913818,291700
2004-09-17,7.510549490255119,7.582239216512237,7.481030333149842,7.5485029220581055,202400
2004-09-20,7.68766324866228,7.68766324866228,7.56115237826792,7.586454391479492,381900
2004-09-21,7.594888108469146,7.645492131190871,7.514764134100569,7.611755847930908,198500
2004-09-22,7.620192704151592,7.624409841531347,7.443076955885423,7.510549545288086,1024200
2004-09-23,7.573803085507115,7.594888767083376,7.489462772211597,7.514764785766602,279400
2004-09-24,7.548501951293667,7.632843078750778,7.531634208404206,7.599106788635254,175800
2004-09-27,7.573801164824739,7.603321111545378,7.531631421039294,7.565367698669434,552100
2004-09-28,7.531634018022873,7.746703163699138,7.514765471223206,7.696098327636719,239200
2004-09-29,7.717182969028304,7.831043243408202,7.6960980905149405,7.831043243408203,312200
2004-09-30,7.80573896337632,7.839475241810565,7.767785549595755,7.818390369415283,280300
2004-10-01,7.885866809131873,8.079850304558413,7.885866809131873,8.062982559204102,1403600
2004-10-04,8.143106333695656,8.223230341726778,8.138889195974356,8.21479606628418,1127200
2004-10-05,8.20214350377698,8.294918098537112,8.159972940945435,8.252747535705566,1055100
2004-10-06,8.214793285398391,8.22744469427951,8.138886440784681,8.189491271972656,281500
2004-10-07,8.12623775154354,8.185276064897385,8.07563290842832,8.138888359069824,278000
2004-10-08,8.265398093281679,8.269615229563495,8.151537826682148,8.18105697631836,436900
2004-10-11,8.214794147844849,8.223228421317751,8.155755842207713,8.210577011108398,109700
2004-10-12,8.15997315084481,8.15997315084481,8.033461459095907,8.105151176452637,499500
2004-10-13,8.079849185343782,8.079849185343782,7.742486281621611,7.839478015899658,772100
2004-10-14,7.691881572816213,7.776222702328675,7.670796692606408,7.717183589935303,533900
2004-10-15,7.767786695476323,7.9322509765625,7.767786695476323,7.9322509765625,354800
2004-10-18,7.936470085789351,7.96598924057125,7.843695484426721,7.957555770874023,327000
2004-10-19,7.936470406411597,8.003942992735059,7.687664942717573,7.729835510253906,315500
2004-10-20,7.637060905143313,7.729835510253906,7.56958831881985,7.729835510253906,512300
2004-10-21,7.772003985640445,7.911166258013508,7.772003985640445,7.881647109985352,323400
2004-10-22,8.00815756166997,8.012374697504816,7.763569313603806,7.801522731781006,372500
2004-10-25,7.696096280846411,7.767785977005832,7.670794271712605,7.750917434692383,314800
2004-10-26,7.759353586012375,7.852128982543945,7.729834434147444,7.852128982543945,239900
2004-10-27,7.898514331042788,7.9575534275575714,7.843693174639496,7.919600009918213,288400
2004-10-28,7.852128926258123,7.8985158198548335,7.801524091754871,7.831043243408203,155700
2004-10-29,7.864781847415346,7.940688719352712,7.847914100505261,7.923820972442627,504200
2004-11-01,7.873215026180382,7.9870753182239635,7.868997888956174,7.982858180999756,988700
2004-11-02,8.008155920666118,8.096714146378009,7.982853915178258,7.991288185119629,588100
2004-11-03,8.159974240298476,8.168408515075134,8.084067375981986,8.096718788146973,880400
2004-11-04,8.138887399534486,8.21479425308992,8.126236793499647,8.193709373474121,1057800
2004-11-05,8.21057612595457,8.248529548154414,8.13045294960957,8.18105697631836,487400
2004-11-08,8.079848347420459,8.10936749789278,7.974422350398442,8.046112060546875,261900
2004-11-09,7.991293570196825,8.100935935974121,7.991293570196825,8.100935935974121,950500
2004-11-10,8.189491248881993,8.206358989672754,8.134670085891386,8.18105697631836,152000
2004-11-11,8.147323471416954,8.21479606628418,8.134672862589834,8.21479606628418,611000
2004-11-12,8.223228200866188,8.41299532723619,8.223228200866188,8.408778190612793,547000
2004-11-15,8.434080123901367,8.476250685388186,8.37082468383942,8.434080123901367,422400
2004-11-16,8.328652565178729,8.328652565178729,8.210575175959391,8.235877990722656,545100
2004-11-17,8.434081099090093,8.459383117173102,8.4003448068672,8.44251537322998,212800
2004-11-18,8.40034308890431,8.40034308890431,8.227444526079559,8.345521926879883,192500
2004-11-19,8.324436232443977,8.332870504845387,8.19792536376878,8.286482810974121,786500
2004-11-22,8.316003508089382,8.493119239807129,8.227446044398826,8.493119239807129,222900
2004-11-23,8.434079294006207,8.434079294006207,8.353955315498933,8.370823860168457,232300
2004-11-24,8.412998150520192,8.46781933634843,8.370827574470942,8.391912460327148,248800
2004-11-26,8.543724742321029,8.687104193616246,8.543724742321029,8.674452781677246,257400
2004-11-29,8.615411753805665,8.649148037344833,8.52685350680507,8.560589790344238,799800
2004-11-30,8.687102157362721,8.79252815246582,8.682885021038215,8.79252815246582,721400
2004-12-01,8.855786276437003,8.940127419852057,8.834701392751617,8.897956848144531,541700
2004-12-02,8.88108370077266,8.885300836194247,8.754572855470345,8.800960540771484,414100
2004-12-03,8.935908246512309,8.982295140919872,8.919039699937507,8.96542739868164,1710300
2004-12-06,8.940126228240187,8.986513127032568,8.902172799195826,8.982295989990234,287800
2004-12-07,8.817831315133688,8.864219016411546,8.63649845123291,8.63649845123291,724900
2004-12-08,8.552157068448421,8.703969955444336,8.509986509263134,8.703969955444336,574400
2004-12-09,8.505768831329933,8.556373659997462,8.349738013580149,8.47203254699707,1008900
2004-12-10,8.488901877987864,8.661801272477168,8.488901877987864,8.63649845123291,652400
2004-12-13,8.733491812433959,8.822050094604492,8.712406928474518,8.822050094604492,323000
2004-12-14,8.881088297726818,8.910607456621062,8.817832842333905,8.897956848144531,214200
2004-12-15,8.952777836965573,9.024467566034996,8.897956657953303,9.003382682800293,615600
2004-12-16,8.965428204939444,9.070854217503166,8.965428204939444,9.024466514587402,348900
2004-12-17,9.07928848067414,9.083505617692037,8.982295937935842,9.020249366760254,250300
2004-12-20,9.058202683803382,9.155194421008128,9.053985546837527,9.150978088378906,474400
2004-12-21,9.11302531972352,9.2774896516144,9.108808182452384,9.273272514343262,399300
2004-12-22,9.23110110172196,9.29435735066711,9.17206279399888,9.256403923034668,783600
2004-12-23,9.196531004225225,9.330063540473176,9.187915789862888,9.32144832611084,335600
2004-12-27,9.338675930914365,9.390365558273832,9.325753113278587,9.355905532836914,412500
2004-12-28,9.38606215394929,9.476519445198331,9.347294508673382,9.472211837768556,513700
2004-12-29,9.48082464970603,9.562667526944486,9.446364620593824,9.51959228515625,421100
2004-12-30,9.571281956735104,9.571281956735104,9.49805429187654,9.554052352905272,422500
2004-12-31,9.566975060528648,9.627280732389256,9.558360668770243,9.5798978805542,596100
2005-01-03,9.61435834688613,9.631588774365596,9.32575525934107,9.330062866210938,1406500
2005-01-04,9.351597950944246,9.351597950944246,8.873465199479641,8.929462432861328,4280600
2005-01-05,9.015612534251831,9.04576495263928,8.843312413758012,8.851926803588867,1184800
2005-01-06,8.83469888359034,8.877774127309017,8.675320728308817,8.774394035339355,2300800
2005-01-07,8.920847178735645,8.968230021704946,8.76577747540379,8.895002365112305,1109000
2005-01-10,8.93808015571913,8.959617369626212,8.765779979686327,8.847622871398926,732900
2005-01-11,8.791623639871663,8.851928488122647,8.701166367495185,8.774394035339355,1313100
2005-01-12,8.808853090398806,8.916540776972914,8.64085974066074,8.873465538024902,1468800
2005-01-13,8.895002868311018,9.01992098080889,8.886387656085263,8.976845741271973,581900
2005-01-14,8.929463567394773,9.123301749097608,8.916541569675864,9.097456932067873,845700
2005-01-18,8.847623467026256,8.942388364825916,8.800240607330375,8.903620719909668,1429200
2005-01-19,8.946692001856823,8.972536813134223,8.800236701965332,8.800236701965332,1173100
2005-01-20,8.735628783548133,8.735628783548133,8.528867721557617,8.528867721557617,1628400
2005-01-21,8.79593013256641,8.929462631752225,8.731317685966292,8.869157791137695,1252000
2005-01-24,9.002692781433916,9.067305245912769,8.955310745665189,9.019923210144045,383200
2005-01-25,9.088840256694905,9.153452699668325,9.015612602233888,9.015612602233888,772200
2005-01-26,9.093148602969787,9.200836290559325,9.080225784685975,9.1749906539917,554600
2005-01-27,9.067302620056775,9.08453304377704,8.963922542510673,8.998382568359375,829200
2005-01-28,9.02853559256534,9.054381229875604,8.942385932973432,9.050073623657228,660700
2005-01-31,9.166376514165016,9.31283183902081,9.157761301740116,9.278371810913086,398100
2005-02-01,9.222374986134486,9.355907510225917,9.222374986134486,9.291295051574709,430100
2005-02-02,9.265449432996917,9.45498000740056,9.265449432996917,9.429134368896484,578200
2005-02-03,9.424828615498122,9.532516332328544,9.38606179330388,9.52390193939209,952800
2005-02-04,9.622971617410562,9.795271749451786,9.61004879941053,9.69189167022705,1481100
2005-02-07,9.778039565903022,9.90295682056116,9.734964338865462,9.898649215698242,642100
2005-02-08,9.846963813651492,9.950343909818905,9.829733386827606,9.911576271057127,704600
2005-02-09,9.821119288294916,10.032187932887885,9.821119288294916,9.950345039367676,684900
2005-02-10,9.864193810635296,9.907269057813757,9.799581350663606,9.894346237182615,834800
2005-02-11,9.907265136791583,10.07525763054958,9.842652702391712,10.01926040649414,597500
2005-02-14,10.144182344930083,10.208795630697788,10.07956988075444,10.148489952087402,880200
2005-02-15,10.148488325579317,10.195871175123656,10.122643508369643,10.157103538513184,646500
2005-02-16,10.070951301159422,10.165716983769656,10.036491277008004,10.161409378051758,580500
2005-02-17,10.286329722396612,10.402632646657937,10.264792508981712,10.333712577819824,800200
2005-02-18,10.32940547360201,10.38109593854264,10.247563401368108,10.286330223083496,723100
2005-02-22,10.264791769040135,10.531857632730294,10.251868948967523,10.273406982421877,1296300
2005-02-23,10.518931247198552,10.592158892938423,10.432780785766342,10.514623641967772,670900
2005-02-24,10.777381325088037,10.86783856609016,10.729998491272646,10.8549165725708,1235100
2005-02-25,10.859225498623449,10.975528392795036,10.807535871163951,10.932453155517578,901800
2005-02-28,11.195213166356822,11.195213166356822,10.738617549505888,10.794614791870115,1389600
2005-03-01,10.712773118417404,10.768770362803512,10.467244464008225,10.510319709777832,1242200
2005-03-02,10.368170528835638,10.67400399174293,10.368170528835638,10.656773567199709,1195500
2005-03-03,10.807537254618886,10.85492010384867,10.56631704521547,10.717079162597656,1093100
2005-03-04,10.880763742257084,11.027219058928472,10.85922571239845,11.00137424468994,1135100
2005-03-07,11.096140865420129,11.134908503702402,10.936762705638348,10.966915130615234,1081200
2005-03-08,10.833380656823005,10.885071105740376,10.708463372793052,10.798920631408691,782900
2005-03-09,10.661087355709348,10.790312328353735,10.467249075150423,10.506016731262209,804300
2005-03-10,10.497397957796776,10.52755038406634,10.20879487242926,10.350942611694336,1363000
2005-03-11,10.618007301771788,10.618007301771788,10.187256491788414,10.273406982421877,935400
2005-03-14,10.092488772833544,10.144178395412483,9.864190611933298,10.045105934143066,2336500
2005-03-15,10.040800969947105,10.096799034328562,9.799580750743774,9.838348388671877,1174400
2005-03-16,9.7521992163596,9.997727075328164,9.73927721636677,9.950345039367676,1348400
2005-03-17,9.84265535636103,10.251868098961276,9.82111732469245,10.243253707885742,974600
2005-03-18,10.260481074288942,10.264788679683368,10.03649052332915,10.101103782653809,378500
2005-03-21,10.014955866990157,10.079568321168482,9.933112986848585,9.958958625793455,754300
2005-03-22,10.01926173889719,10.217406673619152,9.58420341774774,9.670353889465332,1717200
2005-03-23,9.7263515098092,9.769426747390067,9.42482566833496,9.42482566833496,1369500
2005-03-24,9.61004914710436,9.752196863880288,9.584204331761065,9.640201568603516,1668900
2005-03-28,9.605742626418117,9.635895872916524,9.446365288600632,9.510977745056152,553600
2005-03-29,9.666046626915277,9.666046626915277,9.351597969095746,9.390365600585938,1272200
2005-03-30,9.47221017397872,9.734968429897132,9.454980568878083,9.709123611450195,2084200
2005-03-31,9.877117232274848,9.950344910456428,9.734969483050842,9.812504768371582,993900
2005-04-01,10.079567397009876,10.152795057455847,9.911574867230463,9.993417739868164,1242600
2005-04-04,9.765120719429012,9.89003802484804,9.765120719429012,9.838348388671877,1241700
2005-04-05,10.006339010801804,10.036491429694037,9.73927402496338,9.73927402496338,830300
2005-04-06,9.842653618197016,9.946033687174095,9.756503149920238,9.790963172912598,545000
2005-04-07,9.790965259019496,9.958958625793455,9.773735654648178,9.958958625793455,359000
2005-04-08,9.902962654494798,10.00634276733222,9.85988740208118,9.868502616882324,316800
2005-04-11,9.933113623419828,9.933113623419828,9.846963952858404,9.915884017944336,171200
2005-04-12,9.881422446151271,10.014954948755628,9.691891885892543,9.993417739868164,1192800
2005-04-13,10.01064915808686,10.049416798388274,9.842656597842067,9.894346237182615,675000
2005-04-14,9.786656305692034,9.786656305692034,9.390365600585938,9.390365600585938,1571000
2005-04-15,9.364523523295512,9.446366416090068,9.118995666503906,9.118995666503906,1237300
2005-04-18,9.084534855254043,9.291295051574709,9.04576721574492,9.291295051574709,1331800
2005-04-19,9.407596961045517,9.627279954170072,9.381752144675538,9.618664741516112,1160800
2005-04-20,9.648819199953184,9.756506916072286,9.433443767714978,9.454981803894045,966900
2005-04-21,9.424825291547728,9.691891096598836,9.424825291547728,9.670353889465332,592000
2005-04-22,9.846962431931846,9.846962431931846,9.433441283695265,9.536821365356444,619200
2005-04-25,9.532514309847516,9.786657333374023,9.515284706038075,9.786657333374023,457300
2005-04-26,9.700506394504286,9.864191306315728,9.696198788720856,9.73927402496338,462400
2005-04-27,9.72634983062744,9.765117455598098,9.605739350541882,9.72634983062744,307900
2005-04-28,9.622971842001364,9.653124263113323,9.282678354384968,9.304216384887695,503600
2005-04-29,9.450671011813336,9.47220821914236,9.21806522901926,9.411903381347656,418700
2005-05-02,9.454975380482944,9.571277410469682,9.321442111667242,9.528203010559082,481500
2005-05-03,9.53251516817496,9.670356119021491,9.47651792376229,9.584205627441406,623600
2005-05-04,9.70481559397904,9.980495836655589,9.661740350662846,9.958958625793455,569900
2005-05-05,9.976189860945402,10.079569968848372,9.803889681107115,9.950345039367676,890600
2005-05-06,10.101105658827937,10.165718108561956,9.993417968740609,10.070952415466309,625900
2005-05-09,10.088183478226105,10.157103538513184,10.002032992071296,10.157103538513184,744200
2005-05-10,10.079568032014055,10.079568032014055,9.760812555165511,9.821117401123049,515700
2005-05-11,9.752197093664034,9.842655181884766,9.562667347891626,9.842655181884766,722600
2005-05-12,9.82973254716612,9.82973254716612,9.42051980415764,9.51959228515625,760400
2005-05-13,9.381753889191469,9.519594030918276,9.261143354384483,9.347293853759766,875700
2005-05-16,9.291292914503636,9.562666328649458,9.291292914503636,9.545435905456545,488900
2005-05-17,9.269757079181844,9.6488174080234,9.269757079181844,9.592820167541504,344100
2005-05-18,9.756501541588433,9.907264425424078,9.722041524276708,9.898649215698242,481100
2005-05-19,9.915883382477263,9.958958625793455,9.790965259019496,9.958958625793455,567400
2005-05-20,9.907267632561354,9.911575238818711,9.790964728388364,9.842655181884766,349200
2005-05-23,9.816810616347714,9.877115462305252,9.78665737177704,9.821117401123049,1113000
2005-05-24,9.756504440766484,9.967572212219238,9.730659625500722,9.967572212219238,1030000
2005-05-25,9.993420289725265,10.010649896913058,9.907269789010089,9.950345039367676,1269000
2005-05-26,9.971883184405684,10.10110894753882,9.971883184405684,10.08387851715088,546800
2005-05-27,10.139875685867857,10.312175866349843,10.114030042601508,10.286330223083496,698200
2005-05-31,10.48016839948341,10.48016839948341,10.122645218255515,10.247563362121582,1345200
2005-06-01,10.144181454151298,10.40693971652998,10.144181454151298,10.346634864807127,1035700
2005-06-02,10.389712115078217,10.686929645835711,10.372481684638402,10.618009567260742,1207200
2005-06-03,10.730003363235726,10.730003363235726,10.506012729158384,10.596470832824709,521100
2005-06-06,10.200179311861024,10.316482227738607,10.053723970739318,10.273406982421877,580000
2005-06-07,10.07956950343455,10.230332461928748,10.019264648673682,10.036494255065918,976500
2005-06-08,10.161410953626929,10.213100587072889,9.954650776659271,9.984803199768066,751100
2005-06-09,9.747888123295828,9.88572903946627,9.696198498624712,9.829730987548828,1091800
2005-06-10,9.821118834814786,10.06664750403838,9.821118834814786,10.036494255065918,568700
2005-06-13,10.16571799829621,10.191562813591108,10.062337915524749,10.096797943115234,249500
2005-06-14,10.12264181267614,10.428474426269531,9.90295884921428,10.428474426269531,1594500
2005-06-15,10.139875466604716,10.372480499827567,10.12264503813307,10.342328071594238,1154500
2005-06-16,10.506008712535047,10.63092680279406,10.441396275528394,10.62231159210205,789500
2005-06-17,10.760155284508825,10.854920990710884,10.72569525177862,10.777385711669922,1032200
2005-06-20,10.773077506842776,10.781692719945074,10.65677459473756,10.72569465637207,836800
2005-06-21,10.773078148299314,10.83338300042223,10.600777983953844,10.68262004852295,1122300
2005-06-22,10.730004900343102,10.730004900343102,10.527552272228151,10.618009567260742,1240600
2005-06-23,10.57493310481709,10.626623568639973,10.333712857358416,10.342328071594238,1946900
2005-06-24,10.346631002136489,10.39832062100412,10.256172936730612,10.31217098236084,1495900
2005-06-27,10.213104107273704,10.618010209590276,10.213104107273704,10.57062816619873,508200
2005-06-28,10.518935444719936,10.68262040084866,10.518935444719936,10.626623153686523,372200
2005-06-29,10.751539145994885,10.76015435883428,10.618006633351866,10.678312301635742,251300
2005-06-30,10.695541241100756,10.760153690197392,10.622313579700071,10.69123363494873,273400
2005-07-01,10.747232689127818,10.786000326496223,10.704157445208264,10.72569465637207,366900
2005-07-05,10.574932167636256,10.699850298208927,10.454322465391725,10.510319709777832,557800
2005-07-06,10.398321197795289,10.510316473676404,10.325093549011164,10.432781219482422,1374200
2005-07-07,10.312172581297348,10.510317520332434,10.303557369619698,10.501702308654783,504200
2005-07-08,10.574929237365724,10.648156888405376,10.49739480237528,10.574929237365724,1018600
2005-07-11,10.682622179113215,10.81184794433968,10.682622179113215,10.79030990600586,1582100
2005-07-12,10.790303704921245,10.966911409803044,10.790303704921245,10.936758995056152,498800
2005-07-13,10.988454818725586,11.10045014378606,10.958302389207782,10.988454818725586,1375900
2005-07-14,11.117679751399624,11.12629496600245,10.923842352388569,10.988454818725586,751800
2005-07-15,10.82045866078752,10.889378711616144,10.78169102949744,10.798920631408691,489400
2005-07-18,10.717080211709805,10.86353555858232,10.704158212721758,10.816153526306152,252200
2005-07-19,10.682619798318642,10.850613173513787,10.682619798318642,10.837690353393556,916500
2005-07-20,10.70415638544635,11.01860423822098,10.665388751916124,10.98414421081543,432700
2005-07-21,11.078912278593885,11.104757922802014,10.923842521305586,11.027222633361816,639700
2005-07-22,10.949685342404829,10.98414537345788,10.730002336344636,10.794614791870115,525100
2005-07-25,10.398322671139656,10.518933174929858,10.187254905700684,10.187254905700684,2032000
2005-07-26,10.12264181267614,10.44570484925091,10.12264181267614,10.428474426269531,2289400
2005-07-27,10.47155047295842,10.682618241272872,10.316480762077676,10.6524658203125,853400
2005-07-28,10.730000608382891,11.005680812411711,10.730000608382891,10.932453155517578,1733700
2005-07-29,11.07029696832769,11.113371395255198,10.906611188271851,10.928149223327637,1574200
2005-08-01,11.022912460168516,11.23398024251833,10.962607614237683,11.169367790222168,1097700
2005-08-02,11.333053903108166,11.531199708566744,11.311516690632926,11.509661674499512,1310100
2005-08-03,11.759498613911829,11.811189080654325,11.587198427423672,11.62596607208252,1748000
2005-08-04,11.686268904859816,11.742266969250124,11.505353535030736,11.522583961486816,1122400
2005-08-05,11.71642157977182,11.71642157977182,11.436432914658663,11.505352973937988,431700
2005-08-08,11.65180592877156,11.746571607145908,11.522581049377854,11.587193489074709,351300
2005-08-09,11.65611642249292,11.99640994898956,11.630271604528602,11.983487129211426,798300
2005-08-10,12.155790132641144,12.285015895919756,12.022257583352838,12.082562446594238,1342400
2005-08-11,12.091174051260138,12.173016928071664,11.526890769394344,11.660423278808594,2891100
2005-08-12,11.33305482322092,11.67334839478316,11.246905144733612,11.638888359069824,1001100
2005-08-15,11.854261902898116,12.022254447591504,11.742266599238546,11.940411567687988,446500
2005-08-16,12.129943705072131,12.129943705072131,11.66042521923925,11.69488525390625,1505100
2005-08-17,11.837032669956198,11.837032669956198,11.73365256883424,11.781035423278809,601100
2005-08-18,11.759497334717596,11.781035369180776,11.44935703277588,11.44935703277588,1018300
2005-08-19,11.531199311608374,11.591504161736662,10.811845430366214,11.130600929260254,2389700
2005-08-22,11.41059010897394,11.681963609109507,11.41059010897394,11.638888359069824,1032000
2005-08-23,11.501043855355991,11.513965850353811,11.298590503411502,11.38904857635498,674100
2005-08-24,11.242594859683171,11.40627978493519,11.216750044452194,11.246902465820312,1498400
2005-08-25,11.61734965077315,11.669040112147034,11.33305416719682,11.647502899169922,747700
2005-08-26,11.634581163446551,11.64319637807764,11.363207653711928,11.488125801086426,1421600
2005-08-29,11.479508474261076,11.725036294926078,11.449356050192312,11.677654266357422,703400
2005-08-30,11.781033093450176,11.819800726403184,11.660422588530604,11.768110275268556,713800
2005-08-31,11.888723707410298,12.11702113368699,11.888723707410298,12.099791526794434,1417400
2005-09-01,12.27208926955038,12.27208926955038,12.039484282288996,12.147171974182127,1249700
2005-09-02,12.276397953862729,12.405622866845553,12.23763031564949,12.384085655212402,1867600
2005-09-06,12.534847138838463,12.664072036743164,12.431467056196334,12.664072036743164,1366300
2005-09-07,12.616691877597049,12.70714915518506,12.577924238175903,12.629613876342772,938500
2005-09-08,12.633920986571704,12.724379082196432,12.612383775113983,12.676996231079102,609900
2005-09-09,12.698532793543166,12.991443455313108,12.28501243922695,12.952675819396973,505000
2005-09-12,12.944058896991212,12.99574934524952,12.814834008733143,12.892369270324709,1299900
2005-09-13,12.883756675643369,12.900987102426596,12.638228845126122,12.655458450317385,846400
2005-09-14,12.74160580292866,12.780373432050906,12.664070544684163,12.776065826416016,939700
2005-09-15,12.94836534902097,13.133588274853512,12.94836534902097,13.051745414733888,876100
2005-09-16,13.146517060215,13.28866481781006,13.116364630057276,13.28866481781006,1046200
2005-09-19,13.24989415387578,13.448039119246086,13.22835612181906,13.383426666259766,869700
2005-09-20,13.49542139218275,13.542804239093272,13.353273673043065,13.361888885498049,963600
2005-09-21,13.525573131054305,13.999399111452608,13.491113104566711,13.934785842895508,1354000
2005-09-22,13.93478422388466,13.93478422388466,13.628951627039354,13.844326972961426,1397400
2005-09-23,13.95202032001609,14.05970803677223,13.85294781778254,14.04247760772705,1195000
2005-09-26,13.986473296148382,14.158772559949927,13.870170430411145,14.128620147705078,1447200
2005-09-27,14.00370386444333,14.10708475050115,13.83571136238488,13.95632266998291,2098000
2005-09-28,14.068323771004955,14.43015457839966,14.068323771004955,14.326773643493652,2058600
2005-09-29,14.382767567891843,14.421535201896289,14.145854979279695,14.408613204956056,1640800
2005-09-30,14.39138777226889,14.421540204377742,14.257854399226614,14.352620124816896,930900
2005-10-03,14.365534849502108,14.580910194431276,14.365534849502108,14.524913787841797,1024400
2005-10-04,14.468921689082396,14.537841762078958,14.038170822057833,14.04247760772705,1921800
2005-10-05,13.8701772665483,13.891714479740548,13.396351181990685,13.443733215332031,2591700
2005-10-06,13.112056422016783,13.245588958709217,12.599462668040472,12.77176284790039,3449100
2005-10-07,13.01728936674185,13.508345855777376,13.01728936674185,13.353275299072266,2894800
2005-10-10,13.56434334836941,13.676338661193848,13.310200296497031,13.460963249206545,1561600
2005-10-11,13.641873888695596,13.779713973024512,13.53418622011467,13.628951072692873,2540300
2005-10-12,13.667720002839594,13.697872421463746,13.04313195844732,13.146512031555176,2505300
2005-10-13,12.732994890513025,13.180976168685769,12.732994890513025,13.159438133239746,2797400
2005-10-14,13.206819357084113,13.267124205694376,12.75022374276651,13.168051719665527,2198500
2005-10-17,13.34896353724442,13.508341651092604,13.301580699312742,13.404961585998535,1219300
2005-10-18,13.560034432900192,13.568649645730336,12.935446291369342,13.02159595489502,966200
2005-10-19,13.137900281074115,13.219743168608536,12.599461744964522,13.202512741088867,2735300
2005-10-20,13.20251056566771,13.262816230457783,12.405621499213144,12.50038719177246,2314300
2005-10-21,12.707148974665884,12.900987169017917,12.5003887817517,12.853604316711426,1509600
2005-10-24,13.01729342601522,13.267128944396973,12.931143728885926,13.267128944396973,2280900
2005-10-25,13.340350042271655,13.417885306462804,13.034517413064156,13.137897491455078,1239900
2005-10-26,12.99144437373748,13.310199874788486,12.948369128386378,13.180974960327148,899100
2005-10-27,13.133594504074267,13.150824933994622,12.711458830131022,12.801916122436523,1370000
2005-10-28,12.93114363205425,13.180979148565171,12.900991197205174,13.12928867340088,1148200
2005-10-31,13.155128983665987,13.654799813930454,13.155128983665987,13.603109359741213,1527300
2005-11-01,13.784028173994576,13.973557969840687,13.69787766927027,13.921868324279783,1407000
2005-11-02,13.964941748732222,14.085553103928646,13.870177679229997,14.01663303375244,1272300
2005-11-03,14.132928574130473,14.322458257267144,14.076930532882937,14.128620147705078,2698500
2005-11-04,14.19323609542904,14.19323609542904,13.74094736104357,13.990782737731934,1309200
2005-11-07,14.141544252813908,14.214771072641966,13.99078054340622,14.07693099975586,1533800
2005-11-08,13.982164501146553,14.253537847379915,13.93478167081561,14.244922637939451,1060200
2005-11-09,14.283694950747735,14.322462584372635,14.102780422620691,14.171700477600098,1187400
2005-11-10,14.10708236694336,14.214770018599417,13.891707063631246,14.10708236694336,2082300
2005-11-11,14.02524631124522,14.193238856403449,13.990785459323602,14.115703582763672,936000
2005-11-14,13.840021240794728,13.92186328691852,13.564340218382137,13.814175605773926,2049100
2005-11-15,13.788329645599578,14.04247263283502,13.740947625695735,13.771100044250488,1075200
2005-11-16,13.848638487541026,14.081242664175246,13.814177635782562,14.051090240478516,673700
2005-11-17,14.210474005150331,14.438771473861154,14.210474005150331,14.378466606140137,917200
2005-11-18,14.223389825336088,14.279387882388756,14.042473657621189,14.163084983825684,1389800
2005-11-21,14.580911783377676,14.645525051171012,14.176006682332591,14.253541946411133,608800
2005-11-22,13.904633893863211,14.361230287294823,13.792639420175163,14.343999862670898,1889400
2005-11-23,14.641223969146886,14.641223969146886,14.365542009950824,14.54645824432373,1448700
2005-11-25,14.589527492677568,14.68859996833688,14.537837862590903,14.667062759399414,856700
2005-11-28,14.908282727756871,14.916897939365285,14.451686371612732,14.499069213867188,1336100
2005-11-29,14.56799351714692,14.774753726568283,14.56799351714692,14.649835586547852,867800
2005-11-30,14.46030328257528,14.667063455924485,14.46030328257528,14.559375762939451,788700
2005-12-01,14.770445819001148,15.033204078674316,14.731678179980776,15.033204078674316,2061900
2005-12-02,15.14088385819826,15.261493497280355,15.076270612585372,15.227032661437988,1551100
2005-12-05,15.248571395874023,15.265800170488328,15.119344905576703,15.248571395874023,884900
2005-12-06,15.31319161211106,15.528567026186275,15.29165439934034,15.515645027160645,1160800
2005-12-07,15.606097948193966,15.606097948193966,14.990124304514946,15.003047943115234,2238800
2005-12-08,15.050425775169236,15.059040984581737,14.697210405172646,14.761823654174805,2082200
2005-12-09,14.697217782943277,14.826442702633274,14.645528143704077,14.817829132080078,1337200
2005-12-12,14.882441562808369,14.921209205098103,14.667066137461838,14.783369064331056,1036900
2005-12-13,14.761832141480046,14.977207571072954,14.69291206973768,14.955670356750488,1949000
2005-12-14,14.921212024435489,14.951364458226523,14.740297421689265,14.878137588500977,976600
2005-12-15,14.66706449004715,14.718754126232955,14.490456726827064,14.628296852111816,1603800
2005-12-16,14.430149369351904,14.628294309611771,14.374151314692856,14.443071365356444,1256000
2005-12-19,14.128626182537564,14.30954237646556,13.891713566627216,14.038168907165527,3141000
2005-12-20,14.102780697874682,14.300925654409848,14.102780697874682,14.288002014160156,785500
2005-12-21,14.572298782944792,14.817826581040894,14.494763515842475,14.73167610168457,1649000
2005-12-22,14.731679507420164,14.735986292950969,14.57660893736562,14.585224151611328,820500
2005-12-23,14.643515611902226,14.7443238101318,14.551473562036763,14.691728591918944,629900
2005-12-27,14.498871726275906,14.52955239556118,14.336700563515375,14.441892623901367,947000
2005-12-28,14.327935321464434,14.48572258599465,14.319169176549291,14.463808059692385,744400
2005-12-29,14.490115911049193,14.682966208595351,14.437519007377473,14.674200057983398,512000
2005-12-30,14.58653545567294,14.634748432292303,14.46819496905406,14.625982284545898,527200
2006-01-03,14.880191890124763,15.314105228936386,14.836361162182827,15.265893936157228,1468700
2006-01-04,15.428062421233182,15.734870808490696,15.38423169621285,15.6691255569458,3158700
2006-01-05,15.774317727433326,15.774317727433326,15.634061078428894,15.734870910644531,2365800
2006-01-06,15.962786778916929,16.124957982877582,15.923341627218475,16.107425689697266,2710400
2006-01-09,16.225769069158694,16.414237074701,16.116194725097902,16.392322540283203,2219900
2006-01-10,15.962787630762367,16.217000879528364,15.892660126270297,16.190702438354492,2189300
2006-01-11,16.295898453607155,16.436153496351597,16.21700478306691,16.38355827331543,1592500
2006-01-12,16.69912350559988,16.87444306335832,16.348486062054207,16.453678131103516,2074800
2006-01-13,16.43614963387508,16.536957817659587,16.352873744306553,16.5238094329834,1929100
2006-01-17,16.63338386422365,16.65968063373467,16.067979912134128,16.252065658569336,2845900
2006-01-18,15.870746595787647,16.072362974924495,15.835683677315531,16.01976776123047,1974100
2006-01-19,16.436145804858324,16.8262300644449,16.27835853761629,16.795549392700195,3481000
2006-01-20,16.953336697152498,16.96210284223754,16.44491198601847,16.453678131103516,3194300
2006-01-23,16.721040537874366,16.878826141357422,16.51065638928769,16.878826141357422,2639600
2006-01-24,17.277681352626583,17.40040575195826,17.20317160300714,17.35657501220703,3101900
2006-01-25,17.553806371445013,17.575720901852012,17.04976548419807,17.203168869018555,2502300
2006-01-26,17.369723249795495,17.935125521572992,17.347808718202376,17.838701248168945,3400300
2006-01-27,17.992104592771646,18.14550965745297,17.575721805738894,17.672147750854492,4450900
2006-01-30,17.71597959705542,17.96142673592167,17.531895496884616,17.921979904174805,1966300
2006-01-31,17.882537773591373,18.189346359838527,17.70283586438511,18.119218826293945,2458300
2006-02-01,18.119211247993515,18.119211247993515,17.85184961568658,17.908828735351562,2960400
2006-02-02,18.06662482936001,18.06662482936001,17.29522023565569,17.466156005859375,4360900
2006-02-03,16.98840704989667,17.597641860491766,16.830621385137338,17.36534309387207,5619400
2006-02-06,17.553808157397462,17.84308433532715,17.553808157397462,17.84308433532715,2045100
2006-02-07,17.59763618678516,17.62393295311399,17.036614540179954,17.111125946044922,2652500
2006-02-08,17.488065664083592,17.488065664083592,16.940193953704682,17.312746047973633,3546500
2006-02-09,17.2689198031832,17.55381213597348,17.238239116143813,17.343429565429688,3804800
2006-02-10,17.808022542308265,17.808022542308265,17.190023319879725,17.312746047973633,2871400
2006-02-13,17.260156636630064,17.400411707898,16.883220505607866,16.997177124023438,2672000
2006-02-14,16.962115908179893,17.41356185999621,16.918285148991778,17.38288116455078,2842700
2006-02-15,17.4267043871869,17.772959744372013,17.360960778488067,17.66338539123535,4071000
2006-02-16,18.05346406653661,18.51805977766101,17.733507257997026,18.49614524841309,4260300
2006-02-17,18.846790380656056,18.846790380656056,18.34274764354735,18.452322006225582,2378500
2006-02-21,18.72844710599821,18.759127789265143,18.06223487854004,18.06223487854004,2966600
2006-02-22,18.22440330981784,18.46108259116193,18.14550965871262,18.27699851989746,1821000
2006-02-23,18.373424530029297,18.4041068834456,18.10606454486554,18.373424530029297,2748100
2006-02-24,18.399719313356545,18.575038891282727,18.36465640095416,18.49614524841309,1440500
2006-02-27,18.58380607126788,18.605720601734987,18.298912159280885,18.33397674560547,2182600
2006-02-28,18.41287245299912,18.41287245299912,17.97019282873925,18.06223487854004,2375500
2006-03-01,18.237557235437755,18.934450250622245,18.215642697243947,18.802961349487305,2384000
2006-03-02,18.829252254070955,18.92567819841693,18.65831656870968,18.908145904541016,2135000
2006-03-03,18.61449126627545,18.925682021564093,18.570660522731487,18.82925605773925,2453700
2006-03-06,18.80295753952505,18.881851198614548,18.084148459823844,18.101680755615234,3531800
2006-03-07,17.759808470877655,17.786106913266586,17.203170646766075,17.545042037963867,6137500
2006-03-08,17.211940753536634,17.400408787415277,16.67283510033913,17.290834426879883,7965200
2006-03-09,17.53189276572012,17.64146709550587,16.769254694743797,16.848148345947266,4202700
2006-03-10,16.896363213691306,17.44861883405744,14.985386420374176,17.312746047973633,4104500
2006-03-13,17.413553231891722,17.619553518075147,17.20317070794706,17.334659576416016,3421800
2006-03-14,17.31712811882463,17.89129826766903,17.2426183694788,17.882532119750977,3538700
2006-03-15,18.03593627324976,18.34274307475195,17.948276470546983,18.31644630432129,4308600
2006-03-16,18.44354903566983,18.51805876543422,18.13235671826256,18.29891014099121,3884900
2006-03-17,18.237555564261243,18.294534695921605,17.970193875668713,18.13674736022949,2851000
2006-03-20,18.16304131451987,18.2901479454206,17.85185060187741,18.03593635559082,1840100
2006-03-21,17.95266070892953,17.95266070892953,17.391640584266685,17.404788970947266,3807000
2006-03-22,17.41793423088956,17.742273274114126,17.41793423088956,17.724740982055664,1516400
2006-03-23,17.882532162405322,17.926362902100145,17.334660456008276,17.505596160888672,3306300
2006-03-24,17.597638009244502,17.781722080496184,17.505594301647076,17.672147750854492,2430400
2006-03-27,17.426696925173797,17.628314919312242,17.20754831273867,17.400400161743164,3987500
2006-03-28,16.655301018428464,17.22070505953784,16.589555740356445,16.589555740356445,7493900
2006-03-29,16.791170012663898,17.22508339942555,16.791170012663898,17.203168869018555,4578800
2006-03-30,17.400403932044487,17.90882875618009,17.22070209778893,17.46176528930664,4176600
2006-03-31,17.61955934203081,17.672154572408843,17.325899155811314,17.509984970092773,4412000
2006-04-03,17.75981020462776,18.2857673999498,17.75981020462776,18.193723678588867,6385800
2006-04-04,18.40410901668282,18.45670423783103,18.12359726929117,18.20687484741211,2626500
2006-04-05,18.36027344451048,18.47423167766643,18.1235925036218,18.38657188415528,3695900
2006-04-06,18.49176138600094,18.623251905762785,18.255082128766723,18.58380508422852,3436900
2006-04-07,18.496150130293817,18.53997920035792,17.996491374886908,18.176193237304688,2999600
2006-04-10,18.07977202994677,18.171814104462243,17.847474887987072,17.9614315032959,1843000
2006-04-11,18.250700995860573,18.255084905570897,17.751042295070356,17.84308433532715,3353900
2006-04-12,17.95704354106856,17.97895807487782,17.73351094908756,17.882532119750977,2556600
2006-04-13,17.768570939949644,17.926358217675304,17.623932044710678,17.816783905029297,1789300
2006-04-17,18.009638710668067,18.26823422168993,17.98334026698098,18.101680755615234,3424500
2006-04-18,18.430407402627807,19.0264922009959,18.35589763881784,18.846790313720703,5318800
2006-04-19,19.017724973573348,19.22372529803309,18.87308769297437,19.175512313842773,4602500
2006-04-20,19.17550936797264,19.35521121745648,18.78104107789993,19.03087043762207,2953500
2006-04-21,19.1097612235628,19.65763283744901,19.0966128398604,19.43848419189453,2436500
2006-04-24,19.228111339024043,19.25440979159353,18.978281891516943,19.079090118408203,2304000
2006-04-25,19.0922297489015,19.153591099397527,18.820484236745656,18.91691017150879,2294900
2006-04-26,18.96512679526177,19.32453049343361,18.93882835199125,19.250019073486328,2892800
2006-04-27,18.85555357341113,19.214957292876885,18.680233951830445,18.956361770629883,4733700
2006-04-28,19.039635690628607,19.403423282374053,19.01772115820372,19.39465713500977,1572000
2006-05-01,19.464784609870083,19.85486897109379,19.438486167820567,19.613805770874023,2620600
2006-05-02,19.44287851532268,21.36700438639756,19.32892022229069,19.89870834350586,3466200
2006-05-03,19.885553544862084,19.93815043926074,19.640108058889588,19.86802291870117,3188600
2006-05-04,20.02580463970085,20.06525146674048,19.83733665184173,19.911848068237305,2161700
2006-05-05,20.196743860885707,20.42465702475748,20.10031790326717,20.35891342163086,2590900
2006-05-08,20.341381151479744,20.407126426662643,20.11346631534332,20.367679595947266,1817600
2006-05-09,20.23618233093776,20.599969834822307,20.22741785766189,20.591203689575195,2516100
2006-05-10,20.55176638597161,20.55176638597161,20.266874057425955,20.424659729003903,2838000
2006-05-11,20.420273930068888,20.424656167971445,19.587508282957355,19.65325355529785,4728900
2006-05-12,19.035256465144183,19.46478772213497,18.69338502369624,19.02210807800293,5761600
2006-05-15,18.320826535911408,18.68899632937057,17.9000615353785,18.21125221252441,8663900
2006-05-16,18.908144082976783,18.921292466131256,18.18933682302797,18.49614524841309,4120200
2006-05-17,18.11483290288109,18.29453477554098,17.277683237985485,17.51436424255371,8931300
2006-05-18,17.637091868830634,17.838708314506967,17.141815233171595,17.159347534179688,6617600
2006-05-19,18.084151727094035,18.084151727094035,16.878833761204678,17.290834426879883,7254500
2006-05-22,16.217008590698242,16.40985890175865,15.664754439223396,16.217008590698242,12990700
2006-05-23,16.73857733666687,17.02785355780739,15.879514822003747,15.923345565795898,10183000
2006-05-24,15.78308295188787,15.9978493361779,14.770617392728374,15.493806838989258,13418700
2006-05-25,15.769937501412082,16.5238094329834,15.60776795984323,16.5238094329834,7536700
2006-05-26,17.133040409348272,17.44423107083168,16.76487063441942,17.163721084594727,12433900
2006-05-30,16.672832484754654,16.672832484754654,15.910194319401006,16.041683197021484,6628700
2006-05-31,16.47998747106451,16.642158770941776,15.932115524925766,16.19509506225586,7255000
2006-06-01,16.129342911471106,16.874448776245117,15.647216472367102,16.874448776245117,7713000
2006-06-02,17.334663626627943,17.41355730053701,16.567643097379165,16.835004806518555,8714300
2006-06-05,16.887595322518443,16.962106736864087,16.2871284580766,16.36602210998535,5050100
2006-06-06,16.177555168703066,16.304661801846198,15.712959374441128,16.282747268676758,7971400
2006-06-07,16.050450564890575,16.37479138150993,15.607770919799805,15.607770919799805,8012100
2006-06-08,15.143175890059736,15.61215400695801,14.82760287702655,15.612154006958008,9030700
2006-06-09,15.783085092738231,15.932106242140224,15.40176690855166,15.406150817871094,4809400
2006-06-12,15.423683527247183,15.49381103810816,14.490111352405163,14.529558181762695,5222000
2006-06-13,14.200834213601455,14.639131545231482,13.806365946345782,13.990450859069824,6513300
2006-06-14,14.187687984017824,14.586538596517215,13.907177883618967,14.310412406921388,8263400
2006-06-15,14.639128554496514,15.69542484104749,14.573383299394935,15.493806838989258,8165800
2006-06-16,15.23083122846704,15.555171967273086,14.8889598682978,15.406150817871094,4457800
2006-06-19,15.331641333400093,15.546407773804017,14.853897147821968,14.871429443359377,3509900
2006-06-20,15.033601816292927,15.327261969711408,14.92402745659404,15.01168727874756,3140100
2006-06-21,14.919637630924177,15.717338430126674,14.897723104522804,15.642827033996582,6005200
2006-06-22,15.647217753280916,15.6910468251613,15.357941531743403,15.607770919799805,3708100
2006-06-23,15.239590819018924,15.765547688991424,15.15631496946184,15.61652660369873,3390800
2006-06-26,15.752401426527628,15.848827349601155,15.616530358892604,15.6691255569458,3058700
2006-06-27,15.774322491336957,15.971554962874649,15.362321908901365,15.41930103302002,4911300
2006-06-28,15.599002745738176,15.844449863527764,15.463129965394916,15.800619125366213,4063800
2006-06-29,16.046066914232405,16.9577245704878,15.997853936224187,16.918277740478516,7153100
2006-06-30,17.312746018482756,17.33027831445824,16.944576162856404,17.14619255065918,6232000
2006-07-03,17.303986386944647,17.566965909696194,17.229476608947103,17.466156005859375,3814200
2006-07-05,17.049771365528834,17.154961816556547,16.699132070177605,16.861303329467773,5995200
2006-07-06,17.07606511727148,17.27329926797346,17.041002197131004,17.1724910736084,3578700
2006-07-07,17.119896871602545,17.181258239462288,16.74296084392484,16.913896560668945,4305300
2006-07-10,17.01470949807653,17.1374322679633,16.694752510891497,16.935815811157227,2444300
2006-07-11,16.738574957378063,17.115510940551758,16.545724728020872,17.115510940551758,4047500
2006-07-12,16.984019298591278,17.146188821161317,16.681594782668007,16.734189987182617,3639000
2006-07-13,16.423001145320235,16.550106097653156,16.067979713564338,16.11180877685547,5945300
2006-07-14,16.282747268676758,16.335342482677753,15.954024255220068,16.282747268676758,5307500
2006-07-17,16.089896201068548,16.304662650033535,15.866365275957213,15.892662048339844,2663600
2006-07-18,16.155635745817797,16.252061668944798,15.72610467220756,16.129337310791016,4623900
2006-07-19,16.06359925897734,16.96210853194688,16.06359925897734,16.856916427612305,6795400
2006-07-20,16.962104750287835,17.067295159198693,16.436147689819336,16.436147689819336,3893300
2006-07-21,16.572032035653653,16.589562668084614,16.129350545313546,16.26960563659668,3242800
2006-07-24,16.471215189915817,16.839383358250082,16.40546991872944,16.799938201904297,3337700
2006-07-25,16.764873414821285,17.005936619725034,16.615852250921783,16.966489791870117,3364600
2006-07-26,16.769251012653378,17.137420746771888,16.721039722589722,16.953336715698242,2899300
2006-07-27,17.181253376727387,17.352189045092317,16.979637033116003,17.163721084594727,2841700
2006-07-28,17.137426433289246,17.523128585580178,17.08921512722818,17.391639709472656,3800200
2006-07-31,17.382872680352552,17.382872680352552,17.194404687762002,17.299596786499023,2596300
2006-08-01,17.032235969184203,17.093597333120947,16.843767967394616,17.067298889160156,4518800
2006-08-02,17.23823629790855,17.492447902099045,17.190023319879725,17.312746047973633,2503300
2006-08-03,17.176874127310022,17.571342447445993,17.084832076602247,17.404788970947266,2370400
2006-08-04,17.73789772302709,17.9482802911139,17.48806831892575,17.685300827026367,4760400
2006-08-07,17.55381101921056,17.65900313377622,17.444236666191802,17.575725555419922,3268200
2006-08-08,17.64584742412262,17.772954034197028,17.474911755663925,17.531890869140625,2429500
2006-08-09,17.764185059845516,17.83431254527805,17.312739476871773,17.37848472595215,3711600
2006-08-10,17.286445702604677,17.602020308103395,17.194403666658083,17.540658950805664,4730000
2006-08-11,17.549427028130548,17.549427028130548,17.27768145596293,17.312746047973633,1690200
2006-08-14,17.400403935828713,17.452999146068915,17.032234120204137,17.084829330444336,2337600
2006-08-15,17.25577262276393,17.663389443708716,17.2207096911412,17.48807144165039,2506100
2006-08-16,17.786104154711413,17.917593002319336,17.619550722689954,17.917593002319336,5763200
2006-08-17,17.759810529466165,18.035938354655865,17.59325705230725,17.667768478393555,3342000
2006-08-18,17.733509118327394,17.772955943900378,17.501212074381822,17.751041412353516,2104600
2006-08-21,17.562576214055333,17.650236026102874,17.48368255040973,17.615171432495117,2589100
2006-08-22,17.49682817811709,17.628318711440826,17.312744106618393,17.452999114990234,3852600
2006-08-23,17.396024072398877,17.40917413199614,16.742961850106052,16.81308937072754,6271500
2006-08-24,16.887598066743724,16.887598066743724,16.436152285661876,16.81747055053711,5145000
2006-08-25,16.86130039015174,17.010321563106544,16.67721462498556,16.874448776245117,2639700
2006-08-28,16.72543026425553,17.225089078959424,16.72543026425553,17.18564224243164,3052300
2006-08-29,17.312743248840395,17.312743248840395,16.97963803845422,17.220701217651367,3617200
2006-08-30,17.343428757641842,17.343428757641842,17.097981600786678,17.190025329589844,2555500
2006-08-31,17.382868649875235,17.382868649875235,17.07606024433302,17.168102264404297,4281000
2006-09-01,17.255768645241783,17.637088597566855,17.255768645241783,17.575725555419922,3511300
2006-09-05,17.755423649874256,17.82993506349948,17.62831869811383,17.751041412353516,2400500
2006-09-06,17.54942315165624,17.54942315165624,17.141806555414604,17.163721084594727,3291300
2006-09-07,17.11550807922549,17.17248719254446,16.786785126339065,17.00593376159668,3711900
2006-09-08,17.04099834578417,17.106741933178615,16.953338557286845,17.00593376159668,2145200
2006-09-11,16.624619429198212,16.664066259498902,16.339725469029684,16.409852981567383,5206800
2006-09-12,16.58078754855148,16.694744110107422,16.361638900044934,16.694744110107422,3842000
2006-09-13,16.64215069348229,17.11551095576962,16.58078933281279,16.966489791870117,2761900
2006-09-14,16.878828117474942,17.084828381432775,16.69474405587377,16.82623291015625,3567200
2006-09-15,16.975261824186685,16.975261824186685,16.659687091947383,16.76487922668457,3041100
2006-09-18,16.830614895911893,17.225081413677316,16.830614895911893,17.03661346435547,2786300
2006-09-19,17.027855181601367,17.054153630384505,16.50628182052639,16.703516006469727,3431800
2006-09-20,16.799938116847745,16.87444786330815,16.18632116212059,16.309043884277344,4705800
2006-09-21,16.15125966211331,16.414239123872942,15.82253658889278,15.905814170837402,6726700
2006-09-22,15.883893853672904,15.883893853672904,15.572701520232256,15.84882926940918,6427500
2006-09-25,15.800617301106152,15.91019162590158,15.336023234035313,15.826915740966797,8003500
2006-09-26,16.03291489193048,16.40108299255371,15.97593577884629,16.40108299255371,5301500
2006-09-27,16.427387270580674,16.633387595138714,16.35725974953547,16.602706909179688,4932700
2006-09-28,16.690362725663515,16.94895653902245,16.659680375090986,16.92704200744629,5009400
2006-09-29,16.738578907306014,16.962111541691026,16.690367592568688,16.861303329467773,3912700
2006-10-02,17.246995902171474,17.312741157634555,17.062911862028926,17.168102264404297,3953900
2006-10-03,16.97087187537769,17.036615466746753,16.668445670376897,16.694744110107422,4351600
2006-10-04,16.742962624202903,17.365344189497364,16.6947496380518,17.290834426879883,4210700
2006-10-05,17.38287348424301,17.641468997293387,17.268916904648567,17.44423484802246,3565500
2006-10-06,17.190022381534313,17.444233971848252,17.115510963564788,17.43108558654785,2327500
2006-10-09,17.42670538270866,17.83870604410059,17.422323144000508,17.64147186279297,2748500
2006-10-10,17.794873417244215,17.921980061989125,17.7510443469048,17.89568328857422,2802600
2006-10-11,17.62393583901823,17.878149101633504,17.514361502781654,17.746660232543945,3992900
2006-10-12,17.78611345995025,18.16743181910065,17.78611345995025,18.119218826293945,3865200
2006-10-13,18.14551350277556,18.329597613037592,18.119215056178724,18.21564102172852,2854600
2006-10-16,18.19372000403643,18.39533803070353,18.08414568014036,18.38657188415528,2072200
2006-10-17,18.241935727351887,18.241935727351887,17.970191831226888,18.163042068481445,2398600
2006-10-18,18.390957916315287,18.452319282843224,18.062234876796904,18.141128540039062,5561300
2006-10-19,17.961424816794842,18.246318756967856,17.961424816794842,18.14989280700684,2319600
2006-10-20,18.062238717332672,18.097303318216827,17.9132175075194,18.07100486755371,2943000
2006-10-23,17.838707725940974,18.255090665297804,17.838707725940974,18.237558364868164,2106200
2006-10-24,18.2901468057523,18.39095498784922,18.1367434138595,18.32082748413086,2074700
2006-10-25,18.3120612450821,18.601337405462083,18.281380566857823,18.59257125854492,2921700
2006-10-26,18.671465007859528,18.6846150642908,18.390954992908902,18.548742294311523,2850900
2006-10-27,18.40848627520184,18.63201715859041,18.338358775318028,18.34274101257324,3534300
2006-10-30,18.145517277465505,18.21126089967589,17.99211214836337,18.03155899047852,4705000
2006-10-31,18.27261641674702,18.439169882430644,18.141127542563844,18.39972305297852,6876600
2006-11-01,18.56188883615685,18.73720841408303,18.46546457307172,18.49614524841309,5244100
2006-11-02,18.434783897730345,18.535592069847908,18.237549790556244,18.49614524841309,3749200
2006-11-03,18.71530152473997,18.84679042587492,18.65394014900848,18.802961349487305,3735500
2006-11-06,18.98266115323795,19.28508575983456,18.969511094188075,19.23249053955078,4002400
2006-11-07,19.19303515304925,19.27192878430225,18.991418838500977,18.991418838500977,3099100
2006-11-08,18.89061646502573,19.26317024230957,18.77227764341128,19.26317024230957,3167100
2006-11-09,19.36397747305288,19.5042324943104,18.969509180783746,19.06593513488769,3616700
2006-11-10,19.10976700668287,19.11853315579449,18.8599376089035,18.92129898071289,2859400
2006-11-13,18.64516530035945,18.807334813699303,18.566271662092216,18.781036376953125,4083000
2006-11-14,19.11414521048558,19.23248568020269,18.96074015479089,19.16674041748047,2626200
2006-11-15,19.20180693558249,19.491083111119146,19.16674234607664,19.40342330932617,2286600
2006-11-16,19.41656785572101,19.44286629265116,18.96512222290039,18.96512222290039,2744900
2006-11-17,18.73721216174599,19.004573819171764,18.636403969465604,18.92568016052246,2748200
2006-11-20,18.995804751376568,19.10099683739657,18.820485165333725,18.94759178161621,2102900
2006-11-21,18.982650855182985,19.35082054138184,18.94758627936833,19.35082054138184,2738300
2006-11-22,19.32891284102461,19.438487180649403,19.11853030958162,19.363977432250977,2781600
2006-11-24,19.14044110034897,19.399036558176032,19.11852657110357,19.37273979187012,1331700
2006-11-27,19.232493672464607,19.28947114039853,18.548749009507965,18.605728149414062,4117900
2006-11-28,18.645165458964133,18.9738883972168,18.54873952871253,18.9738883972168,5074700
2006-11-29,19.109762151117803,19.548059463500977,19.109762151117803,19.548059463500977,4647600
2006-11-30,19.36835967336753,19.565593819119083,19.20619011884813,19.44287109375,3967300
2006-12-01,19.53491302368261,19.53491302368261,19.03963654323733,19.250019073486328,5268800
2006-12-04,19.17988868962309,19.797887802124023,19.166740305943755,19.797887802124023,4169600
2006-12-05,19.924997420142144,20.187976837158203,19.83733761447013,20.187976837158203,5111600
2006-12-06,20.0652542629374,20.26687233588735,19.96006382415401,20.0827865600586,3121200
2006-12-07,20.24495422868245,20.249338138537293,19.94691189347845,20.012657165527344,2678900
2006-12-08,20.10908869258683,20.28879059109631,20.008280473615383,20.20551300048828,2839500
2006-12-11,20.205506328773623,20.27563383498825,20.148528879454737,20.24495315551757,1822900
2006-12-12,20.209889355859627,20.209889355859627,19.854867930667304,20.003889083862305,2824100
2006-12-13,20.11346449024878,20.15729522705078,19.9162303545689,20.15729522705078,2315200
2006-12-14,20.293164384821832,20.446569440957763,20.258101470714884,20.297548294067383,2254800
2006-12-15,20.46848771318315,20.521082929944424,20.27125356036364,20.42027473449707,3373500
2006-12-18,20.499166512167005,20.54737948642329,20.18797580629488,20.20112419128418,2674000
2006-12-19,19.98198026009577,20.280022651615926,19.88555428872983,20.24934196472168,2457300
2006-12-20,20.306965371863125,20.396305641312114,20.17742206636328,20.2488956451416,3034300
2006-12-21,20.190819271496427,20.27569156948229,20.03000716666132,20.25335693359375,1862900
2006-12-22,20.32036146995561,20.33822815530687,20.14614722958777,20.298025131225582,1234800
2006-12-26,20.40076550490152,20.472239061316905,20.351629990901,20.445436477661133,546600
2006-12-27,20.58010602323097,21.009603478462537,20.535367344979377,20.870912551879883,2493700
2006-12-28,20.98722612297564,21.00512227010908,20.84853354269736,20.920116424560547,1173000
2006-12-29,20.911182032846405,20.96039390563965,20.82617613861765,20.96039390563965,1015300
2007-01-03,21.251194543430984,21.29593321769611,20.745639332214104,20.893280029296875,5882300
2007-01-04,20.691955231423044,20.7545900660832,20.40114869144806,20.624845504760746,4498700
2007-01-05,20.615899577980223,20.624845948834658,19.6182102672537,19.89559555053711,7855700
2007-01-08,20.119290242290297,20.24008671611378,19.79269312713989,20.17745018005371,6748200
2007-01-09,19.976120587063924,20.011911179826964,19.43924804225217,19.66294479370117,6888800
2007-01-10,19.36766682350558,19.89111644792258,19.287135849492053,19.80611228942871,8647700
2007-01-11,19.926903636184207,20.329556696239504,19.80610720616648,19.985063552856445,8105900
2007-01-12,20.12823531281342,20.378774592952432,20.011912041316723,20.35640525817871,5076000
2007-01-16,20.02086106838848,20.24903102460139,19.97612239671409,20.110340118408203,3887700
2007-01-17,19.967178852367606,20.240089248859725,19.926913356054484,20.12376594543457,3523500
2007-01-18,20.38325025514649,20.454833153133368,19.85979892694733,19.994016647338867,5269800
2007-01-19,20.002967446094857,20.53984010742092,20.002967446094857,20.47720527648925,4259100
2007-01-22,20.7366887128554,20.768006122334388,20.351931724017664,20.548784255981445,5317900
2007-01-23,20.55773566122267,21.108029568358216,20.53536632320989,21.09460830688477,6448200
2007-01-24,21.1125044724634,21.38541485578694,20.964865464220093,21.26014518737793,5304200
2007-01-25,21.29593142865727,21.363041141088203,20.63826409752017,20.84406471252441,7539800
2007-01-26,21.02750396728516,21.07671754751008,20.71432803494873,21.02750396728516,5968600
2007-01-29,20.920119270480303,20.94249031077565,20.530887404066004,20.55773162841797,6813700
2007-01-30,20.69641898761392,20.88432511265693,20.53088389904708,20.812742233276367,3535000
2007-01-31,20.92011591663588,21.28698009728188,20.78589822973492,21.139339447021484,6046300
2007-02-01,21.461465133877446,21.64042149647288,21.349616767253814,21.47041320800781,5851000
2007-02-02,21.52410763948272,21.54200379414008,21.25567043963609,21.49279022216797,6243200
2007-02-05,21.62700266611107,21.774641639157107,21.49278495243172,21.72095489501953,4585900
2007-02-06,21.83728521253936,21.89097197400299,21.58227096224785,21.77464866638184,5376400
2007-02-07,21.613581051490254,21.67621586973306,21.251191694508726,21.421201705932617,6567000
2007-02-08,21.16172080215118,21.506214141845703,21.054347274283884,21.506214141845703,5708000
2007-02-09,21.313828932767308,21.48831214816081,20.938018273969377,21.179611206054688,5570800
2007-02-12,21.00960306931143,21.112503392623115,20.71432336125625,20.897754669189453,5180200
2007-02-13,21.02302410791948,21.55542182922364,20.98275861930515,21.55542182922364,4854700
2007-02-14,21.555426642781505,21.96702799015766,21.47936883322725,21.729909896850582,7634400
2007-02-15,21.8864858033184,21.99386097758548,21.77016426231033,21.89096069335937,3821600
2007-02-16,21.685155267100725,21.926746368408203,21.63146683865896,21.926746368408203,2348500
2007-02-20,21.743330052281703,21.931236267089844,21.564373621675827,21.931236267089844,3114800
2007-02-21,21.832802077701214,22.03860267450918,21.609105331604542,21.971494674682617,5520100
2007-02-22,22.25336115874207,22.36073468024523,21.967027785833828,22.06098175048828,7874800
2007-02-23,22.078875279672907,22.168354348311485,21.69859137129805,21.931236267089844,6190600
2007-02-26,22.141509576373466,22.14598276134956,21.761223999903176,22.029661178588867,4763400
2007-02-27,20.938013105622566,21.058809541847783,19.41687640057249,20.137178421020508,19721700
2007-02-28,20.43246683954105,20.60247690160701,20.146135181327622,20.49957656860352,10331000
2007-03-01,19.577940407506823,20.50851978268599,19.358718530344067,20.32508850097656,12371100
2007-03-02,20.11480967738441,20.31166389328069,19.58688525475996,19.61372947692871,11013500
2007-03-05,18.98738307239873,19.59136543422372,17.80626428483573,19.10370635986328,12755600
2007-03-06,19.68978879163869,20.32508850097656,19.68978879163869,20.32508850097656,11685500
2007-03-07,20.19981488374452,20.49956767505696,19.97611815948011,20.114809036254883,7644400
2007-03-08,20.61142764854065,20.723276073682143,20.34299211086968,20.51300048828125,6616200
2007-03-09,20.85748602183329,20.90222639911704,20.5577331740512,20.86643409729004,6769800
2007-03-12,20.933550629088824,21.108033890657005,20.72774994655566,20.946971893310547,11320600
2007-03-13,20.700895123404862,20.87537829572888,20.065595537331923,20.137178421020508,7826900
2007-03-14,20.13270992487136,20.55773414239728,19.734529934980145,20.504047393798828,13019300
2007-03-15,20.37877753072804,20.73221887378528,20.37877753072804,20.53089141845703,5367500
2007-03-16,20.660636260841688,20.745640429108303,20.146132946234,20.293773651123047,4805300
2007-03-19,20.57115060278236,20.875378284969685,20.5353600142918,20.727739334106445,5667500
2007-03-20,20.88880461422066,21.139345621169408,20.794852376616497,21.13487243652344,6179900
2007-03-21,21.24672454934659,21.931236267089844,21.130401248115056,21.931236267089844,8990700
2007-03-22,21.98491511285773,22.03412866822972,21.73884904266849,21.79253578186035,4422300
2007-03-23,21.79253289496569,22.007281529955662,21.65384202820345,21.8999080657959,4424900
2007-03-26,21.97597297004117,22.04308269214745,21.55989678899291,22.02518653869629,4994600
2007-03-27,21.81938726290293,21.85517786537951,21.635955945198443,21.70306396484375,4215200
2007-03-28,21.51962913982189,21.51962913982189,21.116975967561658,21.3496208190918,6690500
2007-03-29,21.73437286836097,22.132552733699463,21.56883607640081,22.06544303894043,7083000
2007-03-30,22.123610298081307,22.20414126964459,21.60463387393506,22.02070999145508,6908000
2007-04-02,22.28914380788472,22.28914380788472,21.85517157114217,22.18177032470703,7055500
2007-04-03,22.43231030925382,22.66495513916016,22.32941000679596,22.66495513916016,4941500
2007-04-04,22.571003361321576,22.89312553427185,22.47705113198903,22.77680397033692,6572200
2007-04-05,22.76785689164124,22.946814989634483,22.68285273376344,22.928918838500977,2523700
2007-04-09,23.25104318289493,23.38973409019058,23.04076766967773,23.04076766967773,5964900
2007-04-10,22.97813184266481,23.21077668173693,22.95128761661657,23.14814186096192,4765900
2007-04-11,23.26893585167748,23.28683200179192,22.745486260861068,22.87523078918457,8322700
2007-04-12,22.763380236039183,23.16603333511766,22.56652601693044,23.089977264404297,6607600
2007-04-13,23.3673632270486,23.622377395629883,23.0899797239142,23.622377395629883,4809500
2007-04-16,23.720801333272306,23.957919319730884,23.67158777985548,23.94449806213379,5480500
2007-04-17,24.002669534422434,24.056356293501544,23.680545566605183,23.823711395263672,6922300
2007-04-18,23.689488507867704,23.97582010310218,23.564217154949425,23.74765014648437,6357200
2007-04-19,23.4344764084738,23.78791604277412,23.30473185950894,23.720808029174805,6435300
2007-04-20,24.230835821377347,24.248731973880645,23.940029316547395,24.17267417907715,4278500
2007-04-23,24.029504468420942,24.40531507657864,23.837125126943143,23.86844253540039,4962000
2007-04-24,23.881870428559,23.96240141168549,23.550798419408803,23.83265686035156,6151900
2007-04-25,24.11451767830589,24.387426362834464,23.948980804077973,24.248735427856445,6719100
2007-04-26,24.27556831901225,24.27556831901225,23.87291523016993,23.96686744689941,6253800
2007-04-27,23.58658665320592,23.93107986450196,23.461315308489564,23.93107986450196,7558000
2007-04-30,23.94897568560206,23.953450576744416,23.39420865091458,23.515005111694336,7210600
2007-05-01,23.62237305431322,23.671586605288105,23.27340672073936,23.488155364990234,6096800
2007-05-02,23.66711395625576,24.06976703331636,23.65369099235102,23.975814819335938,7815500
2007-05-03,24.27109953679076,24.3963691818137,24.09661632931712,24.38294792175293,6041500
2007-05-04,24.60216536290392,24.72743497664118,24.37399375883049,24.55295181274414,4310200
2007-05-07,24.47242546081543,24.59769509810773,24.351629007710365,24.47242546081543,5214000
2007-05-08,24.3113664589692,24.530590057373047,23.971348099544965,24.530590057373047,8410100
2007-05-09,24.37847831231262,25.13009799934369,24.342686004673865,25.08983421325684,8740500
2007-05-10,24.951135508358654,25.08088003196415,24.28451844753825,24.38741874694824,11638900
2007-05-11,24.49480289463447,24.942196554810444,24.490329708968115,24.91087913513184,7769000
2007-05-14,24.83034805572042,25.02720065112985,24.490329626072985,24.700603485107425,7726500
2007-05-15,24.76770858995853,25.22405024134917,24.673756348791027,25.06298828125,10197700
2007-05-16,25.389583511941023,25.971194775285667,25.19720415232128,25.859346389770508,11010200
2007-05-17,25.71170546149924,26.105410519898648,25.505903150664555,25.83697509765625,9362000
2007-05-18,25.805667457832577,26.16805695105281,25.67592288174085,26.136737823486328,7718200
2007-05-21,26.25305155813556,26.700445072477788,26.17252058902029,26.396217346191406,16920800
2007-05-22,26.61991170172864,26.61991170172864,26.168045043945312,26.168045043945312,9055200
2007-05-23,26.347011297940472,26.610973614923484,25.94435804424064,26.047258377075195,6504300
2007-05-24,25.81459501940007,26.150140010882733,24.95112577145108,25.12113571166992,12882000
2007-05-25,25.55064362556976,25.92197935134866,25.496956882245147,25.8817138671875,6048600
2007-05-29,26.391742936776364,26.508064494170085,25.680387213729272,26.011457443237305,8494900
2007-05-30,25.39405574950826,26.49017022801802,25.125620316949927,26.48122215270996,8437600
2007-05-31,26.709392188266545,26.888348563573523,26.41858573172042,26.52596092224121,5764500
2007-06-01,26.933095738122898,27.48786286032753,26.933095738122898,27.380489349365234,8301200
2007-06-04,26.93308537656329,27.27757852948878,26.87939864173623,27.13441276550293,6069400
2007-06-05,27.01362495895176,27.09862912512993,26.637814281805976,26.91072463989257,7286300
2007-06-06,26.48570009486813,26.570704260080937,25.87724455719255,26.18594551086425,12866900
2007-06-07,26.127786134481024,26.364904189193204,24.852713388942995,25.147993087768555,13699300
2007-06-08,25.48353514656631,26.217260265214463,25.17035933315845,26.05620002746582,11916600
2007-06-11,26.16357598427447,26.69597372255756,25.99804083987906,26.494647979736328,7927500
2007-06-12,26.37832494875613,26.54833498626066,25.859348466553264,26.09199333190918,12231600
2007-06-13,26.22621144490711,26.74071474973848,26.11436304878473,26.579652786254883,8000600
2007-06-14,26.955466626834685,27.34469861312185,26.9420453638607,27.31338119506836,7141200
2007-06-15,27.7607658442054,28.073941630017835,27.75181776956268,28.033676147460938,8061700
2007-06-18,28.342377049369222,28.342377049369222,27.88603718917667,28.14999771118164,7879800
2007-06-19,28.029206074476363,28.22158543397057,27.92630405799916,28.042627334594727,6120100
2007-06-20,28.21711228272464,28.31106452268828,27.313377067825787,27.41180419921875,9664500
2007-06-21,27.54602301434628,28.03815527736516,27.197056562630024,27.89051628112793,9039900
2007-06-22,27.711553417629503,27.72497638347661,27.1523115296728,27.38495635986328,8107400
2007-06-25,27.08520075939293,27.6265464420161,26.79439432470345,27.06730461120605,8407800
2007-06-26,27.407322237025863,27.407322237025863,26.68702020979636,26.745180130004883,8047000
2007-06-27,26.48569444286792,27.21941947937012,26.373846072506705,27.21941947937012,7327100
2007-06-28,27.41628289989352,27.67129714919917,27.255220909453868,27.273117065429688,7970700
2007-06-29,27.48785088990114,27.73391863426364,27.134411388005848,27.47890281677246,8150500
2007-07-02,27.711559511214027,28.2215896587862,27.69813824908648,28.132110595703125,6456200
2007-07-03,28.36475472551384,28.521341801757,28.082896281605034,28.37370109558105,4510600
2007-07-05,28.38711894252745,28.633185035088587,28.230530187864325,28.579498291015625,7849100
2007-07-06,28.87030579854511,29.044789013381443,28.6331877585543,29.04031753540039,7225700
2007-07-09,29.07610046958897,29.460859124342363,29.049257953833564,29.25058364868164,6119200
2007-07-10,28.87925379065644,29.08057951426465,28.6555570251621,28.82556533813477,10451000
2007-07-11,28.673457942444266,29.3937620058872,28.673457942444266,29.331127166748047,7255200
2007-07-12,29.58613464404061,30.39591930187176,29.57271338348872,30.35117721557617,8324700
2007-07-13,30.41382119224103,30.67778180181126,30.12748612195941,30.516719818115234,6238600
2007-07-16,30.48987853137562,30.51224616631107,29.975375141061978,30.243810653686523,7592100
2007-07-17,30.37801534190873,30.579341025123966,30.203532172897905,30.521181106567383,6019700
2007-07-18,30.33328376516961,30.54355586445096,30.04247727778308,30.503292083740234,8140100
2007-07-19,30.941743765311465,31.08490958425218,30.771732008646485,30.87015914916992,8179400
2007-07-20,30.75383289227985,30.78515030548956,30.19011945450497,30.53013610839844,8252600
2007-07-23,30.959626927156027,31.25043336690695,30.673295377865017,31.22359085083008,7266900
2007-07-24,30.928310080410053,31.31754363727624,29.232688379590847,29.568233489990234,14445700
2007-07-25,29.71140936614004,30.078271966193363,28.63318919703496,29.724830627441406,17192000
2007-07-26,28.54370994904606,28.713719986637223,26.90177633618397,27.850250244140625,24797100
2007-07-27,28.40054457615156,28.4542313284934,27.398383901305568,27.68024063110352,20848100
2007-07-30,28.09630814035916,28.856877341866493,27.78313238601254,28.633180618286133,14892200
2007-07-31,29.10295790873661,29.416132094212468,28.226065069390263,28.454235076904297,17703800
2007-08-01,28.03367216056123,28.382638488644453,27.4520610448657,28.17683792114257,19478500
2007-08-02,28.63766588270096,28.718196868896484,28.23053605989516,28.718196868896484,13969300
2007-08-03,28.49449400054896,28.70029632639695,27.10757470666925,27.246267318725582,15678100
2007-08-06,27.24627321763418,27.635505204551443,26.293324291498948,27.335750579833984,19314400
2007-08-07,27.286533859844777,28.073945771176813,27.07178345008324,27.818931579589844,19536200
2007-08-08,28.36474455909385,29.04925597086041,28.337900338500265,28.75844955444336,15559400
2007-08-09,27.71603019525445,28.13657950922557,27.24179242758165,27.246267318725582,18366100
2007-08-10,26.40069710305061,27.009152707102945,25.87277419483358,26.61992073059082,20012700
2007-08-13,27.09415390068909,27.55496870932447,26.39621935090761,26.44095802307129,11303100
2007-08-14,26.548337829061072,26.60649947829577,25.27773986324357,25.3314266204834,19591300
2007-08-15,24.875080801024144,25.51932860797912,23.550796297104853,23.69396209716797,24276000
2007-08-16,22.307046533860586,23.094458567100848,20.85301724489993,22.942344665527344,43570100
2007-08-17,24.11451271621241,24.6961239823663,22.597847167697616,23.74765014648437,29339600
2007-08-20,23.935547409419907,24.41873311090532,23.371832464357336,24.069765090942383,17615700
2007-08-21,23.80133667397806,24.45005764843881,23.56869182833216,24.123458862304688,12827800
2007-08-22,24.87955466866007,25.725128173828125,24.87955466866007,25.725128173828125,20740500
2007-08-23,25.899611876822803,26.21278769759943,25.264313866298743,25.859346389770508,16684900
2007-08-24,25.6177536079922,26.95098787251724,25.590911087590698,26.84361267089844,13476400
2007-08-27,26.73176138399411,27.165733621216184,26.39621626201929,26.807817459106445,9776500
2007-08-28,26.38726712852005,26.561750311878573,25.152461880133952,25.43431854248047,15718000
2007-08-29,25.828030211527977,26.700448001534284,25.64012573409299,26.5483341217041,15403600
2007-08-30,26.08304900826017,27.094159595729945,25.904092575318906,26.490177154541016,13932500
2007-08-31,27.29099945875302,27.720496745552147,27.152306879889125,27.537065505981445,15097700
2007-09-04,27.64892221952295,28.38264739952688,27.5639180558248,28.06947326660156,11540500
2007-09-05,27.568385982957523,27.75629213354778,27.268633168132308,27.639968872070312,9836500
2007-09-06,27.8726220083804,28.12316304839744,27.653400091702785,28.006839752197266,7979600
2007-09-07,27.443124181871774,27.66682098749294,26.745189533932106,27.380489349365234,13508700
2007-09-10,27.434175353904426,27.465492769300457,26.55728430947323,27.085208892822266,12367200
2007-09-11,27.60866194721267,28.082899834312823,27.483392270370548,27.957630157470703,10095000
2007-09-12,28.03815233376321,28.57502492311971,27.99788855356562,28.230531692504883,8412100
2007-09-13,28.566075824835465,29.0626829095446,28.5168639707988,28.713716506958008,8306500
2007-09-14,28.73608080948755,29.20136696159252,28.378164708885823,28.67791748046875,9673100
2007-09-17,28.35132512401408,29.34901240686069,27.899458447808588,28.14999771118164,7524300
2007-09-18,28.74951274610084,30.436185060751853,28.56607973773006,30.257226943969727,16337600
2007-09-19,30.95516885324228,31.19676184256484,30.42276929825316,30.56593513488769,14367100
2007-09-20,30.71356679433352,31.0401621627094,30.03352671112533,30.32433319091797,11335700
2007-09-21,30.89699194288158,31.15648097465788,30.820935872191,31.013315200805664,7162000
2007-09-24,31.32202594542218,31.688888549804688,31.17886013428125,31.688888549804688,10983900
2007-09-25,31.28622976845956,31.87678909301758,31.004373072650644,31.87678909301757,8492100
2007-09-26,32.351025673683665,32.722363129806475,32.14522505559365,32.525508880615234,10188300
2007-09-27,32.99527779056505,33.36661529541016,32.68210363788981,33.36661529541016,10980200
2007-09-28,33.330814682377586,33.433716685951794,32.89684245514354,32.905792236328125,10059400
2007-10-01,33.39345600842978,34.74011161860429,33.380034747377415,34.605892181396484,12425400
2007-10-02,34.3911544230254,34.596955112283894,33.68427156860946,34.306148529052734,14533400
2007-10-03,34.24350884634275,34.32403983626832,32.72684471386332,32.820796966552734,13474900
2007-10-04,33.24134219821558,33.661889815001835,32.32865894475085,33.17423248291016,10443900
2007-10-05,34.006385972225694,34.99512534536959,33.82742786281612,34.75353240966797,13846800
2007-10-08,34.6282644760366,34.67300315227432,34.10928627432089,34.637210845947266,7924500
2007-10-09,34.936957173546865,35.62147210353115,34.85642961943978,35.469356536865234,12653400
2007-10-10,35.29935193361254,35.50962744917619,34.959331878374684,35.42462158203125,11697500
2007-10-11,35.88991273884458,36.17176945919884,34.10033845848009,34.74905776977539,20773400
2007-10-12,34.80722576302002,35.675167083740234,34.69537735557245,35.675167083740234,12518400
2007-10-15,35.79147897356376,35.9212234944439,34.7087875538154,35.254608154296875,17620400
2007-10-16,34.70431447693288,34.75800292700201,34.077962879492695,34.33745193481445,14381600
2007-10-17,35.16512740885811,35.272500890043204,33.97953398519053,35.254608154296875,14593600
2007-10-18,34.565635205529496,35.89886640387356,34.52089652209684,35.7378044128418,13139000
2007-10-19,35.7601523987646,35.764627288224744,33.80951702168976,33.85425567626953,21773500
2007-10-22,33.04000981834576,34.01085290960012,32.53445638410003,33.82294845581055,18611300
2007-10-23,34.7490568768333,35.23224273931744,34.45825038107848,35.18302917480469,10873100
2007-10-24,34.963808591716706,35.20540153197529,34.04217550554313,35.12039566040039,15868500
2007-10-25,35.446998790153806,35.675167083740234,34.86091081405564,35.675167083740234,15561000
2007-10-26,36.203080423178015,36.94575525562974,35.87648508666433,36.94128036499024,10430300
2007-10-29,37.4692095006921,38.14029982010749,37.41104956847918,37.77791213989258,12236600
2007-10-30,37.58105513561007,37.83606930178234,37.16945392237443,37.20077133178711,8782200
2007-10-31,37.89870269045559,38.83375687336292,37.60342475761324,38.29688262939453,14505700
2007-11-01,37.334993833959714,37.7510700104616,36.88312876428883,37.21419906616211,15480500
2007-11-02,37.5631684576997,37.71528406559256,36.22546247068632,37.22314834594727,13920600
2007-11-05,36.279138865542585,36.77574594536021,36.03307447777042,36.44020080566406,12047900
2007-11-06,37.66158367660862,38.0776597538915,37.17839789395597,38.028446197509766,11168700
2007-11-07,37.7600179785714,37.99266113302636,36.29703909366853,36.62811279296875,14871700
2007-11-08,37.58106043357101,39.22299404045467,36.94128748251343,38.5429573059082,28721800
2007-11-09,38.25215308637224,38.25215308637224,36.641536796982926,37.24999237060547,20596400
2007-11-12,36.90102946066621,36.92339709498289,33.845330036243645,34.024288177490234,24290000
2007-11-13,35.66173470940677,37.14260607032927,35.66173470940677,36.94128036499024,17256600
2007-11-14,38.31926793640584,38.37295299145139,36.94129463452394,37.51395797729492,20780800
2007-11-15,37.07102331909117,37.093394358001206,35.75568542069946,36.39545822143555,16285800
2007-11-16,37.78238649729851,37.903184675471245,36.95918394781346,37.648170471191406,18264000
2007-11-19,37.30367403808776,37.30367403808776,35.60358054742439,35.88096237182617,13531000
2007-11-20,36.46257059041746,37.30366914946708,35.34408682997521,36.40888214111328,17117400
2007-11-21,35.43356850742403,35.43356850742403,33.912433137499285,34.29271697998047,21621100
2007-11-23,34.30614382451039,34.87433223505139,34.30614382451039,34.64616394042969,9613900
2007-11-26,34.55667168115153,34.7669471643568,32.23022693421708,32.43602752685547,21376100
2007-11-27,32.597089121110926,33.567932150389026,31.764936977917884,33.241336822509766,21997200
2007-11-28,34.65063663203583,35.88096916260749,34.44931085600661,35.65727233886719,18292400
2007-11-29,35.65726295318788,36.48046882280671,35.18302690395616,35.63489532470703,16360400
2007-11-30,36.77574890246959,36.98155294177244,35.70200709977654,36.21650695800781,16183200
2007-12-03,36.05992574884496,36.28362256293623,35.67069547686534,36.19414520263672,12485200
2007-12-04,35.34409921995455,35.997293555431064,35.084610077365284,35.7378044128418,13362200
2007-12-05,36.86969588081815,37.554207313701816,36.65494552278546,37.31261444091797,14970900
2007-12-06,37.34841795009561,38.40873856122377,37.29025459954956,38.25215148925781,11511100
2007-12-07,38.40873608522542,38.50268832234842,37.98818846381897,38.32820510864258,10581100
2007-12-10,38.14924164880304,38.45794425126306,37.84501393700894,38.16266632080078,10849700
2007-12-11,38.40425036584603,38.92322838268552,36.194129144268864,36.72205352783203,17948500
2007-12-12,38.51163685799322,38.923238096826594,37.13366393145525,38.06424331665039,18539100
2007-12-13,37.06207373834612,37.29919514671264,35.79147791091256,36.8652229309082,14733600
2007-12-14,35.91675448354363,36.57442356348038,35.446993293118794,35.79148483276367,12972200
2007-12-17,35.10697050917916,35.10697050917916,33.550039537812246,33.8050537109375,18643100
2007-12-18,35.008541255653455,35.05327992283263,33.60820083423026,34.959327697753906,16271400
2007-12-19,35.00854336468943,35.384352287644376,34.681944589257114,35.075653076171875,12887000
2007-12-20,35.79595762853773,35.89438475220043,35.15170984699408,35.4425163269043,14385700
2007-12-21,36.16728740767078,36.57441711425781,36.07781007670334,36.57441711425781,10317300
2007-12-24,36.983997680654895,37.46985241011336,36.847778768185925,37.42444610595703,3054600
2007-12-26,37.056650995128095,37.74229762845373,36.779668032800494,37.5606689453125,5871200
2007-12-27,37.41535682139367,37.43805823562328,37.00215158964494,37.28367614746094,5819700
2007-12-28,37.39266057246308,37.49255651810617,36.843236335704944,37.12929916381836,5799500
2007-12-31,37.07481259802059,37.19740996185052,36.55263145579631,36.6434440612793,4164500
2008-01-02,37.233732801346015,37.279139099711465,36.37554094440849,36.7569580078125,15429200
2008-01-03,36.78420587370827,37.09297356362521,36.602577209472656,36.602577209472656,8064600
2008-01-04,36.09855475792518,36.14850272089601,35.04511279538453,35.417449951171875,13878100
2008-01-07,35.3765860873947,35.59907935906057,34.214164836462466,35.08143997192383,16179000
2008-01-08,35.8488062460934,36.470883065818064,34.94066672407175,35.07688903808594,16632700
2008-01-09,35.44470256241426,36.57533933982037,35.154098043893896,36.53901290893555,18529900
2008-01-10,36.23931472179825,37.36086783968389,35.95325195474052,37.01577377319336,21958900
2008-01-11,36.43910528352704,36.69792495818471,35.68534767337571,35.930545806884766,14909400
2008-01-14,36.54354687389174,36.588953170784585,35.96233449511683,36.25748062133789,9262200
2008-01-15,35.62179039280954,35.70352313201976,34.35493813146989,34.5910530090332,19775000
2008-01-16,34.10519845428519,34.395802981208504,32.53411664801874,33.04721450805664,25291100
2008-01-17,33.74193086167864,33.819125372271166,31.308116086346004,31.67137336730957,29481000
2008-01-18,32.51595282443834,32.72936627772075,31.162822706510173,32.166316986083984,22734500
2008-01-22,29.677999777213447,31.912022163968505,29.51907605414136,31.59871292114257,29287500
2008-01-23,30.018558500623573,31.74402534162492,29.060470825938665,31.44887924194336,26904800
2008-01-24,31.72587089619785,32.98364322232139,31.72587089619785,32.62492752075195,19010100
2008-01-25,33.501276985294616,33.937183677713435,32.18901523899716,33.46495056152344,18013000
2008-01-28,32.35247427118781,33.70560384218076,31.957432285578573,33.54667663574219,18967600
2008-01-29,34.16421638401201,34.20508447413765,33.5103581205057,34.00983428955078,13988400
2008-01-30,33.66475110021396,35.13593699914796,33.38322643988266,33.87362289428711,18514100
2008-01-31,33.147104635218874,34.836245316120085,32.92461134122706,34.731807708740234,18349700
2008-02-01,34.84986992836101,35.56730130684737,34.745432311784825,35.394752502441406,17810200
2008-02-04,35.57638020415014,35.626328176234,35.15863667788407,35.54913711547852,10561900
2008-02-05,34.60012501002006,34.849864840844965,33.283325070844086,33.542144775390625,18114300
2008-02-06,33.74193607211988,34.3549332614399,33.11986247257754,33.505821228027344,18702000
2008-02-07,33.64203430317926,34.504767731025595,32.73843625073948,34.23232650756836,18039200
2008-02-08,33.90086400078632,34.423041669875246,33.77372150527619,34.105194091796875,13644300
2008-02-11,34.40941930857273,35.41291345470825,34.14151970830845,35.30847930908203,13340900
2008-02-12,35.944173350023945,36.79782347696008,35.303933156613155,35.73529815673828,21728600
2008-02-13,36.24384611678805,36.50720739457022,35.84426599704339,36.489044189453125,12955500
2008-02-14,36.684314000119365,36.72517863535427,35.63087178795626,35.71260452270508,14270300
2008-02-15,35.40837075325599,35.73529815673828,34.9815439576488,35.73529815673828,12094400
2008-02-19,37.233729343363926,37.34724681087418,36.39370077664367,36.61165237426758,14695700
2008-02-20,36.33013518997581,37.92391811141981,36.06677380552325,37.80586242675781,14686500
2008-02-21,38.43702135457737,38.5505388402883,37.54704468231711,37.77861785888672,16537200
2008-02-22,38.45063896814842,38.45063896814842,37.37903373543456,38.3189582824707,14575700
2008-02-25,38.23268234806053,38.77302661153679,37.819480560438514,38.59593963623047,14288600
2008-02-26,38.38707992711127,39.41781734878144,38.19637135003598,39.28613662719727,13911400
2008-02-27,39.14537953382678,40.20336360713336,39.05002523675291,40.06260299682617,17909000
2008-02-28,39.84463463921711,40.30778442356137,39.70387407555652,40.035343170166016,13273000
2008-02-29,39.413265754602406,39.472293590042405,37.75591005084294,37.9284553527832,21531400
2008-03-03,37.81494132985381,39.04093215826687,37.6514758860654,38.941036224365234,14919500
2008-03-04,38.6050211941467,38.85021935471957,37.07934952437948,38.06013870239258,19154900
2008-03-05,38.50965523100694,39.154436922956855,38.219050861794585,39.140811920166016,16905900
2008-03-06,38.97282539435359,39.02731157226989,37.3290908963942,37.38811874389648,18587200
2008-03-07,36.76149725307741,37.583362631421785,36.5344623119411,36.69338607788086,18916200
2008-03-10,36.74333319255728,36.77057974057291,35.28122765115921,35.46285629272461,20764100
2008-03-11,36.69792050589336,38.72761303346108,35.75799617361515,37.34724044799805,19477300
2008-03-12,37.52434205366831,38.0192801225254,37.13384160222182,37.42444610595703,16117000
2008-03-13,36.29380916253072,37.31092482225458,35.48556525212559,37.02940368652344,23648500
2008-03-14,37.674182706318405,37.77407864536191,35.612704805125475,36.38916397094727,20810000
2008-03-17,34.654611265649656,35.87151861810065,34.291353995198165,34.96337890625,27635300
2008-03-18,36.02591047720537,36.82053294059212,35.65811490272137,36.71609878540039,18063200
2008-03-19,36.89317627796692,36.902256150922206,33.832746378875605,33.973506927490234,27417100
2008-03-20,33.46494885080197,34.091567503847635,32.74297940271855,33.955345153808594,22579000
2008-03-24,34.37309097286269,35.231282829904096,34.03708020778346,34.323143005371094,16882200
2008-03-25,34.9633887932739,35.65357364517003,34.690947495532775,35.56730270385742,16501100
2008-03-26,35.97142573725579,36.162134304678176,35.126855265209066,35.97596740722656,14386900
2008-03-27,36.26657031357369,36.3210564936803,35.135933576455464,35.29486083984375,12652500
2008-03-28,35.20857624590748,35.27668741560766,34.7136383127456,34.90435028076172,13652400
2008-03-31,34.731821986843165,35.34027773992479,34.60014123830849,34.977020263671875,9704000
2008-04-01,35.41746762736424,36.31198627428886,35.18135270079831,36.2711181640625,13167000
2008-04-02,36.67068400980731,37.36995203177759,36.29834685154035,36.96128845214844,15630400
2008-04-03,36.652528993885326,38.0329021357681,36.652528993885326,37.5606689453125,14489800
2008-04-04,37.59244398234698,38.2508438911353,37.5197911421694,38.005645751953125,13811000
2008-04-07,38.595944396675264,38.99552469152405,37.84218664325114,38.00111389160156,10201700
2008-04-08,37.64240053518162,38.65043640490609,37.48347674136895,38.4143180847168,10906800
2008-04-09,38.56869903033832,38.77302910288919,37.79677810944716,38.11916732788086,10706200
2008-04-10,38.11916465243169,38.43247397501285,37.51525435102786,38.17819595336914,9370700
2008-04-11,37.72867113360248,38.028358968627,37.36087557632588,37.533424377441406,8391400
2008-04-14,37.30638293473622,38.31441515648032,36.94312564569598,37.75136947631836,12625000
2008-04-15,38.1600358581716,38.350744389974565,37.842184840888166,38.2099838256836,8194100
2008-04-16,38.93194960103943,39.59035298970669,38.84567868163199,39.472293853759766,14150200
2008-04-17,39.24979184555055,40.08527855562713,39.14535427465227,39.86278533935547,14112200
2008-04-18,39.86733899638519,40.2124296294864,39.44959205143996,39.85371398925781,12362300
2008-04-21,39.98085088195101,40.86174401769805,39.75835416560208,40.60292434692383,8314900
2008-04-22,40.33957647378634,41.06609123326258,40.22605897565306,40.50758361816406,11681500
2008-04-23,40.46670546322173,40.63925075560265,40.012635622377005,40.25329208374024,10554500
2008-04-24,40.07167460309751,40.139785791029375,39.14082978467942,39.22710418701172,12142300
2008-04-25,39.54495454999461,39.80377777513222,39.07272479960102,39.77653121948242,9145500
2008-04-28,40.29871651610294,40.32595961024861,39.54950024858147,39.5631217956543,8493900
2008-04-29,39.227096004216506,39.227096004216506,37.9284558918539,38.110084533691406,11493200
2008-04-30,38.59593397701704,42.460069042831456,38.47787485603075,41.0115852355957,29863000
2008-05-01,41.54285172809652,42.591755490873126,40.92531642341674,41.69269561767578,20814000
2008-05-02,43.23199496131468,43.37275552239035,42.11498341791151,42.41012954711914,17122800
2008-05-05,42.419205996056334,42.82786956778945,42.19217106334662,42.61445617675781,11619300
2008-05-06,42.3284017217436,42.86420440673828,42.151314716593376,42.86420440673828,11195200
2008-05-07,42.98680535641101,43.00951024174653,41.28858455454359,41.511077880859375,14216600
2008-05-08,41.77444504619045,42.19218866522525,41.343079879794885,41.95607376098633,10583700
2008-05-09,41.556468369220845,42.17400360107422,41.24770075329416,42.17400360107422,8162300
2008-05-12,42.41012113192394,43.08668418177855,41.80166578244436,43.00495147705078,9493300
2008-05-13,43.36821818630304,43.51352041930784,42.89598506296783,43.14572143554688,11097700
2008-05-14,43.259242813937576,43.60433694754483,42.750686684704576,42.79609298706055,8834700
2008-05-15,43.18204786138864,44.044781385506845,43.03220395926884,43.96759033203125,10369200
2008-05-16,44.55787234772805,45.26622365694766,44.52608759735959,45.19811248779297,12181300
2008-05-19,45.48417420509952,46.3196644967627,44.9846980831385,45.42060470581055,15449000
2008-05-20,45.04372504532999,45.66580194983418,44.557870473405,45.62039566040039,14820000
2008-05-21,45.81564829517834,46.08354784228892,44.689553549352304,44.83939743041992,14657300
2008-05-22,45.04375015368745,45.234462218460905,44.11745024720953,44.26275253295898,9773100
2008-05-23,44.61690631054292,44.69863902555713,43.577085894525766,44.24910736083984,11263700
2008-05-27,44.07656183173431,44.33083984857347,43.13209567736292,43.48173141479492,11999700
2008-05-28,43.804120711135816,45.179951856605214,43.15025899278277,45.04827117919922,12813600
2008-05-29,45.16633159861711,46.410482102043055,44.23548695724197,44.30813980102539,18845100
2008-05-30,45.08914382837083,45.4796442314012,44.63053224541125,45.06189727783203,10783300
2008-06-02,44.61235909202842,45.17086648585968,44.27180673254729,44.694091796875,10978300
2008-06-03,44.7258838705579,44.7258838705579,43.20929211079562,43.40908050537109,14107600
2008-06-04,42.973178642487895,43.08215445757768,42.23304589090679,42.27391052246094,16948600
2008-06-05,42.82333857383875,44.20371172451692,42.73252596382899,44.19009017944336,12947600
2008-06-06,44.203705989608416,44.29452205211487,43.00042000955671,43.04582977294922,12576300
2008-06-09,43.16388979157279,43.368223354519095,42.39197223629717,42.9913444519043,8863800
2008-06-10,42.11498868229965,42.24666938607637,40.92532414300158,41.524696350097656,17760300
2008-06-11,41.47021037531528,41.68816201662937,40.81180685320653,40.8708381652832,13812600
2008-06-12,41.13419622136044,41.71086701347001,41.00251898086059,41.2431755065918,11698000
2008-06-13,41.52015297401151,41.77443101072509,40.9934302245009,41.23862838745117,11323900
2008-06-16,41.15689909907822,41.97876458220099,41.12057267243842,41.66545867919922,10477600
2008-06-17,42.541826056494834,43.15481995943032,42.1921901618616,42.68258666992188,9144700
2008-06-18,42.54180800858397,42.56905109271427,41.71993917311143,42.17855072021485,13741200
2008-06-19,42.22849534905475,42.25573843103358,41.48382108455774,41.7744255065918,15482200
2008-06-20,41.6382073591505,41.67453378163061,40.34865053961143,40.45762634277344,19744500
2008-06-23,40.48941892552955,40.83451307726241,40.17157132806441,40.48033905029297,14142500
2008-06-24,40.38497979225316,41.01159503469557,39.97631617140875,40.37589645385742,15728400
2008-06-25,40.64252430839058,42.206576906795135,40.551057101716026,41.826995849609375,22156700
2008-06-26,40.999240631060246,41.30564794487417,40.26752037078916,40.44587707519531,18149300
2008-06-27,40.29038317038964,40.82545326519001,40.171477541839344,40.52819442749024,14135900
2008-06-30,41.04495637129629,41.42453730660254,40.83458709716797,40.83458709716797,11887600
2008-07-01,39.96567106240301,40.58305972618941,39.49462640402609,40.14402770996094,16154000
2008-07-02,40.62422541383439,40.68825070535351,38.337597890675184,38.39704895019531,18822300
2008-07-03,38.62114059780585,38.849803368637424,37.47325600039559,37.98545837402344,14003700
2008-07-07,37.92144435359029,38.46108879278543,37.15771130929827,37.432106018066406,19531500
2008-07-08,37.14855203287162,37.45038504960882,36.32536473428529,37.39093399047852,20317200
2008-07-09,37.596733549572434,37.61045275799717,36.11042549219662,36.27048873901367,14114000
2008-07-10,36.27049498775475,37.66533956986042,36.142444368240334,37.56930160522461,21395600
2008-07-11,37.27203046094664,38.1226562205344,36.89702366826621,37.336055755615234,18336400
2008-07-14,38.1638087274086,38.18667639634639,37.66075141282492,37.76593780517578,13114200
2008-07-15,37.18971255164552,38.24613342623355,36.06011791631734,37.711063385009766,19423800
2008-07-16,37.77508601045305,38.19125389472703,37.395505003962505,38.11808013916016,13294800
2008-07-17,38.054060940614704,38.28729796243291,36.54945936974991,36.951908111572266,14345000
2008-07-18,36.95189427185464,37.65160158612825,36.599751754649205,37.00677108764648,12705600
2008-07-21,37.40923132837069,37.87570185344499,37.40008286347914,37.77051544189453,9092900
2008-07-22,37.30405751544067,37.40924396251552,36.82843836484498,37.24003219604492,9645800
2008-07-23,37.02964424792149,37.31318380922548,36.63176982881613,36.6775016784668,11674500
2008-07-24,36.81928875131585,36.91532671832059,35.38328650142404,35.4427375793457,13685600
2008-07-25,35.07686937079086,35.739993532205546,34.907661145109,35.39699935913086,9560400
2008-07-28,35.73541696488488,35.99609237982606,35.18662771946667,35.27809143066406,8216400
2008-07-29,35.762842114065464,35.95949216039705,35.50216679582273,35.922908782958984,8327500
2008-07-30,36.85129415257428,37.77509024080128,36.695801649139774,37.69734573364258,13003200
2008-07-31,37.454969984438506,37.58759483650403,37.04337621753129,37.153133392333984,8721900
2008-08-01,37.038796095821866,37.12111483611626,35.982375169641365,36.165306091308594,9320400
2008-08-04,35.52962425872466,35.671394067346625,34.303991605051145,34.5966796875,13796400
2008-08-05,34.6607054448127,35.223213943237525,34.20795410647514,34.69729232788086,12141300
2008-08-06,34.91223815499444,35.6256685356433,34.825348654819365,35.4427375793457,8896400
2008-08-07,35.31924950017018,35.429006641974354,34.413743485214994,34.715579986572266,8434700
2008-08-08,34.03417405704671,34.42290016196797,33.8695365438136,34.12106704711914,7185800
2008-08-11,34.18965771033521,34.28569565325181,32.712494708446066,32.9503059387207,15223100
2008-08-12,32.867980266152536,33.2887188289214,32.37406795901544,32.4197998046875,10007600
2008-08-13,32.1408402884577,33.41220480637812,32.10425340571191,33.133235931396484,11483800
2008-08-14,33.34817978762639,33.75519926653683,32.81310970714197,33.028053283691406,8416200
2008-08-15,32.74450736469901,32.89999985978363,31.912175036752647,32.149986267089844,9277600
2008-08-18,32.64847601248893,32.64847601248893,31.41826896762764,31.65608024597168,8939300
2008-08-19,30.970085298301115,32.56157618100741,30.9426468831528,32.25516891479492,11265700
2008-08-20,33.046336247975994,33.70945671979405,32.840537712879424,33.540245056152344,9519400
2008-08-21,33.9838582824154,34.52350253570287,33.736902082865186,34.17593765258789,8462200
2008-08-22,34.4091714067534,34.46862595783552,33.361895539379326,33.68659973144531,7459000
2008-08-25,33.70032743319711,33.71862087743971,32.69420893456031,32.80854034423828,9797800
2008-08-26,32.65761595531977,33.151524848514576,32.49754923743083,32.68962860107422,7823400
2008-08-27,33.233848107849845,33.75977320758636,33.005185324409375,33.65458679199219,7148700
2008-08-28,34.30856073301139,34.38630872712364,33.59055976938878,33.98386001586914,7052600
2008-08-29,34.0387334635198,34.271970420523644,33.435064007657594,33.55854034423828,4970700
2008-09-02,32.374065469024515,32.87712271095785,31.88015319987576,32.05850982666016,11414500
2008-09-03,31.97619624561717,32.621026837541784,30.87404366965393,31.43655204772949,11956700
2008-09-04,31.07069401463141,31.2078895642206,29.314562369134546,29.67584991455078,18460100
2008-09-05,28.87095989845168,29.607252503196264,28.23527771948082,29.465482711791992,18280600
2008-09-08,30.75514302725061,30.86490018154751,28.64687197703389,28.834375381469727,23604200
2008-09-09,27.99747562585717,28.377054991573,26.52031405035708,26.703243255615234,22174900
2008-09-10,27.123979856108,27.61789055855332,26.076703894802687,27.416667938232425,24011700
2008-09-11,26.13615060164761,27.80996170680837,26.021819237238933,27.73678970336914,22481900
2008-09-12,27.96545257404475,29.34200318546057,27.805387616325746,29.16364479064941,22671600
2008-09-15,26.76725994491313,27.974598940145217,26.27334933075376,26.433412551879883,29446100
2008-09-16,24.883077625447832,26.931895428867463,24.50807089660431,26.79927062988281,31477900
2008-09-17,25.994386234211127,26.0446923275222,24.174230621347988,24.34801483154297,32248200
2008-09-18,24.9242379622026,26.0401114741208,23.136095455247084,25.15290069580078,29223100
2008-09-19,28.81151215987499,29.72616333955356,27.677344906420604,28.94870948791504,28347700
2008-09-22,29.43803825106994,29.630114088187224,28.715463257210427,28.78863525390625,20275500
2008-09-23,28.39991247622358,28.742906596683085,26.524878648868285,26.95019149780273,22246500
2008-09-24,27.32519808130717,27.631605322822555,26.753541217681505,26.881591796875,12053300
2008-09-25,27.896858688496703,28.66059152340024,27.65904919196905,28.326744079589844,16532300
2008-09-26,27.36178419985256,27.60873863223216,26.854152639888607,27.56757926940918,14431700
2008-09-29,25.54163148831525,25.5736441375246,22.253461383709286,23.31903076171875,30342700
2008-09-30,24.375450008573065,25.870904677000283,24.311424714530784,25.75200080871582,21988300
2008-10-01,25.651383968708103,25.9029126114957,24.42575165140908,25.72455596923828,17278600
2008-10-02,24.59953819052202,24.64984427286572,22.12540739312477,22.61931800842285,22342400
2008-10-03,23.094935216946013,24.064464682131625,21.43027085865584,21.677227020263672,28574800
2008-10-06,18.73205129882536,19.7107275498594,17.227450046375544,19.55523681640625,40806400
2008-10-07,19.80677042118376,20.140617867089425,17.305199076305524,17.49270248413086,35136400
2008-10-08,15.590228026296442,18.206130723342515,15.434737269942826,16.921045303344727,42437400
2008-10-09,18.12838215031693,18.974435353824752,16.11615104040298,16.331092834472656,32847900
2008-10-10,14.730445321056822,16.568892965169216,14.300560230520444,15.750280380249023,34882700
2008-10-13,17.858558268388066,20.122319568788384,17.103972331293377,19.77932548522949,31200800
2008-10-14,21.49430031076063,21.67723122399475,19.12992811396504,19.89823341369629,33349000
2008-10-15,18.585707607356102,18.59028183920208,15.869194828760197,15.99267292022705,30325800
2008-10-16,16.742687982386027,17.094828850883758,15.046010679717526,16.87531280517578,31944400
2008-10-17,16.834149091440782,18.471373163867785,15.549064052040116,17.158849716186523,30717100
2008-10-20,17.71222261708991,18.764071287047347,17.607037924550063,18.63602066040039,21666700
2008-10-21,17.48812380247942,18.17868437856273,17.039943381960484,17.305192947387695,19133100
2008-10-22,15.905782835239696,16.125298900443532,13.888978004865226,15.018571853637695,28418300
2008-10-23,14.382890805047024,15.814320454976684,14.122214474240227,15.041439056396484,27729900
2008-10-24,13.143537394379653,14.177093335791524,12.983473262906784,13.692328453063965,27774800
2008-10-27,13.747205031413175,14.03532060051696,13.061216744205025,13.257866859436035,21522500
2008-10-28,14.341726776028704,15.512478842931822,13.669457788227923,15.356989860534668,28305000
2008-10-29,15.416441295584017,17.035373890740292,14.680147003995858,16.267066955566406,28886100
2008-10-30,17.039951072939235,18.15582665244473,17.039951072939235,17.87685775756836,29306900
2008-10-31,17.03994283848683,17.817396330993596,16.921039007660085,17.22287368774414,19577300
2008-11-03,17.547588265925945,17.93631619411165,17.186302254913787,17.739665985107422,13145800
2008-11-04,18.43478934842844,19.82505737781056,18.402776706786764,19.48206329345703,24932800
2008-11-05,18.768640326530942,19.139072892405046,17.039948622404108,17.37837028503418,25900000
2008-11-06,17.200016817794378,17.34636087637838,15.828039960150267,16.4454288482666,25206400
2008-11-07,17.012511110983265,17.61618070813725,16.692382871387412,17.38751792907715,22419800
2008-11-10,18.128380464822584,18.334177265166563,16.783844276838828,17.46068572998047,18616300
2008-11-11,16.628356092828504,17.273185002620313,16.08413761057125,16.861591339111328,19791300
2008-11-12,15.95608767219304,16.05669984837353,14.817348064485628,15.1603422164917,25329700
2008-11-13,15.489617107090496,17.14970947250545,14.227399257519906,17.030805587768555,39333500
2008-11-14,15.905780896570825,16.43170593807026,15.425589453430431,15.800596237182615,25909500
2008-11-17,15.36613704638356,16.19389688028813,15.11918258707322,15.457602500915527,22618700
2008-11-18,15.530771600931583,15.768581040261047,14.52008279219996,15.187777519226074,20862200
2008-11-19,14.680147062324208,14.90880980002121,13.541407605545755,13.811229705810549,24725000
2008-11-20,13.47738016246064,13.719762955359103,12.183149225229592,12.297480583190918,28868400
2008-11-21,13.500252182049618,13.628302794263606,12.645052909731998,13.427080154418944,25033300
2008-11-24,14.030749652913851,15.22436975700548,13.966724347562517,14.488075256347656,29872700
2008-11-25,15.585655319172233,15.640533895772558,14.59325798519807,15.096315383911133,24582000
2008-11-26,14.895090743046312,16.738111869065293,14.831065454979884,16.596342086791992,19280500
2008-11-28,16.143586511344086,16.299077219440484,15.800592456239505,16.079561233520508,8019400
2008-12-01,14.949965927343362,14.98655279484526,14.145074032438078,14.2045259475708,21376900
2008-12-02,14.60697927460254,14.85850886705906,14.21825235700924,14.79905605316162,18171300
2008-12-03,14.32800730637203,14.76704022237699,13.779216379435614,14.401179313659668,19486700
2008-12-04,14.222821812074455,14.57038926223316,13.477380832623304,13.834095001220703,16327800
2008-12-05,13.399637937324696,14.69844253724053,13.102376511573937,14.506365776062012,18491000
2008-12-08,15.013998184533786,15.576508384476726,14.881373360397406,15.1603422164917,24356800
2008-12-09,15.110039891423288,15.759441476894438,15.009427690186216,15.23809051513672,16118000
2008-12-10,15.690835335558509,16.51859320536046,15.60394239174824,16.079561233520508,19204600
2008-12-11,16.27621668119062,17.49727508382668,15.933222512644504,16.152738571166992,22443300
2008-12-12,15.873762468596215,16.715241181784283,15.718271779923713,16.50029945373535,14488400
2008-12-15,16.61463353769364,16.852441223626485,16.006389884687643,16.335664749145508,13770900
2008-12-16,17.91801643371582,18.041494550143533,16.536892967392355,17.91801643371582,22589800
2008-12-17,17.067393335011964,17.378374920522877,16.806717850768834,17.058246612548828,18745600
2008-12-18,17.300615566554146,17.32348148083215,16.06126277582025,16.44084358215332,17463100
2008-12-19,16.788420528805908,17.021657536355928,16.385975300720244,16.64207649230957,12716800
2008-12-22,16.50944990464443,16.587196147061846,15.558213768791694,15.910354614257812,14906700
2008-12-23,16.04868929395954,16.105735706580017,15.345133192376345,15.587575912475586,14086600
2008-12-24,15.444957045475244,15.663629428780991,15.406926119640667,15.59232234954834,2668300
2008-12-26,15.630353630321002,15.801489173634076,15.321358697848575,15.71592140197754,4120300
2008-12-29,15.75276253707448,15.77189782154846,15.274391374271952,15.64273738861084,6384400
2008-12-30,16.197643156352076,16.403342842554398,15.982375830693757,16.341154098510742,7234600
2008-12-31,16.341157944318912,16.891285481044257,16.274186277206134,16.73820686340332,9452700
2009-01-02,16.67123150300757,17.891079223827372,16.604259843400694,17.55621910095215,9887600
2009-01-05,17.455761448819896,18.77128191404865,17.407923246088888,18.216371536254883,20790600
2009-01-06,19.0248204718674,19.51275925403526,18.713878500684395,19.254438400268555,21317800
2009-01-07,18.646908798173296,18.68039463554158,17.795408662508994,18.111133575439453,18219400
2009-01-08,17.92456027871716,18.359877775038704,17.632753704014952,18.259418487548828,16609800
2009-01-09,18.565582622672025,18.603851360878146,17.74278376557029,18.135047912597656,16126900
2009-01-12,17.74278432488502,17.766702515122937,16.8864996105445,17.140037536621094,19883900
2009-01-13,16.84345120548479,17.584926274976656,16.795614810617504,17.245283126831055,19469800
2009-01-14,16.719066209091338,16.719066209091338,15.79102533482436,16.116317749023438,26611500
2009-01-15,16.259834236745107,16.867363918350403,15.288739678093815,16.68079948425293,34127700
2009-01-16,17.226146722772906,17.326606065231292,16.360295987824326,16.924774169921875,20525800
2009-01-20,16.561207848611655,16.733421745711702,15.561412123639524,15.67143726348877,23153400
2009-01-21,16.14502390427867,16.90563399231832,15.78146268743822,16.809959411621094,19970600
2009-01-22,16.188075892282008,16.57077235519303,15.834080523563888,16.331586837768555,18919200
2009-01-23,15.738404336378784,16.776468379178265,15.618811603807032,16.561201095581055,17179100
2009-01-26,16.59947791780452,17.087416670038838,16.369860003489716,16.45596694946289,15758900
2009-01-27,16.695151440508347,16.919984607466677,16.451181167526077,16.714284896850586,13718200
2009-01-28,17.30267920419238,17.905427721291037,17.197438818940107,17.627971649169922,20554700
2009-01-29,17.417491750304237,17.532301617710804,17.12090217802859,17.18787384033203,16983200
2009-01-30,17.331384601016957,17.565787241148147,16.771691294235726,16.982173919677734,19176300
2009-02-02,16.54685568333435,17.082630780461642,16.326805425119318,16.809959411621094,12473800
2009-02-03,16.905636162450136,17.546653563114173,16.76690809387304,17.340953826904297,14319900
2009-02-04,17.685382971943497,18.36466916637276,17.37444097740879,17.51795196533203,24204400
2009-02-05,17.46054142526473,18.288123032741616,17.2357064722781,18.19723320007324,22414300
2009-02-06,18.335966686663934,19.40273411072894,18.23072445183133,19.254438400268555,21251600
2009-02-09,19.31662735908292,19.627567508637963,18.728231069317022,19.03917121887207,23010900
2009-02-10,19.000896674882323,19.321404368468567,17.804969176711797,18.10155868530273,28231000
2009-02-11,18.498604749432992,18.79997897499847,17.766697740757287,18.288122177124023,22099500
2009-02-12,17.73800058172337,18.508176490236163,17.561001967645236,18.422069549560547,19236700
2009-02-13,18.35987911866428,18.823897738363605,18.22593400048877,18.65168571472168,17472400
2009-02-17,17.895862277014885,17.93891574780325,17.307466059467846,17.412708282470703,21714100
2009-02-18,17.589703322578153,17.618406241860097,16.910415498297706,17.125682830810547,22308100
2009-02-19,17.513165941246687,17.690162734039685,17.030010117211642,17.14960289001465,17040400
2009-02-20,16.47031555389798,16.738204001384652,16.09240198284734,16.479883193969727,28957400
2009-02-23,16.79082330256038,16.87693023845788,15.154795170189397,15.283955574035645,28084600
2009-02-24,15.360497163597202,16.374643440802412,15.226552919708366,16.255050659179688,25533900
2009-02-25,16.25026272617786,16.781254804371763,15.566192080826848,16.40334129333496,34259600
2009-02-26,16.833876654041013,17.116115647565486,16.518151832881497,16.599475860595703,26120200
2009-02-27,16.006298874109902,16.781261481646375,15.977597771873048,16.360294342041016,27201600
2009-03-02,15.838867977788162,15.953676023971294,15.10695984021697,15.18828296661377,31270000
2009-03-03,15.480092712439127,15.762331800515415,14.896479249844448,15.393985748291016,27894300
2009-03-04,16.044565607329353,16.68558289341042,15.958458671524378,16.479883193969727,33228400
2009-03-05,15.977593546841057,16.427261669775362,15.752758572953548,16.044565200805664,24329300
2009-03-06,16.28853793187834,16.661668684416174,15.633169941609795,16.011083602905273,24602400
2009-03-09,15.700138029924346,16.25504838606105,15.68578748208554,15.795812606811523,21054200
2009-03-10,16.350727808094266,17.073067519200993,16.283756131880022,17.030014038085938,31465400
2009-03-11,17.283553654939496,17.374443534873308,16.68558959653983,16.99174690246582,25205000
2009-03-12,16.967818086999575,17.570564677750223,16.771686071573374,17.537078857421875,23513600
2009-03-13,17.718863894837682,17.7954031888284,17.077846623350162,17.42705726623535,23509200
2009-03-16,17.666239761122903,18.091989625050708,17.264408080311416,17.288326263427734,24441600
2009-03-17,17.20700745991768,17.862375295364185,17.05871177568698,17.838457107543945,20582100
2009-03-18,17.694949872930493,18.45556008437509,17.283550386573637,18.28334617614746,32207100
2009-03-19,18.881309132783382,18.91001023275768,18.31204631874596,18.46990966796875,29261000
2009-03-20,18.393371749364512,18.723447197889392,18.178104359091247,18.202022552490234,22908600
2009-03-23,18.689957454804148,19.57016029169479,18.685174547060747,19.560592651367188,24312000
2009-03-24,19.101354007326723,19.225729663298672,18.80476450090089,18.881303787231445,18476100
2009-03-25,19.0535224126187,19.51754115391599,18.64690586940402,19.0917911529541,25494800
2009-03-26,19.39794906241629,19.608433528663497,19.17311587098094,19.541460037231445,18907700
2009-03-27,19.005679909901403,19.115705022650783,18.661252200535976,18.75214385986328,14810500
2009-03-30,18.17810054319976,18.17810054319976,17.59927199018071,17.80497169494629,22152000
2009-03-31,18.25942293025579,18.46033972928031,17.9771857498094,18.03458976745605,18284100
2009-04-01,17.92934806373948,18.85738731257258,17.81454002514202,18.77128219604492,19925400
2009-04-02,19.76628751445713,20.23030792005732,19.684965328853984,20.010257720947266,25395400
2009-04-03,20.1681278379334,20.69433537891772,20.03896740699918,20.54604148864746,26709000
2009-04-06,20.20161247253418,20.311637612754023,19.84283412731428,20.20161247253418,15780700
2009-04-07,19.905021485091144,20.3020685436309,19.8045639934554,20.072450637817383,16481100
2009-04-08,20.34990695947787,20.569957226732257,20.07723557943637,20.32598876953125,16279400
2009-04-09,20.995710750515585,21.39275970493713,20.957442005119983,21.38319206237793,23564800
2009-04-13,21.143999623457656,21.598452461176123,20.651276227899864,21.45972442626953,20047000
2009-04-14,21.23967739611221,21.56496988743731,20.71346809551412,20.770872116088867,17929200
2009-04-15,20.627365232256864,20.904821398789743,20.493421882808587,20.856983184814453,16143300
2009-04-16,21.26838111941564,21.46929795349044,20.957440963481464,21.316219329833984,16112700
2009-04-17,21.34013703560969,21.421459254203285,20.92873755960628,20.9765739440918,14053700
2009-04-20,20.392960869531485,20.40252851068391,19.790212250815348,19.799779891967773,18953800
2009-04-21,19.69932193694725,20.37382511128857,19.21616610666165,20.34990692138672,17430800
2009-04-22,20.13464148784589,20.651281373522025,20.034183985747905,20.278152465820312,20639200
2009-04-23,20.56039074211577,20.761307563617112,20.25423351396233,20.71825408935547,17214100
2009-04-24,21.153573863192225,21.44538057082349,21.000495233753067,21.27316665649414,18855900
2009-04-27,20.80914525913962,21.06268138754319,20.43601634189042,20.54604148864746,18905500
2009-04-28,20.26380141135641,20.97657337499498,20.211180294945308,20.780441284179688,16608400
2009-04-29,21.07703417819344,21.890263698486773,21.07703417819344,21.63194465637207,21670800
2009-04-30,21.90939355996977,22.201200190245867,21.57453346252441,21.57453346252441,17300500
2009-05-01,21.67978467344164,22.62695951938717,21.560191862213543,22.37820625305176,17732600
2009-05-04,22.713058751144715,23.751124947854137,22.56954779153332,23.712854385375977,30268500
2009-05-05,23.82766790301889,23.94726069184682,23.210568674704923,23.55499649047852,28851400
2009-05-06,23.980741719968453,24.51651679556988,23.889850050779465,24.18644142150879,30817100
2009-05-07,24.497387089531376,24.51652237422436,23.31581154477784,23.607616424560547,25494500
2009-05-08,24.306038844004515,24.516521493542857,23.731993097724068,24.444765090942383,21555200
2009-05-11,24.01422997289341,24.52130217918645,23.736773854487748,24.35865592956543,17270400
2009-05-12,24.70786056306344,24.78918274951434,23.64587645869743,24.057275772094727,19262700
2009-05-13,23.26796562643609,23.33493727583861,22.689137142496588,22.813512802124023,22099300
2009-05-14,22.847003534382985,23.43061687569227,22.722627848039533,23.349294662475582,18380700
2009-05-15,23.416260890455803,23.53106890891521,22.73697311934888,22.89483642578125,15446300
2009-05-18,23.44017882001096,24.44954191423489,23.44017882001096,24.38257026672364,17437900
2009-05-19,24.439976734043515,25.17666858046128,24.291681053320755,24.674379348754883,23104000
2009-05-20,25.229297224651617,25.73158660641844,24.78441187441325,24.8657341003418,31480600
2009-05-21,24.420842708143663,24.573921304240542,24.038146217901453,24.454328536987305,25583700
2009-05-22,24.66003299406471,24.82746399538379,24.33474045847233,24.71265411376953,16470800
2009-05-26,24.344314371791697,25.463703250311266,24.253424484696254,25.41586685180664,25235700
2009-05-27,25.82725299717663,26.13341016777516,25.13361463106647,25.224504470825195,28931500
2009-05-28,25.760283746727264,26.13341445636189,25.363236671213176,26.104711532592773,24168700
2009-05-29,26.693096339195765,26.78877088589916,26.15253670143576,26.40607452392578,24032100
2009-06-01,27.33891545620294,27.817286667511187,27.21453791935164,27.46329116821289,25948300
2009-06-02,27.367617750248563,27.7311809085527,27.13799977782347,27.41067123413086,28768200
2009-06-03,26.932294286949983,26.970564853320457,25.66461188580517,25.94206619262696,32064100
2009-06-04,25.98991022974942,26.90838213054824,25.96120729853391,26.822275161743164,20904500
2009-06-05,27.44892935586192,27.47763044886833,26.38694511845017,26.73137283325196,25675000
2009-06-08,26.119062394696265,26.855754356686205,25.918147400430463,26.611785888671875,15443600
2009-06-09,27.14756083736899,27.181046669507097,26.406085972417856,26.77921485900879,16629500
2009-06-10,27.30064061368596,27.38674756424204,26.2434408399976,26.750513076782227,21247000
2009-06-11,26.937069584143707,28.04210534080338,26.846177933273584,27.72159767150879,23984900
2009-06-12,27.05188019088048,27.353254437471293,26.96099035612351,27.20974349975586,16534400
2009-06-15,26.73138537667352,26.73138537667352,25.626347156383986,26.12385368347168,20097200
2009-06-16,26.44913874886718,26.482624580122867,25.44934306961939,25.46369361877441,21912400
2009-06-17,25.18144295914956,25.559356394231006,24.664803355041823,25.353656768798828,26580200
2009-06-18,25.372801758825133,25.55936618244519,24.990105271291583,25.18623733520508,22279600
2009-06-19,25.76507101274792,25.841610325482527,25.39672499994976,25.434993743896484,21386100
2009-06-22,24.80832525176857,24.899215102777266,23.84201542193568,23.885068893432617,25371300
2009-06-23,24.1383188027182,24.606226600391995,23.824770765810594,24.456689834594727,26065200
2009-06-24,24.98248403478074,25.257440745034565,24.38433146502262,24.683406829833984,17542800
2009-06-25,24.55799118441605,25.71570512061272,24.44221905474216,25.67229080200196,22912700
2009-06-26,25.78323561338163,26.07266314949235,25.59510753089612,25.86041641235352,18680400
2009-06-29,26.043712963118075,26.09195025661307,25.70604638824872,25.77840232849121,14100300
2009-06-30,26.14020171274564,26.19326386841983,25.27674191450408,25.551698684692383,19204400
2009-07-01,26.18843789763493,26.42480331316087,25.81217985474793,25.86524200439453,17543800
2009-07-02,25.387687290157764,25.43592460611741,25.11273054088934,25.18026351928711,13749200
2009-07-06,24.58692862570193,25.09825065223499,24.23479116814053,25.09342765808105,22875800
2009-07-07,24.84260229565391,24.910135289026154,23.88266403806489,24.01290702819824,20182000
2009-07-08,24.152782396417336,24.27337747602403,23.168726105194366,23.718639373779297,27344600
2009-07-09,24.03702174955196,24.26373933845952,23.6173493800292,23.935720443725582,15368500
2009-07-10,23.43404156569473,23.88747849570145,23.28450297381925,23.815120697021484,15986100
2009-07-13,23.90677102950322,24.27337928923367,23.24108562511013,24.25408363342285,17468800
2009-07-14,24.393978843905767,24.490455300487778,23.8199467794526,24.14314079284668,14927300
2009-07-15,24.842593559714725,25.701230185168328,24.823297899783416,25.58063507080078,34928200
2009-07-16,25.41180011900009,26.145018562236974,25.32497149808157,25.90865135192871,16886600
2009-07-17,26.19326588703888,26.22703238140912,25.768770449066785,26.07749557495117,15435800
2009-07-20,26.69976416919712,26.989193619135023,26.550227368191607,26.878246307373047,19766400
2009-07-21,27.254490504192,27.302727804428585,26.40067704103208,26.92647171020508,21310200
2009-07-22,26.637045213228426,27.1628399018389,26.555039591632603,26.72869682312012,16366200
2009-07-23,26.931297529534643,27.823700497503506,26.81552542854249,27.457090377807617,21015900
2009-07-24,27.466749764265185,27.67417356239785,27.196617815170285,27.534284591674805,11103300
2009-07-27,27.69346144960529,27.818879556441715,27.25931831029579,27.75134658813477,13170800
2009-07-28,27.466746697447483,27.71758479369661,27.09531346877872,27.61628532409668,13101900
2009-07-29,27.18213994496477,27.20626044163489,26.70940728437201,26.97471618652344,17782400
2009-07-30,27.712760691261348,28.0166609280596,27.572869901609,27.736879348754883,17348800
2009-07-31,27.727232954017254,28.190317826369377,27.57287132989988,27.785118103027344,17352400
2009-08-03,28.88011290868135,29.28048950836266,28.629274889628324,29.13095092773437,19445900
2009-08-04,28.99106702483206,29.60851530996674,28.90906322391492,29.34320640563965,16610500
2009-08-05,29.319085038363266,29.78699469364938,28.677519955678203,29.516860961914062,18526500
2009-08-06,29.618168920184868,29.758057892583818,28.60999341490464,29.01036834716797,21409100
2009-08-07,29.487911609662785,29.65674399782027,29.13577417140929,29.439672470092773,13781300
2009-08-10,29.23225963293063,29.40109392396164,28.8801220638235,29.33356094360352,13581800
2009-08-11,28.81740625070896,28.841524902970708,28.378440155058342,28.706457138061523,14998600
2009-08-12,28.571395765800304,29.19849002520189,28.556924940164546,29.04412841796875,15784500
2009-08-13,29.420386219429364,29.45415270574343,28.97177222681623,29.362499237060547,16977800
2009-08-14,29.497576111570865,29.536165604905207,28.53763785305936,28.84636116027832,17483400
2009-08-17,27.71276074542943,27.968421827604715,27.41368534362668,27.81406021118164,18613700
2009-08-18,27.949122389360888,28.49903764372256,27.92018074027657,28.441150665283203,12973300
2009-08-19,27.794765355062687,28.86565071016899,27.732057211665698,28.638931274414062,15113200
2009-08-20,28.653406604231847,29.082725017262604,28.590696614871536,29.01519203186035,9752000
2009-08-21,29.43968194882736,29.67604920848635,29.32873465229701,29.6181640625,12189600
2009-08-24,29.955832760636984,30.11984222858824,29.39144837512395,29.540987014770508,12081100
2009-08-25,29.66157769249292,29.975123912754423,29.04412940249481,29.06342506408692,11553400
2009-08-26,28.923528353440147,29.1743663823524,28.653396507023256,29.048948287963867,10581100
2009-08-27,28.91870817315997,29.159898396722387,28.2385518163194,29.06824493408203,13951600
2009-08-28,29.106841791990053,29.212966099395707,28.56657610363855,28.72093772888184,10758800
2009-08-31,28.24820095234217,28.349500409290226,27.86711993985898,28.07936668395996,13986000
2009-09-01,28.137251919257835,28.60998452915089,27.336498623159105,27.428152084350582,22013200
2009-09-02,27.341321994059616,27.98288698737117,27.254493372388094,27.635574340820312,13278500
2009-09-03,28.03112937307102,28.14689965525866,27.71275833685182,28.07936668395996,13048600
2009-09-04,28.30126214584809,28.94765206876341,28.089015395090644,28.86564826965332,12096900
2009-09-08,29.584392615006163,29.71945854637952,29.4252061900573,29.70016288757324,14363500
2009-09-09,29.840052268510416,29.95099954129329,29.46861913434068,29.72910499572754,16003800
2009-09-10,29.7194633262092,30.389971936416377,29.55545388024852,30.3465576171875,15362500
2009-09-11,30.476803561517503,30.53951354880142,30.00889383510081,30.14878463745117,12556400
2009-09-14,29.81593945190696,30.534685368466988,29.753229471491355,30.51056671142578,11539600
2009-09-15,30.55880665418637,30.93988772467909,30.254908237081704,30.84823608398437,13936200
2009-09-16,31.248601356640684,31.673098459034787,30.99776517090172,31.615211486816406,17691100
2009-09-17,31.43190796894522,31.928759181644143,31.15212645956922,31.30648803710937,15996100
2009-09-18,31.673105001671978,31.72616347016105,31.33543644771889,31.44156074523925,13677100
2009-09-21,31.214841898508023,31.66828074888421,31.01706780607599,31.547685623168945,12388700
2009-09-22,31.933583034527462,32.671628184793946,31.67310084063413,32.194068908691406,17403400
2009-09-23,32.19407554975751,32.49797763910702,31.65381171139637,31.687578201293945,18626700
2009-09-24,31.93841354056938,32.03006701634739,30.930240028096385,31.19554710388184,21458800
2009-09-25,31.25825156859997,31.648978517119588,31.084594329197827,31.504262924194336,15126100
2009-09-28,31.620048946321063,32.203729014891294,31.581457616100263,32.05901336669922,10877000
2009-09-29,32.30019319234957,32.35808016892079,31.83710842059161,32.11688995361328,11784600
2009-09-30,32.60892012871579,33.04306330231871,32.04936067850505,32.62821578979492,19194700
2009-10-01,32.68609552682007,32.71503717188715,31.759922401701044,31.85157585144043,17552600
2009-10-02,31.47050413517938,32.67645543674496,31.38850032993804,32.464210510253906,29566600
2009-10-05,32.676446051157086,33.44825392642002,32.47867200824764,33.42413711547852,19506600
2009-10-06,33.88240037824988,34.24901053558545,33.27460368614561,33.65085983276367,25563800
2009-10-07,33.5785132554511,33.80040788582068,33.221552648358454,33.75217056274414,17068100
2009-10-08,34.06570883761066,34.63009308306097,33.79557328196621,34.58185577392578,18317300
2009-10-09,34.581852401748364,34.88092589738545,34.42749081940556,34.789276123046875,12797100
2009-10-12,35.24271300809156,35.54179019933421,34.90504817948745,35.18482971191406,10457800
2009-10-13,34.95810410012516,35.204119105911275,34.6204356513409,35.11729049682617,15106100
2009-10-14,35.840859901365164,36.574076381810514,35.734735640187715,36.54030990600586,19650700
2009-10-15,36.28949067213177,36.82010854511765,36.17854152546752,36.68021774291992,15501300
2009-10-16,36.05794120545245,36.58855900218752,35.8649882756567,36.41490173339844,19572000
2009-10-19,36.44384833540172,37.17706507785879,36.23642457268834,36.78151321411133,17615000
2009-10-20,35.734741248735176,35.81674503423553,34.31171684729353,35.377777099609375,54516500
2009-10-21,35.546617358535364,36.79115615125119,35.52732169845756,35.942169189453125,26678600
2009-10-22,36.00969861762052,36.41007524424378,35.44531441687428,36.25088882446289,16043200
2009-10-23,36.83940798755385,36.84905398029722,35.72028513545398,35.86017227172852,15300900
2009-10-26,36.17853838788809,36.588561086896576,35.04012008552751,35.53215026855469,17793400
2009-10-27,35.27165233412153,35.46942636285627,34.40336623651293,34.48054885864258,22804400
2009-10-28,34.32137337876415,34.48055982734327,32.174777941366614,32.27608108520508,33833400
2009-10-29,33.26494805624713,35.07387434492242,33.23600641331471,34.76032638549805,28425100
2009-10-30,35.14625237967501,35.16072320947762,32.753644938479546,33.2022590637207,35206700
2009-11-02,33.583318342208216,34.2441770082909,32.821156572885585,33.568843841552734,18851500
2009-11-03,32.76327274897475,34.58184874387095,32.67644413807427,34.25382995605469,23801800
2009-11-04,34.99188064531433,35.48873195349044,34.25383909586664,35.006351470947266,23586000
2009-11-05,35.20894956255428,36.033819726677095,35.0690587842732,36.024173736572266,17723000
2009-11-06,35.43567472953394,36.05312124413582,35.35849575534448,35.8842887878418,14831700
2009-11-09,36.51619081834139,37.4423638821585,36.49689884308706,37.16258239746094,17504000
2009-11-10,36.81044842682649,37.32177417119768,36.27018471540556,36.99375534057617,15904100
2009-11-11,37.40861340944203,37.42790539294998,36.366669646978224,36.68021774291992,14170100
2009-11-12,36.51620612543616,36.82975421866886,35.20895527790962,35.474266052246094,16990500
2009-11-13,35.3922463165039,36.429361087048186,35.2234102559317,36.15922927856445,18974900
2009-11-16,36.53549731648855,37.19635991330773,36.48726000349739,37.0323486328125,14150100
2009-11-17,36.9599970804584,37.54849822841685,36.37631708794546,37.509910583496094,14116500
2009-11-18,37.71732754014688,37.736623199256,36.50172677816705,36.902103424072266,19326000
2009-11-19,36.61749589259988,36.689850004356735,35.80709671849146,36.58855056762695,17214200
2009-11-20,36.23642503765442,36.419728305552944,35.74439485919706,36.22195053100586,12805100
2009-11-23,37.0709409465337,37.23977338665261,36.56444362617699,36.75739288330078,13854000
2009-11-24,36.61749891097484,37.01787185668945,36.144764486998255,37.01787185668945,13526700
2009-11-25,37.14329234534407,37.75109270510726,36.84903999468008,37.55813980102539,12283100
2009-11-27,35.7829834089778,36.96963892345134,35.74921692329131,36.45831680297852,17733000
2009-11-30,36.84903914666411,37.00340073032314,36.376308406826666,36.88763046264648,18285900
2009-12-01,37.57743541395386,38.30100604318172,37.51472360404764,38.069461822509766,18720200
2009-12-02,38.17075531902982,38.64831450967454,38.11769318673597,38.48912811279297,16691400
2009-12-03,38.82679208718744,39.03904061201968,37.9199183833704,38.0501594543457,14994300
2009-12-04,38.78821039501249,39.000455272064606,37.1915287410758,37.57743453979492,21124800
2009-12-07,37.50026534694655,38.19971939775513,37.292841549847694,37.51473617553711,17890800
2009-12-08,37.14329274260013,37.186705214340826,36.26536051589496,36.66573715209961,18489000
2009-12-09,36.47279569358451,36.92140977706335,36.18818923963019,36.89728927612305,14976600
2009-12-10,37.09988038168872,37.37965823215144,36.65126643767517,37.15293884277344,10395000
2009-12-11,37.394128866179976,37.50025314835157,37.10470134770237,37.35554122924805,13177600
2009-12-14,37.76556458820355,37.82345156513303,37.44237058095628,37.693206787109375,10448900
2009-12-15,37.403778535615885,37.794505501547135,37.26388777095975,37.35554122924805,12549400
2009-12-16,37.55331515183297,37.80897618688923,36.98893094082908,37.20117950439453,13657200
2009-12-17,36.36184527168703,36.52585657575513,35.38261332416717,35.47909164428711,21065300
2009-12-18,35.31507544964715,35.87463858803747,35.14141817775161,35.59968185424805,17023200
2009-12-21,35.889101267179264,36.11099580194895,35.22823881691045,35.39225006103516,13311400
2009-12-22,35.778635780005104,35.888035972924584,35.37087383886234,35.833335876464844,13588700
2009-12-23,36.06704747830421,36.50961814950728,35.62945057696712,36.16650390625,10581100
2009-12-24,36.5593383089807,36.75824733749593,36.42507689621056,36.693603515625,3427100
2009-12-28,37.23563928878283,37.24558683019458,36.79804231355197,36.86268615722656,5923700
2009-12-29,37.24665919729189,37.27155774569936,36.92294767147608,36.97772979736328,8633000
2009-12-30,37.057420305045405,37.27156381438958,36.90801379201432,37.11717987060547,7850900
2009-12-31,37.42095724588362,37.44087836062815,36.83329765939451,37.15700912475586,5246700
2010-01-04,37.96878034819338,38.556440023605205,37.84925744120454,38.44189834594727,12115900
2010-01-05,38.54648439679647,38.80047391874716,38.16799072873181,38.48672103881836,12605000
2010-01-06,38.43193955676046,38.989719508572975,38.3173978681661,38.7407112121582,11989600
2010-01-07,38.49667974810452,38.56640175917116,38.098264999525455,38.31241226196289,9750900
2010-01-08,38.541498555909634,38.82536782310432,38.347272415174565,38.58134078979492,9772600
2010-01-11,38.84529358755698,38.9150156054156,38.10324994059595,38.48672103881836,10018500
2010-01-12,37.82931900928311,38.39705730708694,37.60023195925376,37.90402221679688,15398800
2010-01-13,38.30245069659282,38.382131360523545,37.356218590192846,37.794471740722656,18802600
2010-01-14,37.58032393056879,37.75462894239302,36.99764554837166,37.09226989746094,19433900
2010-01-15,37.18688359729057,37.22672582110139,36.38507689102483,36.62412643432617,21758900
2010-01-19,36.733692871726326,37.2914688405585,36.70879053044754,37.1619873046875,12202000
2010-01-20,36.49464654941478,36.50958643568103,35.46375260183807,36.086273193359375,21743300
2010-01-21,35.82233102480942,36.01655717768286,34.32828135681998,34.42788314819336,31602000
2010-01-22,34.08424993883218,34.572303973386404,33.60615456231273,33.850181579589844,26948300
2010-01-25,34.378087938887894,34.4876522072602,33.52149871295761,33.815330505371094,17155200
2010-01-26,33.31730118498068,33.93484051762122,32.96370996227667,33.282440185546875,21053800
2010-01-27,32.96869956029384,33.26751257952427,32.4607242668198,33.13802719116211,26161600
2010-01-28,33.411924081521434,33.476668656150444,32.38103011181678,33.04837417602539,22456200
2010-01-29,33.37208824394828,33.616115276148925,32.03242258226777,32.21669006347656,26721800
2010-02-01,32.66489105657361,33.73064955695882,32.595169070505875,33.6659049987793,19448900
2010-02-02,34.029463165046195,34.368114485361,33.616108621215936,34.21870803833008,19502700
2010-02-03,34.00954212199974,34.19380956710789,33.64598845991173,33.7455940246582,15321400
2010-02-04,33.02844229254632,33.07824316478772,31.62901574509776,31.73360061645508,32291900
2010-02-05,31.59416576757316,31.813294241294045,30.3043029691769,31.718669891357425,38632400
2010-02-08,31.58919233550766,32.18681072140812,31.1957587749566,31.29536247253418,22577800
2010-02-09,32.39099725258258,33.172883093384684,32.186808640866815,32.55534362792969,33275200
2010-02-10,32.75453646371895,32.92386401294614,32.12205731703643,32.5354118347168,22129400
2010-02-11,32.60016000185698,33.53145223520727,32.23661008051134,33.332244873046875,24164000
2010-02-12,32.550359148881874,33.29738390817464,32.38601278994201,33.182838439941406,19550500
2010-02-16,33.78046103005397,34.24859396914342,33.56133254820499,34.034446716308594,16904400
2010-02-17,34.39799964907203,34.487642771435226,33.81532125349341,34.12907028198242,21792000
2010-02-18,33.9796666848931,34.88605654205334,33.9796666848931,34.77151107788086,20770300
2010-02-19,34.39301975857547,35.02052163953708,34.35318132452492,34.73665237426758,19053300
2010-02-22,34.985653766048095,34.985653766048095,34.32827223872554,34.44281768798828,17408200
2010-02-23,34.10916098998674,34.28844729686325,33.252571701480264,33.531463623046875,20879800
2010-02-24,33.695803124391134,33.939830181075976,33.272485998048246,33.536434173583984,17222100
2010-02-25,32.63004117487128,33.85018394567176,32.44577749161593,33.61611557006836,21681000
2010-02-26,33.840215280174185,34.19381029307663,33.416902069814704,34.04938507080078,16268400
2010-03-01,34.39301447750182,34.74660569752124,34.278472822902096,34.701786041259766,15988100
2010-03-02,35.14502486214353,35.59324047982478,34.985659731364024,35.15498352050781,18195800
2010-03-03,35.488660562647034,36.03149678058564,34.935861885911244,35.15000915527344,23456600
2010-03-04,35.35917365523267,35.44881678267922,34.627088747679906,35.140045166015625,17721400
2010-03-05,35.712760106378866,35.98667068085907,35.50857533231878,35.956787109375,19166100
2010-03-08,35.96675885075317,36.13608266809403,35.478700919210866,35.692848205566406,13109600
2010-03-09,35.40398547482303,36.68389132183365,35.359165820812606,36.38507843017578,20653200
2010-03-10,36.53448788680206,37.01258323346511,36.35022042836945,36.67891311645508,16992900
2010-03-11,36.59923242834849,36.82334213864237,36.22074261465278,36.77851867675781,12398100
2010-03-12,36.98270583049387,37.00262694615967,36.41994476173695,36.4697494506836,13590900
2010-03-15,36.37512661507899,36.5842926389288,35.98169311332465,36.45480728149414,14684000
2010-03-16,36.45480868080959,36.87812577333752,36.29046611265616,36.83828353881836,17340700
2010-03-17,37.077329414729874,37.201833548156856,36.494650982187096,36.63907623291016,15831700
2010-03-18,36.34026881578944,36.644059219888845,35.8571921469899,36.07632064819336,18034800
2010-03-19,35.50859069824219,36.31537528572116,35.44384609831263,35.50859069824219,21307000
2010-03-22,34.990655736989126,35.842263870438,34.816350645271406,35.727718353271484,17466500
2010-03-23,36.21575927734375,36.33528216947043,35.85718680139948,36.21575927734375,16217000
2010-03-24,35.75260699667183,36.27552207126879,35.46873772772931,35.6380615234375,17519500
2010-03-25,35.93687235639385,36.03647413627045,34.94581678866927,35.0005989074707,20617900
2010-03-26,35.15996860770079,35.32929621498993,34.61215114800505,35.08028793334961,17157500
2010-03-29,35.39901033716167,36.08129044501042,35.38407045152469,36.02650833129883,15164000
2010-03-30,36.32034226748996,36.45480504612989,35.94682990513385,36.24065780639648,12459400
2010-03-31,36.21576443320355,36.74366076485093,36.18588465580911,36.6739387512207,12179800
2010-04-01,37.21179043444015,37.52055820738238,37.1370872056572,37.32633209228516,17455700
2010-04-05,37.71976552731886,37.784510098686745,37.376136754435066,37.50064086914063,11379400
2010-04-06,37.32136822606906,37.82436229689797,37.30642833479609,37.640098571777344,12796700
2010-04-07,37.53550659860754,37.60522860766224,36.80840293306244,37.057411193847656,18544600
2010-04-08,36.72372960987541,37.59028091312749,36.61914661801335,37.505615234375,14058600
2010-04-09,37.5902839563837,37.71478807099874,37.29645227011888,37.575340270996094,13304200
2010-04-12,37.61519330627668,37.71977633665196,37.15203771486322,37.34626388549805,11675600
2010-04-13,37.22175291249813,37.48570105500239,36.75361997656329,37.30143737792969,16133300
2010-04-14,37.689891812167176,37.81937717614633,37.4209624252403,37.71479415893555,12372200
2010-04-15,37.60522850757184,37.89407520164486,37.221753659227126,37.33131790161133,15094700
2010-04-16,37.13709203057128,37.29147593710021,36.21576222138502,36.53449249267578,26516600
2010-04-19,36.23568261774466,36.72373667364426,35.90698989475701,36.405006408691406,22373400
2010-04-20,36.87314612902828,37.02254881554987,36.589276845116,36.6988410949707,15262400
2010-04-21,36.63409279638677,37.97873963611818,35.73766536946356,36.350223541259766,16976900
2010-04-22,36.09125279726754,36.64405136161854,35.65299588884428,36.59922790527344,24432700
2010-04-23,36.380121402767,36.74865269636119,36.08628957441321,36.6689682006836,15516100
2010-04-26,36.92792135961021,37.01756447461294,36.50460812748334,36.60420989990234,13715500
2010-04-27,36.09623910509068,36.16097988496166,34.8063743402415,34.88605880737305,34043500
2010-04-28,35.41893693787161,35.5235199530952,34.51752443597658,35.36415481567383,29270400
2010-04-29,35.85220775589001,36.46476973952383,35.75758720199479,36.45480728149414,25414500
2010-04-30,36.3900790053589,36.50462451466871,35.89206232057251,35.98668670654297,21305400
2010-05-03,36.20579153338796,36.439859854316914,35.48865048577589,35.7575798034668,18575200
2010-05-04,35.125102583641706,35.14004247047602,33.81532057712169,33.850181579589844,34456100
2010-05-05,33.17786622037923,34.13405715052609,32.75454908398968,33.46671295166016,27807900
2010-05-06,32.97864222943671,33.75554649424022,29.880980025526984,32.037391662597656,54077600
2010-05-07,31.84317857245952,32.56032174417108,30.558296819003512,31.82325935363769,52557100
2010-05-10,34.477683255704605,34.54242403152615,33.142998911249954,34.44779968261719,37866800
2010-05-11,33.74061970424416,34.46772337771629,33.59121322631836,33.59121322631836,27046800
2010-05-12,34.02946778699301,34.38305904012358,33.865121432849925,33.97468566894531,24158100
2010-05-13,34.04441084099284,34.30835899819744,33.6708984375,33.6708984375,20227800
2010-05-14,33.227654294187374,33.30733494116315,32.23162150982714,32.759517669677734,32554000
2010-05-17,32.71968008626457,33.04339154699868,31.46468027181177,32.415889739990234,37060600
2010-05-18,33.08822046225362,33.128058898180335,31.29038043102356,31.414884567260746,35935700
2010-05-19,30.60809020163129,31.11108787410267,29.93078753361953,30.662872314453125,46182700
2010-05-20,29.33814622490444,29.975606612817863,28.65088305682165,29.18874168395996,55560100
2010-05-21,28.695712047777143,30.48359147401456,28.665832271711704,30.44873046875,44533300
2010-05-24,30.54833158951739,30.852121952550856,29.861068300997594,30.02043342590332,29558400
2010-05-25,28.710657006546903,29.806291978353062,28.476588602676905,29.77143096923828,39479500
2010-05-26,30.28438502509037,31.04137035746444,29.62700337588329,29.9307918548584,35001800
2010-05-27,31.21567517996181,31.80333481715523,30.94176647782846,31.76349258422852,31108100
2010-05-28,31.53938215292949,31.87305225684804,31.16088859350153,31.634004592895508,24356400
2010-06-01,31.54934589555765,32.18182900598857,31.17085417490056,31.20571517944336,30656300
2010-06-02,31.549340699741126,32.33620758647866,31.32025359339297,32.25652313232422,24151600
2010-06-03,32.49060471766596,32.689812134731376,31.111100288694903,31.94278717041016,21990800
2010-06-04,31.345165517465567,31.7385991049529,30.70272551865993,30.847148895263672,25028900
2010-06-07,30.95670215294633,31.145948934032592,30.264459598188427,30.31426048278809,18008200
2010-06-08,30.598131831077723,31.25053410345385,30.31426258961059,31.076229095458984,25710900
2010-06-09,31.584202670220176,31.91787278323836,31.026424772452906,31.11606788635254,27420700
2010-06-10,32.042378150067684,32.52545473833122,31.98759983346397,32.42087173461914,25446000
2010-06-11,32.00752082618893,32.76450808226246,31.97265982094637,32.694786071777344,15284200
2010-06-14,33.09318699397282,33.11808933284545,32.33122253905705,32.35612487792969,19607300
2010-06-15,32.71968290066021,33.387026993990034,32.59517877425045,33.307342529296875,14828400
2010-06-16,32.943793325832615,33.71073921717743,32.88402997601041,33.43682861328125,13448800
2010-06-17,33.66592970024478,33.72569307482257,32.95376563468187,33.2774772644043,15113200
2010-06-18,33.36212992488456,33.74062359290457,33.252565668386794,33.46671295166016,13300500
2010-06-21,34.23364874667903,34.363134083916606,33.60116954476867,33.82527542114258,17699100
2010-06-22,34.0095492098324,34.32827948431922,33.23264464071635,33.26750564575195,23880100
2010-06-23,33.19499468369505,33.41502902095982,32.67991777170841,33.355018615722656,16474400
2010-06-24,33.22500135650243,33.24000300379633,32.47988647521941,32.774932861328125,19057500
2010-06-25,32.9299548653656,33.50004035234433,32.639910301037084,33.46003723144531,15959100
2010-06-28,33.4950407435947,33.54504750377855,32.99496551121376,33.06497573852539,10549300
2010-06-29,32.084816892374405,32.10981835559799,31.12967171991964,31.37970924377441,23149200
2010-06-30,31.474736793233685,32.01481709262599,30.919654846191406,30.919654846191406,17929300
2010-07-01,31.12468188293769,31.50473820285054,30.444579292702088,31.48973655700684,25402300
2010-07-02,31.799785523620347,32.05482306416519,31.389723967365057,31.93980598449707,14267100
2010-07-06,32.469885942485206,32.6249080481787,31.619757641001403,32.06982421875,17725300
2010-07-07,32.07482870307364,33.04997398965871,32.069826881911965,33.01496887207031,18542600
2010-07-08,33.15000027858032,33.40003799030719,32.75494023621916,33.31002426147461,15450300
2010-07-09,33.36001428715719,33.950103143097174,33.2649987835311,33.6750602722168,11125400
2010-07-12,33.42501875021252,33.64005120159747,32.74492010599885,32.96495056152344,16361900
2010-07-13,33.34002252366299,33.62006731282865,33.21000568022506,33.47004318237305,12711100
2010-07-14,33.05997423525135,33.4800356031531,32.90495213261208,33.214996337890625,11769500
2010-07-15,33.14998152793835,33.22999156649303,32.57989617288061,33.07997131347656,15070000
2010-07-16,32.83994292116971,32.864948211430054,32.02982340442867,32.079830169677734,19281900
2010-07-19,32.36485715918271,32.66490141975736,32.179828021114616,32.53988265991211,13239500
2010-07-20,32.35487007980104,33.670070548213936,32.31986496174091,33.62006378173828,23189800
2010-07-21,33.900108286722194,34.030128945432246,33.185000386725086,33.47004318237305,16181100
2010-07-22,33.995114510426085,34.80023208980075,33.96010939827936,34.52019119262695,18502500
2010-07-23,34.345159314495426,34.77022240245478,34.145128503905624,34.74021911621094,15675700
2010-07-26,34.62020417446995,34.76022460546548,34.39516806870947,34.62520217895508,12995000
2010-07-27,35.00526317651721,35.065273572603054,34.435177767149895,34.50518798828125,16256100
2010-07-28,34.540201230472114,35.055278185173776,34.51519593906509,34.75523376464844,13719800
2010-07-29,35.08527949299237,35.27530670432131,34.56019898249471,34.92025375366211,15292600
2010-07-30,34.590206603223734,35.370326643458775,34.46018977591093,35.19529724121094,17765300
2010-08-02,35.79538021024234,36.19044003721028,35.72036817456756,36.04541778564453,19331100
2010-08-03,35.690371557101194,36.00541758749409,35.46533540801656,35.620361328125,17328000
2010-08-04,35.8503936444065,35.950407162023865,35.31531331308422,35.835391998291016,14626500
2010-08-05,35.66036272652527,35.9204039775443,35.61035596756658,35.885398864746094,9411500
2010-08-06,35.68036392854247,35.96540663331369,35.330312822778126,35.545345306396484,14225400
2010-08-09,35.83039651052528,35.8804032781722,35.550351744213245,35.56535720825195,8171200
2010-08-10,35.15528510907972,35.42532233677388,34.94025263867832,35.25529861450195,15577400
2010-08-11,34.67020811483101,34.99525769772436,34.050112234604526,34.08512115478516,19129900
2010-08-12,33.75507704387324,34.38517288363479,33.67006517290929,34.315162658691406,13805200
2010-08-13,34.41017128393663,34.745224547998625,34.30515595589479,34.310157775878906,12573100
2010-08-16,34.45517776969886,35.0002578387644,34.34516062890054,34.98525619506836,10856800
2010-08-17,35.43032449752523,35.54034164371063,35.21529202505485,35.40532302856445,12557200
2010-08-18,35.35531246010147,35.51533635947915,35.10027687423971,35.40532302856445,10974200
2010-08-19,35.245300376546346,35.330312241508906,34.695214626151326,34.94025421142578,19614900
2010-08-20,34.755220007767754,34.79022511271872,34.37516185739274,34.74522018432617,11401200
2010-08-23,34.95526343650577,35.065280610442215,34.080131681447966,34.15514373779297,12135100
2010-08-24,33.710072316067226,33.97010975101153,33.45003106585179,33.70507049560547,20366800
2010-08-25,33.46003208049092,33.655061095209064,33.03996694591049,33.5450439453125,17792300
2010-08-26,33.81509325859646,33.88510349557989,33.00997171801523,33.05997848510742,15368700
2010-08-27,33.49503447656196,34.35016250610352,33.17498287767134,34.35016250610352,21871300
2010-08-30,34.070126605886244,34.19014741709797,33.420031047211204,33.45503616333008,10846800
2010-08-31,33.67006196602372,34.11512856017558,33.60005174774842,33.88009262084961,16865600
2010-09-01,34.50018784385142,35.39532293210442,34.485186197919035,35.28030776977539,19287500
2010-09-02,35.35031295523368,35.44532463768556,35.090271745236706,35.415321350097656,13144400
2010-09-03,35.880402012289345,35.98541736522442,35.29531483939178,35.320316314697266,16579800
2010-09-07,35.1952878901541,35.27029992614866,34.765222953407296,34.77522659301758,14888100
2010-09-08,35.24529954169849,35.48033166598003,35.14028039891367,35.25029754638672,12440700
2010-09-09,35.515349351043746,35.58536340944901,35.125291192081264,35.39533233642578,8317800
2010-09-10,35.55535029774459,35.5853574077923,35.33031795637976,35.4603385925293,7420400
2010-09-13,35.96041356256191,36.490492114100384,35.94540810002376,36.425479888916016,15692700
2010-09-14,36.4604916841309,36.640515280746776,36.17044709661513,36.33047103881836,14866500
2010-09-15,36.005414939689494,36.21544561117263,35.775380802074004,36.170440673828125,13902700
2010-09-16,36.12543202968698,36.26545247776285,36.00541504780354,36.2204475402832,10656800
2010-09-17,36.21044315535403,36.36046341000065,35.79537986848428,35.89539337158203,11117500
2010-09-20,36.02040686672152,36.31545314347781,35.78037296843948,36.23543930053711,14795300
2010-09-21,36.13043811600847,36.4504859823334,35.83539553919423,36.44548416137695,20596400
2010-09-22,36.60050529518081,36.970559876788485,36.3304642279738,36.70552062988281,28158400
2010-09-23,36.5705005322568,37.54064770825319,36.46048718547429,37.0955810546875,28527200
2010-09-24,37.34061886422631,37.630663431590094,36.79053683957629,36.955562591552734,19572800
2010-09-27,36.99056138274031,37.370619584812886,36.715518509805385,37.200592041015625,18160300
2010-09-28,37.41062306240306,37.755676158112216,36.9305513465695,37.70566940307617,24462400
2010-09-29,37.70567778388956,38.23575637257934,37.64066555414871,38.08073425292969,29916600
2010-09-30,38.48078155517578,38.57079523546213,38.055718437539966,38.48078155517578,21116100
2010-10-01,38.48079263845944,39.17089899117688,38.48079263845944,39.06588363647461,16773300
2010-10-04,38.990864768670136,39.17589015476049,38.73582534306839,39.085880279541016,16755500
2010-10-05,39.28591495324744,39.98101932575032,39.1558981202371,39.84600067138672,25495600
2010-10-06,39.75098719008168,39.83100107476911,39.180901615135774,39.32592391967773,19436200
2010-10-07,39.555942297157145,39.61095086706428,38.450776709944506,38.79582977294922,18886900
2010-10-08,38.88583759862421,39.71096220780828,38.83082903699395,39.52093124389648,13632300
2010-10-11,39.75097176511579,40.00100933483142,39.605949516848256,39.65596008300781,8337200
2010-10-12,39.42092772893631,39.71597025660451,39.05086934523163,39.555946350097656,12636400
2010-10-13,40.10103833442255,40.6561222061242,40.036026105583474,40.46609115600586,14763200
2010-10-14,40.30606605994563,40.61111228032901,40.10603518858859,40.27106094360352,16466400
2010-10-15,40.59610510574843,40.626108397022186,39.99101456834448,40.20604705810547,17042300
2010-10-18,39.95599996171509,40.50107997176893,39.9009913972713,40.041011810302734,12727400
2010-10-19,39.06587702507883,39.38592485627562,38.52079305880012,38.830841064453125,25719800
2010-10-20,38.98086673670045,39.57095572253921,38.9258581504151,39.22590637207031,19473500
2010-10-21,39.10588062959546,39.40592881344182,37.95570991417862,38.34576797485352,26005400
2010-10-22,38.75583119848968,38.7708328452844,37.855694238093655,38.05572509765625,18335600
2010-10-25,38.47077773788767,38.76582021664912,38.27074693409384,38.40576934814453,12324100
2010-10-26,38.22074203911655,39.04086494067065,38.19573675670424,38.87583923339844,12520900
2010-10-27,38.64581495774484,38.66581842570587,37.8807004307746,38.125736236572266,19315600
2010-10-28,38.5057888169214,38.670814541801775,37.98571017247073,38.340763092041016,11073000
2010-10-29,38.470786404093474,38.62580849970171,38.34576760046848,38.52579498291016,12639700
2010-11-01,38.72583900722657,39.37093671124183,38.70583553400838,39.02088165283203,15263800
2010-11-02,39.575951483131234,39.75097704211296,39.18089161270333,39.6209602355957,11606800
2010-11-03,39.665976771785736,39.73098519405392,39.12589447590927,39.69598007202149,15045100
2010-11-04,40.17605023577893,40.89115811126717,40.17105222946793,40.796146392822266,16522800
2010-11-05,40.7111241475525,40.79113419617017,40.271055526706746,40.58610534667969,11470100
2010-11-08,40.1560430305058,40.571102577333626,40.04102404735292,40.41608047485352,8553800
2010-11-09,40.55609049831447,40.62610070821728,39.22089087553478,39.57094192504883,13044600
2010-11-10,39.595950738158166,39.72597134611874,38.87084329294736,39.445926666259766,13580300
2010-11-11,38.9758743476559,39.1809032590438,38.82084839338761,38.98587417602539,10192400
2010-11-12,38.55579719407725,38.960860700851626,38.01571506189208,38.38077163696289,16466000
2010-11-15,38.67080790637625,38.89584017240344,38.405768717193496,38.46077728271485,7385400
2010-11-16,37.9056995616209,38.01571289462738,36.980557441255215,37.40562438964844,24625900
2010-11-17,37.64565635580954,38.020712715064185,37.43062389055939,37.5456428527832,11630500
2010-11-18,38.31577129506332,38.720831071780985,38.215753944763286,38.60581207275391,15276700
2010-11-19,38.45078545178732,38.700823075386026,38.1607408927477,38.63581466674805,10672000
2010-11-22,38.21073901522617,38.49578166061066,37.68565865070572,38.16072845458984,10858300
2010-11-23,37.27559763857979,37.44562133772308,36.83553293320587,37.06556701660156,17772100
2010-11-24,37.73567783892174,38.160741037598726,37.68567107706645,37.97571563720703,12711700
2010-11-26,37.21560401956699,37.60566215474942,37.14059195927686,37.4106330871582,6878100
2010-11-29,37.180594874171845,37.68067013492808,36.60550756124788,37.66566848754883,18488600
2010-11-30,37.14558321968405,37.81568593507842,37.00556278176394,37.430625915527344,19170900
2010-12-01,38.11073340205126,38.45578653690369,37.89069907660666,38.28575897216797,13935700
2010-12-02,38.44077671330004,38.79082777907245,38.39576796754618,38.72081756591797,16094800
2010-12-03,38.470790587644494,39.165894906167686,38.39077671329317,39.08088302612305,13466000
2010-12-06,38.89085609244056,39.03088038735416,38.75083561279888,38.850852966308594,11803600
2010-12-07,39.545944015463085,39.58595094336861,38.36076452933893,38.45578002929688,14166500
2010-12-08,38.435783135867744,38.61080870628638,37.80068544642849,37.955711364746094,14904400
2010-12-09,38.0607210519741,38.100727980774536,37.2706013768837,37.485633850097656,17998500
2010-12-10,37.49563672773313,37.83068616526688,37.32060737160683,37.820682525634766,12257800
2010-12-13,38.13073489173289,38.61080663712743,38.01071790920203,38.425777435302734,13668500
2010-12-14,38.1907362743201,38.59579587927712,38.14072571274056,38.46077728271485,12489100
2010-12-15,38.05571963173334,38.19574006873471,37.605651216178416,37.66065979003906,13276900
2010-12-16,37.80568204701069,37.91069737476171,37.48563424378736,37.66065979003906,11960200
2010-12-17,37.48063813494839,37.870700031379045,37.40562990031879,37.8506965637207,13289400
2010-12-20,37.815683715567765,37.87069228656073,37.25559818148957,37.47063064575195,18893800
2010-12-21,37.8902627903806,38.411567181768426,37.8902627903806,38.11220169067383,13257900
2010-12-22,38.014142746588654,38.51480485255232,37.84381367052013,38.49931716918945,7527400
2010-12-23,38.1947888879968,38.56125193045767,38.11736623105325,38.45286178588867,7217600
2010-12-27,38.194788723788,38.3289877327212,38.07091483593885,38.21543502807617,5616300
2010-12-28,38.28252260212037,38.33929893966913,38.02444977249107,38.256717681884766,6243500
2010-12-29,38.51445612627938,39.32697542018352,38.49375451993707,39.290748596191406,10437500
2010-12-30,39.523628629986135,39.86001878911254,39.021625662342935,39.83932113647461,11290400
2010-12-31,39.756519075776005,40.206770064162775,39.57538498220447,40.05668640136719,5138800
2011-01-03,40.32580943184977,40.70360687728204,40.30510782334668,40.429317474365234,20403100
2011-01-04,40.346498807682025,40.61561568820048,39.75651696371905,40.61043930053711,15588300
2011-01-05,40.165369738423,40.69842322992195,40.13431930541992,40.13431930541992,23164700
2011-01-06,40.09291654753211,40.19642062432684,39.632316693468944,39.73582077026367,13912700
2011-01-07,39.9273093558668,39.97388500787957,39.10443730112608,39.37355422973633,15535400
2011-01-10,39.15101354093578,39.22346718124368,38.91295101586304,38.97505187988281,17291400
2011-01-11,39.44082887449483,39.89625232940936,39.33214841190479,39.81344985961914,16840000
2011-01-12,40.16019538587671,40.93131144915188,40.13949378001614,40.69842529296875,20668600
2011-01-13,40.744999905366136,40.87438196483539,39.891077523183625,40.05668640136719,10707000
2011-01-14,39.82897271320462,40.16536685751011,39.7823970670407,40.05668640136719,7535600
2011-01-18,40.2585268940216,40.37755619179338,40.061867561635246,40.284400939941406,8851200
2011-01-19,40.28439760598621,40.30509921006532,39.51845799719511,39.78757095336914,13372200
2011-01-20,39.49775934684528,39.54951138669958,38.90260101745197,39.254520416259766,14580300
2011-01-21,39.53916896691956,39.559870575902266,38.7784016176248,38.809452056884766,15494600
2011-01-24,38.85602427897235,39.326972961425774,38.75251625373221,39.32697296142578,11008500
2011-01-25,39.19242705491432,39.19242705491432,38.58691583251104,38.94401168823242,9645700
2011-01-26,39.31663321126144,39.32180960082552,38.793928421282544,38.95436096191406,11373000
2011-01-27,38.96988741012216,39.10961833117108,38.29709895717886,38.36955261230469,14852800
2011-01-28,38.3488430652713,38.3488430652713,36.89458992617114,37.54667663574219,26181200
2011-01-31,37.77957161781734,38.1107894640719,37.63984069297765,37.88307571411133,16662100
2011-02-01,38.29708655817765,38.78873676570246,38.25051091571663,38.64900588989258,13373800
2011-02-02,38.56620877722055,38.77839728426078,37.86237389260071,37.97622680664063,15492300
2011-02-03,37.95552355456116,38.079733189192766,37.55702850162726,37.9348258972168,13201400
2011-02-04,37.62430834959979,37.67088795290066,36.87907023263639,37.28791809082031,16995200
2011-02-07,36.95669388357844,37.42246614549908,36.89976546073442,36.91011428833008,15379000
2011-02-08,37.44834899902344,37.51562625819768,37.04984998737845,37.44834899902344,15603300
2011-02-09,36.96704364060948,37.1067745330134,36.299431713730215,36.42363739013672,18135500
2011-02-10,36.39776781725454,37.07055226649053,36.27873456594071,36.34083938598633,16355600
2011-02-11,36.49092865475123,37.31379691697568,36.28909289426491,37.21029281616211,18441700
2011-02-14,37.02398488770259,37.72264748855017,37.018808497768255,37.58808898925781,11951800
2011-02-15,37.44834451277131,37.87789390820236,37.44834451277131,37.6346549987793,9700900
2011-02-16,37.84684265696532,38.24016526532256,37.6657085440467,38.22981643676758,15789700
2011-02-17,38.08490161966967,38.57655582102885,37.98657393813957,38.43682098388672,12753100
2011-02-18,38.37989945007623,38.752516498007175,38.29709302936216,38.721466064453125,11955300
2011-02-22,37.929646733178735,38.41612456215241,37.48457211271926,37.551849365234375,18923800
2011-02-23,37.48975698945165,38.10561307472874,37.31379528763807,37.88307571411133,17127300
2011-02-24,38.276394550583085,38.28157093940738,37.83131987396009,38.1935920715332,15257400
2011-02-25,38.37472800191576,38.49893370054925,37.89342647772949,38.24016952514648,14437800
2011-02-28,38.36954373353168,38.63866063180615,38.07455279208703,38.43682098388672,10625300
2011-03-01,38.61278735216261,38.659363004608885,37.82096967315482,37.84684371948242,9669400
2011-03-02,37.83649911481413,38.72147214594309,37.83132272559965,38.47305679321289,14982200
2011-03-03,38.91296543789502,39.11480121761874,38.56104593378696,39.0578727722168,12848600
2011-03-04,39.12513563197227,39.34249655335893,38.79391786173718,39.18206405639648,12928500
2011-03-07,39.25452282456026,39.32180403408341,38.302272597851584,38.7059440612793,11761000
2011-03-08,38.69041988634907,38.97505810489846,38.14183715984993,38.73181915283203,7300500
2011-03-09,38.6127751315594,38.928467615206834,38.473040321590126,38.54549789428711,8538300
2011-03-10,37.96070057189949,38.03833060772323,37.39659661187377,37.54150390625,14277500
2011-03-11,37.35520108931995,38.19877098290585,37.27239464781464,37.852027893066406,17805900
2011-03-14,37.68640876050468,38.364369536051576,37.62948033448179,38.29191589355469,9976400
2011-03-15,36.93599836613351,38.09526072079688,36.85836832687943,37.89342498779297,20871400
2011-03-16,38.02798226295085,38.17288955917166,36.72898508880967,37.14300537109375,24898600
2011-03-17,37.57255016990741,37.6967558443795,36.941165072997855,37.225807189941406,17682500
2011-03-18,37.79509104536314,38.00727954320478,37.66570897060923,37.9348258972168,17282800
2011-03-21,38.3747222348685,38.39542383960099,38.02797923956089,38.084903717041016,10741100
2011-03-22,38.2091120787265,38.768043542691885,38.10043161880444,38.66453552246094,11214500
2011-03-23,38.70076468684904,39.01645725792977,38.524806964438135,38.93365478515625,14499700
2011-03-24,39.05785999957998,39.14066247135933,38.70594061055602,38.91812515258789,10079000
2011-03-25,38.928482810077405,39.32697789910936,38.80427711262208,38.94918441772461,12156900
2011-03-28,38.81979409828276,39.20794027538638,38.488576343028505,38.52480316162109,11289700
2011-03-29,38.71628990371736,39.15101571816766,38.50410535913788,38.93365478515625,11115500
2011-03-30,39.352853537164336,39.82380225052128,39.2700471115385,39.70477294921875,12266300
2011-03-31,39.98940351395179,40.305096041593366,39.97387829921974,40.11361312866211,11241600
2011-04-01,40.62596759057907,41.076218589131386,40.403430285330536,40.99858856201172,16069100
2011-04-04,41.164189278281775,41.30909652766571,40.900248817803096,41.28839492797852,11201500
2011-04-05,41.11762725361738,41.4436726524148,41.00377432934975,41.148681640625,11899700
2011-04-06,41.4488322991838,41.45400868682528,40.64666594553592,40.708770751953125,12432900
2011-04-07,41.10208816770706,41.35050343781965,40.87437844756618,41.08138656616211,14041900
2011-04-08,41.45401960698926,41.52130081877174,40.95719287005394,41.20043182373047,11344600
2011-04-11,41.12279112325719,41.252173175853045,40.52763289163085,40.61043930053711,8453200
2011-04-12,40.2740486676008,40.3258007034429,39.502932672799965,39.68406677246094,18670400
2011-04-13,40.04117002725944,40.0773968539728,39.09926858428403,39.47188568115234,19279400
2011-04-14,39.40978156127762,39.9531839172397,39.34250035404352,39.59091567993164,11838600
2011-04-15,39.82898615936283,39.98941870376962,39.40978940865942,39.9066162109375,11629800
2011-04-18,39.18206988722285,39.2441747090442,38.58173906999457,39.13549423217773,15768200
2011-04-19,39.49259828616437,39.88592104888273,39.43566983570136,39.66856002807617,12206700
2011-04-20,40.38273636120451,40.46554279212687,40.02564053760072,40.38791275024414,11632900
2011-04-21,40.75018039735135,40.81746160856388,40.34133253482652,40.67772674560547,4345800
2011-04-25,40.48106293004573,40.6570206510294,40.21194601175281,40.45518493652344,8253200
2011-04-26,40.4707151733387,40.87439060085082,40.35686225362947,40.79676055908203,9004800
2011-04-27,40.84850976368675,40.85885859260326,39.90143200650473,40.310279846191406,13077700
2011-04-28,39.53399004431978,39.82898104367172,39.3373306942278,39.766876220703125,19074100
2011-04-29,39.80310480931665,40.78640545419866,39.79792842057992,40.2223014831543,9600000
2011-05-02,40.28957587281307,40.3102774778575,39.611615088424514,39.73582077026367,10637500
2011-05-03,39.259696184673366,39.46153190081645,38.77839471961811,38.93365478515625,15512700
2011-05-04,39.099266264994384,39.1096150941152,37.90894954628598,37.97622680664063,20418400
2011-05-05,37.96587534565607,38.34366878300643,37.30861221185644,37.701934814453125,21986100
2011-05-06,38.47305443498272,38.76287298680802,37.84684562496872,38.30744552612305,20499300
2011-05-09,38.35401898529961,38.51962786762991,37.86236872637668,38.45235061645508,12004800
2011-05-10,38.586914695855874,38.89743488216833,38.46788537974053,38.809452056884766,9495100
2011-05-11,38.31262218426565,38.31779857319922,37.62948493686522,37.80544662475586,16749700
2011-05-12,37.49492387149999,38.100434985176165,37.19476045737735,37.83649444580078,16662600
2011-05-13,37.753688998913134,37.769218165042005,36.780737188172,37.044677734375,16618500
2011-05-16,36.88424476133678,37.691591694028304,36.827320273856216,37.03432846069336,12538600
2011-05-17,36.8014383650105,37.66570969332736,36.65653107025409,37.6450080871582,20473000
2011-05-18,37.7536925393776,38.095263154545954,37.46905430849871,37.65018844604492,14880000
2011-05-19,37.707115898808325,37.8468468160072,37.09643228783988,37.2154655456543,13958800
2011-05-20,37.25685762145263,37.6139533775405,36.92563985724224,37.225807189941406,14074200
2011-05-23,36.40294265731973,36.92047101319924,36.3253165626802,36.71346282958984,16134700
2011-05-24,37.18440864473708,37.47422718608095,37.09642977880577,37.35001754760742,9181700
2011-05-25,37.16370128846012,37.61912866221187,37.12747446995051,37.29825973510742,9944700
2011-05-26,37.58808102684388,38.007281657294605,37.31379164485713,37.99175643920898,10503100
2011-05-27,38.28675021420034,38.68524531829786,38.24534699734063,38.47305679321289,12709400
2011-05-31,38.94917602945835,38.99057528740891,38.40576980392629,38.92847442626953,15201200
2011-06-01,38.77839086279678,38.87672249108624,38.04867415514217,38.1159553527832,13138900
2011-06-02,38.26085914444893,38.73698413037975,38.03314547794865,38.63348007202149,16537400
2011-06-03,38.32297251952736,39.145840628263855,38.271216530346166,38.76287078857422,13695200
2011-06-06,38.5558542636303,38.65935833328931,37.665705050224986,37.82613754272461,17476400
2011-06-07,38.11596030289871,38.37472445438013,37.89342297468758,37.93999862670898,12361300
2011-06-08,37.929651562517854,38.10043685806348,37.56220692413133,37.78474426269531,11550100
2011-06-09,37.75368598809436,38.229815000716414,37.588077098442845,37.986576080322266,11226000
2011-06-10,37.8209702095239,37.826142649806194,37.210286639859326,37.35001754760742,11846100
2011-06-13,37.474229720667566,37.69676312068814,37.10160867689998,37.2154655456543,15970000
2011-06-14,37.4690529612865,37.82097239376351,37.437998575660814,37.61396026611328,13493900
2011-06-15,37.12747394914891,37.35001124499406,36.806608974972434,36.97739028930664,19203900
2011-06-16,36.73933743609386,37.11195848973263,36.15970819570295,36.52197647094727,17939700
2011-06-17,36.88942349694103,36.9360031058418,36.413298319446056,36.68758773803711,17667600
2011-06-20,36.64618000770478,37.023977428221286,36.58925157518273,36.87389373779297,12856300
2011-06-21,36.9670467538265,37.28273933378433,36.89976949602951,37.12230682373047,12053600
2011-06-22,37.092863932910106,37.58155038378238,37.092863932910106,37.17694091796875,13128800
2011-06-23,36.577918681063366,36.908962900324426,36.27840133725213,36.68826675415039,15026600
2011-06-24,37.07185397937101,37.09812503418768,36.55163658045144,36.55689239501953,10101000
2011-06-27,36.48860210089683,37.092888797785776,36.43080013717482,37.00881576538086,8316900
2011-06-28,37.06134682771978,37.97566223144531,37.04032757591993,37.97566223144531,12959500
2011-06-29,37.97566431518014,38.33298359735909,37.7234412977671,38.28043746948242,11659300
2011-06-30,38.54843055950184,38.60097669095824,38.317222770278256,38.54317474365234,10405800
2011-07-01,38.49588025588356,39.22628222830166,38.30671099593229,38.96880340576172,14815400
2011-07-05,39.058138802886496,39.1211925608217,38.700819474872375,38.82693099975586,11000300
2011-07-06,38.5379129445874,38.68504770243986,38.26992651306222,38.48536682128906,12057400
2011-07-07,38.84269400156455,39.00033641265242,38.51690556520207,38.62199783325195,13649800
2011-07-08,38.18585904453039,38.28569951003843,37.69192055136268,37.91261672973633,23231100
2011-07-11,37.1717027678901,37.27679904915444,36.7618372934922,36.80913162231445,14295200
2011-07-12,36.86166630584229,37.16118359861514,36.478072014179965,36.49383544921875,15521700
2011-07-13,36.81437807400216,37.42392438962122,36.61470118216796,37.113895416259766,15443500
2011-07-14,37.22424541901754,37.22424541901754,36.37824348586972,36.5411376953125,14351700
2011-07-15,36.78284703798068,36.84064897547562,36.28365286035581,36.57265853881836,10383500
2011-07-18,36.12600300085078,36.29940877741758,35.847505000976945,36.14702224731445,11130400
2011-07-19,36.47281940698958,36.73029819465938,36.23110004500027,36.55689239501953,10294400
2011-07-20,36.80386574825205,36.87217530564636,36.457054128376086,36.61469650268555,9178500
2011-07-21,36.95626504074407,37.53428059734375,36.924734149611126,37.3188362121582,17020300
2011-07-22,37.49749206998066,37.62360358786936,37.18221127075246,37.48698043823242,10273400
2011-07-25,37.29255689849963,37.82328201453631,37.2137357016209,37.60783767700195,14143900
2011-07-26,37.686663470904335,37.93363471371073,37.40816534910584,37.70242691040039,14222900
2011-07-27,36.99828581933474,37.16643579171683,36.46230502617138,36.87742614746094,26775400
2011-07-28,36.73030962819407,37.04559044721884,36.54639615118072,36.64623260498047,14961300
2011-07-29,36.57791691544879,37.0928745649979,36.32043809067424,37.082366943359375,11374500
2011-08-01,37.55003435619309,37.55003435619309,36.409766978069406,36.83539581298828,14381300
2011-08-02,36.5201098993406,36.598931082220695,35.70037921901619,35.79496383666992,17072300
2011-08-03,35.59528251013501,35.716142190183945,34.54434410940698,35.18541717529297,22586400
2011-08-04,34.11872688197545,34.43400770704743,32.78403418045798,32.826072692871094,42813600
2011-08-05,33.34627239890507,33.6247724166553,31.654263067459755,33.015228271484375,37179700
2011-08-08,31.25491739278356,31.675292481234287,29.410520815234342,29.951753616333008,39257400
2011-08-09,30.47196001752623,31.39153112439295,29.400002360440165,31.30220031738281,35431100
2011-08-10,30.52976382860685,31.56493893342072,29.988531121179268,30.393142700195312,34505400
2011-08-11,31.22338024122654,32.24279181584003,30.49823415736421,31.85919952392578,24633600
2011-08-12,32.08516041971472,32.437223935077306,31.654275697133286,32.237545013427734,15106400
2011-08-15,32.79453511931688,33.36204285948744,32.7892813089106,33.16761779785156,15653400
2011-08-16,32.768262945277755,33.125582197759776,32.44772638015364,32.9259033203125,16693600
2011-08-17,33.288484835005576,33.603767669628816,32.941675120074656,33.58274841308594,12905300
2011-08-18,32.1955084339432,32.2690738247788,31.47036014448003,32.15872573852539,27834600
2011-08-19,31.85921107169822,32.63164974574961,31.59647636519619,31.69106101989746,20106100
2011-08-22,32.379410066440286,32.46874086871044,31.44407557452757,31.606971740722656,11373800
2011-08-23,31.5439238531152,32.33738367939996,31.118294970405604,32.30585479736328,24075400
2011-08-24,32.090416994023585,32.58435752219846,31.68055149201692,32.16398239135742,16512500
2011-08-25,32.16397723234813,32.36365613915973,31.475613692415823,31.7961483001709,19170700
2011-08-26,31.748855675018284,32.3741654550597,31.17609603472133,32.221778869628906,18031400
2011-08-29,32.73673894544838,33.37781217120097,32.652663932604305,33.23593521118164,10220000
2011-08-30,33.03100922667733,33.88752296823528,32.931168750472374,33.703609466552734,13776500
2011-08-31,34.0293934290188,34.42874721567571,33.89277028673478,34.41823959350586,21493900
2011-09-01,34.7072590980296,35.075086112835855,34.55487247503451,34.63369369506836,27285600
2011-09-02,33.729878624777314,33.803444012544595,32.96269185568852,33.55647277832031,20652700
2011-09-06,31.81190837405559,33.07303335145003,31.76986987255607,33.067779541015625,19762200
2011-09-07,33.52494078795256,34.08193896506362,33.17287732070285,33.89802551269531,10163700
2011-09-08,33.3462831932597,33.86649670731975,33.272717807797186,33.482906341552734,12788300
2011-09-09,32.61587236105614,32.67892810239753,31.827668578518285,32.03785705566406,20436700
2011-09-12,31.52290725708008,31.89599001531039,30.582316637451694,31.52290725708008,25148900
2011-09-13,31.69630137533237,31.74359368260499,31.1025206294664,31.45458602905273,18264300
2011-09-14,31.53341259000913,31.98006270874682,30.655879799493853,31.72258186340332,18151000
2011-09-15,32.33738146214755,32.53180454344337,31.74885439818811,32.01158905029297,12417700
2011-09-16,32.15346670734125,32.26381678706748,31.769874347405743,32.0273551940918,13198900
2011-09-19,30.94489230427653,31.31797509308368,30.50349793296029,31.23390007019043,13838600
2011-09-20,30.986918732161577,31.39153024843323,30.65587258166552,30.881824493408203,13951100
2011-09-21,30.51399702972812,30.687402832130857,29.463058604031943,29.531370162963867,20864100
2011-09-22,27.834115877775734,28.596044934783567,27.14049640226766,27.529342651367188,41353900
2011-09-23,27.555607333310565,28.243972787044942,27.45576889531345,28.165151596069336,25236800
2011-09-26,28.27550464843611,28.716898954569228,27.319150652565416,28.6328239440918,21423900
2011-09-27,29.45255465561045,29.82563738755521,29.12150842645211,29.21609306335449,16754600
2011-09-28,29.12676065060227,29.53662602363603,28.37008565319239,28.46466827392578,16197100
2011-09-29,28.885050017520523,29.13201924217229,27.93920360989607,28.3911075592041,17292100
2011-09-30,27.8919164191982,28.112612602701063,27.16676809360498,27.329662322998047,18107600
2011-10-03,27.24032703624519,27.50831548195524,26.646546199899483,26.741130828857425,20254900
2011-10-04,26.425855181683605,26.86199371781503,25.879366554079336,26.783174514770508,31300000
2011-10-05,27.009128431899107,27.5661247227094,26.73588409860246,27.42424774169922,26889900
2011-10-06,27.93920081227345,28.88504712518793,27.86038162253473,28.790462493896484,23901500
2011-10-07,29.326439294479307,29.431531539908143,28.12311424196185,28.396358489990234,21587000
2011-10-10,29.237115470657745,29.725802145863387,29.17405970742344,29.50510597229004,21319400
2011-10-11,29.27915141802077,30.161940044006776,29.210839844537965,29.80462074279785,16815600
2011-10-12,30.2407513390966,31.22863397283775,30.19345903204234,30.645362854003903,18105400
2011-10-13,30.314332268438708,30.466718892129443,29.7468262969278,30.36688041687012,22618300
2011-10-14,30.8818338935932,31.03422048594556,30.514004948245123,30.892343521118164,16080800
2011-10-17,30.471968602538453,30.556043618672884,29.66799913096481,29.67850875854492,17023200
2011-10-18,29.68376646008845,30.67690327766832,29.27915479283246,30.477224349975582,21598900
2011-10-19,30.15142822265625,30.54027437216886,29.8729281377283,30.15142822265625,16335800
2011-10-20,29.857160917448365,29.941235912460822,28.879787847612224,29.578662872314453,21869500
2011-10-21,29.92022417781845,30.45094934580109,29.92022417781845,30.240760803222656,17034400
2011-10-24,30.356355341949453,31.564934077853543,30.314316844593403,31.45458602905273,25630000
2011-10-25,31.29694824719892,31.344240558361395,30.50348858264026,30.82927894592285,19508000
2011-10-26,31.42306426704481,31.56494122096928,30.73470075536349,31.3389892578125,25748700
2011-10-27,32.86809280084187,33.698332961676485,32.647396734311805,33.17811965942383,29068600
2011-10-28,32.93641573586768,33.90853313468239,32.90488685638756,33.89802551269531,20484900
2011-10-31,33.38307353487951,33.43036586558503,32.752511798148376,32.773529052734375,15610000
2011-11-01,31.04472024901601,32.15345853976156,30.939626011666448,31.82241439819336,30111100
2011-11-02,32.4582365595203,32.778773130113024,32.12719036314513,32.468746185302734,12939200
2011-11-03,32.77352195056086,32.78928739371751,32.22177954823281,32.56333541870117,15554800
2011-11-04,32.36365430624747,32.699954337932425,31.906496575957387,32.5948600769043,10638300
2011-11-07,32.78403404354095,33.041514919729465,32.62639363166332,32.83658218383789,11976300
2011-11-08,32.92590541003397,33.25169580638366,32.57384195026203,33.23067855834961,12193500
2011-11-09,32.07990348640801,32.200761196630225,31.338991781475965,31.52290725708008,17764000
2011-11-10,32.216525012401256,32.28483458135371,31.45459409084055,31.73834800720215,13150300
2011-11-11,32.216528056097026,32.69995891823197,32.1587261042099,32.45298767089844,10263700
2011-11-14,32.200757639348595,32.26906920871255,31.84343835968428,32.06413650512695,11439300
2011-11-15,31.90124493770628,32.50553551436653,31.75411415570479,32.237545013427734,8480700
2011-11-16,31.780385309641087,32.38467584991439,31.685800668476457,31.754112243652344,10491500
2011-11-17,31.964289166318075,32.12192950947819,30.902841249098223,31.10251808166504,19133300
2011-11-18,31.328486219697545,31.333742036414712,30.74521484351077,31.02896881103516,13322000
2011-11-21,30.319575822709822,30.540271943339963,29.773087327093165,30.36161231994629,17152900
2011-11-22,30.21974208485696,30.471969142233995,29.689018911953585,30.030574798583984,13059600
2011-11-23,29.41577282458955,29.41577282458955,28.743172724278,28.89555931091309,14198600
2011-11-25,28.58553764738805,28.99540315924656,28.38060288695202,28.532989501953125,10864900
2011-11-28,29.4893371872618,29.699525713572697,29.352716048314143,29.631214141845703,20629600
2011-11-29,29.39475050870137,29.96751209837488,29.205583253571383,29.31593132019043,19094900
2011-11-30,31.0499796341916,31.19185657941305,30.561293046597548,31.01319694519043,21725300
2011-12-01,31.42306654684341,31.87497050594338,31.39679348039709,31.46510505676269,16258100
2011-12-02,32.079899565477795,32.100918818036035,31.45459183566694,31.533411026000977,14533600
2011-12-05,32.27958173125261,32.437222132423074,32.064139381934815,32.30585479736328,17715000
2011-12-06,32.00634004297427,32.4845171013931,31.8276803725482,32.242801666259766,12630100
2011-12-07,32.121939775632605,32.27958016917451,31.832932053388056,32.11668395996094,14650500
2011-12-08,31.52815954274444,31.71732882072193,30.80826712778024,30.92912483215332,22448800
2011-12-09,31.10252739658754,31.77512946908432,31.06574470565096,31.68579864501953,17460600
2011-12-12,31.04998109834305,31.04998109834305,30.340598343291287,30.72944450378418,18274300
2011-12-13,30.85555446334501,31.04997752119272,30.056840976733223,30.293302536010746,27362800
2011-12-14,30.056844004989507,30.19872095485026,29.59443046520332,29.715288162231445,22886900
2011-12-15,30.30907458160544,30.40365923218483,29.678510912578343,29.736312866210938,14270400
2011-12-16,30.0410751975262,30.19346175673096,29.65222908621768,29.92021751403809,16766800
2011-12-19,29.77834546688223,29.867676293819475,29.200330015429977,29.26338577270508,15165800
2011-12-20,30.185191211202984,30.62465384431398,30.16401387087681,30.46581268310547,17782600
2011-12-21,30.16402576050489,30.44464532324307,29.86222682931741,30.3811092376709,11505800
2011-12-22,30.333451681192084,30.831154639265105,30.238146558615806,30.704082489013672,12372500
2011-12-23,30.788800551678733,30.89998919756357,30.592894438709543,30.884105682373047,6284100
2011-12-27,30.76232329644161,30.90528098301733,30.725260416934063,30.772912979125977,3671200
2011-12-28,30.52407098134185,30.52936481426633,29.841051406851875,29.941650390625,14468100
2011-12-29,30.08989028328616,30.206372732626967,29.86221719534604,30.137540817260746,7490200
2011-12-30,30.17990455479777,30.497586952727577,30.1534313582662,30.386398315429688,4083600
2012-01-03,31.29179359307281,31.82656143049206,31.270616248642863,31.60947799682617,20052500
2012-01-04,31.545945038338125,32.01717482966335,31.53535535519002,31.725963592529297,11113200
2012-01-05,31.47181715971279,31.514175892175206,31.01647290439497,31.29709243774414,11539200
2012-01-06,31.50888311549485,31.50888311549485,30.921170793543904,30.98470687866211,9808400
2012-01-09,31.40826940618696,31.688888835228507,31.238838578866613,31.635942459106445,11339600
2012-01-10,32.44074445303188,32.59958562347212,32.23954455992753,32.28719711303711,17726800
2012-01-11,32.2289564783482,32.58370372904862,32.18130392287427,32.47251510620117,13344900
2012-01-12,32.610183698321244,32.95963517115207,32.52546825096151,32.89609909057617,12477500
2012-01-13,32.21307488852964,32.52016758230449,31.95892858409606,32.48310470581055,14258100
2012-01-17,33.32496393272697,33.46792160214414,33.09729083177835,33.256134033203125,18555000
2012-01-18,33.4996902511372,34.262129125924574,33.409678970073486,34.20918273925781,20712900
2012-01-19,34.18801121210214,34.43156787822937,34.11918129761552,34.309791564941406,20351700
2012-01-20,34.26212756205636,34.4739171386068,34.07681319740603,34.4421501159668,18970900
2012-01-23,34.33625745750963,34.86572944309822,34.309786281960605,34.68571090698242,24059300
2012-01-24,34.2780180040903,34.77042715232206,34.09270360197103,34.71218490600586,13531300
2012-01-25,34.41037696963015,35.45343723833677,34.37331409894488,35.39519500732422,13578600
2012-01-26,35.38461618978042,35.60169761817275,34.76513489370723,34.89750289916992,23445400
2012-01-27,34.84984407728974,35.17282229449376,34.79689768945557,34.98221206665039,13095800
2012-01-30,34.3733149534419,34.74923951960906,34.166821234555,34.63275909423828,14083900
2012-01-31,35.008687976016915,35.10928490303571,34.47921600805293,34.733360290527344,12235500
2012-02-01,35.257532451640984,35.86113414377886,35.23635713010289,35.65463638305664,16350800
2012-02-02,35.87172682491255,36.062337061832594,35.67582073709176,35.892906188964844,15096200
2012-02-03,36.3005848107149,36.44883626632612,36.11527049120089,36.14703750610352,15846200
2012-02-06,35.961733130476176,36.2794154859934,35.86113620895176,36.07292175292969,10129200
2012-02-07,36.2688327768272,36.591811026909,35.92467516154567,36.47532653808594,15713400
2012-02-08,36.70300333390479,36.87773008460758,36.41179208273347,36.49650955200195,12967200
2012-02-09,36.464734337848846,36.480617849884496,36.10998506433451,36.43825912475586,13826300
2012-02-10,35.691713529528265,35.691713529528265,35.33696417901147,35.681121826171875,17663100
2012-02-13,36.18411581085771,36.48591873941791,35.961738532545816,36.41178894042969,11901600
2012-02-14,36.13117292326399,36.24765742498426,35.56463796998464,35.882320404052734,12345100
2012-02-15,36.12056948112858,36.14174883942175,35.47461319161014,35.63874816894531,17903000
2012-02-16,35.47461680316452,36.30588751294026,35.33695298001855,36.2529411315918,15279400
2012-02-17,36.4276717902252,36.47532232675985,36.1576399645443,36.39590072631836,10911800
2012-02-21,36.565329968010246,36.67651858787963,36.173521873296686,36.34295272827149,8691000
2012-02-22,36.42768219110471,36.60240491450256,36.25825128024359,36.40120697021485,12713400
2012-02-23,36.47532437322371,36.53356661417848,36.12057911617239,36.3641357421875,11376200
2012-02-24,36.59710059342662,36.86183655363487,36.55474187030125,36.6924057006836,11622600
2012-02-27,36.38002014160156,36.56533453117681,36.23706448094372,36.38002014160156,10338600
2012-02-28,36.750652064770776,37.12657668576319,36.55474597796461,37.10010147094727,16569200
2012-02-29,37.089513996823264,37.348954137222194,36.45944104487521,36.62887191772461,23969800
2012-03-01,36.84595293902882,37.37013310471509,36.84595293902882,37.28541564941406,16558000
2012-03-02,37.22716986254708,37.45484295254237,37.0312678350385,37.22187805175781,11226000
2012-03-05,37.078918192460165,37.1000975541668,36.480616372561,36.52826690673828,20118800
2012-03-06,35.67052726051317,35.696998434679784,35.00339146243731,35.26812744140625,25283900
2012-03-07,35.13047046471321,35.638763158892736,35.10929109751183,35.51698684692383,14008100
2012-03-08,35.967039849241225,36.16294598012389,35.67582857894965,36.01469039916992,13493200
2012-03-09,35.76583296911436,36.04645246515854,35.51168464767688,35.61228561401367,12194400
2012-03-12,35.029862241735216,35.23106010604387,34.6539336443836,35.08810043334961,15289500
2012-03-13,35.10928363017909,36.1311646528842,35.02986606950414,36.088809967041016,19180900
2012-03-14,35.903475666674105,36.13644451370372,35.51696357724617,35.90877151489258,21256100
2012-03-15,36.01467614061012,36.05703486125531,35.70758551480734,35.82406997680664,13589900
2012-03-16,35.81349215991705,35.99880658513919,35.67582828422996,35.77113342285156,19251700
2012-03-19,35.59109894117122,36.035853362908405,35.59109894117122,35.73405456542969,10718700
2012-03-20,35.0616338639579,35.29989463031731,34.9080865106961,35.2469482421875,12323600
2012-03-21,35.21518989096764,35.33167439727447,34.8763280760122,35.241661071777344,12328900
2012-03-22,34.80748175206947,34.87101983463084,34.489799418362715,34.63275909423828,13797600
2012-03-23,34.72277098700224,34.98750695846847,34.51627725242262,34.84454727172852,11248400
2012-03-26,35.13576780303989,35.4640419492242,35.06164203447431,35.426979064941406,11109700
2012-03-27,35.40579694852681,35.591111355556045,35.061639312871904,35.135765075683594,11213800
2012-03-28,35.01927413808341,35.03515765011395,34.299191969329776,34.37331771850586,19892100
2012-03-29,33.981517318724656,34.37862136777198,33.753844169022145,34.35214614868164,12808500
2012-03-30,34.611585178284024,34.61687698966742,34.12976373205048,34.23566055297852,11481400
2012-04-02,34.13506108168442,34.8286681211255,34.023872444491246,34.616878509521484,8464600
2012-04-03,34.7068929886778,34.781018749300145,33.99210252052507,34.2833137512207,12733500
2012-04-04,33.843840669337474,33.96032512606191,33.552631547301274,33.663822174072266,12203000
2012-04-05,33.51028728733374,33.88091813467346,33.40439247098301,33.658538818359375,9563500
2012-04-09,33.14494529890962,33.51557609064062,33.0602298624947,33.39909362792969,10338800
2012-04-10,33.19789713957333,33.27202290162434,32.477814845748306,32.74784469604492,20354800
2012-04-11,33.11317283637798,33.182002728569664,32.679006043557386,32.76372146606445,10210800
2012-04-12,32.94904322556937,33.70618836801526,32.92257002879496,33.68500900268555,14643300
2012-04-13,33.425570823105524,33.62147491455078,32.92786580730463,33.092002868652344,13628900
2012-04-16,33.414970981937046,33.44673800237767,32.69488889525013,32.88020324707031,17689000
2012-04-17,33.04433781402421,33.256127360244115,32.779601891136736,32.96491622924805,15308700
2012-04-18,32.631355341880685,33.012573754884485,32.56252342601225,32.7849006652832,13542900
2012-04-19,32.679015732009255,32.83256109223009,32.324268406492536,32.59959411621094,13125700
2012-04-20,32.880213555600506,33.166128947855434,32.80608779163269,32.89609909057617,11930100
2012-04-23,32.213072761338495,32.31896755280354,31.863621363346443,32.20777893066406,17006200
2012-04-24,32.37720586479143,32.49898415329469,32.27131108616145,32.38249969482422,10159100
2012-04-25,32.58370311740263,32.599586629004065,31.89009416069665,32.12835693359375,17126500
2012-04-26,31.84243966777633,32.36132188618021,31.79478711609765,32.28190231323242,11612500
2012-04-27,32.39309827867129,32.435454989901075,32.09659322096091,32.191898345947266,10251900
2012-04-30,32.22895929923802,32.23954898135635,31.784202749145035,31.905981063842773,9166700
2012-05-01,31.84244950066109,32.356038047373566,31.84244950066109,32.08600616455078,6152400
2012-05-02,31.9377393555119,32.075403156918014,31.778898216775715,31.932445526123047,15467000
2012-05-03,31.921868338304947,31.964225049313544,31.408279836313305,31.784204483032227,12437600
2012-05-04,31.74713497841547,31.773608169743287,30.894684887144564,31.021759033203125,18236500
2012-05-07,30.84702774013289,31.275900646952365,30.725249462343967,31.15941619873047,12979600
2012-05-08,30.831152064923035,30.85233142812164,30.328153297719982,30.51346969604492,17718400
2012-05-09,29.904579163558594,30.30697902601577,29.698085400881425,30.047536849975582,17448200
2012-05-10,30.37050530224593,30.5452299605247,30.13224256843416,30.23284149169922,14057600
2012-05-11,29.91516392806532,30.582297668556524,29.86221754318233,29.931047439575195,15681900
2012-05-14,29.110364490501155,29.16331289176752,28.70796673975172,28.72385025024414,25454700
2012-05-15,28.70798294541625,29.03096130625,28.125562321359563,28.16792106628418,19615500
2012-05-16,28.882694447697773,28.89328412906315,27.81845671766701,28.114959716796875,25535300
2012-05-17,28.06730463295476,28.14672622615525,27.22544422808467,27.2995719909668,27079400
2012-05-18,27.437239631142383,27.54842826944669,26.87599856862593,27.28898811340332,28953000
2012-05-21,27.24133471847987,27.93494174364729,27.23074503614005,27.85552215576172,17104900
2012-05-22,27.66491120369469,28.062015192264468,26.9342392991892,27.08249282836914,27974700
2012-05-23,27.003075739240945,27.18839015699213,26.24063668078162,27.11956024169922,31080300
2012-05-24,27.262501077681986,27.27838458372685,26.579482040910765,27.06659507751465,20946300
2012-05-25,27.20426314152725,27.754912308698326,27.09836837176463,27.606660842895508,23910500
2012-05-29,28.199676625947525,28.24203535362916,27.654321135586024,27.881994247436523,20035500
2012-05-30,27.098377865009976,27.42135611703476,27.07190466823878,27.28898811340332,18660400
2012-05-31,27.167206197163207,27.659615267089425,26.79657543208888,27.553720474243164,20340500
2012-06-01,26.92365007377432,27.320754069079403,26.82305112208284,26.86540985107422,18611800
2012-06-04,26.92364768240145,27.161910462376948,26.73833330896229,26.79657554626465,15084900
2012-06-05,27.124853622518785,27.373706139167098,26.812465023666345,26.90777015686035,17262500
2012-06-06,27.061311404316942,27.627846223302992,27.003069167262744,27.553720474243164,20603200
2012-06-07,28.0461298501728,28.47500083720544,27.84492994354718,27.950824737548828,16572500
2012-06-08,27.4478256813969,27.585487498254416,27.22015258369875,27.553720474243164,17001400
2012-06-11,27.8978823519585,27.93494523489221,26.902476324916524,26.90777015686035,20008600
2012-06-12,27.12484815170377,27.34722742422996,26.939533774411306,27.30486869812012,16108600
2012-06-13,27.209560668376387,27.72314905865836,27.124845245010032,27.32074928283692,16734900
2012-06-14,27.31016368204585,27.56960380202161,27.08778441657718,27.431941986083984,20770200
2012-06-15,27.622547186152044,27.818453237238543,27.474295705135184,27.765504837036133,18689800
2012-06-18,27.469008847304096,27.95612213415778,27.378997554000417,27.83963966369629,13616500
2012-06-19,28.10437478798596,28.96211886423407,28.030247011220343,28.8562240600586,35087400
2012-06-20,28.86150780225153,29.041528300487464,28.31615247808446,28.64442443847656,23539800
2012-06-21,28.524551271422183,28.594756158855308,27.606494489822563,27.644296646118164,23502400
2012-06-22,27.838701336013337,27.8927058732109,27.271667085844896,27.40667533874512,16880400
2012-06-25,26.86124942171037,26.947654642131443,26.488625234843365,26.650634765625,23755100
2012-06-26,26.61283600287786,26.88285260862155,26.41842371713229,26.688440322875977,18446000
2012-06-27,26.71004160108904,26.81804865319672,26.34822034560097,26.629037857055664,21906300
2012-06-28,26.386017524433875,26.575028284898902,26.06739791389084,26.49942398071289,26908500
2012-06-29,27.563284649144112,27.973708820255727,27.406674585668178,27.91970634460449,27866800
2012-07-02,28.130320425910973,28.43273966229955,28.000711593155152,28.39493751525879,15748200
2012-07-03,28.61634938651352,28.891765308258247,28.4651387466746,28.8377628326416,14643300
2012-07-05,28.63255201162316,29.08617984736609,28.26532937982829,28.751359939575195,18461100
2012-07-06,28.29233087825612,28.37333665897479,27.908907910987896,28.17352294921875,14337000
2012-07-09,28.09791767479554,28.11412006641299,27.736096536318403,27.95750999450684,6993100
2012-07-10,28.27072496165773,28.297728258022445,27.35267056700153,27.493078231811523,13962500
2012-07-11,27.466082026469056,27.82790319133335,27.18526458534949,27.428279876708984,13003300
2012-07-12,26.920643581413383,27.395873186852423,26.77483648775937,27.22846221923828,12815300
2012-07-13,27.58489335020952,27.88191116056888,27.57949186525844,27.7091007232666,10592200
2012-07-16,27.725301077258205,27.773904141537173,27.358078382719984,27.563291549682617,8647300
2012-07-17,27.7037009909113,27.90891417071357,27.33107884816718,27.849510192871094,11377500
2012-07-18,27.62808899812906,28.092517721196,27.563285613068835,28.03851318359375,9533000
2012-07-19,28.146530872465384,28.502952715552627,28.09252837444678,28.45975112915039,10304200
2012-07-20,28.09251523088364,28.205921659701524,27.82789817024629,27.93050575256348,12197600
2012-07-23,27.06644974544009,27.28246374043268,26.72082900150165,27.20145797729492,17182500
2012-07-24,27.363480628768883,27.36888211428061,26.78564528280166,27.050262451171875,12262800
2012-07-25,27.23927009685745,27.32567531449769,26.85584707233279,27.01785659790039,8252100
2012-07-26,27.503884322652453,27.95751218225095,27.30947208852986,27.91430854797364,12701400
2012-07-27,28.243726775745884,29.07537812807958,28.1411212426901,28.92416954040528,21005000
2012-07-30,28.756753139439525,28.94576383839691,28.470536349572026,28.88096046447754,11554500
2012-07-31,28.84856633162984,28.945772451464485,28.29773439931714,28.32473564147949,13528900
2012-08-01,28.42733396001808,28.64334796253558,28.01150834421233,28.432735443115234,12950800
2012-08-02,28.07632052125912,28.45974351071655,27.822504316376985,28.070919036865234,13093100
2012-08-03,28.756753139439525,29.129375114553564,28.686548282657306,28.88096046447754,13978600
2012-08-06,28.84316809550636,29.577613448931352,28.783764124264216,29.27519416809082,12260300
2012-08-07,29.502004199268075,29.761219799374807,29.26978983791075,29.29679107666016,11881500
2012-08-08,29.329191021307484,29.782818793544912,29.296788301839715,29.70721244812012,11117200
2012-08-09,29.701824188232425,29.91783827908116,29.49121158268959,29.701824188232425,10831600
2012-08-10,29.53440639607525,30.031237867137413,29.38859722717861,29.96643447875977,12237000
2012-08-13,29.70181084904331,29.92862368851528,29.442595292477296,29.75041389465332,12322500
2012-08-14,29.83142397249857,29.94483040863889,29.237386433552384,29.32919311523437,14639800
2012-08-15,29.39399788297964,29.5452064716209,29.210386571031307,29.45880126953125,11363500
2012-08-16,29.76662483613197,30.06904412331432,29.469607033755533,29.971837997436523,14811100
2012-08-17,29.95563303366139,30.06903947630484,29.799022959498988,29.90162849426269,11907700
2012-08-20,29.81522151675978,29.95022976712736,29.561407406911183,29.907028198242188,8953900
2012-08-21,30.036632998069333,30.18784362942172,29.46959879566915,29.615407943725582,13227600
2012-08-22,29.588418523406013,29.8422327179934,29.291400685447016,29.723426818847656,14238700
2012-08-23,29.5235962488674,29.54519805825405,29.080769456750613,29.248180389404297,14973600
2012-08-24,29.0969794378396,29.49120329175582,28.897165738956566,29.29679107666016,11241000
2012-08-27,29.048384000263304,29.167189893922902,28.924176621400125,29.00518035888672,10816400
2012-08-28,28.9619740044404,29.107783179961512,28.789163587540408,28.934972763061523,7722800
2012-08-29,28.767556687865447,28.794557924473843,28.19512099548092,28.465137481689453,15173300
2012-08-30,28.227528838482804,28.362537106089825,28.087119086536408,28.25993156433105,8524000
2012-08-31,28.3517368774996,28.621753419190068,28.23833042440465,28.47054481506348,11344500
2012-09-04,28.39493154490228,28.438133106695588,27.90890109933949,27.95210266113281,12148800
2012-09-05,28.124927378679583,28.297737821492667,27.91971420531543,28.216732025146484,11213700
2012-09-06,28.44353937234193,29.08618001164385,28.43813994834205,29.04297637939453,13622900
2012-09-07,29.383197274015,30.193246824366515,29.35079455037842,29.853025436401367,19208200
2012-09-10,29.59921457723122,29.68561978973288,29.177987363730725,29.210390090942383,14327700
2012-09-11,29.36159179043524,29.69641371266659,29.36159179043524,29.615407943725582,8825300
2012-09-12,29.71802084111706,29.782826296378268,29.31839750065356,29.610015869140625,19162100
2012-09-13,29.529014253041755,30.501073558637515,29.442609027212423,30.49567413330078,26394100
2012-09-14,30.733287109541127,31.365126979132256,30.59287939411145,30.814292907714844,24965900
2012-09-17,30.64147595355911,30.760281822902822,30.360658522274964,30.501066207885746,11229800
2012-09-18,30.4308614619638,30.695478562182547,30.32285650030317,30.506467819213867,11670000
2012-09-19,30.538875330546645,30.72788817595487,30.30126147753228,30.387666702270508,17343500
2012-09-20,30.12304657567492,30.436266772038948,29.93943523368358,30.31205940246582,13700600
2012-09-21,30.47406852611667,30.5712746506069,30.139248575129667,30.204051971435547,15129300
2012-09-24,30.139241649574945,30.344452700732884,30.02583315702073,30.220245361328125,8558200
2012-09-25,30.17165721314992,30.19325903764565,29.48581473588577,29.577621459960938,18343200
2012-09-26,29.4209988459378,29.539806770218224,29.107780763829176,29.50200462341309,13168200
2012-09-27,29.701822987870784,29.755825478369,29.334600284306617,29.57221412658692,12638600
2012-09-28,29.264393800806,29.377802320761017,28.9565750896342,29.194190979003903,19531000
2012-10-01,29.32919991539868,29.71262294176025,29.29679718610477,29.453407287597656,13696000
2012-10-02,29.658619081999984,29.755825212077223,29.361601266791947,29.46960830688477,11274600
2012-10-03,29.48580413643773,29.48580413643773,29.113182068120363,29.161785125732425,12053100
2012-10-04,29.194189748642035,29.453405386069523,28.96197535385147,29.356199264526367,11582800
2012-10-05,29.669422081748504,29.728826060986755,29.210394704101635,29.28059959411621,14003800
2012-10-08,29.172582949844205,29.626210752909696,29.09157717570085,29.56680679321289,11085900
2012-10-09,29.502002689767505,29.51280359672712,29.129378609879023,29.30759048461914,12265500
2012-10-10,29.39399577623794,29.410196106699097,28.929567075769384,29.069976806640625,14769500
2012-10-11,29.30759226447867,29.46420233481054,29.258989210239903,29.30219078063965,11182800
2012-10-12,29.399398929578805,29.529007769898502,29.09158025138997,29.161785125732425,10885200
2012-10-15,29.334600702570512,29.61001876420213,29.15639083333504,29.485809326171875,12447700
2012-10-16,29.68021132284102,29.917827146368083,29.50740093849168,29.615407943725582,10360500
2012-10-17,29.766618045956537,29.966431736937786,29.674813425826542,29.79902076721192,12612100
2012-10-18,29.7018153447031,29.85842541093561,29.50200370920167,29.76661872863769,13125400
2012-10-19,29.73961523564496,29.98802990527953,29.33459051165118,29.372392654418945,11244200
2012-10-22,29.307594578022275,29.577611109538903,29.248190611478595,29.55600929260254,9390100
2012-10-23,29.053782897739666,29.06458380788765,28.659558947621587,28.799968719482425,14711100
2012-10-24,28.951171587443344,29.05917860739405,28.6595532515952,28.751359939575195,8495600
2012-10-25,29.264396145255485,29.329201607582338,28.97817923019912,29.05918502807617,20107600
2012-10-26,29.11857340996943,29.22118098092717,28.93496419891254,28.95656394958496,11300100
2012-10-31,29.026772606211253,29.09697747026233,28.67035092265841,28.81075859069824,14569000
2012-11-01,28.94036869925361,29.458799887469294,28.88636622300456,29.377796173095703,11590200
2012-11-02,29.62620381342305,29.66400594981873,29.059169707425887,29.248180389404297,14675900
2012-11-05,29.16178838229072,29.404803697489047,29.086184075354097,29.388601303100582,8003500
2012-11-06,29.480398211003536,29.79901772729272,29.39399302319946,29.62620735168457,11456800
2012-11-07,29.43180480831076,29.4372042330406,29.05378121527401,29.194190979003903,16088800
2012-11-08,29.20498681764884,29.49120366007962,28.556946779257224,28.72435569763184,18639600
2012-11-09,28.52454839284978,28.85396891595036,28.40574045073146,28.497547149658203,16140800
2012-11-12,28.540744898427786,28.546146382379256,28.26532895871621,28.35173416137696,10479900
2012-11-13,28.119527133443725,28.427345877031264,28.03312190822728,28.10332679748535,15809500
2012-11-14,28.124919715905776,28.17352070839633,27.574085806992883,27.682090759277344,15009100
2012-11-15,27.66049181584129,27.83330221663799,27.449879268624223,27.65509033203125,11372400
2012-11-16,27.763095958239195,27.78469777227341,27.266266595826373,27.574085235595703,14597200
2012-11-19,27.86570940854708,28.11412622045429,27.779304187902863,28.01692008972168,16673800
2012-11-20,27.86570278339152,28.11951895996588,27.73609601327108,28.03851318359375,8509100
2012-11-21,27.811699194040568,28.227524846673514,27.56868393470152,27.81709861755371,17470800
2012-11-23,27.96290822005107,28.227525297796472,27.96290822005107,28.168121337890625,8598300
2012-11-26,28.07631833583456,28.22212544211666,27.91970826160558,28.11412048339844,8358600
2012-11-27,28.30853646010379,28.36254101061874,27.65509684934511,27.77390480041504,14015800
2012-11-28,27.57409121584531,27.925111499749743,27.42828202958489,27.82250595092773,17961600
2012-11-29,27.74150203262496,28.20593086611123,27.660498297056414,28.01692008972168,12515100
2012-11-30,27.88189968621354,27.90349943694011,27.57948051535893,27.85489845275879,19090900
2012-12-03,28.141119650026564,28.16812088771704,27.817098617553707,27.81709861755371,13282300
2012-12-04,28.097922626519686,28.189729328322738,27.68209687614052,27.79010391235352,14528600
2012-12-05,28.03851630525369,28.389538628530588,27.865705885811657,28.265331268310547,15645700
2012-12-06,28.15192629265524,28.540748726752167,28.15192629265524,28.497547149658203,12063000
2012-12-07,28.681159161615444,28.7027609807016,28.43274442231329,28.659557342529297,11155500
2012-12-10,28.64875114033557,28.961971279031,28.64875114033557,28.913368225097656,10855700
2012-12-11,28.94577324912737,29.258993435017743,28.886371338758345,29.167186737060547,14498900
2012-12-12,29.1779846449144,29.41019901813653,29.015975144077743,29.18878555297852,11589700
2012-12-13,29.19959180899204,29.44260713478692,28.91877432808049,28.983577728271484,11155700
2012-12-14,29.14558887161522,29.356201464051367,29.02138149812885,29.26439476013184,8319000
2012-12-17,29.231991909083487,29.28599439437349,29.096983635795727,29.210390090942383,9004000
2012-12-18,29.265870296109085,29.71184695656474,29.09183072494177,29.55956077575684,15836000
2012-12-19,29.771663895139543,30.14693621104392,29.7172752499047,29.962018966674805,17092500
2012-12-20,30.01641464656646,30.23396514409864,29.913079301332093,30.206771850585938,12279200
2012-12-21,29.695524128518056,30.02728765139968,29.652015280690865,29.896759033203125,16617900
2012-12-24,29.831491423906407,29.89131790258672,29.72815609918625,29.820615768432617,3028800
2012-12-26,30.152381246017075,30.326420802942685,30.000097152385955,30.010974884033203,8956300
2012-12-27,30.097649992054222,30.27755000604669,29.8087219351802,30.223033905029297,8778200
2012-12-28,29.97772016640252,30.28845467858324,29.966816945676232,30.124908447265625,6504600
2012-12-31,29.91774753500714,30.56647344222235,29.770557203875697,30.495603561401367,7901800
2013-01-02,30.88811639059002,31.06801640813636,30.80089270681573,31.051660537719727,14852500
2013-01-03,30.915368652725167,31.44961389372065,30.83904820109386,31.24790954589844,16609200
2013-01-04,31.046216400364155,31.231567026737977,30.964443270066816,31.171600341796875,11774200
2013-01-07,31.029852278860304,31.07346515798052,30.81724469209058,30.99714469909668,9654600
2013-01-08,30.779089983211207,30.78454263386749,30.473808092920216,30.582836151123047,10719100
2013-01-09,30.730026333165945,30.899023149647384,30.61554562502218,30.768186569213867,10407400
2013-01-10,30.975339261020896,31.07346616263745,30.65370154562808,31.062562942504883,11638000
2013-01-11,30.80633361601717,30.817236833016665,30.56646908075632,30.751819610595703,10946500
2013-01-14,31.013498020581142,31.11162491754309,30.80634100704188,30.89901733398437,9612700
2013-01-15,30.740925205322352,30.83905210686936,30.642798303775344,30.800891876220703,6250000
2013-01-16,30.495604159519424,30.7409213828833,30.462896582788467,30.708213806152344,6353200
2013-01-17,31.00805318363673,31.106180098741348,30.937183282821863,30.991697311401367,10297800
2013-01-18,30.849951364922,31.008044917063337,30.82814492747292,30.98623847961425,10856100
2013-01-22,30.789993094535795,30.980796354860367,30.435647747493423,30.97534370422364,8792200
2013-01-23,31.02439870536198,31.062558931109702,30.855401934496104,30.98623847961425,10626700
2013-01-24,31.07891443941177,31.280620877614325,30.697312160815468,30.90991973876953,11655800
2013-01-25,30.90991983488792,31.20975108882157,30.773632712229308,30.94808006286621,7035800
2013-01-28,31.07345883132394,31.07345883132394,30.626437309239407,30.8608512878418,10092700
2013-01-29,31.046207989996628,31.237009136233244,30.855404764183486,31.1824951171875,9879900
2013-01-30,30.7354747281824,30.942629672452373,30.582831725548623,30.839052200317383,19704100
2013-01-31,30.8117929402076,31.035303738184663,30.64824880893256,30.94808006286621,15402700
2013-02-01,31.237015786522857,31.242468437334203,31.07347161499093,31.117084503173828,8669700
2013-02-04,30.800884572747467,30.82269100782644,30.58282438110996,30.69185447692871,10578900
2013-02-05,30.96444555809363,30.986252005061186,30.58284105447032,30.5937442779541,12801600
2013-02-06,30.495605308229614,30.599184850649525,30.342964398865224,30.588281631469727,13626900
2013-02-07,30.89901847534584,30.95353249585992,30.31025707182625,30.51741409301757,13416100
2013-02-08,30.577376660777603,30.620987455422306,30.342962660780447,30.495603561401367,7287400
2013-02-11,30.57737610723416,30.58282667662496,30.266641662551784,30.43563842773437,6629700
2013-02-12,30.441094812554528,30.626445400894944,30.288453885536537,30.47380447387696,4541900
2013-02-13,30.64824216846452,30.82268948130441,30.61008194875429,30.751819610595703,14653400
2013-02-14,30.52286467373292,30.67550558448638,30.457445358058774,30.610088348388672,8545300
2013-02-15,30.67550876256562,30.75727979626538,30.52286783599808,30.62099266052246,12964200
2013-02-19,30.822690191897262,30.882656846988965,30.620983792120448,30.702756881713867,9158200
2013-02-20,30.648252645710667,30.68096022831438,29.983170738412245,30.03223419189453,15102600
2013-02-21,29.91774870003593,29.91774870003593,29.432566893103395,29.57430458068848,28635100
2013-02-22,29.917757579244974,29.92320815056436,29.65608648479745,29.885047912597656,15373500
2013-02-25,29.9722598557914,30.075837306853224,29.459821090087782,29.54704475402832,15582800
2013-02-26,29.6179174089392,29.86323255707332,29.29082707879975,29.797815322875977,13193600
2013-02-27,29.65608108369079,30.0431360437619,29.63427464323074,29.9995231628418,9823900
2013-02-28,30.05404281616211,30.27755365835344,29.99952670856857,30.05404281616211,9891000
2013-03-01,29.77601784132384,30.108558841181743,29.69969736520767,30.092205047607425,10155200
2013-03-04,29.819622768537613,29.99407011867678,29.6506259882756,29.86323356628418,12680200
2013-03-05,30.14126303965638,30.392030866994176,29.9177522231898,30.03768348693848,15203200
2013-03-06,30.34842189310983,30.90992637131492,30.27210142101399,30.768186569213867,16087800
2013-03-07,31.073473771542982,31.487785840149627,31.04621675432547,31.2315673828125,24135300
2013-03-08,31.231564465383023,31.48233232768256,31.13343754890461,31.427818298339844,15017100
2013-03-11,31.24246905638041,31.318789532635748,30.99715175443326,31.2152099609375,11518300
2013-03-12,31.318780953054617,31.406004627677344,30.964433605138044,31.09527015686035,8164600
2013-03-13,31.1007190008054,31.127976007691817,30.582827551658152,30.6864070892334,13830700
2013-03-14,30.697310547822948,30.828145013730843,30.35931700514548,30.53921699523925,11587800
2013-03-15,30.66461735635933,30.70277760270327,30.33752893638915,30.381139755249023,14692400
2013-03-18,29.99407152315469,30.375675899293995,29.94500807365712,30.157615661621094,9539700
2013-03-19,30.266646500957965,30.321160521885627,29.79236786424219,30.015878677368164,16775400
2013-03-20,30.01588185971548,30.054042094326,29.79237102289241,29.84143447875977,9797200
2013-03-21,29.688787877926053,29.743303977631275,29.30718349829577,29.356246948242188,13523700
2013-03-22,29.36169494910046,29.42166160949327,29.149087392854128,29.274471282958984,11039400
2013-03-25,29.19815844061787,29.454376856887027,28.985548749414367,29.10548210144043,15891700
2013-03-26,29.219965340873653,29.50889552497728,29.181805103656053,29.279932022094727,12016500
2013-03-27,29.089127328387683,29.672436117893948,28.974646630539173,29.563405990600582,14976900
2013-03-28,29.69969177246094,29.74330465321573,29.438020726662028,29.699691772460938,9867200
2013-04-01,29.6397291082198,29.70514843819605,29.38896124870816,29.42167091369629,8013300
2013-04-02,29.55250533096764,29.55250533096764,29.12729008520827,29.214513778686523,10634500
2013-04-03,29.045513246132604,29.225413260673733,28.95283899348532,29.08367347717285,13228000
2013-04-04,29.23086474342438,29.31263785796404,28.92558288557324,29.01825714111328,12760100
2013-04-05,28.81655580072819,29.601569048938504,28.67481599784353,29.49799156188965,14828900
2013-04-08,29.514333621968103,29.5470432741486,29.18724541846754,29.476173400878903,11353300
2013-04-09,29.73240002464798,30.201228072671253,29.59066024848552,30.05948829650879,14020300
2013-04-10,30.31026303895237,30.740930956358746,30.299361896364736,30.370229721069336,14235800
2013-04-11,30.342972920439703,30.359326714014028,29.91775765089131,30.092205047607425,14856200
2013-04-12,29.96681658037057,30.23939085647486,29.53614872502737,29.972267150878903,12859600
2013-04-15,29.421667328045647,29.49253514085118,28.80564889642721,28.843809127807617,22691300
2013-04-16,29.083678185217384,29.36715571853166,28.909230792343514,29.279932022094727,13967900
2013-04-17,29.01280470777967,29.0618681574379,28.413140092003925,28.625747680664062,16912800
2013-04-18,28.60940143146363,28.78384883632315,28.31502065592177,28.58759498596192,18593800
2013-04-19,28.83290104458143,29.06731504328342,28.718420369748262,29.00189781188965,14844900
2013-04-22,28.90922855202912,29.007355462863465,28.669363925310044,28.95829200744629,6330500
2013-04-23,29.10547416176541,29.519788130520222,29.007347278616965,29.307178497314453,15996000
2013-04-24,29.470733095326544,29.69424393079198,29.443474002561626,29.59611701965332,8633500
2013-04-25,29.50344230077373,29.85233707974053,29.459831493191345,29.743309020996094,11827900
2013-04-26,29.57975417958125,29.683333716702005,29.11092825629356,29.285375595092773,10225800
2013-04-29,29.552500769239167,29.66698145933745,29.3235393890426,29.52524375915528,9600200
2013-04-30,29.383502034895383,30.16306447807749,29.34534181008868,30.06493759155273,14472800
2013-05-01,29.955911610297207,29.994071840357048,29.530694350295825,29.69424057006836,9538700
2013-05-02,29.95591572733433,30.026785627004102,29.71604901447568,29.808725357055664,12251300
2013-05-03,30.12490423432644,30.33751388939074,29.879589080810547,29.879589080810547,9921600
2013-05-06,29.87414206295345,29.90139907630713,29.59066454900621,29.84143447875977,14050500
2013-05-07,29.86869192818688,30.392034078694657,29.846885485354843,30.293907165527344,12381800
2013-05-08,30.50651660475202,30.6264499679087,30.217588498503986,30.34842300415039,10897200
2013-05-09,30.402929784775644,30.5773771251564,29.91774798936815,30.108549118041992,14890100
2013-05-10,30.070390217895447,30.135807453527924,29.781462187573617,29.879589080810547,11574000
2013-05-13,29.890493652796,29.983167900838225,29.639723758965378,29.83597755432129,8701400
2013-05-14,29.79781411287584,30.010421675066112,29.63972056370696,29.65607643127441,8210100
2013-05-15,29.65608387575028,29.852335619637568,29.57976132695449,29.67243766784668,8663200
2013-05-16,29.71604610270884,29.972266582855625,29.596114837607995,29.66698265075684,10808000
2013-05-17,29.683327355229267,29.885031657567787,29.56339405566675,29.688777923583984,6767100
2013-05-20,29.759662437336708,30.00497972556147,29.5961182717125,29.94501304626465,11591600
2013-05-21,30.015878956898028,30.26664678282317,29.770561701285786,30.130359649658203,8150800
2013-05-22,30.206679177333942,30.56647711457935,29.85233181023287,29.9341049194336,12801300
2013-05-23,29.59611034248284,29.863231922868668,29.438016790251684,29.7923641204834,14081700
2013-05-24,29.754213333129883,29.781470348814825,29.38351209699908,29.754213333129883,10009000
2013-05-28,29.89594749950364,30.032234641262946,29.53614952844215,29.60701942443848,10084900
2013-05-29,29.17089174632448,29.328985291055147,28.462199199060148,28.565778732299805,22687100
2013-05-30,28.473117986911102,28.91468920792222,28.35318460055756,28.5494384765625,12520700
2013-05-31,28.255046100302216,28.29320632670376,27.47548362453979,27.742605209350582,22703700
2013-06-03,27.87344218173329,28.140563770617234,27.622672302101147,28.06424331665039,17652800
2013-06-04,28.20053959314616,28.238699832521124,27.622681271847007,27.87345123291016,10550300
2013-06-05,28.02064057974283,28.09696105566241,27.31739834378041,27.339204788208008,19921000
2013-06-06,27.257430922082936,27.524554660133205,27.13749756056115,27.480941772460938,21756700
2013-06-07,27.01755716386294,27.46457871380993,26.794046388889445,27.110231399536133,19374300
2013-06-10,26.766795383840563,26.93579219820836,26.52148017790833,26.815858840942383,13761400
2013-06-11,26.058108315217183,26.477873077799355,25.932724359574824,26.29252243041992,23708100
2013-06-12,26.31977096574,26.40699464935463,25.61653092641184,25.780075073242188,21269800
2013-06-13,25.965421122422576,26.412442682760563,25.823681361587823,26.31431579589844,16509300
2013-06-14,26.516018757252297,26.516018757252297,25.872743456713057,25.96541976928711,13341800
2013-06-17,25.943614662137666,26.19983509755603,25.56746298255485,25.82913398742676,14426300
2013-06-18,25.56746972714253,25.807334358322954,25.376666472715,25.67104721069336,17644700
2013-06-19,25.600176299809966,25.77462367551475,24.651618954362288,24.744293212890625,23545100
2013-06-20,23.752114954846057,24.182782677854284,23.403220321372675,23.953819274902344,41857000
2013-06-21,23.9156590543397,24.0355923644372,23.435929973101825,23.953819274902344,26875200
2013-06-24,23.425033478326835,23.70851096926976,22.70543757038581,23.47954750061035,25470400
2013-06-25,23.81753786219781,23.97563143058309,23.386872115997846,23.86115074157715,16910200
2013-06-26,24.18278958654739,24.488071438263432,24.06830889215388,24.302722930908203,31061700
2013-06-27,24.415541304518765,24.821262539481992,24.415541304518765,24.615623474121094,13597900
2013-06-28,24.17100689748086,24.487803081050103,24.037618026436046,24.37664604187012,17370000
2013-07-01,24.28771177210381,24.582276013897737,24.120977335619383,24.33773231506348,11768800
2013-07-02,24.08207769172899,24.24881216274333,23.19282364607944,23.52629470825196,22060400
2013-07-03,23.21505067574888,23.559635460639388,23.10389367800063,23.3651123046875,13509800
2013-07-05,23.176156354535333,23.270638466558765,22.60925732196174,23.04832649230957,21821800
2013-07-08,23.19838151839076,23.35400006763877,23.003856211687022,23.042760848999023,17928600
2013-07-09,23.21505491129265,23.5040623101096,23.1761502730042,23.32621192932129,9713000
2013-07-10,23.198381863088933,23.44848250091264,23.014972467198213,23.07610893249512,16564400
2013-07-11,23.6596792074717,23.89866603745777,23.36511493243272,23.865318298339844,23020100
2013-07-12,23.68191687952996,23.781958001435672,23.42625717694608,23.50406646728516,12485200
2013-07-15,23.57075394828474,24.32106005482932,23.57075394828474,24.165441513061523,14324500
2013-07-16,24.359962486054886,24.359962486054886,23.85419807480518,24.059839248657227,16876600
2013-07-17,24.421099844940613,24.59339330706664,24.3266177696784,24.44889068603516,18236700
2013-07-18,24.4544443595775,24.77679941653159,24.43777155323271,24.56560134887696,14568400
2013-07-19,24.32661875442456,24.40998492065234,24.21546174597725,24.29883003234864,12882300
2013-07-22,24.359973166866105,24.89352440941706,24.25993204386977,24.74901962280273,15599400
2013-07-23,25.16029188363168,25.226985237318782,25.010230247728096,25.09915542602539,22942700
2013-07-24,24.954651359264663,25.00467190166525,24.35996386635961,24.615623474121094,19743100
2013-07-25,24.48779615195069,24.91574925360573,24.44889151726783,24.876842498779297,13236700
2013-07-26,24.865727916704326,24.882400725283773,24.47112044579473,24.821264266967773,16021500
2013-07-29,24.73233577275452,24.754567594643053,24.46000125497802,24.56560134887696,11405900
2013-07-30,24.671210174247264,24.687882987925576,24.19879541211232,24.271045684814453,12542300
2013-07-31,24.182114437350105,24.44889211042429,23.91533888441955,24.176557540893555,17948900
2013-08-01,24.426662103225663,24.565607846565808,24.27104142898693,24.393314361572266,13793600
2013-08-02,24.359968292928567,24.704553136446908,24.34329336233605,24.432218551635746,9417700
2013-08-05,24.27659421339668,24.34884657502424,24.026491515565294,24.059839248657227,10661900
2013-08-06,24.10430591524289,24.16544237888316,23.676352789904733,23.77639389038086,16171800
2013-08-07,23.57631134063876,23.843089018057487,23.53740670437845,23.59854316711425,11449000
2013-08-08,23.93757105910929,24.548931445126428,23.76527758443656,24.35440826416016,21953200
2013-08-09,24.51002751717929,24.94909656135476,24.465565983163803,24.79347801208496,16067200
2013-08-12,25.082485067523937,25.393722161892217,24.69343657941989,24.84349822998047,20394900
2013-08-13,24.72678632246912,24.843500242311084,24.487799465567647,24.68787956237793,17518100
2013-08-14,24.68231951342789,24.85461298272445,24.46556451278797,24.526700973510746,29348100
2013-08-15,24.13765504045905,24.57672410439303,24.043170831190714,24.42666244506836,24555600
2013-08-16,24.29327278840806,24.315504615748385,23.79862629087641,23.976476669311523,21861500
2013-08-19,23.87088262727721,24.00982839097481,23.5540864556582,23.615222930908203,25516200
2013-08-20,23.598540774260584,23.787507039854177,23.39845859655637,23.409574508666992,19588300
2013-08-21,23.20949587008561,23.309536974192586,22.79265864302116,22.931604385375977,23077400
2013-08-22,23.1372504145878,23.392910124769177,23.048325205822785,23.32065773010254,18572100
2013-08-23,23.71526610655769,24.371090396314266,23.59299525466957,24.33218574523925,24200700
2013-08-26,24.30438790591136,24.30994692263621,23.765277771359308,23.9208984375,16273000
2013-08-27,23.44848174613692,23.63744803272489,23.309536009532337,23.62077522277832,19183400
2013-08-28,23.542967396855698,23.94868871826639,23.40402165170914,23.576313018798828,12003800
2013-08-29,23.581867659764043,23.92089555423076,23.415133220558086,23.5429630279541,10493600
2013-08-30,23.73192861268908,23.73192861268908,23.22060727757829,23.55963516235352,13682400
2013-09-03,23.83197637582215,23.97647902745898,23.64301006513156,23.85420608520508,15526200
2013-09-04,23.715254683105663,24.054282582147515,23.65412034668177,24.020936965942383,11652100
2013-09-05,24.03761338188267,24.793478558085106,23.998708743708463,24.598953247070312,16891500
2013-09-06,25.04913858100736,25.288125430511613,24.83238355939741,25.171411514282227,21852000
2013-09-09,25.45485992131148,26.13291583166394,25.43262809339807,26.082895278930664,39513000
2013-09-10,26.260746447781067,26.366344453314003,25.916161585386973,26.138473510742188,26020400
2013-09-11,25.98840826996944,26.18849045934253,25.760537358770872,26.01619911193848,14979400
2013-09-12,26.082894473230567,26.11068319719204,25.71051878768689,25.71607780456543,13869600
2013-09-13,25.84390864261508,25.96618157700465,25.67717417217536,25.938390731811523,7708500
2013-09-16,26.42192185913121,26.455267479122245,25.96062099458074,25.971736907958984,12077200
2013-09-17,26.182936276412384,26.38857538340384,26.182936276412384,26.299650192260746,12455600
2013-09-18,26.483060924550987,27.75580238932074,26.37190389999128,27.63353157043457,33022000
2013-09-19,27.52793704652376,27.61686226024404,27.166679293348285,27.53905296325684,27033800
2013-09-20,27.60018314959992,27.65576060044372,26.883222584938103,26.966590881347656,19729300
2013-09-23,27.116652095639587,27.33896401549267,27.05551562863325,27.23336601257324,15608400
2013-09-24,27.233369490075354,27.36119933734617,27.03328725255787,27.20002174377441,16086500
2013-09-25,27.06107591350721,27.11109647276169,26.710934118869886,26.81653213500977,17682200
2013-09-26,26.933242800546687,27.044399820982303,26.610889773441592,26.78874015808105,10317100
2013-09-27,26.610901418431578,26.83321343644323,26.566437742742394,26.64424705505371,10844500
2013-09-30,26.58865883612818,26.84987752488195,26.47750181196845,26.6275634765625,17928400
2013-10-01,26.72204522856803,26.88877968938268,26.61644511127525,26.883220672607425,14071600
2013-10-02,26.93324102338016,27.222248409385344,26.84987485366216,27.17222785949707,11702700
2013-10-03,27.01105151969505,27.127767554815605,26.738719051415927,26.8998966217041,17706400
2013-10-04,26.69424983846017,27.038836734950497,26.66646111974794,26.97214126586914,8402100
2013-10-07,26.76650866607981,27.09442071440348,26.755392751882283,26.966590881347656,7850300
2013-10-08,27.049957845555863,27.08886460645246,26.67202735255029,26.79429817199707,10732000
2013-10-09,26.93324279785156,27.055515732332893,26.677583134975897,26.93324279785156,12679600
2013-10-10,27.277836920905383,27.56684228153699,27.18335268673613,27.42789649963379,14400500
2013-10-11,27.45568251268509,27.69466938504539,27.344525482726624,27.66132164001465,9531500
2013-10-14,27.32229734012981,28.10039453470725,27.316740441946727,28.03369903564453,12079800
2013-10-15,27.922536726030003,28.050366551876056,27.75024324590164,27.82805252075196,16047300
2013-10-16,28.072592571032256,28.47275692642935,28.02257202660762,28.067035675048828,17549300
2013-10-17,28.194870115953112,28.36716360175199,28.11150394164563,28.28935432434082,12818300
2013-10-18,28.383835050968667,28.472760238050384,27.455678543312228,28.17819595336914,12140500
2013-10-21,28.32269893601565,28.417183141034045,28.05592337148612,28.356046676635746,12021300
2013-10-22,28.4616534909578,28.761776889069697,28.43386475857212,28.68396759033203,13329500
2013-10-23,28.40606173502349,28.42273454203789,27.944760952954105,27.994781494140625,12635100
2013-10-24,27.85584248533236,27.900306141595124,27.56127818309491,27.783592224121094,13870700
2013-10-25,27.95588247069161,28.044807659507235,27.81693673065821,27.922536849975582,12462200
2013-10-28,28.14484431295551,28.41161983723193,28.09482376964472,28.31157875061035,13368900
2013-10-29,28.3449332334442,28.38383787415309,28.16708284159096,28.32826042175293,10764600
2013-10-30,28.1003892496821,28.40051045844142,28.044809677583046,28.306028366088867,11179400
2013-10-31,28.36160331239965,28.433855689673244,27.82805218824939,27.87807273864746,17842100
2013-11-01,27.46123941122675,27.77247867109422,27.36675731385184,27.577953338623047,15166300
2013-11-04,27.82805308293648,27.950326014539275,27.744684789544795,27.800264358520508,13688200
2013-11-05,27.27227064727933,27.344523028288584,26.95547451842685,27.005495071411133,19848900
2013-11-06,27.0944202633672,27.13332490233899,26.894338051430093,27.005495071411133,13726900
2013-11-07,27.155556482102927,27.183345206808184,26.266302450528155,26.299650192260746,16731200
2013-11-08,26.12179767647457,26.299648044234825,25.68828767007691,26.13291358947754,24545200
2013-11-11,26.13291212532429,26.24962602510088,25.9105981180078,26.09400749206543,8429000
2013-11-12,25.95507188456976,26.05511301484292,25.643832577037227,25.75498962402344,17628400
2013-11-13,25.67161968598156,26.16626840779504,25.627158142084195,26.07734107971192,14096200
2013-11-14,26.271860259797272,26.79429546872784,26.13847141914282,26.655349731445312,21231100
2013-11-15,26.89434106269237,27.172232583687567,26.755395302194767,27.01105499267578,18310000
2013-11-18,27.288947374547284,27.67243904251075,27.250042729992167,27.388988494873047,16128800
2013-11-19,27.5112541651071,27.55571781577012,26.816525524574093,26.89433479309082,19645300
2013-11-20,26.97215497659423,27.07775512958098,26.37191029074368,26.45527648925781,13036100
2013-11-21,26.43303993763677,26.577542583102744,26.332998829181925,26.366344451904297,12433000
2013-11-22,26.73871242754889,26.977699215285067,26.644228243490208,26.749828338623047,18281800
2013-11-25,26.683144562393743,26.738724142114616,26.282982189124382,26.3774642944336,9988000
2013-11-26,26.21628684099297,26.26630740295116,25.9717430492775,26.16070938110352,12617100
2013-11-27,26.18293819591773,26.19405411064352,25.80500557581689,25.84391021728516,19891000
2013-11-29,25.98285048840718,26.149584933822805,25.921714030387967,26.09400749206543,6591100
2013-12-02,25.67717417022795,25.754983448417665,25.12139118870849,25.19364356994629,19112000
2013-12-03,25.04358246788914,25.293683119024088,24.62118620525296,24.854616165161133,23813800
2013-12-04,24.6100680503856,24.79347743933989,24.393313041725925,24.737897872924805,16302700
2013-12-05,24.537815692034822,25.04357804229181,24.532256675797733,24.79903221130371,15280200
2013-12-06,25.09360649357326,25.3381502814626,24.926869876225272,25.132511138916016,12864200
2013-12-09,25.299236297607425,25.427066102283664,25.26033166662524,25.299236297607425,8628200
2013-12-10,25.35481778266016,25.44930198737012,25.315913145468915,25.382606506347656,7628000
2013-12-11,25.060254128484125,25.093601869837915,24.537818901470686,24.598953247070312,14996500
2013-12-12,24.560048058181813,24.765689278370072,24.359967974976808,24.71010971069336,14169700
2013-12-13,24.771245271829592,24.83793863046608,24.57116307577648,24.643415451049805,8678700
2013-12-16,24.843502501400785,25.08248938003401,24.721229553222656,24.721229553222656,10306100
2013-12-17,24.94909316744986,24.94909316744986,24.64896990313307,24.75457000732422,22474700
2013-12-18,24.75908166936284,25.47436933334747,24.24655298395752,25.17023086547852,17292700
2013-12-19,24.72528432750462,25.02378934016665,24.561950504214813,24.815399169921875,15741800
2013-12-20,24.61827154951725,24.736546877702608,24.35919164534722,24.44930648803711,14712000
2013-12-23,24.73091805722763,24.86045802197399,24.66896369397773,24.837928771972656,9381200
2013-12-24,24.82666978979801,24.995634891574543,24.74781740369499,24.978736877441406,8767600
2013-12-26,24.995630064368093,24.995630064368093,24.73654799993685,24.770341873168945,5553100
2013-12-27,24.854829919695423,25.175864252943388,24.854829919695423,25.17023086547852,8987900
2013-12-30,25.09700306443025,25.339187055545903,24.911140032338626,24.989990234375,9402800
2013-12-31,25.023793863952587,25.249082084976845,24.95620825704839,25.16459846496582,6281300
2014-01-02,24.578848082210225,24.635171205471377,24.235284550093333,24.32539939880371,18186900
2014-01-03,24.50562954734201,24.52252755888517,24.20712450833895,24.460573196411133,15316700
2014-01-06,24.27471552690869,24.37046378533175,24.12264842863274,24.17333602905273,10238600
2014-01-07,24.59574988728322,24.612647902597867,24.12264842863274,24.17333602905273,10544400
2014-01-08,24.23528522633722,24.26907910123687,23.863561196471167,23.94241142272949,11738400
2014-01-09,23.79597484916816,23.82413533644793,23.396090343676,23.64390563964844,16682500
2014-01-10,23.78471088943258,24.15080367982576,23.77344626450429,24.043790817260746,17411000
2014-01-13,24.07758196994397,24.173328048248564,23.66079948874677,23.79597282409668,13253100
2014-01-14,23.891718376002352,24.071950202000323,23.80723692321388,24.026891708374023,9551900
2014-01-15,24.071950202000323,24.285971601203563,24.01562708496745,24.026891708374023,11674500
2014-01-16,24.11137231056494,24.17895789409049,23.812865198688723,23.86918830871582,11185000
2014-01-17,23.790343140233897,23.89172046273303,23.70022829361779,23.77344512939453,14172600
2014-01-21,23.59884901444046,23.7283889732224,23.317239847912568,23.519996643066406,15861700
2014-01-22,23.58194927167069,23.82413330897996,23.53125953947789,23.79597282409668,13901200
2014-01-23,23.711489830614607,23.74528370244781,22.91735210484648,23.19896125793457,18198600
2014-01-24,22.714597869713792,22.725860346415388,22.39356142252136,22.511838912963867,21157300
2014-01-27,22.494941076492708,22.68080417113352,22.275286254468178,22.52310371398925,16482300
2014-01-28,22.5681608353976,22.72023005932696,22.449885488510656,22.5568962097168,14346100
2014-01-29,22.04999810126294,22.3879282340724,21.93735400749065,22.083789825439453,22214600
2014-01-30,22.534365609442244,22.601953359481247,22.162641578257865,22.32597541809082,15455300
2014-01-31,21.942988229543488,22.46678151058792,21.886667249251524,22.100690841674805,17593100
2014-02-03,22.111951583892345,22.16264132158076,21.40229740476196,21.419193267822266,21795900
2014-02-04,21.90919201499413,22.23022626364535,21.830339650819184,22.055627822875977,22638700
2014-02-05,22.07252464239596,22.168272871655905,21.79654887557357,22.01057243347168,21634400
2014-02-06,22.26965225155583,22.832870555448444,22.23585837985964,22.731491088867188,23199600
2014-02-07,22.956774353215152,23.05252257055548,22.647004753127383,22.88918876647949,14110000
2014-02-10,22.78781488869461,22.80471290089406,22.41045960952582,22.52310371398925,13221300
2014-02-11,22.39919337071496,23.02999730235997,22.37666412174364,22.951147079467773,16180400
2014-02-12,22.89482717629569,22.99620665290054,22.399194418283923,22.53999900817871,15620300
2014-02-13,22.173914899861582,22.8666734956544,22.16265027043709,22.821617126464844,14725600
2014-02-14,22.74838420748441,23.10884353475069,22.6976944803059,22.88918876647949,14772000
2014-02-18,22.579422038177544,23.176434217710813,22.218962665065884,22.26401901245117,16765600
2014-02-19,22.004942572177548,22.50620660113738,21.999311333557767,22.40482711791992,19439400
2014-02-20,22.635745191892774,22.900458509515143,22.39356112438881,22.65264320373535,23349300
2014-02-21,22.84977066316657,23.125748628701565,22.81597678519053,22.9567813873291,15073600
2014-02-24,23.02999730235997,23.23838748407612,22.92861783049645,22.951147079467773,12801600
2014-02-25,23.013104457232235,23.05816081257498,22.68080551111209,22.754024505615234,12011900
2014-02-26,22.78781322526288,22.92298657045333,22.568158419272383,22.737123489379883,12065800
2014-02-27,22.951152129261697,23.48621009326509,22.883566515984736,23.44678497314453,27270500
2014-02-28,23.20459354850861,23.24964989365147,22.87229467761453,23.091949462890625,16881800
2014-03-03,22.69207228914572,22.69207228914572,22.26965844377148,22.500577926635746,19213000
2014-03-04,22.95114524133202,23.09194981336473,22.647006850099626,22.84976577758789,17657300
2014-03-05,22.81034508854245,23.07505842277145,22.737126095318068,22.99620819091797,18565400
2014-03-06,23.260915579127044,23.50873300850308,23.187696597856185,23.249650955200195,17351700
2014-03-07,23.04689741167261,23.069426664795387,22.56253136057993,22.708967208862305,21944800
2014-03-10,22.647010466989705,22.66953971775477,22.14011521582149,22.32034492492676,21193800
2014-03-11,22.506204245251386,22.641377591560992,22.1232156039662,22.17953872680664,16530400
2014-03-12,22.207700428103664,22.39919475921556,22.08379169958786,22.3485050201416,15523100
2014-03-13,22.61885250918201,22.65264638911165,22.01620894907108,22.089427947998047,21698200
2014-03-14,21.9767798984376,22.269653693242624,21.8922962879815,22.02746963500977,17510000
2014-03-17,22.10632107487154,22.325975895930707,22.095056449623943,22.196435928344727,12921100
2014-03-18,22.15700929422476,22.804711236228822,22.134480045275108,22.737123489379883,23865300
2014-03-19,22.71459803434142,23.176436928726805,22.62448103201492,22.82723999023437,28362900
2014-03-20,22.776549454504085,23.4805723967632,22.590688514971585,23.36229705810547,27938800
2014-03-21,23.18769400988457,23.75091225232246,23.16516691305244,23.46930313110352,26772400
2014-03-24,23.59885110729051,23.869195673311744,23.44114849906408,23.74528694152832,17290900
2014-03-25,23.85793440276895,24.15643950021511,23.84666977570389,24.038164138793945,19094800
2014-03-26,24.105744269264445,24.29160735079705,23.92551457423688,23.948043823242188,13271600
2014-03-27,24.409879099421367,25.175856265017632,24.37045399370748,25.057580947875977,39647900
2014-03-28,25.17585845817711,25.575742935828817,25.13079996286053,25.271604537963867,20374200
2014-03-31,25.316659897933977,25.541945901094333,25.305395275499905,25.36734962463379,17297600
2014-04-01,25.49689162183659,25.620800330125046,25.21528248373171,25.42930603027344,13674500
2014-04-02,25.37297993813804,26.043210983276367,25.356084079355377,26.043210983276367,18649500
2014-04-03,25.96436246528945,25.96436246528945,25.51378826028909,25.72781181335449,18729000
2014-04-04,26.44311094821446,26.65150120694844,25.93621340155533,25.992536544799805,35525300
2014-04-07,26.189653967752083,26.803562071431088,26.15586009239549,26.69091796875,29758500
2014-04-08,27.310458310112715,27.46815875812622,26.46563079831329,26.63459587097168,35521700
2014-04-09,26.319193254119543,26.83735525366712,26.071377953427444,26.55574607849121,24344300
2014-04-10,26.589542361329404,26.72471573392288,26.39241676432628,26.42620849609375,20018000
2014-04-11,26.217814456295464,26.78666620800657,26.16712471751435,26.69091796875,18202000
2014-04-14,26.80356058833068,26.865514948802584,26.49379093447859,26.6120662689209,17102200
2014-04-15,26.471256786677955,26.48252140908888,25.51941875227909,25.874244689941406,37216000
2014-04-16,26.14458933358205,26.29102727726442,25.902407470120387,26.25160217285156,18619900
2014-04-17,26.12769414677199,26.809187710318582,25.97562496219012,26.75286674499512,20214500
2014-04-21,26.81482556827496,26.916205041571487,26.42057229973373,26.63459587097168,8709200
2014-04-22,26.510687579179464,26.792296754355373,26.381147616419444,26.55574607849121,14663400
2014-04-23,26.49942126448428,26.567006860634457,26.25723721739645,26.516319274902344,13121600
2014-04-24,26.69655777175986,26.814833141172667,26.296671003708635,26.73598289489746,13048300
2014-04-25,26.43183680736491,26.459997294598733,26.07700865239789,26.30792808532715,15731400
2014-04-28,26.13896101316024,26.55011011113215,25.98126057791273,26.45999526977539,15712800
2014-04-29,26.792295963835112,27.152755353663537,26.550111908449,26.6120662689209,18724300
2014-04-30,26.437472262937224,26.572645631134,26.245977911288005,26.49379539489746,11148800
2014-05-01,26.35862212106908,26.4937954897498,26.13333603794496,26.39241600036621,8461500
2014-05-02,26.55574370009816,27.30482292175293,26.46562885805306,27.30482292175293,28782400
2014-05-05,27.135859914052403,27.316089611775272,26.85425074279699,27.102066040039062,12209200
2014-05-06,27.07390099118297,27.575164887803084,27.02884464859712,27.423095703125,16347400
2014-05-07,27.389309104123,27.744135119537727,27.254135754078693,27.704710006713867,18307300
2014-05-08,27.81735138032549,27.90183498438549,27.41746690459042,27.456892013549805,13859700
2014-05-09,27.332991566378794,27.496325437751825,27.20345157655093,27.33862495422364,12373500
2014-05-12,27.45690015335455,27.76103863992592,27.45690015335455,27.744140625,14630300
2014-05-13,27.670922138073923,27.95253135379234,27.61459900582556,27.654024124145508,12965000
2014-05-14,27.73287279194088,28.053907082947376,27.6652850423024,27.980688095092773,12949800
2014-05-15,27.84551735273301,27.87367999197426,27.383678429478504,27.597702026367188,12544900
2014-05-16,27.879314176554846,27.9131080581105,27.61460080897208,27.75540542602539,9269700
2014-05-19,27.54137766841735,27.62585913026077,27.423100184224623,27.518848419189453,11984300
2014-05-20,27.46252495067372,27.687813143103902,26.854250268724115,26.92746925354004,17673300
2014-05-21,26.995055367843104,27.237239427357,26.9781595050655,27.05137634277344,16671700
2014-05-22,27.23160497265353,27.287928093882183,26.89930607718039,27.158388137817383,15576100
2014-05-23,27.096442175252967,27.19218828824999,26.86552267792761,26.93874168395996,10017800
2014-05-27,27.130225175069864,27.2203421679466,26.4374669061352,26.516319274902344,14673600
2014-05-28,26.58953154710797,26.933095003732408,26.44309575582077,26.83734893798828,15374000
2014-05-29,26.955625657770955,27.051371728522263,26.685281156905543,26.75286674499512,9742700
2014-05-30,26.45999291855658,26.510682646597203,26.13332745335586,26.184017181396484,19701600
2014-06-02,26.0995372238426,26.17838744545272,25.82919268610472,25.908042907714844,14216100
2014-06-03,25.99253418505606,26.18402855768592,25.902419312554247,26.07138442993164,12284300
2014-06-04,26.071380621767045,26.071380621767045,25.79540265650571,25.857357025146484,10676500
2014-06-05,26.20091657991852,26.274135563312125,25.958732529738228,26.06011199951172,16816700
2014-06-06,26.91057621564209,27.03448495922773,26.74161111434849,26.93310546875,22904100
2014-06-09,27.11332422493411,27.83987622984908,27.057003263462995,27.738496780395508,23085400
2014-06-10,27.637123132170213,27.90746767129133,27.547008285796505,27.851146697998047,14414700
2014-06-11,28.11585124442947,28.172174352996183,27.91309449911004,28.00884056091309,14676700
2014-06-12,28.087699905100592,28.11586039429488,27.631494394033307,27.7835636138916,8648600
2014-06-13,27.84551439357094,28.0088482303786,27.777928793291306,27.958158493041992,13538200
2014-06-16,27.935636855191856,27.952534871246662,27.73851123878645,27.79483222961425,8656200
2014-06-17,27.54701059747288,27.5808044733892,27.28793066097056,27.55827522277832,14283300
2014-06-18,27.44563141308138,28.16091901385419,27.338620694291475,28.14965438842773,18888100
2014-06-19,28.05390873112501,28.20034456692985,27.704711782999933,27.85678100585937,13592200
2014-06-20,27.839880309492933,27.94689101137213,27.71034036032108,27.91309928894043,17660900
2014-06-23,27.9637923136026,27.9637923136026,27.73287287293219,27.879308700561523,11976900
2014-06-24,27.78355353795435,28.211598404593303,27.67090947352089,27.749759674072266,20242400
2014-06-25,28.02147990723586,28.096158513411968,27.42405763184085,27.67681312561035,15489900
2014-06-26,27.65383273994188,27.8434009899536,27.48149936169164,27.734254837036133,10756200
2014-06-27,27.648089678627272,27.78021201040935,27.343631774545432,27.63660049438477,9592900
2014-06-30,27.573417515353,27.584906702278328,27.25172685545874,27.44703865051269,10861000
2014-07-01,27.53894763582281,27.820427213447253,27.36661422912984,27.50448226928711,9352600
2014-07-02,27.395335211219543,27.441291953563148,27.06215759458076,27.182790756225582,14156900
2014-07-03,26.98174063894765,27.55618687990399,26.98174063894765,27.481508255004883,7418800
2014-07-07,27.57341396599648,27.60788152233568,27.38384569313798,27.51597023010254,11101700
2014-07-08,27.688299279813883,27.705531959607523,27.4297981262207,27.429798126220703,11909600
2014-07-09,27.579156741035465,28.05020456665368,27.55618056208224,27.8376579284668,15388900
2014-07-10,27.71703263050144,27.964044702826463,27.51597731178972,27.90660095214844,13745900
2014-07-11,27.82042597604368,28.14211659454364,27.44703511870153,28.0329704284668,14149000
2014-07-14,28.29721095090359,28.67634524944498,28.2914674546953,28.60741233825684,20732100
2014-07-15,28.58443667333835,28.664860967222467,28.360403047291737,28.56146049499512,11111600
2014-07-16,28.739544443299867,28.837201442771285,28.320198954601366,28.440832138061523,11295200
2014-07-17,28.25125497796951,28.43507752606331,27.814674782743506,27.95828628540039,20834700
2014-07-18,28.84293782546075,29.130160872178354,28.647626066039265,28.89463806152344,30700100
2014-07-21,28.980810689496984,29.41738882919186,28.8257099554198,29.34271240234375,23309700
2014-07-22,29.53227909983662,29.7735476437042,29.37717836263711,29.687379837036133,14350100
2014-07-23,29.3312255341902,29.440369529907027,29.14740291438371,29.285268783569336,13928300
2014-07-24,29.354195305180458,29.612696492602108,29.26802970359857,29.56674194335937,11032400
2014-07-25,29.40015546172201,29.48057757574443,29.25654391772819,29.331222534179688,7472800
2014-07-28,29.382919382675244,29.42887393194764,29.14165087714666,29.365684509277344,10148700
2014-07-29,29.21058314704164,29.46334083210115,28.94633846842301,29.02101707458496,12038600
2014-07-30,28.865923673727828,28.980813360448177,28.38913224080685,28.67635536193848,15816000
2014-07-31,28.03296531031293,28.188065998521743,27.648087529131463,27.860631942749023,21250100
2014-08-01,27.84340156057181,28.124878906170267,27.579154704412364,28.00424575805664,13727300
2014-08-04,28.21679734620307,28.27424328225973,27.79170837607579,28.2110538482666,11581800
2014-08-05,28.05020751080804,28.29721734768195,27.69404930792556,27.80893898010254,18615700
2014-08-06,27.8031905112006,28.147857274764625,27.58490039222988,28.00424575805664,19900200
2014-08-07,28.13062321534416,28.14211239907827,27.20001905492083,27.648088455200195,17498600
2014-08-08,27.37810065262348,27.584901596323988,27.211510760049407,27.56766891479492,15504200
2014-08-11,27.831915324061324,28.159349441528324,27.74574752837503,28.15934944152832,17538600
2014-08-12,27.941053365133783,28.182321827010384,27.88935313697005,28.050199508666992,15590000
2014-08-13,28.279980943392296,28.32593768275245,27.332146203137533,27.6423454284668,49963800
2014-08-14,27.74000605333164,27.95829401999586,27.65383825136434,27.80893898010254,15098700
2014-08-15,28.18232706422719,28.4695501204374,27.872125637599044,28.38912582397461,21611800
2014-08-18,28.72230898987879,28.865920534828184,28.475296957258774,28.77975273132324,15185800
2014-08-19,28.74529011180509,29.365690905817367,28.70507905068108,29.285268783569336,15675900
2014-08-20,29.20484109534944,29.532275211434733,29.08995143203188,29.319730758666992,13547500
2014-08-21,29.526531714370982,29.526531714370982,29.268030519741,29.319730758666992,11933900
2014-08-22,29.187607843884688,29.23356239351311,28.79123862273219,28.95782852172852,13752300
2014-08-25,29.164628498598567,29.45759504278441,29.055484529458344,29.37142944335937,12364300
2014-08-26,29.687373493488234,29.89991792882476,29.49780523586045,29.85970687866211,21305200
2014-08-27,30.02630716762004,30.635221010240976,29.917163163850613,30.549053192138672,28520300
2014-08-28,30.399692525865795,30.514582206679613,30.07225835991637,30.307781219482425,21379100
2014-08-29,30.50882271984213,30.88795693389624,30.25606511624789,30.847745895385746,20493100
2014-09-02,30.514578904176823,31.14072529594084,30.393945738480365,30.96264839172364,20259900
2014-09-03,31.209654534279256,31.341776861065835,30.807541866346583,31.02008628845215,19053300
2014-09-04,30.750092312372875,31.05455016895366,30.428403969123348,30.503080368041992,21393000
2014-09-05,30.61797971325105,30.652447271534125,30.227356151395536,30.53755760192871,19852700
2014-09-08,30.727124694588923,30.727124694588923,29.486321131884168,29.53801918029785,33286600
2014-09-09,29.291011612799625,29.47483421465584,28.7337981182952,28.888898849487305,35234300
2014-09-10,28.69932361695361,28.70506930449963,28.25125640722408,28.60741233825684,26109700
2014-09-11,28.71082047039282,28.998043566964984,28.6016764825772,28.699331283569336,18717000
2014-09-12,27.95829145787501,28.08467030482206,27.291934049919902,27.464269638061523,50357300
2014-09-15,27.533207510456663,27.85489818266176,27.401085142766654,27.78596305847168,23358400
2014-09-16,28.262758034673087,29.14740585121357,28.228290468234565,28.613170623779297,35946000
2014-09-17,28.79124286349889,28.837199611234468,28.176585606234752,28.19956398010254,29358200
2014-09-18,27.95255298825673,28.26275447309681,27.717030125620028,27.78596305847168,29676900
2014-09-19,27.918076378634044,27.923822066123737,27.25746475427115,27.429798126220703,27381300
2014-09-22,26.683025781194683,26.826637327712053,26.38431350147796,26.717491149902344,33109600
2014-09-23,26.72322981660379,27.04492038515089,26.246438555614567,26.545150756835938,27842400
2014-09-24,26.326867712439142,26.97599027446348,26.143042931158423,26.884078979492188,25690600
2014-09-25,26.476219112764,26.57961957933854,26.039641069378675,26.091339111328125,28195100
2014-09-26,26.08559282656094,26.843861372829863,26.08559282656094,26.705995559692383,22916300
2014-09-29,25.02861264741532,25.626037027723115,24.999890784991177,25.11478042602539,51786500
2014-09-30,24.885003861072803,25.177972587265263,24.63799187284696,24.95968246459961,42316500
2014-10-01,24.55756988946844,24.77011432522958,23.98886730678681,24.075035095214844,34695600
2014-10-02,24.253118935734346,24.609274961321,23.77058404663635,24.28758430480957,29688200
2014-10-03,24.253116227195164,24.95393901329749,24.18418111406661,24.91947364807129,34178000
2014-10-06,27.18279330693897,27.21151517792981,26.36133508683876,26.44175720214844,56256300
2014-10-07,26.94726921012539,27.297681717457586,26.67727881437668,26.83812522888184,42199800
2014-10-08,27.29193185107169,27.314910219817666,26.097085163673217,26.97024345397949,43407500
2014-10-09,27.314908944135343,27.36086567948098,26.80365231577276,26.88982009887696,29601600
2014-10-10,26.510685821818143,26.562386053460287,25.694971299390723,25.712203979492188,38594100
2014-10-13,26.78642847645581,27.61937595313607,26.71174985254061,27.15407371520996,44125400
2014-10-14,26.89556769059232,27.544692432498174,26.723234289479976,27.182790756225582,27649900
2014-10-15,26.17175968710861,26.25218177384649,25.160733533250216,25.792625427246094,65953100
2014-10-16,24.724160379369035,25.390517759884656,24.683949328148625,24.86202621459961,45081500
2014-10-17,25.361800998507498,25.964969079561925,25.06308870693024,25.89603614807129,52444400
2014-10-20,25.091805342609323,25.2526495462998,24.787349616670102,24.93670463562012,36083500
2014-10-21,23.73036815137753,24.37374714191804,23.73036815137753,23.94865608215332,43676500
2014-10-22,24.057801482495307,24.276089406408065,23.56952101920689,23.75334358215332,26523200
2014-10-23,23.259331521206647,23.431664971975835,22.62743927993468,22.88594055175781,56206500
2014-10-24,23.362718397406308,24.29906601620029,23.2937854891242,23.87972068786621,54343400
2014-10-27,22.08745476471414,22.926145612436983,22.00128696622916,22.592967987060547,77016100
2014-10-28,23.437400150021727,23.90270227411207,23.265066760434244,23.71887969970703,68879600
2014-10-29,24.13823097753048,24.20716391192688,23.26507244026843,23.609739303588867,39670200
2014-10-30,24.373746936606743,24.71267020571599,24.16694600069766,24.55756950378418,38253100
2014-10-31,24.264602330545387,24.91372479501662,24.218645594297264,24.83904838562012,28049000
2014-11-03,24.33353618705952,24.413958287274127,23.983123729263408,24.224390029907227,26467400
2014-11-04,24.21864549063022,24.56331224566461,23.971633512698386,24.36225700378418,20405700
2014-11-05,24.1554577669713,24.27034742381316,23.983124377377493,24.14396858215332,17696400
2014-11-06,23.575270851252107,23.66718214888252,23.09273599085789,23.19613647460937,27797700
2014-11-07,23.38570128483134,23.58101305550269,23.27655730967367,23.540802001953125,19137600
2014-11-10,23.85100107517043,23.873979443877843,23.253576636804784,23.30527687072754,13543200
2014-11-11,23.219119603961424,23.32252011865608,22.96636400767384,23.27656555175781,16037900
2014-11-12,23.5120884593759,23.816544313010805,23.2306087935207,23.27656555175781,24035400
2014-11-13,23.322508799711112,23.35123285533829,22.59870773946451,22.77678680419922,22892500
2014-11-14,22.17361789806905,22.66764187941264,22.14489603222445,22.56424140930176,20559800
2014-11-17,22.75955849569641,22.77679337231027,22.18511227890512,22.3459587097168,15549600
2014-11-18,22.40914079365191,22.954865012230915,22.31722950777929,22.839975357055664,18391800
2014-11-19,23.27081525847383,23.60973861374946,22.914659217937235,23.50633811950684,27453300
2014-11-20,24.1726965124084,24.1726965124084,23.18464837315321,23.626972198486328,36815400
2014-11-21,24.16120351300076,25.35030675278946,24.149714328155227,25.24690628051757,66396900
2014-11-24,24.839055722630185,25.091811272640903,24.46566480000353,24.49438667297364,28501900
2014-11-25,25.103295513823007,25.14350656632578,24.50587103187036,24.52310371398925,20459700
2014-11-26,24.88500246014163,25.01712478735084,24.712669085144302,24.84479141235352,18631300
2014-11-28,24.27035055610723,24.31056161249076,23.93142722991871,24.040571212768555,28252200
2014-12-01,23.46038739923988,23.48910927648582,22.88594108896597,23.04678535461425,35783300
2014-12-02,23.04103164367961,23.08698618863784,22.610197101924456,22.70210838317871,17624200
2014-12-03,23.01231581361324,23.196138424325,22.897426134083805,22.903169631958008,15375100
2014-12-04,22.59296467817341,22.679130272700736,22.328717824144604,22.47807502746582,18914600
2014-12-05,22.40339970692884,22.742323020917954,22.22532061268434,22.592967987060547,16289700
2014-12-08,22.460845735808096,22.478080612065764,21.650876674525463,21.78299903869629,26001500
2014-12-09,21.67959518706157,21.94383984774679,21.518748800756725,21.817461013793945,23791000
2014-12-10,21.74278168982752,21.748527377364063,21.346414711977523,21.3808822631836,19384000
2014-12-11,21.116635701299494,21.38662604433333,20.973024189700688,21.04770278930664,18770800
2014-12-12,21.04196276910432,21.053451954890733,20.438794759015234,20.47900581359864,18595200
2014-12-15,20.43305045933199,20.46177233008126,19.47946988762368,19.73222541809082,31776400
2014-12-16,19.31862093388732,19.76668814374589,18.939486635236744,19.427764892578125,44782400
2014-12-17,19.804669812600405,20.735287073671103,19.7697731352396,20.36885643005371,48492400
2014-12-18,20.96212205837293,21.130796709701947,20.55497718986741,20.73528480529785,21111100
2014-12-19,20.92721948246175,21.20058854382411,20.845790966845897,20.94466781616211,26655500
2014-12-22,21.142425281797795,21.36926473031692,21.014467127357165,21.293651580810547,20334000
2014-12-23,21.258750774294167,21.287832069554423,20.87487190808124,21.212221145629883,13441200
2014-12-24,21.287837762076045,21.31110369200997,20.967938991148795,21.26457405090332,5430900
2014-12-26,21.392532232137736,21.53794096611097,21.154061997172093,21.223859786987305,7285900
2014-12-29,21.183141618043795,21.479776654299418,21.130796607980944,21.24712181091309,10818500
2014-12-30,21.567020803573893,21.63681636270458,21.23548690549128,21.380895614624023,13443800
2014-12-31,21.34599697787484,21.380893644844807,20.97375107179101,21.270383834838867,9103400
2015-01-02,20.9272252923925,20.938858257675893,20.38048923664057,20.566612243652344,17765400
2015-01-05,19.9035472891865,20.014057123104763,19.804668200934493,19.86283302307129,22200400
2015-01-06,20.136199946671496,20.351406460705547,19.89772972251469,20.217628479003903,21194000
2015-01-07,20.793443630796723,20.99701491869887,20.659667896066647,20.76436233520508,16427500
2015-01-08,20.903951426344307,21.270381928003783,20.822522919033403,21.09589195251465,14081000
2015-01-09,21.00283640432516,21.14824512801197,20.85742768063835,21.03773307800293,9498500
2015-01-12,20.55497555350736,20.58987444303336,20.38048554339912,20.54334259033203,12921000
2015-01-13,20.81671160106439,21.03191587210998,20.56660844062188,20.77017974853516,17157800
2015-01-14,20.75854473394692,21.060995089214845,20.659667885235034,20.97956657409668,15871000
2015-01-15,21.183138085235345,21.241302895762026,20.653850512626107,20.665483474731445,14300900
2015-01-16,21.055185065951783,21.357635498046875,21.0319191360765,21.357635498046875,19665400
2015-01-20,20.944669505109108,21.037730990283087,20.72364986454641,21.00283432006836,23278600
2015-01-21,21.14242686713176,21.80549248990845,21.08426426700304,21.70079803466797,16172900
2015-01-22,22.084676875813138,22.218452630582,21.753145175133568,22.04977798461914,18016300
2015-01-23,21.66589757237015,21.671712944456967,21.35763182027009,21.40416145324707,17658800
2015-01-26,21.229673474225468,21.444877762163163,21.130796607980944,21.24712181091309,12156700
2015-01-27,21.02028047666625,21.596099881901303,20.96793325800852,21.50303840637207,13429600
2015-01-28,21.11334413464797,21.258752843865604,20.87487394028149,20.921405792236328,14606900
2015-01-29,21.02028656957232,21.04936787308705,20.665488897913345,20.93885803222656,14304300
2015-01-30,19.96752361769236,20.18272787102412,19.868644548587064,19.95589065551757,25128300
2015-02-02,19.84537869990013,20.22925757808877,19.82211499422254,20.18854331970215,18088800
2015-02-03,20.48518184293125,20.816713557700925,20.415384057576865,20.758548736572266,17543000
2015-02-04,20.15946546698226,20.66548720676458,20.13038416584738,20.48518180847168,15882800
2015-02-05,20.30487418581233,20.76436628740421,20.30487418581233,20.648038864135746,11428600
2015-02-06,20.03732513058577,20.13038663689754,19.86865045703279,20.019874572753903,19329500
2015-02-09,19.862832826893857,20.374669944075865,19.862832826893857,20.275793075561523,11747800
2015-02-10,19.96752578472813,19.984974120503605,19.51384908571777,19.682523727416992,14339400
2015-02-11,19.20558542792989,19.403341390543773,18.984563535888217,19.298646926879883,20615100
2015-02-12,19.7465037531238,20.07221785162193,19.6999718997607,20.05476951599121,17716400
2015-02-13,20.1012974454008,20.415378519246712,20.1012974454008,20.38629722595215,15122100
2015-02-17,20.450283045487755,20.595691770844965,20.1187513291742,20.57242584228516,8047900
2015-02-18,20.496812958565105,20.73528315678253,20.363034991415045,20.584056854248047,12806100
2015-02-19,20.310687886996664,20.543342714386487,20.165279174568244,20.3455867767334,9627600
2015-02-20,20.147832686885483,20.351406234212003,20.01405692543375,20.275793075561523,12997900
2015-02-23,20.38629915334997,20.43864637373347,20.11874767972794,20.211809158325195,15338700
2015-02-24,20.235074774060863,20.85742381870625,20.07221552492892,20.805076599121094,17534700
2015-02-25,20.32814219547343,20.554979473752635,20.18273345619073,20.43865203857422,16186200
2015-02-26,20.322322890560965,20.438650315934908,20.20018009236082,20.31068992614746,12893000
2015-02-27,20.461917729151068,20.9155922803836,20.40957049487337,20.578245162963867,19928900
2015-03-02,20.444467920669528,20.4677316307504,19.95589450879366,20.066404342651367,16440700
2015-03-03,19.973341074881453,20.17691238729398,19.87446199545187,19.90936088562012,14316600
2015-03-04,19.40333960765366,19.46731979832063,19.13578810010173,19.34517478942871,20143100
2015-03-05,19.1939488665406,19.199764238427253,18.92639738453989,19.077621459960938,17310900
2015-03-06,18.67629248721553,18.74608803712003,18.50180139369375,18.57159805297852,19746400
2015-03-09,18.29241975274037,18.31568457402968,17.879458358394032,17.896907806396484,19967200
2015-03-10,17.920170947494714,17.98415114145764,17.617721642807524,17.716598510742188,24304600
2015-03-11,17.629347652193154,17.92598148578192,17.54791914824414,17.8038387298584,16183600
2015-03-12,18.11792289915941,18.15863715563842,17.588635346171717,17.658432006835938,18716600
2015-03-13,17.152414423217934,17.16986387097374,16.76271896504989,17.047719955444336,25330200
2015-03-16,17.33853629360288,17.408332970677233,17.065168286271124,17.169862747192383,16971300
2015-03-17,17.018637296794218,17.745680921352854,16.995371368305687,17.716598510742188,29042200
2015-03-18,17.57119121957168,18.36221510263773,17.495579164575364,18.228439331054688,27873700
2015-03-19,17.920171993269495,18.01904997635496,17.478129310615714,17.577007293701172,18311000
2015-03-20,18.036495947360297,18.42037484078964,18.030679466019805,18.344762802124023,20914000
2015-03-23,18.43782431951325,18.75190765620861,18.4145583941075,18.711191177368164,19766600
2015-03-24,18.96129985894207,18.9787504174665,18.51344175806024,18.69956588745117,16585600
2015-03-25,18.891500790627216,18.92058209111282,18.40292739868164,18.40292739868164,13000400
2015-03-26,18.338948592681604,18.40292767659221,17.89690594046582,18.007415771484375,20913200
2015-03-27,17.82710550606362,17.896902166698375,17.54210460145058,17.617717742919922,14138700
2015-03-30,17.681698544157094,18.15863892547686,17.664250209325644,18.083026885986328,20271100
2015-03-31,18.129556539316667,18.373843196713228,17.966698397925516,18.24588394165039,20858800
2015-04-01,18.69374076887792,18.978742776579374,18.58904633492722,18.757720947265625,26160700
2015-04-02,19.036904999350472,19.409150882356283,18.978742412165992,19.333539962768555,25610600
2015-04-06,19.682523947887383,19.87446229985023,19.54293060383728,19.58364486694336,22720900
2015-04-07,19.54293242566602,19.67089281807725,19.44987092721089,19.484769821166992,9976900
2015-04-08,20.019872536833564,20.12456699813256,19.79303527693943,19.9326286315918,17403900
2015-04-09,19.9907856644245,20.159460273821008,19.822113273788474,19.886091232299805,20660600
2015-04-10,19.77559061090632,20.054775153279493,19.758142270370964,20.03732681274414,11963100
2015-04-13,19.92099775159785,20.182733932232424,19.63599563962657,19.65344619750977,19350700
2015-04-14,19.926809047056143,20.083850723298514,19.711604773136244,19.996606826782227,16817800
2015-04-15,20.13038599500546,20.514264973646007,20.043139864912096,20.49681663513184,20192800
2015-04-16,20.47354521454591,20.648035209181227,20.31068596329371,20.52007484436035,13665000
2015-04-17,20.112932468283493,20.229257653386444,19.950073215370125,20.08384895324707,18112100
2015-04-20,20.142017502007217,20.19436473252109,19.91518024270076,20.066404342651367,11383200
2015-04-21,20.17691212417671,20.264158239079144,20.025688039608145,20.06058692932129,7730200
2015-04-22,20.176915627247777,20.64804073574704,20.136201358227485,20.578245162963867,15715900
2015-04-23,20.322316695540245,21.15405453809089,20.30486836361945,21.09589195251465,21138100
2015-04-24,21.293657241285043,21.636821972562327,21.258758343290925,21.61937141418457,17238000
2015-04-27,21.694980623183664,21.8287563795971,21.40416318260812,21.40998077392578,16363900
2015-04-28,21.712433201137465,21.729881539194,21.35763553558008,21.427431106567383,17506200
2015-04-29,21.29365157137659,21.46232620529269,21.0261000809474,21.1715087890625,11768800
2015-04-30,21.136615902267064,21.14824886847084,20.74691930010561,21.06100273132324,18481800
2015-05-01,21.11334996985952,21.235492786857,20.869064335864536,21.06100273132324,10869600
2015-05-04,20.985387846050223,21.090080084739867,20.903957097885584,21.01446914672852,12034000
2015-05-05,21.07845302444719,21.5146792671664,21.043554126275545,21.28202438354492,17375100
2015-05-06,21.66589950736721,21.66589950736721,21.049365729343208,21.1191635131836,21658800
2015-05-07,21.194770593465247,21.25293540274636,20.92721912705393,21.212221145629883,13959400
2015-05-08,21.590286254454355,21.71243126624877,21.28783584878041,21.631000518798828,12731700
2015-05-11,21.64263376094502,21.660084316431984,21.119163690317656,21.15406036376953,15874000
2015-05-12,21.142423423607084,21.468139700056152,21.10752675671796,21.24130249023437,10355400
2015-05-13,21.39834831149282,21.421614239786702,20.903957319672408,20.99701881408692,14341100
2015-05-14,21.171510561404272,21.468143374536496,21.12497870590691,21.40998077392578,13903700
2015-05-15,21.328546170305223,21.72405799547477,21.19477043808032,21.596099853515625,11365800
2015-05-18,21.56120514326785,21.590286443946137,20.93304061732489,21.01446914672852,15804800
2015-05-19,20.87487602852364,20.87487602852364,20.60732450930097,20.67130470275879,14238300
2015-05-20,20.653850518538786,20.909771247408155,20.52589237286476,20.70619773864746,12807900
2015-05-21,20.47936625643712,20.595693691322232,20.357223448250323,20.49099922180176,11245300
2015-05-22,20.397936118171604,20.432835011528976,19.82793417256782,19.89191436767578,28441400
2015-05-26,19.6883412669312,19.69997423164897,19.21721839904785,19.21721839904785,32106300
2015-05-27,19.077623195964243,19.4964010102542,18.949665033967484,19.44986915588379,19632300
2015-05-28,19.21721843788185,19.29864697230964,18.98456358057861,19.28701400756836,17384600
2015-05-29,19.14160753660112,19.25211738655004,18.75191315618012,18.76936149597168,19960300
2015-06-01,18.89731788635254,18.98456178552117,18.75190916897721,18.89731788635254,12426600
2015-06-02,19.188136940741305,19.572015898264308,19.13578970931721,19.53711700439453,16040500
2015-06-03,19.537115181845905,19.61272833546284,19.28701201267992,19.35099220275879,13543000
2015-06-04,19.19395257071499,19.356809640099303,18.984563642214496,19.07180976867676,9522200
2015-06-05,18.92639914363576,19.17650231446138,18.76935746297124,19.03109359741211,14139800
2015-06-08,19.316093488071807,19.35099237900384,19.20558366159512,19.223031997680664,10728900
2015-06-09,19.35680588333946,19.49639921483464,19.257929030049294,19.29282569885254,9732200
2015-06-10,19.8628274550152,19.874458197421067,19.49057935397361,19.56037712097168,20744600
2015-06-11,19.43241861909093,19.59527565342141,19.217214363902706,19.57201194763184,16610200
2015-06-12,19.461503897851888,19.48476982716312,19.263747936228743,19.40334129333496,12556200
2015-06-15,19.240486277433604,19.409158736023933,19.141607176697253,19.246301651000977,8784300
2015-06-16,19.44404979676427,19.79302975794563,19.40333554191846,19.670886993408203,11160600
2015-06-17,19.50803761873963,19.83956937740912,19.3451783167754,19.72905731201172,9124800
2015-06-18,19.86282932654291,20.14201376455923,19.75231729443015,20.08384895324707,16166600
2015-06-19,19.769769932563765,19.868646794083165,19.58364473549264,19.659257888793945,17584000
2015-06-22,19.984974035381143,20.02568829785776,19.78721809531147,19.82793235778809,9189200
2015-06-23,19.77558332055991,19.90935905912417,19.7057877653874,19.845378875732425,7516600
2015-06-24,19.810484106466188,19.97334115706632,19.62436112899149,19.682523727416992,7790700
2015-06-25,19.606112827519368,19.65350028970589,19.18555926862752,19.309947967529297,10489600
2015-06-26,19.398798900887527,19.64757630602069,19.30994853644933,19.594268798828125,10564500
2015-06-29,19.28625934738925,19.39880119738325,19.096713989736784,19.26256561279297,8477700
2015-06-30,19.46394855684687,19.564643491528862,19.292172452269305,19.4106388092041,11613500
2015-07-01,19.428413415566,19.51133921078808,19.096710234677698,19.10855484008789,8871900
2015-07-02,19.268485349883857,19.5409587423268,19.268485349883857,19.5350341796875,7634500
2015-07-06,18.871624477280427,19.132248730095824,18.782774119051428,18.89531707763672,13511600
2015-07-07,18.65838810131461,18.85385688385149,18.26745053624085,18.81831741333008,17936300
2015-07-08,18.433299386134266,18.563611503693554,18.220060348510746,18.220060348510746,19533000
2015-07-09,18.61100457578809,18.812396822134904,18.40961232944128,18.421459197998047,9723600
2015-07-10,18.71761906965524,18.996013626749225,18.593229243018857,18.99009132385254,13471500
2015-07-13,19.05524379241757,19.321792587339875,18.91900937358272,19.31587028503418,10493900
2015-07-14,19.221098276566213,19.499491685446724,19.150019348719955,19.37510299682617,8421800
2015-07-15,19.244797417345456,19.339570100976708,19.10855956628896,19.227025985717773,9739600
2015-07-16,19.381032685335256,19.39287955303629,19.04340486431215,19.1500244140625,8277800
2015-07-17,19.15594491233632,19.167791778920574,18.664311246883656,18.67023468017578,15111500
2015-07-20,18.56953638558709,18.56953638558709,18.35037389872143,18.445146560668945,11868400
2015-07-21,18.427377056838555,18.65838527490324,18.42145362435238,18.53399658203125,13044200
2015-07-22,18.29706416621837,18.30891103142673,17.941667248201412,18.04236221313477,11088700
2015-07-23,17.615888358290086,17.829127450747244,17.26641368110949,17.307876586914062,27428600
2015-07-24,17.094632448032172,17.118325044312147,16.67407784871696,16.881393432617188,26799700
2015-07-27,16.727390139518533,16.91101202520863,16.585231150941116,16.61484718322754,19688600
2015-07-28,16.79846812081991,16.93470366013262,16.312758020815224,16.8991641998291,34416100
2015-07-29,16.9761692467691,17.27825753174761,16.82808682059018,17.230871200561523,15882100
2015-07-30,17.213098497633545,17.278255117577753,16.792545008340454,16.887317657470703,15562300
2015-07-31,17.13609550710907,17.242715015863418,16.881393598369026,16.99393653869629,12640400
2015-08-03,16.816241282256804,16.86362761718197,16.5911564738071,16.60892677307129,16065300
2015-08-04,16.56746338839639,16.69185322854433,16.371994607974816,16.585233688354492,11226500
2015-08-05,16.63854283758798,16.697776038792,16.41938033206691,16.448997497558594,9852900
2015-08-06,16.235756888018425,16.342376414135607,16.046211565934207,16.117290496826172,20564200
2015-08-07,15.99290292542972,16.12321506106452,15.797434157087864,15.862590789794922,15016800
2015-08-10,15.892206761320685,16.443073596205984,15.868514159381382,16.43122673034668,17055500
2015-08-11,16.04621268428252,16.123215053078734,15.755971248390145,15.986979484558104,18380000
2015-08-12,15.904053690688752,15.963286890442504,15.708584922346896,15.862590789794922,18722100
2015-08-13,15.785587344559367,15.803357643479377,15.483499041595126,15.501269340515137,21359200
2015-08-14,15.625660099905115,15.744126515403012,15.542734286924269,15.572351455688477,7606300
2015-08-17,15.48941977637149,15.738198269018772,15.44795688256013,15.495343208312988,10515900
2015-08-18,15.382800258999165,15.850741214305025,15.252488145640392,15.613809585571287,21191400
2015-08-19,15.38280217321478,15.442035370213896,14.97409548645734,15.252490043640137,23627700
2015-08-20,15.157716583800005,15.471651720552222,15.062943925493522,15.406495094299316,14934400
2015-08-21,15.062940398152216,15.128097009147172,14.867471694946287,14.867471694946287,20675900
2015-08-24,13.81312921111204,14.618698010589632,13.617660444154014,14.221837043762209,28945200
2015-08-25,14.72531673858623,14.743085906569815,14.091524138842026,14.09744644165039,19170500
2015-08-26,14.103371509719285,14.672008676499614,13.955289067194531,14.666085243225098,22452100
2015-08-27,14.926709764486525,15.483498901593846,14.908939465727194,15.388726234436035,34868200
2015-08-28,15.1695617040113,15.394646459159317,14.93855238739886,15.0392484664917,20014700
2015-08-31,14.281074195779496,14.760861096601822,14.1863015025252,14.737167358398438,20363700
2015-09-01,14.192220066491751,14.37584309982951,13.973058694775403,14.055984497070312,23341200
2015-09-02,14.144834499317804,14.186298532492849,13.836823875616016,14.180375099182127,29467400
2015-09-03,14.002672519593654,14.45876661977892,13.925670162443264,14.352147102355955,26890300
2015-09-04,14.09744858905932,14.168528661158756,13.682818412780762,13.682818412780762,19424000
2015-09-08,14.115218030226863,14.162604365481911,13.860516054563734,13.961212158203123,13506300
2015-09-09,14.215912354528124,14.399534239435935,13.907900649033008,13.913824081420898,11331800
2015-09-10,13.445885163848924,13.836822690641847,13.410344567028268,13.712432861328123,23668500
2015-09-11,13.688738029874695,13.712430627449445,13.505115032219676,13.564348220825195,9035100
2015-09-14,13.653203163528818,14.091528265128602,13.493274955950062,14.079681396484377,12913900
2015-09-15,13.795358346826587,14.044135719855744,13.795358346826587,13.97305679321289,12537400
2015-09-16,14.204067653583442,14.476539936038527,14.19222078700292,14.464693069458008,19577200
2015-09-17,14.103368918712295,14.6720059810252,14.085599751932596,14.298837661743164,17050100
2015-09-18,14.067830118587914,14.103369583601951,13.463653564453123,13.463653564453123,23083500
2015-09-21,13.53473765793936,13.582124002006765,13.232649290842332,13.333345413208008,12405000
2015-09-22,12.91871133582898,13.078640637057864,12.705473397303118,12.972021102905272,23475600
2015-09-23,12.924634182134067,12.93055761484915,12.421153699145036,12.433000564575195,22701800
2015-09-24,11.923597045773022,12.92463461235764,11.882134145166557,12.895018577575684,43323000
2015-09-25,13.06087117118204,13.078641471267376,12.794323448578371,12.818016052246094,28372700
2015-09-28,12.640316377587656,12.6640089790194,12.225685119628906,12.225685119628906,23672400
2015-09-29,12.231608530374624,12.563312858275896,12.136835865259972,12.427077293395996,21827800
2015-09-30,12.960174381126572,13.00756071574611,12.723242708028884,13.001638412475586,22720900
2015-10-01,13.025331177135238,13.120103847554772,12.729166299629354,12.995715141296388,19143000
2015-10-02,12.800247317187292,13.635432243347168,12.746937544897984,13.635432243347168,21472200
2015-10-05,13.747970414730675,14.008595772908164,13.747970414730675,13.990826606750488,26182800
2015-10-06,14.050060256561745,14.28699304340846,14.002673925148253,14.127063751220703,15303900
2015-10-07,14.46469276786746,14.79639711675032,14.150757588705517,14.3995361328125,29391100
2015-10-08,14.3699205014727,14.790474100142664,14.363997068139112,14.784550666809082,22966100
2015-10-09,14.950404004785572,15.10440988823919,14.743088348991108,14.956327438354492,19284700
2015-10-12,14.997789603154876,15.01555990298436,14.606852045141215,14.624622344970703,15749700
2015-10-13,14.304762729552971,14.358072495545908,13.854591999934458,13.86643886566162,30714800
2015-10-14,13.949365126824224,14.121141296202527,13.860515890495147,14.00859832763672,22165200
2015-10-15,14.008594995494922,14.186294555664064,13.753893083431167,14.186294555664062,27019800
2015-10-16,14.132987996155004,14.204066932470832,13.824976259374884,14.055984497070312,23776300
2015-10-19,13.872359449294937,14.014518419485103,13.694661019001988,13.94936180114746,14281500
2015-10-20,14.002675575339412,14.032292742075214,13.635431746050616,13.736127853393556,12627400
2015-10-21,13.67689132826079,13.682814760169444,13.475499162483109,13.558424949645996,15958600
2015-10-22,13.878285869195464,14.020444869995115,13.789436634918095,14.020444869995115,13106400
2015-10-23,14.144832609490368,14.310685330693556,13.919747822652464,13.978981018066406,16235200
2015-10-26,14.14483114847137,14.150754580378855,13.736124514866848,13.795357704162598,10816900
2015-10-27,13.742052729406325,13.836825413351514,13.659125783619654,13.718358993530272,14831800
2015-10-28,13.801280981543949,14.050059490342472,13.475500112065044,13.599888801574709,13265000
2015-10-29,13.457733132329505,13.70058826866416,13.434040526964392,13.493273735046388,13915000
2015-10-30,13.516966007457984,13.57027578044069,13.398500723991534,13.54658317565918,11731400
2015-11-02,13.623582355430663,13.896053460245271,13.54657999574194,13.884207725524902,11741100
2015-11-03,13.878283834610077,14.707545115926273,13.878283834610077,14.672005653381348,34502700
2015-11-04,14.642393856620142,14.754936847312576,14.2040698920775,14.286996841430664,25996200
2015-11-05,14.30476517678164,14.55354375071608,14.245531967791631,14.48838710784912,15259100
2015-11-06,14.1389137535794,14.369922029252548,13.801284796345444,14.27514934539795,26200400
2015-11-09,14.02636783788089,14.138910800116555,13.789436177736809,13.836822509765623,17931500
2015-11-10,13.78943693279874,14.251453412933309,13.623584196726725,14.085601806640623,23243700
2015-11-11,14.429152652708291,14.452845254535331,14.07375458706822,14.381766319274902,18020800
2015-11-12,13.984904129392222,14.30476156963452,13.955286967475857,14.0322904586792,15661000
2015-11-13,14.044137996658767,14.1092946314604,13.75389655129231,13.759819984436035,26460200
2015-11-16,13.830899368524602,14.192219734191896,13.795359901198816,14.192219734191896,13565400
2015-11-17,14.245526783438343,14.34029943142009,14.085598646081069,14.144830703735352,14368500
2015-11-18,14.328456686572473,14.606851256867632,14.23368401882181,14.577235221862791,17784200
2015-11-19,14.636465858578456,14.885244369506836,14.583157226745923,14.885244369506836,16248500
2015-11-20,15.051095015950867,15.299873492651669,15.027402419482677,15.092557907104492,17742800
2015-11-23,14.867475196514745,14.968171287323242,14.654236150148696,14.719392776489258,16604300
2015-11-24,14.683851906762673,14.974093286662743,14.6364644523015,14.944476127624512,14804100
2015-11-25,14.328456899461791,14.494308505599989,14.233684230303018,14.251453399658203,25097400
2015-11-27,14.369921345894925,14.387691646939915,13.807207573710867,13.82497787475586,16879600
2015-11-30,13.570272116719812,13.611735011227834,13.28595415742556,13.339263916015623,33278100
2015-12-01,13.368879157724942,13.522884992368317,13.285953373601233,13.374802589416504,18142000
2015-12-02,13.505114572588822,13.718353592399708,13.250413790878008,13.706506729125977,26407500
2015-12-03,14.186299019701142,14.316611167674232,14.067832608976936,14.162605285644531,31972200
2015-12-04,13.949365620693248,14.067832026512471,13.813130044846703,13.907902717590332,20422800
2015-12-07,14.097444822990594,14.132985414435511,13.765740544625164,13.795357704162598,14287600
2015-12-08,13.45772965197363,13.984903824811404,13.357033563209486,13.807204246520996,25601200
2015-12-09,14.11522006005137,14.322535730272271,14.002677073969252,14.156682968139648,26981900
2015-12-10,13.89605265998531,13.955285849292707,13.540655783699158,13.558424949645996,13416900
2015-12-11,13.564352420153003,13.564352420153003,13.291881249905217,13.309650421142578,13284900
2015-12-14,13.232645358113098,13.32149458561113,13.137872698144632,13.262261390686035,14552700
2015-12-15,13.422193724539008,13.499197234353192,13.197108888470304,13.250418663024902,10544900
2015-12-16,12.972022851543144,13.576199539998392,12.829863830102992,13.53473663330078,25956700
2015-12-17,13.623585000726834,13.676894771546811,13.11418102612677,13.17341423034668,21409400
2015-12-18,13.025331917475212,13.149721760583072,12.557391971904185,12.56923770904541,25447700
2015-12-21,12.78664050876194,12.78664050876194,12.301527075589188,12.421307563781738,26908400
2015-12-22,12.469219972280476,12.577023211147592,12.385373516415957,12.535099983215332,12396300
2015-12-23,12.648892201987874,12.90043270761134,12.63092461504253,12.89444351196289,11721700
2015-12-24,12.816584642914664,12.948344657725348,12.756693830939104,12.87048625946045,2085900
2015-12-28,12.91240918405032,13.056146444046616,12.846530320503392,13.008234024047852,8514100
2015-12-29,13.122025600246648,13.145982379855894,12.864495931057858,12.936365127563477,8623600
2015-12-30,12.618945841099384,12.702792292990628,12.439274546383222,12.451252937316896,10875700
2015-12-31,12.43328553767168,12.457241177576622,12.36141633331236,12.38537311553955,8068100
2016-01-04,12.169766253116135,12.169766253116135,11.924214954801425,11.942182540893556,21184100
2016-01-05,12.109876632690428,12.139822612455552,11.97212855273784,12.10987663269043,12206900
2016-01-06,11.888281165405411,12.091909242612852,11.864324383464664,11.930204391479492,18165100
2016-01-07,11.67267333219951,11.750531722079783,11.45706688923519,11.48701286315918,21770900
2016-01-08,11.714596490231646,11.75053165874675,11.421132801290865,11.433111190795898,16554100
2016-01-11,11.720588266514715,11.732566658658063,11.25943044989693,11.337288856506348,14221100
2016-01-12,11.463057637709598,11.498992811288998,11.193550689797638,11.391189575195312,12266100
2016-01-13,11.522946069838298,11.582836871103726,11.127668380737305,11.127668380737305,16254200
2016-01-14,11.139649832987477,11.415145995322248,11.025857393521129,11.409156799316406,15198400
2016-01-15,10.930029932581364,11.031843955728426,10.798271078876596,10.983931541442873,30445700
2016-01-19,10.995912029037855,11.037835256748028,10.780305552445812,10.91805362701416,20827600
2016-01-20,10.648547051322048,10.786295130776605,10.361071358227877,10.654536247253418,21222600
2016-01-21,10.474863659738174,10.618600933250466,10.367060419023378,10.37903881072998,22987200
2016-01-22,10.702446886133638,10.828216552734377,10.648545274069855,10.828216552734377,22517100
2016-01-25,10.690470122160333,10.82821819957441,10.552722044746254,10.558710098266602,7472700
2016-01-26,10.57068910527868,10.750361564050174,10.474864250862831,10.744372367858888,10617600
2016-01-27,10.792281520786904,11.06178841369465,10.744369108115167,10.888106346130373,17795700
2016-01-28,11.10371554875054,11.15162797339394,10.828218250309256,11.073769569396973,17472000
2016-01-29,11.403168616893852,11.88828206466698,11.361244245326269,11.876303672790527,32325100
2016-02-01,11.546904562645706,11.936193115219458,11.52294778165178,11.90624713897705,17309100
2016-02-02,11.51695773821512,11.5409145174447,11.115690824696468,11.133658409118652,25308700
2016-02-03,11.576848112811277,11.816410184574574,11.277395237526637,11.810420989990234,26040600
2016-02-04,12.097898066737867,12.439274202658948,12.049985646649334,12.307514190673828,33382100
2016-02-05,12.17575726301339,12.235648083257042,11.92421673184796,12.014052391052246,17144100
2016-02-08,11.798445889914571,11.918226376429692,11.576850219262075,11.732565879821776,11744200
2016-02-09,11.576847195818926,11.72657362160154,11.391186747698637,11.570858001708984,12454500
2016-02-10,11.756522108305534,11.924216168602175,11.6427308117722,11.816412925720217,20647000
2016-02-11,11.475035374703127,11.564871018885524,11.235473276109344,11.31931972503662,16501000
2016-02-12,11.516957107844004,11.606792740393647,11.451078253212692,11.582837104797363,11516600
2016-02-16,11.6666841506958,11.726574956289856,11.540914487038176,11.6666841506958,11549400
2016-02-17,11.870312754545484,12.271579685606806,11.816411141244547,12.103885650634766,21634500
2016-02-18,12.00207487562563,12.02603051780026,11.756522403820922,11.792457580566406,18287900
2016-02-19,11.720588244888544,11.98410715994424,11.642730980745132,11.864325523376465,27554500
2016-02-22,12.38537467349369,12.660870849827498,12.355428691942802,12.63691520690918,22329900
2016-02-23,12.49317581804882,12.52312065223333,12.271580161187975,12.307514190673828,12669300
2016-02-24,11.954161183628978,12.259603328888586,11.840369885406211,12.21169090270996,16742200
2016-02-25,12.301527878296527,12.34944030516442,12.079932190081054,12.193724632263184,10582900
2016-02-26,12.337460602844288,12.349438993869954,11.912236860011008,11.984106063842772,12013800
2016-02-29,12.337461663764344,12.481198941465856,12.193724386062833,12.271581649780272,19771500
2016-03-01,12.421306135896623,12.93636548865084,12.361415327523924,12.918397903442385,29064200
2016-03-02,12.834554573607068,13.301700479238008,12.810597787511924,13.24181079864502,28005600
2016-03-03,13.50532418522035,14.247968319344697,13.463400965555053,14.218022346496582,43342900
2016-03-04,15.032534776547577,15.146327190586437,14.727092702436162,14.966654777526855,57974500
2016-03-07,14.816931065754131,15.050503989180475,14.703138630764917,14.858854293823242,22232300
2016-03-08,14.954677040573822,15.098414291898624,14.709125760103683,14.924732208251951,27557400
2016-03-09,15.278084843488497,15.29605242607652,14.936708770569949,15.092424392700195,27022400
2016-03-10,15.044518743580776,15.739249590073651,14.870835460796307,15.553587913513184,32368000
2016-03-11,15.535614809108717,15.763198481734456,15.50566883749874,15.667373657226562,25265800
2016-03-14,15.5236439647237,15.715293706878397,15.200234168095724,15.212212562561035,31818000
2016-03-15,14.583357657647316,14.858853799986605,14.164123106244988,14.241981506347656,45037900
2016-03-16,13.966483118351404,14.60132294855224,13.75686585920974,14.553410530090332,31778000
2016-03-17,15.649406975035625,16.0207290481184,15.278086044274929,15.841057777404783,56557700
2016-03-18,15.966827994864538,16.068642023102903,15.721276716581793,16.050674438476562,30296100
2016-03-21,15.948862120078283,16.188425371490716,15.912928089295317,16.11655616760254,21767100
2016-03-22,15.99078624914362,16.278260775745203,15.954851076576755,16.1285343170166,21471400
2016-03-23,15.75122396132418,15.76320235290986,15.326001340933187,15.373913764953612,21599200
2016-03-24,15.152315151926851,15.38588917326925,15.032534686261949,15.379899978637695,16267700
2016-03-28,15.859026775019938,16.044688412644724,15.655398692821455,15.978808403015137,17057200
2016-03-29,15.775177913129411,16.20040045720046,15.58951744616333,16.014739990234375,26973400
2016-03-30,16.236339175130396,16.48189050063619,15.942875423728893,16.086612701416016,26371000
2016-03-31,16.104576160622337,16.212379384476428,15.63743038035078,15.751221656799316,29126300
2016-04-01,15.553584587853226,16.164468831940145,15.46374893838686,16.104578018188477,19915000
2016-04-04,15.751220354477477,15.882980347103858,15.284074612829857,15.302041053771973,25225600
2016-04-05,15.146325250425578,15.433799703710516,14.972642054281383,15.206214904785156,18912200
2016-04-06,15.020558412648064,15.1942416544603,14.8588535617861,15.07446002960205,18721500
2016-04-07,15.008581231686218,15.110395278327283,14.822920726278038,14.948690414428713,17498000
2016-04-08,15.583531866666398,15.912929656312397,15.54759669002249,15.906940460205078,26902400
2016-04-11,16.30221479422561,16.487876407060977,16.206389961552823,16.28424835205078,27155900
2016-04-12,16.398041219169638,16.93705738319587,16.272271542445,16.829254150390625,30982100
2016-04-13,17.110739103446093,17.37425798423211,17.06881587879604,17.320356369018555,30702200
2016-04-14,17.218542225092264,17.236509810824003,16.871176897200684,17.0987606048584,25903000
2016-04-15,17.014915572316163,17.15266364742497,16.901123137854754,17.122718811035156,27030900
2016-04-18,16.63760818468957,16.990962796821858,16.53579412454429,16.607662200927734,25234800
2016-04-19,16.913098304141833,17.26645278930664,16.865185889661287,17.26645278930664,23501100
2016-04-20,17.06881374733574,17.278430986732342,16.937054894557157,17.104747772216797,15624600
2016-04-21,17.128706944339935,17.206564199517594,16.757384827597782,16.835243225097656,18411600
2016-04-22,16.667550779296583,16.943048081155258,16.637605941893874,16.79332160949707,19768600
2016-04-25,16.907110997362924,16.907110997362924,16.51183324818181,16.56573486328125,13796800
2016-04-26,16.75139439340855,17.092771650372345,16.64359231167076,17.086782455444336,15234700
2016-04-27,17.284423041309307,17.547940790470594,17.13469658015402,17.512006759643555,19167700
2016-04-28,17.512006156585553,17.83541584985844,17.446126150402804,17.54195213317871,14417800
2016-04-29,17.835414705647217,17.943216787500052,17.48804939570684,17.673709869384766,21999700
2016-05-02,17.398214285111415,17.45211590237615,17.218542989110464,17.34431266784668,15563400
2016-05-03,16.907114393573544,16.92508198298999,16.577716583862344,16.58969497680664,25289600
2016-05-04,16.655567910379094,16.94903157886724,16.559743085661413,16.847217559814453,21308400
2016-05-05,17.086779739827087,17.116724567385848,16.42199405866064,16.553752899169922,15899900
2016-05-06,16.445948558219524,16.787325737388407,16.386058907231664,16.74540138244629,13235400
2016-05-09,16.51183696046988,16.54178294354786,15.505674775498589,16.457935333251953,39965400
2016-05-10,16.859195314658074,17.38024377900324,16.787327269982722,17.356287002563477,24964300
2016-05-11,17.68569297818102,17.709648621988382,17.278436752553944,17.386240005493164,21549200
2016-05-12,17.34430789989978,17.583871085141496,16.972987018954584,17.392221450805664,23499000
2016-05-13,17.146677639697327,17.254480898459754,16.55376085882646,16.649585723876953,21508800
2016-05-16,16.727434588274637,16.94304098267481,16.715456201403104,16.763368606567383,12813600
2016-05-17,16.643596386068605,16.709475261759785,16.344143420293978,16.48788070678711,15135900
2016-05-18,16.122544887808118,16.505844251052295,16.008752460974172,16.02672004699707,24019500
2016-05-19,15.757212866915934,15.924906919060144,15.595509152776534,15.859026908874512,19724400
2016-05-20,16.1105683432027,16.266284012944336,15.9907878496246,16.086612701416016,15898100
2016-05-23,15.577541056846869,15.805124773737267,15.529628635274037,15.601496696472168,23408700
2016-05-24,15.936881878122865,16.008749926190646,15.56555982203257,15.715286254882812,21624300
2016-05-25,15.87699433252724,16.04468838294566,15.5595738185531,15.63144302368164,14783000
2016-05-26,15.85303711928773,15.990786330181017,15.715289050716676,15.775179862976074,8985300
2016-05-27,15.58353080319525,15.625454030763144,15.415836750601406,15.451770782470703,15867200
2016-05-31,15.46973505627642,15.62545068412208,15.14632655407546,15.236162185668944,19596600
2016-06-01,15.194244196519776,15.529631202983364,15.06248415866726,15.493697166442873,23341700
2016-06-02,15.38588938018884,15.835068702697754,15.337976964814104,15.835068702697754,16276000
2016-06-03,16.116556504146672,16.326173782348633,16.01474246286699,16.326173782348633,23813600
2016-06-06,16.296226199636397,16.481887819310288,16.18243492059748,16.36809539794922,23473600
2016-06-07,16.242326670016855,16.595680060037754,16.224359083816925,16.547767639160156,21471300
2016-06-08,17.020907013270794,17.386240005493164,16.984972976398534,17.386240005493164,36888000
2016-06-09,17.224531240495615,17.260465269261715,16.955023168944436,17.05084800720215,21086100
2016-06-10,16.61963424117804,16.67353584902168,16.29622459411621,16.29622459411621,21900800
2016-06-13,15.990788910734198,16.320186717834925,15.97881051788483,16.146503448486328,14665000
2016-06-14,16.182439121867585,16.350132057596866,15.61347800967122,15.823095321655272,33418400
2016-06-15,15.924909459474248,16.188428399932242,15.643424071424826,15.996777534484863,25166700
2016-06-16,15.817101433814967,16.176445127448662,15.565560962503596,16.170455932617188,20436300
2016-06-17,16.4459543761167,16.553757613746154,16.33815228080952,16.433977127075195,24510400
2016-06-20,16.811286443613938,17.038871298420414,16.7813416090815,16.835243225097656,23383800
2016-06-21,16.94304656982422,17.05683785566211,16.607658480754647,16.94304656982422,20298600
2016-06-22,16.99010577705321,17.18920853417558,16.809103689044946,16.851337432861328,13390700
2016-06-23,17.16507641490251,17.557248394604663,17.008207392864996,17.5150146484375,17412200
2016-06-24,16.6884378469963,17.08060987498815,16.64017053817859,16.772905349731445,32114200
2016-06-27,16.857366559804532,16.857366559804532,16.338492356037776,16.495361328125,21180800
2016-06-28,16.965972610652845,17.26160996655285,16.929771272620286,17.213342666625977,16834700
2016-06-29,17.659815834486384,17.979586271401523,17.6055149771266,17.913219451904297,25574000
2016-06-30,17.961484643386804,18.389856744713008,17.864950052925035,18.20885467529297,19869500
2016-07-01,18.24505709329676,18.420026779174805,18.14852249101344,18.420026779174805,15339800
2016-07-05,18.0037242234456,18.112325960642305,17.708086800400956,17.816688537597656,19256400
2016-07-06,17.6175754657411,17.732209543034724,17.28573688989521,17.70807647705078,23632400
2016-07-07,17.762384719516543,17.931319704185196,17.496913978315884,17.5150146484375,20513800
2016-07-08,18.172650846089763,18.389853055665927,18.06404916591025,18.33555221557617,20759700
2016-07-11,18.468292915118045,18.58896058496744,18.432091578458383,18.51052665710449,16412000
2016-07-12,18.90269748530748,19.02939985459184,18.67946052551269,18.67946052551269,22651700
2016-07-13,18.70359576558867,18.94493225498802,18.47432638835508,18.932865142822266,15765800
2016-07-14,19.397440364691647,19.536208706610523,19.228504241410064,19.30693817138672,25286100
2016-07-15,19.246606874589222,19.391408796217444,19.1138720674592,19.325040817260746,12979100
2016-07-18,19.282803119188472,19.71117523911577,19.22850341663109,19.66894149780273,16115600
2016-07-19,19.536208147640025,19.741344451904297,19.40950462032509,19.741344451904297,17017700
2016-07-20,19.68704671468315,19.91028257180716,19.536211240654307,19.75944709777832,17617800
2016-07-21,19.66894343024264,19.801679374019727,19.397441438431706,19.54827690124512,17829000
2016-07-22,19.60860986211832,19.898213670047777,19.475873920396552,19.82581329345703,11974700
2016-07-25,19.72324345044885,19.75341238298221,19.38537350111281,19.560340881347656,14004600
2016-07-26,19.584474698940827,19.79564571444506,19.56034047404325,19.650842666625977,10680400
2016-07-27,19.72927843141406,19.80167880705289,19.48794077719604,19.66291046142578,13805100
2016-07-28,19.53017618666332,19.57240993451751,19.325039853557257,19.43967628479004,13261400
2016-07-29,19.71117537984416,20.09731606278156,19.644809715568616,20.055082321166992,21136600
2016-08-01,19.958549525098054,19.958549525098054,19.62067726015582,19.638776779174805,12772300
2016-08-02,19.86201251101887,19.904248557776693,19.276772484124866,19.45174217224121,20021900
2016-08-03,19.33710265646985,19.946479113769687,19.16213414711208,19.93441200256348,22165200
2016-08-04,20.030952097384667,20.549826514065508,19.98268363929028,20.36882209777832,24422900
2016-08-05,20.59809058763109,20.664458560016094,20.254185913969284,20.59205818176269,27242000
2016-08-08,20.49552289820327,20.767024883054493,20.48948819096818,20.57999038696289,22833500
2016-08-09,20.700656884556416,20.960094028870483,20.68858977301085,20.791156768798828,13296800
2016-08-10,20.91182654536993,20.96612739904161,20.44122068125956,20.586021423339844,17956900
2016-08-11,20.646361527451703,21.074733744262545,20.6041277765868,21.044567108154297,17802100
2016-08-12,20.851492326526632,21.153163210467067,20.682555066454977,20.791156768798828,19724000
2016-08-15,20.90579359423984,21.153163631937115,20.90579359423984,21.020427703857425,13293800
2016-08-16,20.990263403654264,21.068696186614524,20.791159489447857,20.86959457397461,15849300
2016-08-17,20.61618724470764,20.89372620902091,20.33865058196057,20.82735824584961,30598400
2016-08-18,20.881661427727234,20.96009651127974,20.531722056159484,20.70669174194336,13144500
2016-08-19,20.57395606830437,20.83339324671826,20.42312060650869,20.809261322021484,13172300
2016-08-22,20.66445429822837,20.67048670285266,20.266248847609823,20.30245018005371,16416900
2016-08-23,20.5136236911632,20.628257818520428,20.175751413568296,20.18781852722168,15868500
2016-08-24,20.02491418675284,20.39898777245842,19.964580925350724,20.25418472290039,21906800
2016-08-25,20.28434915954208,20.308483382119,20.07921287077053,20.12144660949707,21721100
2016-08-26,20.314521343839463,20.72479403360907,19.69911461075184,19.8982162475586,31301900
2016-08-29,19.91027912666345,20.519653323608534,19.86804538536856,20.489486694335938,18113500
2016-08-30,20.30245329788997,20.447254046770382,20.157650247443154,20.38088607788086,14202500
2016-08-31,20.537759993609388,20.555859515134944,19.92235094450545,20.224021911621094,25519200
2016-09-01,20.067148067785013,20.374853687120464,19.97061346793919,20.29038619995117,16071700
2016-09-02,20.549824688252304,20.77306053318785,20.43518826124675,20.754961013793945,20995100
2016-09-06,20.670489699373444,21.16523210822991,20.61618884361885,21.10489654541016,19169800
2016-09-07,21.09886345748033,21.16523142365224,20.851493411836337,21.09282875061035,21050200
2016-09-08,21.24969835597785,21.36433246630385,20.954059869309607,21.177295684814453,24423300
2016-09-09,20.58602130690583,20.59808841893865,19.94044577333071,19.95854759216309,39570400
2016-09-12,19.7956425088892,20.43518325414801,19.699107926497344,20.35675048828125,28115300
2016-09-13,19.910277464839464,20.043013384439544,19.198334025910825,19.361236572265625,33352900
2016-09-14,19.2707398204512,19.590511428661262,19.19833828906622,19.28883934020996,22954800
2016-09-15,19.4819054080037,19.934411714653464,19.234534234981425,19.86200904846192,21479900
2016-09-16,19.59051129294972,19.801680027227828,19.403474484327266,19.71117782592773,19909100
2016-09-19,19.97061707082685,20.15162149206328,19.681013219042136,19.77754783630371,14201700
2016-09-20,20.0792165692434,20.127485023288006,19.934415810242708,19.964582443237305,10394000
2016-09-21,20.242119202136973,20.60412570371686,19.952515381813004,20.531723022460938,21142700
2016-09-22,20.857529673560187,21.07473312971271,20.53775919731716,20.682559967041016,18777500
2016-09-23,20.63429028743776,20.76702392009099,20.35675360822077,20.4351863861084,14504000
2016-09-26,20.266253622598683,20.35675582424885,20.10938574818053,20.15765190124512,11715800
2016-09-27,20.24815392373037,20.47138977050781,19.96458250919784,20.47138977050781,15641200
2016-09-28,20.48345227426645,20.899757241037804,20.26021647772814,20.83338928222656,18484900
2016-09-29,20.81529686704088,20.90579907839388,20.139554540723484,20.260223388671875,20968200
2016-09-30,20.47139019570288,20.531723463144537,20.22402011668547,20.35072135925293,21785900
2016-10-03,20.43518650410381,20.97216034790524,20.344686613349467,20.911827087402344,15099200
2016-10-04,20.84545734368978,20.91785771043737,20.4170852465478,20.53775405883789,18881700
2016-10-05,20.88768920230508,21.147126319824338,20.79718932740954,21.06869125366211,24304800
2016-10-06,20.94199410661357,21.261766837603943,20.887693250525874,21.201431274414062,9710500
2016-10-07,21.460868701950783,21.521201964304463,21.03249655516693,21.394500732421875,18697900
2016-10-10,21.599634851639568,21.68410233097762,21.47896603762827,21.6418685913086,16166200
2016-10-11,21.539302148815253,21.58756829472013,21.328131143478423,21.466901779174805,19245800
2016-10-12,21.412602013657136,21.57550227822692,21.255731852978005,21.38846778869629,7442100
2016-10-13,21.255735998142253,21.68410821768715,21.098868108438072,21.61774253845215,17414200
2016-10-14,21.86510752845677,22.015942976275262,21.66600363258456,21.750471115112305,19694500
2016-10-17,21.780635725862545,22.05213996708767,21.714270068288464,22.00387382507324,22769900
2016-10-18,22.311581048541186,22.613251969643525,22.13661136192588,22.54085159301757,23846000
2016-10-19,22.63134628268861,22.72788086317357,22.426210011462327,22.48654556274414,24760300
2016-10-20,22.41415059549887,22.890788906689195,22.35381502970064,22.79425430297852,17945100
2016-10-21,22.564987413649355,22.878723168387605,22.54688559203884,22.78822326660156,16457500
2016-10-24,23.18642851720689,23.228662264471502,22.945090845780538,22.97525978088379,15613700
2016-10-25,22.866658577455528,23.13816058700888,22.679621762780265,23.0416259765625,12725900
2016-10-26,23.041624507679337,23.041624507679337,22.60118523174745,22.830455780029297,20424600
2016-10-27,23.05972757509297,23.12609555067605,22.77615615271676,22.78822326660156,19417700
2016-10-28,22.697720686565265,22.8666579765822,22.347783595980047,22.55895233154297,22784600
2016-10-31,22.87872685529292,22.97526378192824,22.703759429683924,22.78219223022461,16549000
2016-11-01,22.70375014602797,22.745983883377875,21.73840198851264,22.00387382507324,32017700
2016-11-02,21.78064283478976,21.96164725572812,21.36433773007854,21.61774253845215,23411300
2016-11-03,21.840978582685125,22.064214454966784,21.37640501494389,21.424671173095703,27847200
2016-11-04,21.43673257031482,21.78667190523698,21.225563869286773,21.33416557312012,20544200
2016-11-07,22.172807600776533,22.486545562744144,22.12453915975108,22.48654556274414,29256100
2016-11-08,22.25124483119163,22.854586593305324,22.112476502093426,22.649450302124023,21516300
2016-11-09,22.6494570373559,22.6494570373559,21.780643168552075,21.907346725463867,35156500
2016-11-10,20.8213245113299,21.03249552233073,19.99474688952952,20.18178367614746,65811900
2016-11-11,19.584475926787576,19.84391310678598,18.824266207383616,19.60861015319824,59164500
2016-11-14,19.294871453737127,19.59050996322633,18.85443219387616,19.536209106445312,29614200
2016-11-15,19.819779757083307,20.211952898121258,19.735312262476143,20.1938533782959,27581000
2016-11-16,19.71721546663097,19.98268510086683,19.59654661413579,19.95251846313477,23918800
2016-11-17,19.83184531436809,20.03094922308731,19.439674505675324,19.536209106445312,33155700
2016-11-18,19.83184543843853,19.916312926944908,19.548276341533764,19.66291046142578,21158200
2016-11-21,20.1274805250431,20.41708427988816,20.1274805250431,20.36278343200684,18549300
2016-11-22,20.78512724011472,20.81529387237007,20.308486625154053,20.61618995666504,17622600
2016-11-23,20.03698410726128,20.429157266032025,19.994750358048023,20.39899063110352,20805900
2016-11-25,19.94044699754187,20.097317162033058,19.855979509692656,19.94648170471192,13268800
2016-11-28,20.13954965519902,20.65238925761464,20.036980353776126,20.45932006835937,17738100
2016-11-29,20.21194879780163,20.302450981701828,19.90424551536002,20.030946731567383,13524500
2016-11-30,20.41105558372909,20.579990562690835,20.091282842966056,20.20591926574707,23330400
2016-12-01,19.711176242562384,19.73531046784596,18.9268334841606,18.993200302124023,40230800
2016-12-02,19.011302456823028,19.35520828929107,18.96303515326698,19.11387062072754,21542600
2016-12-05,19.18023383264149,19.42156913972033,19.174200277347072,19.379335403442383,13676800
2016-12-06,19.270736098873176,19.89821092963692,19.246601876144567,19.717208862304688,17147000
2016-12-07,19.928382434149505,20.1093868473434,19.75341503046438,20.0792179107666,17631500
2016-12-08,19.922345970751216,20.024912969211883,19.74737630113051,19.91631126403809,17954100
2016-12-09,19.84994424064049,20.103346667633623,19.771509169709525,19.80167579650879,16499300
2016-12-12,19.747377821121507,19.843912421865745,19.49397535725531,19.566375732421875,14327100
2016-12-13,19.771511081620684,19.93441364396876,19.5543076651566,19.741344451904297,12636300
2016-12-14,19.711176950057656,19.79564674158205,18.932866569257587,19.005268096923828,28596400
2016-12-15,19.01129698730611,19.30693428038048,18.86649511829721,19.228500366210938,26875800
2016-12-16,19.21040448565496,19.37330706040669,18.96906797719864,19.02336883544922,22899700
2016-12-19,19.216437022794555,19.216437022794555,18.727730475248173,18.76996421813965,13987700
2016-12-20,19.089735656035177,19.089735656035177,18.854432704138173,19.02336883544922,17307500
2016-12-21,19.29526303770521,19.32581238644171,19.03253444319272,19.12418365478516,16848400
2016-12-22,19.1302942528855,19.338033092744222,19.00809568939288,19.20972442626953,14069600
2016-12-23,19.60686697022773,19.790165353033803,19.58242656431615,19.716846466064453,12471500
2016-12-27,19.86959868926914,19.936808650907945,19.7596191758176,19.875707626342773,7654200
2016-12-28,19.98568512261693,20.28507428585417,19.973464918937296,20.187314987182617,12581500
2016-12-29,20.291184722933863,20.63945239588005,20.27896451835049,20.566133499145508,20819600
2016-12-30,20.541693209121245,20.61501443704675,20.2178659434636,20.370615005493164,14596200
2017-01-03,20.804421369745803,21.14658010098308,20.78609222851073,21.054929733276367,20781100
2017-01-04,21.21989893712812,21.348207586944827,21.140468774056306,21.268779754638672,13846700
2017-01-05,21.36654184557832,21.678148940168946,21.32377229006129,21.519290924072266,13077500
2017-01-06,21.519286854700628,21.519286854700628,21.15879900439377,21.2993278503418,12121400
2017-01-09,21.494848496139824,21.604828008801825,21.26878053378604,21.2932186126709,24442600
2017-01-10,21.61093370959428,21.70258406667656,21.403194920204463,21.53761482238769,15983300
2017-01-11,21.232121861635857,22.087517631533327,21.11603340132424,22.014196395874023,21222600
2017-01-12,22.20971000747524,22.35635011487028,22.12417091598039,22.252479553222656,19758400
2017-01-13,21.922547342058905,22.05696493973784,21.739248922848827,21.959205627441406,14507700
2017-01-17,21.830894132983342,22.24026280248192,21.714805693066268,22.11195182800293,21582800
2017-01-18,21.98975779633049,22.111955191349853,21.775907693514803,21.78812789916992,15508700
2017-01-19,22.075294494628903,22.081403431406443,21.84922421084394,22.075294494628903,23827900
2017-01-20,22.221932944405893,22.43578303021636,22.056963677328923,22.41134262084961,26899900
2017-01-23,22.557982401982404,23.04067004103558,22.46022308667241,23.0162296295166,28922300
2017-01-24,22.79016213952892,22.97346056832759,22.71684323416265,22.84515190124512,17856300
2017-01-25,23.028447331789035,23.21174806748832,22.967348640399724,23.193416595458984,12952400
2017-01-26,22.91235804515351,23.01011734624888,22.784049399484392,22.961238861083984,18921400
2017-01-27,22.99179243013916,23.10177195542464,22.930691398999443,23.07733154296875,9060100
2017-01-30,22.80848769017916,22.857366170806745,22.570197230786537,22.643518447875977,11740800
2017-01-31,22.753503709223704,22.832931551718808,22.49077510831599,22.527433395385746,10519500
2017-02-01,22.765717141014544,22.80237775169488,22.55797834202366,22.70461845397949,9357300
2017-02-02,22.78405207241579,22.930689875878983,22.661852349019217,22.79627227783203,8173100
2017-02-03,22.942904181426734,23.168972096578223,22.86347403202989,22.97345352172852,12518000
2017-02-06,22.820711275199148,22.894032510643825,22.588534355255533,22.62519264221192,9535100
2017-02-07,22.747392370520423,22.8146023376284,22.57631414934809,22.62519264221192,7513000
2017-02-08,22.564090389328424,23.01011734624888,22.527429777380565,22.961238861083984,11056700
2017-02-09,22.961243348894417,23.071220544702022,22.759613439920702,22.875701904296875,11799400
2017-02-10,23.12010105960399,23.43170816019936,23.09566064719015,23.38282966613769,16044700
2017-02-13,23.437816382444,23.639443931737333,23.35838621780568,23.52335548400879,11784900
2017-02-14,23.553906540373205,23.834964274711886,23.24840839502267,23.816635131835938,14993200
2017-02-15,23.95105740593912,24.500952722933725,23.86551828979104,24.46429443359375,29231000
2017-02-16,24.61704170086366,24.62926190666204,24.03659474465324,24.06103515625,19482900
2017-02-17,23.8838459130702,24.067144340392364,23.75553724702128,23.97549629211425,10992600
2017-02-21,24.41541200275264,24.476513032248587,24.238222513363315,24.470401763916016,17182100
2017-02-22,24.421520353483228,24.543717736344483,24.34209019001087,24.5314998626709,9611900
2017-02-23,24.89809378464756,24.9286431268192,24.14656877955127,24.16489791870117,17418900
2017-02-24,23.731094541394302,23.77386409260996,23.425596415130613,23.437816619873047,21906300
2017-02-27,23.48669154206392,23.712761799325857,23.40726371944631,23.54168128967285,8724600
2017-02-28,23.511136070410167,23.560016890529308,22.99179017585612,23.05288887023925,15334100
2017-03-01,23.40115746769793,23.828855337341864,23.382828324821983,23.816635131835938,19288000
2017-03-02,23.4439265447716,23.5111365083043,22.857370677012035,22.86347961425781,22080700
2017-03-03,23.19341765244284,23.596675093980533,23.01622817626691,23.572237014770508,16820900
2017-03-06,23.59667510334274,23.63944465543448,23.23007827662331,23.26673889160156,8038700
2017-03-07,23.49891840021525,23.49891840021525,23.144541739187915,23.18120002746582,11179900
2017-03-08,22.82681777453236,22.86347605383005,22.3135808874754,22.49077033996582,16863600
2017-03-09,22.49688341695725,22.55798211420933,22.11195509812461,22.19138526916504,19763800
2017-03-10,22.7718299635252,22.81459951352406,22.4846609871623,22.680179595947266,19258900
2017-03-13,22.74739033041253,22.9123595992188,22.625190613063552,22.820709228515625,13202200
2017-03-14,22.68018157853684,22.7840521595894,22.36246322879648,22.39301490783692,12656300
2017-03-15,22.53354740100273,23.364502860091484,22.338028743660225,23.309513092041016,24865700
2017-03-16,23.39505298451355,23.425602338711723,23.0528941575016,23.12621307373047,14485600
2017-03-17,23.260625754341167,23.327835711016963,22.655740805790167,22.74738883972168,20570800
2017-03-20,22.63130181680881,23.278956354623883,22.56409185591878,23.223966598510746,16387000
2017-03-21,23.187304688839124,23.30339311991669,22.386898881865864,22.429668426513672,23932700
2017-03-22,22.38079297958492,22.796270610281496,22.209712447037933,22.594640731811523,15864500
2017-03-23,22.28303087819834,22.5763087576381,22.22804113013055,22.34412956237793,11087200
2017-03-24,22.50910139595184,22.729060413526344,22.386901682769818,22.680179595947266,8609200
2017-03-27,22.32580181436868,22.66184925982591,22.252480591866146,22.61296844482422,9116400
2017-03-28,22.661848906901856,22.80848901885769,22.54576046922905,22.70461845397949,14551000
2017-03-29,22.735169417742124,23.21785700432098,22.729060480909464,23.193416595458984,13836100
2017-03-30,23.046780362352777,23.19341816390975,22.820710061239875,22.86347961425781,10620500
2017-03-31,22.704621959467584,23.095659210703467,22.588533503871265,22.887920379638672,11828300
2017-04-03,23.02845017246316,23.175090312958243,22.900141506258688,23.1567611694336,12370300
2017-04-04,23.02234503009115,23.382833007019823,22.91847442787457,23.36450386047364,11020800
2017-04-05,23.46836273016338,23.596671366117164,22.845146358832324,22.85736656188965,18968100
2017-04-06,22.753502689566474,23.02234021601636,22.380794582619824,22.472442626953125,15996200
2017-04-07,22.68018192498268,23.02844962831748,22.490774564327623,22.606863021850582,14424700
2017-04-10,22.74128043904874,22.796270193009843,22.466331669243228,22.66795921325684,14699900
2017-04-11,22.72295147937356,22.80849291892121,22.142506860992818,22.606863021850582,16826900
2017-04-12,22.57631296437084,22.600753374902915,22.362462868363945,22.557981491088867,12627800
2017-04-13,22.54575565731432,22.637403668306565,22.0325188711567,22.05084800720215,13884800
2017-04-17,22.46022350013253,22.955131354055737,22.405233738585512,22.94291114807129,18783900
2017-04-18,22.814599455865093,23.13842671382823,22.67407060182891,22.77793884277344,11068400
2017-04-19,22.832928708000065,22.869589321269896,22.25859308470007,22.27692222595215,11120500
2017-04-20,22.51521436970039,22.557983927367747,22.08140752435088,22.197498321533203,14171400
2017-04-21,22.27692059907317,22.36245969302354,22.050852660666425,22.0936222076416,13761000
2017-04-24,22.74127769470215,22.857366125381663,22.64351840287588,22.74127769470215,11959000
2017-04-25,22.37468059922968,22.777938005349604,22.30747064308209,22.73516845703125,15643600
2017-04-26,22.4174497768438,22.67406939327596,22.301361337723023,22.52132034301757,13105300
2017-04-27,22.710731589973985,22.710731589973985,22.270815834289657,22.423564910888672,11527000
2017-04-28,22.28303408662919,22.747390213244607,22.25859367713213,22.710729598999023,17780000
2017-05-01,22.75961159623136,23.09565908653261,22.66185228394798,22.894031524658203,8359600
2017-05-02,22.955126506590663,23.450034256003526,22.955126506590663,23.407264709472656,19169800
2017-05-03,23.2850677388832,23.407267456497696,23.06510871333024,23.14453887939453,9684300
2017-05-04,22.88791555842491,22.900135761297644,22.46632904775971,22.545759201049805,15488700
2017-05-05,22.71072658724984,22.985675330715484,22.61296729299155,22.96734619140625,11542700
2017-05-08,22.80848643675744,22.97345333922962,22.600747661284213,22.6740665435791,11133800
2017-05-09,22.80849258509792,23.181198363511257,22.80849258509792,23.095659255981445,14141500
2017-05-10,23.505027052719928,23.68221419813008,23.492806847732027,23.572237014770508,15761200
2017-05-11,23.73720668670949,23.877737894858875,23.566128458723885,23.80441665649414,12192200
2017-05-12,24.11602323729533,24.3482001389958,24.08547155954432,24.28099250793457,22975300
2017-05-15,24.43984949475928,24.59870749093832,24.38485974016545,24.5314998626709,16380800
2017-05-16,24.665922990896902,24.72091275784357,24.433746046692004,24.70869255065918,18132500
2017-05-17,24.39708006051192,24.49483936572477,23.85329377959258,23.91439247131348,20321500
2017-05-18,19.667971142642564,21.13436327582267,19.417463904440304,20.010129928588867,166606800
2017-05-19,21.164907357448257,21.500954791171143,20.97550003284442,21.36042594909668,54404700
2017-05-22,20.871633296311213,21.012162164148425,20.37672545941556,20.767765045166016,38466700
2017-05-23,21.03049127315833,21.384870241644634,21.03049127315833,21.262670516967773,30406400
2017-05-24,21.494848251342773,21.89199674596211,21.360428330561017,21.494848251342773,28933600
2017-05-25,21.57427570661716,21.678143937254507,21.13435771623441,21.35431671142578,19679600
2017-05-26,21.59871827502748,21.86755813874672,21.525399371634016,21.69036865234375,23143100
2017-05-30,21.67814880004728,21.77590811642088,21.61093883302181,21.71480941772461,11321300
2017-05-31,21.775908024010768,21.83700905321369,21.452080726916066,21.488739013671875,14579300
2017-06-01,21.672040270657817,21.733138970504825,21.219901967185585,21.31766128540039,16180700
2017-06-02,21.537618765623822,21.568168113322606,21.20768021663898,21.342100143432617,16114300
2017-06-05,21.1343647308206,21.36043273723781,20.9938358440874,21.10992431640625,19925700
2017-06-06,21.226008374066804,21.452076308641768,21.097697404550587,21.36042594909668,17451800
2017-06-07,21.48873339355126,21.592603950647163,21.25044526889611,21.40930557250977,13661700
2017-06-08,21.17713241113948,21.384871253691696,21.07326415524637,21.31766128540039,15859300
2017-06-09,21.323766706786017,21.397085592651305,20.902177868838564,20.920509338378903,13364800
2017-06-12,20.841080776376607,20.93884007524662,20.66389131881048,20.68222045898437,21677900
2017-06-13,20.676110813810773,20.76776117306988,20.505032629343592,20.74942970275879,16070200
2017-06-14,21.048819118755773,21.21378836901956,20.77387036831614,20.969388961791992,18109800
2017-06-15,20.69443995335641,20.80441945216116,20.52947070514929,20.74942970275879,12508900
2017-06-16,20.81664168932845,20.89607185306267,20.70055324292126,20.859411239624023,14622100
2017-06-19,20.743324501602395,21.04882264645437,20.743324501602395,20.96328353881836,21970400
2017-06-20,20.788957886764628,20.80127755118433,20.21610641479492,20.21610641479492,29422100
2017-06-21,20.35162763543904,20.49945896175244,20.14219796504792,20.2653923034668,14202200
2017-06-22,20.30234690636569,20.487137220432096,20.185313589062105,20.38858222961425,18085800
2017-06-23,20.40090176272086,20.47481976764929,20.26539011982469,20.351625442504883,11722400
2017-06-26,20.63497038448558,20.955274684362365,20.62881172571745,20.942955017089844,14216200
2017-06-27,20.702729032942337,20.89367801657501,20.47482104454054,20.585693359375,16233300
2017-06-28,20.77048457820535,20.94295522223757,20.517937270985467,20.91831588745117,13440400
2017-06-29,20.918316164221547,20.97375349335629,20.61033152452546,20.832080841064453,12063300
2017-06-30,20.89367607498582,21.10926672483348,20.869039090498973,21.02919006347656,11255000
2017-07-03,21.22014049040021,21.294056140237647,21.05998717439361,21.189342498779297,7280700
2017-07-05,21.121589271259364,21.318699272441805,20.825924269485704,21.220144271850582,18135200
2017-07-06,21.14006710066653,21.18934577466744,20.84440210587065,20.869041442871094,23152300
2017-07-07,21.133904276064666,21.177021932449264,20.801280341323984,20.98607063293457,12326600
2017-07-10,21.213982837183977,21.417253843554004,21.201663168640053,21.349496841430664,17304500
2017-07-11,21.392612849942328,21.731395484589097,21.355653847172444,21.706758499145508,13744400
2017-07-12,22.002424746518543,22.40280339256949,21.817632071701908,22.3535270690918,33903400
2017-07-13,22.44592059763064,22.532158273991417,22.35968527100627,22.5136775970459,17966900
2017-07-14,22.649188962056133,22.79702026201083,22.624549628818304,22.67998695373535,15195700
2017-07-17,22.74158122685916,22.7539008925516,22.606069603714257,22.655345916748047,11966900
2017-07-18,22.661507992165728,22.88941594387389,22.599909660801305,22.864776611328125,12629400
2017-07-19,22.97564715271984,23.04340413024573,22.723099913591472,22.870933532714844,14264200
2017-07-20,23.043407743737927,23.08652539988203,22.846297787154587,23.00644874572754,13497800
2017-07-21,23.06804936816782,23.09268870262332,22.790862729884136,22.827821731567383,8509900
2017-07-24,22.870935310522487,22.926372628286057,22.753899667612814,22.91405296325684,8920800
2017-07-25,23.04340413024573,23.14195909308276,22.81549621926053,22.870933532714844,12651700
2017-07-26,22.803180597390543,22.969492567234724,22.71694528333861,22.89557456970215,19234000
2017-07-27,23.031088581407943,23.049566905949234,22.77854129715401,22.864776611328125,13050000
2017-07-28,22.85245624448964,23.06188586523624,22.77238194077477,23.03108787536621,10928800
2017-07-31,23.24052224326438,23.320598913071866,23.08652991272348,23.28363990783692,10373800
2017-08-01,23.30827847763453,23.62242178771613,23.295958809628296,23.480749130249023,16687200
2017-08-02,23.38219663037025,23.844173656074425,23.345239972145382,23.73945999145508,17474600
2017-08-03,23.75793101822978,23.77640934166264,23.554662411260505,23.67169570922852,11154000
2017-08-04,23.65937647839046,23.733292123215897,23.4191488704058,23.59161949157715,16877300
2017-08-07,23.585466912381104,23.979686919369303,23.554668914910764,23.905771255493164,10586400
2017-08-08,23.838010583522617,24.109036209193107,23.801051582402728,23.86264991760254,12401500
2017-08-09,23.55466454505105,23.677856512077856,23.462268220044795,23.616260528564453,17070500
2017-08-10,23.50538762976521,23.51770729733302,23.16660499572754,23.16660499572754,24461700
2017-08-11,23.22820009305456,23.579302381195657,23.092688454478008,23.406831741333008,19222800
2017-08-14,23.32059448925318,23.819528041728745,23.27747683285988,23.4376277923584,21263200
2017-08-15,23.56082693291481,23.78257626824127,23.517709267683173,23.67786026000977,15376700
2017-08-16,23.819531497243805,24.04744182808409,23.720976504085115,23.97968482971192,16823400
2017-08-17,23.757935265389165,23.86880992527905,23.5115466101369,23.542346954345703,18494700
2017-08-18,23.75177866104041,24.09056132901645,23.56698597874752,24.0412826538086,21809200
2017-08-21,24.13982665791484,24.2322229569714,23.7764048178868,23.86880111694336,11788500
2017-08-22,24.33694270122541,24.595650993924576,24.15831341430448,24.22607040405273,22662500
2017-08-23,24.40470183612842,24.780443467042648,24.355425516357663,24.6942081451416,19662500
2017-08-24,24.79892900220012,24.977560706486333,24.66957598174609,24.82356834411621,11367300
2017-08-25,24.84819659366727,24.989869221835946,24.657245303664663,24.72500228881836,14042200
2017-08-28,24.792759132906408,24.89747276410383,24.63876684015544,24.688045501708984,13873900
2017-08-29,24.41701770156405,24.77428095065229,24.380061054924525,24.72500228881836,9346000
2017-08-30,24.65724539496856,24.700363049364952,24.503253100771182,24.63260841369629,11649300
2017-08-31,24.792761456966403,24.82972045659608,24.558692492117373,24.63876914978028,13329500
2017-09-01,25.0699503453332,25.230101325395164,24.95291467746452,25.01451301574707,21447000
2017-09-05,25.55040096777791,25.605838287236903,25.12538308508292,25.242416381835938,23363800
2017-09-06,25.60583994560564,25.91382455149432,25.55040262255624,25.802949905395508,27108600
2017-09-07,26.01238261016689,26.160216272374644,25.94462561289402,26.000062942504883,15367700
2017-09-08,26.01853868709504,26.01853868709504,25.79062840315242,25.82142639160156,16227600
2017-09-11,26.14789574319209,26.44356070812969,26.135576075936,26.209491729736328,21034500
2017-09-12,26.09245698793932,26.4620375864582,26.006221671600656,26.098615646362305,24609300
2017-09-13,26.024699624090392,26.271088252733616,25.92614464258032,26.117095947265625,18572200
2017-09-14,25.9754186421844,26.3142035637927,25.85222668858418,26.277244567871094,16080100
2017-09-15,26.252611286942926,26.720749277551327,26.15405629151007,26.702268600463867,25992400
2017-09-18,26.64682769505777,26.893216325464856,26.49283538848737,26.56675338745117,17535100
2017-09-19,26.628351420262728,26.689949757474928,26.357325785737967,26.523637771606445,11279700
2017-09-20,26.70226324287051,26.75770056353697,26.191010040934028,26.60370826721192,19275600
2017-09-21,26.579074559167832,26.671468538500843,26.197171925435377,26.252609252929688,12265600
2017-09-22,26.30804623873008,26.4989975531162,26.197171585181525,26.32036590576172,9983100
2017-09-25,26.252607213841653,26.252607213841653,25.71671465617794,25.74135398864746,12343800
2017-09-26,25.80911131643837,25.895346631476208,25.66127766941916,25.67359733581543,13886400
2017-09-27,25.482648144639192,25.56272480798797,25.026832198855107,25.205461502075195,21885000
2017-09-28,25.15002794807155,25.365616265758884,25.094590616418174,25.236263275146484,14574400
2017-09-29,25.605838613560145,25.72903291945412,25.43952665306368,25.67975425720215,21891400
2017-10-02,25.525763487005783,25.77215211351133,25.47032616352884,25.6982364654541,10137200
2017-10-03,25.77215248964228,26.62219067878257,25.73519349020623,26.597551345825195,17650800
2017-10-04,26.671470538793585,26.88706120621187,26.56059587548965,26.68379020690918,15844600
2017-10-05,27.047210851343333,27.121126506636017,26.5113182384328,26.56059455871582,22192400
2017-10-06,26.172534940788328,26.332685914807296,26.012381617033103,26.252609252929688,20436200
2017-10-09,26.055498770383046,26.09861642984678,25.741355487184983,25.87070846557617,11686400
2017-10-10,26.351163659934173,26.474357979399176,26.184851681116847,26.37580299377441,15347100
2017-10-11,26.529791308692865,26.554430638820943,26.258765726491536,26.44971466064453,14390200
2017-10-12,26.363485542576097,26.46820154532989,26.25261088071274,26.33884620666504,13369200
2017-10-13,26.708431348025275,26.745388005133066,26.48052334682641,26.69611167907715,22542800
2017-10-16,26.69610326245363,26.74537957297394,26.3634793549321,26.44971466064453,20291000
2017-10-17,26.357321318341324,26.37579964150488,26.061656399044985,26.26492500305176,16256000
2017-10-18,26.32036774652733,26.418922739936875,26.055500761163604,26.301889419555664,16897800
2017-10-19,26.01238368301899,26.178695678710938,25.85839135549716,26.178695678710938,14723900
2017-10-20,26.332681095448223,26.37579874785957,26.030855178833008,26.030855178833008,14977700
2017-10-23,25.870706557254643,25.96926153586427,25.35329233212011,25.39640998840332,22365400
2017-10-24,25.43953263960272,25.63664263552345,25.199304978932844,25.562726974487305,19691800
2017-10-25,25.81527130969068,25.85838896943924,25.156184396692773,25.79679298400879,18989300
2017-10-26,25.778315471255578,25.80911581748583,25.01451481937024,25.02683448791504,30352600
2017-10-27,25.28553838657816,25.624321019458883,25.13154606711089,25.59352302551269,17347900
2017-10-30,25.131541747761656,25.25473605210937,24.577170902800805,24.73732185363769,28392300
2017-10-31,24.694211984335865,24.885163333758328,24.478623646065863,24.74348831176757,24550700
2017-11-01,24.81124369980335,25.06995203859091,24.534059382887648,24.57717704772949,16066700
2017-11-02,24.52173971439905,24.62645337194738,24.250711707122893,24.57717704772949,16336400
2017-11-03,24.694204132832777,24.73732178677755,23.86880535059065,24.21374893188477,28296700
2017-11-06,24.527893567032866,24.885156833979668,24.404699256025832,24.86051750183105,17622700
2017-11-07,24.601806415638308,24.644924067126347,23.985837280396865,24.12135124206543,20249600
2017-11-08,24.47246594589129,24.8728470279484,24.22607957594128,24.82356834411621,25633800
2017-11-09,24.435499055397727,24.64492869469376,24.20759109049024,24.398542404174805,18397600
2017-11-10,24.05976156920232,24.14599689476169,23.831851237668104,23.918088912963867,16797100
2017-11-13,23.7887277267216,24.102873306586343,23.653216112614903,23.99199867248535,19488300
2017-11-14,23.905766180881187,23.942722830105964,23.228198631681792,23.24667930603028,35805400
2017-11-15,23.03109189416327,23.443792549590828,22.981815571719984,23.419153213500977,13935700
2017-11-16,23.93040745766721,24.232233462331337,23.79489580330108,24.182954788208008,26019300
2017-11-17,24.18295484492522,24.620294854717702,24.158317857542283,24.534059524536133,24020500
2017-11-20,24.3923783406892,24.823557232262864,24.324623705354643,24.755800247192383,13807200
2017-11-21,24.909793683160604,25.26705694819656,24.872837034871388,24.90363502502441,20667700
2017-11-22,25.02683585824548,25.23626553550121,25.00835517954812,25.16850852966309,14988200
2017-11-24,25.03299687751624,25.168510901965604,25.00219887643325,25.08843421936035,8689000
2017-11-27,24.85435599603626,25.11306427894212,24.79276001663468,25.00218963623047,18481300
2017-11-28,25.22394176817619,25.476489071800263,25.02067078368702,25.25473976135254,21801100
2017-11-29,24.9405998624854,24.946758522063543,24.404704839460365,24.429344177246094,23310100
2017-11-30,24.1891111420958,24.263026789319063,23.70865591054051,23.838008880615234,28535100
2017-12-01,24.084400319747186,24.219914326832225,23.85033366171956,24.0412826538086,20829500
2017-12-04,24.42934046475015,24.725005424037352,24.312307152658203,24.41702079772949,17131100
2017-12-05,24.84203938432032,24.86051770871753,24.2815051470868,24.361581802368164,14085800
2017-12-06,24.404698365023485,24.72500262205323,24.182949083253973,24.657245635986328,17570200
2017-12-07,23.56082161254143,24.133673149531123,23.48074495959234,24.05359649658203,25450600
2017-12-08,24.07207546176552,24.343101041318977,23.97967914955584,24.028955459594727,16872100
2017-12-11,24.12751193934338,24.299984909612668,24.016639647383368,24.078235626220703,9602000
2017-12-12,23.653220924036265,24.817402469172933,23.60394225452921,24.6942081451416,27534400
2017-12-13,24.52789576957464,24.681888084727536,23.78257352817132,23.856489181518555,38831800
2017-12-14,23.622419118501973,23.838009759645846,23.523864135324708,23.59778213500977,22659200
2017-12-15,23.94272265712864,24.016640654516344,23.75793236313152,23.87496566772461,24318600
2017-12-18,24.201431408982543,24.392380364860365,24.12751341018843,24.158313751220703,16891800
2017-12-19,24.08059033126712,24.142767304613,23.8318895533106,24.10546112060547,19745800
2017-12-20,24.211160907198465,24.341731378746807,24.13655090332032,24.136550903320312,10649700
2017-12-21,24.21116132222265,24.758306894263136,24.198725926061588,24.5779972076416,17971800
2017-12-22,24.515823986254063,24.640175583093804,24.45364937373891,24.565563201904297,7556800
2017-12-26,24.78317715507168,24.92618065014308,24.665042079979774,24.86400604248047,10401200
2017-12-27,25.050528157265088,25.10026736093224,24.88887040877692,24.93861198425293,7315400
2017-12-28,25.119154912314283,25.17518286424685,25.00087473591004,25.09425544738769,12388700
2017-12-29,25.18140602111816,25.417968715906422,25.112927158829205,25.181406021118164,8810900
2018-01-02,25.80393866477764,25.95334493841813,25.735459799871613,25.947120666503903,19866800
2018-01-03,26.077856945923926,26.295744502656778,25.96580103098026,26.26461601257324,19379500
2018-01-04,26.45759425634333,26.63190235269412,26.31441226651667,26.43891906738281,19276300
2018-01-05,26.326864274836783,26.694158046486034,26.23348357662586,26.66925621032715,12516700
2018-01-08,26.538523696696465,26.66925476730229,26.476269109667733,26.56342315673828,18325100
2018-01-09,26.50739507008794,26.51984361154033,26.32063370152979,26.357986450195312,15757100
2018-01-10,26.23348379724831,26.401567630579663,26.10275271846942,26.33931541442871,14298800
2018-01-11,26.357992668456475,26.856017560974664,26.32063991097886,26.83111572265625,14419800
2018-01-12,26.6443557099428,26.924495443850137,26.582103491194463,26.912044525146484,19845700
2018-01-16,26.94317089683872,26.99297457213821,26.781313701655264,26.818666458129883,15563200
2018-01-17,26.918266543997703,27.39138949954582,26.88713806520533,27.304235458374023,18020900
2018-01-18,27.45364728397217,27.5594789088698,27.210860298601737,27.366493225097656,19035500
2018-01-19,27.51590091676232,27.6964356751262,27.36026799571136,27.683984756469727,16999300
2018-01-22,27.565699013063764,27.814712607714075,27.447418861728167,27.783586502075195,15254700
2018-01-23,27.260657321281705,27.37271319099015,27.042769852506648,27.17972755432129,22451100
2018-01-24,28.026377486200936,29.02865390556835,27.87696883294376,28.85434341430664,46043500
2018-01-25,28.91659243000545,29.78813521907425,28.87301540929049,29.165603637695312,26026200
2018-01-26,28.972625435386647,29.539129178546947,28.929048407048924,29.46442604064941,28682400
2018-01-29,29.10958182670731,29.19051161425431,28.823217808950258,28.87924575805664,14295200
2018-01-30,28.71739088530753,28.93527605239771,28.455926310029096,28.82944679260254,14414000
2018-01-31,29.50800522295849,29.52668041510361,28.835669808493005,29.00375366210937,21155300
2018-02-01,29.13448376688473,29.40217259413109,29.047329706808245,29.08468246459961,15779800
2018-02-02,28.42479133733149,28.51817202256229,27.99524540976269,28.051273345947266,24978200
2018-02-05,27.97034767239544,28.238036476163764,26.793763215016924,27.055225372314453,28146700
2018-02-06,27.04277351900795,28.294063442147635,26.98674557655737,28.088626861572266,31118700
2018-02-07,27.98279793040343,28.19445878479028,27.21708429167829,27.223308563232425,28692600
2018-02-08,27.69643435760556,27.733784737028287,26.31441332448954,26.32686424255371,26891500
2018-02-09,26.930717637528208,27.061451086442663,26.046723850717587,26.868465423583984,31057100
2018-02-12,27.136148731040407,27.509666688717697,26.85600907539781,27.25442886352539,19257000
2018-02-13,27.14237945421424,27.466096202722014,27.067676319872383,27.39761734008789,11918900
2018-02-14,27.235759345945272,28.25048658765545,27.13615437818518,28.132204055786133,27701300
2018-02-15,28.350092741282097,28.51194993012398,28.132205232538585,28.3314151763916,14943200
2018-02-16,28.045048493729205,28.63645399687956,28.01392238825174,28.35009002685547,16155200
2018-02-20,28.16333161416344,28.81076269598825,28.144654050666706,28.555524826049805,17771700
2018-02-21,28.84811133556032,29.178052288139565,28.52439465341285,28.54306983947754,16398600
2018-02-22,28.885463827484223,29.04109670936772,28.71115338493157,28.79830741882324,11386200
2018-02-23,28.99129630796488,29.1095764565825,28.71115661411304,29.09712791442871,12861000
2018-02-26,29.333685769222765,29.383489432769384,29.072223659911167,29.33991241455078,15899600
2018-02-27,29.28389443878948,29.32747147182697,28.70493971441105,28.81699562072754,11397500
2018-02-28,28.947719019864355,28.960169936673203,28.306512240210825,28.31273651123047,17612700
2018-03-01,28.437249648188903,28.66136145120279,27.92677381899954,28.3065185546875,18132600
2018-03-02,28.013925485909628,28.40612110764793,27.696435375301405,28.38744354248047,13599800
2018-03-05,28.182008600630617,28.64268070026221,28.11352973790353,28.586652755737305,12294200
2018-03-06,28.91660452993425,29.115814529351827,28.736069725846285,28.785873413085938,16243800
2018-03-07,28.499495860571297,28.624002655405064,28.05127472384716,28.399890899658203,12822200
2018-03-08,28.39367016875427,28.412345359138445,27.895645302093847,28.04505157470703,13224900
2018-03-09,28.480827009996595,28.71738973534313,28.44970089805445,28.63023567199707,13260400
2018-03-12,28.7298394892603,28.81699354906977,28.56175564186915,28.77341651916504,10004500
2018-03-13,28.91036395998937,28.96016762324629,28.36253791277944,28.493268966674805,12602200
2018-03-14,28.754736679725028,28.80454035269036,28.244260905679628,28.44969749450684,18011500
2018-03-15,28.13220427286969,28.16955702660661,27.671532183963105,27.80226325988769,12106300
2018-03-16,27.70266027885172,28.00770185266369,27.677758441240545,27.77113914489746,11726000
2018-03-19,27.51589775085449,27.702656759673644,27.34158728448959,27.51589775085449,8923600
2018-03-20,27.478548614058017,27.59683115586058,27.26066347090058,27.341590881347656,10683300
2018-03-21,27.515898560964764,28.00147247314453,27.459870619192507,28.00147247314453,14634600
2018-03-22,27.553246582991296,27.858288100950567,27.329137209834727,27.33536148071289,15576000
2018-03-23,27.49099445728066,27.81471116361127,27.28556027091421,27.304235458374023,17650400
2018-03-26,27.78981523300289,27.8707450204673,27.428748075062508,27.721336364746094,11296500
2018-03-27,27.60305320719429,27.60305320719429,26.96184637340005,26.986745834350582,15803800
2018-03-28,26.912044383081493,27.14238044095832,26.68170832520467,27.105030059814453,11300600
2018-03-29,27.329143442872123,28.013927384587348,27.316692523506568,27.939224243164062,17058900
2018-04-02,27.820937726036192,27.90186750297717,27.260660683167924,27.497220993041992,12715400
2018-04-03,27.71510822714396,27.820937463493703,27.161055460913648,27.27311134338379,11629900
2018-04-04,26.694156493094155,27.279335360156303,26.57587396560747,27.26066017150879,15915400
2018-04-05,27.895638447181906,27.90186271752382,27.33535912563753,27.44119071960449,21463700
2018-04-06,27.248212453048907,27.391394457285053,26.737736655417464,27.03032493591309,24031900
2018-04-09,26.95562030615029,27.017874896788403,26.12142778975812,26.133878707885746,18223300
2018-04-10,26.29573603515164,26.70660679938356,26.108974653871087,26.65680313110352,18170500
2018-04-11,26.6256775870666,27.154828512463386,26.61945094101553,27.02409744262696,13348400
2018-04-12,27.14237831901937,27.20463290734205,26.85601433704423,26.93071746826172,8700200
2018-04-13,26.81866322496357,26.874688790766324,26.34553786573656,26.41401672363281,14242900
2018-04-16,26.607002325846267,26.61322659711069,25.915991851782707,26.07162475585937,17010900
2018-04-17,26.23348282623748,26.65680452975053,26.121426941497564,26.526073455810547,11268400
2018-04-18,26.955620434459767,27.416294908295352,26.930718598085992,27.29178810119629,15728100
2018-04-19,27.03032197110477,27.19218152319732,26.84978960499033,27.142377853393555,13969600
2018-04-20,26.91204244829889,27.03654925095708,26.70660824246716,26.868465423583984,14791000
2018-04-23,26.56965345368805,26.75018821872364,26.35799257824598,26.51984977722168,14288000
2018-04-24,26.7066087588876,26.874690214741108,26.25838521055881,26.389116287231445,15653200
2018-04-25,25.990693679181064,26.23970726314091,25.83506078289854,26.17122840881348,19166000
2018-04-26,26.239713640107905,26.694161522723768,26.158783849437373,26.68793487548828,12053500
2018-04-27,26.9618482079417,27.024100426708458,26.700383664627484,26.806215286254883,13468100
2018-04-30,26.781313402093247,26.8373413487935,26.308187991120004,26.33308982849121,10080400
2018-05-01,26.102752093562987,26.17745522610968,25.62962671297115,26.00314712524414,14018000
2018-05-02,25.909769912792264,25.972024510594554,25.51134998593794,25.573604583740234,18121300
2018-05-03,25.53625531617233,25.64831123276576,25.063129807273302,25.35572052001953,21453500
2018-05-04,25.125373327234712,25.54869496429616,25.10669814096621,25.36816024780273,14487500
2018-05-07,25.15650380855768,25.330811910125867,24.90126592778864,24.963518142700195,13946300
2018-05-08,25.013315020147143,25.11914423170465,24.602444338933097,24.9697380065918,19011400
2018-05-09,24.80165911891265,25.224980798258347,24.695827511691427,25.2000789642334,21032300
2018-05-10,25.61718046066441,26.13388053790864,25.573603431551167,26.05917739868164,26150500
2018-05-11,25.959571792044883,26.108978066876407,25.424194161897088,25.486446380615234,23671500
2018-05-14,25.642081162666223,25.75413706430515,25.106705868443683,25.30591583251953,18389900
2018-05-15,24.63980427622836,25.10047637538431,24.43436768825921,24.988420486450195,25638200
2018-05-16,25.200076430109096,25.37438450121608,25.106698124060085,25.262331008911133,19449900
2018-05-17,24.95107056698607,24.97597002905428,24.191581166813755,24.32853889465332,33272500
2018-05-18,23.687327454058835,23.92389013247725,23.41963866987292,23.842960357666016,37339700
2018-05-21,24.30363716989382,24.35343846902977,23.70600733164312,23.89899063110352,20987700
2018-05-22,24.123102377001203,24.71450794248811,23.998595567198187,24.509071350097656,26682300
2018-05-23,24.23515163415644,24.32853230963892,23.923885882240505,24.054616928100582,27741300
2018-05-24,23.612625628411728,23.76825854060808,23.36361201898966,23.74335670471192,31182400
2018-05-25,23.699780123395023,23.74958379612064,23.102150299306647,23.18930435180664,33143600
2018-05-29,22.18080428545344,22.47339255839109,21.82596142004083,21.99404525756836,55972500
2018-05-30,22.07496970364223,22.348885124238635,21.689000781165863,22.21192741394043,38041400
2018-05-31,22.28662977109837,22.41113656027602,22.112321691111344,22.17457389831543,21493500
2018-06-01,22.485843329611583,22.68505327468689,21.7014544677238,22.29286003112793,50283200
2018-06-04,22.64147368735151,22.772207128524503,22.442263764802647,22.67259979248047,34403800
2018-06-05,22.485843710693302,22.61657716886511,21.70767910743925,21.769933700561523,51308700
2018-06-06,21.6142981569596,21.825958998349904,21.34038273000178,21.464889526367188,42168600
2018-06-07,20.99799102962297,21.022892864097297,19.47278928961513,20.363008499145508,118712100
2018-06-08,21.103822882205147,21.558270680140662,20.31320743929717,21.25322914123535,96224400
2018-06-11,21.38395486472381,21.57694047371741,20.9419580946862,21.041563034057617,31861300
2018-06-12,21.134949241202,21.520918185547007,21.0602461107929,21.26568031311035,29406200
2018-06-13,21.309251753887512,21.32792693790432,20.643143276571934,21.041563034057617,42152600
2018-06-14,21.17852611927396,21.203427954162013,20.32565845990044,20.34433364868164,38659500
2018-06-15,20.40658565531828,20.636924063555128,20.13267259862133,20.56844520568848,53376900
2018-06-18,20.18870006629964,20.46261311658085,20.033067165618807,20.275854110717773,22095000
2018-06-19,20.036007969793808,20.96629717748696,19.9853800760262,20.70682907104492,36012200
2018-06-20,21.11817818832411,21.124508032553656,20.554942758306257,20.592914581298828,22324200
2018-06-21,20.605572737152954,20.67518412775835,20.14992049826186,20.175233840942383,26734600
2018-06-22,20.428369794590232,20.466341612685785,20.09296051752725,20.276487350463867,29151700
2018-06-25,20.46634494260456,20.54861602146665,20.010693914898173,20.45368766784668,33550800
2018-06-26,20.52329875576661,20.554940731409467,20.13726037619105,20.34610176086425,19352900
2018-06-27,20.25117541897681,20.40938772693757,19.60566891280154,19.61832618713379,33517600
2018-06-28,19.991708129391863,20.27016093344412,19.8208385402706,20.18156242370605,32789800
2018-06-29,20.346104213619142,20.51697138551444,20.175233420531413,20.28281784057617,17841000
2018-07-02,20.02334712600817,20.18788805319434,19.94740590242316,20.16890335083008,11488000
2018-07-03,20.42204425083024,20.757453558860867,20.31445863002364,20.599241256713867,15800000
2018-07-05,20.668853526097656,20.694168071958256,20.30180226763084,20.43470001220703,19633400
2018-07-06,20.358759066343044,21.016922860969444,20.27649040261096,20.99793815612793,25217300
2018-07-09,21.137166716176534,21.276391914842147,20.839726784890573,21.225765228271484,16797700
2018-07-10,21.26373362652085,21.346004704172667,21.073879336202108,21.320690155029297,16051100
2018-07-11,21.092865462060423,21.200448669662265,20.68783993722011,20.71948432922364,22573600
2018-07-12,21.04223672022852,21.263732983211217,20.928323666657924,21.13716506958008,25966500
2018-07-13,21.187791459870468,21.580157297795427,21.029579155886253,21.54851531982422,22725200
2018-07-16,21.54218633680344,21.599142858696617,21.30803040561592,21.44725799560547,12266200
2018-07-17,21.491556014305925,22.08010590213986,21.40928736504628,22.03580665588379,23063500
2018-07-18,22.023153321245097,22.080109850062136,21.751027951800165,21.76368522644043,17691300
2018-07-19,21.308033588245355,21.8396270672727,21.12450913618048,21.83329963684082,28941700
2018-07-20,22.605372550867457,22.75725499589879,22.415515873386383,22.561073303222656,43896400
2018-07-23,22.41551848976965,22.43450560821073,22.231994048446115,22.35856437683105,15164400
2018-07-24,22.77624736133405,23.054700184151425,22.7256182585699,22.934459686279297,20374200
2018-07-25,23.219238684137284,23.54832059192144,23.162282153672173,23.51035118103028,24489400
2018-07-26,23.377451762537188,23.44706557027794,22.82687355951339,22.85218811035156,22107700
2018-07-27,23.21923996824032,23.36479501767232,23.054700212312817,23.24455451965332,19456100
2018-07-30,23.421746839207163,23.4280766828512,23.11165209623375,23.26353454589844,15333900
2018-07-31,22.9344585456701,23.04204176250071,22.74460183387524,22.84585762023925,21298000
2018-08-01,22.84585459225856,23.08633795829768,22.73827138968699,22.776243209838867,20540100
2018-08-02,22.60537524407805,23.016725794663607,22.51044689402773,22.92812728881836,25790900
2018-08-03,23.225564146263828,23.826771317925,23.17493505579101,23.763484954833984,31687800
2018-08-06,23.62426490415724,23.776147380235948,23.43440818786621,23.43440818786621,22201100
2018-08-07,23.68754539823632,23.80778587536902,22.97875498069181,23.01039695739746,34005100
2018-08-08,23.29518251933056,23.35213905024837,22.649675973638164,22.71928977966309,24354300
2018-08-09,22.637016075860263,22.68131532653856,22.206678428589896,22.402862548828125,24906500
2018-08-10,21.77001340963556,21.79532554285632,21.34600319099041,21.415616989135746,41254000
2018-08-13,21.149820485622044,21.58015816283952,21.054894547903302,21.52953147888184,32845600
2018-08-14,21.82696972629292,22.02948127489953,21.611800904132373,21.959867477416992,28243000
2018-08-15,21.56750015403752,21.668755921299898,21.200446488881457,21.390300750732425,32750400
2018-08-16,21.66875510363435,21.713054349257025,21.04856083666128,21.28271675109864,25924000
2018-08-17,21.023254570712623,21.143495068924867,20.808085711613312,21.06122398376465,28793600
2018-08-20,20.940979758164133,20.99793628173269,20.73846821083769,20.93465232849121,21623500
2018-08-21,20.738467269839965,20.858707741194163,20.219531151596428,20.23851585388184,30796500
2018-08-22,20.02967689494629,20.656197456733537,20.00436355467476,20.6372127532959,38464500
2018-08-23,20.599242575632307,20.6941709286498,19.92842270955603,19.953737258911133,42235900
2018-08-24,20.40305996504525,20.422044669170784,19.94740775300696,20.2321891784668,25990600
2018-08-27,20.460018942874004,20.83339771076115,20.441031822345423,20.76378631591797,29325300
2018-08-28,20.58025557223361,20.67518150052127,20.2575011393227,20.371414184570312,30059500
2018-08-29,20.54228697482179,20.814412357363995,20.41571663645567,20.757455825805664,26962200
2018-08-30,20.49165736959496,20.5043146430418,19.85247954529775,20.017019271850582,42548300
2018-08-31,20.137263528699894,20.63088518556372,20.01702182971791,20.53595924377441,36310000
2018-09-04,19.776536789528016,19.90943453736292,19.54238206283184,19.59300994873047,38674400
2018-09-05,19.542381391288824,19.972719010171325,19.422140920826457,19.732236862182617,33280400
2018-09-06,19.934748229987665,20.32078659784472,19.700593513320936,20.276487350463867,34053600
2018-09-07,20.63088345159708,20.81441030341121,20.32711611797101,20.57392692565918,29507200
2018-09-10,20.497989324620026,20.56127570582605,20.16890859179877,20.33977699279785,27575200
2018-09-11,19.70059605616517,19.79552440659292,19.491755857939538,19.61832618713379,40350400
2018-09-12,19.94108172016509,20.010695529887567,19.67528496411885,19.776540756225582,34164500
2018-09-13,19.68793979590257,19.83349482810425,19.396828524435108,19.44112777709961,35991300
2018-09-14,19.757551193237305,19.896778786966216,19.4284705332054,19.757551193237305,37785100
2018-09-17,19.78919392054025,20.37774384429683,19.7828652839654,20.33344459533692,38350100
2018-09-18,20.33977140031724,20.70049522455941,20.28281487995648,20.58658218383789,30171400
2018-09-19,20.52962566347713,20.93465114944695,20.44102716827771,20.58658218383789,31667900
2018-09-20,20.884020711595475,20.985276473025976,20.586580856212468,20.865036010742188,28576200
2018-09-21,20.92832510835908,21.57383165168373,20.87769842224472,21.364990234375,34874000
2018-09-24,21.28272265957058,21.37132117541249,20.700500047550392,20.751129150390625,36579000
2018-09-25,20.390406261125367,21.023255593484283,20.377748984782755,20.96629905700684,24865600
2018-09-26,21.16880550543832,21.5611713201856,21.04223518690202,21.29537582397461,33100000
2018-09-27,21.47889902881111,21.95353588571809,21.45358689784661,21.73836708068848,31156300
2018-09-28,21.434601077787057,21.78899748812193,21.27638878258671,21.34600257873535,27047700
2018-10-01,21.320691952266635,21.46624700091824,21.118180370305407,21.33334922790528,17510800
2018-10-02,22.1687071768966,22.719287730826604,22.0737812433463,22.5357608795166,53247700
2018-10-03,23.940686565259707,23.972328542659405,22.97875548471456,23.35213661193848,88000200
2018-10-04,23.16227649335291,23.30783391329275,22.62435571473753,23.10531997680664,41792800
2018-10-05,23.314167503504365,23.40276601618441,22.94711376339741,23.200254440307617,45405600
2018-10-08,24.94691786152456,25.022861514522944,24.358370242622065,24.76339340209961,84516900
2018-10-09,24.80769240796587,25.263342250697843,24.5861937101572,25.04817581176757,43459100
2018-10-10,24.62415984843199,24.63681712087984,24.07358177465386,24.124208450317383,39068000
2018-10-11,24.352038986941967,24.541893280181565,23.62426379383546,23.73817443847656,43813700
2018-10-12,24.30774057516145,24.453295618829674,24.04194503823558,24.434310913085938,36656400
2018-10-15,24.263434847669338,24.58618682987313,24.14952181533205,24.1811637878418,31467100
2018-10-16,24.782371687787784,24.97855578601449,24.57986016051472,24.965898513793945,26889200
2018-10-17,24.83299996323146,25.45951922579508,24.7317442029117,25.24435043334961,28501000
2018-10-18,25.08614108849416,25.092470932200698,24.39000795671272,24.421649932861328,35402700
2018-10-19,24.75073278118812,24.946914489596065,24.440635608679884,24.649477005004883,33204400
2018-10-22,25.11778712042824,25.34561324809028,24.991219195396816,25.17474365234375,23374300
2018-10-23,24.693777570782547,25.1557572250952,24.459624028542603,25.0355167388916,30560700
2018-10-24,25.17474039965689,25.193727517261127,24.00397034548589,24.010297775268555,37306500
2018-10-25,24.3963372830881,25.02918651177588,24.24445482011484,24.68111991882324,37577300
2018-10-26,24.84566083347462,25.453197956542866,24.554550753873624,25.339284896850582,49430200
2018-10-29,26.06706067156756,26.19363100892421,24.13054344228585,24.44696807861328,74208200
2018-10-30,24.63049412285611,25.56078338623047,24.529238329260355,25.56078338623047,50214700
2018-10-31,25.54811875247241,25.586090569433235,24.9975406842436,25.40889358520508,30450200
2018-11-01,25.77594875217438,26.161987167296683,25.427882159796773,25.97846031188965,31287100
2018-11-02,26.389817482788683,26.61131378212494,25.896193364922933,26.33286094665528,27696700
2018-11-05,26.17464270336893,26.30121302331789,25.94681661028641,26.09870147705078,26228400
2018-11-06,25.78860137278328,25.940486222225708,25.465849387143805,25.6746883392334,20868800
2018-11-07,25.649376270012294,25.649376270012294,25.143097413236944,25.548120498657227,24031500
2018-11-08,25.36459882933532,25.573437824270123,24.687447918030603,24.81401824951172,27677600
2018-11-09,24.94691445636213,25.06082750618253,24.339379800072063,24.97222900390625,28157700
2018-11-12,24.87097326099067,24.921602356146355,24.51024940745488,24.649477005004883,18621300
2018-11-13,24.244454582930896,24.44063629686279,23.947014675836467,24.250782012939453,34308600
2018-11-14,24.592518038547457,24.674789102943752,24.14952315642695,24.6304874420166,29037700
2018-11-15,24.693778091562866,25.43421055728628,24.693778091562866,25.231698989868164,32587300
2018-11-16,25.14309614477832,25.70633149540891,25.04184037853156,25.617733001708984,34930100
2018-11-19,25.31396984964969,25.44686761196957,25.00387265677504,25.25701332092285,23061800
2018-11-20,24.95324227117858,25.01652622076466,24.364692366341902,24.402664184570312,26755100
2018-11-21,24.92792957076897,24.99121593916721,24.782374544645183,24.93425941467285,18089800
2018-11-23,24.592523948422823,24.630493361016462,24.38368252264389,24.491268157958984,9435500
2018-11-26,24.2254737750263,24.377358690205664,23.52934041459888,23.68122291564941,36574900
2018-11-27,23.96599692605288,24.7127591252663,23.89005570308499,24.700101852416992,30179100
2018-11-28,24.87729912684932,25.269664895050592,24.32671866865053,25.193723678588867,27656400
2018-11-29,25.28232523810349,25.332951917185497,25.02285717072208,25.20005416870117,18644800
2018-11-30,25.187397003173825,25.37725127526781,25.00387016069416,25.187397003173828,20153500
2018-12-03,25.74430708632322,25.79493376980287,25.219041062218405,25.307641983032227,23197200
2018-12-04,25.44053895533068,25.56077943723399,24.68744684356524,24.85831642150879,27673800
2018-12-06,24.111550119907896,25.048168926928977,24.02928147379845,24.95956802368164,33901700
2018-12-07,25.03551721046588,25.32029744179268,24.440637370153365,24.465951919555664,32676700
2018-12-10,24.105227500871024,24.21281071223208,23.712861650424475,23.814117431640625,31767600
2018-12-11,24.30141278463639,24.30141278463639,23.731847479477583,24.07991409301757,25738200
2018-12-12,24.70643443875928,25.18739878978876,24.45962362611729,24.484935760498047,40400100
2018-12-13,24.503924021955296,24.643149216992544,24.30773988305183,24.57353782653809,26322000
2018-12-14,24.263436117536497,24.617832504925715,24.149523079237387,24.25710868835449,25352500
2018-12-17,24.282427027012577,24.453296628144056,23.883733705167632,23.94701766967773,31486000
2018-12-18,24.20019721984864,24.35442154208772,24.05240023883041,24.20019721984864,21913600
2018-12-19,24.47008647942519,24.752828179233006,23.51904109096436,23.705394744873047,40627600
2018-12-20,24.32228986849802,24.386551024487662,23.859621801934832,24.13593864440918,37896000
2018-12-21,24.19377460925744,24.38012584990742,23.756808514944247,23.86604881286621,26578700
2018-12-24,23.756805467864137,23.981713376687463,23.47406129527212,23.53832244873047,10079200
2018-12-26,23.39052496551117,24.007417317459595,23.281282232657134,23.968860626220703,23611100
2018-12-27,23.596154142727777,24.29015737858393,23.55117256500155,24.258028030395508,16442500
2018-12-28,24.41867813132736,24.694994948392093,24.30301051249504,24.4700870513916,32681400
2018-12-31,24.707848455805568,24.74640269653478,24.380122701733143,24.54719924926757,10646500
2019-01-02,25.02272007429568,26.20509835828688,24.9713136017634,26.115135192871094,41926700
2019-01-03,26.34647191813977,26.372176381496867,25.97376455339948,26.28221321105957,24851700
2019-01-04,26.269361450007533,27.05332798594376,26.12156446002519,26.873401641845703,40899800
2019-01-07,26.95693187325962,26.98263632940092,26.4878365795842,26.603504180908203,26407700
2019-01-08,26.725604493111643,26.96979199530322,26.539250808509845,26.9248104095459,23524800
2019-01-09,27.40033193754534,27.650944341034293,27.38105481460394,27.6059627532959,38010000
2019-01-10,27.483863621117543,27.72162373510029,27.16256524226601,27.567401885986328,31156900
2019-01-11,27.291090040580777,27.52885019774469,27.1882746387278,27.490293502807617,13875400
2019-01-14,27.368198289506097,27.850145897949165,27.3167893679756,27.618810653686523,21208100
2019-01-15,27.61238513434385,27.71520052374744,27.21397335550672,27.464588165283203,19891000
2019-01-16,27.393903245209632,27.573829571192583,27.284660510639736,27.41960525512696,18320200
2019-01-17,27.16899888084064,27.83730031238826,27.14972175632136,27.64452171325684,22797600
2019-01-18,27.96581604375301,28.04935432312252,27.58668379284524,27.76018524169922,29408800
2019-01-22,27.6573676237206,27.77946013661821,26.97621411444681,27.08545684814453,30949600
2019-01-23,27.55455524094325,27.850149221077505,27.29751550524493,27.81801986694336,28834000
2019-01-24,27.875851207394792,28.24213120485793,27.77303581251588,28.049352645874023,30082100
2019-01-25,28.383500128741744,28.614835374244308,27.97223855954266,28.158592224121094,21799300
2019-01-28,27.348922766422213,27.76018435742951,27.284661610757045,27.548126220703125,30253600
2019-01-29,28.1650206492375,28.203574890763896,27.88227647104444,27.914405822753903,21493000
2019-01-30,28.357796020924056,28.75620533019285,27.965811600749472,28.659814834594727,32022600
2019-01-31,29.11605925919711,29.37952382533481,28.98753942054925,29.154613494873047,27113800
2019-02-01,28.961842447974163,29.238159314524133,28.79476833046874,29.173900604248047,20050200
2019-02-04,28.74978199696788,29.27028383769209,28.685520845987423,29.21245002746582,18766100
2019-02-05,29.03252456131353,29.23173045824402,28.833318664383043,29.051801681518555,17413600
2019-02-06,28.26783712935796,28.415634113938346,27.734480555543424,27.84372329711914,42121900
2019-02-07,27.888703929379048,27.97223975391224,27.34249514277303,27.663793563842773,38518400
2019-02-08,27.8308734327009,27.888707253439176,27.09831088624518,27.67664909362793,30687300
2019-02-11,27.62523822767624,27.644515347756712,27.021195651156592,27.303939819335938,27476000
2019-02-12,27.76661218055018,28.34495038606898,27.695926127507583,28.081485748291016,36852600
2019-02-13,28.004374894915724,28.094338071328,27.554556561541663,27.67664909362793,24779900
2019-02-14,27.3296443181294,28.601985836881543,27.291090074457006,28.43491172790528,41495100
2019-02-15,28.595560138722817,28.659818843902823,28.229280126309344,28.56343078613281,27715900
2019-02-19,28.35779901426,28.679097431752552,28.35137167317521,28.370651245117188,22515000
2019-02-20,28.35780544874188,28.672676596594965,28.049359192119017,28.12004280090332,32090900
2019-02-21,27.90155388670846,28.017221515134985,27.605959925757304,27.985092163085938,31578200
2019-02-22,28.25498361871488,28.50559599214909,28.165020454026948,28.370651245117188,21582500
2019-02-25,28.621262587848715,28.64696704863743,28.19714879008413,28.222850799560547,22945400
2019-02-26,28.338523864746097,28.428489494786195,28.165024849379268,28.338523864746094,15693800
2019-02-27,28.248555342308347,28.50559504831665,28.11361059974453,28.3770751953125,17233200
2019-02-28,28.13931248612501,28.16501694463659,27.61880823217,27.63166046142578,30507000
2019-03-01,27.37462512058044,27.52242455480711,27.111160507331217,27.21397590637207,30186900
2019-03-04,27.220406545388016,27.27824036756201,26.89268073596446,27.226831436157227,18768700
2019-03-05,27.213975848651007,27.59953543272079,27.08545843860688,27.43245887756348,15167500
2019-03-06,27.432461748661083,27.50314780237088,26.56495688350732,26.66777229309082,34452700
2019-03-07,26.770583401482945,26.7898605216474,26.17939550419129,26.46213722229004,34958500
2019-03-08,26.44928099214356,26.81556092775414,26.35931784323036,26.77700424194336,35364800
2019-03-11,27.16257204890588,27.71520579122435,27.16257204890588,27.67664909362793,32570500
2019-03-12,27.74090605324392,27.97224132158908,27.676647345953626,27.81159210205078,20364100
2019-03-13,27.708782052890164,28.306397461135973,27.59954173912909,28.113618850708008,28651500
2019-03-14,27.985090295738235,28.017219645643408,27.496717803767744,27.7666072845459,24990200
2019-03-15,27.92725719433565,28.23570337361748,27.90155273323408,28.07505416870117,26606100
2019-03-18,28.113612559855948,28.61483732507453,28.081483207192896,28.53130149841309,24192200
2019-03-19,28.614839851542893,28.9168611861292,28.428488609118823,28.49917221069336,24377000
2019-03-20,28.370652953571287,28.80761902377984,28.10076099194246,28.28068733215332,32752900
2019-03-21,28.11360802761344,28.16501694463659,27.04047262353205,27.63166046142578,65808200
2019-03-22,26.59065776159768,26.80914078390291,25.93520869468198,25.98019027709961,77966800
2019-03-25,26.076581921912297,26.52639776573409,26.03159788621761,26.30791473388672,38969800
2019-03-26,26.616357017403352,26.82841512797888,26.269356624853067,26.744876861572266,36051200
2019-03-27,25.93521103770188,26.05730356510653,25.2090758610121,25.2412052154541,77111600
2019-03-28,25.215501932008163,26.314341977214227,25.18979746922484,26.140840530395508,63285400
2019-03-29,26.40430463335417,26.7705846413164,26.24365542104399,26.34004592895508,37980900
2019-04-01,26.88625057272222,27.11758581605267,26.75130583121689,26.860546112060547,32593700
2019-04-02,27.02762796088668,27.059757317364987,26.53925291769041,26.84127426147461,28810700
2019-04-03,27.12401116193445,27.23967878554584,26.35289448829604,26.46213722229004,31307800
2019-04-04,26.391453561063862,27.13044095066471,26.33361974404021,27.053327560424805,32380900
2019-04-05,26.982647882178952,27.37462997525989,26.91196182318165,27.175426483154297,25001000
2019-04-08,27.246106241837506,27.47743903872741,27.08545703628731,27.40675544738769,25163600
2019-04-09,27.16256644488514,27.20112313452677,26.777006902405446,27.04047393798828,25172800
2019-04-10,27.18184859327112,27.35535005179162,26.98907001201923,27.14971923828125,18535300
2019-04-11,26.96336969432017,27.03405575695661,26.430015455785902,26.64849853515625,27271400
2019-04-12,26.32719479403964,26.635641000360955,25.729579503256915,25.90950584411621,54610300
2019-04-15,26.269356193153502,26.307910429852097,25.95448270267977,26.102279663085938,22905100
2019-04-16,25.980195386743564,26.53282916663478,25.95449091993168,26.211530685424805,26447600
2019-04-17,26.37860269377628,26.39788226798976,25.3890028629906,25.73600578308105,41485600
2019-04-18,25.825968301448103,26.39788159652208,25.63318972340567,25.99946975708008,37319100
2019-04-22,25.99946585153632,26.217948860848058,25.813112191853183,26.01874542236328,20155800
2019-04-23,26.192248194552928,26.60993715416371,26.070155667754246,26.43643569946289,29271700
2019-04-24,26.24365493389253,26.24365493389253,25.549649172965147,25.761707305908203,33678700
2019-04-25,25.813115050170264,26.43000990738556,25.63961605270153,26.39788055419922,29817800
2019-04-26,26.41072772375421,26.635638076451496,26.282210323712647,26.507118225097656,49112600
2019-04-29,26.712751449243434,26.789862386581536,26.410730138643167,26.4942684173584,16698800
2019-04-30,26.55210246063491,26.66777009328912,26.217951794224145,26.59708404541016,27081900
2019-05-01,26.642066715128013,26.80271593909957,26.11513745660632,26.15369415283203,26663200
2019-05-02,26.121564865112305,26.26293451567628,26.02517434995778,26.121564865112305,22873800
2019-05-03,26.38502725519165,26.53282423491934,26.3014889792369,26.468563079833984,19024700
2019-05-06,25.851672765537128,26.083008039713093,25.838820533492616,25.99946975708008,19949000
2019-05-07,25.562503743156032,25.780986785888672,25.125537657690742,25.780986785888672,31458800
2019-05-08,26.33361301302845,26.558523333437744,26.27577921078743,26.288631439208984,26309200
2019-05-09,25.81311488276225,26.09585907211837,25.53680048610172,25.89022827148437,24627900
2019-05-10,25.92235865950316,26.02517406392542,25.35044781919728,25.8645248413086,25853800
2019-05-13,25.11911097403525,25.26048306550861,24.88777571573793,24.95846176147461,37158900
2019-05-14,25.06127502899444,25.2476286880378,24.90062583009063,25.0419979095459,25370700
2019-05-15,24.386556306758187,24.9905965960248,24.33514737083099,24.7014274597168,21082100
2019-05-16,24.46365506541104,24.65000868828955,24.07809804339018,24.19376564025879,33156700
2019-05-17,23.943156116952988,24.270881863539746,23.583303471367284,23.76965713500977,32718500
2019-05-20,23.85320031783215,24.367277435418675,23.71183064256652,24.23875999450684,31498400
2019-05-21,24.37370088839584,25.31189178467728,24.251608358489403,25.22835350036621,35850700
2019-05-22,25.511100871460943,25.62034118260915,25.22193173707897,25.29261779785156,21035300
2019-05-23,25.02272340274498,25.427560152278623,24.874926404000608,25.11911392211914,22949400
2019-05-24,25.382578330652738,25.382578330652738,25.10626145904948,25.202651977539062,20977300
2019-05-28,25.607483663139853,26.063729292686936,25.41470509711377,25.8838005065918,46951700
2019-05-29,26.05730286077952,26.404305762523947,25.922358104983097,26.295063018798828,33616700
2019-05-30,26.40430313184355,26.82199204062265,26.40430313184355,26.577804565429688,34993100
2019-05-31,26.577804584768188,27.124010895434623,26.53282300395153,26.764158248901367,38996200
2019-06-03,27.02119937433208,27.16257147790101,26.77701186398009,26.96336555480957,27706800
2019-06-04,27.143288148250846,27.36177114411793,27.02119319533824,27.34891891479492,25510400
2019-06-05,27.36820340048245,27.37462829121745,26.571382127140502,26.706329345703125,27843000
2019-06-06,27.10473529601717,27.278236739462866,26.83484334466417,27.13043975830078,18125700
2019-06-07,27.213978835516944,27.625242927258768,27.15614501412456,27.3746280670166,23061400
2019-06-10,27.23967615584916,27.368195997600417,26.969786694352408,27.16256523132324,23477300
2019-06-11,27.48386443434754,27.87584886035492,27.393901277817097,27.856569290161133,31285600
2019-06-12,27.77303769638772,28.06220432882185,27.432459686058287,27.490293502807617,35745700
2019-06-13,27.82444109490012,28.05577633631697,27.644514774381346,27.7666072845459,26641700
2019-06-14,27.496728904394622,27.59954433638586,26.98907663648836,27.14330101013184,36764300
2019-06-17,27.27409602137789,27.44980631576285,27.00727723713113,27.143939971923828,18242700
2019-06-18,27.57995811503009,27.93137616712486,27.55392641264684,27.859792709350582,25231500
2019-06-19,27.788209060014964,28.269783181208883,27.592976241084457,28.178674697875977,23033900
2019-06-20,28.848977590825523,29.04421041080618,28.51707956259041,28.751359939575195,49358300
2019-06-21,28.57565046479209,28.95310274561088,28.562634612089365,28.87500762939453,33690000
2019-06-24,28.783899754195104,29.04421184873693,28.6797754128824,28.88151741027832,18547100
2019-06-25,28.73834973156769,28.809935692208366,28.048524317463563,28.113603591918945,36632000
2019-06-26,28.46502281768912,28.50406789790953,28.133124740693447,28.34137344360352,35440200
2019-06-27,28.10058428823137,28.55612922342788,27.78170208883777,28.43247985839844,32637300
2019-06-28,28.64072905617112,28.69929915577557,28.39343528674809,28.45200538635254,21892200
2019-07-01,28.99865854106668,29.07024201098332,28.4650209642905,28.556129455566406,24213000
2019-07-02,28.497560339728835,28.764379137322493,28.07455377847339,28.295818328857425,28271200
2019-07-03,28.26978564581905,28.679776339080817,28.185186322502965,28.556129455566406,17381700
2019-07-05,29.12881517024065,29.51277419704156,28.998661587612915,29.44119071960449,29116200
2019-07-08,29.571346816997032,29.747057147511534,29.48023830840152,29.655948638916016,20252700
2019-07-09,29.45420091356535,30.02037936348785,29.45420091356535,29.948793411254883,24164100
2019-07-10,30.30021757471827,30.710205832600707,30.28720171982225,30.41084861755371,31608700
2019-07-11,30.41734850318836,30.59305628435913,30.117988896982464,30.30671501159668,28972500
2019-07-12,30.45640137710257,30.521480648396,30.059426511033926,30.150537490844727,19890400
2019-07-15,30.176562155378555,30.215609712252217,29.77958734931628,29.86418914794922,17460900
2019-07-16,29.89021992624289,30.07243688763316,29.65593955730117,29.753557205200195,24716600
2019-07-17,29.94879434408707,30.07895039924469,29.799115749537908,29.91625595092773,19833600
2019-07-18,30.02688613537005,30.45639936748446,29.974825204290827,30.371797561645508,21119900
2019-07-19,30.326243228683023,30.3392590820454,29.83165321351369,29.948793411254883,31782300
2019-07-22,30.15052867778828,30.215605447539275,29.942277553041865,30.05941772460937,14274100
2019-07-23,29.994352059040995,30.033399624859143,29.65594726951204,29.74054908752441,17221900
2019-07-24,29.890223737460005,30.137519989821627,29.818637784208992,29.89673042297364,15974500
2019-07-25,29.75355947885788,29.76006616403907,29.174367679447755,29.343568801879883,24889700
2019-07-26,29.55832661430208,29.636421738059926,29.25246273507157,29.57134246826172,19898200
2019-07-29,29.415157582109007,29.6168971149008,29.1548454644495,29.603883743286133,17305800
2019-07-30,29.33706988251256,29.60388873093289,29.23294303188925,29.39563751220703,13609100
2019-07-31,29.55832432602333,29.61689442304732,28.575651012087672,28.95960998535156,29916500
2019-08-01,29.05722720334021,29.47372456144748,28.63422067759499,28.718822479248047,33397400
2019-08-02,28.84247307332828,28.920565717406493,28.30232876821673,28.58216094970703,22958500
2019-08-05,27.703603577369417,27.807727899119968,27.22853620422506,27.423768997192383,38600900
2019-08-06,27.892344376264013,27.989959582898408,27.501876102163564,27.93789863586425,28381000
2019-08-07,27.44329639656361,28.13312170202004,27.313142833193044,28.10708999633789,19560700
2019-08-08,28.393431565889703,28.80992889404297,28.3413681586106,28.80992889404297,27926700
2019-08-09,28.725331243407027,28.946595791230887,28.452005763311803,28.627716064453125,20443800
2019-08-12,27.605995501722084,29.27849687809412,27.469332747560017,27.716629028320312,28072800
2019-08-13,27.586466916398912,28.504063394408305,27.43028165515304,28.26978302001953,25571100
2019-08-14,27.45631572257948,27.573455930447093,26.86410799725785,26.9096622467041,41240400
2019-08-15,27.026803069468528,27.12442073908594,26.356502684491705,26.91617202758789,28339200
2019-08-16,27.13743302948673,27.30663415440989,26.89664595391602,27.104894638061523,29404300
2019-08-19,27.35870148871556,27.41076242595506,26.434595648139503,26.51919746398925,36012400
2019-08-20,26.343486967968047,26.903156314001578,26.193808360950783,26.61030578613281,28224800
2019-08-21,26.9812428518598,27.319647553833228,26.76648750172506,27.313140869140625,29320900
2019-08-22,27.11139908988721,27.287109368132395,26.616809126416264,26.623315811157227,27933500
2019-08-23,26.40856523657552,26.78601508282805,25.58207710385033,25.712230682373047,48837700
2019-08-26,25.80334076345927,25.874924236143475,25.10700871604872,25.30874824523925,29475000
2019-08-27,25.5430284768186,25.796831419894573,25.06145181577476,25.39985656738281,35365200
2019-08-28,25.39334997726871,25.79683151694537,25.263193921157445,25.679691314697266,19637300
2019-08-29,25.848895935396936,26.34348598878668,25.686201479575,26.219839096069336,19795100
2019-08-30,26.584271638527056,26.74696608547648,26.42808635966696,26.675382614135746,18764900
2019-09-03,26.226348495271296,26.564753296293453,25.86191446534023,25.98556137084961,27719100
2019-09-04,26.57126024179184,26.8380790553143,26.4931651140386,26.805538177490234,20068900
2019-09-05,27.31965599430351,27.560443122640223,27.052837154114,27.0788688659668,20749500
2019-09-06,27.430286514896856,27.63202605329104,27.378223096911,27.41727066040039,16202200
2019-09-09,27.57345594931716,27.859799783198568,27.293621283944177,27.41727066040039,19617700
2019-09-10,27.169969343943777,27.527896587300127,26.987752379875808,27.339170455932617,17647900
2019-09-11,27.638534371888817,27.94439825432872,27.586470955503955,27.729642868041992,20085500
2019-09-12,28.055034712617783,28.146143218317714,27.78821588198773,27.97694206237793,16329600
2019-09-13,28.03550918154213,28.0940768010871,27.449808160889173,27.51488494873047,16329800
2019-09-16,27.293619364020337,27.73614845568955,27.228542578636137,27.56043815612793,14697200
2019-09-17,27.31964701705276,27.905347928675752,27.28710862918923,27.892332077026367,17311500
2019-09-18,27.768687947810307,27.892337320464183,27.41726981729382,27.729642868041992,14256800
2019-09-19,27.840272698105547,27.97693791893563,27.2415583307365,27.28060340881348,25822600
2019-09-20,27.25458084745327,27.46282958984376,27.0137912220161,27.46282958984375,25205800
2019-09-23,27.15044778775668,27.274094663194635,27.05283013489721,27.228540420532227,15708100
2019-09-24,27.29361877354346,27.3001279414532,26.929184811243825,27.117908477783203,15920100
2019-09-25,26.89014127975904,27.345686283398983,26.707924271311285,27.306638717651367,14442200
2019-09-26,27.534410078227737,27.56043930395333,27.274097960809105,27.50186920166016,15040000
2019-09-27,27.44980528319656,27.658053961481404,27.254572457619528,27.48234367370605,15712600
2019-09-30,27.41076149189196,27.534410868348168,27.280605429447714,27.41727066040039,21562100
2019-10-01,27.21552675130083,27.33266695112154,27.03330976603316,27.124418258666992,20476000
2019-10-02,26.779508762343763,26.80553798889127,26.395549742413348,26.538719177246094,30159200
2019-10-03,26.571260848603742,26.94220402508137,26.34348711123576,26.812047958374023,28788300
2019-10-04,27.007285677610163,27.4563215819159,26.94871556117716,27.404260635375977,23645900
2019-10-07,27.2415572958832,27.36520417596356,26.590779539106325,26.597286224365234,26483800
2019-10-08,26.733954436095217,26.968232369473665,26.408565521240234,26.408565521240234,29775800
2019-10-09,26.75347698912518,26.942203155634463,26.46062646911429,26.76649284362793,17952200
2019-10-10,26.68189138943937,27.124420518402445,26.57126034845883,26.79252243041992,20853600
2019-10-11,27.16346397118492,27.70360820469871,27.13743226576929,27.48234367370605,37347000
2019-10-14,27.31314630694908,27.436793200884885,27.235051179970288,27.41727066040039,15649600
2019-10-15,27.3717125283242,27.48234355207084,27.2025089263916,27.2025089263916,17852000
2019-10-16,26.92918412926969,27.573452714887864,26.890136570360657,27.56694602966309,29023100
2019-10-17,27.76868803252402,27.86630569728328,27.25457544801694,27.358699798583984,23602000
2019-10-18,27.51488287440804,27.72313155882489,27.42377438529068,27.60599136352539,21746900
2019-10-21,27.469333420876165,27.85980163415085,27.40425662659067,27.85329246520996,22276400
2019-10-22,28.055027897822164,28.673267228137064,28.04851873041296,28.536602020263672,32731600
2019-10-23,28.491051295860604,28.99865966808606,28.452006216665,28.93358039855957,30147500
2019-10-24,29.12881066971734,29.135319837355308,28.63422067759499,28.718822479248047,18791200
2019-10-25,28.92055954315812,29.21340999908129,28.85548276740624,29.07023811340332,26030500
2019-10-28,29.298020055041583,29.49325291986892,29.239449947341328,29.369606018066406,18366000
2019-10-29,29.200391244102143,29.34356311554488,29.01166762017809,29.037696838378903,16062000
2019-10-30,28.84898333380504,29.480236161322267,28.640732137513023,29.467220306396484,24002100
2019-10-31,29.154842860559693,29.180874566504755,28.66025286020407,29.02468681335449,27495700
2019-11-01,29.382616360527347,29.597371726788133,29.11579758273661,29.343568801879883,36244000
2019-11-04,29.62991502381761,29.66245590267195,29.27849686788349,29.298019409179688,16092600
2019-11-05,29.44118427904532,29.603878704259376,29.304519075150367,29.44769096374512,19556200
2019-11-06,28.73184093488432,29.20690843217032,28.49756052909499,28.855487823486328,29910100
2019-11-07,28.91405491822092,29.187380374872387,28.816437265119657,28.9791316986084,23364200
2019-11-08,28.39343673220101,28.595176265815205,27.92487591151193,27.996461868286133,40974000
2019-11-11,27.98995179985172,28.44549675170365,27.96392257483296,28.386926651000977,19863000
2019-11-12,27.89884552837972,27.93789309279876,27.63202671115081,27.846784591674805,40625500
2019-11-13,27.52139728148092,27.729646005542225,27.26759430418874,27.59298324584961,36017800
2019-11-14,27.59297577173443,27.749161031214168,27.43028134497307,27.64503669738769,21983100
2019-11-15,27.89233751730193,28.068047825060336,27.8337674147158,27.996461868286133,19268000
2019-11-18,27.87281772066367,27.885831093612232,27.41727270932561,27.46933364868164,27592900
2019-11-19,27.47583830120025,27.495360839934577,27.215526199648423,27.332666397094727,14172300
2019-11-20,27.30013203128704,27.56695085759435,27.17648264767988,27.306638717651367,17550500
2019-11-21,27.501865098244664,27.8337631225586,27.319648132751503,27.8337631225586,21463200
2019-11-22,28.081063504636287,28.204710394873565,27.89233734386334,28.087570190429688,17604000
2019-11-25,27.95090938097084,28.06154042475936,27.762183207133432,27.794721603393555,19792600
2019-11-26,27.391236539682524,27.44329747056415,27.0072775546648,27.397743225097656,35957800
2019-11-27,27.28711219539908,27.50837673731641,27.0333092613657,27.397743225097656,17854600
2019-11-29,27.729641128989147,27.840272158088304,27.573453372150148,27.638532638549805,12996700
2019-12-02,28.029003143310547,28.12011164947079,27.89234038407018,28.029003143310547,22724300
2019-12-03,28.0420161562396,28.12661796732121,27.86630584823333,28.061538696289062,11465600
2019-12-04,28.37391151650456,28.5300992831778,28.3283572684166,28.380420684814453,16684100
2019-12-05,28.484544622285373,28.8034243542798,28.425974520946763,28.640729904174805,18898500
2019-12-06,28.90103490462141,29.15483778711945,28.816433116282173,29.096267700195312,22502500
2019-12-09,28.933579042010223,29.20039782825832,28.901040650032687,29.01818084716797,19348200
2019-12-10,28.992147609268155,29.02468599952708,28.764376394935653,28.90103912353516,14702500
2019-12-11,29.1873883259918,29.25897429343123,29.024693848182427,29.23294258117676,18237900
2019-12-12,29.389122834318048,29.85768360463691,29.35658444360592,29.805620193481445,32938800
2019-12-13,29.681972657114592,30.078947469545728,29.54530992964421,29.734033584594727,31512800
2019-12-16,30.068196654836925,30.24615428418838,29.962740561251422,30.02865219116211,31379300
2019-12-17,29.90342451050834,30.10774681340897,29.817743153980345,30.00888061523437,22327800
2019-12-18,30.200013368741963,30.4768371488682,30.140694166877147,30.44388008117676,31047500
2019-12-19,30.28570402933103,30.7404830030456,30.28570402933103,30.6811637878418,26323000
2019-12-20,30.562528040263224,30.62843968198207,30.37139056495869,30.483436584472656,29466500
2019-12-23,30.7207100829966,30.806393950659128,30.58229942203757,30.780029296875,25643900
2019-12-24,30.78661857614672,30.8195731355698,30.681162477429822,30.75366401672364,2671200
2019-12-26,30.99752848217429,31.43253517150879,30.99752848217429,31.43253517150879,18172400
2019-12-27,31.3270798724479,31.37321675625023,31.09639545343625,31.182079315185547,19300700
2019-12-30,31.4376749784718,31.50372202792042,31.12065669943036,31.17349433898925,22963000
2019-12-31,31.232936930655747,31.351819105961606,31.06121711324176,31.33860969543457,12361700
2020-01-02,31.543347801658456,32.01887648089666,31.516931501263144,31.972644805908203,32603400
2020-01-03,31.596187864637656,31.880183901026683,31.55655963184936,31.69525718688965,25873100
2020-01-06,31.213117803271555,31.56316084156851,31.160282686951746,31.206514358520508,29152000
2020-01-07,30.896100759082334,31.32539774841872,30.80363741231751,31.186702728271484,16933300
2020-01-08,31.05461011461705,31.411256599729303,30.88289031685019,31.048004150390625,20006400
2020-01-09,30.929125773133784,31.04140197520357,30.691361440000986,30.810243606567383,21390400
2020-01-10,31.0876327206919,31.23953714689389,30.5130372790692,30.559268951416016,21494000
2020-01-13,30.61871243636741,30.92252131261914,30.59889958078845,30.82345199584961,16496300
2020-01-14,30.82345227352452,30.968753267578816,30.651734978272778,30.922521591186523,15596400
2020-01-15,30.612109749271,30.664947395722187,30.209234032550125,30.21583747863769,24454600
2020-01-16,30.44038798513962,30.51964192378752,30.01769695310114,30.301692962646484,21051900
2020-01-17,30.704571872290582,30.93573024862639,30.44699215652553,30.88289260864257,30371300
2020-01-21,30.68475665211404,30.711175472238995,30.149789401489137,30.16299629211425,24647200
2020-01-22,30.552665311620192,30.72438512434785,30.44699254972524,30.7177791595459,17764500
2020-01-23,30.552661717856186,31.1668853614466,30.38754788935203,31.08102798461914,20861500
2020-01-24,30.95554199286705,31.021589040476297,30.57908263952473,30.704570770263672,17432500
2020-01-27,29.746910623159632,29.912024466512733,29.542168550404355,29.55537796020508,33508800
2020-01-28,29.931840415277453,30.288486958448416,29.733704286661663,30.22904586791992,19273700
2020-01-29,30.136577194027065,30.209227682908303,29.68086140720371,29.69407081604004,20125500
2020-01-30,29.060040915414945,29.628033027326268,28.78925427129881,29.59501075744629,33372200
2020-01-31,29.04683223393303,29.14590156550167,28.69679162941594,28.901531219482425,32579400
2020-02-03,29.18552568435282,29.59500988093757,29.17892223834748,29.34403610229492,21865600
2020-02-04,29.733704366452177,29.865795959029693,29.449708324213663,29.535568237304688,24420900
2020-02-05,30.06393256742064,30.143186516455494,29.647844925971835,29.713891983032227,25665500
2020-02-06,30.050726472290112,30.050726472290112,29.0666466287108,29.172319412231445,30893800
2020-02-07,28.96757678916722,29.000599058177617,28.62413964869632,28.650558471679688,26130000
2020-02-10,28.50526253610546,28.551494224832663,28.194847609418755,28.392986297607425,32519100
2020-02-11,28.82226994555478,29.06003426538148,28.762828865598102,29.000593185424805,28919800
2020-02-12,29.08645874954085,29.502543870860748,28.94776370910088,29.1326904296875,23323500
2020-02-13,29.03362138720976,29.12608474840507,28.80246298422148,28.84208869934082,22242500
2020-02-14,29.159109669329485,29.159109669329485,28.782650257360466,28.96757698059082,19206400
2020-02-18,28.59772198445746,28.68358190291353,28.35995760684848,28.61093139648437,20304600
2020-02-19,28.776038274414827,29.01380259424152,28.762828865598102,29.000593185424805,16095500
2020-02-20,28.70999667496695,28.82227288219295,28.280699662713378,28.293909072875977,29010400
2020-02-21,27.9240560480436,28.20805209745418,27.7985704176166,28.042938232421875,28883300
2020-02-24,27.01263249733502,27.05886418341493,26.4314309187674,26.64277648925781,40702800
2020-02-25,26.979600210568613,26.9994155844114,25.93608206106808,26.26630973815918,35755900
2020-02-26,26.424823685908656,26.748447992393963,25.74455532096417,25.889856338500977,60971400
2020-02-27,25.20297722913628,26.09459098539132,24.81330845370865,24.952003479003903,64789800
2020-02-28,24.43024462068324,25.37469345777117,24.166061471657944,25.33506774902344,57037100
2020-03-02,25.51339388113396,26.087989397872448,25.24921070224126,26.01533889770508,58050300
2020-03-03,25.929481276991865,26.6427744113446,25.2029812500217,25.42093276977539,63787600
2020-03-04,25.764365538558653,25.843622005146702,25.16335119050583,25.61246109008789,32017500
2020-03-05,24.87275290985214,24.991635096057003,23.736768694755742,24.212297439575195,54432300
2020-03-06,23.135748463390573,23.61788053236317,22.858358445394163,23.18198013305664,75505100
2020-03-09,20.22975014585318,20.89681031031133,19.674968719482425,19.674968719482425,73650500
2020-03-10,21.02890162729581,21.68935707724928,20.368446177342346,21.669544219970703,47720100
2020-03-11,21.06852434449912,21.21382406063108,18.44651719148124,19.602313995361328,76176800
2020-03-12,16.39910936735722,17.832297796179674,15.626376412467348,16.33966827392578,72411400
2020-03-13,19.417389667987585,19.443808490230737,16.683104551760323,19.219253540039062,61942200
2020-03-16,16.121715452850072,16.9869116333223,14.76117774574037,14.780990600585938,61370300
2020-03-17,16.00283512302811,17.039749969670222,15.32256682119525,16.709522247314453,50296100
2020-03-18,14.629088255633912,15.375403634375,13.460081783621373,14.127141952514648,38725100
2020-03-19,13.796911953536044,15.355586993394905,13.30157043762008,14.662109375,49162100
2020-03-20,15.659396549311202,15.996228946303162,14.556437267407883,14.747968673706056,45808500
2020-03-23,14.074303911164948,14.384718748545223,13.433662640779598,13.750680923461914,50448200
2020-03-24,15.071591040632596,15.652792460059471,14.926291315635188,15.40842342376709,38398900
2020-03-25,15.348986726824048,17.072776103753174,15.22349982045307,16.53780746459961,45768900
2020-03-26,17.05956602415958,17.475652447311255,16.610456069190192,17.290725708007812,42902500
2020-03-27,15.956599382963638,16.557613583933033,15.7056269321147,15.712231636047363,54952700
2020-03-30,16.02264973975116,16.108508395966055,15.593353939239025,15.85093116760254,36712500
2020-03-31,15.837721736409488,16.1151130818888,15.355589549656033,15.560330390930176,25303900
2020-04-01,14.688524880989132,15.058379475120804,14.55643458437276,14.906475067138672,24245700
2020-04-02,15.064986787563443,15.606559994821849,14.89987294341302,15.230100631713867,26836500
2020-04-03,14.92629356381162,15.018756924580428,14.087514832006883,14.391324996948242,28789200
2020-04-06,15.461263312046569,15.897163845718604,15.15084967737676,15.494285583496094,33005300
2020-04-07,16.980310070420316,17.02654301295819,16.121718435933264,16.1745548248291,39329600
2020-04-08,16.154739146347545,17.03974951966621,16.082089905956654,16.94068145751953,25857600
2020-04-09,17.31714084950816,17.614346295666948,16.80859112789688,16.94068145751953,27283300
2020-04-13,16.557617862280793,16.841613906175226,16.227390138630298,16.815195083618164,18622700
2020-04-14,17.198263403307507,17.46905008238572,17.013335392834012,17.039752960205078,20940300
2020-04-15,16.471758504552717,16.874635453582194,16.35287632756349,16.6236629486084,24076400
2020-04-16,16.742546413953402,16.74915111981868,16.194368424323695,16.30004119873047,19866900
2020-04-17,16.762358085332828,16.80859102311725,16.267016517968493,16.66329002380371,23776900
2020-04-20,16.128321781832685,16.669895037271296,16.075485397392793,16.45854949951172,22623300
2020-04-21,15.890556201312414,16.148134657924153,15.751861175206512,15.916975021362305,20317900
2020-04-22,16.260414481039607,16.630269197326754,16.253809775069623,16.484968185424805,21411100
2020-04-23,16.471759657721577,16.59064184303361,15.771675957488242,15.85093116760254,23384500
2020-04-24,15.269728490271913,15.309355459183903,13.968630623761698,14.635690689086914,44240400
2020-04-27,15.17726601629395,15.48107617990161,14.952711061367928,15.256521224975586,20660500
2020-04-28,16.009439603214457,16.32645790987959,15.778279948876593,16.22078514099121,27961500
2020-04-29,16.47836246510379,17.17844482496329,16.458548349928247,17.125608444213867,24234000
2020-04-30,16.524595710547253,16.656686045109375,16.174553867505967,16.29343605041504,23441100
2020-05-01,15.71883755679356,15.903765516888528,15.43484280125586,15.573537826538086,16593600
2020-05-04,15.421632673261396,15.778277907180376,15.296145804049806,15.771673202514648,24726900
2020-05-05,15.883952341187149,16.21418005106396,15.540516480301507,15.6395845413208,21735600
2020-05-06,15.500890553669343,15.573541063758032,15.131035816317606,15.302754402160645,22066900
2020-05-07,15.025360922993457,15.269729984588722,14.655506237610252,14.81401538848877,29147600
2020-05-08,15.124429756627904,15.520703283905425,15.091407487570953,15.467866897583008,22081500
2020-05-11,15.309355113028172,15.40842316292746,14.93950047220214,14.972522735595703,24706400
2020-05-12,15.322567223993312,15.401821173999592,14.576251846407688,14.602670669555664,28110100
2020-05-13,14.833826644468918,14.880059577407238,14.345089833731365,14.543227195739746,28730900
2020-05-14,14.199792774949628,14.9725257344868,13.94882024762216,14.946106910705566,47429500
2020-05-15,14.919688154551531,15.210288894331685,14.596065147402188,14.695133209228516,34955800
2020-05-18,15.415027452045312,15.745255115954222,15.256518324535266,15.659395217895508,31474800
2020-05-19,15.679212442872666,15.890557988162326,15.441448074562391,15.467866897583008,32020600
2020-05-20,15.798094855876853,15.989626286675549,15.599958719227327,15.718839645385742,25495700
2020-05-21,16.14813505918529,16.498175615513695,16.121716238478925,16.37929344177246,30696500
2020-05-22,16.233994517766945,16.432130644084754,16.04246309695556,16.28683090209961,25859300
2020-05-26,17.85871553516622,17.91155191948309,17.495464290733786,17.56151008605957,53136400
2020-05-27,18.089875805157607,18.380476578895248,17.766252760192035,18.36066246032715,37363800
2020-05-28,18.17573488439724,18.25498883556253,17.733229667948045,17.78606605529785,34560900
2020-05-29,17.61434750462554,18.056852721656163,17.310537332175834,17.95778465270996,35863100
2020-06-01,17.9908047166649,18.288010146783066,17.911550775112516,18.16252326965332,26482400
2020-06-02,18.6446567534383,19.22585824559985,18.54558868946404,19.219253540039062,38191800
2020-06-03,20.24295802889932,20.434490702126933,19.89291746843588,20.071239471435547,48952000
2020-06-04,19.998590129856325,20.282584896026613,19.73440695991018,20.031612396240234,33018600
2020-06-05,21.29968765803746,21.444988659134,20.764719111440563,20.804346084594727,45397800
2020-06-08,21.147784981421555,22.02618946841537,21.01569338022552,21.97335433959961,35785200
2020-06-09,21.240248036957805,21.80824015021872,21.17420349704092,21.68275451660156,33089300
2020-06-10,21.847865847357145,21.874282148592,20.87699560286934,20.989273071289062,50420100
2020-06-11,19.81366461245204,20.143892355992904,18.948468277096246,19.344741821289062,53591700
2020-06-12,20.064634766180934,20.434490702126933,19.556085058762942,20.071239471435547,64288400
2020-06-15,19.080141578873,20.10265052798268,19.00662876336077,19.735082626342773,44367400
2020-06-16,20.39002516100036,20.53036887073691,19.52122621491776,19.614789962768555,31623300
2020-06-17,19.73508408152217,20.269728573274023,19.6281551831718,19.90216064453125,24727700
2020-06-18,19.501175851099543,19.94894107287512,19.427661758441584,19.64151954650879,21871200
2020-06-19,19.968989806960515,20.0491871162906,19.60810510170764,19.848695755004883,34489600
2020-06-22,20.283095956381835,20.369975212359964,19.72840179214064,19.821964263916016,18600700
2020-06-23,20.40338706970215,20.730856927852614,20.32318977142173,20.40338706970215,17131500
2020-06-24,20.09596836328618,20.18284888801352,19.22717076417075,19.40761375427246,32746800
2020-06-25,19.701668928951623,19.89547836299272,19.28731974706657,19.821964263916016,23941700
2020-06-26,19.273950833673577,19.354146863528065,18.76603797072116,18.846235275268555,28954300
2020-06-29,19.24053662226444,19.354147455584904,18.866284222518484,19.34746551513672,20036500
2020-06-30,19.133607069670248,19.42097895651076,18.939798923119923,19.22048759460449,38380100
2020-07-01,19.4142956810642,19.935575004977228,19.40093052508667,19.848695755004883,25900800
2020-07-02,20.089287028868373,20.34992735276066,19.66825462057024,19.68830299377441,23777900
2020-07-06,20.39670847060206,20.58383341777716,20.12270299107302,20.316511154174805,19433500
2020-07-07,20.33656071925453,20.490270860864165,19.862062587933487,19.868745803833008,20539400
2020-07-08,20.383340214248264,20.517001971432,20.142749561194723,20.51031875610352,19622700
2020-07-09,20.79769267646408,20.84447391364724,20.182850827714425,20.356609344482425,23832600
2020-07-10,20.222947568372657,20.59719871683301,20.129385099930825,20.57715034484864,14061900
2020-07-13,20.577149235001222,20.697443284498394,19.995722259646573,20.04918670654297,27049900
2020-07-14,19.868746375739583,20.63061643920428,19.78855033202317,20.56378555297852,33143900
2020-07-15,20.864516535967653,20.92466418853683,20.490265466964907,20.73753929138184,24876100
2020-07-16,20.61724680248945,20.78432335473865,20.49695148091916,20.657344818115234,27120100
2020-07-17,20.89793427186155,21.03159474123793,20.784322171810548,20.94471549987793,17078600
2020-07-20,20.951400875464262,21.43926539935004,20.93135122937812,21.39916610717773,23424200
2020-07-21,21.880346900887883,22.161034291331887,21.726634225870345,21.8469295501709,27580400
2020-07-22,22.214499487900635,22.52860167225147,22.10088610679733,22.38825798034668,35150900
2020-07-23,22.18776464921007,22.30805995994044,21.45262635592609,21.506092071533203,30919600
2020-07-24,21.352382808335555,21.800146722031563,21.09174253320641,21.57960700988769,20949900
2020-07-27,21.80014801122855,22.25459644120758,21.626389517124046,22.241230010986328,23522000
2020-07-28,21.933812895481967,22.34816209395267,21.920446463352427,22.114255905151367,15288100
2020-07-29,22.42167059986368,22.5419659096194,22.21449732702875,22.374889373779297,22280300
2020-07-30,22.28801208788382,22.40162547438308,21.91376222502976,22.31474494934082,20272300
2020-07-31,22.154352230504543,22.17440060131712,21.592974903279327,21.74668502807617,29785600
2020-08-03,21.35238029978626,21.44594274542409,21.08505684134777,21.29891586303711,23757800
2020-08-04,20.89125207763892,21.23877160943955,20.597196991138937,21.05832862854004,27371900
2020-08-05,21.512776092782328,21.65980427554212,21.07837858367932,21.32565116882324,20677400
2020-08-06,21.19199052076237,21.49941078311354,21.105111269352307,21.412532806396484,18353500
2020-08-07,20.924667183979533,21.17194104379462,20.65734495356656,20.88456916809082,29174100
2020-08-10,21.09174328833211,21.218721823085065,20.517000823852328,20.831104278564453,19727000
2020-08-11,21.031594452016343,21.20535420703972,20.6773930020816,20.71080780029297,26667300
2020-08-12,20.797691126779355,20.851155575961084,20.169482892874324,20.597198486328125,36319300
2020-08-13,20.96476543160928,21.138523916713893,20.456852581745725,20.5504150390625,33080000
2020-08-14,20.54373141949993,20.757589188977448,20.39002130702457,20.53036499023437,21262800
2020-08-17,20.4702202532349,20.56378399674748,19.67493671888268,19.94894218444824,28300400
2020-08-18,20.49695055411148,20.64397745455322,20.24299476704068,20.51700019836425,25771300
2020-08-19,20.490269899993248,20.537051134403026,19.928892537689894,19.94894218444824,27592600
2020-08-20,19.340780193485063,20.10264879089404,19.22048488343253,19.99571990966797,41305100
2020-08-21,19.77518099099804,19.821962222066823,19.54795677607,19.815279006958008,23898300
2020-08-24,19.98235361590213,20.035818056876536,19.828643507437327,20.002403259277344,13330000
2020-08-25,20.049189749713896,20.2229495471746,19.84201514588094,20.16948509216309,15354300
2020-08-26,20.209575840569062,20.2429919096068,19.307362371633552,19.59473419189453,27605600
2020-08-27,19.928890626315656,19.928890626315656,19.454393837447626,19.7283992767334,26318400
2020-08-28,20.11601688351179,20.643978118896484,20.0892840236478,20.643978118896484,28761300
2020-08-31,20.283094906379908,20.283094906379908,19.91552570471756,19.92889213562012,28129100
2020-09-01,20.450169113019488,20.91798266848667,20.403387884942056,20.75758934020996,22085600
2020-09-02,20.784322873358505,20.811054458258926,20.49695100619476,20.79100608825684,20098000
2020-09-03,20.97813279580546,21.32565235200027,20.530367556971807,20.784324645996094,35693500
2020-09-04,20.89793733565926,21.07838033419921,20.3165103208171,20.84447288513184,29223000
2020-09-08,20.22294647521704,20.61056403384291,20.04918670415124,20.26972770690918,24178600
2020-09-09,20.844472654568456,20.958084770019187,20.68407930476032,20.864521026611328,22228300
2020-09-10,20.857839688783816,21.011551111544406,20.18953336707165,20.19621658325196,28767800
2020-09-11,20.430121636262115,20.55041696390414,19.99572283342713,20.10933494567871,34083400
2020-09-14,20.43012147838588,20.831105475862984,20.28309456501124,20.76427459716797,21087600
2020-09-15,20.791004786105745,20.86451759599744,20.53036452016645,20.664026260375977,16270100
2020-09-16,20.73085730883261,21.004862731395924,20.6239284256222,20.7041244506836,16490500
2020-09-17,20.34992444495916,20.91130175893685,20.323191584915968,20.87120246887207,15258100
2020-09-18,20.63729612440629,20.697443787964453,19.90884349573312,19.915525436401367,34522100
2020-09-21,19.414297309968063,19.70835243592626,19.100193811014982,19.614789962768555,25948100
2020-09-22,19.69498593074034,19.79523289411356,19.24722066492221,19.42098045349121,19961000
2020-09-23,19.26726829128634,19.33409916829317,18.70589096393768,18.75267219543457,26917100
2020-09-24,18.8595997830744,19.52122274278113,18.672474870041903,19.2539005279541,39303800
2020-09-25,18.82618808423477,19.15365801065716,18.725942396504337,19.12692642211914,27633000
2020-09-28,19.39424500139924,19.44770944302482,18.2180260109436,18.351686477661133,36932200
2020-09-29,18.25812454731986,18.645742078899385,18.12446407676757,18.157878875732425,27348000
2020-09-30,18.2915396298608,18.639057854220965,18.2915396298608,18.48534774780273,29440500
2020-10-01,18.36505067859859,18.53881041147352,18.111094930361496,18.49202919006348,24408400
2020-10-02,18.37842165776126,18.72594120957979,18.137831002703354,18.15119743347168,24470600
2020-10-05,18.35837313789362,19.01331426409929,18.26481066616127,18.96653175354004,22328100
2020-10-06,19.187068433555933,19.441025477486825,18.585593169829647,18.692522048950195,38111800
2020-10-07,18.846235174035503,18.946480848161595,18.4719827877485,18.65242576599121,28017800
2020-10-08,18.6591115837994,19.260586987153424,18.612330347660865,19.193756103515625,20823800
2020-10-09,19.294000572061336,19.61478724242095,19.20043683718676,19.35414695739746,24036600
2020-10-12,19.514538175589376,19.634832200047107,19.36751002120877,19.59473419189453,9801900
2020-10-13,19.22717404851742,19.58137559919181,19.00663300339618,19.41429901123047,19420200
2020-10-14,19.53459301251474,19.68830315692166,19.40093251617125,19.47444534301757,18072400
2020-10-15,19.14028927034135,19.5078584472742,19.093508040022765,19.3274154663086,16098100
2020-10-16,19.287319679297266,19.34746734656812,19.09351024593715,19.153657913208008,21329000
2020-10-19,19.30736909870447,19.64820547348728,19.24722142817261,19.30068588256836,19925200
2020-10-20,19.54795505019255,19.89547455701114,19.521222192117506,19.63483428955078,24956700
2020-10-21,19.58136776427944,19.989034883690845,19.53458654231932,19.59473419189453,25783100
2020-10-22,19.70166628979007,20.04918581653633,19.65488506016901,19.942256927490234,17518600
2020-10-23,19.96230822376909,20.00908945726057,19.688301488889127,19.708351135253903,21115400
2020-10-26,19.76849528900977,19.882107382181378,19.41429258095882,19.75512886047364,15308200
2020-10-27,19.6816206617864,19.68830260292641,19.18039094654253,19.193756103515625,19621800
2020-10-28,18.645742078899385,18.70588973679042,18.137829231537783,18.157878875732425,27276500
2020-10-29,17.91060530479149,18.46529938910881,17.750211972847158,18.391786575317383,27450000
2020-10-30,18.1645642803539,18.251443532952266,17.81704472057439,17.950706481933594,26105900
2020-11-02,18.18461045996573,18.291540620977585,17.990802331522406,18.157878875732425,16797000
2020-11-03,18.598961136408867,18.632375935887435,18.15787915488873,18.391786575317383,17717000
2020-11-04,18.645743300654942,19.14028975095843,18.525447976990566,18.97321319580078,24350900
2020-11-05,19.654886845165528,20.0291379908152,19.52790829988165,19.96899032592773,36418100
2020-11-06,19.989036022252503,20.617244134324427,19.8553742878737,20.55709648132324,29220300
2020-11-09,21.62639052480062,21.713271050593995,20.871203753120383,20.99818229675293,40938900
2020-11-10,21.20535863888079,21.613025890663213,21.171943833685848,21.2120418548584,29916600
2020-11-11,21.25881776415853,21.39916271512909,21.091741230670063,21.232086181640625,25120700
2020-11-12,21.07837739486524,21.085059334892968,20.369971930796154,20.543731689453125,21657500
2020-11-13,20.5504163647104,20.97813193968392,20.48358548744754,20.93135070800781,21180600
2020-11-16,21.318968607385525,21.45262908935547,21.098427601176788,21.45262908935547,25744000
2020-11-17,21.45263146812063,22.14767064032816,21.43258309468322,22.047426223754883,40057100
2020-11-18,21.973909503553152,22.147668001206807,21.592975157317188,21.633071899414062,34950200
2020-11-19,21.740000443011844,22.040738750813,21.659804410726835,21.99395751953125,20625400
2020-11-20,21.71327097262343,21.806833438809857,21.43258102467816,21.49941062927246,33855900
2020-11-23,21.753368873231363,21.773419795185465,21.419215733705887,21.619707107543945,21252200
2020-11-24,22.02737122018893,22.39493911163529,21.960541621520782,22.34815788269043,20478800
2020-11-25,22.36821001149949,22.75582629363189,22.35484358116583,22.628849029541016,20509100
2020-11-27,22.568697966775787,22.9162174549242,22.555331538456365,22.742456436157227,11370800
2020-11-30,22.668947760082247,22.775879212133447,22.107572933130275,22.22118377685547,26559700
2020-12-01,22.829340288857743,23.38403567311308,22.80929191813533,23.31720352172852,38587800
2020-12-02,23.06325071237048,23.44418767227819,22.9897391563253,23.31052589416504,26898600
2020-12-03,23.67140328497219,24.105803314625973,23.55111051997334,23.70482063293457,39675500
2020-12-04,23.85853481038841,24.232784697220666,23.825120006119267,24.159273147583008,31452300
2020-12-07,24.346395165090943,24.64713346614333,23.85853194311079,24.17263412475586,37473900
2020-12-08,24.26620021334905,24.546887607218554,23.97882832950021,24.22610092163086,21715600
2020-12-09,24.266199102368297,24.29961390257732,23.597892900644545,23.82511711120605,26470900
2020-12-10,23.99218997041552,25.028063913839965,23.958772625961952,24.98796463012696,36414100
2020-12-11,24.62040287197569,24.947874063121965,24.460008246858195,24.820894241333008,33727500
2020-12-14,24.81146572583374,24.892264753163875,24.30648336314941,24.394014358520508,24447900
2020-12-15,24.663337715212748,24.96632762689309,24.50847677557012,24.925928115844727,19848500
2020-12-16,24.83166838265051,25.32318427276178,24.528678431630336,25.25585174560547,22087400
2020-12-17,25.572305289209744,25.733900767504853,25.29624838049672,25.511707305908203,30095800
2020-12-18,25.444375597524417,25.65309997233474,25.201983681059566,25.383777618408203,39979200
2020-12-21,24.555607935894844,25.006724245291867,24.21895305360826,24.65660285949707,31897100
2020-12-22,24.6296730427742,24.872062406622845,24.427678053524183,24.64313697814941,27447600
2020-12-23,24.804732495897483,24.952861469993824,24.6633380579726,24.683536529541016,14534600
2020-12-24,24.771069034620165,24.90573151307797,24.58927507397309,24.88553047180176,5832700
2020-12-28,24.798002866834267,24.858598287254107,24.42094842833591,24.784536361694336,22646900
2020-12-29,25.141386261074366,25.23564921546865,24.86532936528844,25.06732177734375,18188500
2020-12-30,25.0269240950788,25.30971554738474,24.99325911869008,25.01346015930176,21775300
2020-12-31,25.047127636038088,25.05385960459863,24.78453719813054,24.959596633911133,7458700
2021-01-04,25.37031241399042,25.51170684967441,24.4748091843792,24.62293815612793,23196000
2021-01-05,24.091023922178223,24.932661175674927,24.0842919542784,24.764333724975582,26691000
2021-01-06,24.50847676792521,25.26931496221825,24.34014932465229,24.66333770751953,41032700
2021-01-07,24.91919749805895,25.05385998758819,24.6229420758733,25.02019500732422,26476700
2021-01-08,25.41744259158992,25.57903805872409,24.91919225569297,25.383777618408203,39274000
2021-01-11,24.78453606800743,24.95959549580568,24.447881148918093,24.51521110534668,26048800
2021-01-12,24.71047033970955,25.6531025249587,24.67007082678783,25.63290405273437,39750100
2021-01-13,25.31644990581116,25.383782433419608,24.885532003010283,25.1279239654541,29166900
2021-01-14,25.430912038138977,26.1378868306773,25.343381042956715,25.99649238586425,33748700
2021-01-15,25.215454326696094,25.43764524097761,24.82493338190529,24.83839988708496,34510800
2021-01-19,24.986523885903537,25.05385382988321,24.474807065156213,24.69700050354004,24243000
2021-01-20,24.999992949302115,25.053856396308884,24.51520908387626,24.683536529541016,22458100
2021-01-21,24.67680594219947,24.697004414897734,23.9428981353093,24.22568702697754,30223500
2021-01-22,23.66010529556565,23.80823426931066,23.309983901196613,23.59277534484864,40010300
2021-01-25,23.51871364800893,23.525445616490057,22.939666756647345,23.242656707763672,23439000
2021-01-26,24.09102440790822,24.30648334366968,23.754369499721808,23.82843399047852,33821200
2021-01-27,23.72070437874181,24.010227803504144,23.24265502844983,23.43118095397949,32564900
2021-01-28,23.646640723270995,24.0371616610532,23.51871277906985,23.895767211914062,26868100
2021-01-29,23.33691847639953,23.47831292348643,22.912732566665674,23.02046203613281,35437400
2021-02-01,23.43791432391713,23.64663871151565,23.05412795549143,23.51197624206543,24402400
2021-02-02,24.27955344719373,24.36034990779676,23.814968019661663,24.02369499206543,29478000
2021-02-03,24.340150757173568,24.535408650822458,24.010227818813195,24.25935173034668,25471900
2021-02-04,24.239149911691047,24.299747889209183,23.841897074288312,23.889028549194336,19317200
2021-02-05,24.346882876814487,24.6835377852707,24.23915340884742,24.394014358520508,26797500
2021-02-08,24.29974635911369,24.81146058378888,24.17855041170883,24.420942306518555,22781400
2021-02-09,23.882300492826225,24.427679811322005,23.78803752757872,24.245885848999023,25397700
2021-02-10,24.07755972898429,24.225688721729217,23.81496929164433,24.03716278076172,20744100
2021-02-11,24.41421165997081,24.562340634497225,24.01695878430971,24.21221923828125,25585600
2021-02-12,23.956364369401705,24.434413719998503,23.91596485598826,24.25935173034668,17926300
2021-02-16,24.461346881295626,24.76433424412772,24.18528739062733,24.394014358520508,21403400
2021-02-17,24.26608568280778,24.4478796360834,23.99676073681286,24.313217163085938,21850200
2021-02-18,24.23242251981443,24.31321898226911,23.754370576480603,23.95636558532715,22001100
2021-02-19,23.94963049964884,24.31321842507223,23.835169061167303,24.02369499206543,28313400
2021-02-22,22.225956297874674,23.000263627663312,22.19902585678734,22.535680770874023,51685800
2021-02-23,22.805004165148844,23.249388568570296,22.54914826847848,23.148393630981445,30591100
2021-02-24,23.13492644833536,23.41771534747344,23.047395450208857,23.38405036926269,24699300
2021-02-25,23.357118993972456,23.43791802950087,22.11149673368661,22.23269271850586,44217600
2021-02-26,22.5626122914956,22.5626122914956,21.41798629937687,21.47858428955078,44773900
2021-03-01,21.80850656518384,22.09129804990942,21.43145339261085,21.43818664550781,33791800
2021-03-02,20.98706638350069,21.85563535215741,20.73794119402569,21.619977951049805,62911400
2021-03-03,21.128459040205453,22.22595334947506,20.515747280586325,21.6738395690918,81996800
2021-03-04,22.286552412483424,22.60974336310635,21.566111162352087,21.761371612548828,55539300
2021-03-05,22.15862597091792,22.32022145709828,21.75464110817668,22.212491989135746,35667700
2021-03-08,21.842170274631933,22.02396423956284,20.84567202011944,20.899538040161133,51646900
2021-03-09,20.85240607225361,21.4516527258308,20.6234806152442,21.047666549682617,48254400
2021-03-10,21.424720788311475,21.90277020033764,21.05440085742464,21.768110275268555,48701200
2021-03-11,22.28655508140628,22.75114052326749,22.091297176299403,22.67034149169922,38483700
2021-03-12,22.320221062307056,22.468347472839845,22.185558587617464,22.41448402404785,21540800
2021-03-15,22.11822808142861,22.34715353871848,21.997032100012017,22.24615859985352,22059900
2021-03-16,22.44814900532361,22.508746990523026,22.02396310892775,22.151893615722656,23241400
2021-03-17,21.9970305397873,22.912732303997057,21.93643512185028,22.79153633117676,38953400
2021-03-18,22.69727110195125,23.06085898411977,22.42794874249051,22.508745193481445,35578300
2021-03-19,22.737673178602165,23.242655549131896,22.562611185140224,23.06086158752441,38642800
2021-03-22,22.683808032525835,22.858870032725,22.34042113747865,22.71074104309082,26309800
2021-03-23,22.603010538391583,22.99353146835265,22.25288912243539,22.3606185913086,32195100
2021-03-24,22.39428400476996,22.61647748341329,21.633445739746094,21.633445739746094,33166200
2021-03-25,21.60651233200188,21.997030693902,21.49204961067372,21.835437774658203,42100800
2021-03-26,21.99702939958765,22.145158373906103,21.478581842182525,21.82196998596192,32707100
2021-03-29,21.59978032688767,21.949899174140374,21.45165134410705,21.7950382232666,29926900
2021-03-30,21.8017724406677,22.212491837111724,21.720973413893955,22.07782936096192,40593900
2021-03-31,22.09802896686286,22.60974588878432,22.044165514724053,22.522214889526367,35775400
2021-04-01,22.407747986229623,22.48181247076989,21.936433209105942,21.963363647460938,37703000
2021-04-05,22.56260907178958,22.67707306732764,22.44141567720946,22.609743118286133,22707800
2021-04-06,22.71073867110061,23.101259578085767,22.663607191771096,22.858867645263672,25221400
2021-04-07,23.04066301464276,23.175322924754543,22.63667557888796,22.704008102416992,28119600
2021-04-08,23.000262087157243,23.33691697869553,22.818468137509804,23.121458053588867,25700400
2021-04-09,22.778073109217303,22.885802580827058,22.54241312424563,22.59627914428711,28035400
2021-04-12,22.85213243452409,22.89926391246236,22.42794913307976,22.56934356689453,19094600
2021-04-13,22.41448367339688,22.980064003466804,22.3808186973694,22.65687561035156,22564200
2021-04-14,22.737671682713053,23.24938598772314,22.73093714653741,23.121458053588867,28428100
2021-04-15,23.53891132381068,23.58604280700036,23.26958892965153,23.38405036926269,36858300
2021-04-16,23.22918495721087,23.740899205850425,23.12145550652503,23.606239318847656,34102700
2021-04-19,23.48504638575969,24.01695917215493,23.458113377506685,23.747636795043945,39498000
2021-04-20,23.80823297197801,23.915962428338748,23.47157809979161,23.579307556152344,28893500
2021-04-21,23.464843644869664,23.700503597296,23.242652764066783,23.63317108154297,16611800
2021-04-22,23.949628359405096,23.97656136669032,23.59950697011612,23.835166931152344,32128800
2021-04-23,23.99002990257183,24.14489085487096,23.70723843906717,23.929431915283203,25109700
2021-04-26,24.17855476896524,24.21221974520617,23.895765886373773,24.104490280151367,26787400
2021-04-27,24.057357231833,24.26608418048032,23.788034870985022,23.862096786499023,21147100
2021-04-28,24.212218823942194,24.73066765743952,24.171821881379383,24.66333770751953,30203300
2021-04-29,24.717200760845483,24.717200760845483,24.3199478982974,24.602739334106445,24620100
2021-04-30,24.31994964685501,24.3940141369985,23.889031778899923,23.94289779663086,36290100
2021-05-03,24.01022976963113,24.27282020697109,23.855368808340213,24.03716278076172,23997300
2021-05-04,23.761103572423064,23.976562503978844,23.626441098082434,23.713972091674805,29875300
2021-05-05,24.064093986578364,24.40748086307553,24.00349600031732,24.394014358520508,27266700
2021-05-06,24.643136366963244,24.92592780381583,24.58927292137932,24.919193267822266,31412400
2021-05-07,25.222182743356505,25.59923712987226,25.14138629212916,25.59250259399414,44490500
2021-05-10,25.78103256195522,25.821429505667908,25.451109633621147,25.518442153930664,26093800
2021-05-11,25.08079101095648,25.80796685568488,25.053858001491022,25.79450035095215,30959900
2021-05-12,25.437643448740868,25.572305922576568,24.67007068689233,24.71047019958496,37873400
2021-05-13,24.892264385207973,25.25584972892662,24.616207467093457,24.89899635314941,38010100
2021-05-14,25.282782808966587,25.377045771251176,25.00672589007326,25.24238586425781,24850600
2021-05-17,25.040390249388675,25.57904013797272,25.026923745326773,25.518442153930664,24450300
2021-05-18,25.538641985528027,25.7675674298229,25.397247538059386,25.58577346801757,20415500
2021-05-19,25.269313460315267,25.57230335389264,25.01345761104797,25.24911499023437,33335000
2021-05-20,25.336643926141573,25.397241899957468,25.16831650648325,25.37704086303711,29483600
2021-05-21,25.262583002495564,25.302982513543927,24.79800018356768,24.925928115844727,34158400
2021-05-24,25.100986808062235,25.43764168507368,25.067321834055665,25.370311737060547,22520700
2021-05-25,25.585775408568345,25.60597388303206,24.94613050965947,25.02019500732422,33897200
2021-05-26,25.11445554546303,25.518442974897955,25.10098904096789,25.390512466430664,22506700
2021-05-27,25.55210863819077,25.78776605200239,25.41744615809563,25.720436096191406,23589400
2021-05-28,25.81469427842851,26.252346615525425,25.79449580912249,26.1984806060791,30911600
2021-06-01,27.06705199214744,27.201714453495995,26.92565756354422,27.15458297729492,42652300
2021-06-02,27.02665882184691,27.827899242128176,27.01319231570644,27.76056671142578,49623000
2021-06-03,27.491242427375525,27.57877085863531,27.302713922683363,27.49797439575196,25464600
2021-06-04,27.88175859132912,28.09721752089358,27.659567693922725,28.05681800842285,31203200
2021-06-07,27.881757473742347,28.31267531559876,27.74036303847189,28.17801284790039,26655600
2021-06-08,28.009686178423795,28.2857430890114,27.81442829176892,28.036619186401367,24620600
2021-06-09,27.99622619125485,28.144352619075963,27.82789872036508,27.868295669555664,33848800
2021-06-10,28.009126664316216,28.1390191574326,27.66046388649983,27.95443344116211,38490000
2021-06-11,27.858721642860463,27.87239494802777,27.31180247574953,27.55107879638672,25434000
2021-06-14,27.93392515228108,28.22105675385137,27.763012739560725,27.92025184631348,25121300
2021-06-15,27.87923203629945,28.0569824066497,27.585262476649504,28.02280044555664,13826700
2021-06-16,27.9681019664774,28.24839816744127,27.380162957646856,27.69464111328125,40846200
2021-06-17,27.93392243564781,28.05697956947221,27.44853185662722,27.53056907653809,27397200
2021-06-18,27.810868935806813,27.879232860012795,27.22292979913581,27.43486213684082,39888100
2021-06-21,27.61260651290661,27.968104612528748,27.44853207179868,27.913414001464844,18515700
2021-06-22,27.68781327820313,28.1732039468099,27.52373620018229,28.15953063964844,24400700
2021-06-23,28.22789216734488,28.562879005659862,27.97493994161093,28.09116172790528,21887600
2021-06-24,28.41247770474288,28.72695588809012,28.30992922377842,28.685935974121094,19611300
2021-06-25,28.71328312135924,28.747465079682364,27.804027904049725,28.05698013305664,33494400
2021-06-28,28.159524439404738,28.25523756846057,27.7835177029632,28.145851135253903,21004000
2021-06-29,28.0364698244384,28.10483635132408,27.680974316298244,28.029634475708008,17266300
2021-06-30,27.60577271897236,27.82454039137921,27.40751370087977,27.71515655517578,26360000
2021-07-01,27.851890374206985,27.86556107346059,26.969981621098498,27.1340560913086,37598500
2021-07-02,27.523731120261065,27.633114949447624,27.03834054124048,27.53056907653809,28071600
2021-07-06,26.75804489631881,26.81957346456553,26.19061708508024,26.20429039001465,30584800
2021-07-07,26.4298953991756,26.641827729802102,25.992360039871222,26.484588623046875,29100500
2021-07-08,25.95817446398089,26.27948798177099,25.58216512201999,26.06755828857422,32604300
2021-07-09,26.231637324738124,26.55978885610344,26.047051599360778,26.402549743652344,13848300
2021-07-12,26.375202485557544,26.96997689980365,26.300000613243945,26.92895698547364,20737900
2021-07-13,26.75121018708611,27.113543648799777,26.61447974239081,26.9563045501709,23045600
2021-07-14,27.680973411848875,27.78351928695229,27.35965726577574,27.53740501403809,25963600
2021-07-15,27.46904329344548,27.71515758603646,26.969979359209965,27.22292900085449,23964000
2021-07-16,27.34598827648117,27.45537212527043,26.79906903253488,26.86059761047364,20744300
2021-07-19,26.19745367114454,26.327346162283103,25.67104314192555,25.86246681213379,22432700
2021-07-20,25.57532765934522,26.28632376437383,25.465943843795888,26.094900131225582,20674500
2021-07-21,26.108577458498583,26.546115396053285,25.91032105519861,26.47774887084961,17995000
2021-07-22,26.470919139525044,26.57346503721681,26.19062284650064,26.42989921569824,14172800
2021-07-23,26.58713164395075,26.59396960015681,25.97868393741988,26.22479820251465,20474700
2021-07-26,26.25214478362605,26.758044009858104,26.25214478362605,26.634986877441406,16217100
2021-07-27,26.388872146606445,26.55294918957,26.10857592947732,26.388872146606445,22445800
2021-07-28,26.628157958788687,27.120383999392114,26.43673425774371,27.07936668395996,21437700
2021-07-29,27.16139914019661,27.27078297528352,26.92212281591786,27.106708526611328,10743700
2021-07-30,26.676010342747457,26.908451334048515,25.500132079940165,25.568498611450195,47806500
2021-08-02,26.313673390042474,26.559785047335765,25.93082868772596,25.99235725402832,23672600
2021-08-03,25.568496406237745,26.14276218181054,25.103614463730416,26.06072235107422,26944100
2021-08-04,25.930831581073043,26.094906037575903,25.315545849396155,25.732572555541992,23819000
2021-08-05,26.217965184182543,26.40255091776838,25.39074966575158,25.500133514404297,34968000
2021-08-06,25.71206379028352,25.85562959108746,25.281363779955218,25.684717178344727,20199800
2021-08-09,25.650535473711702,25.89664976778736,25.233508765185352,25.602680206298828,23598400
2021-08-10,25.657365329112444,25.951334827656925,25.506964209982563,25.69838523864746,19116800
2021-08-11,25.636866089995337,25.807778530595304,25.288205858654827,25.65053939819336,20989800
2021-08-12,25.418094676235057,25.60951574732116,25.17881833737744,25.18565368652344,21722100
2021-08-13,25.21300230693752,25.45911662245852,24.919032719833737,25.288204193115234,20908900
2021-08-16,25.14463154386793,25.185651458865262,24.76178943555793,24.80964469909668,17922900
2021-08-17,24.659243364073934,24.994232849528554,24.132832805740403,24.590879440307617,25797900
2021-08-18,24.26956096937318,24.54302185444812,23.75682376579488,23.82518768310547,38656900
2021-08-19,23.27143355287093,23.79100611351049,23.141538456773805,23.558565139770508,29628700
2021-08-20,23.23041500755681,23.934573318995344,23.18255974025029,23.83202743530273,47180200
2021-08-23,23.90722739926109,23.9209007042412,23.61325786197944,23.777332305908203,22031600
2021-08-24,24.26272553871362,24.97371914325346,24.26272553871362,24.80964469909668,31350700
2021-08-25,24.727607056246203,25.21300029894045,24.570367946723124,25.18565368652344,21551800
2021-08-26,24.93953876989508,25.08994252652883,24.529350025514866,24.611387252807617,22250800
2021-08-27,24.79597193120996,25.288200490175143,24.666079442779186,25.281362533569336,18585100
2021-08-30,25.08994161355312,25.254016062168272,24.864335986811856,25.09677696228028,14945600
2021-08-31,25.30186978643228,25.39758291819909,24.76178860071572,24.88484573364257,22341400
2021-09-01,24.87800906961968,25.315544405900944,24.843827110457013,25.05575942993164,18491600
2021-09-02,24.816480068505303,25.09677630143208,24.48832857199954,24.57720375061035,22418300
2021-09-03,24.713933709447392,24.74811566734725,24.344762305130025,24.50883674621582,22400100
2021-09-07,24.700260637272034,25.28819970718374,24.59087680621285,24.65924072265625,25236400
2021-09-08,24.26956027900569,24.303742236688656,23.17572198565361,23.25092124938965,56500300
2021-09-09,23.46285409523493,24.276396181490068,23.02531876790725,24.00977325439453,62164100
2021-09-10,24.276394988779654,24.2900682930764,23.59958337754556,23.654273986816406,44501200
2021-09-13,24.153340564549904,24.419963479634653,23.94140825895929,24.167011260986328,21417500
2021-09-14,24.33792500402238,24.372109570758766,23.866207713305943,23.92773628234864,18839600
2021-09-15,23.7841706279152,23.900389810158,23.6337668787386,23.79784393310547,13910700
2021-09-16,23.469693550356528,23.531219514769283,23.209905955198145,23.408164978027344,16551500
2021-09-17,23.01848116593932,23.01848116593932,22.58094583187379,22.765531539916992,27668700
2021-09-20,22.286975400841623,22.38268853327532,21.685364340511804,22.09555435180664,31085900
2021-09-21,22.273307501862146,22.73818687820945,22.11606578278528,22.533092498779297,27750300
2021-09-22,22.929610621296103,23.29194411286776,22.75186024616985,22.86808204650879,26653900
2021-09-23,22.956955045589947,23.3671437664578,22.91593513033665,23.182558059692383,21472500
2021-09-24,22.833895797689568,23.00480818357672,22.710838671217537,22.85440444946289,17531300
2021-09-27,22.833899021869023,23.134703924654715,22.51258285649774,22.79287910461425,26414900
2021-09-28,22.63564025168052,22.69033086737772,21.84944211369135,21.96566390991211,31983600
2021-09-29,22.122904667780755,22.45789155971925,21.931483586673043,22.10239601135254,25693400
2021-09-30,22.26646881603779,22.43054587896226,21.9519906040087,21.96566390991211,23500100
2021-10-01,22.375852439051823,22.779205831595828,22.27330655764218,22.615131378173828,26770100
2021-10-04,22.157084978312305,22.280142123535352,21.81526015445193,21.91097068786621,24428400
2021-10-05,21.94514895130193,22.177589896681475,21.726382613481068,21.78107452392578,21892700
2021-10-06,21.48027104821862,21.89729642847795,21.22048476713835,21.883623123168945,40395200
2021-10-07,21.746895788233648,21.993008784446868,21.664858557482,21.774242401123047,21262300
2021-10-08,22.18443214049128,22.485237054101106,22.109230260109697,22.20494079589844,26120000
2021-10-11,22.245960161140896,22.403199267155443,21.924643992201883,21.96566390991211,15489200
2021-10-12,22.05453648798762,22.157084978312305,21.85627876820688,21.91097068786621,12245500
2021-10-13,21.979336457776235,22.437380454119104,21.84944136013198,22.266468048095703,25841600
2021-10-14,22.30064882447308,22.37585069639988,22.040863858801146,22.198102951049805,19916100
2021-10-15,22.23912009275256,22.83389710745617,22.225446788147355,22.738183975219727,33741700
2021-10-18,22.184429272419656,22.59461797503137,21.993005617673514,22.46472549438477,18698400
2021-10-19,22.01352022897016,22.02719353552722,21.24783201323245,21.47343635559082,45700600
2021-10-20,21.53496585562529,22.006683216469938,21.480273931007435,21.61700439453125,32643000
2021-10-21,21.04957276705209,21.07691807423729,20.167664117050627,20.57785415649414,71261600
2021-10-22,20.29755555885093,20.810292722721154,19.531867487063188,20.564178466796875,79689800
2021-10-25,20.885496895365417,21.48710933513736,20.79662301201365,21.329870223999023,35695000
2021-10-26,21.02906433390884,21.09059290948588,20.673566187010035,20.84447860717773,29919000
2021-10-27,21.158956798952687,21.29568594405673,20.74876675572416,20.906005859375,19133600
2021-10-28,20.69407152798487,20.91967582009353,20.413775325787988,20.571014404296875,32492600
2021-10-29,20.50265247174998,20.584691001989984,19.97624193793528,20.044607162475582,33126200
2021-11-01,20.160825370110743,20.43428493334878,20.07878815311836,20.36592102050781,22173900
2021-11-02,20.20868280661229,20.20868280661229,19.8395126824808,19.99675178527832,15229000
2021-11-03,20.112969520866503,20.735090498008883,19.921547180223456,20.53683280944824,40987900
2021-11-04,20.33174237166442,20.454799529022203,19.839515046191632,20.010427474975582,29249800
2021-11-05,20.41377889200677,20.659891878419888,20.304395052721343,20.47530746459961,23189300
2021-11-08,20.36592386327746,20.60520019953625,20.311230639037465,20.454797744750977,22588500
2021-11-09,20.919679181446813,21.083754938075007,20.625709628503643,20.78978538513184,24185800
2021-11-10,21.083755421137106,21.22048587343908,20.707748633244027,20.80345916748047,28611100
2021-11-11,21.45292602910424,21.77424220791214,21.43241737357744,21.507617950439453,34262800
2021-11-12,21.19997454880583,21.23415650770037,20.940186966957995,21.097427368164062,27059800
2021-11-15,21.131609327058605,21.23415650770037,20.994878883564148,21.097427368164062,7620800
2021-11-16,20.81712708211312,20.871818988077703,20.48213769112739,20.598358154296875,29517800
2021-11-17,20.612035905518383,20.70774773958253,20.14031729978808,20.311229705810547,33351500
2021-11-18,20.18133955960944,20.24970479074887,19.880533324970955,19.92838859558105,29243300
2021-11-19,20.30439525683029,20.400105791177616,19.914713858505685,19.94206047058105,22556300
2021-11-22,20.283884085099206,20.44112318325732,19.860020750979345,19.935222625732425,24309000
2021-11-23,19.96256897669872,20.338575737660445,19.634416175469457,20.188173294067383,32887000
2021-11-24,20.14715500597049,20.52316310125577,20.04460781778659,20.38643264770508,19545200
2021-11-26,20.051442736372472,20.12664460971607,19.83267507278177,20.08562469482422,21322900
2021-11-29,20.30439330668278,20.318065307449096,19.921548598147563,20.058279037475582,21647900
2021-11-30,20.085625083657145,20.20184557018436,19.388303468452044,19.81900215148925,40552100
2021-12-01,20.2155199029934,20.34541370135192,19.49085164049519,19.49768829345703,24880400
2021-12-02,19.942062628982548,20.345416073043005,19.901044010388134,20.31806945800781,30476800
2021-12-03,20.7487658660362,20.84447639390088,20.112971521887992,20.35224914550781,40700000
2021-12-06,20.495815501091887,20.78978504928617,20.386431665106784,20.64621925354004,22112700
2021-12-07,20.9538594442759,21.076916577767665,20.85131226768545,21.0017147064209,25398900
2021-12-08,21.15212173172815,21.39823473294805,21.14528507836672,21.39139938354492,23344700
2021-12-09,21.015390547344182,21.02906385359528,20.76927625065741,20.8308048248291,22643100
2021-12-10,20.947024345191387,21.11110010069388,20.858150466611857,20.9743709564209,20285600
2021-12-13,21.18925718904478,21.24042109206291,20.72147133960842,20.75801658630371,28402800
2021-12-14,20.94074915466657,21.09424228382936,20.47296322600291,20.567981719970703,19594500
2021-12-15,20.472961310216206,20.65569034576532,20.22444971034046,20.63376235961914,26536200
2021-12-16,20.80918279438458,21.0284584811812,20.63376308141445,20.918821334838867,25689000
2021-12-17,20.633763958391565,20.8603489837896,20.54605479523466,20.67761993408203,17448200
2021-12-20,20.20983245037843,20.28292434847461,19.96132083331861,20.092885971069336,22122500
2021-12-21,20.08557744025532,20.22445191274716,20.056341516321908,20.11481475830078,15211300
2021-12-22,20.01979354313807,20.39987028788968,19.94670304108828,20.392560958862305,19837100
2021-12-23,20.209830852434003,20.36332396571084,20.0928843823716,20.282922744750977,20933500
2021-12-27,20.40717912909136,20.56798018151378,20.26830466911494,20.560670852661133,14048300
2021-12-28,20.363325835008727,20.45834432786491,20.28292460666825,20.41448974609375,12011000
2021-12-29,20.3413976103508,20.39987085006922,19.98324884281145,20.027103424072266,15486100
2021-12-30,20.446921938547217,20.72631252918107,20.43221827773913,20.557207107543945,21079100
2021-12-31,20.49103608719664,20.76307273008048,20.461625962370302,20.63808250427246,7198200
2022-01-03,20.25575986882612,20.26311240024076,20.094008384759988,20.116065979003903,23660500
2022-01-04,19.9469594074162,20.29252135215665,19.917550685810653,20.027835845947266,18384500
2022-01-05,19.98372232454836,20.196940116629627,19.461703836270093,19.49846649169922,30989700
2022-01-06,19.68962830325912,19.82932218832668,19.57199060933278,19.682275772094727,28204700
2022-01-07,19.74844756064076,20.108713181071305,19.73374249800638,20.049894332885746,17091700
2022-01-10,19.969016786327263,19.98372184814836,19.616103716732383,19.84402656555176,21466600
2022-01-11,19.99107521326453,20.586616218351143,19.92490383466025,20.57926368713379,26293300
2022-01-12,20.87335938449549,21.218921364129244,20.85130319165217,21.21156883239746,33218800
2022-01-13,21.16745376586914,21.388024095092376,21.101282386631777,21.16745376586914,23472300
2022-01-14,21.0571708307578,21.48360790253089,21.01305703777498,21.402732849121094,24661800
2022-01-18,21.329207222237308,21.47625365455205,20.998350295413,21.2409782409668,30977900
2022-01-19,21.90269094408096,22.012976113111822,21.799756904280407,21.976213455200195,29666900
2022-01-20,22.358536582940605,22.5423456646171,22.115908651221712,22.15266990661621,27134800
2022-01-21,22.270310012309828,22.40265137910308,21.95415815320759,21.998271942138672,42346600
2022-01-24,21.66006236826539,21.792405136682824,21.2850930608854,21.69682502746582,43513400
2022-01-25,21.82916555386496,22.461467801297573,21.571832575300192,22.34383010864257,29643300
2022-01-26,22.71880377658108,23.02025057906576,22.38794824822945,22.608518600463867,39394300
2022-01-27,23.145236357447818,23.22611279210705,22.682038146108173,22.93937110900879,29390700
2022-01-28,23.08641985633089,23.08641985633089,22.74085929543568,22.9026107788086,19957800
2022-01-31,23.00554672102975,23.34375477855061,22.909965207485445,23.2481746673584,29721800
2022-02-01,23.321694463845155,23.6819600753441,23.321694463845155,23.645198822021484,28505200
2022-02-02,23.490798651967847,23.53491103177631,23.18935190289399,23.48344612121582,33343500
2022-02-03,23.18200105231413,23.446685166811484,23.137885864604616,23.299638748168945,30069300
2022-02-04,23.057012418569343,23.38786793514337,22.96143090761201,23.29228782653809,27353400
2022-02-07,23.30699372245608,23.67461191112351,23.27758359423368,23.5643253326416,23620000
2022-02-08,23.358459920020003,23.60844039916992,23.248174744477883,23.60844039916992,20523800
2022-02-09,23.461391520577976,23.88782994446063,23.41727773279261,23.68931579589844,21967600
2022-02-10,23.792247443046463,24.2113319154176,23.777542380280327,23.843713760375977,28640700
2022-02-11,24.07898942313028,24.512778963093908,23.75548645278776,23.90988540649414,55031500
2022-02-14,24.13045785242724,24.240744431698342,23.954002691238543,24.09369659423828,28106600
2022-02-15,24.34367672824228,24.49072456359864,24.16721876487381,24.49072456359864,22891700
2022-02-16,24.571595961863068,24.85834047670626,24.534834707561306,24.733348846435547,25223500
2022-02-17,24.50542736947132,24.51277849844486,24.123104154656893,24.196626663208008,24773400
2022-02-18,24.402491721871016,24.453958038356696,24.115750014392543,24.203977584838867,29342900
2022-02-22,24.578951476309765,24.73335043712951,24.395142388275563,24.593656539916992,28486100
2022-02-23,24.90244753156593,24.93920877800182,24.578944636345376,24.63776206970215,26350100
2022-02-24,23.520209589872028,24.15251186828308,23.29963925592548,24.027523040771484,56614100
2022-02-25,23.755486144317263,24.31426450487192,23.740781081578465,24.30691337585449,24743300
2022-02-28,23.78489273755759,24.40984526367274,23.71872135960902,24.181921005249023,20645200
2022-03-01,24.18192371460541,24.85098869784613,23.93194323709217,24.18927764892578,35951400
2022-03-02,24.42455326949379,25.08626432402196,24.005468760214693,24.98333168029785,38425300
2022-03-03,25.47594023315536,25.5568138743826,25.22595976605138,25.4171199798584,31697400
2022-03-04,24.88775022650085,25.225961091318464,24.718646196444148,25.21125602722168,29065700
2022-03-07,25.203902273625005,25.21860733782728,24.25544947256432,24.28485679626465,44701300
2022-03-08,24.527484241741288,24.71864445210129,24.2260374607902,24.43925666809082,25820400
2022-03-09,24.99803667115253,25.25536827970919,24.91716022140496,25.100969314575195,23264500
2022-03-10,24.54953935104931,25.19654807358789,24.52012922622849,25.17449188232422,18520900
2022-03-11,25.284775251156336,25.321536504260216,24.43925521095173,24.53483390808105,29649000
2022-03-14,24.601006322554685,24.608360256307748,23.777542438560204,23.917236328125,29102300
2022-03-15,23.461391780861337,23.68931605871041,23.28493522541021,23.40992546081543,27039300
2022-03-16,23.858420897516663,24.240744148565582,23.56432522603159,24.218685150146484,24277600
2022-03-17,24.33632109032702,24.94656858269167,24.18927606996809,24.865692138671875,28617400
2022-03-18,24.73335041860928,25.49799689738797,24.59365652150137,25.475940704345703,34698400
2022-03-21,25.83620465491537,26.167061570342543,25.784738335260485,26.137651443481445,22664700
2022-03-22,26.468504873209334,26.5199711860865,26.20381937572465,26.43174362182617,18438600
2022-03-23,26.468505689577125,27.01258176282143,26.43909556568202,26.82141876220703,19889800
2022-03-24,26.924353840971484,27.40225858128804,26.777306012819924,27.299325942993164,27090800
2022-03-25,27.571365660658728,27.74782363495686,27.40961275127747,27.7110595703125,19700100
2022-03-28,27.45372378593323,27.578712611730424,27.07875450383772,27.497838973999023,23092400
2022-03-29,27.836048126220703,28.005152146915005,27.56401146725196,27.836048126220703,23108200
2022-03-30,27.88750995746373,28.027203829112032,27.637529531295897,27.74781608581543,21724300
2022-03-31,28.034559359986392,28.17425323959772,27.79928398132325,27.79928398132324,22932500
2022-04-01,28.39482597635377,28.850674515477465,28.39482597635377,28.777149200439453,31761500
2022-04-04,29.041830659876016,29.10800203179552,28.821260355045524,29.056535720825195,21078800
2022-04-05,28.84332225830967,29.06389260683768,28.11543982769685,28.174257278442383,30527500
2022-04-06,27.85810873675925,27.98310039213187,27.394908986362225,27.69635581970215,44174800
2022-04-07,27.60811979775595,27.9316255330546,27.32872924582629,27.76987266540528,24628300
2022-04-08,27.5934187891132,27.931629635205844,27.23315455515265,27.836048126220703,21240600
2022-04-11,27.75517259273824,27.80663891356698,27.52724831142226,27.644886016845703,17699300
2022-04-12,28.255128634403327,28.306594946293025,27.51989240203208,27.60811996459961,26471300
2022-04-13,27.51254324765632,27.924276618990422,27.483135924828552,27.644886016845703,23143800
2022-04-14,27.43167147876506,27.475783868373547,27.166985922296856,27.380205154418945,27728100
2022-04-18,27.48313607865251,27.68165023354768,27.3507933087224,27.56401252746582,14945500
2022-04-19,27.29196918055998,27.534598492570456,27.027283678259003,27.336084365844727,18707800
2022-04-20,27.314032632099902,27.446375404843383,27.122869602713013,27.42431640625,22664500
2022-04-21,27.44637525276222,27.52724889814248,26.48321459084475,26.70378494262696,29263700
2022-04-22,26.49056490662628,26.505269970253853,25.365654183806274,25.549463272094727,44447400
2022-04-25,24.961276337143342,25.26272314890932,24.42455410178952,25.064208984375,42836500
2022-04-26,24.56424515562044,24.57895021847513,23.90253135067906,23.95400047302246,37120600
2022-04-27,24.152513432269654,24.564246805747764,24.02017066239112,24.270151138305664,30549000
2022-04-28,24.22603569403024,24.72599658276165,23.87312262046167,24.586299896240234,26955200
2022-04-29,25.18919723367209,25.306834942699293,24.02017127315614,24.09369659423828,42076000
2022-05-02,23.71872193618861,23.81430344103868,22.90261059223721,23.255523681640625,42829400
2022-05-03,23.52021028811542,23.7995994795654,23.395220054541262,23.652551651000977,26124900
2022-05-04,23.32905176881057,24.40249629183177,23.07907126847781,24.3289737701416,45469700
2022-05-05,23.76283803571205,23.77019196966935,22.75556504577172,23.2775821685791,46833200
2022-05-06,22.909964135067025,23.409925068305142,22.542345966786296,23.04230690002441,36006400
2022-05-09,22.46147038821638,22.72615592835028,22.152671058844195,22.24090003967285,35700700
2022-05-10,22.490883431171287,22.54234975901228,21.983569880941605,22.277664184570312,30009800
2022-05-11,22.608516725183776,22.998192477651543,22.48352649532445,22.54969787597656,41035100
2022-05-12,22.373241753852746,22.95407772552639,22.22619392686214,22.858497619628903,26503900
2022-05-13,22.97613312599913,23.608436758379227,22.96142806423404,23.446683883666992,22064000
2022-05-16,23.483445786119496,23.93929286977753,23.476093255472385,23.78489112854004,19110400
2022-05-17,24.39514100637776,24.498073641093484,24.108399294039952,24.38043594360352,26086800
2022-05-18,24.042226483126623,24.16721530221351,23.52020800452285,23.6304931640625,25971200
2022-05-19,23.95400366343679,24.387790454258123,23.8143069500631,24.13045883178711,25320000
2022-05-20,24.527482987888725,24.82892975342976,24.36573010721173,24.71864318847656,26342500
2022-05-23,25.27007481280684,25.674454280349188,25.2039034232305,25.615636825561523,40747400
2022-05-24,25.409767863460864,25.5935769408174,24.902453014946307,25.571517944335938,20265100
2022-05-25,25.203901288607124,25.71856729675561,25.196550159145392,25.549463272094727,18073700
2022-05-26,25.483292450806992,26.225879949819245,25.43182612932615,26.10089111328125,22664200
2022-05-27,26.049422703579168,26.39498466699539,25.99060245248537,26.26264190673828,18060900
2022-05-31,26.28469808050927,26.40968690694191,25.850908545453965,25.91707992553711,25091100
2022-06-01,26.09353772811717,26.18911642848876,25.667099324475583,25.806793212890625,25047600
2022-06-02,26.05677710609508,26.20382494759907,25.740625228507973,26.13030242919922,27555000
2022-06-03,25.82149862661984,26.012661639369764,25.696509799186703,25.90972900390625,25151900
2022-06-06,26.07148106932674,26.122947390973305,25.53475885450961,25.63769149780273,17823600
2022-06-07,25.034798062764484,25.33624486498804,24.88039909680456,25.21125602722168,32708700
2022-06-08,25.16713771018083,25.306831594699585,24.571595309372523,24.64512062072754,31429400
2022-06-09,24.421154455198224,24.690535485082208,24.17486507336208,24.228740692138672,34404400
2022-06-10,23.359031889051288,23.68228708022896,23.274369360790296,23.4975700378418,35547600
2022-06-13,22.63555509320368,22.758699784798075,22.073707254304143,22.335390090942383,44292400
2022-06-14,22.38156723618404,22.45853302942272,21.9428641231241,22.16606330871582,29163100
2022-06-15,22.427745068008072,22.97420085305032,22.135276829084297,22.766393661499023,29414300
2022-06-16,21.89668441505649,22.10449014062478,21.37331880221713,21.758146286010746,33130000
2022-06-17,21.68117944916227,21.79662739512793,21.250173099156992,21.48876571655273,33090200
2022-06-21,21.658092933836176,21.788934352848003,21.38871483704759,21.46567916870117,20345600
2022-06-22,21.111634741223625,21.71966136612493,21.01927550468152,21.35022735595703,25020300
2022-06-23,21.44258788030307,21.48107004150664,20.74220197679572,20.88843536376953,26862200
2022-06-24,20.85765029709922,21.20399415805452,20.642146373748982,20.934616088867188,27836300
2022-06-27,21.157811233544976,21.650389858081457,21.111632354494706,21.473369598388672,25411200
2022-06-28,21.84280532459144,21.94286128325248,21.11933077858187,21.28865432739257,20924200
2022-06-29,21.5503393439531,21.61191168335867,21.13472495196526,21.38101577758789,22344000
2022-06-30,20.91152891671746,21.342535357369552,20.81147440063773,21.08085250854492,31101500
2022-07-01,20.62675319416963,20.92691963922834,20.349678395346725,20.83456039428711,21923800
2022-07-05,20.211138583998075,20.37276541422641,19.957152516496205,20.34197998046875,33671000
2022-07-06,20.388160848325548,20.442036463642307,19.880188663909767,20.29580307006836,24543900
2022-07-07,20.788381660560614,21.173209159346257,20.78068493442485,21.01927757263184,22760500
2022-07-08,21.250176124512613,21.28865828931305,20.96540311378768,21.1963005065918,14470600
2022-07-11,20.60366161211621,20.64984049415004,20.28040650187904,20.357372283935547,22936000
2022-07-12,19.98024011454792,20.30349522504216,19.94945468250096,20.11877822875977,22312100
2022-07-13,20.041814791554184,20.557482177904983,20.01102789015997,20.203441619873047,22135100
2022-07-14,19.695471384291604,19.80322261352949,19.41069839101953,19.687774658203125,25725100
2022-07-15,19.66468549323005,20.026424298026363,19.4645764766199,19.957155227661133,16063500
2022-07-18,20.23422931801528,20.48051866686593,19.89558072934548,19.98024177551269,20406900
2022-07-19,20.1110818129152,20.388158045598377,20.064902930134743,20.211137771606445,13632300
2022-07-20,20.20344067642993,20.28040645832113,19.880185566887047,20.00333023071289,21778600
2022-07-21,19.74934624401764,20.04951120999285,19.656988470486954,20.02642250061035,18885800
2022-07-22,20.34198259545581,20.41125166531552,19.91097619144024,20.04951286315918,22748300
2022-07-25,20.495909346382188,20.91152369712981,20.42664175592447,20.842254638671875,21047000
2022-07-26,20.91152618707141,21.103939935031946,20.672933550640447,20.83456039428711,14749500
2022-07-27,21.088548086140616,21.596520301935204,20.95770666886016,21.56573486328125,29855300
2022-07-28,21.94286430525692,22.2276358342032,21.558036803869744,22.18915367126465,31744400
2022-07-29,22.112189419927205,22.5278038550587,22.073707254304143,22.335390090942383,23289100
2022-08-01,22.127579951803355,22.489317252100545,21.8812906011329,22.066007614135746,24289400
2022-08-02,21.935165218803444,22.14297239951217,21.688875879296923,21.91207504272461,21397500
2022-08-03,21.90437850357328,22.050613350648504,21.60421355199804,21.93516540527344,18776200
2022-08-04,22.28920659513656,22.67403406923492,22.219939000359144,22.55858612060547,26532200
2022-08-05,22.32769321586984,23.00498901513902,22.296906309175533,22.89723777770996,21435900
2022-08-08,23.42829588502677,23.682281946754056,23.305151216795377,23.60531616210937,35159100
2022-08-09,23.743856706131783,23.859304660890853,23.42060155200615,23.64380073547364,17723800
2022-08-10,24.25952250835149,24.35957699822722,23.9747495528587,24.17486000061035,25244100
2022-08-11,24.336491117060003,24.444242344515555,23.628408476636995,23.74385643005371,26027200
2022-08-12,24.06710869848779,24.698225471726005,24.02862507329021,24.62125968933105,25263300
2022-08-15,24.19795027219437,24.729012559958235,24.13637793941017,24.644350051879883,14367900
2022-08-16,24.48272525595941,24.62896011769836,24.32109840982721,24.55199432373047,17362300
2022-08-17,24.120986758795453,24.644352370705555,24.067111146040062,24.45193862915039,18967600
2022-08-18,24.5827801483169,24.636654293326576,24.228738098821857,24.52120780944824,16190900
2022-08-19,24.144076306040525,24.1748617405256,23.805427718702926,23.99014472961425,23555000
2022-08-22,23.68228205620261,23.99014372820389,23.52065376090178,23.836212158203125,26005900
2022-08-23,24.12868332753709,24.752103435077185,24.12868332753709,24.705923080444336,30279000
2022-08-24,24.598171217785147,24.96760523726621,24.55199233235009,24.675138473510746,15424000
2022-08-25,24.72901559920644,24.844462085865192,24.53660038410733,24.790586471557617,14809500
2022-08-26,24.83676775611757,25.00609279941336,24.41345661587855,24.63665580749512,22466300
2022-08-29,24.590476694838628,25.18311136962762,24.590476694838628,24.85215950012207,24591800
2022-08-30,24.79058563218185,24.81367727753237,23.93626962222983,24.028627395629883,25080200
2022-08-31,23.62840436390027,23.9978383377306,23.459079358227942,23.489866256713867,26073000
2022-09-01,23.5514439549281,23.559140681304275,22.98959614147143,23.44369125366211,44915000
2022-09-02,23.82851632782204,24.13637947938588,23.620710608916845,23.759248733520508,27287000
2022-09-06,23.58992228822237,23.620709188727822,23.143522506894847,23.282060623168945,27027500
2022-09-07,23.0742588645374,23.689983807161823,22.78948730802408,23.4975700378418,28904600
2022-09-08,23.428298878457355,23.68228497263641,23.081953537303903,23.474477767944336,33163800
2022-09-09,23.82082013960128,24.282611912905143,23.797729963735986,24.236433029174805,27556000
2022-09-12,24.675137581251413,24.8444596657238,24.52890273666127,24.75210189819336,20238000
2022-09-13,23.997840398320385,24.34418422802532,23.65149510061521,23.72076416015625,27491200
2022-09-14,23.736159704092547,23.967055610925986,23.613015024714667,23.74385643005371,15477200
2022-09-15,23.505265789312244,23.71307153587356,23.220492776616364,23.343637466430664,16511600
2022-09-16,22.858751407360007,23.15891635241011,22.735606739236875,23.08964729309082,23531800
2022-09-19,22.866445499284826,24.13637721008604,22.827963342957588,24.067108154296875,24884100
2022-09-20,23.89778520562526,24.34418501034612,23.782337258680272,24.251827239990234,26433800
2022-09-21,24.31340114536908,24.582780684292835,23.843911133759104,24.044021606445312,26196800
2022-09-22,24.19795423590785,24.87525000747759,23.990147028221514,24.78289222717285,23911100
2022-09-23,23.967054726018315,23.997841628726263,23.35133135186254,23.65919303894043,34422100
2022-09-26,23.05886121582609,23.23588296707732,22.381565516952826,22.543193817138672,33400300
2022-09-27,22.76639461100887,22.9742018112271,22.33538822640841,22.450836181640625,25381300
2022-09-28,22.55858612060547,22.74330313201264,22.31229677206257,22.55858612060547,26559300
2022-09-29,22.096793144940545,22.35078069042294,21.788931455265363,22.29690361022949,28528300
2022-09-30,22.135275468115378,23.09734410910788,22.1044885669635,22.804874420166016,33698100
2022-10-03,24.25952344600563,25.144624842963008,24.15177075889756,25.05226707458496,50914100
2022-10-04,25.52945396798364,25.55254561358436,24.80597935251013,25.152324676513672,35419400
2022-10-05,24.913733071516862,25.47558090400755,24.790588381327137,25.26007843017578,24577100
2022-10-06,25.236987423550165,25.5294542011571,25.175413616053497,25.29086303710937,18171000
2022-10-07,25.129236126030257,25.337040385747475,24.81367770349576,24.982999801635746,23721300
2022-10-10,25.152323935622995,25.252379900943577,24.79058517054132,24.975303649902344,13383200
2022-10-11,24.75979990294656,24.9291249422085,24.228739010717025,24.367277145385746,20985600
2022-10-12,24.19795291459472,24.298007415794853,23.98244899231703,24.14407730102539,17919800
2022-10-13,23.68998072237378,24.744408686865555,23.64380036678994,24.30570411682129,36141800
2022-10-14,24.344186210435367,24.359579662253623,23.48987018652719,23.559139251708984,26018600
2022-10-17,23.959359843761977,24.398064433102025,23.94396785922407,24.059415817260746,19287100
2022-10-18,24.590476597863223,24.713621274216816,24.1748622141696,24.705923080444336,21090700
2022-10-19,24.51351291968128,24.87525025412916,24.482726013940795,24.844463348388672,20578900
2022-10-20,25.05226893706091,25.42940116797613,25.00609151743915,25.29086303710937,21237900
2022-10-21,25.20620146513916,26.460739947927088,25.098450233979616,26.23753929138184,36164600
2022-10-24,25.313953307750435,25.337042018984945,24.52890629776764,24.61356735229492,39229400
2022-10-25,24.25952460837677,24.69822769919318,24.15177191610584,24.19795227050781,23212500
2022-10-26,23.867001064350774,24.228738375839995,23.58222807632708,23.62840843200684,30654900
2022-10-27,23.882394961434063,24.96760691613108,23.851608057073665,24.34418678283692,30217200
2022-10-28,23.9747529488622,24.205650329589844,23.82851808786805,24.205650329589844,27980200
2022-10-31,23.76694677874448,25.18311362524014,23.76694677874448,25.14462852478028,63508500
2022-11-01,25.17541282290864,25.92967432497553,24.821372248958987,25.514062881469727,56987600
2022-11-02,25.29086378667101,25.52175969962524,24.667442179293865,24.75979995727539,32497900
2022-11-03,24.79058350442886,25.62181220168778,24.73670789656953,25.43709373474121,35705300
2022-11-04,26.42995127760021,26.622365016389963,26.02203509088616,26.06821250915528,46066700
2022-11-07,25.8681031500682,25.97585437252004,24.84446066477452,24.90603446960449,32305500
2022-11-08,25.02148383691117,25.45249171245351,24.8752504375669,25.14462852478028,30793500
2022-11-09,24.936823912115127,25.2215954484594,24.24413321722269,24.38267135620117,32673300
2022-11-10,23.32054489388458,23.33593834553212,22.412353266685404,22.78948402404785,72609000
2022-11-11,23.18201011493525,24.02093274582324,23.15122320914096,23.58222961425781,40822800
2022-11-14,23.54374634584531,24.27491917616365,23.428298390532,23.713069915771484,34917900
2022-11-15,24.413452823059018,24.521205506961696,23.68997827628504,23.7977294921875,20371600
2022-11-16,23.52065521905154,23.72076568525817,22.743303531556663,22.8818416595459,32583400
2022-11-17,22.10449037182337,22.789484298380827,22.035221306575988,22.689428329467773,51611800
2022-11-18,23.089647911977444,23.105041362905496,22.57397904988993,22.681730270385746,35373500
2022-11-21,23.028077159423525,23.23588435723793,22.51240826188428,23.182008743286133,23120200
2022-11-22,23.012682125337463,23.02037885080149,22.41235221914623,22.681730270385746,35439800
2022-11-23,22.520103174273626,22.843358299952204,22.38926177892753,22.78178596496582,27753700
2022-11-25,23.120435706512367,23.22818693116844,22.573979921470126,22.766393661499023,20647400
2022-11-28,22.68942723272757,22.91262786951371,22.62785489637283,22.820268630981445,20435400
2022-11-29,23.36672664769912,23.874698838475148,23.35133319513004,23.543746948242188,24921400
2022-11-30,23.75925210851371,24.305706490962592,23.505265999995125,24.228740692138672,39271700
2022-12-01,24.22873786199712,24.35188253853075,23.851607106612832,24.028627395629883,22856600
2022-12-02,24.336492018395173,24.62896027574951,24.059415745532853,24.10559463500977,28858200
2022-12-05,23.72846040449648,23.859301795644207,23.228185015284623,23.282060623168945,22159900
2022-12-06,23.50526539535244,23.797733661759363,23.28976145778912,23.651498794555664,23263400
2022-12-07,23.65918979438608,23.80542462619396,23.36672159877042,23.489866256713867,25535600
2022-12-08,23.505263402303253,23.62071135378012,22.99728977340444,23.066558837890625,22240300
2022-12-09,23.020380204940107,23.32824190160925,22.96650459152305,23.04347038269043,19183600
2022-12-12,22.373867982005144,22.481619199564086,21.85050240871844,22.412351608276367,38477300
2022-12-13,22.6455912907573,22.761384287439142,21.76061041008053,21.91775703430176,44602600
2022-12-14,21.55383765760404,22.07490216353464,21.31398379454779,21.892942428588867,50428900
2022-12-15,21.93429729634577,22.2568599814998,21.65308823529983,21.801963806152344,29655500
2022-12-16,21.80196242653524,21.92602486854851,21.62000270587886,21.677898406982425,23906600
2022-12-19,21.82677541228332,22.256860045416893,21.71098400241645,22.14933967590332,19005100
2022-12-20,22.8689032457865,23.29898788666992,22.82754962081449,22.992965698242188,27003400
2022-12-21,23.05085937824292,23.191463889722726,22.87717070992577,23.166650772094727,19904400
2022-12-22,23.31553080026564,23.48094688360029,23.01777964170764,23.33207130432129,18970500
2022-12-23,23.737341242528057,24.051632863127555,23.671174502531347,23.8117790222168,18483100
2022-12-27,22.96815182880784,23.19973462926737,22.84408938891316,23.01777648925781,20732000
2022-12-28,23.41477842094672,23.679445396942025,23.19146664591294,23.50575828552246,27160800
2022-12-29,23.836590256231275,23.919299074544995,23.158380785629863,23.290714263916016,23559700
2022-12-30,23.117033026279707,23.4892204367457,22.877177550111487,23.13357353210449,12831300
2023-01-03,22.091444302887805,22.2816750923768,21.34706795968756,21.41323471069336,46264400
2023-01-04,21.42977265455617,21.851586202339767,21.289168138628305,21.785419464111328,29848700
2023-01-05,22.00873295440544,22.62077568177483,21.983919835815243,22.538066864013672,32453200
2023-01-06,23.08394481072964,23.423049572528708,22.83581991393897,23.40650749206543,26391300
2023-01-09,23.02604923652587,23.522300610445924,22.926798330726008,23.23282051086425,28602400
2023-01-10,23.52230008472848,23.977196247090266,23.323799855104816,23.83659172058105,21819100
2023-01-11,24.00200889827272,24.39900934976104,23.86967541444328,24.38246726989746,24938500
2023-01-12,24.29976091103736,24.8539080223164,23.952385086391686,24.58924102783203,25056400
2023-01-13,24.250135262418457,24.539615367496264,24.233593181547803,24.40728187561035,15056000
2023-01-17,24.15088435524285,24.539613765081583,24.10952915576668,24.48171806335449,19693100
2023-01-18,24.920073854832275,24.986240601020963,24.283219514343525,24.29149055480957,23034600
2023-01-19,24.225322947940693,24.564427707302425,23.91930077172812,24.415552139282227,29228500
2023-01-20,24.076446492072773,24.29148879600093,23.985466631073287,24.13434219360352,17224700
2023-01-23,24.117800113869144,24.49826006006191,24.018550790542022,24.13434219360352,15960400
2023-01-24,24.407281741244805,24.66367768316981,24.241864088528235,24.580968856811523,16199400
2023-01-25,24.605782899042307,25.234367794339413,24.514803028888604,25.20955467224121,18507200
2023-01-26,25.184743784295275,25.30880624294141,24.94488833037829,25.300535202026367,32316800
2023-01-27,24.95315924330753,24.99451287013089,24.58097029173835,24.663679122924805,17002800
2023-01-30,24.713300470960643,24.82082241032188,24.481717667794047,24.5230712890625,12560800
2023-01-31,24.953158814103823,25.09376335144043,24.804283236036863,25.09376335144043,20541900
2023-02-01,24.762929516134413,24.928345597495845,24.208782409617204,24.804283142089844,19026900
2023-02-02,25.17646938378128,25.193009885864416,24.250133432925423,24.36592483520508,36146200
2023-02-03,24.05163724770219,24.29976217353775,23.48921906643245,23.671178817749023,25826000
2023-02-06,23.24109161595775,23.621550004582385,23.075673965009862,23.580196380615234,17575700
2023-02-07,23.439591785202644,23.57192527457604,23.04259131708245,23.23282051086425,22506400
2023-02-08,23.39823671155004,23.77869507553969,23.174923370492,23.61327743530273,15317700
2023-02-09,23.414776566184926,23.464402803407697,22.93506731580789,23.00123405456543,18677300
2023-02-10,23.108759186072987,23.33207097429305,22.95988360889981,23.24109268188477,18170500
2023-02-13,23.348610472955222,23.72907041448442,23.307256851665752,23.61327743530273,17932900
2023-02-14,23.605006596831995,23.88621404477632,23.19146409788993,23.414775848388672,25746600
2023-02-15,23.49748790774161,23.76215489119808,23.323800791425683,23.596738815307617,22631500
2023-02-16,23.340343502069384,23.81178338566812,23.216281039033845,23.687719345092773,24753000
2023-02-17,23.59673718088994,23.927570887295463,23.49748628019851,23.72907066345215,21630400
2023-02-21,23.514031046791057,23.877948954190867,23.25763509222152,23.33207130432129,15854600
2023-02-22,23.33207050362359,23.51403023984896,23.07567455785291,23.32380104064941,29163300
2023-02-23,23.820048696829165,23.91929959647925,23.307256851665752,23.61327743530273,17763300
2023-02-24,23.10876027731684,23.15011390513344,22.7531133989509,22.901988983154297,24704300
2023-02-27,22.88544315455219,23.141839075629328,22.753109674154985,22.86063003540039,34440300
2023-02-28,22.89371597311344,22.910258053833285,22.52152704461498,22.554611206054688,25823100
2023-03-01,22.57942184546096,22.7531105309852,22.306483834671056,22.73656845092773,27043500
2023-03-02,22.546341889620823,22.7365710998254,22.347841638423915,22.38092422485352,23756600
2023-03-03,22.438815967192387,22.63731776083496,22.422275465671746,22.538066864013672,21637500
2023-03-06,22.37265042920264,22.95988164703727,22.314754726924487,22.89371490478516,23615800
2023-03-07,22.786190137054145,22.827545331795683,22.40573181066825,22.61250305175781,22247000
2023-03-08,23.059133245124364,23.505759982515265,23.05086378187466,23.31553077697754,31179700
2023-03-09,23.31552965422595,23.43132106462264,22.86063189795108,22.91852760314941,29897000
2023-03-10,22.50498438565072,22.852360184143897,22.223776908336816,22.34783935546875,39155700
2023-03-13,21.97565227055335,22.430550051387613,21.843318772229864,22.000465393066406,37095900
2023-03-14,22.298214569919864,22.42227860268868,21.934298244919777,22.04181861877441,18261200
2023-03-15,21.520753694313992,21.85158740364397,21.27262722916184,21.752336502075195,31976200
2023-03-16,21.793690912875988,22.240316009920864,21.66135743393384,22.20723342895508,31427700
2023-03-17,21.926026280359903,21.950839401376086,21.62827513832429,21.818504333496094,21742700
2023-03-20,21.83504690538903,21.909484692572537,21.586921999803803,21.661359786987305,20770100
2023-03-21,21.8019631396713,21.84331676251521,21.628274453139777,21.710983276367188,24316300
2023-03-22,21.595188916142483,22.08316917113478,21.44631337020729,21.586917877197266,28129300
2023-03-23,21.727526098178675,21.80196388387029,20.677127635676783,20.89216995239257,38137700
2023-03-24,20.86735765599068,21.36360905436664,20.743295200781617,21.23127555847168,26933900
2023-03-27,21.413234540582977,21.620005833025964,21.322256244635103,21.57038116455078,21210200
2023-03-28,21.859858147070927,22.232045473441605,21.8350450276304,22.06662940979004,25040000
2023-03-29,22.1410669635777,22.48017170475732,21.91775362352102,22.33956718444824,30449200
2023-03-30,22.992966925652585,23.009509007540306,22.40573721649632,22.88544654846192,40794800
2023-03-31,23.001236681508285,23.075674468304403,22.48017375147514,22.64558982849121,37971400
2023-04-03,22.372651824075124,22.59596518467631,22.36438236112516,22.57115364074707,19497300
2023-04-04,22.76138208096426,22.910257649737744,22.48017302384537,22.59596443176269,21737100
2023-04-05,22.61250584404341,22.72829724853937,22.240316933107028,22.50498390197754,23815000
2023-04-06,22.504984342367965,22.504984342367965,22.273401528844307,22.40573501586914,21052300
2023-04-10,22.53807020744491,22.645590582206985,22.48017449968535,22.620779037475582,16058000
2023-04-11,23.480946414997987,23.93584418455442,23.431321748741908,23.820051193237305,36395200
2023-04-12,24.308029174804688,24.705031198716583,24.13434207109412,24.308029174804688,35758700
2023-04-13,24.24186438126326,24.53134448824308,24.20051075635457,24.25013542175293,21194800
2023-04-14,23.75388286138418,24.332843046735285,23.720800278599896,24.283218383789062,27316200
2023-04-17,24.283218918373933,24.332843582412625,23.9937388193256,24.159154891967773,17104900
2023-04-18,23.762155674855403,24.092989415086617,23.67944684541267,23.99374008178711,22378900
2023-04-19,23.406507081691995,23.406507081691995,22.91852675935817,22.96815299987793,35154000
2023-04-20,23.00950761961472,23.373425511494386,22.99296553872481,23.15011215209961,23256800
2023-04-21,23.100486529205444,23.100486529205444,22.71175553210801,22.91025733947754,17098900
2023-04-24,23.00123314298692,23.29071320515587,22.827546052209204,23.166650772094727,20313400
2023-04-25,22.92679944413357,22.968154647533385,22.678674533893524,22.8358211517334,25543300
2023-04-26,22.88544441658861,22.95988220060941,22.67040210469959,22.695215225219727,27654300
2023-04-27,22.94334199367209,23.1749264048176,22.835821617717947,23.15838432312012,21493500
2023-04-28,23.034319008833105,23.4313194550996,22.943339148319705,23.38169479370117,23228900
2023-05-01,23.332072158594453,23.447865156462026,23.092218276838363,23.191469192504883,10101400
2023-05-02,23.09221695704609,23.150112663901066,22.49671622970107,22.604236602783203,22948000
2023-05-03,22.68694522329008,22.97642533244764,22.554611729539133,22.819278717041016,17354200
2023-05-04,23.050864212259604,23.11703096227073,22.496717089339025,22.88544654846192,28174900
2023-05-05,23.16665253383477,23.877946184534466,23.05913059347622,23.78696632385254,34965000
2023-05-08,23.98546701491419,24.03509167737189,23.588466560173384,23.70425796508789,30669000
2023-05-09,23.53884002410035,24.22532213757188,23.505757442057853,24.01855087280273,27999000
2023-05-10,24.241865863484268,24.316303654902992,23.97719886179092,24.27495002746582,34322400
2023-05-11,23.985467887275178,24.59751067164572,23.90275906181113,24.44863510131836,34637100
2023-05-12,24.38246780739053,24.74638568471356,24.365925727162303,24.64713478088379,29634600
2023-05-15,24.72984371904248,24.97797019099652,24.539614528155447,24.93661499023437,28005900
2023-05-16,25.077219169963094,25.176470072876167,24.42382278237893,24.456905364990234,31355700
2023-05-17,24.738116394037327,24.87044989014236,24.54788719057881,24.804283142089844,31465000
2023-05-18,24.630595293614224,24.787740329642045,24.448635558681453,24.754657745361328,17312300
2023-05-19,24.53961283048136,24.878717565573304,24.53134179090113,24.72157096862793,29628900
2023-05-22,24.92007115998827,24.936613239131507,24.67194628299771,24.70503044128418,23143300
2023-05-23,24.787740444720864,25.04413796740017,24.54788658056821,24.655406951904297,30536300
2023-05-24,24.680220567274635,24.713303152370976,24.432095657663123,24.498262405395508,28127100
2023-05-25,24.70503113168221,24.70503113168221,24.250133407767773,24.349384307861328,31401800
2023-05-26,24.671948144420742,24.96142824110979,24.440363751561588,24.762928009033203,36451700
2023-05-30,24.274945975395816,24.283217015010568,23.86140345989517,24.084716796875,29600100
2023-05-31,23.86140484086136,23.92757158406925,23.53057112482192,23.83659172058105,28321400
2023-06-01,23.96065502543385,24.59751093759111,23.88621723946536,24.580968856811523,32608300
2023-06-02,25.27572207928124,25.358430910891915,25.08549287085452,25.300535202026367,38715100
2023-06-05,25.391513425820627,25.51557587641109,25.168200068234,25.4328670501709,24590200
2023-06-06,25.43286771719088,26.011827938516795,25.41632563600107,25.929119110107425,42389700
2023-06-07,26.22236342547264,26.298640628729625,25.891828339185043,26.112184524536133,37231400
2023-06-08,26.12065862672117,26.34101480091777,26.086758547279604,26.29863929748535,12791400
2023-06-09,26.408814387725823,26.92580389267,26.357963464516768,26.78172492980957,27604500
2023-06-12,26.70545141693768,26.917332178782768,26.51899692846189,26.88343048095703,23258900
2023-06-13,26.985131562983348,27.04445791239125,26.63764727371837,26.75629997253418,25975400
2023-06-14,26.97665678813614,27.56992191300652,26.908855013393183,27.49364471435547,38624600
2023-06-15,27.62077504255957,27.76485240248904,27.476694449586407,27.68010139465332,27051500
2023-06-16,27.307190070057427,27.66314815180624,27.20548498980626,27.39194107055664,25506700
2023-06-20,27.739425115966544,27.78180061586555,27.434316343824253,27.7309513092041,32289700
2023-06-21,27.75637899473693,28.18014050610697,27.70552644947678,28.11233711242676,28760200
2023-06-22,27.807231019779767,27.84960652351526,27.536023916220188,27.78180313110352,30470400
2023-06-23,27.54449814207081,27.8241822904513,27.44279628495234,27.70552635192871,29973400
2023-06-26,27.603823893404744,27.83265549171856,27.40889399107305,27.65467643737793,18568500
2023-06-27,27.73942697093881,27.76485162596972,27.069884651935467,27.366518020629883,24140200
2023-06-28,27.06140816087374,27.112259085451967,26.7986764979442,26.891902923583984,26933800
2023-06-29,26.951229637751567,27.290240116935777,26.86647863447728,27.281763076782227,28996400
2023-06-30,27.47669523087768,27.6801021817284,27.366519564167177,27.48517227172852,37303800
2023-07-03,27.74790340655346,27.934356261122424,27.70552467170076,27.824180603027344,16799600
2023-07-05,27.32414121946751,27.612299150617897,27.21396233116321,27.41736602783203,22163900
2023-07-06,26.93428075583995,27.14615988329151,26.27321225269526,26.49356842041016,38925300
2023-07-07,26.90885418683272,27.383468211976464,26.90885418683272,27.13768577575684,21820400
2023-07-10,26.976654640374324,27.112258179064074,26.790200178806337,26.84105110168457,19188900
2023-07-11,26.33253947588005,26.90885537724888,26.1291341489008,26.866479873657227,22389400
2023-07-12,27.34956651738544,27.58687191343554,27.129208735587305,27.13768577575684,29777000
2023-07-13,27.536022677304903,27.79027892132192,27.485170135284086,27.68857383728028,26812100
2023-07-14,27.55297136394277,27.62077475594273,27.23091495107402,27.33261680603028,22484400
2023-07-17,26.95970716199531,27.40889495034839,26.764777252841327,27.400421142578125,20566800
2023-07-18,27.239389238906348,27.51907338627275,27.09531026140936,27.298715591430664,22283900
2023-07-19,27.15463751261128,27.451269267391268,27.00208311499767,27.34956741333008,20431500
2023-07-20,27.493642917764383,27.55296926472252,27.230912876390764,27.39194107055664,18759100
2023-07-21,27.866557713568334,28.15471566876683,27.81570516863552,27.98521041870117,28981900
2023-07-24,28.14623843005536,28.71408052882347,28.027585725757348,28.55304908752441,27539600
2023-07-25,28.79883062951673,28.883584867805173,28.58694988336104,28.663227081298828,18383300
2023-07-26,28.63780283318292,28.968336284594617,28.553048593690395,28.90900993347168,25017000
2023-07-27,28.756455493496446,28.7818801487853,28.027585200141864,28.036062240600582,27377100
2023-07-28,28.307268925710485,28.383546123503017,28.154714530125418,28.298791885375977,16883200
2023-07-31,28.51914789236452,28.722551585093363,28.50219704579656,28.70560073852539,16579700
2023-08-01,28.22251665388097,28.42592360651388,27.92588488237864,28.15471649169922,22413000
2023-08-02,28.05300860347453,28.08691029770914,27.63772416475295,27.942832946777344,18981500
2023-08-03,27.798753321373336,27.99368322037871,27.34956717292808,27.366518020629883,27905700
2023-08-04,27.569922514422203,27.841129619310177,27.154638049519114,27.17158889770508,30396400
2023-08-07,27.19701212476936,27.205485931895343,26.92580503412823,27.13768577575684,15342100
2023-08-08,26.705449755286445,27.16311133180408,26.56984620546479,27.027507781982425,15622300
2023-08-09,26.917329611664965,27.01903146239897,26.688498022730776,26.81562614440918,15995000
2023-08-10,27.154639322875305,27.41736939946858,26.917332286709414,26.942758560180664,17781100
2023-08-11,26.951229868166383,27.129208916390105,26.66307192830931,26.75629997253418,20106300
2023-08-14,26.40033965511068,26.45966600316027,26.13760799238176,26.22236061096192,23794100
2023-08-15,26.25625995676905,26.27321080331704,25.917251108417684,25.951152801513672,24338800
2023-08-16,26.018954148424463,26.36643841440385,25.82402264933321,25.86639976501465,42660200
2023-08-17,26.12913443751484,26.222362486272456,25.679946658481235,25.696897506713867,18736700
2023-08-18,25.6121435713855,26.01895582554099,25.56976806949432,25.88335227966309,22258400
2023-08-21,25.71384794145333,25.73927421339341,25.493491767538146,25.612144470214844,22224800
2023-08-22,26.10370594500061,26.256260333075566,25.88335140280536,26.17998313903809,26132200
2023-08-23,26.51899398984455,27.137685357908644,26.44271679471097,27.05293273925781,26477300
2023-08-24,26.90885520427444,27.129209761360784,26.68002360669805,26.7647762298584,14908300
2023-08-25,26.646124792630804,26.74782665203504,26.32406513263293,26.535945892333984,21136300
2023-08-28,26.51051744212097,26.90037720825194,26.37491390463876,26.85800170898437,14923700
2023-08-29,26.87495237949129,27.307190901104622,26.764775105576227,27.23938751220703,18879400
2023-08-30,27.23091381995596,27.264812281504184,26.93428045836507,26.976655960083008,15720600
2023-08-31,26.620698182226487,26.637649030753057,26.146085739135746,26.146085739135746,29861900
2023-09-01,26.75630116613499,26.84105379043644,26.527469565477624,26.6461238861084,22478500
2023-09-05,26.264734518673126,26.57831870344,26.23083444321061,26.4088134765625,21189500
2023-09-06,26.34948764347416,26.62917014168464,26.027428029461067,26.069805145263672,16607600
2023-09-07,25.849452516315228,25.89182802137256,25.50196820197504,25.561294555664062,20220100
2023-09-08,25.94267976642533,26.0189569663914,25.76469909433057,25.91725349426269,17905800
2023-09-11,26.357962803753708,26.595268183794825,26.23083469065716,26.552892684936523,22393100
2023-09-12,26.40034037342552,26.79020178289312,26.40034037342552,26.654598236083984,21148200
2023-09-13,26.81562555312252,27.26481168091641,26.81562555312252,26.951229095458984,33197000
2023-09-14,27.21396108061879,27.536020690762424,27.18853642796438,27.45974349975586,23233800
2023-09-15,27.5190734470154,27.56992275898063,27.307192692376955,27.34109115600586,19297600
2023-09-18,27.629249111635897,27.663150808308547,27.29871565168692,27.34109115600586,18290600
2023-09-19,27.39194177700941,27.40889262415511,27.11225926519239,27.15463638305664,13709600
2023-09-20,27.4004197160335,27.71400231590792,27.34109013255536,27.366518020629883,24732000
2023-09-21,26.66307306548057,26.798678234010165,26.41729223366223,26.44271850585937,24687000
2023-09-22,26.586796885704675,26.76477593752784,26.41729164123535,26.41729164123535,17867700
2023-09-25,26.290161371881457,26.3664385640192,26.15455783397474,26.27321052551269,20675000
2023-09-26,26.035905720162624,26.154560038222183,25.7053722707236,25.79012489318848,20042300
2023-09-27,25.87487837299193,25.90030302900854,25.154483482953605,25.47654151916504,30559200
2023-09-28,25.408739197698008,25.87487781844883,25.332461998239182,25.815549850463867,27455900
2023-09-29,26.171507405720885,26.2308353687866,25.84944940311556,25.993528366088867,23037300
2023-10-02,25.88335270617745,25.90030193730016,25.37483859249496,25.485015869140625,22757100
2023-10-03,25.273135194792328,25.476540517537565,24.64596837886406,24.69681930541992,34806300
2023-10-04,24.730720822461244,24.98497706992879,24.49341380604222,24.75614547729492,22447800
2023-10-05,24.764621854462536,24.917176255424785,24.400188316801664,24.662919998168945,23695400
2023-10-06,24.298485707849697,25.01888061771531,24.0866049470964,24.874801635742188,33255100
2023-10-09,24.82394967768443,25.29856210948925,24.72224620546533,25.247711181640625,20116400
2023-10-10,25.51891696943663,26.01048022401345,25.476539851313422,25.94267845153809,32735200
2023-10-11,25.985054670964143,26.07828271688881,25.764698500201543,26.0528564453125,23927200
2023-10-12,25.925727181457688,25.951153451916927,25.256183274726748,25.535865783691406,29319400
2023-10-13,25.917252180969296,26.120657498397776,25.54434162408953,25.62061882019043,24280800
2023-10-16,25.807076206375573,26.12065881367223,25.76469908611801,26.078283309936523,18196200
2023-10-17,25.68842277883088,26.281689550877445,25.68842277883088,25.96810531616211,19117400
2023-10-18,25.798597670266258,25.824022322832,25.442637985651093,25.5189151763916,23051600
2023-10-19,25.417214686073983,25.90030253952226,25.408739262054663,25.51044273376465,21834800
2023-10-20,25.417215287291945,25.49349248874823,25.129057329906395,25.374839782714844,30246100
2023-10-23,25.162958028034684,25.578244099190165,25.06125455795576,25.2646598815918,24201600
2023-10-24,25.41721350276195,25.73079771079029,25.30703622868385,25.62061882019043,26206600
2023-10-25,25.58672078195996,25.637571711240422,25.2816119732334,25.35788917541504,17805900
2023-10-26,25.41721520460789,25.925729340488264,25.35788885178419,25.84097671508789,28642700
2023-10-27,26.222361945214026,26.281688296282272,25.281610902498063,25.366363525390625,42718600
2023-10-30,25.72232295054525,25.76469845324005,24.93412631485616,25.01887893676757,29729100
2023-10-31,24.95955346786372,25.28161150267481,24.908700923007867,25.23076057434082,23954000
2023-11-01,25.42569085399576,26.069808549612944,25.408740005461173,25.98505592346192,32270700
2023-11-02,26.32406276467061,26.84105228912278,26.281687263151028,26.73087501525879,28793300
2023-11-03,26.78172777968394,27.14616132073732,26.74782608292258,27.03598403930664,31630500
2023-11-06,27.07835942674431,27.19701212476936,26.942755881423743,27.13768577575684,15746700
2023-11-07,27.417365354782063,27.46821789422265,27.205484623344667,27.32414054870605,24399000
2023-11-08,27.39194250419697,27.434318006664427,26.9512301658395,27.103784561157227,21912100
2023-11-09,27.31566506655668,27.45126861308736,26.807150958805742,26.959705352783203,27854400
2023-11-10,27.29023827162536,27.536020690762424,27.19701023450141,27.45974349975586,22850600
2023-11-13,27.222438848964675,27.459747496101347,27.12921079827281,27.400421142578125,19047300
2023-11-14,28.2225160489767,28.38354749266409,28.1631896959478,28.290319442749023,30950900
2023-11-15,28.56152655056148,28.688653064313648,28.29031944157101,28.47677230834961,20491800
2023-11-16,28.45134366822673,28.59542424328974,28.1970874432816,28.536094665527344,26581800
2023-11-17,28.375067881899373,28.62932411942925,28.349643228059424,28.383544921875,20850700
2023-11-20,28.60390308245632,29.01919080160017,28.59542927445267,28.951387405395508,26622100
2023-11-21,28.722555041366867,28.80730928440546,28.417446232515523,28.63780403137207,16167000
2023-11-22,28.858157707064564,28.909010251319188,28.46829790024352,28.61237525939941,14277300
2023-11-24,28.59542686181394,28.807307607511,28.54457431895095,28.62085151672364,9097200
2023-11-27,28.612370900956364,28.654749631234964,28.30726538103557,28.60389709472656,15033100
2023-11-28,28.578478903236,29.11241610857773,28.578478903236,28.9174861907959,24372200
2023-11-29,28.790358435797742,28.925961991615697,28.62085318276435,28.63780403137207,22256100
2023-11-30,28.65475487700068,28.84120774557861,28.451347926773,28.824256896972656,25073100
2023-12-01,28.5615214928996,29.25648999075344,28.53609360821692,29.171735763549805,22189600
2023-12-04,28.858157034944217,28.942911273394625,28.44287258218988,28.51914978027344,18826300
2023-12-05,28.425921318074213,28.73950391313785,28.30726861902546,28.59542655944824,15420100
2023-12-06,28.88358378398952,28.88358378398952,28.46829611456825,28.510671615600582,12705500
2023-12-07,28.65475460047266,28.731031801941462,28.38354749148219,28.47677230834961,14264400
2023-12-08,28.375069436211582,28.84120643605737,28.36659562881525,28.68865203857422,13372300
2023-12-11,28.502199596413263,28.646276955569167,28.44287324463805,28.61237525939941,12357800
2023-12-12,28.53609566904872,28.53609566904872,28.18861139502704,28.32421493530273,17329400
2023-12-13,28.468297753461293,29.3666732990655,28.290318699053305,29.35819625854492,38784300
2023-12-14,29.65482694693202,29.96840950678496,29.561598912992256,29.71415328979492,38632900
2023-12-15,29.66330499458454,29.66330499458454,29.273445190586195,29.315820693969727,40703700
2023-12-18,29.493797852163155,29.909085517932112,29.468373198376053,29.824331283569336,19355900
2023-12-19,30.146394305787275,30.29047490392124,30.06164329491588,30.222671508789062,36926600
2023-12-20,30.14456530035378,30.170894709204195,29.60924975285933,29.644350051879883,30131100
2023-12-21,30.091912421698574,30.25864971777665,29.8900714798142,30.127016067504883,19069400
2023-12-22,30.293754012157137,30.574576489284016,30.25865036559928,30.38150978088379,16014400
2023-12-26,30.6974374501897,30.90805599247353,30.61845591529178,30.84662628173828,15982400
2023-12-27,30.82907538926965,31.01336452704486,30.75009385198481,30.951934814453125,18672900
2023-12-28,30.86417556369389,30.987038336038907,30.69743825129948,30.8115234375,18399900
2023-12-29,30.837847018111145,30.86417307908881,30.54825030435286,30.67988395690918,9429200
2024-01-02,30.451717066927618,30.609680128733302,29.977827881510564,30.16211700439453,24856800
2024-01-03,30.056813907369,30.43416979504142,30.056813907369,30.21477699279785,23272600
2024-01-04,29.80231041942832,30.127014100434028,29.775984360626445,29.89884376525879,17008200
2024-01-05,30.118237089608662,30.442937429133668,30.06558162333389,30.24109649658203,20393200
2024-01-08,30.0480334205398,30.35518194074979,30.012929776039293,30.302526473999023,14099600
2024-01-09,30.056813408862244,30.083139473440927,29.84619484922749,29.87252426147461,18415500
2024-01-10,29.8900696867729,29.898843923864167,29.670676935146265,29.82863998413086,14039500
2024-01-11,30.00415695055834,30.100690314413672,29.65313049287424,29.97783088684082,24130900
2024-01-12,30.355182632844453,30.495593866380062,30.074360165773232,30.13578987121582,16998800
2024-01-16,29.793535131001253,29.793535131001253,29.26699053987108,29.345972061157227,26929500
2024-01-17,29.11780809315264,29.266993566751463,29.06515262429356,29.17046356201172,22320500
2024-01-18,28.951070480743404,29.021274424121653,28.73167771772605,28.880863189697266,20875100
2024-01-19,28.81065991589565,28.977397214503466,28.66147109278931,28.92474174499512,22034500
2024-01-22,28.63514406516519,28.84575924075241,28.17880672116906,28.38064765930176,28227400
2024-01-23,28.687797551716013,28.907190322875977,28.380649011159274,28.907190322875977,20000400
2024-01-24,29.302098420723848,29.32842448240479,28.82820922445843,28.89841651916504,20003800
2024-01-25,29.03882542835044,29.19678848108377,28.95984390198377,29.1265811920166,21268600
2024-01-26,29.21434195307373,29.40740531357508,29.100256775731133,29.2845458984375,21603400
2024-01-29,29.16168650905565,29.17046409452637,28.81943432439356,29.073930740356445,23422300
2024-01-30,28.801882894721444,28.933519897237176,28.556164060871325,28.836986541748047,25714800
2024-01-31,29.117809260626704,29.416183567455565,28.819434953797845,28.88963890075684,28536900
2024-02-01,28.986173653793475,29.240670087577893,28.94229576637125,29.214344024658203,21427300
2024-02-02,28.74922574427965,28.819433034230432,28.49473268737768,28.670244216918945,27615900
2024-02-05,28.591267971966808,28.749227689709347,28.22268637011937,28.67902374267578,24221100
2024-02-06,29.030052604015847,29.460060553644528,29.030052604015847,29.45128631591797,19310400
2024-02-07,29.22311579081116,29.38107885030213,29.13536002339081,29.30209732055664,14809700
2024-02-08,29.09148238278518,29.109030858281542,28.65269684668084,28.70534896850586,25990300
2024-02-09,28.758005277419887,29.00372411355689,28.722901630066584,28.89841651916504,19676200
2024-02-12,28.81943608006645,29.34597741967444,28.81943608006645,29.15291404724121,14479500
2024-02-13,28.76677937394869,28.80188302112936,28.07349908047082,28.3192195892334,33561800
2024-02-14,28.529833945395268,28.8018821816137,28.52105970768988,28.56493759155273,26961400
2024-02-15,28.626367307949177,28.8633118980884,28.59126700944807,28.784330368041992,20771100
2024-02-16,28.836986545792342,29.144135088148072,28.81066048435272,29.056379318237305,23824600
2024-02-20,29.442507336632005,29.57414432997408,29.407403692051744,29.56536674499512,24246600
2024-02-21,29.53904068539382,29.62679644917668,29.372303395139284,29.56536674499512,12356100
2024-02-22,29.58291969572118,29.609249103994607,29.363526930227547,29.389856338500977,20649500
2024-02-23,29.23189185073228,29.266992147267995,29.01249909596215,29.06515121459961,13705100
2024-02-26,29.24944767366328,29.319651624005186,29.07393277630615,29.214344024658203,16878400
2024-02-27,29.60047329959263,29.95150308456931,29.58292147557698,29.90762519836425,26620900
2024-02-28,29.626798488867653,29.653127897949428,29.16168688299536,29.26699447631836,26366400
2024-02-29,29.038827594597485,29.082705479703783,28.854538468550206,28.96862030029297,26318700
2024-03-01,29.14413495565741,29.26699437204118,28.89841612288988,29.13536071777344,17018000
2024-03-04,29.02127472963977,29.100256259064203,28.907189554322724,28.95107078552246,12340500
2024-03-05,28.907190455225763,29.073931104578275,28.7580049770346,28.828208923339844,17522400
2024-03-06,29.15291186925155,29.23189339905893,28.994948809636803,29.091482162475582,13997000
2024-03-07,29.08270534682097,29.100257170316898,28.92474228302561,29.0476016998291,10832100
2024-03-08,28.213912694380856,28.485957597601,28.13493116010156,28.371875762939453,32150000
2024-03-11,28.08227632447018,28.450854594348108,28.08227632447018,28.187583923339844,21263700
2024-03-12,28.38064847072797,28.679022767730523,28.23145964839272,28.56493759155273,21034900
2024-03-13,28.512286439261505,28.758005275381084,28.48595702991436,28.67902374267578,20240900
2024-03-14,28.65269467709893,28.66146891418273,28.284113113892936,28.43330192565918,18521700
2024-03-15,28.30166803253988,28.38064956560718,28.108601318893573,28.161256790161133,18366400
2024-03-18,28.406974035722644,28.406974035722644,27.871656831836045,28.0734977722168,30430500
2024-03-19,28.07349787633284,28.380648080653167,28.00329225881682,28.15248107910156,21085300
2024-03-20,28.24023872010173,28.845761583682,28.16125718592446,28.80188369750977,23414900
2024-03-21,28.81065976698704,28.81065976698704,28.538611530768613,28.56493759155273,15538800
2024-03-22,28.301667226266392,28.40697481813337,28.13492992683801,28.19635963439941,16256000
2024-03-25,28.231460871757008,28.354323638632195,28.2139123955858,28.30166816711425,10429400
2024-03-26,28.25778794398189,28.37187311566672,28.19635823945956,28.31044006347656,16233500
2024-03-27,28.187582556829,28.5561641565066,28.09982678663664,28.529834747314453,21995100
2024-03-28,28.31044020827935,28.591266020247865,28.31044020827935,28.450851440429688,18375300
2024-04-01,28.389422068181386,28.41575147603967,27.836553044341688,27.933086395263672,20111600
2024-04-02,27.9418637155108,28.19636013574338,27.889209918641104,28.091049194335938,20687200
2024-04-03,27.90676036720338,28.257790146984288,27.64348970620174,28.161256790161133,25252400
2024-04-04,28.52106080798593,28.8896390638546,28.073499345215907,28.161256790161133,42563800
2024-04-05,28.064722120421973,28.10860000392488,27.76634782586709,27.91553497314453,23229300
2024-04-08,28.012069374793445,28.62636813601584,28.012069374793445,28.538612365722656,20296500
2024-04-09,28.8457598478446,28.95984502316165,28.68779678899574,28.95107078552246,30366000
2024-04-10,28.433303549165647,28.5386111385227,28.02084408165432,28.15248107910156,33911600
2024-04-11,28.082273741815243,28.099825564624027,27.85410506680292,27.9243106842041,19988300
2024-04-12,27.77512476217128,27.8190043211272,27.33633921561617,27.441648483276367,25393000
2024-04-15,27.125723221419825,27.25735855482832,26.79224693186269,27.037965774536133,26929700
2024-04-16,26.46754448888877,26.67816135399257,26.239375799901136,26.3973388671875,34375800
2024-04-17,26.625507421312424,26.70448895455556,26.20427369323844,26.47632026672364,25571900
2024-04-18,26.625505027006504,26.765916257071314,26.16039178127064,26.42366409301757,24299400
2024-04-19,26.537750240873542,27.03796550718008,26.537750240873542,26.97653579711914,28418000
2024-04-22,26.844900066992675,27.266133793022792,26.739590798568127,27.21347999572754,18462900
2024-04-23,26.95898014360448,27.50307489254692,26.86244847315001,27.345111846923828,20096300
2024-04-24,27.20470448559287,27.23980813353076,27.037965505556024,27.1959285736084,13461600
2024-04-25,26.836124818387496,27.099395485204493,26.76591919564736,27.037965774536133,11300200
2024-04-26,27.467974149594845,27.79267618586064,27.441648088434103,27.67859268188477,17031700
2024-04-29,27.77512326743201,27.9418622348233,27.722469473352536,27.86288070678711,12570100
2024-04-30,27.555729852426914,27.63471137858992,27.19592586605498,27.231029510498047,20855400
2024-05-01,27.292462064259954,27.67859382428324,27.116947171385533,27.336339950561523,23506400
2024-05-02,27.81900412730813,28.02084507559705,27.731246683841725,27.889209747314453,18891100
2024-05-03,28.477183763069988,28.5561652984688,28.231461570902457,28.354324340820312,19648600
2024-05-06,28.301668466838684,28.547387307855107,28.28411664281349,28.371875762939453,13076100
2024-05-07,28.5912678364994,28.74045331553141,28.450853247761422,28.538612365722656,14982300
2024-05-08,28.108598243207588,28.5122834500842,28.108598243207588,28.43330192565918,9842100
2024-05-09,27.696143303611684,28.00329352178469,27.57328388587609,27.950639724731445,33750100
2024-05-10,28.091047154821297,28.126150799408453,27.71369301851276,27.740020751953125,10507500
2024-05-13,27.968191279050817,28.152482077713675,27.748798507301807,27.889209747314453,13588800
2024-05-14,27.889209052880613,28.117377730678324,27.84532949532299,28.055946350097656,14572000
2024-05-15,27.62593684849812,27.85410552728249,27.380218020448783,27.757572174072266,32220000
2024-05-16,27.92431165167117,27.959415298504943,27.69614296875371,27.81900405883789,15045200
2024-05-17,27.78389917875092,27.90675858954769,27.652263856635248,27.86288070678711,13368600
2024-05-20,27.678593618724296,28.02084581607016,27.59961208490078,27.78390121459961,15020000
2024-05-21,27.792676520510422,27.86288214084107,27.48552630387608,27.590835571289062,16696300
2024-05-22,27.24858142965088,27.29246098805624,27.020414421278968,27.090620040893555,23354300
2024-05-23,27.13449727888769,27.20470289682937,26.78346918917926,26.888776779174805,14779600
2024-05-24,26.967759413885663,27.02041488487553,26.634283133453337,26.70448875427246,19937500
2024-05-28,26.99408582889384,27.037963712071623,26.5816280359872,26.67815971374512,18720200
2024-05-29,26.230598650175253,26.344683826202584,26.14284288256528,26.22182273864746,19371600
2024-05-30,26.19549535269985,26.47631781204685,26.09896200461161,26.353458404541016,14695000
2024-05-31,26.10774006575842,26.15161795095717,25.826917583284715,25.976104736328125,19726900
2024-06-03,25.83569199636368,26.134066285141817,25.68650485197461,25.95855140686035,19214800
2024-06-04,25.56364558004134,25.70405849692179,25.49343995851813,25.668954849243164,32554100
2024-06-05,25.71283498866028,25.791816529025635,25.48466795408726,25.581199645996094,21361600
2024-06-06,25.853243580516825,26.16916970943036,25.835693430781426,26.12529182434082,31195700
2024-06-07,25.774263913324653,25.85324377230492,25.20384135992496,25.23894500732422,37267300
2024-06-10,24.96689620469784,25.195063197071736,24.923016649369096,25.10730743408203,27634800
2024-06-11,25.23785029003364,25.373829740295147,25.07467425809082,25.246915817260746,26014400
2024-06-12,25.12906264458273,25.18345580134824,24.54888280499586,24.69392776489257,43671600
2024-06-13,24.66673359639388,24.86617173254076,24.449166135292952,24.7392578125,29116000
2024-06-14,24.54888500269735,24.95682506959728,24.521688421879865,24.721126556396484,22735500
2024-06-17,24.421972498853343,24.60327786092512,24.331318953281173,24.458232879638672,18977100
2024-06-18,24.4672990319049,24.79365111266948,24.44916797651296,24.5307559967041,27087800
2024-06-20,24.848041254232697,25.0928053020445,24.52168919048363,24.6032772064209,28757000
2024-06-21,24.70299687822725,24.965891986886145,24.693931350783224,24.893367767333984,22076000
2024-06-24,25.255980496090903,25.464482428092737,25.219718388400604,25.373828887939453,23639800
2024-06-25,25.201586180947512,25.28317419044352,24.9840187319823,25.02028083801269,16425300
2024-06-26,24.612342688319785,24.811780828720284,24.52168914532615,24.802715301513672,21855700
2024-06-27,25.04747674930541,25.21971830210001,24.79364891263176,25.14719581604004,30096400
2024-06-28,24.902432338556224,25.0021514075388,24.603276860681,24.7755184173584,28218100
2024-07-01,24.938694797393275,25.11093635649112,24.6032772064209,24.6032772064209,20411700
2024-07-02,24.55795150051404,24.811781077628087,24.349449559887777,24.62140846252441,33023500
2024-07-03,25.0928067746656,25.47355029502669,25.065610191399585,25.42822265625,33503600
2024-07-05,25.55513531199114,25.745506185259107,25.265045374208096,25.736440658569336,35541300
2024-07-08,25.46448177416584,25.799897616325325,25.44635072078629,25.736440658569336,17802200
2024-07-09,25.836161142665432,26.17157873232703,25.72737654548336,26.099056243896484,18780800
2024-07-10,26.33475315979899,26.352884214261024,26.00840282484493,26.126251220703125,16408500
2024-07-11,26.31662496993221,26.416342315631024,26.13531787563376,26.244102478027344,19614200
2024-07-12,26.198774410049765,26.48886437290945,26.12625191933484,26.42540740966797,16038000
2024-07-15,26.33475366340197,26.534191808153217,26.189708683077,26.407276153564453,17120600
2024-07-16,26.570450879875327,26.661104420381104,26.22596950084033,26.461668014526367,22640500
2024-07-17,26.22596984312836,26.41634072450989,26.198773261899923,26.289426803588867,17561300
2024-07-18,25.85429412099184,25.972142525058988,25.437288484680284,25.45541954040528,26644300
2024-07-19,25.85429348617929,25.872424541459104,25.37383089569994,25.382896423339844,22910100
2024-07-22,25.60952949523925,25.81803144429387,25.537007002999715,25.60952949523925,19481100
2024-07-23,25.39196069330903,25.527940143027305,25.2287846620181,25.237850189208984,15335900
2024-07-24,24.984020209414307,25.27411015852241,24.91149772213728,24.96589088439941,17425300
2024-07-25,24.938695404554085,25.07467485806926,24.802715951038905,24.893367767333984,13148300
2024-07-26,24.920562830968585,25.174392396714698,24.91149730407703,25.14719581604004,12123000
2024-07-29,25.192523653036865,25.23784955878657,24.884302652535897,25.165327072143555,11130500
2024-07-30,24.929629302898288,25.047477698810987,24.83897575961869,25.02934837341309,15495800
2024-07-31,25.029347726326844,25.337568728065463,25.029347726326844,25.174392700195312,21165400
2024-08-01,25.35569678243185,25.51887280212532,24.73925653891663,24.8117790222168,20227000
2024-08-02,24.80271383319332,24.848039737470582,24.476361789365274,24.639537811279297,23586900
2024-08-05,23.80552973096602,24.485428708216894,23.77833314940988,24.3585147857666,27857600
2024-08-06,24.71206061274231,25.165326577622235,24.639538127524418,24.90243148803711,25690300
2024-08-07,25.35569881043972,25.45541788135536,25.15626239768097,25.274110794067383,16155400
2024-08-08,25.410090543112048,25.854290979972856,25.31943700457317,25.75457191467285,22243300
2024-08-09,26.22597129161992,26.57045269417703,26.008403816993443,26.45260429382324,20783300
2024-08-12,26.715497747052165,26.81521682158536,26.570452763588936,26.679237365722656,19207100
2024-08-13,26.860539216243577,27.17782572445975,26.79708226041481,27.15969467163086,24908200
2024-08-14,27.177829942892032,27.341005985534863,27.1234385050353,27.19596099853516,16962100
2024-08-15,27.22315469923841,27.55857054775457,27.22315469923841,27.2956771850586,21874400
2024-08-16,27.59483362046294,27.64922505446256,27.31380746514111,27.41352653503418,21275300
2024-08-19,27.649226749895227,28.229406692327498,27.631095694426065,28.03903579711914,19868100
2024-08-20,27.785206925860223,27.8305345657046,27.594836025731848,27.69455337524414,15997400
2024-08-21,27.903055544005447,27.95744697979016,27.59483452610448,27.73081398010254,11199900
2024-08-22,27.277545199917576,27.37726426291749,26.89680173009437,26.978389739990234,30963700
2024-08-23,27.25035026059975,27.69455071395345,27.12343633937655,27.59483337402344,20777900
2024-08-26,27.52230918069436,27.94837855344812,27.52230918069436,27.830530166625977,16534200
2024-08-27,27.75800908181043,27.91211958254005,27.69455039286208,27.78520393371582,8461800
2024-08-28,27.422590751445377,27.703615164262057,27.3681993200456,27.68548583984375,12924700
2024-08-29,27.13250107191248,27.168761450169026,26.9058680883236,27.06904411315918,25900600
2024-08-30,26.5251247058838,27.105304592736896,26.5251247058838,27.078109741210938,47117200
2024-09-03,26.905869861133297,26.914935388562867,26.588583317388576,26.633909225463867,23963500
2024-09-04,26.769888252678243,27.041847137380586,26.769888252678243,26.81521415710449,17619700
2024-09-05,26.933063666575865,27.150632858276367,26.8514773810288,27.150632858276367,14487300
2024-09-06,27.19595785019466,27.27754586207104,26.49792785039561,26.61577796936035,23557700
2024-09-09,26.57045298590423,26.824282573624973,26.525127076594952,26.71549797058105,11957400
2024-09-10,26.561385801568225,26.60671343712298,26.189707835381707,26.298492431640625,13294100
2024-09-11,26.443537061600782,26.56138545435764,26.16251264112484,26.470733642578125,12530900
2024-09-12,26.361951567955167,26.561387993637776,26.15344961441344,26.543258666992188,13803700
2024-09-13,26.82428211740621,27.150634191914875,26.82428211740621,26.8786735534668,17904100
2024-09-16,27.19596099853516,27.37726809682111,27.1234385050353,27.19596099853516,10432300
2024-09-17,27.159696537398528,27.359134674072266,27.059979198134144,27.359134674072266,14695900
2024-09-18,27.30474399184805,27.676421965233168,27.07811099690236,27.2231559753418,17090300
2024-09-19,27.56763607461615,27.56763607461615,27.2322202261,27.2956771850586,16138200
2024-09-20,27.02371685333175,27.09623933992188,26.398211054894062,26.461668014526367,30075200
2024-09-23,26.198773161237792,26.371014716877745,26.16251278214504,26.28036117553711,24198500
2024-09-24,26.960260165501342,27.150632775389983,26.815215190858805,26.92399978637696,21431500
2024-09-25,26.860541341957163,27.03278289931793,26.67923598653702,26.74269294738769,26106800
2024-09-26,27.059979257803,27.177827651401675,26.82428074153316,26.94212913513184,32485700
2024-09-27,26.942129236092416,27.17782775324549,26.93306370900124,26.9511947631836,12888900
2024-09-30,26.93306372826697,26.97839136375527,26.633908250334173,26.733627319335938,14547100
2024-10-01,26.842410204215707,26.96932411734712,26.58858064888049,26.75175666809082,19830300
2024-10-02,27.33193673295268,27.38632816339701,26.942127735111374,26.987455368041992,19347600
2024-10-03,26.479797464332403,26.561385478265382,26.20783857060412,26.488862991333008,19315200
2024-10-04,26.443536744280006,26.67923525603783,26.38914531205049,26.661104202270508,15078600
2024-10-07,26.57045100526599,26.83334610106615,26.407274977400025,26.488862991333008,11230100
2024-10-08,26.21690401364819,26.36194898704845,26.126250473004905,26.2622299194336,10924700
2024-10-09,25.85429064994443,25.899616554099072,25.636723197671827,25.70924568176269,25465800
2024-10-10,25.77270189848663,25.863355433262885,25.65485178455579,25.845224380493164,11874700
2024-10-11,25.509809045886875,25.69111613125568,25.4010261779236,25.672985076904297,14482900
2024-10-14,25.76363988848725,26.262231804199114,25.70018292420457,26.244102478027344,16173400
2024-10-15,25.89055317417792,25.90868422897208,25.65485464907147,25.745508193969727,14772900
2024-10-16,25.62765840076097,25.972139777733425,25.60952734695388,25.790834426879883,12831900
2024-10-17,25.51887320523205,25.76363723863865,25.473547300855607,25.736440658569336,11336900
2024-10-18,25.90868466383738,25.90868466383738,25.50981009703365,25.5642032623291,14186900
2024-10-21,25.50980789052988,25.627658009403834,25.419156081023665,25.537004470825195,9556300
2024-10-22,25.509809269107706,25.564202432637813,25.29224180220484,25.47354888916016,11700000
2024-10-23,25.31943765715716,25.410091198032543,25.21971858928699,25.39196014404297,14299400
2024-10-24,25.274108848624337,25.71831100538072,25.2469139979752,25.69111442565918,16232300
2024-10-25,25.57326635528739,25.718313063001112,25.437286903945346,25.5007438659668,14486700
2024-10-28,25.682050559780947,25.9630749854526,25.682050559780947,25.87242317199707,15516100
2024-10-29,25.85429314898632,25.94494669513045,25.546072129539787,25.573266983032227,11110500
2024-10-30,25.46448588925397,25.582334297120607,25.37383233677896,25.54607391357422,13076200
2024-10-31,25.292241194548687,25.44635169603638,25.138130693061,25.18345832824707,15048900
2024-11-01,25.02028378728155,25.047478640937555,24.412907272256945,24.485429763793945,25517100
2024-11-04,25.08373928355205,25.310372272478585,25.03841337739573,25.20158767700196,22083200
2024-11-05,25.101870817705635,25.4644832611084,25.020282801805948,25.4644832611084,19923800
2024-11-06,25.1653277574196,25.772704247996533,24.89336712829816,25.68205070495605,30569000
2024-11-07,25.954010901108937,25.954010901108937,25.410093073848664,25.60952949523925,29784200
2024-11-08,25.183459531526,25.192525058996367,24.684865895090983,25.1200008392334,39773500
2024-11-11,24.92056442210293,25.21065438486454,24.8299108764718,25.1200008392334,20309300
2024-11-12,25.04747642249028,25.219717973037493,24.938693559355933,25.101869583129883,16472600
2024-11-13,25.06560812228668,25.06560812228668,24.757387120338656,24.956825256347656,17677300
2024-11-14,24.82991047977276,24.96589166058323,24.74832246291549,24.848041534423828,19530700
2024-11-15,24.94775966872757,25.04747700741732,24.70299562735073,24.748321533203125,15728900
2024-11-18,24.83897389752728,25.01121544393889,24.712059983893663,24.82990837097168,15746800
2024-11-19,24.73019218444824,24.8661716309467,24.675799022590883,24.73019218444824,10524100
2024-11-20,24.67579989723724,24.70299647912991,24.53982044591892,24.62140846252441,15546300
2024-11-21,24.349449583910275,24.50356008997576,24.24066498530478,24.40384101867676,20185900
2024-11-22,24.47636437305742,24.938695907592773,24.42197293636873,24.938695907592773,15135100
2024-11-25,24.965889846054324,24.965889846054324,24.739256866605345,24.85710525512696,14315500
2024-11-26,25.002152367589662,25.101871440401325,24.838976331742423,24.893367767333984,17932800
2024-11-27,24.8661726113012,24.92056404623048,23.977771681475232,23.986835479736328,40329900
2024-11-29,22.83553958814982,23.397588411234327,22.735820523475425,23.134695053100582,47931600
2024-12-02,22.862734043950827,23.034975590209225,22.73582013043011,22.8808650970459,26922900
2024-12-03,22.9805854250164,23.08936829143025,22.79927834223,23.02591133117676,16169200
2024-12-04,23.089368796853044,23.25254482911821,22.98965145530296,23.071239471435547,16085000
2024-12-05,23.57889825815329,23.74207429986141,23.442918799754064,23.461048126220703,18387100
2024-12-06,23.36132988525681,23.36132988525681,22.89899836112696,22.908063888549805,22627900
2024-12-09,23.2525454602487,23.44291807941608,23.143762588500977,23.143762588500977,13633900
2024-12-10,23.45198571439007,23.50637715515175,23.306938990571044,23.397592544555664,17605100
2024-12-11,23.56983022007177,24.249729168727686,23.279740278630168,24.032161712646484,50549200
2024-12-12,23.72394207701617,23.760202457237924,23.12563110624059,23.3250675201416,41706700
2024-12-13,23.234412090069647,23.261608669832857,22.862734145334446,22.889930725097656,26773400
2024-12-16,22.79021307591472,22.87180109119476,22.38227472858702,22.391340255737305,32671800
2024-12-17,22.374267691059988,22.95283135614833,22.175089294451027,22.76313781738281,41871900
2024-12-18,22.33632930849513,22.38375359993917,21.112811534067035,21.24559593200684,65477800
2024-12-19,21.691374184751428,21.90952048776385,21.615497131136166,21.65343475341797,49259800
2024-12-20,21.814675845730275,22.09921437227124,21.757768502232448,21.90003776550293,46157900
2024-12-23,21.643949692823178,21.68188912380122,21.43528824959887,21.45425796508789,30378300
2024-12-24,21.57755699733382,21.700856527050167,21.39734832246999,21.5870418548584,4714800
2024-12-26,21.520650019207704,21.738796318746854,21.435288109118183,21.549102783203125,14414100
2024-12-27,21.397350311279297,21.558589286080565,21.33095811148791,21.397350311279297,19290800
2024-12-30,21.45425948610249,21.55858931058536,21.302503560483125,21.444774627685547,22151300
2024-12-31,21.435287904146303,21.435287904146303,21.29301865837475,21.349925994873047,10680200
2025-01-02,21.150747425721995,21.66291887705533,21.112809804725966,21.53961753845215,18808700
2025-01-03,21.51116656215613,21.54910418630409,21.255080815213383,21.29302024841309,15003900
2025-01-06,21.69137457217726,21.89055116308041,21.58704294319845,21.662919998168945,22129400
2025-01-07,22.032819818545537,22.20354363987022,21.89055057045885,21.985397338867188,28764100
2025-01-08,21.73879630440207,21.73879630440207,21.596527057363964,21.69137382507324,16795000
2025-01-10,21.6249806841438,21.700857739528274,21.444773808262987,21.52065086364746,14737800
2025-01-13,21.530136347734704,21.71982808718572,21.46374233942252,21.63446617126465,13659400
2025-01-14,21.681888827527764,21.871580552671,21.61549663327505,21.78621864318848,13166400
2025-01-15,22.21302814704126,22.58292854803906,22.0233346132184,22.55447578430176,22435300
2025-01-16,22.36478212630563,22.4027215564802,22.013849633397268,22.165605545043945,24915500
2025-01-17,22.26045145193552,22.56396147912402,22.213028971246025,22.336328506469727,22205400
2025-01-21,22.48808209667985,22.677775633164483,22.402721995218567,22.61138343811035,18353100
2025-01-22,22.8010782883979,23.114071375296128,22.8010782883979,22.933862686157227,24726500
2025-01-23,23.066646233851323,23.189947577842503,22.85798478662613,22.96231460571289,26975000
2025-01-24,23.095101923814465,23.256340898252127,23.01922486578802,23.085617065429688,22286000
2025-01-27,23.12355255900028,23.417577714677584,23.0666452229876,23.370153427124023,20597600
2025-01-28,23.389122745098323,23.531391987240703,23.351185124751083,23.502939224243164,17172200
2025-01-29,23.47448621617829,23.59778575183608,23.32273210657561,23.39860916137696,15951400
2025-01-30,23.56933258005521,24.23325634584239,23.521908290965783,24.06253433227539,34801900
2025-01-31,24.28068292606102,24.4039824712248,24.01511230925587,24.02459716796875,34152400
2025-02-03,23.72108697146636,24.16686443994221,23.64520991706512,24.07201766967773,31448300
2025-02-04,23.901294557975845,24.299649527577163,23.8918097004792,24.138410568237305,23408000
2025-02-05,23.93923519638465,24.21429067130269,23.891812711975533,24.119443893432617,19579400
2025-02-06,24.25222579064617,24.45140418449419,24.17634873800208,24.441919326782227,18221600
2025-02-07,24.42294990078686,24.42294990078686,23.882325668159456,23.92026329040528,29032800
2025-02-10,24.185834066484446,24.34707303262308,24.09098729657025,24.26171112060547,17456000
2025-02-11,24.508312297293088,24.536766871329448,24.34707332919044,24.46088981628418,12674800
2025-02-12,24.185834617067776,24.20480433329279,23.977173165747768,24.034080505371094,30670500
2025-02-13,23.863357298415742,24.17635038806624,23.834902723337784,24.14789581298828,16579900
2025-02-14,24.62212772542861,25.09635978617156,24.59367495957716,25.01099967956543,34751400
2025-02-18,24.98254387425212,25.210175035111504,24.98254387425212,25.02996635437012,24994100
2025-02-19,24.868727620209818,24.98254410622216,24.66955103100281,24.74542808532715,19095900
2025-02-20,24.783366049173893,24.97305959212221,24.75491328406784,24.849760055541992,18069700
2025-02-21,24.508311651383565,24.527281366907864,24.08150209734508,24.157379150390625,37678700
2025-02-24,24.26171065804212,24.34707256843225,23.75902405341706,23.76850891113281,23372700
2025-02-25,24.00562561647548,24.090987529317783,23.90129579670841,23.9771728515625,24335100
2025-02-26,23.796964350887983,23.9107790295185,23.578818042636414,23.59778594970703,20959400
2025-02-27,23.53139309459238,23.673662343429733,23.389123845755027,23.4365463256836,24654100
2025-02-28,23.1994288368018,23.26582283716389,22.7251968313818,22.867467880249023,39406000
2025-03-03,23.16149229379276,23.427062880432203,22.76313731835941,22.89592170715332,27583800
2025-03-04,22.791592823901823,22.94334693417656,22.30787591900671,22.67777633666992,26308700
2025-03-05,22.82953076894632,23.37963987871424,22.76313857089614,23.313247680664062,33233000
2025-03-06,23.31324729391316,23.54087845875966,23.15200832601541,23.30376243591309,17131900
2025-03-07,23.34170170643008,23.62624020825679,23.26582465200617,23.54087829589844,23050300
2025-03-10,23.30376181848758,23.40809344467238,22.85798435860536,23.04767608642578,23094800
2025-03-11,23.076131747807963,23.189948237108453,22.82004600367065,23.123554229736328,18962600
2025-03-12,23.123552282928404,23.29427609797977,23.019222469659347,23.21839904785156,19646900
2025-03-13,23.10458492531657,23.58830180975392,23.09510006769408,23.521907806396484,16365200
2025-03-14,23.87284121280892,24.59367413814858,23.844386638856093,24.5083122253418,29252700
2025-03-17,24.612643870311715,25.248114883262723,24.612643870311715,25.086875915527344,27460600
2025-03-18,25.153266837299025,25.30502093935093,24.96357330520836,25.2006893157959,26370400
2025-03-19,25.314508264395247,25.72234813180832,25.23863120597317,25.551624298095703,26788700
2025-03-20,25.418836001810487,25.418836001810487,25.16275208132157,25.210174560546875,22603500
2025-03-21,24.992027877737435,25.210174173305592,24.954088447698663,25.2006893157959,19579900
2025-03-24,24.97305920335672,25.13429816963721,24.76439775660324,24.840274810791016,17662700
2025-03-25,24.992029889761778,25.43780737429584,24.992029889761778,25.058422088623047,27892100
2025-03-26,25.05842136057812,25.11532869951272,24.84027505378573,24.944604873657227,18423200
2025-03-27,24.887696790187444,25.14378252130968,24.86872707475951,24.973058700561523,16269600
2025-03-28,24.773881536433688,24.840273729827377,24.46088847539801,24.62212562561035,24379600
2025-03-31,24.41346583967162,24.6695515821317,24.242742011364896,24.517797470092773,15634400
2025-04-01,24.555734474173583,24.973059176279733,24.498827135857365,24.79285049438477,20282900
2025-04-02,24.745428013963195,24.811820210174066,24.52728170954131,24.79285049438477,10079200
2025-04-03,24.973058700561523,25.276566911201964,24.916151363329348,24.973058700561523,39374900
2025-04-04,23.80645029087256,23.87284249126628,23.066647609945846,23.23737144470215,53970300
2025-04-07,22.582929207153,23.62624005552596,22.37426776109908,22.715715408325195,47094200
2025-04-08,23.36066939130442,23.37963910699309,22.08972919404182,22.23199844360352,33444600
2025-04-09,21.919005259349625,23.76850911233852,21.862096112573365,23.4365463256836,52158300
2025-04-10,23.11406984310558,23.313246426541507,22.45014428021591,22.94334602355957,31636200
2025-04-11,22.924377873852738,23.55036404890452,22.839015958250062,23.417579650878903,25823500
2025-04-14,23.777995751411527,23.84438795190581,23.436548081381748,23.721088409423828,20164600
2025-04-15,23.70211690071521,23.86335586503511,23.54087793639531,23.57881736755371,18272900
2025-04-16,23.45551722669039,23.75902545529614,23.408094744365144,23.512426376342773,13459800
2025-04-17,23.52190830704008,24.138411402262435,23.49345554261864,23.92026329040528,26992500
2025-04-21,23.977171759650624,24.081501574666543,23.654693838943373,23.90129470825196,13595000
2025-04-22,24.015111221850365,24.57470519720903,23.99614150528356,24.52728271484375,23952300
2025-04-23,25.077389548464723,25.24811336391704,24.859241445913664,24.95408821105957,27029300
2025-04-24,25.2101748337916,25.485230281624144,25.00151339026638,25.361928939819336,20679100
2025-04-25,25.409355039685785,25.61801649808355,25.3524458890804,25.551624298095703,20177000
2025-04-28,25.61801510169616,25.86461598038912,25.551622905327225,25.807706832885746,25976900
2025-04-29,25.79822376628784,26.101731983223885,25.72234671205382,25.94997787475586,19284400
2025-04-30,25.58007511223809,25.712861311132155,25.409353100605667,25.646469116210938,29967200
2025-05-01,25.67492150535267,25.68440636292457,25.32399082045052,25.494712829589844,18544300
2025-05-02,25.79822240239542,25.874099452617987,25.627498587131747,25.72234535217285,13493900
2025-05-05,25.798224111500424,25.798224111500424,25.323992063929104,25.33347511291504,21657700
2025-05-06,25.24811515289161,25.323992208574342,25.12481380674985,25.238630294799805,11185000
2025-05-07,25.22914514062761,25.22914514062761,24.92563692145853,25.039451599121094,16052600
2025-05-08,25.74131524181101,26.24400186893459,25.70337761830168,26.063793182373047,36672200
2025-05-09,26.11121665385857,26.253485903395497,26.05430750680248,26.13966941833496,17650700
2025-05-12,26.262970053413216,26.300907674709816,25.94049213165988,26.07327651977539,24174200
2025-05-13,26.45266090563476,26.983802058683874,26.36729899921799,26.869985580444336,41363000
2025-05-14,26.794111325037765,26.95535029740891,26.66132692745625,26.74668884277344,33201100
2025-05-15,26.765655314939465,26.84153236792452,26.395754907768755,26.566478729248047,29819500
2025-05-16,26.22503070413053,26.65184025160917,26.19657794033304,26.55699348449707,21741300
2025-05-19,26.40524041785537,26.88895732097954,26.395755559866465,26.727718353271484,19490700
2025-05-20,26.67081024196432,26.70874786376953,26.452662132640704,26.70874786376953,18484800
2025-05-21,26.55699446524238,26.604416946023925,26.14915461793503,26.244001388549805,17088600
2025-05-22,26.20606207402521,26.69926383618908,26.05430796398274,26.10173225402832,40228500
2025-05-23,25.45677551692788,26.22503089904785,25.380898464484563,26.22503089904785,34372700
2025-05-27,26.481117949029866,26.68029454322445,26.38627117648647,26.547510147094727,19071600
2025-05-28,26.26297187805176,26.39575627539256,26.11121776421892,26.26297187805176,14661500
2025-05-29,26.329364464064305,26.41472638048253,26.15864063122784,26.27245712280273,20187500
2025-05-30,26.054307711578705,26.054307711578705,25.66543758223064,25.807706832885746,24763900
2025-06-02,26.06379298633522,26.101732418610904,25.712862283043624,25.86461639404297,20035500
2025-06-03,25.7887394862883,26.22503210564803,25.65595328161436,26.15863990783692,25619600
2025-06-04,26.310392602886303,26.47163156419557,25.97842982265528,26.025854110717773,21661600
2025-06-05,26.2819383067228,26.40523964793169,26.101731437343084,26.177608489990234,29978700
2025-06-06,26.25348617489601,26.348332945252043,26.035339869413324,26.291423797607425,19984200
2025-06-09,25.98791572175805,26.272456034381417,25.798223989060823,26.196578979492188,20783100
2025-06-10,26.367300852081907,26.62338658932768,26.225031601073702,26.291423797607425,20745100
2025-06-11,26.281938622741865,26.84153257113764,26.177608804754826,26.765655517578125,26801600
2025-06-12,26.613902611130225,26.79411129985845,26.528540695893263,26.699264526367188,21141200
2025-06-13,26.48111593776154,26.727716804024084,26.39575402986098,26.68977737426757,34874300
2025-06-16,26.955469541587657,27.39989760229284,26.955469541587657,27.35158920288086,27862100
2025-06-17,27.34192590616742,27.438540856501167,27.01343618069881,27.15835952758789,31187000
2025-06-18,27.23565400602144,27.254975523914563,27.07140912587873,27.129377365112305,14355700
2025-06-20,27.11971528755978,27.12937696775338,26.73325729370117,26.73325729370117,19646200
2025-06-23,26.70427130582561,26.781562901855526,26.52070491699019,26.723594665527344,20151700
2025-06-24,26.858854071118863,27.264635404522625,26.858854071118863,27.032760620117188,26080300
2025-06-25,26.771902293827967,26.878178933665307,26.56901253716805,26.636642456054688,25971700
2025-06-26,26.89750152877521,27.206667916475173,26.82987161181297,27.17768287658692,27289200
2025-06-27,27.100390323591977,27.332266948963643,27.052083768259443,27.18734359741211,18680700
2025-06-30,27.245315611276407,27.90229328725969,27.177683849116992,27.873310089111328,46432200
2025-07-01,27.84432514771486,27.940940108367982,27.651097069185703,27.81534194946289,18308100
2025-07-02,27.77669313313584,27.931276321411133,27.525494991494245,27.931276321411133,19056600
2025-07-03,27.97958424012569,28.3563823923376,27.97958424012569,28.31773567199707,16386700
2025-07-07,28.04721602513208,28.09552258282272,27.583464594527417,27.63177299499512,29163400
2025-07-08,27.68974009042044,27.82499992059565,27.55448026024522,27.738046646118164,15645200
2025-07-09,27.58346323763852,27.62210995611157,27.19700526679287,27.206666946411133,36711900
2025-07-10,26.636641293489973,26.868516080742666,26.57867305737105,26.78156280517578,58297200
2025-07-11,26.540025680596884,26.69460886826899,26.38544249292477,26.59799575805664,27773400
2025-07-14,26.443412811753543,26.569010961842203,26.317812818887912,26.38544273376465,21671800
2025-07-15,26.511042515073378,26.597995788585862,26.16322942102344,26.54002571105957,40297700
2025-07-16,26.433752699394766,26.64630413629236,26.298491018844405,26.636642456054688,21936500
2025-07-17,26.482057237664225,26.75257873535156,26.44341236243857,26.75257873535156,23011200
2025-07-18,26.65596487830877,26.73325647471262,25.912032111186083,25.941017150878903,28778400
2025-07-21,26.134243950363324,26.36612057108257,26.08593739600002,26.16322898864746,29230300
2025-07-22,26.308152522996583,26.36612260403463,26.06661604700262,26.08593940734864,17744200
2025-07-23,26.11492379891435,26.63664161585261,26.11492379891435,26.5496883392334,26780300
2025-07-24,26.28882800266723,26.33713640140068,26.114923295557784,26.211536407470703,18412900
2025-07-25,26.201877825919063,26.250184384190053,25.921694628171537,26.027971267700195,22740500
2025-07-28,25.89270822867905,25.90236990838162,25.496588574758903,25.622188568115234,22597200
2025-07-29,25.61252657280085,25.97966118308928,25.61252657280085,25.854063034057617,20673100
2025-07-30,25.7284647434754,26.259846099042644,25.409636667245884,25.970001220703125,62920800
2025-07-31,25.58354272049551,25.86372591307989,25.49658944298844,25.651172637939453,26591800
2025-08-01,26.172892181110303,26.25018377822592,25.670495878470327,25.747787475585938,30103500
2025-08-04,26.08593855575252,26.153568471978662,25.85406376750129,26.018308639526367,16455800
2025-08-05,26.105260848999023,26.298488909926,25.95067766314667,26.105260848999023,15511100
2025-08-06,26.5013828161382,26.71393425462268,26.395106175507408,26.52070617675781,27541100
2025-08-07,26.77190163900153,27.148699787946228,26.752580121775857,27.100391387939453,27981200
2025-08-08,27.081070199049844,27.12937675686526,26.81054868406316,26.86851692199707,31947400
2025-08-11,26.79122459244396,26.89750122806906,26.65596476003164,26.70427131652832,16383800
2025-08-12,27.061746071323,27.48685077059522,27.061746071323,27.42888069152832,31062800
2025-08-13,27.24531556334177,27.36125204128545,27.158362283495457,27.22599220275879,29390400
2025-08-14,26.92648689326313,27.31294488254685,26.88784017294624,26.94580841064453,36668900
2025-08-15,27.26463516085422,27.50617162279835,27.12937533185413,27.24531364440918,25575700
2025-08-18,27.32260608132144,27.477189274311847,27.225991125008186,27.33226776123047,21766900
2025-08-19,26.684950211708088,26.8008866862014,26.40476701992468,26.433752059936523,40429700
2025-08-20,26.62697874462007,26.83953200808046,26.540025471891177,26.75257873535156,27693000
2025-08-21,26.70427130582561,26.80088626155726,26.54968811376578,26.723594665527344,18525400
2025-08-22,26.91682431894514,27.69940195159277,26.84919440341444,27.641433715820312,45862200
2025-08-25,27.68974102589723,27.989245735451025,27.67041766585452,27.767032623291016,25325400
2025-08-26,27.68007859207629,27.747708507606987,27.40955892995349,27.641433715820312,23547000
2025-08-27,27.573804208630143,28.04721546713277,27.48685093229528,28.037553787231445,23966600
2025-08-28,28.18247560916736,28.752501830155488,28.17281392916012,28.491641998291016,44091200
2025-08-29,28.443334483800644,28.568932634113864,28.40468776507229,28.50130271911621,19563400
2025-09-02,27.853985565400667,28.182475311064174,27.796017328747407,28.018230438232425,28451400
2025-09-03,28.027893077879,28.221121154265457,27.90229307758957,28.008569717407227,16810300
2025-09-04,28.037554526912103,28.308074200177813,27.8636479696544,28.18247604370117,20744500
2025-09-05,28.771824982874392,28.94572969342072,28.39502683641479,28.62690162658692,29163100
2025-09-08,28.6075792467024,28.65588580215665,28.27908950983801,28.578594207763672,17186300
2025-09-09,28.55927093368743,28.70419244325956,28.47231765938876,28.53994941711425,14692000
2025-09-10,28.675209875253245,28.9747145806344,28.675209875253245,28.78148651123047,23811200
2025-09-11,28.86843754855613,29.254897367615445,28.83945435207057,29.03268241882324,24840700
2025-09-12,28.926407701937183,29.20658904442556,28.85877778625989,29.01336097717285,21274700
2025-09-15,29.22591176859104,29.61236973747156,29.187265050314508,29.477109909057617,27909400
2025-09-16,29.63169478246256,29.71864806075488,29.4481265457591,29.651018142700195,26429500
2025-09-17,29.670338381862805,30.19205802913928,29.670338381862805,29.892553329467773,39751100
2025-09-18,29.902215136714325,29.9505216926562,29.708985227392844,29.776615142822266,18201000
2025-09-19,29.86356924861741,29.931199165928465,29.73797109400789,29.88289260864257,22505000
2025-09-22,29.59304794185018,29.815262898126804,29.36117314827101,29.74763298034668,27533100
2025-09-23,29.8249247811764,30.39494916753544,29.77661638044966,30.259689331054688,32623600
2025-09-24,30.085782164709585,30.20172048132877,29.93119897106869,29.998828887939453,22707800
2025-09-25,29.9118752972295,29.921536977077785,29.51575563733504,29.544740676879883,32002800
2025-09-26,29.66067783036852,29.72830774388017,29.54473951950787,29.689661026000977,15900000
2025-09-29,30.076118666506773,30.20171865548249,29.92153548221121,29.940858840942383,24349800
2025-09-30,30.153413134159504,30.153413134159504,29.73797193848323,29.950523376464844,21898300
2025-10-01,30.0567986521767,30.105105208641096,29.496434120415486,29.544740676879883,35845400
2025-10-02,29.58338784194858,29.63169439914072,28.9843765817701,29.216251373291016,39252600
2025-10-03,29.19692884991192,29.361173728959297,29.100315732759288,29.303205490112305,27077400
2025-10-06,29.409480226375194,29.428801742888613,29.19692695973488,29.28388023376465,23565900
2025-10-07,29.01336046055241,29.06166701581117,28.63656232698157,28.67520904541016,30018900
2025-10-08,28.85877799987793,28.90708455635444,28.73317800459581,28.85877799987793,17955700
2025-10-09,29.01336143096773,29.100314707563424,28.60758008778017,28.66554832458496,19749000
2025-10-10,28.617242990162776,28.63656450807172,27.689741947780696,27.81534194946289,57542600
2025-10-13,28.172813404871484,28.356381636038886,28.037553572841293,28.192136764526367,26812100
2025-10-14,27.89263216733149,28.346720064290604,27.85398544787437,28.114845275878903,29166400
2025-10-15,28.21145992128079,28.54960949892425,28.20179824152284,28.327396392822266,25713300
2025-10-16,28.279089943558084,28.636562882066848,28.19213666818525,28.250104904174805,27034700
2025-10-17,28.13416874327645,28.762163194641907,28.08586034377017,28.70419311523437,18520800
2025-10-20,28.98437469921547,29.361170980616656,28.92640646579457,29.19692611694336,17833400
2025-10-21,29.00370036600441,29.17760692288314,28.8781003670244,28.926408767700195,25782200
2025-10-22,28.916746022158,29.13895912874825,28.849116106480704,29.01336097717285,26662700
2025-10-23,29.361171617230223,29.53507816404049,29.17760523362112,29.43846321105957,20642000
2025-10-24,29.77661558428384,29.844245500715925,29.40948096246236,29.4481258392334,15040000
2025-10-27,29.91187602459776,29.91187602459776,29.660679713542144,29.728309631347656,20278500
2025-10-28,29.7572916667746,29.940859895633263,29.66067855526928,29.87322998046875,13172800
2025-10-29,30.153410991434345,30.32731753868732,30.018151162582907,30.12442779541016,26090100
2025-10-30,29.86356905419792,30.11476720455864,29.83458401434887,29.998828887939453,19757600
2025-10-31,30.07612035495302,30.15341195143988,29.93119884188728,30.11476707458496,15513400
2025-11-03,30.3756274085763,30.54953396425612,30.26935077059929,30.452919006347656,15008700
2025-11-04,30.201719389436256,30.375625936689225,30.10510443620939,30.12442779541016,20361900
2025-11-05,30.4432565021336,31.042267750728254,30.42393314251961,31.01328086853028,34649700
2025-11-06,31.264481020554165,31.264481020554165,30.88768287722978,30.95531463623047,22327800
2025-11-07,30.84903949304456,31.206512451171875,30.636486211456,31.206512451171875,21473900
2025-11-10,31.525339969893054,31.621953080219257,31.399739978025853,31.612293243408203,23378500
2025-11-11,32.29825398598232,32.48182035889332,32.19197735961933,32.356224060058594,41923500
2025-11-12,32.191980545776204,32.220963742906065,31.834507600809683,32.095367431640625,34807500
2025-11-13,32.11468913165613,32.278932154308144,31.72822932398076,31.863489151000977,24375200
2025-11-14,31.95044029463796,32.31757671891239,31.79585711897824,32.05671691894531,40963300
2025-11-17,31.931119294938267,31.998749208936417,31.534999647711704,31.670259475708008,29832100
2025-11-18,31.544664221620067,31.74755397037818,31.40940070356064,31.60263061523437,17725500
2025-11-19,31.36109642851834,31.54466651646224,31.2741431462171,31.39008331298828,22200800
2025-11-20,31.6219541045986,31.737890577856536,30.771746543857965,30.820053100585938,27720800
2025-11-21,30.85870057238222,31.061592169694705,30.49156409830328,30.94565200805664,31066100
2025-11-24,31.22583408545753,31.27414064163309,31.042267697768807,31.10989761352539,17514900
2025-11-25,31.06159338141452,31.486696267341724,30.91667001649051,31.44804954528809,20310200
2025-11-26,31.911796087763243,32.346562455216535,31.863489532613745,32.3369026184082,26604100
2025-11-28,32.45284079386636,32.53013054905775,32.307917435245585,32.472164154052734,15012400
2025-12-01,32.24028878109039,32.50114862550021,32.21130558245183,32.2692756652832,15599000
2025-12-02,32.68471870798156,32.89726830723066,32.53979534369668,32.87794494628906,25706800
2025-12-03,33.013199857199865,33.177446557898065,32.887603558167136,33.04218673706055,20630700
2025-12-04,33.5252590092463,33.621872112177975,33.38033566929515,33.54458236694336,34977200
2025-12-05,33.399660741205466,33.525260729905874,31.332109273701523,31.4287223815918,135373800
2025-12-08,32.018075543748154,32.09536898724614,31.3804193771067,31.64127922058105,44006600
2025-12-09,31.09057546703876,31.786201696881584,31.0809119440942,31.63161849975586,40375500
2025-12-10,31.506017470160337,31.882813770486536,31.29346419897981,31.660600662231445,29372200
2025-12-11,31.80551885716112,32.240285216440846,31.776535661727085,32.03739547729492,27010500
2025-12-12,32.39487203116668,32.47216547505657,31.91179906351765,32.19198226928711,28693500
2025-12-15,32.61708295012184,32.771666141902365,32.37554648261766,32.44318008422852,41301300
2025-12-16,31.99170421690547,31.99170421690547,31.463493469597925,31.493392944335938,65729100
2025-12-17,30.99508118654581,31.1346082732016,30.616362092888707,30.89541816711425,47610200
2025-12-18,30.93528353934423,31.29406774110696,30.85555160460368,31.064844131469727,41125200
2025-12-19,31.343900200319805,31.46349430060273,30.985114097643127,31.064844131469727,45820000
2025-12-22,30.86551856994629,31.00504755696878,30.686127416769907,30.86551856994629,29149000
2025-12-23,31.134607673737506,31.56315731840212,31.09474360728081,31.5432243347168,29902900
2025-12-24,31.622954606645774,31.65285408239888,31.41366397911593,31.44356155395508,4508100
2025-12-26,31.393731705713112,31.642888306552106,31.37379872142663,31.622955322265625,15965600
2025-12-29,31.34390055924412,31.463494660896533,31.174473997808214,31.314001083374023,16277500
2025-12-30,31.90999984741211,32.150001525878906,31.81999969482422,31.989999771118164,20209400
2025-12-31,31.920000076293945,31.950000762939453,31.700000762939453,31.770000457763672,6526600
2026-01-02,32.29999923706055,32.310001373291016,31.959999084472656,32.20000076293945,19263600
2026-01-05,32.27000045776367,32.88999938964844,32.130001068115234,32.790000915527344,31075300
2026-01-06,33.20000076293945,33.38999938964844,33.04999923706055,33.11000061035156,26944300
2026-01-07,32.79999923706055,32.849998474121094,32.61000061035156,32.70000076293945,17908500
2026-01-08,32.779998779296875,32.90999984741211,32.72999954223633,32.880001068115234,18826200
2026-01-09,33.16999816894531,33.380001068115234,33.060001373291016,33.060001373291016,20505900
2026-01-12,32.939998626708984,33.099998474121094,32.900001525878906,32.93000030517578,17784400
2026-01-13,32.93000030517578,32.93000030517578,32.459999084472656,32.630001068115234,19152800
2026-01-14,32.72999954223633,33.16999816894531,32.72999954223633,33.15999984741211,29892700
2026-01-15,33.25,33.599998474121094,33.04999923706055,33.36000061035156,23720200
2026-01-16,33.13999938964844,33.25,32.900001525878906,33.16999816894531,23603300
2026-01-20,33.029998779296875,33.779998779296875,33.0,33.619998931884766,34469700
2026-01-21,34.209999084472656,35.040000915527344,34.189998626708984,35.02000045776367,51924400
2026-01-22,35.54999923706055,36.220001220703125,35.459999084472656,35.95000076293945,60462900
2026-01-23,36.040000915527344,36.88999938964844,35.849998474121094,36.59000015258789,48162600
2026-01-26,36.540000915527344,36.900001525878906,36.400001525878906,36.61000061035156,51719100
2026-01-27,37.5,37.970001220703125,37.400001525878906,37.88999938964844,58981000
2026-01-28,38.29999923706055,38.45000076293945,37.720001220703125,38.33000183105469,62461200
2026-01-29,38.68999862670898,38.880001068115234,37.380001068115234,38.119998931884766,58265300
2026-01-30,37.75,37.93000030517578,36.77000045776367,37.040000915527344,63815900
2026-02-02,37.0,37.54999923706055,36.970001220703125,37.45000076293945,31607200
2026-02-03,38.47999954223633,38.63999938964844,37.70000076293945,38.040000915527344,68252400
2026-02-04,37.83000183105469,37.83000183105469,36.68999862670898,36.97999954223633,59490500
2026-02-05,37.209999084472656,37.52000045776367,36.68999862670898,36.90999984741211,39207300
2026-02-06,37.40999984741211,37.58000183105469,37.04999923706055,37.560001373291016,44557200
2026-02-09,37.81999969482422,38.540000915527344,37.709999084472656,38.41999816894531,43170000
2026-02-10,38.29999923706055,38.52999877929688,38.13999938964844,38.31999969482422,28963300
2026-02-11,39.11000061035156,39.45000076293945,38.790000915527344,39.15999984741211,43813500
2026-02-12,39.220001220703125,39.34999847412109,38.2599983215332,38.4900016784668,46826500
2026-02-13,37.88999938964844,38.11000061035156,37.34000015258789,38.060001373291016,51693600
2026-02-17,37.869998931884766,38.04999923706055,37.220001220703125,37.7400016784668,22984900
2026-02-18,38.150001525878906,38.66999816894531,37.72999954223633,38.02999877929688,38968100
2026-02-19,38.09000015258789,38.650001525878906,37.93000030517578,38.61000061035156,33544200
2026-02-20,38.47999954223633,39.369998931884766,38.43999862670898,39.369998931884766,47513800
2026-02-23,39.220001220703125,39.650001525878906,38.66999816894531,38.77000045776367,39610800
2026-02-24,38.95000076293945,39.52999877929688,38.810001373291016,39.470001220703125,45452900
2026-02-25,39.58000183105469,39.68999862670898,39.20000076293945,39.59000015258789,31584300
2026-02-26,39.2599983215332,39.27000045776367,38.56999969482422,39.09999847412109,38499900
2026-02-27,38.7400016784668,39.119998931884766,38.619998931884766,38.72999954223633,28466800
2026-03-02,37.93000030517578,38.880001068115234,37.84000015258789,38.63999938964844,42442500
2026-03-03,36.560001373291016,37.2400016784668,35.7599983215332,36.81999969482422,98268100
2026-03-04,37.459999084472656,37.720001220703125,37.18000030517578,37.4900016784668,31229500
2026-03-05,36.810001373291016,37.04999923706055,36.06999969482422,36.36000061035156,56544300
2026-03-06,35.849998474121094,36.43999862670898,35.65999984741211,36.27999877929688,34586100
2026-03-09,36.27000045776367,37.27000045776367,35.959999084472656,37.09999847412109,43894500
2026-03-10,37.09000015258789,38.130001068115234,36.84999847412109,37.52999877929688,32098900
2026-03-11,37.58000183105469,38.06999969482422,37.2400016784668,37.61000061035156,24819600
2026-03-12,36.93999862670898,36.95000076293945,36.02000045776367,36.119998931884766,39459200
2026-03-13,36.5099983215332,36.650001525878906,35.310001373291016,35.4900016784668,42802600
2026-03-16,36.20000076293945,36.720001220703125,36.119998931884766,36.52999877929688,30966800
2026-03-17,37.0,37.310001373291016,36.59999847412109,36.709999084472656,23964900
2026-03-18,36.54999923706055,36.900001525878906,36.22999954223633,36.2599983215332,25473300
2026-03-19,35.459999084472656,36.810001373291016,35.34000015258789,36.5,40486400
2026-03-20,35.91999816894531,35.93000030517578,34.81999969482422,35.060001373291016,47472300
2026-03-23,36.02000045776367,37.18000030517578,35.900001525878906,36.84999847412109,53476500
2026-03-24,36.15999984741211,36.84999847412109,36.11000061035156,36.66999816894531,34959900
2026-03-25,37.34999847412109,37.79999923706055,37.20000076293945,37.540000915527344,33715900
2026-03-26,37.13999938964844,37.43999862670898,36.75,36.79999923706055,27560600
2026-03-27,36.4900016784668,37.13999938964844,36.459999084472656,36.630001068115234,27150400
2026-03-30,37.0,37.25,36.5,36.77000045776367,21224600
2026-03-31,37.400001525878906,38.38999938964844,37.290000915527344,38.38999938964844,47719800
2026-04-01,38.540000915527344,38.810001373291016,38.27999877929688,38.369998931884766,35809300
2026-04-02,37.869998931884766,38.75,37.7599983215332,38.34999847412109,26086500
2026-04-06,38.47999954223633,38.75,38.36000061035156,38.540000915527344,17698200
2026-04-07,38.310001373291016,38.4900016784668,37.84999847412109,38.459999084472656,19980900
2026-04-08,40.040000915527344,40.130001068115234,39.27000045776367,39.560001373291016,33816500
2026-04-09,39.869998931884766,40.56999969482422,39.86000061035156,40.540000915527344,38122400
2026-04-10,40.959999084472656,41.33000183105469,40.90999984741211,41.33000183105469,42023600
2026-04-13,41.119998931884766,41.59999847412109,40.86000061035156,41.52000045776367,24365800
2026-04-14,41.7599983215332,42.02000045776367,41.63999938964844,41.72999954223633,22280100
2026-04-15,41.84999847412109,41.900001525878906,41.369998931884766,41.459999084472656,21544000
2026-04-16,41.65999984741211,41.66999816894531,41.18999862670898,41.470001220703125,26874300
2026-04-17,41.869998931884766,41.88999938964844,41.119998931884766,41.15999984741211,47254700
2026-04-20,41.43999862670898,41.45000076293945,41.02999877929688,41.29999923706055,17753000
2026-04-21,41.40999984741211,41.77000045776367,40.790000915527344,40.790000915527344,16147200
2026-04-22,41.27000045776367,41.33000183105469,40.54999923706055,40.59000015258789,24230300
2026-04-23,40.68000030517578,40.79999923706055,39.91999816894531,40.09000015258789,37964600
2026-04-24,39.810001373291016,39.95000076293945,39.54999923706055,39.93999862670898,28309900
2026-04-27,40.20000076293945,40.34000015258789,39.869998931884766,39.88999938964844,18899000
2026-04-28,39.4900016784668,39.790000915527344,39.2400016784668,39.68999862670898,14104600
2026-04-29,39.34999847412109,39.34999847412109,38.61000061035156,38.650001525878906,38816200
2026-04-30,39.11000061035156,39.77000045776367,39.02000045776367,39.70000076293945,24422700
2026-05-01,39.7400016784668,39.77999877929688,39.290000915527344,39.43000030517578,12713500
2026-05-04,39.540000915527344,39.709999084472656,38.9900016784668,39.040000915527344,27715300
2026-05-05,39.56999969482422,39.93000030517578,39.34000015258789,39.709999084472656,19822600
2026-05-06,40.02000045776367,40.040000915527344,39.540000915527344,39.900001525878906,21054700
2026-05-07,39.47999954223633,39.52000045776367,38.7400016784668,38.79999923706055,28765100
2026-05-08,39.470001220703125,39.5,39.119998931884766,39.119998931884766,24472800
2026-05-11,39.150001525878906,39.25,38.52000045776367,38.65999984741211,31075200
2026-05-12,38.33000183105469,38.540000915527344,38.04999923706055,38.2400016784668,42380500
2026-05-13,37.81999969482422,38.16999816894531,36.68000030517578,36.77999877929688,62282000
2026-05-14,37.18999862670898,37.40999984741211,36.9900016784668,37.130001068115234,36035500
2026-05-15,36.040000915527344,36.36000061035156,35.880001068115234,36.22999954223633,36438400
2026-05-18,36.47999954223633,36.7599983215332,36.2599983215332,36.7400016784668,22428500
2026-05-19,35.720001220703125,36.290000915527344,35.720001220703125,35.88999938964844,57195400
2026-05-20,36.22999954223633,36.91999816894531,36.209999084472656,36.75,42885700
2026-05-21,36.45000076293945,37.27999877929688,36.31999969482422,37.0099983215332,19884100
2026-05-22,36.68999862670898,36.7400016784668,36.150001525878906,36.369998931884766,26291300
2026-05-26,36.70000076293945,36.7599983215332,36.18999862670898,36.4900016784668,18362900
2026-05-27,36.27999877929688,36.560001373291016,36.04999923706055,36.11000061035156,17463900
2026-05-28,36.08000183105469,36.47999954223633,35.86000061035156,36.11000061035156,25383500
2026-05-29,35.70000076293945,35.9900016784668,35.529998779296875,35.90999984741211,24970900
2026-06-01,35.619998931884766,35.810001373291016,35.4900016784668,35.66999816894531,20817500
2026-06-02,35.52000045776367,35.97999954223633,35.43000030517578,35.779998779296875,29476700
2026-06-03,35.0099983215332,35.130001068115234,34.45000076293945,34.63999938964844,29211100
2026-06-04,34.900001525878906,35.029998779296875,34.68000030517578,34.779998779296875,15252500
2026-06-05,34.290000915527344,34.599998474121094,33.95000076293945,34.0099983215332,23515300
2026-06-08,33.97999954223633,34.099998474121094,33.529998779296875,33.689998626708984,21069300
2026-06-09,33.9900016784668,34.279998779296875,33.58000183105469,33.91999816894531,32699700
2026-06-10,33.42182874685467,33.748714835794566,33.31286545763333,33.461448669433594,16855700
2026-06-11,33.67937607730126,34.60060637230185,33.540696898049426,34.48173904418945,29004200
2026-06-12,34.66004149525276,34.88787211244036,34.511454502914496,34.76900100708008,31517000
2026-06-15,35.459999084472656,35.619998931884766,34.54999923706055,34.63999938964844,27756100
2026-06-16,34.439998626708984,34.59000015258789,34.22999954223633,34.40999984741211,21281200
2026-06-17,34.7599983215332,35.16999816894531,33.959999084472656,34.11000061035156,28705400
2026-06-18,33.90999984741211,34.150001525878906,33.599998474121094,33.72999954223633,24545700
2026-06-22,34.220001220703125,34.41999816894531,34.029998779296875,34.27000045776367,17495400
2026-06-23,33.790000915527344,34.224998474121094,33.77000045776367,34.150001525878906,14069654
