Date,Open,High,Low,Close,Volume
2001-07-17,9.76695580741178,9.76695580741178,9.745786666870115,9.745786666870115,1500
2001-07-18,9.378202143258669,9.378202143258669,9.32046604156494,9.32046604156494,1000
2001-07-19,9.189602851867676,9.189602851867676,9.189602851867676,9.189602851867676,500
2001-07-20,9.016394463527543,9.06835651397705,9.016394463527543,9.06835651397705,250500
2001-07-23,9.06835651397705,9.06835651397705,9.06835651397705,9.06835651397705,0
2001-07-24,8.87590138383077,8.958656311035156,8.87590138383077,8.958656311035156,250000
2001-07-25,9.022165298461914,9.022165298461914,9.022165298461914,9.022165298461914,25000
2001-07-26,9.179978342762274,9.38205337524414,9.179978342762274,9.38205337524414,500000
2001-07-27,9.410922174867608,9.52639350562668,9.410922174867608,9.50714874267578,152000
2001-07-30,9.314698219299316,9.314698219299316,9.314698219299316,9.314698219299316,1500
2001-07-31,9.370505989342316,9.48790168762207,9.370505989342316,9.48790168762207,26000
2001-08-01,9.555259963677925,9.612995157750625,9.41092014312744,9.41092014312744,103500
2001-08-02,9.689977393814967,9.697675849028895,9.5648832321167,9.5648832321167,257000
2001-08-03,9.564880380606322,9.564880380606322,9.430164337158203,9.430164337158203,2000
2001-08-06,9.333942985751271,9.343565827819615,9.314698219299316,9.314698219299316,5500
2001-08-07,9.314698219299316,9.314698219299316,9.314698219299316,9.314698219299316,0
2001-08-08,9.064505970903948,9.141486839293782,8.881675720214844,8.881675720214844,625500
2001-08-09,8.698846015326307,8.795072555541992,8.698846015326307,8.795072555541992,3000
2001-08-10,8.671902774111272,8.671902774111272,8.362054013135845,8.525638580322266,11000
2001-08-13,8.525638580322266,8.525638580322266,8.525638580322266,8.525638580322266,0
2001-08-14,8.689225196838379,8.689225196838379,8.689225196838379,8.689225196838379,1000
2001-08-15,8.564126913884436,8.564126913884436,8.362051963806152,8.362051963806152,7500
2001-08-16,8.056055336299762,8.20809268951416,8.056055336299762,8.20809268951416,981000
2001-08-17,8.034886890132881,8.054131650117963,8.015641212463379,8.015641212463379,1500
2001-08-20,8.015641212463379,8.015641212463379,8.015641212463379,8.015641212463379,0
2001-08-21,8.131112569552576,8.131112569552576,7.746208190917969,7.746208190917969,505500
2001-08-22,7.717341423034668,7.717341423034668,7.715416120902394,7.717341423034668,3500
2001-08-23,8.034887828182333,8.034887828182333,7.765453815460205,7.765453815460205,5500
2001-08-24,7.765453815460205,7.765453815460205,7.765453815460205,7.765453815460205,0
2001-08-27,8.09262260071169,8.265830039978027,8.09262260071169,8.265830039978027,25500
2001-08-28,8.011791229248047,8.011791229248047,8.011791229248047,8.011791229248047,489500
2001-08-29,7.8135669215241075,7.8135669215241075,7.755831718444824,7.755831718444824,36500
2001-08-30,7.430585512418241,7.445981502532959,7.430585512418241,7.445981502532959,6500
2001-08-31,7.563377857208252,7.563377857208252,7.563377857208252,7.563377857208252,5000
2001-09-04,7.563377857208252,7.563377857208252,7.563377857208252,7.563377857208252,0
2001-09-05,7.267001355767102,7.267001355767102,7.168850421905518,7.168850421905518,6000
2001-09-06,7.063002473156377,7.063002473156377,6.882097041911162,6.899417877197266,11500
2001-09-07,6.82243611908472,6.9071149826049805,6.82243611908472,6.9071149826049805,27500
2001-09-10,6.88979434967041,6.88979434967041,6.88979434967041,6.88979434967041,1000
2001-09-17,6.476023282549705,6.597268224884237,6.389419555664063,6.389419555664063,7000
2001-09-18,6.389419779548211,6.389419779548211,6.331684112548828,6.331684112548828,2500
2001-09-19,5.966022968292236,5.966022968292236,5.966022968292236,5.966022968292236,500
2001-09-20,5.904440374140855,5.910213987097507,5.802440643310547,5.802440643310547,83500
2001-09-21,5.677345275878906,5.677345275878906,5.677345275878906,5.677345275878906,13000
2001-09-24,6.033381817381246,6.033381817381246,5.937155723571777,5.937155723571777,3000
2001-09-25,6.091118335723877,6.091118335723877,6.091118335723877,6.091118335723877,500
2001-09-26,5.629231997561418,5.706212875795617,5.629231997561418,5.677345275878906,13000
2001-09-27,5.475269317626953,5.475269317626953,5.475269317626953,5.475269317626953,500
2001-09-28,5.802439550588247,5.802439550588247,5.773571491241455,5.773571491241455,10000
2001-10-01,5.677344176981098,5.677344176981098,5.581118097813717,5.648476123809815,26500
2001-10-02,5.840929985046387,5.840929985046387,5.840929985046387,5.840929985046387,3500
2001-10-03,5.821684172648482,6.495267260579064,5.821684172648482,6.493342876434326,7500
2001-10-04,6.514511655056179,6.810888341463964,6.514511655056179,6.629982948303223,155500
2001-10-05,6.456776800466485,6.695417869524146,6.327833886407784,6.668474197387695,61000
2001-10-08,6.706964371898666,6.745455265045166,6.706964371898666,6.745455265045166,2000
2001-10-09,6.504889757283614,6.572247787233024,6.504889757283614,6.562625408172607,7000
2001-10-10,6.706965527130746,6.726210747597777,6.6511547089659295,6.714663982391357,51500
2001-10-11,6.966773692444172,7.245829975722482,6.966773692444172,7.2246599197387695,32500
2001-10-12,7.053379900540652,7.159228841722497,6.903266906738281,6.903266906738281,16000
2001-10-15,7.103417324616308,7.176549434661865,7.103417324616308,7.176549434661865,25000
2001-10-16,7.1496060923915135,7.284323095175224,7.113040494511265,7.161153316497803,28000
2001-10-17,7.428660903274146,7.428660903274146,6.88979434967041,6.88979434967041,12000
2001-10-18,6.880171970256474,6.98602089686287,6.880171970256474,6.88979434967041,12500
2001-10-19,6.88979434967041,6.88979434967041,6.88979434967041,6.88979434967041,0
2001-10-22,7.197719290240515,7.21696451058171,7.188096450648795,7.20734167098999,20500
2001-10-23,7.28432143734891,7.38824551296911,7.178472518920898,7.178472518920898,49000
2001-10-24,7.274698735742501,7.476773738861084,7.274698735742501,7.476773738861084,13500
2001-10-25,7.313189782308495,7.33051061630249,7.284322184494031,7.33051061630249,20500
2001-10-26,7.698094238835416,7.707717076878204,7.563377718131605,7.601868152618408,15000
2001-10-29,7.447905125943337,7.457527962913896,7.293943405151367,7.293943405151367,3000
2001-10-30,6.986022515741006,7.045682566690608,6.957154453125206,7.034135341644287,17000
2001-10-31,7.063001961617145,7.216963707208081,6.986021088821676,7.1284356117248535,32000
2001-11-01,7.120738935615711,7.311266768740062,7.120738935615711,7.268927097320557,5000
2001-11-02,7.245833350788887,7.380549907684326,7.245833350788887,7.380549907684326,12500
2001-11-05,7.582623752240666,7.669227009744538,7.563378532924004,7.6134161949157715,16500
2001-11-06,7.553754794504157,7.890546321868896,7.553754794504157,7.890546321868896,3000
2001-11-07,7.830886357363257,8.117640706923872,7.830886357363257,7.992546558380127,22000
2001-11-08,8.125339416831048,8.179225846303007,7.746208190917969,7.746208190917969,26000
2001-11-09,7.890548857062019,7.890548857062019,7.852058410644531,7.852058410644531,1500
2001-11-12,7.649978318851837,7.927109718322754,7.594167529350123,7.927109718322754,42500
2001-11-13,8.131111986072115,8.194621249873684,8.048357963562012,8.048357963562012,6031000
2001-11-14,8.140736286683511,8.217717170715332,8.083000164817383,8.217717170715332,3000
2001-11-15,8.150357899459593,8.22733877190088,8.11186746323895,8.159979820251465,16000
2001-11-16,8.20809339769149,8.20809339769149,8.13111252241088,8.150358200073242,5500
2001-11-19,8.335113902095848,8.45251054465496,8.333189517412032,8.435189247131348,40500
2001-11-20,8.4486597103837,8.494848607261963,8.161906242370605,8.161906242370605,21000
2001-11-21,8.0829982826293,8.136885623051114,7.967526983469945,8.042583465576172,248500
2001-11-23,8.111867880112497,8.192697525024414,8.111867880112497,8.192697525024414,10500
2001-11-26,8.304320587795383,8.429414749145508,8.254282923255332,8.429414749145508,2196000
2001-11-27,8.371677145244119,8.637261413560905,8.27545151966183,8.516016960144043,1097500
2001-11-28,8.410166890003532,8.467902994770286,8.236960411071777,8.236960411071777,80000
2001-11-29,8.294695608040515,8.487147761351984,8.294695608040515,8.479450225830078,10500
2001-11-30,8.506394129689712,8.506394129689712,8.286998748779297,8.286998748779297,133500
2001-12-03,8.198471174156495,8.2119427809495,8.159979820251465,8.159979820251465,131000
2001-12-04,8.208094806357876,8.40054702758789,8.208094806357876,8.40054702758789,1003500
2001-12-05,8.75658317151581,9.047186293250542,8.75658317151581,9.039487838745115,1054500
2001-12-06,9.00677189384768,9.160734583065333,8.989451515739797,9.045262336730955,1027000
2001-12-07,8.968282615859438,8.981754226734193,8.81047205484527,8.818169593811035,1031000
2001-12-10,8.785452726029733,8.883603683826095,8.756585121154785,8.756585121154785,34000
2001-12-11,8.920166542717395,9.0645054329613,8.900920867919922,8.900920867919922,279000
2001-12-12,8.920167336549673,9.033713340759276,8.848959618220036,9.033713340759276,40000
2001-12-13,8.872052025553717,8.881673943914848,8.708467483520508,8.708467483520508,46500
2001-12-14,8.714243873843218,8.756584001107708,8.587225327418741,8.754658699035645,19500
2001-12-17,8.737337239712625,8.914393429022827,8.737337239712625,8.75273323059082,6023000
2001-12-18,9.035638650632542,9.154958724975586,9.035638650632542,9.154958724975586,77000
2001-12-19,9.02601609418949,9.145336172258082,9.02601609418949,9.06450653076172,15500
2001-12-20,9.016391443857191,9.016391443857191,8.614165866006392,8.621864318847656,25500
2001-12-21,8.775824809313646,8.823938068066667,8.74118315288938,8.77967357635498,67500
2001-12-24,8.804693090920884,8.804693090920884,8.698844647475223,8.708467483520508,11000
2001-12-26,8.839335581348273,8.881674779171398,8.708468302488255,8.74695873260498,38500
2001-12-27,8.810468253481636,8.812392637392783,8.669978133440955,8.737336158752441,87000
2001-12-28,8.891299670773211,8.929790109784523,8.858583302340044,8.910545349121094,275000
2001-12-31,8.92979180077085,8.931716185433158,8.758509635925293,8.758509635925293,20000
2002-01-02,8.80469318823182,8.831637312993237,8.525637363623494,8.602618217468262,976000
2002-01-03,8.756582770727105,9.151109962963307,8.746959932456864,9.128015518188477,23000
2002-01-04,9.430166102224636,9.474429691161308,9.253109911109185,9.333939552307127,77500
2002-01-07,9.526394811085522,9.526394811085522,9.295452117919922,9.295452117919922,51500
2002-01-08,9.333939570799751,9.476354094104932,9.333939570799751,9.40129852294922,28000
2002-01-09,9.65148767670348,9.828543900737634,9.50714874267578,9.50714874267578,1543000
2002-01-10,9.495602630394629,9.60145113323783,9.4494137256054,9.455187797546388,1112000
2002-01-11,9.49752415537298,9.555260268974752,9.391675684401523,9.40129852294922,39000
2002-01-14,9.314693830224062,9.35703303061596,9.09337315536191,9.17227840423584,41500
2002-01-15,9.206922009548345,9.2184692334865,9.087601919100036,9.199224472045898,209500
2002-01-16,9.006767925521608,9.083748777370875,8.814315795898438,8.814315795898438,2042000
2002-01-17,9.093377891732178,9.185754794195455,8.970208076657958,9.158811569213867,43500
2002-01-18,8.852806782324002,8.975976520154777,8.852806782324002,8.86242961883545,74000
2002-01-22,9.026014417578113,9.027938801396605,8.610317229204497,8.623788833618164,2721500
2002-01-23,8.795070014543574,8.999069339886113,8.683447517094026,8.960578918457031,531500
2002-01-24,9.170357409381882,9.31854604204648,9.170357409381882,9.301225662231444,1565000
2002-01-25,9.102995310586952,9.141485740153916,9.029863219104454,9.12224006652832,1026500
2002-01-28,9.141487675798016,9.23001577431564,9.047186424580826,9.162657737731934,93000
2002-01-29,9.228091700385534,9.228091700385534,8.898998125649255,8.910545349121094,1023000
2002-01-30,8.850884977635513,8.850884977635513,8.473678119166333,8.804696083068848,3609000
2002-01-31,8.852809217637592,8.92016817406326,8.750809508536129,8.843186378479004,1033500
2002-02-01,8.762356340166493,8.86628042891565,8.762356340166493,8.850884437561035,11500
2002-02-04,8.679604760274218,8.679604760274218,8.43903923034668,8.43903923034668,19500
2002-02-05,8.477529760438614,8.477529760438614,8.169605255126953,8.169605255126953,22500
2002-02-06,8.2946983500687,8.2946983500687,7.957907199859619,7.957907199859619,34500
2002-02-07,7.996393640401265,8.117638063417408,7.919411874479714,7.92903470993042,31500
2002-02-08,7.94828407660396,8.217717170715332,7.923265243409391,8.217717170715332,87000
2002-02-11,8.256208536038303,8.285076141357422,8.246585695037053,8.285076141357422,8000
2002-02-12,8.15228096344807,8.275450706481934,8.15228096344807,8.275450706481934,122000
2002-02-13,8.285073969382756,8.3043196463399,8.285073969382756,8.294696807861328,3000
2002-02-14,8.452509490884347,8.51216907938344,8.34473570286506,8.352434158325195,11500
2002-02-15,8.206172503748723,8.206172503748723,7.990625777748819,8.03681468963623,18500
2002-02-19,7.873226103108875,7.873226103108875,7.609566211700439,7.609566211700439,284500
2002-02-20,7.496019490852435,7.659604072570801,7.409415780803373,7.659604072570801,7500
2002-02-21,7.580698091506187,7.580698091506187,7.343981873557949,7.345906257629394,4000
2002-02-22,7.330509734387634,7.330509734387634,7.161151559675406,7.284321308135986,1010500
2002-02-25,7.36130435080671,7.592247009277344,7.36130435080671,7.592247009277344,1028500
2002-02-26,7.698095657597413,7.723114490509033,7.592246713829617,7.723114490509033,19500
2002-02-27,7.823188580404378,7.863603399996416,7.580698286325602,7.611490726470947,27500
2002-02-28,7.586471079632503,7.648055953283723,7.451754570007324,7.451754570007324,18500
2002-03-01,7.496018494523761,7.813564777374268,7.496018494523761,7.813564777374268,3071500
2002-03-04,7.717343014936824,8.079153060913086,7.717343014936824,8.079153060913086,1089500
2002-03-05,8.034887544618169,8.227339748567363,8.034887544618169,8.119565963745117,3253500
2002-03-06,7.98677106412575,8.184996341811868,7.907865829774456,8.154204368591309,566000
2002-03-07,8.323566108669205,8.323566108669205,8.044510159484624,8.102246284484863,276500
2002-03-08,8.313943576340227,8.465980957061698,8.313943576340227,8.377452850341797,1622500
2002-03-11,8.275451504982039,8.673827447908376,8.275451504982039,8.596846580505371,563000
2002-03-12,8.371680244646242,8.494850045383764,8.313945031458736,8.3986234664917,1036500
2002-03-13,8.31201760813502,8.352433348275412,8.192697525024414,8.192697525024414,21500
2002-03-14,8.21001807564798,8.21001807564798,8.059906005859375,8.059906005859375,4000
2002-03-15,7.9809976483619804,7.9829220321351455,7.934809684753418,7.934809684753418,39500
2002-03-18,8.08300171662352,8.121492166028979,7.967530368407151,8.050285339355469,57000
2002-03-19,8.159979292249345,8.217715401686613,8.092621262642805,8.179224967956543,63500
2002-03-20,8.034886059318199,8.034886059318199,7.855904579162598,7.855904579162598,26500
2002-03-21,7.798168877751848,8.063753128051758,7.755829678782621,8.063753128051758,45000
2002-03-22,7.923264291558388,7.940584667195203,7.909792684355439,7.913641452789307,33500
2002-03-25,7.890545836203606,7.890545836203606,7.688470840454102,7.688470840454102,22000
2002-03-26,7.649982384576464,7.815491375322738,7.632662007035806,7.655755996704102,30000
2002-03-27,7.736586213270166,7.798171104244237,7.726963373311976,7.765453815460205,28500
2002-03-28,7.929040033991732,7.996399009691673,7.929040033991732,7.93673849105835,963000
2002-04-01,7.717341699274038,7.979076347227128,7.717341699274038,7.957907199859619,25000
2002-04-02,7.621113721968494,7.621113721968494,7.438283920288086,7.438283920288086,87500
2002-04-03,7.409415879268156,7.444057547285015,7.236208915710449,7.236208915710449,199500
2002-04-04,7.120737826616634,7.120737826616634,6.970624844924629,7.016813278198242,281500
2002-04-05,7.149605364553703,7.159228203276746,6.986021235841819,6.995643615722656,4803000
2002-04-08,6.812813726880365,7.170775339178761,6.783946128746001,7.136133670806885,90500
2002-04-09,7.178472865060544,7.197718082171612,6.9071149826049805,6.9071149826049805,55000
2002-04-10,7.024511892619045,7.024511892619045,6.687719868260508,6.924436569213867,581000
2002-04-11,6.7127385948505855,6.7127385948505855,6.599191665649414,6.599191665649414,553000
2002-04-12,6.764700470400991,6.935983040409224,6.697341981064791,6.893643379211426,54500
2002-04-15,6.986021644762961,6.986021644762961,6.928285526729576,6.947530746459961,10500
2002-04-16,7.118813565652045,7.230436118936322,7.118813565652045,7.20734167098999,96500
2002-04-17,7.07262527284485,7.07262527284485,6.905191898345947,6.905191898345947,70000
2002-04-18,6.870547722775173,6.922509753942118,6.847453741613247,6.916736602783203,107500
2002-04-19,6.966774743224472,6.970623970031738,6.905190326203271,6.970623970031738,31000
2002-04-22,6.755078244577303,6.774323463439941,6.699266972222985,6.774323463439941,12500
2002-04-23,6.658852048719637,6.706964865721431,6.543380737304688,6.543380737304688,20000
2002-04-24,6.493342943458804,6.572248200313821,6.447154052770799,6.487569332122803,28500
2002-04-25,6.350928972948327,6.454853534698486,6.323985754985877,6.454853534698486,69500
2002-04-26,6.447154079075316,6.483720131405111,6.17772102355957,6.17772102355957,51000
2002-04-29,6.268174144318839,6.270098528688044,6.100740774299751,6.112287998199463,28000
2002-04-30,6.179645721965289,6.399041588258087,6.179645721965289,6.337456703186035,38000
2002-05-01,6.302813844441293,6.302813844441293,6.043003223337847,6.206587314605713,13500
2002-05-02,6.206588357595942,6.206588357595942,5.898664878671602,5.931381702423096,54000
2002-05-03,5.8120629969970725,5.86979866743637,5.763949708876498,5.856327056884766,70500
2002-05-06,5.744703604510584,5.802439724939013,5.613836288452148,5.613836288452148,510500
2002-05-07,5.686966280684636,5.686966280684636,5.490664905131537,5.5637969970703125,1302000
2002-05-08,5.946778588847043,6.2412309646606445,5.890967771072388,6.2412309646606445,695500
2002-05-09,6.206587510968568,6.216210347793411,5.987192153930664,5.987192153930664,64500
2002-05-10,6.01413610573273,6.01413610573273,5.883268353571753,5.896739959716797,8000
2002-05-13,5.792814828328415,6.004512178974451,5.792814828328415,6.002587795257568,92500
2002-05-14,6.341306730938255,6.399042395914591,6.293193447370171,6.389419555664063,265500
2002-05-15,6.312436103412815,6.572246719630464,6.250851235598265,6.325907707214356,304500
2002-05-16,6.370173390958073,6.476022323832506,6.331682953338682,6.362475395202637,579500
2002-05-17,6.485644766155187,6.495267605073633,6.360551072110889,6.4375319480896,376500
2002-05-20,6.302814621374439,6.302814621374439,6.196965700812814,6.264324188232422,1039500
2002-05-21,6.254700621766544,6.254700621766544,5.985267162322998,5.985267162322998,1050000
2002-05-22,5.850552204712315,6.004513959938779,5.796665773919942,5.933306694030762,5603500
2002-05-23,5.985268729355164,6.0872688967286095,5.904439083317593,6.08149528503418,3574000
2002-05-24,6.023759571225116,6.023759571225116,5.946778235625373,5.992967128753662,6520000
2002-05-28,6.00451328038178,6.00451328038178,5.827457557214851,5.9236836433410645,1775000
2002-05-29,5.773571757228581,5.831307419739796,5.754326536391509,5.763948917388916,3127000
2002-05-30,5.696589139476504,5.927531719207764,5.696589139476504,5.927531719207764,3043000
2002-05-31,5.927534367125139,5.944855205995093,5.802440643310547,5.802440643310547,1548000
2002-06-03,5.763947277422624,5.763947277422624,5.515683861607974,5.552249908447266,5670000
2002-06-04,5.552251382053985,5.821684927465224,5.552251382053985,5.7081379890441895,3813500
2002-06-05,5.696589327489535,5.788966178894043,5.577268807153423,5.788966178894043,8066500
2002-06-06,5.773571793215039,5.773571793215039,5.581119583644775,5.629232406616211,6305500
2002-06-07,5.561874295708631,5.725458442452254,5.51568539889419,5.635005950927734,59000
2002-06-10,5.696590423583984,5.783194139926203,5.669647208310306,5.696590423583984,5298000
2002-06-11,5.706212958439243,5.771647072959783,5.523383140563965,5.523383140563965,1051000
2002-06-12,5.340552539471908,5.552249908447266,5.323231707994013,5.552249908447266,3347000
2002-06-13,5.494514799057352,5.598438880391582,5.43870353140512,5.465646743774414,50500
2002-06-14,5.240478476971476,5.471421115994141,5.240478476971476,5.456025123596191,9041500
2002-06-17,5.62923131390949,5.725457400015892,5.623457702858889,5.667721748352051,138000
2002-06-18,5.696590825037244,5.769722480054176,5.602289106091466,5.675420761108398,93500
2002-06-19,5.571495051152619,5.64847591159432,5.436778545379639,5.436778545379639,110000
2002-06-20,5.436779716723924,5.4464020969312,5.311685562133789,5.311685562133789,2529500
2002-06-21,5.29436475516732,5.29436475516732,5.098063334172537,5.109610557556152,6779000
2002-06-24,5.003762467769468,5.2154603753533495,4.965272022543726,5.196215152740479,1615500
2002-06-25,5.205836168637071,5.205836168637071,5.028779983520508,5.028779983520508,28500
2002-06-26,4.946026380405485,5.061498165130615,4.946026380405485,5.061498165130615,2027000
2002-06-27,5.244327681860662,5.273195743560791,5.155799571103301,5.273195743560791,19000
2002-06-28,5.292440202533334,5.344402247264482,5.277044211073071,5.282817363739014,18000
2002-07-01,5.273194803588974,5.273194803588974,5.003761291503906,5.003761291503906,19500
2002-07-02,4.878667494492317,4.934478304514952,4.830554220922809,4.840177059173584,3468500
2002-07-03,4.926780023806455,5.051874160766602,4.820931562232935,5.051874160766602,3075000
2002-07-05,5.196215106423885,5.330931663513184,5.176969883982557,5.330931663513184,914000
2002-07-08,5.340553881082989,5.340553881082989,5.023007059585197,5.038403511047363,414500
2002-07-09,5.051874095473393,5.051874095473393,4.911383970630302,4.936402797698975,27000
2002-07-10,4.936402651625691,4.982591077600266,4.759346483407332,4.772818088531494,35500
2002-07-11,4.591912562507673,4.824779987335205,4.591912562507673,4.824779987335205,756500
2002-07-12,4.869044234871721,4.972968768312359,4.767044544219971,4.767044544219971,56500
2002-07-15,4.67851719096141,4.770894517492247,4.628479529779149,4.743950843811035,23500
2002-07-16,4.869044040712296,4.994138169105264,4.820931232067242,4.878666877746582,80500
2002-07-17,5.099986788918041,5.109609166556718,4.888288974761963,4.888288974761963,39000
2002-07-18,4.820933719574658,4.840178944731264,4.701613140066755,4.711235523223877,38500
2002-07-19,4.570744451390711,4.684291395549059,4.522631168365479,4.522631168365479,28000
2002-07-22,4.484138683690067,4.597685576146367,4.399459839672684,4.426403045654297,1528500
2002-07-23,4.46489428976293,4.4822151220024935,4.262819290161133,4.262819290161133,104000
2002-07-24,4.079988895738762,4.509157657623291,4.079988895738762,4.509157657623291,119500
2002-07-25,4.426406164072093,4.464896616545924,4.185840606689453,4.185840606689453,23000
2002-07-26,4.332102163778743,4.357120990753174,4.264744136418465,4.357120990753174,5000
2002-07-29,4.503385675766467,4.607310232367639,4.474518074763319,4.599612236022949,84000
2002-07-30,4.530329070004858,4.73432848410772,4.530329070004858,4.676592826843262,13000
2002-07-31,4.589989672832349,4.589989672832349,4.487989953307439,4.522631168365479,32500
2002-08-01,4.484139373203455,4.484139373203455,4.3205548108604725,4.368668079376221,158500
2002-08-02,4.2820647806823695,4.2820647806823695,4.164669091947626,4.21278190612793,33500
2002-08-05,4.214705571271989,4.214705571271989,4.03380021081059,4.068441867828369,27500
2002-08-06,4.170442833591439,4.282064914703369,4.170442833591439,4.282064914703369,102000
2002-08-07,4.387914763385976,4.387914763385976,4.137726876370757,4.2608962059021,77500
2002-08-08,4.276290507629648,4.453346664212731,4.214706096657958,4.445648670196533,353000
2002-08-09,4.368667957409719,4.484139248013172,4.334026753765532,4.461045265197754,55500
2002-08-12,4.407158650187713,4.43795108795166,4.387913433940516,4.43795108795166,34500
2002-08-13,4.387913216220433,4.449498088692599,4.320554733276367,4.320554733276367,10000
2002-08-14,4.181990613942037,4.472593307495117,4.181990613942037,4.472593307495117,1028500
2002-08-15,4.551498273699487,4.589988708496094,4.453347343778614,4.589988708496094,36500
2002-08-16,4.513007171983811,4.686214102972528,4.513007171983811,4.661195278167725,41500
2002-08-19,4.695838015832038,4.88059220966251,4.695838015832038,4.838252544403076,560000
2002-08-20,4.8074597034313244,4.845950138167485,4.77281849570565,4.7920637130737305,1560000
2002-08-21,4.857498705715326,4.953724819207021,4.782442199539113,4.905611991882324,45000
2002-08-22,4.932553565638538,5.084590911865234,4.926779954871765,5.084590911865234,670000
2002-08-23,5.0518738785314765,5.0518738785314765,4.907534533090723,4.913308143615723,132500
2002-08-26,4.897912696762997,4.926780293740257,4.793988154655192,4.907535076141357,98000
2002-08-27,4.946026088807332,4.946026088807332,4.659272175451408,4.71315860748291,78000
2002-08-28,4.641951876961624,4.678517936551723,4.5245561599731445,4.5245561599731445,129500
2002-08-29,4.474517665435624,4.657347470818573,4.451423219671983,4.634253025054932,123500
2002-08-30,4.545724537861678,4.589988582547393,4.466819286346436,4.466819286346436,140000
2002-09-03,4.407160195383426,4.407160195383426,4.283990859985352,4.283990859985352,50500
2002-09-04,4.310932312107992,4.461045265197754,4.309007928250572,4.461045265197754,101000
2002-09-05,4.312856197357178,4.341724246091673,4.312856197357178,4.312856197357178,6000
2002-09-06,4.426403865597617,4.5591959953308105,4.426403865597617,4.5591959953308105,13500
2002-09-09,4.436026369744434,4.520705223083496,4.436026369744434,4.520705223083496,14000
2002-09-10,4.618856828199969,4.618856828199969,4.597686767578125,4.597686767578125,33000
2002-09-11,4.734329161559144,4.78821559917988,4.680442265096126,4.686215877532959,119000
2002-09-12,4.599611626211605,4.599611626211605,4.513007916999492,4.530328750610352,1037500
2002-09-13,4.48413992070798,4.5514984130859375,4.4668195457086055,4.5514984130859375,2256500
2002-09-16,4.561120108415473,4.561120108415473,4.461045265197754,4.461045265197754,1032500
2002-09-17,4.48606365898938,4.48606365898938,4.339799946532499,4.347497940063477,68000
2002-09-18,4.243575410286644,4.349424362182617,4.197386968611541,4.349424362182617,1355000
2002-09-19,4.180066332292342,4.18583994513516,4.126179890882456,4.162745952606201,396500
2002-09-20,4.2147084123234135,4.2147084123234135,4.093463448716457,4.15504789352417,23000
2002-09-23,4.041498421871494,4.0973096775159785,3.947197198867798,3.947197198867798,183000
2002-09-24,3.9067833009433848,4.108858338823407,3.9067833009433848,4.010707855224609,304000
2002-09-25,4.118481066316714,4.205084323883057,4.070367788569239,4.205084323883057,486000
2002-09-26,4.260894349307975,4.28206394671699,4.10885702348538,4.120404243469238,56000
2002-09-27,4.118480538696906,4.168517735472265,4.08191448900069,4.089612483978272,192000
2002-09-30,3.97414231300354,4.04150036176619,3.954897090665312,3.97414231300354,14000
2002-10-01,3.84904866556018,4.039576530456543,3.84904866556018,4.039576530456543,29500
2002-10-02,4.041499711398289,4.099235827964231,3.94142484664917,3.94142484664917,17500
2002-10-03,3.9279518153902298,3.93372542562864,3.887537002563477,3.887537002563477,30500
2002-10-04,3.8779159603811593,3.8856139570697215,3.777840626903042,3.849047899246216,461500
2002-10-07,3.764368442866764,3.781689277957077,3.685462951660156,3.685462951660156,15500
2002-10-08,3.7913118677263,3.839424915911433,3.723953370846002,3.833651304244995,992500
2002-10-09,3.7528218326836886,3.906783603430172,3.7528218326836886,3.8528971672058105,170500
2002-10-10,3.858670972820821,4.041500355321283,3.8298029099383673,3.987613916397095,121500
2002-10-11,4.156971909203165,4.33787689673311,4.156971909203165,4.210858345031738,122500
2002-10-14,4.253196175095311,4.312856197357178,4.214705749344028,4.312856197357178,52500
2002-10-15,4.570743918249809,4.570743918249809,4.4687442106223525,4.474517822265625,77000
2002-10-16,4.416781080467866,4.449497899187121,4.343648990166621,4.405233860015869,35500
2002-10-17,4.686215977272927,4.686215977272927,4.543801424379347,4.613084316253662,742000
2002-10-18,4.551498406497739,4.607309676233869,4.428329103323343,4.578441619873047,1025500
2002-10-21,4.557271225216561,4.734327383191991,4.468743146228846,4.715082168579102,1618500
2002-10-22,4.580365576025899,4.599610790259534,4.526478700866464,4.545723915100098,17000
2002-10-23,4.5976864942936775,4.768969058990479,4.586139272612157,4.768969058990479,1677500
2002-10-24,4.792063715281379,4.792063715281379,4.6227055270589466,4.6977620124816895,72000
2002-10-25,4.666970729151709,4.7458764611356,4.618857903210484,4.707386016845703,30500
2002-10-28,4.761272368286706,4.782441974606518,4.690065093536174,4.753574371337891,4036500
2002-10-29,4.6958387740694985,4.6958387740694985,4.493763712888971,4.5245561599731445,519000
2002-10-30,4.615007406269499,4.776667594909668,4.611158179362005,4.776667594909668,1024000
2002-10-31,4.782442037015991,4.8170837120011445,4.761272430419922,4.761272430419922,50000
2002-11-01,4.811309588129078,4.895988464355469,4.782441528709719,4.895988464355469,518000
2002-11-04,5.08074426651001,5.196215612401924,5.05957419857352,5.08074426651001,1722500
2002-11-05,5.090365767180201,5.142327817943266,5.032630104238767,5.061498165130615,42500
2002-11-06,5.176969110291273,5.263572368913358,5.099988232030652,5.252025604248047,1755000
2002-11-07,5.150026411832806,5.150026411832806,5.034554624004,5.049951076507568,70500
2002-11-08,5.032630553459822,5.061498616928482,4.872895159179379,4.905611991882324,1318500
2002-11-11,4.859422486687509,4.859422486687509,4.718931886980635,4.728554725646973,29500
2002-11-12,4.763194853564471,4.976817051479865,4.763194853564471,4.888288974761963,78000
2002-11-13,4.870969427384217,5.021082412360013,4.8382526006479525,4.926780700683594,519000
2002-11-14,5.061497403396031,5.151949882507324,5.038402958158171,5.151949882507324,46500
2002-11-15,5.119233183140758,5.234704494476318,5.0326294702179855,5.234704494476318,21000
2002-11-18,5.3116849531348285,5.3116849531348285,5.134628772735596,5.134628772735596,91000
2002-11-19,5.109609127547682,5.126929957775584,5.023005435250267,5.096137523651123,29000
2002-11-20,5.051874738781819,5.286666591025184,5.051874738781819,5.282817363739014,23500
2002-11-21,5.365572031383086,5.596514644387981,5.365572031383086,5.561873435974121,1226500
2002-11-22,5.465646550572034,5.579193465934255,5.44062772315859,5.550325870513916,1133500
2002-11-25,5.581119521626201,5.6965908460852175,5.5253082438183325,5.62153434753418,2142000
2002-11-26,5.60421187095613,5.60421187095613,5.409835335993467,5.436778545379639,501000
2002-11-27,5.53300630183108,5.656175624187596,5.515685465317077,5.629232406616211,1548500
2002-11-29,5.667722094611528,5.685042928821518,5.5984392166137695,5.5984392166137695,763000
2002-12-02,5.792815976276798,5.837080022431422,5.561873366170326,5.581118583679199,152000
2002-12-03,5.504137943971462,5.542628842650809,5.392515851980734,5.456025123596191,784500
2002-12-04,5.273192758537999,5.344399991966647,5.236626720697716,5.325154781341553,1084500
2002-12-05,5.298213207397661,5.321307650785957,5.155798237906763,5.159647464752197,80000
2002-12-06,5.051874834511683,5.225081806511742,5.051874834511683,5.169270992279053,85000
2002-12-09,5.1288538818507,5.1288538818507,4.915231704711914,4.915231704711914,40500
2002-12-10,4.926782425238312,5.094216303744448,4.926782425238312,5.0326313972473145,160500
2002-12-11,5.032628271657577,5.1461751717481095,4.986439849891934,5.096137523651123,3039000
2002-12-12,5.138479376328678,5.167346980216878,5.036479652751428,5.073045253753662,294000
2002-12-13,5.003761170372285,5.003761170372285,4.880591869354248,4.880591869354248,35500
2002-12-16,4.994138637744499,5.125006388869961,4.994138637744499,5.067270278930664,3290500
2002-12-17,5.099987030029297,5.19813748902612,5.092288576943879,5.099987030029297,3608000
2002-12-18,5.138478494487176,5.138478494487176,4.949875073927976,5.013384342193604,1535000
2002-12-19,5.003761654770685,5.080742991556733,4.872894345803078,4.894063949584961,1557000
2002-12-20,4.944101397009027,5.0422518744663885,4.944101397009027,4.951799392700195,37500
2002-12-23,4.984516074469919,5.126931055430759,4.984516074469919,5.071119785308838,49000
2002-12-24,5.082666198850286,5.134628233545199,5.082666198850286,5.099987030029297,17500
2002-12-26,5.138477460087908,5.167345053210807,5.099987030029297,5.099987030029297,21000
2002-12-27,5.0518757608587945,5.0518757608587945,4.957574032269831,4.972970485687256,30000
2002-12-30,4.9556487588874845,4.9556487588874845,4.8497998239295095,4.926780700683594,77500
2002-12-31,4.86904252240582,4.9229293835416845,4.834401329337179,4.844023704528809,74500
2003-01-02,4.955650729315089,5.090367317199707,4.949877115378651,5.090367317199707,110500
2003-01-03,5.003760889984343,5.092288977857347,5.003760889984343,5.051874160766602,15500
2003-01-06,5.1769684253543335,5.290515343418634,5.1481003704048645,5.269345283508301,231500
2003-01-07,5.292440005848197,5.425232147916237,5.282817167411493,5.354024887084961,1560000
2003-01-08,5.388666242923732,5.388666242923732,5.225081655777253,5.234704494476318,125000
2003-01-09,5.404062669612761,5.529156360262106,5.404062669612761,5.517609596252441,565000
2003-01-10,5.465647423262904,5.640779243120018,5.452175815403468,5.556100368499756,672000
2003-01-13,5.667721556252637,5.667721556252637,5.459872942002241,5.536854267120361,529000
2003-01-14,5.525306158261574,5.61190938949585,5.477192895143135,5.61190938949585,51000
2003-01-15,5.629230775934136,5.629230775934136,5.4329293955003735,5.498363494873047,1040500
2003-01-16,5.465646415591588,5.515684069182739,5.332854286947877,5.346326351165772,1225000
2003-01-17,5.157723564538919,5.196214001234998,5.07689346394027,5.132704734802246,3654000
2003-01-21,5.099987643280568,5.148100457218128,5.057647981588088,5.0749688148498535,453000
2003-01-22,5.051874230442293,5.196213585937649,5.051874230442293,5.1269307136535645,56000
2003-01-23,5.282818242904058,5.342478752136231,5.12500769822585,5.342478752136231,351500
2003-01-24,5.234706061032563,5.234706061032563,5.05187620061586,5.08074426651001,235500
2003-01-27,5.023006241800582,5.096138341944349,4.967195433508111,5.02685546875,176000
2003-01-28,5.042252738453988,5.134630079103441,5.009535907028854,5.119234085083008,238500
2003-01-29,5.005685461015241,5.186590394941555,4.996062623844455,5.155797958374023,79500
2003-01-30,5.186592234888362,5.194290232050581,5.005687236785889,5.005687236785889,29000
2003-01-31,4.907535201060022,5.04032734352524,4.907535201060022,5.003761291503906,50500
2003-02-03,5.096138341944349,5.096138341944349,5.017233089639707,5.02685546875,24500
2003-02-04,4.9941387847574985,4.9941387847574985,4.907535076141357,4.907535076141357,24000
2003-02-05,5.042251260085304,5.042251260085304,4.907534745956881,4.92293119430542,40500
2003-02-06,4.888289322288339,4.919081758837029,4.849798891313007,4.872893333435059,41500
2003-02-07,4.855574224653371,4.855574224653371,4.776668950810143,4.795914173126221,131500
2003-02-10,4.757423128655491,4.8440268559323,4.749725131725666,4.820932865142822,17500
2003-02-11,4.897912092973029,4.967194959556663,4.813232778902964,4.878666877746582,341000
2003-02-12,4.859422203283099,4.886365415829976,4.7920637130737305,4.7920637130737305,59000
2003-02-13,4.772819723849327,4.774744108428666,4.707386059728876,4.755498886108398,1041500
2003-02-14,4.772817964580062,4.878666877746582,4.772817964580062,4.878666877746582,519500
2003-02-18,5.003760496040649,5.115383018515893,4.997986885647646,5.099987030029297,1143500
2003-02-19,5.080743386111093,5.080743386111093,5.005686886634551,5.061498165130615,35000
2003-02-20,5.090365003401687,5.090365003401687,5.06149740568351,5.071119785308838,17000
2003-02-21,4.996064291835395,5.123082848306668,4.944102238523016,5.09229040145874,10000
2003-02-24,5.051874566146944,5.078817779702794,4.947950480235988,5.003761291503906,29000
2003-02-25,4.897913380152496,4.897913380152496,4.8151588870465485,4.876743316650391,56500
2003-02-26,4.921006682576369,5.028779992898646,4.867120256836321,4.907535076141357,21500
2003-02-27,4.922931525525786,4.963346344830822,4.876742636214681,4.907535076141357,14500
2003-02-28,4.95757335188861,4.95757335188861,4.895988464355469,4.895988464355469,11500
2003-03-03,4.974894885364805,4.988366495369412,4.861347933791914,4.905611991882324,46500
2003-03-04,4.83440324546911,4.87481806320807,4.776667594909668,4.776667594909668,35000
2003-03-05,4.763196752813339,4.797838427346429,4.718932696804801,4.753574371337891,273500
2003-03-06,4.715082242167233,4.8305535316467285,4.715082242167233,4.8305535316467285,68500
2003-03-07,4.732404753344127,4.886366527309761,4.732404753344127,4.820932865142822,1607500
2003-03-10,4.772819334384891,4.772819334384891,4.678517615057958,4.695838451385498,37500
2003-03-11,4.715082154225035,4.715082154225035,4.657346510562129,4.661195278167725,9000
2003-03-12,4.705461378761972,4.705461378761972,4.62655610217738,4.690065383911133,171000
2003-03-13,4.859421330501331,5.042250633239746,4.849798494124524,5.042250633239746,142500
2003-03-14,5.0807431644316745,5.117308761509595,5.044177108511512,5.078818321228027,34500
2003-03-17,5.051875061052621,5.321308599532678,5.01338462110436,5.307836532592773,903500
2003-03-18,5.311685507030585,5.348251560891785,5.207761415890559,5.277044296264648,96500
2003-03-19,5.215460720318537,5.215460720318537,5.053800472603919,5.167347431182861,171500
2003-03-20,5.09998862757907,5.240478787185159,5.09998862757907,5.217384338378906,378500
2003-03-21,5.21545993297444,5.225082314043548,5.061498165130615,5.061498165130615,315000
2003-03-24,4.984516021113495,4.984516021113495,4.867120329656426,4.874818325042725,229500
2003-03-25,4.869042251052064,5.023003916273645,4.861344259559376,4.994136333465576,92000
2003-03-26,4.984516284417313,5.051874780000516,4.9460258466104,5.013384342193604,734000
2003-03-27,4.974894528201247,4.999913361797136,4.880592806096916,4.9210076332092285,107500
2003-03-28,4.905610974840887,4.971044626680939,4.870969305860478,4.897912979125977,170500
2003-03-31,4.724707274462946,4.840179087654659,4.724707274462946,4.726632118225098,1622000
2003-04-01,4.811309339750743,4.811309339750743,4.743950843811035,4.743950843811035,1023000
2003-04-02,4.946025850522422,5.051874783996259,4.946025850522422,4.999912738800049,232500
2003-04-03,5.0691949933092735,5.134628637792048,5.013383727677657,5.051874160766602,1008500
2003-04-04,5.013383795663401,5.013383795663401,4.886365272978973,4.938327312469482,916500
2003-04-07,5.138478498551417,5.138478498551417,4.963346685201897,4.999912738800049,1499500
2003-04-08,4.984515613340837,4.996062834896724,4.909459590911865,4.909459590911865,70000
2003-04-09,4.907535984029956,5.0018377053629335,4.851724705015468,4.8594231605529785,1424500
2003-04-10,4.820932865142822,4.8478760838183526,4.726631140936188,4.820932865142822,340500
2003-04-11,4.907536133577351,4.955649417362752,4.820932865142822,4.820932865142822,201000
2003-04-14,4.840177373802711,4.955648687264966,4.840177373802711,4.946025848388672,124000
2003-04-15,4.90753601965317,5.036479415314131,4.90753601965317,4.9748945236206055,289500
2003-04-16,5.061498300484648,5.119233964970043,5.003762177156979,5.009535789489746,55000
2003-04-17,5.048026859553944,5.169272274761074,5.038404477032207,5.167347431182861,455000
2003-04-21,5.186591576236611,5.196214415599089,5.123082304739411,5.138478755950928,148500
2003-04-22,5.099988749886842,5.292440965080119,5.099988749886842,5.273195743560791,478500
2003-04-23,5.25394971247543,5.311685368137092,5.1769688382598815,5.30206298828125,577000
2003-04-24,5.263571063253297,5.321307166469207,5.236627854313948,5.294363498687744,56000
2003-04-25,5.282817380736722,5.282817380736722,5.161572456359863,5.161572456359863,285000
2003-04-28,5.157723820413958,5.290515971255922,5.157723820413958,5.271270751953125,92500
2003-04-29,5.31168475294577,5.359798023179184,5.277043547097747,5.340552806854248,33000
2003-04-30,5.296289376830863,5.369421023798753,5.2847421539300905,5.30206298828125,365500
2003-05-01,5.340553213605779,5.427156464242859,5.2751191060436335,5.359798431396484,116000
2003-05-02,5.481043203536903,5.590740896141154,5.456024375190403,5.586892127990723,3978500
2003-05-05,5.61960955806503,5.671571604442066,5.586892731044015,5.602288722991943,129500
2003-05-06,5.581118231252562,5.675419469901744,5.581118231252562,5.623457431793213,69500
2003-05-07,5.556100288305936,5.633081165730023,5.554175445180777,5.602288722991943,128000
2003-05-08,5.5041375160217285,5.559948787098853,5.486817140631263,5.5041375160217285,51000
2003-05-09,5.5041377154132025,5.5791942076315335,5.488741723654568,5.55417537689209,100500
2003-05-12,5.519533100124465,5.623457171531776,5.519533100124465,5.606136798858643,371500
2003-05-13,5.558024668361348,5.625383165477301,5.55225105667471,5.615760326385498,394000
2003-05-14,5.604212697254018,5.6157599197912464,5.534929820872836,5.596514701843262,132500
2003-05-15,5.715835626028896,5.773571283805889,5.681193956057368,5.750476837158203,36500
2003-05-16,5.750476501180036,5.750476501180036,5.671571244480942,5.711986064910889,82500
2003-05-19,5.6292313916164005,5.6292313916164005,5.446401596069336,5.446401596069336,182000
2003-05-20,5.484891353734642,5.498363417269849,5.398288115158787,5.436778545379639,67500
2003-05-21,5.465646477917504,5.488740921020508,5.407910829002147,5.488740921020508,1022000
2003-05-22,5.523383400554437,5.650402408070062,5.523383400554437,5.62153434753418,336000
2003-05-23,5.619608188316108,5.654249391176453,5.59458936336726,5.6099853515625,1988500
2003-05-27,5.5657208127059405,5.839003019973993,5.5657208127059405,5.804361820220947,570000
2003-05-28,5.827458970437353,5.933307461424517,5.827458970437353,5.910213470458984,65500
2003-05-29,5.917911467447495,6.004514736542241,5.873647411210703,5.910213470458984,184000
2003-05-30,5.950626716916927,5.973721160585515,5.914060667389049,5.962173938751221,1512500
2003-06-02,6.043004385180519,6.043004385180519,5.869796965248876,5.879419803619385,1136500
2003-06-03,5.879419989886293,5.983344078063965,5.879419989886293,5.983344078063965,84000
2003-06-04,6.004513535349921,6.212362165513669,6.004513535349921,6.183494567871094,485000
2003-06-05,6.129607804311303,6.214287132460884,6.098815363060746,6.212362289428711,1169500
2003-06-06,6.42790927376571,6.527984598637473,6.254702298378432,6.277796745300293,962500
2003-06-09,6.254700719256941,6.254700719256941,6.08341817140937,6.100739002227783,930500
2003-06-10,6.168096886208321,6.206587314605713,6.110361243612233,6.206587314605713,1103500
2003-06-11,6.196966368121148,6.281645238383635,6.158475930834363,6.2604756355285645,2548000
2003-06-12,6.331683845586709,6.331683845586709,6.196967294934855,6.300891399383545,116000
2003-06-13,6.341304839244408,6.350927217782178,6.11998462677002,6.11998462677002,151000
2003-06-16,6.139232108294376,6.273948669433594,6.129609267363277,6.273948669433594,254500
2003-06-17,6.335531511760206,6.39519154611896,6.275871018559292,6.35285234451294,177000
2003-06-18,6.322062008586118,6.370174837111802,6.279722334055973,6.335533618927002,135000
2003-06-19,6.331682135781834,6.377870563192739,6.179644789163877,6.243154048919678,83500
2003-06-20,6.264324321836481,6.264324321836481,6.139230182035868,6.158475399017334,71500
2003-06-23,6.11998469123592,6.11998469123592,5.985267719550956,6.0064377784729,518000
2003-06-24,6.023759162476905,6.096890806897244,5.967947892962163,5.973721504211426,248500
2003-06-25,5.985267311260427,6.106512669274459,5.985267311260427,5.987192153930664,89000
2003-06-26,6.006438110845544,6.09881496979839,5.977570055646423,6.071871757507324,159000
2003-06-27,6.083419741230776,6.17579707059143,6.033382078515701,6.062250137329102,722000
2003-06-30,6.081493692808473,6.118059278843482,5.985267162322998,5.985267162322998,1570000
2003-07-01,5.939080620312032,6.066099166870117,5.873646962643397,6.066099166870117,1045000
2003-07-02,6.108438146087082,6.195041857638241,6.108438146087082,6.17772102355957,984500
2003-07-03,6.158475324207777,6.196965757703151,6.100739673964718,6.1103620529174805,394500
2003-07-07,6.216212125663545,6.308589458465576,6.20466490170801,6.308589458465576,309000
2003-07-08,6.322059495699483,6.3605499267578125,6.270097000812819,6.3605499267578125,368500
2003-07-09,6.331683226453671,6.418286944254029,6.29896639895018,6.379796504974365,70000
2003-07-10,6.331682898624897,6.341305737367697,6.208513591075625,6.2604756355285645,322500
2003-07-11,6.27394764359122,6.427909402576304,6.2643252630757695,6.293192863464356,146500
2003-07-14,6.366324353052795,6.441380382044386,6.318211078643799,6.318211078643799,315000
2003-07-15,6.350928176038567,6.385569845222565,6.327834188758112,6.349003791809082,524000
2003-07-16,6.381721385457751,6.387494997682815,6.206589551929405,6.24507999420166,42500
2003-07-17,6.139229133682199,6.168096724803796,5.989116191555211,6.002587795257568,85000
2003-07-18,6.04685265942575,6.071871486534401,5.966022567317633,6.014135837554932,181000
2003-07-21,5.966023126204632,5.966023126204632,5.829382215138908,5.860174655914307,188000
2003-07-22,5.88904304433533,5.981420379063872,5.869797823622166,5.952552318572998,74500
2003-07-23,5.956400458410831,5.9833436707200605,5.873645978573786,5.9640984535217285,196500
2003-07-24,6.004514631986303,6.145005254081128,5.994892250628788,5.996816635131836,150500
2003-07-25,5.987194220192259,6.127684382656803,5.956401774104831,6.118061542510986,254500
2003-07-28,6.071872299807517,6.154626786979864,6.064174304014274,6.133457183837891,34500
2003-07-29,6.102665223325869,6.118061216127107,6.035306722425393,6.066099166870117,204500
2003-07-30,6.043004989624023,6.100740649095441,6.025684154129928,6.043004989624023,99500
2003-07-31,6.119985029891803,6.166173459368225,6.062249378335731,6.071871757507324,171500
2003-08-01,6.027607505189056,6.071871549080157,6.023758737189403,6.035305500030518,66500
2003-08-04,5.967947282160383,6.041078919095916,5.939079228868633,5.998739719390869,72000
2003-08-05,6.069947451475919,6.069947451475919,5.931381702423096,5.931381702423096,56500
2003-08-06,5.892892303456425,5.950627965903967,5.852477018553565,5.87172269821167,261500
2003-08-07,5.860174588968762,5.894815797668979,5.796665323983208,5.86594820022583,84000
2003-08-08,5.892892091488172,5.935231759296974,5.813986367791868,5.862099647521973,44500
2003-08-11,5.850553284445878,5.973723078432108,5.850553284445878,5.948704242706299,102500
2003-08-12,5.994890619089342,6.058399878828312,5.948702191690678,6.027607440948486,53500
2003-08-13,6.071870457716857,6.091115670782438,6.012210434866176,6.033380031585693,59500
2003-08-14,6.044929498012641,6.112287998199463,6.044929498012641,6.112287998199463,177500
2003-08-15,6.100739002227783,6.100739002227783,6.100739002227783,6.100739002227783,4000
2003-08-18,6.0814953972563055,6.196966715591254,6.0814953972563055,6.191193103790283,1097500
2003-08-19,6.23545761997403,6.272023677825928,6.164250347575568,6.272023677825928,85000
2003-08-20,6.225833826435717,6.339380751526889,6.200814996878605,6.298965930938721,125500
2003-08-21,6.350927364373608,6.424059461854104,6.331682148011713,6.391342639923096,529500
2003-08-22,6.485645111343382,6.508739558903047,6.333607735540816,6.395192623138428,1230000
2003-08-25,6.350927352905273,6.406738617906634,6.306663309468628,6.350927352905273,69000
2003-08-26,6.312438331827836,6.377871990203857,6.220061456337247,6.377871990203857,203500
2003-08-27,6.341306590533447,6.42406108771813,6.341306590533447,6.414438247680664,45500
2003-08-28,6.454851553909664,6.533756799112548,6.418285507128857,6.52798318862915,1739500
2003-08-29,6.543381190869637,6.610739231109619,6.524135970966465,6.610739231109619,603500
2003-09-02,6.658852282660783,6.772399213860649,6.616512616784261,6.762776374816895,1414500
2003-09-03,6.889794009449274,7.014888147548522,6.84168119707106,6.959076881408691,2325000
2003-09-04,6.982173051289806,6.984097435784916,6.8705504914124536,6.935984611511231,6620500
2003-09-05,6.909039030763429,6.926359862973945,6.812812949886363,6.841681003570557,704500
2003-09-08,6.8801729878948,6.953304642320954,6.8801729878948,6.93790864944458,127000
2003-09-09,6.928286322624644,6.928286322624644,6.80511699396941,6.816664218902588,208500
2003-09-10,6.783946544237702,6.80319176378671,6.572248670356384,6.581871509552002,375000
2003-09-11,6.687720634766735,6.795493966437975,6.624211358225509,6.753154754638672,4357500
2003-09-12,6.610737596951678,6.697341294528849,6.562624788508234,6.681944847106934,280500
2003-09-15,6.697340619435443,6.733906662179238,6.629982143793823,6.658850193023682,76000
2003-09-16,6.703114988011357,6.8513031005859375,6.703114988011357,6.8513031005859375,1182500
2003-09-17,6.845529771500351,6.914812641500268,6.8147373338512605,6.841681003570557,557500
2003-09-18,6.832059428077655,6.9552292014259,6.770474541403533,6.947530746459961,626000
2003-09-19,6.976398397853597,6.976398397853597,6.862851470426079,6.928285121917725,100500
2003-09-22,6.783945821801736,6.833983479068992,6.737756932729082,6.787794589996338,561500
2003-09-23,6.8089653194481325,6.914813796674658,6.8089653194481325,6.864776134490967,127000
2003-09-24,6.912890025765039,6.92443725019235,6.656928539276123,6.656928539276123,352500
2003-09-25,6.658852315275733,6.770474403908239,6.60111665725708,6.60111665725708,624000
2003-09-26,6.562627542068257,6.601117988509757,6.476023808153723,6.504891872406006,611000
2003-09-29,6.524134497003298,6.601115359224106,6.501040054800203,6.589568138122559,126500
2003-09-30,6.518362039273424,6.572248468821353,6.458701539311401,6.477946758270264,150500
2003-10-01,6.514512454172269,6.668474197387695,6.514512454172269,6.668474197387695,1126500
2003-10-02,6.687719978732154,6.687719978732154,6.560701438109637,6.608814716339111,234500
2003-10-03,6.832060212918635,6.899418719133984,6.77432454709503,6.816664218902588,1457500
2003-10-06,6.860927438011854,6.918663096789971,6.832059379201682,6.899417877197266,125500
2003-10-07,6.812815290783567,6.920588630165449,6.812815290783567,6.909041404724121,118000
2003-10-08,7.0341348126294045,7.068776485163075,6.976399150582208,6.999493598937988,720500
2003-10-09,7.082247683675124,7.082247683675124,6.907115864416327,6.926361083984375,1854000
2003-10-10,6.937907147464637,6.937907147464637,6.814737395749523,6.862850666046143,114500
2003-10-13,7.024510582378196,7.024510582378196,6.968699319439901,7.007189750671387,237000
2003-10-14,7.034134253333267,7.055303856747997,6.993719430766358,7.045681476593018,1421500
2003-10-15,7.139982984672865,7.139982984672865,6.9802476243764335,6.995643615722656,163000
2003-10-16,6.995644149511938,7.070700645446777,6.986021768896883,7.070700645446777,1645000
2003-10-17,7.053378164834911,7.055302548740695,6.920586039651015,6.95330286026001,103500
2003-10-20,6.962927474620978,7.005267143249512,6.889795361430079,7.005267143249512,192500
2003-10-21,7.049530763895736,7.128436025437857,7.00526671358517,7.1207380294799805,153000
2003-10-22,7.014888496506575,7.02258649180897,6.932134014610922,6.957152843475342,52500
2003-10-23,6.735831812704726,6.872473163212204,6.735831812704726,6.810888290405273,504000
2003-10-24,6.706966059291907,6.77047533775645,6.649230393309804,6.735834121704102,229500
2003-10-27,6.774323392483959,6.878247481485241,6.774323392483959,6.79356861114502,285000
2003-10-28,6.880174603849108,6.939834663810297,6.816665315343626,6.934061050415039,322000
2003-10-29,6.966775075129712,7.037982791982572,6.947529857860819,7.036057949066162,44000
2003-10-30,7.043758057691158,7.13805978211373,7.005267614111612,7.018739223480225,355000
2003-10-31,7.06300258230573,7.06300258230573,6.957153643488979,7.022587299346924,60500
2003-11-03,7.063002304765494,7.172700007944361,7.049530697256002,7.126511573791504,106000
2003-11-04,7.111115190400969,7.182322914827435,7.078398363448327,7.1207380294799805,85000
2003-11-05,7.120737406658021,7.195793893077429,7.030284929669485,7.186171054840088,576500
2003-11-06,7.178472660733165,7.234283926419304,7.122661395047027,7.2208123207092285,1019500
2003-11-07,7.272773182783118,7.313187993374073,7.216961926127457,7.2246599197387695,828500
2003-11-10,7.188095653985694,7.195794108342742,7.080322340251168,7.114964008331299,99500
2003-11-11,7.10149214046087,7.10149214046087,7.022586427517698,7.030284881591797,1554500
2003-11-12,7.120738880413425,7.247757434844971,7.111116040184477,7.247757434844971,72000
2003-11-13,7.159227639899927,7.253529341290777,7.159227639899927,7.216963291168213,74000
2003-11-14,7.21696456870768,7.21696456870768,7.005267143249512,7.005267143249512,47000
2003-11-17,6.880171435921383,6.909039030763429,6.79356773371095,6.841681003570557,781500
2003-11-18,6.928283876278474,6.928283876278474,6.674246852817038,6.681944847106934,652000
2003-11-19,6.706964768455866,6.72428560256958,6.63575750666686,6.72428560256958,586000
2003-11-20,6.678098952992208,6.7897215241747135,6.635759277915685,6.655004501342773,918500
2003-11-21,6.65885094516218,6.706963754190339,6.620360514402802,6.703114986419678,127500
2003-11-24,6.818589700194593,6.934061050415039,6.766627638479628,6.934061050415039,250000
2003-11-25,6.966776051985184,6.986021730794808,6.889795172115639,6.941757678985596,199000
2003-11-26,6.9763972345813166,6.989868839474922,6.857076715583784,6.972548007965088,116000
2003-11-28,6.937907423533405,6.987945079803467,6.937907423533405,6.987945079803467,27500
2003-12-01,7.082247590848377,7.1207380294799805,7.01488909382196,7.1207380294799805,326000
2003-12-02,7.120737967431937,7.120737967431937,6.991794586181641,6.991794586181641,232000
2003-12-03,7.082247802195845,7.147681458053788,7.018738530674242,7.022587299346924,9501500
2003-12-04,7.009114054871806,7.032208496884919,6.89941637299378,6.972548007965088,203500
2003-12-05,6.947531108654719,6.991795162226437,6.899418286241614,6.905191898345947,7672000
2003-12-08,6.909038966403233,6.955227851867676,6.857076929097877,6.955227851867676,199500
2003-12-09,6.995642383462208,7.005265220490218,6.803190231323242,6.803190231323242,280000
2003-12-10,6.812814235687256,6.859002671457088,6.758927803762825,6.812814235687256,376000
2003-12-11,6.851304246772448,7.0418320486035295,6.835908255426225,6.995643615722656,275000
2003-12-12,7.034135341644287,7.057229791736927,6.968701678171525,7.034135341644287,71000
2003-12-15,7.168851653741489,7.168851653741489,6.92828615584624,6.935984611511231,209000
2003-12-16,6.976397313917771,7.024510582378196,6.8801712358390565,7.007189750671387,122500
2003-12-17,6.986020560149042,7.012963771820068,6.928284451079471,7.012963771820068,118500
2003-12-18,7.034134650532201,7.163077580248638,7.034134650532201,7.1322855949401855,182500
2003-12-19,7.15922805261148,7.197718489009214,7.088020791159892,7.1284356117248535,240000
2003-12-22,7.120738408875737,7.20734167098999,7.07839874058821,7.20734167098999,61000
2003-12-23,7.16885041588623,7.272774960996071,7.16885041588623,7.263152122497559,151500
2003-12-24,7.245833396911621,7.274701001294679,7.211191721041193,7.245833396911621,57500
2003-12-26,7.226586329623608,7.288170750713035,7.226586329623608,7.280472755432129,32500
2003-12-29,7.303567739619063,7.35552978515625,7.263152458435083,7.35552978515625,189000
2003-12-30,7.370925511404133,7.370925511404133,7.293944637996601,7.297793865203857,362000
2003-12-31,7.342058601978148,7.363228206498256,7.265077721349856,7.267002105712891,440500
2004-01-02,7.313190744112621,7.382473630358239,7.257379466464449,7.303568363189697,1208500
2004-01-05,7.415190743510157,7.549907752326328,7.399794749907192,7.544134140014648,250500
2004-01-06,7.544133172401399,7.655755258811888,7.497944279832163,7.651906490325928,334000
2004-01-07,7.634585243394058,7.661528456709877,7.573000362521739,7.659604072570801,158500
2004-01-08,7.71734046638645,7.71734046638645,7.586472245632266,7.663453578948975,312000
2004-01-09,7.659604774331555,7.715415590215566,7.574925899505615,7.574925899505615,204000
2004-01-12,7.64997945959532,7.7154130935668945,7.563376228478138,7.7154130935668945,1435000
2004-01-13,7.736585653053725,7.736585653053725,7.505643016887216,7.574925899505615,8532000
2004-01-14,7.582623129288688,7.651906004905169,7.56337791155312,7.611490726470947,214000
2004-01-15,7.649982023854603,7.811642238121145,7.601869203515973,7.751981735229492,552000
2004-01-16,7.794322490692139,7.821265708964482,7.7462092076267215,7.794322490692139,261500
2004-01-20,7.890547063691958,7.890547063691958,7.811641804122455,7.880924224853516,969500
2004-01-21,7.861678531933277,7.867451683940604,7.717339637222697,7.773150444030762,827500
2004-01-22,7.909792848306132,7.909792848306132,7.678849760325567,7.686547756195068,437500
2004-01-23,7.726961740795885,7.792395386854908,7.68462253868342,7.7423577308654785,316500
2004-01-26,7.746209658726559,7.775077263173093,7.628813479808366,7.767378807067871,415000
2004-01-27,7.803944023338169,7.807793709816596,7.640359878540039,7.640359878540039,165000
2004-01-28,7.678849377307277,7.698094595442195,7.486397195958101,7.505642414093018,261500
2004-01-29,7.524886863988912,7.532584858688528,7.313189027275511,7.447905540466309,1317000
2004-01-30,7.457529675301693,7.5306617847756465,7.407492012786299,7.45945405960083,368500
2004-02-02,7.505641372135452,7.50949013992282,7.363226410633814,7.390169620513916,322500
2004-02-03,7.399793145242517,7.455604412924422,7.34013265057345,7.413264751434326,294500
2004-02-04,7.390169480646349,7.41711314885864,7.286245410880193,7.293943405151367,378000
2004-02-05,7.313190245194827,7.407491957785787,7.301643021801285,7.370925903320312,261000
2004-02-06,7.405567361549512,7.501793455671277,7.380548531193631,7.482548236846924,279500
2004-02-09,7.565302381850499,7.573000377263977,7.494095121301993,7.524887561798096,327500
2004-02-10,7.540283747070178,7.561453349713702,7.497944082940929,7.534510135650635,265000
2004-02-11,7.56337791155312,7.632660787169601,7.505642258346416,7.611490726470947,214500
2004-02-12,7.630735406087296,7.669225838844087,7.572999756952108,7.576848983764648,237000
2004-02-13,7.611490884413969,7.628811718388053,7.469076361984016,7.505642414093018,165000
2004-02-17,7.617263596776739,7.653829644570348,7.551829954608699,7.621112823486328,183000
2004-02-18,7.640359267183618,7.673076093525352,7.557604779786689,7.651906490325928,213500
2004-02-19,7.690395814820321,7.694244582749055,7.447905540466309,7.447905540466309,206500
2004-02-20,7.4940943595644125,7.49601874351163,7.347830626206552,7.453679084777832,750000
2004-02-23,7.467151851237754,7.467151851237754,7.240058005790173,7.261227607727051,618000
2004-02-24,7.274699077507162,7.326661118729191,7.216963425166888,7.286246299743652,245500
2004-02-25,7.313188620250363,7.3401318296205345,7.255452974953375,7.293943405151367,339500
2004-02-26,7.293944430990213,7.35360492737739,7.216963559767443,7.342057704925537,171000
2004-02-27,7.361303472543836,7.401718295301701,7.286246979843043,7.322813034057617,152000
2004-03-01,7.370925497373784,7.4459819864559185,7.317039069627962,7.419038772583008,733000
2004-03-02,7.419038576148306,7.438283793953999,7.342057704925537,7.342057704925537,106500
2004-03-03,7.361303594817738,7.361303594817738,7.313190316489675,7.351680755615234,62000
2004-03-04,7.357453483752422,7.413264751434326,7.357453483752422,7.413264751434326,136000
2004-03-05,7.349755684476595,7.457528995725186,7.332434850836059,7.4094157218933105,219500
2004-03-08,7.409416169069134,7.413265396391181,7.226586818695068,7.226586818695068,2652500
2004-03-09,7.245832787843581,7.259304396602255,7.122663006891827,7.203493118286133,222500
2004-03-10,7.197718910030597,7.205416905991989,7.045681539713656,7.053379535675049,632500
2004-03-11,6.976398397118776,7.116888538811327,6.96292678998028,6.995643615722656,469000
2004-03-12,7.091870311248915,7.1322855949401855,7.016813814664514,7.1322855949401855,298500
2004-03-15,7.063002881229834,7.118813700083657,6.92828587745523,6.932135105133057,2657000
2004-03-16,7.0245120249709805,7.0245120249709805,6.807040539125586,6.926361083984375,298500
2004-03-17,6.9667758945798965,7.0437572315523855,6.959077898535315,7.020662784576416,492000
2004-03-18,6.986021501677,7.039907932281494,6.910965008613119,7.039907932281494,378000
2004-03-19,7.00526707065782,7.09956832892242,6.980248238387795,7.02451229095459,100500
2004-03-22,6.880172585308685,6.889794965582813,6.783946488356287,6.864776134490967,205000
2004-03-23,6.889794426331849,6.97447375209605,6.824360777294029,6.843605995178223,180500
2004-03-24,6.909040253137858,6.947530692298565,6.859002590460496,6.91288948059082,137000
2004-03-25,6.995643603338358,7.197718627742479,6.959077550403055,7.170775413513184,193500
2004-03-26,7.168850356335796,7.297793729860025,7.161152360906248,7.241982460021973,367500
2004-03-29,7.332434729847436,7.399793220332177,7.286246299743652,7.286246299743652,775000
2004-03-30,7.332435464569989,7.372850746447384,7.274699806444503,7.370925903320312,219000
2004-03-31,7.370925164740952,7.370925164740952,7.278548304533385,7.286246299743652,994500
2004-04-01,7.332435464569989,7.424812792876099,7.332435464569989,7.370925903320312,352000
2004-04-02,7.553755499110634,7.599943932511454,7.461378632308994,7.549906730651855,447500
2004-04-05,7.582622391758994,7.636508812640406,7.555679181318289,7.621112823486328,408000
2004-04-06,7.582623489303973,7.611491087856837,7.509491383131267,7.555680274963379,82500
2004-04-07,7.515266083356106,7.526813307986995,7.430587200800043,7.490247249603271,326500
2004-04-08,7.582625366514294,7.582625366514294,7.447908343775374,7.467154026031494,73500
2004-04-12,7.476774554433308,7.557604656266181,7.472925327168046,7.501793384552002,153500
2004-04-13,7.553754458823009,7.553754458823009,7.394019118726849,7.447905540466309,288500
2004-04-14,7.342056811276896,7.467150941208984,7.342056811276896,7.390169620513916,248000
2004-04-15,7.409416847553132,7.447907288929335,7.243907857867002,7.303568363189697,135000
2004-04-16,7.293945931499044,7.342059215332221,7.216965044439785,7.268927097320557,169500
2004-04-19,7.286247100870229,7.370925975178014,7.22658705787828,7.351680755615234,107500
2004-04-20,7.419038707243473,7.471000750352799,7.276623725891113,7.276623725891113,101000
2004-04-21,7.268925864139298,7.332435131072998,7.216963820073944,7.332435131072998,621000
2004-04-22,7.29394495372544,7.553755642143235,7.29394495372544,7.511416435241699,369000
2004-04-23,7.5653037908908916,7.603794233969331,7.524888963311213,7.592247009277344,120000
2004-04-26,7.601868019228162,7.628811231127717,7.505641934699637,7.519113540649414,418500
2004-04-27,7.524887632227935,7.599943661764579,7.474849973308711,7.505642414093018,97000
2004-04-28,7.476773596614734,7.476773596614734,7.276622981305652,7.3131890296936035,97000
2004-04-29,7.284322972480206,7.328587024913912,7.095719538833594,7.1322855949401855,220500
2004-04-30,7.178473421880627,7.186171417553738,6.9667755583957325,6.995643615722656,129000
2004-05-03,7.043757836464626,7.159229163576603,7.024512615279296,7.076474666595459,164500
2004-05-04,7.091870348942821,7.267002175237266,7.080323124969656,7.20734167098999,148000
2004-05-05,7.207341000154147,7.236209057400117,7.136133737403691,7.197718620300293,587500
2004-05-06,7.1688508271887565,7.191945273836442,7.089945565879533,7.188096046447754,237000
2004-05-07,7.159226964777051,7.182321406643402,7.088019714145303,7.113038539886475,245000
2004-05-10,6.986021362207119,7.078398229639806,6.96292691592784,7.011039733886719,123000
2004-05-11,7.120738372600646,7.141907977215442,7.047606260371314,7.078398704528809,534500
2004-05-12,7.082245005589546,7.111112594604492,6.897490875830908,7.111112594604492,119500
2004-05-13,7.091869215129476,7.176548538166414,7.066850386801587,7.130359649658203,477500
2004-05-14,7.120737568356786,7.120737568356786,6.945605762734582,6.986021041870117,620500
2004-05-17,6.889794426331849,6.91673809844347,6.822436393158266,6.843605995178223,108000
2004-05-18,6.966775907424608,6.966775907424608,6.889795029152416,6.926361083984375,55000
2004-05-19,7.005267977506981,7.05915441777677,6.909041404724121,6.909041404724121,124000
2004-05-20,6.870549414003938,6.961002353723829,6.864775802581724,6.880172252655029,284000
2004-05-21,6.976399161545737,6.976399161545737,6.8724750614659165,6.87824821472168,115500
2004-05-24,6.993719582209772,7.028360793896933,6.93021031174812,6.980247974395752,454500
2004-05-25,6.957154189770001,7.064927521385536,6.872475307372892,7.043757915496826,266500
2004-05-26,7.072626316150783,7.1188147609566,7.026437871344964,7.0957207679748535,445500
2004-05-27,7.178472919419303,7.178472919419303,7.074548838001013,7.143831253051758,698500
2004-05-28,7.159227704975836,7.16115208904962,7.088020446981908,7.130359649658203,220500
2004-06-01,7.120737626645975,7.1592280631001,7.026435919680711,7.0880208015441895,467500
2004-06-02,7.157304083832671,7.157304083832671,7.06107752841144,7.1207380294799805,285500
2004-06-03,7.1284370677328495,7.1284370677328495,7.034135341644287,7.034135341644287,1038000
2004-06-04,7.149604124886001,7.195793008600402,7.111113694352083,7.139981746673584,148000
2004-06-07,7.216963956284192,7.326661657919466,7.178473518558053,7.3074164390563965,239500
2004-06-08,7.286247521735738,7.345907568173748,7.282398294063952,7.317039966583252,269000
2004-06-09,7.3497552121474365,7.3497552121474365,7.193868637084961,7.193868637084961,157500
2004-06-10,7.265076364688972,7.265076364688972,7.218887477863392,7.2208123207092285,100500
2004-06-14,7.216963229652913,7.216963229652913,7.066850262329589,7.101491928100586,105500
2004-06-15,7.166925297442622,7.215038567321394,7.124585638302987,7.178472518920898,91500
2004-06-16,7.16885008418693,7.16885008418693,7.103416437256529,7.130359649658203,110500
2004-06-17,7.101492411913341,7.116888402965688,7.055303521071907,7.074549198150635,117000
2004-06-18,7.082248358299355,7.120738801101884,7.043757915496826,7.043757915496826,307500
2004-06-21,7.072624084788447,7.11303936272984,7.018737659322827,7.030284881591797,185000
2004-06-22,7.053378725304193,7.082246780395508,6.986020694828076,7.082246780395508,807000
2004-06-23,7.099567207476898,7.149604864113015,7.05530316190204,7.143831253051758,1539000
2004-06-24,7.190020691768475,7.247756347957181,7.149605411246834,7.1919450759887695,223000
2004-06-25,7.226588585252155,7.265079032512853,7.191946907412131,7.21119213104248,117500
2004-06-28,7.3035674087373215,7.3035674087373215,7.209265702036578,7.236208915710449,169000
2004-06-29,7.26507860646649,7.305493436067477,7.226588161462988,7.27277660369873,157500
2004-06-30,7.313189176140041,7.363226830969314,7.265076364156463,7.328585624694824,737500
2004-07-01,7.342057638852871,7.342057638852871,7.141907008401118,7.186171054840088,265500
2004-07-02,7.178474447968615,7.178474447968615,7.059153892032043,7.08417272567749,649500
2004-07-06,6.89941741746194,7.068775613898083,6.697342395782471,6.697342395782471,631000
2004-07-07,6.678097107271521,6.751228752545097,6.678097107271521,6.716587543487549,862000
2004-07-08,6.610740370698975,6.649230817140476,6.504891872406006,6.504891872406006,910500
2004-07-09,6.56262459878338,6.660775055536813,6.56262459878338,6.6319074630737305,1293000
2004-07-12,6.629984991680822,6.641532216332837,6.554928490285007,6.618437767028809,365500
2004-07-13,6.639605094753933,6.639605094753933,6.5029637574373735,6.51258659362793,254500
2004-07-14,6.476022243499756,6.556852345034694,6.437531806357824,6.476022243499756,698000
2004-07-15,6.524136337910299,6.558777552147475,6.481796668205073,6.501041889190674,620000
2004-07-16,6.562626658869544,6.562626658869544,6.356702385162734,6.377871990203857,261000
2004-07-19,6.408664105012998,6.445230159981348,6.349004061782188,6.379796504974365,2271000
2004-07-20,6.414437686517625,6.581871509552002,6.387494470917459,6.581871509552002,698500
2004-07-21,6.572249245325417,6.593419309870935,6.3894194141939735,6.414438247680664,519000
2004-07-22,6.4182868003845215,6.437532019592961,6.285494650193623,6.4182868003845215,651500
2004-07-23,6.295116909215395,6.320135739589054,6.262400083074966,6.268173694610596,545500
2004-07-26,6.264325606120142,6.322061268901245,6.21043871221909,6.250853538513184,532000
2004-07-27,6.254702078099898,6.393267837066593,6.254702078099898,6.362475395202637,2403000
2004-07-28,6.331682690045872,6.408663562083531,6.268173424730585,6.372097969055176,901000
2004-07-29,6.456776140244292,6.491417345388734,6.425983702981376,6.470247745513916,585000
2004-07-30,6.466398317477259,6.554926399786267,6.447153102142349,6.514511585235596,318500
2004-08-02,6.476022250974657,6.476022250974657,6.389418537884247,6.449079036712647,183000
2004-08-03,6.466400953005484,6.472174565843336,6.335533618927002,6.335533618927002,321000
2004-08-04,6.331682690045872,6.406739177935246,6.329758305897588,6.372097969055176,181000
2004-08-05,6.370173400336372,6.379796239176491,6.256626471539336,6.268173694610596,285000
2004-08-06,6.168097437143149,6.216210706358419,6.108437405450983,6.11998462677002,199000
2004-08-09,6.11998577834801,6.148853378235382,6.100740558809019,6.11613655090332,357000
2004-08-10,6.139231251014212,6.247004576644617,6.139231251014212,6.2412309646606445,156000
2004-08-11,6.168098049396411,6.168098049396411,6.087268409824188,6.1219096183776855,165000
2004-08-12,6.119985371331742,6.119985371331742,5.981419616329584,6.029532432556152,519000
2004-08-13,6.06802319321755,6.079569956842915,6.035305909945423,6.041079521179199,404000
2004-08-16,6.087268750236217,6.1392307953933765,6.064174304014274,6.133457183837891,295000
2004-08-17,6.1680989368242445,6.214287833330529,6.137306492100806,6.14115571975708,403500
2004-08-18,6.11036199231186,6.291267395019531,6.11036199231186,6.291267395019531,889500
2004-08-19,6.245078237426835,6.270097063750094,6.20658780598215,6.233531475067139,202500
2004-08-20,6.279721725623785,6.327835008330164,6.275872497824058,6.306664943695068,1265500
2004-08-23,6.341306828811552,6.364400819853159,6.310514381913793,6.316287994384766,203500
2004-08-24,6.350928736028986,6.37017395654741,6.275872238354459,6.302815914154053,595500
2004-08-25,6.341305528471675,6.399041182499919,6.28741864274,6.372097969055176,1206500
2004-08-26,6.389418808483243,6.389418808483243,6.339381146253385,6.358626365661621,308000
2004-08-27,6.3663238127684165,6.4144366242520805,6.3663238127684165,6.391342639923096,47000
2004-08-30,6.350928736028986,6.356702348068739,6.289343846833131,6.302815914154053,57500
2004-08-31,6.3105147308240745,6.3105147308240745,6.212363772233028,6.273948669433594,89500
2004-09-01,6.291267185435153,6.310512401350829,6.2316066949070565,6.254701137542725,1589500
2004-09-02,6.273947036017629,6.397116339509443,6.260475429295258,6.372097969055176,194500
2004-09-03,6.350929561513147,6.374024012673937,6.254703446413705,6.273948669433594,205000
2004-09-07,6.3509296826885775,6.385571360090724,6.297043240741664,6.329760074615479,338500
2004-09-08,6.331683303210626,6.36247574677609,6.293192863464356,6.293192863464356,180000
2004-09-09,6.349002705671888,6.375945915644292,6.297040669627355,6.3605499267578125,184500
2004-09-10,6.44715438198389,6.612663817330377,6.433682774459382,6.593418598175049,524500
2004-09-13,6.643453747153732,6.714661448973358,6.612661773097984,6.658850193023682,831000
2004-09-14,6.639604765929677,6.678095191101509,6.618434710895728,6.662698745727539,303000
2004-09-15,6.631908072871675,6.664624894797768,6.593417640153665,6.620360851287842,326500
2004-09-16,6.62998519610401,6.689645705698177,6.62998519610401,6.6415324211120605,264500
2004-09-17,6.697341163280847,6.720435604540077,6.6607751175677725,6.680020332336426,517000
2004-09-20,6.676174232128468,6.745457124745763,6.65500416623505,6.670400619506836,553500
2004-09-21,6.697341294528849,6.697341294528849,6.643454416815329,6.681944847106934,211000
2004-09-22,6.658851492987597,6.658851492987597,6.554926954313676,6.562625408172607,157000
2004-09-23,6.591494634258922,6.612664699343049,6.56262703109661,6.572249412536621,1233000
2004-09-24,6.61651388634012,6.624211883746859,6.5587782175261164,6.564551830291748,203000
2004-09-27,6.524134635925293,6.58764389449401,6.524134635925293,6.524134635925293,272500
2004-09-28,6.524135307063705,6.553002904559748,6.474097648638896,6.53375768661499,605000
2004-09-29,6.56262412699428,6.658850193023682,6.56262412699428,6.658850193023682,927500
2004-09-30,6.649230553613417,6.69734383917959,6.631910174590816,6.670400619506836,581500
2004-10-01,6.753153370596733,6.941756777078173,6.753153370596733,6.922511100769043,871000
2004-10-04,7.059152686997432,7.082247132217738,6.976398203414259,6.986021041870117,2012500
2004-10-05,7.014888347723032,7.068775231381236,6.976397913185246,7.036057949066162,685000
2004-10-06,7.0437570856316185,7.126511573791504,6.997568192636543,7.126511573791504,780500
2004-10-07,7.12073727212303,7.12073727212303,7.02835995392704,7.036057949066162,500500
2004-10-08,6.993719458570199,7.034134281297779,6.878247684355849,6.897493362426758,463000
2004-10-11,6.9475306834318005,6.966775902987592,6.912889471768268,6.93983268737793,377000
2004-10-12,6.870549809584367,6.955229142757561,6.841682209653409,6.926361083984375,446000
2004-10-13,7.01296356100839,7.01296356100839,6.868624210357666,6.868624210357666,706500
2004-10-14,6.889793814588016,6.903265420026591,6.835907392833718,6.841681003570557,374500
2004-10-15,6.893644121212192,6.943681782874825,6.837832847908313,6.884021282196045,283500
2004-10-18,6.903266483755552,7.059153079986572,6.899417715232698,7.059153079986572,354500
2004-10-19,7.103417964188064,7.159229243904412,7.043757915496826,7.043757915496826,335500
2004-10-20,7.02451160205352,7.02451160205352,6.949455112604312,7.014888763427734,307000
2004-10-21,7.130360265223818,7.249680806100709,7.130360265223818,7.226586818695068,769000
2004-10-22,7.234284551838302,7.234284551838302,7.082247190191851,7.0880208015441895,624500
2004-10-25,7.1014925467313725,7.109190542403688,7.034134052203647,7.063002109527588,379500
2004-10-26,7.091869971085167,7.124586798037807,7.057228759853612,7.1207380294799805,396500
2004-10-27,7.155379074610896,7.3805485483368285,7.155379074610896,7.361303329467773,1793500
2004-10-28,7.342058668508344,7.369001885203945,7.293945388258561,7.315115451812744,972500
2004-10-29,7.367077894461546,7.370926663428139,7.28047416892142,7.320888996124268,597500
2004-11-01,7.369001453057205,7.442133561333367,7.349756233854355,7.430586338043213,1396000
2004-11-02,7.419038843376821,7.492170490135728,7.39979362487793,7.39979362487793,282000
2004-11-03,7.542207387998776,7.542207387998776,7.419038093818322,7.449830532073975,823000
2004-11-04,7.438285236963588,7.596096237122097,7.438285236963588,7.592247009277344,1614500
2004-11-05,7.601868216506817,7.678849086127395,7.563377781696529,7.609566211700439,945500
2004-11-08,7.659603804348613,7.659603804348613,7.592245314575622,7.601868152618408,398500
2004-11-09,7.603793495097585,7.623038714766718,7.547982220404429,7.58839750289917,282000
2004-11-10,7.605717060616973,7.615339898836706,7.544132639610966,7.563377857208252,589500
2004-11-11,7.5864731772678144,7.653831680125879,7.549907578591633,7.649982452392578,426500
2004-11-12,7.653829916044346,7.713489949685156,7.6268867046479905,7.678848743438721,481500
2004-11-15,7.744284668773623,7.780850726467119,7.705794226625394,7.765453815460205,593500
2004-11-16,7.736584537771732,7.736584537771732,7.686546882047148,7.707716941833496,286500
2004-11-17,7.7866232620355476,7.840509693230778,7.755831277833832,7.790472030639648,1116000
2004-11-18,7.807791147941661,7.846281576305034,7.761602266831934,7.840507507324219,758500
2004-11-19,7.877075204506874,7.877075204506874,7.701943397521973,7.701943397521973,1208500
2004-11-22,7.688470442073962,7.761602533784939,7.638433250554274,7.750055313110352,783000
2004-11-23,7.765450906700047,7.813564170784337,7.700017271326454,7.7712249755859375,314000
2004-11-24,7.794324155078627,7.838587760925293,7.77892724047699,7.838587760925293,271500
2004-11-26,7.811642511297999,7.857831407756393,7.811642511297999,7.823189735412598,223000
2004-11-29,7.871303016276007,7.875151785086039,7.759680461624557,7.823189735412598,581500
2004-11-30,7.869378992029899,7.88477498565916,7.794322490692139,7.794322490692139,594500
2004-12-01,7.863605334124479,8.023341185344638,7.863605334124479,8.009869575500488,375500
2004-12-02,8.015641208568596,8.094546468069488,8.000245217051129,8.029112815856934,228000
2004-12-03,8.03681127138168,8.161905423133776,8.03681127138168,8.150358200073242,799500
2004-12-06,8.156133110827524,8.22156677715192,8.13111427508426,8.188850402832031,723500
2004-12-07,8.19462095212983,8.244658607712047,8.01756477355957,8.01756477355957,957500
2004-12-08,8.027188435528195,8.092622087772545,7.992546766333745,8.015641212463379,969500
2004-12-09,7.919413583933863,8.071450929673643,7.832810799236058,8.040658950805664,457000
2004-12-10,7.986775492985571,8.12341690000153,7.986775492985571,8.056057929992676,610000
2004-12-13,8.246584900084182,8.340887080973566,8.246584900084182,8.313943862915039,1446500
2004-12-14,8.333187804598976,8.362055404292002,8.28122575807775,8.302395820617676,557500
2004-12-15,8.331262594447786,8.354357038986675,8.265828946710503,8.304319381713867,257000
2004-12-16,8.333188663542408,8.333188663542408,8.133037993980075,8.138812065124512,320500
2004-12-17,8.140734675307607,8.148433129260768,8.104168624977692,8.127263069152832,178500
2004-12-20,8.198471266274506,8.198471266274506,7.959830191951392,7.992546558380127,1115000
2004-12-21,8.034885266136962,8.1638281603339,8.034885266136962,8.14073371887207,938500
2004-12-22,8.179226178013987,8.217716617438441,8.148434193548212,8.19654655456543,904000
2004-12-23,8.236961774809151,8.236961774809151,8.158055598949923,8.175376892089844,493000
2004-12-27,8.241114192896097,8.244992083194044,8.1635508391685,8.186820030212402,230500
2004-12-28,8.229475258634492,8.268256915051847,8.219779613373248,8.241109848022461,157000
2004-12-29,8.241113519492776,8.293468732749416,8.22947892492152,8.258564949035645,651000
2004-12-30,8.252746208027464,8.301223520106813,8.250807263484742,8.289588928222656,592000
2004-12-31,8.310918478783945,8.32255307099843,8.270197868347168,8.270197868347168,431500
2005-01-03,8.345823035920436,8.355518684443876,8.175183875196389,8.181000709533691,1404500
2005-01-04,8.19263598339102,8.308981001453171,7.857174468413745,7.901772975921631,1767500
2005-01-05,7.930856951464775,7.969638609616998,7.853293635160329,7.872684001922607,572000
2005-01-06,7.862989621943807,7.862989621943807,7.736949443817139,7.736949443817139,3064500
2005-01-07,7.775731077812597,7.831964164002314,7.671020220730138,7.752461433410644,2009000
2005-01-10,7.756340276014619,7.814513234920967,7.709802371203447,7.736949443817139,469000
2005-01-11,7.735011598377719,7.736950543178804,7.639996368414954,7.688473224639893,904000
2005-01-12,7.659386157989502,7.688472175291915,7.579883421914158,7.659386157989502,1345500
2005-01-13,7.630301015895711,7.707864358716843,7.603153938371112,7.61478853225708,691500
2005-01-14,7.66326471710033,7.742767460126999,7.659386827688363,7.725315570831299,1380000
2005-01-18,7.736948093657431,7.833902237725554,7.707861619280081,7.812572002410889,879500
2005-01-19,7.85329492122994,7.85329492122994,7.690411560465467,7.69816780090332,2866000
2005-01-20,7.649690379117333,7.766035833267765,7.649690379117333,7.669081211090088,499500
2005-01-21,7.669081505515805,7.702045874903642,7.581822989445394,7.587640285491943,981000
2005-01-24,7.579882315103767,7.616725029800053,7.446085453033447,7.446085453033447,990500
2005-01-25,7.5275277036588655,7.601213138747592,7.488746041711286,7.490684986114502,699000
2005-01-26,7.6089699015304815,7.684594286219012,7.568249292381539,7.659386157989502,525000
2005-01-27,7.630299685597368,7.669081350246577,7.572127188623556,7.65162992477417,1689000
2005-01-28,7.665203877843806,7.678777414977484,7.500381562968117,7.544980525970459,2776500
2005-01-31,7.653568490254038,7.703984744263824,7.653568490254038,7.696228504180908,692000
2005-02-01,7.700106731014682,7.727253803653287,7.67877695427205,7.713680267333984,1091500
2005-02-02,7.756340744722091,7.810634893230411,7.71949802262634,7.775732040405273,970000
2005-02-03,7.74276758684084,7.75634112463276,7.700107566413404,7.707863807678223,1188000
2005-02-04,7.752460449306329,7.90564859552181,7.752460449306329,7.892075061798096,1089000
2005-02-07,7.901771200017324,7.926979327830057,7.849415999887462,7.87656307220459,537000
2005-02-08,7.843598395739054,7.85329404193623,7.787364387497603,7.789304256439209,1287000
2005-02-09,7.798999640392758,7.798999640392758,7.624482154846191,7.624482154846191,362000
2005-02-10,7.632238786990423,7.632238786990423,7.527527926777193,7.533345222473144,685000
2005-02-11,7.541101627607125,7.688472043062843,7.515893499811153,7.669081211090088,936000
2005-02-14,7.678776858233417,7.717558522178926,7.663263915266872,7.669081211090088,2564000
2005-02-15,7.694290599958606,7.828087963507698,7.690412710316821,7.756341457366943,572000
2005-02-16,7.756341457366943,7.797062072489552,7.756341457366943,7.756341457366943,189000
2005-02-17,7.775731614140883,7.798999873206123,7.628360733836727,7.659386157989502,580000
2005-02-18,7.639995201379098,7.690411457017836,7.639995201379098,7.661324977874756,400000
2005-02-22,7.572127474494906,7.688472472834917,7.543041456066867,7.562432289123535,950500
2005-02-23,7.564370390994044,7.587639572995214,7.5158930825962305,7.576004981994629,376000
2005-02-24,7.562431661560353,7.632238747234252,7.506198111668339,7.6264214515686035,596000
2005-02-25,7.610908875002617,7.632239114240319,7.579883450731888,7.612848281860352,1442000
2005-02-28,7.639995715739638,7.694289864043523,7.56437132719014,7.607031345367432,1428500
2005-03-01,7.630300486371237,7.692351341247559,7.612849059067362,7.692351341247559,709000
2005-03-02,7.603151177036707,7.74276532833487,7.597333882206464,7.690410137176514,1038500
2005-03-03,7.717558432120404,7.717558432120404,7.587639905650394,7.632238864898682,361500
2005-03-04,7.715619806224466,7.725314991341079,7.651630012587507,7.703985214233398,131500
2005-03-07,7.698167036468158,7.847476383747445,7.698167036468158,7.818390369415283,579000
2005-03-08,7.824206127041037,7.847475305159649,7.773789882659912,7.773789882659912,921500
2005-03-09,7.75634003381415,7.851354784995126,7.748583793640137,7.748583793640137,522000
2005-03-10,7.756340276014619,7.756340276014619,7.665203410917853,7.736949443817139,196500
2005-03-11,7.756341504181858,7.802879878675991,7.661326272674977,7.686534404754639,641000
2005-03-14,7.698167896298533,7.754401449219156,7.698167896298533,7.727253913879394,1289000
2005-03-15,7.758279636846922,7.758279636846922,7.62642215575419,7.630300045013428,195000
2005-03-16,7.593458111995547,7.653570024897641,7.504260177371909,7.525590419769287,493500
2005-03-17,7.544979560097693,7.597334757286451,7.535283913492581,7.576004981994629,263500
2005-03-18,7.591517460618972,7.591517460618972,7.53722331904309,7.560492038726807,265500
2005-03-21,7.581824332061504,7.581824332061504,7.488748041148346,7.5430426597595215,493000
2005-03-22,7.451902780541779,7.490684439660191,7.360765927844898,7.36852216720581,1382500
2005-03-23,7.3491319249273666,7.428634656092989,7.3491319249273666,7.397609233856201,1157500
2005-03-24,7.407306075362804,7.471295878568431,7.407306075362804,7.417001724243164,1346500
2005-03-28,7.4204950869724255,7.445728286607935,7.399144096039962,7.426318168640137,755000
2005-03-29,7.404965690609419,7.474842193815325,7.313737737985226,7.31567907333374,598500
2005-03-30,7.403025750331209,7.484548429896322,7.379733886722398,7.43408203125,230500
2005-03-31,7.482606042097076,7.482606042097076,7.408847332000732,7.408847332000732,589500
2005-04-01,7.5214258834541665,7.5214258834541665,7.414670031660791,7.453490257263184,836500
2005-04-04,7.434080144461988,7.46513641749862,7.375849806058399,7.453490257263184,508500
2005-04-05,7.428258677617976,7.43602309464361,7.375851407950264,7.385556697845459,1008500
2005-04-06,7.414671182601654,7.428258217394177,7.344794673116062,7.352559089660644,2187000
2005-04-07,7.366147534084177,7.457375049591064,7.366147534084177,7.457375049591064,1919500
2005-04-08,7.4573728638888515,7.461255071766219,7.375850200653076,7.375850200653076,471500
2005-04-11,7.4049664685987935,7.4049664685987935,7.352559201381695,7.383615016937256,87000
2005-04-12,7.3564404325496,7.434080891556935,7.304033168997012,7.430199146270752,204000
2005-04-13,7.414670627321196,7.414670627321196,7.302092149139661,7.327325344085693,404000
2005-04-14,7.30791834880097,7.315682305304167,7.203103316299423,7.212808609008789,1557500
2005-04-15,7.113814821662865,7.156517265558644,7.022587315078607,7.04199743270874,2590000
2005-04-18,6.987648463780347,7.02064607853892,6.954651311795457,7.001235961914063,2547000
2005-04-19,7.036173525148188,7.078875964031019,7.018704282499713,7.073052883148193,425000
2005-04-20,7.104109626303177,7.12934282419286,6.991530672214791,7.001235961914063,578000
2005-04-21,7.104109374388215,7.205041699594158,7.065289142515082,7.201159954071045,1467500
2005-04-22,7.208924623626994,7.208924623626994,7.084699961854094,7.08664083480835,362000
2005-04-25,7.179809053668094,7.197278298183913,7.139047945904885,7.173986434936523,182000
2005-04-26,7.162341022897768,7.220571381282252,7.098287582397461,7.098287582397461,270500
2005-04-27,7.055583879969388,7.084699285371702,6.991530450857966,7.082757949829102,143500
2005-04-28,7.024527459842971,7.049760656423828,6.9604740320259735,6.979884147644043,515000
2005-04-29,6.977943219703136,7.028409612465548,6.913889792392944,7.026468276977539,595500
2005-05-02,7.045881539235264,7.074996492136066,6.987650707885996,7.022589206695557,101000
2005-05-03,7.036175015011177,7.140989567548498,7.036175015011177,7.098287582397461,139000
2005-05-04,7.074994861921992,7.15651754425275,7.061407825329153,7.142930507659912,363000
2005-05-05,7.137106200278652,7.158457188004747,7.076934519673109,7.113813877105713,720000
2005-05-06,7.148753090879925,7.205042106332018,7.148753090879925,7.17592716217041,922500
2005-05-09,7.173984624205246,7.201158689188584,7.142928351607035,7.1856303215026855,127500
2005-05-10,7.1662219554383535,7.1662219554383535,7.096345440756339,7.115755558013916,117000
2005-05-11,7.1526341800518445,7.199218826872126,7.071111510890003,7.1914544105529785,308000
2005-05-12,7.191453526361988,7.230273752090166,7.148751555725149,7.164279460906982,539000
2005-05-13,7.220570360431061,7.286564664715055,7.177867918543585,7.269095420837402,162500
2005-05-16,7.2787994078788305,7.338970620101288,7.251625341892792,7.333148002624512,1503000
2005-05-17,7.327325854780589,7.42243509783443,7.305974403554342,7.418553352355957,430500
2005-05-18,7.492313424950441,7.558308204608241,7.445729228489587,7.531134128570557,924000
2005-05-19,7.569952594749554,7.634006023406982,7.569952594749554,7.634006023406982,328500
2005-05-20,7.624300407357981,7.661179764767898,7.602949419645019,7.651474475860596,489500
2005-05-23,7.667004001011439,7.700001155276534,7.639829928413563,7.655357837677002,363500
2005-05-24,7.647592726654119,7.694176910174165,7.624300403507272,7.68447208404541,652500
2005-05-25,7.670884203543977,7.670884203543977,7.585479794231159,7.643710136413574,366000
2005-05-26,7.686414679324323,7.711647880797223,7.67476851514087,7.7000017166137695,502500
2005-05-27,7.6864127925340355,7.6864127925340355,7.65535651659282,7.66700267791748,166000
2005-05-31,7.676710140861879,7.709707300767498,7.630125942334759,7.696120262145996,413000
2005-06-01,7.688353960370159,7.764053549113421,7.678649134076068,7.734938144683838,891000
2005-06-02,7.725233114133768,7.740761020903217,7.686412884436504,7.71164608001709,1029000
2005-06-03,7.725233619888227,7.725233619888227,7.593244552612305,7.593244552612305,1198500
2005-06-06,7.61847890656967,7.61847890656967,7.5854817504341,7.597127914428711,3321500
2005-06-07,7.608772572940794,7.690294779225487,7.558306180798661,7.571893215179443,1967000
2005-06-08,7.618479439087937,7.618479439087937,7.503959589759098,7.531134128570557,184000
2005-06-09,7.5311322025662255,7.583539468028826,7.496193717075388,7.56412935256958,2183000
2005-06-10,7.583538135412268,7.595184295196026,7.465136127975485,7.4903693199157715,3378000
2005-06-13,7.496194062224133,7.601008597975331,7.49037098104088,7.585480690002441,72000
2005-06-14,7.571894338946416,7.591304457053053,7.538897184442505,7.556365966796875,445000
2005-06-15,7.589363828314345,7.637888893755704,7.525310390223713,7.618478775024414,730000
2005-06-16,7.622360468850057,7.647593667773143,7.602950351430275,7.632065296173096,529000
2005-06-17,7.628183402535513,7.645652183933217,7.585480959929995,7.614596366882324,780000
2005-06-20,7.573835141839229,7.661180903897686,7.568012060183751,7.6359477043151855,1030000
2005-06-21,7.64565194259128,7.698059673451175,7.639829324158304,7.676708221435547,437000
2005-06-22,7.715527512161191,7.731055881074009,7.6320639754223665,7.643710136413574,586000
2005-06-23,7.663121175884783,7.717469779482433,7.550542685846409,7.552483558654785,439000
2005-06-24,7.521427620984537,7.533073783910361,7.436023197484656,7.449610233306885,989000
2005-06-27,7.472900809202147,7.472900809202147,7.395260353434897,7.414670467376709,1360500
2005-06-28,7.436022736337515,7.527250235642808,7.436022736337515,7.521427154541016,287500
2005-06-29,7.579656820541025,7.581597693142368,7.507839443781425,7.517544269561768,4204000
2005-06-30,7.521428063410537,7.568012255080314,7.463197708129883,7.463197708129883,1758500
2005-07-01,7.496193498987728,7.496193498987728,7.418553039409544,7.436022281646728,2150000
2005-07-05,7.403024456157223,7.529190430717082,7.403024456157223,7.517544269561768,652500
2005-07-06,7.492311785949325,7.556365215610983,7.492311785949325,7.507840156555176,821000
2005-07-07,7.447667565218738,7.556364295123981,7.447667565218738,7.546659469604492,1355000
2005-07-08,7.569952886154232,7.659239515160677,7.542778352667374,7.649534225463867,1342000
2005-07-11,7.647592637342359,7.744643211364746,7.647592637342359,7.744643211364746,3380000
2005-07-12,7.7718191075776195,7.878574526369043,7.7349392813647375,7.843636035919189,789500
2005-07-13,7.878575206035585,7.919336318969727,7.857223750216382,7.919336318969727,740500
2005-07-14,7.948451520220065,7.9775673951398,7.909631279207969,7.929041862487793,897500
2005-07-15,7.903806800444582,7.911571217039701,7.861104823039764,7.882455348968506,213500
2005-07-18,7.86886764991751,7.86886764991751,7.826165676116943,7.826165676116943,4710000
2005-07-19,7.835873025515606,7.981448689681851,7.818403316443357,7.967861652374268,459500
2005-07-20,7.929039951639836,8.043559773859105,7.899925009284167,8.033854484558105,319000
2005-07-21,7.855280836479807,7.99503384848407,7.855280836479807,7.901865482330322,856500
2005-07-22,7.890218223664101,7.92709757557615,7.85139799936939,7.903805255889893,192000
2005-07-25,7.903809877977691,7.969804205316965,7.894104584841643,7.905750751495361,198500
2005-07-26,7.919335331680038,7.919335331680038,7.861105442047119,7.861105442047119,166500
2005-07-27,7.859161200383898,7.921273742084666,7.8319871369298975,7.907686710357666,295000
2005-07-28,7.929040399100098,7.929040399100098,7.841694641556573,7.890220165252685,5708000
2005-07-29,7.845574038991363,7.882453388940029,7.810636486869138,7.824223518371582,89500
2005-08-01,7.837812574983983,7.839753447764794,7.7834644349319,7.8028740882873535,299500
2005-08-02,7.779582628435799,7.870810138104233,7.779582628435799,7.863046646118164,371000
2005-08-03,7.870809884553458,7.901866628139609,7.853341102600098,7.853341102600098,205000
2005-08-04,7.8319892147149615,7.843635377220216,7.775700200562371,7.787346363067627,44000
2005-08-05,7.76599356014076,7.802872914068395,7.748524782194915,7.779580593109131,193000
2005-08-08,7.785404959232026,7.798991993636881,7.711646243578642,7.7291154861450195,55500
2005-08-09,7.773759618557833,7.785405781498778,7.742703338306546,7.783464908599853,290500
2005-08-10,7.791228136037999,7.822284878010023,7.698059761216665,7.721351623535156,774000
2005-08-11,7.703882109107436,7.783463903747342,7.703882109107436,7.744643211364746,389000
2005-08-12,7.721351715123551,7.734938750663924,7.667003572962058,7.713587760925293,541000
2005-08-15,7.734939288438449,7.791228770143321,7.684473351254268,7.771819114685059,127000
2005-08-16,7.764053325145002,7.769875943089301,7.680589785219396,7.692235946655273,314000
2005-08-17,7.667003895337173,7.783465064302647,7.667003895337173,7.76793622970581,136500
2005-08-18,7.736881508173735,7.742704590586014,7.694179058074951,7.694179058074951,154500
2005-08-19,7.707763853387351,7.738820129625146,7.692235946655273,7.692235946655273,67500
2005-08-22,7.682531153746295,7.727174466949627,7.653416211050978,7.659239292144775,1020000
2005-08-23,7.698060282312033,7.698060282312033,7.632065511008127,7.655357837677002,321000
2005-08-24,7.637886759623805,7.723291628397161,7.608771821048855,7.6281819343566895,151500
2005-08-25,7.634006908179942,7.643711735854261,7.608773708343506,7.608773708343506,38500
2005-08-26,7.608772463811642,7.632064324084497,7.569952233916574,7.612654209136963,77000
2005-08-29,7.569953724083449,7.66118123601789,7.569953724083449,7.6378889083862305,170500
2005-08-30,7.618477289898587,7.634005659520801,7.593244094189428,7.612654209136963,1044500
2005-08-31,7.6417709828696445,7.764054775238037,7.622360864442498,7.764054775238037,1177000
2005-09-01,7.72329240528956,7.764053508504125,7.692236128318327,7.7291154861450195,164000
2005-09-02,7.762111885215935,7.798991239476403,7.744642644338828,7.752406597137451,1335000
2005-09-06,7.762111854255528,7.851398468017578,7.754347438714269,7.851398468017578,171500
2005-09-07,7.839753476371682,7.896042489409971,7.81646115182227,7.874691963195801,211500
2005-09-08,7.872750985158776,7.932921742968443,7.8708091868494945,7.882455348968506,171000
2005-09-09,7.880514000597042,7.942626552967336,7.880514000597042,7.93486213684082,62500
2005-09-12,7.9639773831318355,8.045499581150718,7.9639773831318355,8.022207260131836,207500
2005-09-13,7.995035559658217,8.088203945752756,7.981448522635002,8.055207252502441,2873000
2005-09-14,8.047439522207304,8.047439522207304,7.9833861095927325,7.989209651947021,342000
2005-09-15,7.989210859462649,7.989210859462649,7.905746860448226,7.913511276245117,3803000
2005-09-16,7.952329314275212,7.977562501732508,7.934859614929708,7.96979808807373,183000
2005-09-19,7.929038774253581,7.9562128398234275,7.88245413296402,7.886336803436279,1572000
2005-09-20,7.915452148807529,7.983387316228171,7.890218954401685,7.913511276245117,903500
2005-09-21,7.880515406565193,7.880515406565193,7.769877316146532,7.771819114685059,289000
2005-09-22,7.762112875134074,7.7912278175354,7.698059446522756,7.7912278175354,3701500
2005-09-23,7.686414019809594,7.734939082712071,7.684473146870133,7.715528964996338,2222500
2005-09-26,7.75629031167841,7.767936011751862,7.694177751676083,7.725234031677246,434000
2005-09-27,7.732998439803632,7.785406175691406,7.725234485041129,7.7582316398620605,268000
2005-09-28,7.773759774066479,7.793169428991397,7.740762157482474,7.76793622970581,162000
2005-09-29,7.765997677198436,7.907691625013032,7.719413473357411,7.905750751495361,164000
2005-09-30,7.870809430246479,7.987270129490687,7.870809430246479,7.977565765380859,3150000
2005-10-03,7.97173959120179,8.014442481385256,7.965916974656985,7.98726749420166,868000
2005-10-04,7.967860078492134,7.989211529564022,7.864986419677734,7.864986419677734,526500
2005-10-05,7.826165878653008,7.826165878653008,7.7427023387163905,7.744643211364746,683500
2005-10-06,7.711646119310937,7.7155278646362575,7.569952233916574,7.612654209136963,1110000
2005-10-07,7.63012385201761,7.634006060320397,7.587421411781618,7.620419025421143,460000
2005-10-10,7.651475930590235,7.651475930590235,7.608773947045636,7.618478775024414,225000
2005-10-11,7.628183004469785,7.634006085556382,7.548601204802075,7.554424285888672,299500
2005-10-12,7.569951900701468,7.601007713031588,7.472900867462158,7.472900867462158,425500
2005-10-13,7.434080240018157,7.519485107660071,7.434080240018157,7.498133659362793,3499500
2005-10-14,7.569952504422005,7.651474712450584,7.548601053275192,7.641769886016846,322500
2005-10-17,7.647592730516592,7.661179764767898,7.624300407357981,7.651474475860596,200500
2005-10-18,7.649534392451425,7.667003636622823,7.614596366882324,7.614596366882324,204000
2005-10-19,7.599068766798458,7.70388377969063,7.57577690164644,7.701942443847656,534000
2005-10-20,7.76599478867216,7.791227986111895,7.67282641564366,7.703882694244385,1791000
2005-10-21,7.732999481667173,7.806757756008957,7.729117735149797,7.769878387451172,888500
2005-10-24,7.779581928782551,7.989211927860016,7.779581928782551,7.977565765380859,259500
2005-10-25,7.973683395066743,7.989212229323156,7.905748215997678,7.96009635925293,146000
2005-10-26,7.963979282489906,8.041619754038134,7.940686955915952,7.950392246246338,692500
2005-10-27,7.903807103201396,7.9193350114391,7.789287275933862,7.793169021606445,258000
2005-10-28,7.88245574826425,7.921275982111664,7.833930224568138,7.890220165252685,2306000
2005-10-31,7.967862404965146,8.049384636510686,7.9348647823599965,8.016387939453125,383500
2005-11-01,7.977565328135117,8.04744137363283,7.830047895182712,8.035795211791992,1891000
2005-11-02,7.853339194931642,7.927097901791048,7.812578096576872,7.886336803436279,3361000
2005-11-03,7.925158357870412,7.938745392933011,7.845576094735361,7.874691963195801,2995500
2005-11-04,7.9135151711137395,7.942630124974187,7.880517544670255,7.905750751495361,1093500
2005-11-07,7.958154127192648,7.958154127192648,7.8941007048536065,7.932920932769775,1221000
2005-11-08,7.934862205521841,7.9678598174110515,7.75823029842707,7.940685749053955,868500
2005-11-09,7.958151848939551,7.975621548106322,7.9018628585170045,7.9445648193359375,867500
2005-11-10,7.938747454491395,8.033856724627858,7.921277743769073,8.016387939453125,286500
2005-11-11,8.01638256057029,8.088199451920568,8.010559019054504,8.03773307800293,568500
2005-11-14,8.006680812950359,8.072675117492414,8.006680812950359,8.041619300842285,299000
2005-11-15,8.028031131851586,8.043559037984199,7.940685387228185,7.971741199493408,398500
2005-11-16,7.9465081118774465,7.9465081118774465,7.903806138051348,7.930980205535889,179000
2005-11-17,7.952335335750369,8.02415228289887,7.930983876181734,8.004742622375488,409500
2005-11-18,8.006678270286681,8.026088843689369,7.929037827770092,7.9387431144714355,248000
2005-11-21,7.919332574221577,7.938743147705524,7.831986844637987,7.925156116485596,847000
2005-11-22,7.913511680696859,7.95815452855572,7.894101102986196,7.940685749053955,639500
2005-11-23,7.950391369642696,7.969801022615946,7.923216374604423,7.942626953125,264000
2005-11-25,7.944567088338199,7.944567088338199,7.890218954401685,7.913511276245117,158000
2005-11-28,7.923217450099326,7.923217450099326,7.849459648132324,7.849459648132324,182000
2005-11-29,7.874694443322865,7.896044976261366,7.831991526350587,7.833932399749756,158000
2005-11-30,7.828106625302768,7.861104236435537,7.818401336669922,7.818401336669922,802500
2005-12-01,7.872750393680452,7.962037012853226,7.868867722900928,7.936803817749023,1654000
2005-12-02,7.960095147952569,7.985328342845218,7.927098462660496,7.983387470245361,624000
2005-12-05,7.969803830110786,7.969803830110786,7.884398920520149,7.917396545410156,762000
2005-12-06,7.963978992808798,8.01250359160084,7.942627539968072,7.9736833572387695,170000
2005-12-07,7.983389006877863,7.989212551345599,7.94262789779346,7.975625514984131,113500
2005-12-08,8.014441535934342,8.018323279839622,7.874688574327826,7.921272277832031,172500
2005-12-09,7.960095145619717,7.960095145619717,7.917393171793618,7.930980205535889,67500
2005-12-12,7.983385036138687,7.983385036138687,7.92515517370805,7.9445648193359375,317000
2005-12-13,7.930980391551201,7.960095332317899,7.888278416723559,7.93486213684082,543000
2005-12-14,7.9465081118774465,7.979505722707108,7.9135114265950435,7.930980205535889,110000
2005-12-15,7.896041241867647,7.938744138643803,7.833928694731859,7.878572463989258,248500
2005-12-16,7.820342388561341,7.973682435395878,7.820342388561341,7.940685749053955,1835000
2005-12-19,7.940687907477196,7.958156691727295,7.835873350881526,7.845577716827393,97000
2005-12-20,7.85528087179513,7.864986160648834,7.83587121963501,7.83587121963501,78500
2005-12-21,7.878574002543723,7.9193351092514,7.857222549986062,7.890220165252685,412500
2005-12-22,7.9290405418349,7.963979030590733,7.919335251811491,7.96009635925293,78500
2005-12-23,7.958348255826404,7.99328759089316,7.923408920759648,7.948642730712891,1294000
2005-12-27,7.973877162621413,8.004934660293149,7.876824680625732,7.8884711265563965,1214500
2005-12-28,7.900116332669474,7.903998172180529,7.843825031910448,7.886528968811035,1229000
2005-12-29,7.900116966490063,7.903998806312555,7.8574130261633695,7.865177631378174,109500
2005-12-30,7.839944144009723,7.839944144009723,7.803063887468948,7.812769412994385,425500
2006-01-03,7.845766644433469,7.938938205483639,7.746772786387489,7.913704395294189,208500
2006-01-04,7.9486435849300765,8.030168708847103,7.935056218538891,8.018522262573242,238000
2006-01-05,8.016582701271165,8.072873096494481,8.016582701271165,8.043757438659668,98000
2006-01-06,8.113633840966818,8.230097378331518,8.082577267897532,8.214569091796875,569000
2006-01-09,8.18933622550466,8.23398109571738,8.181572544125073,8.195159912109375,464000
2006-01-10,8.158279648846264,8.20292359348896,8.148574121551757,8.195159912109375,305000
2006-01-11,8.239803683922451,8.265037499016877,8.146633030331492,8.226216316223145,345500
2006-01-12,8.245625642836526,8.278623132234282,8.200980782913922,8.204863548278809,288000
2006-01-13,8.204863667693456,8.208745507545027,8.15439604734373,8.164100646972656,144000
2006-01-17,8.206805144106262,8.206805144106262,8.121398182591642,8.129162788391113,209000
2006-01-18,8.05734171384085,8.191274428915303,8.05734171384085,8.15439510345459,149500
2006-01-19,8.154398803940676,8.30580079060152,8.154398803940676,8.243687629699707,313500
2006-01-20,8.278626071900666,8.278626071900666,8.043758020642498,8.057345390319824,149500
2006-01-23,8.057342685453387,8.080635575815085,8.030167955221346,8.035990715026855,592000
2006-01-24,7.98940388878813,8.01657861231583,7.952523642409226,7.987462043762207,82500
2006-01-25,8.004934636275093,8.004934636275093,7.925351360629246,7.952526092529297,128000
2006-01-26,8.035992059945183,8.078696007945254,8.02046377229515,8.051520347595215,320500
2006-01-27,8.100046968765184,8.15051459725942,8.076754074757078,8.131104469299316,609500
2006-01-30,8.13110487620154,8.16992605963444,8.13110487620154,8.156338691711426,87500
2006-01-31,8.164105395506757,8.16604631656145,8.084522078842108,8.105874061584473,174000
2006-02-01,8.045695383800279,8.121396806632397,8.020461576189573,8.113632202148438,166500
2006-02-02,8.070932033754836,8.070932033754836,7.96611492694141,7.991348743438721,115000
2006-02-03,7.95252450004794,7.973875541939673,7.900115966796875,7.900115966796875,399000
2006-02-06,7.944762406411368,7.946703326690351,7.902059383563773,7.93311595916748,107500
2006-02-07,7.933116309032636,7.956409204547673,7.86712038878672,7.890413284301758,188000
2006-02-08,7.931172351068349,7.94087787474412,7.8748819797743055,7.921466827392578,116000
2006-02-09,7.921468727817904,7.966113592095309,7.892353075375189,7.902058601379394,638000
2006-02-10,7.940878849452042,7.940878849452042,7.851590056928444,7.931173324584961,219500
2006-02-13,7.90982158451991,7.90982158451991,7.83800291978697,7.87488317489624,889500
2006-02-14,7.871001078848775,7.896234891039445,7.849650032389678,7.872942924499512,269000
2006-02-15,7.861296502845613,7.925351493561528,7.847709136667686,7.902058601379394,372000
2006-02-16,7.938940138723609,7.952527507090497,7.894295267253797,7.942821979522705,99000
2006-02-17,7.956408988617301,7.956408988617301,7.861297414343856,7.863238334655762,227500
2006-02-21,7.853531703328454,7.863237229093406,7.779771188426627,7.810828685760498,158500
2006-02-22,7.810827364879303,7.915644433819612,7.810827364879303,7.907879829406738,126000
2006-02-23,7.880705696798548,7.946701599792349,7.869059252085549,7.911763191223144,130000
2006-02-24,7.900118038981988,7.9059407995062045,7.86323777895212,7.898176193237305,96000
2006-02-27,7.929233200737856,8.0068755563294,7.9156458347878305,7.952526092529297,1058000
2006-02-28,7.927292396056995,7.968054494500321,7.867119245648331,7.892353057861328,163500
2006-03-01,7.919528105637503,8.028227964719752,7.919528105637503,8.006875991821289,737500
2006-03-02,7.999110698699951,8.018521749771647,7.956407682140021,7.999110698699951,142000
2006-03-03,7.929234748704351,8.065109360300301,7.929234748704351,7.975820541381836,93000
2006-03-06,7.938937974923017,7.98552282852537,7.867118386294248,7.896234035491943,262000
2006-03-07,7.839944839477539,7.865178652740209,7.803064579665181,7.839944839477539,207000
2006-03-08,7.803064579665181,7.880706939616481,7.797241819175306,7.839944839477539,144000
2006-03-09,7.828296092420687,7.915643953089404,7.824414253234863,7.824414253234863,423500
2006-03-10,7.806947017760448,7.894294910786271,7.781713202565656,7.863238334655762,207000
2006-03-13,7.88070652074599,7.905940332667448,7.8710009948754545,7.8884711265563965,157500
2006-03-14,7.884588420602407,7.94087973062208,7.871001054508672,7.936997890472412,154000
2006-03-15,7.971935967655463,8.016580829778448,7.9428203166177775,7.999110698699951,49000
2006-03-16,8.012699940015386,8.039875602991623,7.960291385650635,7.960291385650635,184500
2006-03-17,7.979698102501697,8.014637428270822,7.94087693794808,7.9952263832092285,172000
2006-03-20,8.028227035286177,8.051519000078045,8.012697824665155,8.035990715026855,243000
2006-03-21,8.008814109090974,8.123336688572719,7.979698465742792,7.981639385223389,336000
2006-03-22,7.958347973408318,8.024343875812535,7.948642448639226,8.020462036132812,410000
2006-03-23,7.977760013407187,7.991347379542912,7.902058576835338,7.966113567352295,47500
2006-03-24,7.962234869905534,7.98746776648574,7.931177359644041,7.968057632446289,320500
2006-03-27,8.014639561028924,8.014639561028924,7.948642730712891,7.948642730712891,1238000
2006-03-28,7.948642574275715,7.975818229172671,7.896234035491943,7.896234035491943,400000
2006-03-29,7.900115213620633,7.995226747157181,7.898173368570422,7.981639385223389,193000
2006-03-30,7.973878573472395,8.063167391025797,7.973878573472395,8.055403709411621,229500
2006-03-31,8.041814052300582,8.090340750858603,8.041814052300582,8.059283256530762,107000
2006-04-03,8.07093085594646,8.121398481576232,8.067049015688761,8.076753616333008,90000
2006-04-04,8.067051113913038,8.113635985831824,8.06511019327936,8.074814796447754,321500
2006-04-05,8.098106031821194,8.140809053701314,8.074813137861138,8.12139892578125,89000
2006-04-06,8.109755903693861,8.127225118756472,8.063170096099741,8.105874061584473,217500
2006-04-07,8.131101134936255,8.166039536051064,8.067046165466309,8.067046165466309,124000
2006-04-10,8.07481276507209,8.142750523580775,8.070930924781285,8.115575790405273,447000
2006-04-11,8.084514788564224,8.133041473453698,8.037929022979203,8.072868347167969,75500
2006-04-12,8.02628691627316,8.084518222418328,8.02628691627316,8.076753616333008,126000
2006-04-13,8.06510754616941,8.113633322794861,8.04957833505661,8.082576751708984,72500
2006-04-17,8.067049356075453,8.088400403963618,7.975819627180667,8.014640808105469,85000
2006-04-18,8.03404746653387,8.14662912027196,8.001049986060185,8.138864517211914,211500
2006-04-19,8.10392902575629,8.195158747997539,8.10392902575629,8.187394142150879,2521500
2006-04-20,8.206806187611281,8.239803683922451,8.185454213125226,8.226216316223145,499500
2006-04-21,8.218450673256948,8.235919877394714,8.144690165884532,8.167983055114746,198500
2006-04-24,8.12139531728876,8.14662912027196,8.088396911245514,8.138864517211914,62000
2006-04-25,8.113637768310069,8.171870027964252,8.105874084069756,8.144695281982422,357000
2006-04-26,8.146636203042501,8.171870027964252,8.111696847249991,8.144695281982422,38500
2006-04-27,8.125282235209099,8.311624495008118,8.123341314623193,8.27280330657959,180000
2006-04-28,8.193214736918739,8.212624855857795,8.144688051216779,8.160216331481934,45500
2006-05-01,8.183510885243438,8.19709824894536,8.10975038196458,8.123337745666504,90500
2006-05-02,8.107810823801854,8.164101207795737,8.107810823801854,8.14857292175293,347500
2006-05-03,8.096164838909633,8.096164838909633,7.995229585528843,8.045697212219238,470500
2006-05-04,8.006876008949298,8.028227981893435,7.971936669287055,8.016581535339355,109000
2006-05-05,8.06705033515555,8.072873096494481,8.020464542163788,8.043757438659668,77500
2006-05-08,8.024344269846006,8.063165445258896,8.002993224989305,8.035990715026855,140000
2006-05-09,8.006877087689412,8.006877087689412,7.952527613494669,7.956409454345703,96000
2006-05-10,7.964171656335427,7.995228224904349,7.931173242357385,7.946701526641846,874500
2006-05-11,7.902059206132184,7.902059206132184,7.731245730222229,7.748715400695801,585500
2006-05-12,7.702129821887848,7.739010084071734,7.669131863065161,7.682719230651855,514000
2006-05-15,7.674954376201684,7.674954376201684,7.589547875226867,7.645838260650635,425500
2006-05-16,7.643897058191054,7.643897058191054,7.552667337475881,7.560431480407715,789000
2006-05-17,7.548787109270421,7.548787109270421,7.42650032043457,7.42650032043457,494500
2006-05-18,7.541021598210073,7.541021598210073,7.405147464425518,7.410970687866211,598000
2006-05-19,7.410970172490679,7.412911092574274,7.327504592691767,7.381854057312012,309000
2006-05-22,7.362443969819134,7.391560086981856,7.308094501495361,7.308094501495361,891500
2006-05-23,7.395441907439744,7.418734801107012,7.284801588090182,7.288683891296387,283000
2006-05-24,7.269272708718804,7.374090265571664,7.269272708718804,7.3585615158081055,458500
2006-05-25,7.377973401064886,7.428440570831299,7.368267873519598,7.428440570831299,172500
2006-05-26,7.401265834160532,7.4381460983765875,7.401265834160532,7.428440570831299,64500
2006-05-30,7.376031299858369,7.376031299858369,7.27897834777832,7.27897834777832,237500
2006-05-31,7.304211920867712,7.354679546843037,7.277037187737911,7.325563430786133,361500
2006-06-01,7.310034732661322,7.385736167363738,7.30809381262842,7.383794784545898,250000
2006-06-02,7.42067491010178,7.42067491010178,7.317798745625899,7.350796699523926,177500
2006-06-05,7.321680933991343,7.337209219306013,7.244038581848144,7.244038581848144,273000
2006-06-06,7.255684876175895,7.255684876175895,7.1411622630088365,7.191629886627197,664500
2006-06-07,7.1935727702652,7.280920207010016,7.1566925048828125,7.1566925048828125,108500
2006-06-08,7.108164131738129,7.127574720125991,6.983936458612797,7.110105514526367,403500
2006-06-09,7.119812365803799,7.174162304613318,7.084873483043075,7.086814403533936,257000
2006-06-12,7.08681374702829,7.104283418182827,7.005289077758789,7.005289077758789,200000
2006-06-13,6.999465425703204,7.067402723067817,6.947056878231778,6.960644245147705,428500
2006-06-14,6.960643162958207,6.97811283032762,6.875236671571476,6.937350273132324,775500
2006-06-15,6.948998417685263,7.139222497030048,6.948998417685263,7.106224536895752,3933000
2006-06-16,7.106223432806151,7.205217297828422,7.106223432806151,7.146985530853272,2281000
2006-06-19,7.146985031452527,7.181924366867173,7.108163856181751,7.127574443817139,619000
2006-06-20,7.127574439555665,7.197452647558264,7.1101052346437,7.117869377136231,605000
2006-06-21,7.141163735100477,7.290625716714413,7.141163735100477,7.249863147735596,700000
2006-06-22,7.211041944712047,7.263450961844929,7.168338918169009,7.230452537536621,857000
2006-06-23,7.214922468401984,7.308093568644775,7.207158325744649,7.244038581848144,433000
2006-06-26,7.25956658681551,7.284800396566072,7.249861061779954,7.251802444458008,93500
2006-06-27,7.236274240405332,7.261508052050964,7.135339456607747,7.14310359954834,333000
2006-06-28,7.148926669393884,7.185806463268349,7.113987332731846,7.174160480499268,487500
2006-06-29,7.191628841844476,7.344972610473633,7.187747002305435,7.344972610473633,417000
2006-06-30,7.391559126539927,7.391559126539927,7.317798614501953,7.317798614501953,335000
2006-07-03,7.354679132912623,7.383794784545898,7.339150384294596,7.383794784545898,45000
2006-07-05,7.306152670258842,7.31197589333413,7.232392615946794,7.253744125366211,219000
2006-07-06,7.259567838254314,7.267331981950237,7.154750741396901,7.179984092712402,193000
2006-07-07,7.115929055547932,7.181925433538067,7.115929055547932,7.131457805633545,270500
2006-07-10,7.123692206490436,7.148926015286996,7.014992829240227,7.038285255432129,203500
2006-07-11,7.028581274814784,7.075166597150093,6.9781136494578,7.071284294128418,350500
2006-07-12,7.046051123606803,7.071284474142704,6.952880013779362,6.966467380523682,223500
2006-07-13,6.929586883971082,6.987818652080172,6.883001562040801,6.919881820678711,740000
2006-07-14,6.935410107060487,6.939292410048408,6.87911925905288,6.919881820678711,447000
2006-07-17,6.908235762642091,6.925705432891846,6.871355501932047,6.925705432891846,59500
2006-07-18,6.9489979549116425,6.968408545626508,6.855827304594284,6.929587364196777,132500
2006-07-19,6.937352245167802,7.1256354116176,6.937352245167802,7.098460674285889,205500
2006-07-20,7.077107168077922,7.077107168077922,7.011111259460449,7.011111259460449,89500
2006-07-21,6.997523766625919,7.024698497588329,6.970349035663508,6.987818241119385,173000
2006-07-24,7.034403958775062,7.106223088284001,7.011111068000304,7.096517562866211,235500
2006-07-25,7.112046547300548,7.176101536274663,7.082930432864615,7.133398056030273,140500
2006-07-26,7.119810965582077,7.220746215817087,7.119810965582077,7.209099769592285,200500
2006-07-27,7.267330729038933,7.337208935824975,7.174160095180814,7.178041934967041,267500
2006-07-28,7.207158719981827,7.292565219454163,7.201335496974062,7.269272327423096,115000
2006-07-31,7.269272857683403,7.310035421711215,7.224628453223883,7.308094501495361,64500
2006-08-01,7.271214038637831,7.271214038637831,7.158632339116939,7.216864109039307,207000
2006-08-02,7.265391478956293,7.438145884340109,7.265391478956293,7.401265621185303,208000
2006-08-03,7.313916697938564,7.434262534952557,7.313916697938564,7.407087802886963,177000
2006-08-04,7.49831854004222,7.50802406725661,7.298389399832883,7.352739334106445,192500
2006-08-07,7.317798027066505,7.317798027066505,7.261507187574939,7.304210662841797,121000
2006-08-08,7.327504949509927,7.35856152349956,7.240157062505406,7.2750959396362305,57000
2006-08-09,7.315858234826961,7.418734405057037,7.277037055977308,7.282860279083252,167000
2006-08-10,7.259566894357342,7.376030423008414,7.259566894357342,7.356619834899902,96500
2006-08-11,7.352737215121468,7.352737215121468,7.300328216280525,7.344972610473633,52500
2006-08-14,7.414850904382114,7.478905885416124,7.36050144788532,7.412909984588623,192000
2006-08-15,7.469200906397082,7.643896184938078,7.469200906397082,7.628367900848389,711000
2006-08-16,7.686601009609455,7.739009556092662,7.628369239874227,7.727363109588623,1257000
2006-08-17,7.706013578523351,7.853534192294753,7.706013578523351,7.834123134613037,329000
2006-08-18,7.84965084826366,7.871001896941934,7.760361573490435,7.859355449676514,611000
2006-08-21,7.787535411665093,7.789476331608779,7.735126408121331,7.740949630737305,1269000
2006-08-22,7.76812512129472,7.8030644604098045,7.715716575407058,7.7331862449646,724000
2006-08-23,7.7623009830868765,7.787534791484898,7.673012193799245,7.698246002197266,402000
2006-08-24,7.758419073536413,7.760359993423799,7.67689442206249,7.7040696144104,101000
2006-08-25,7.727362523557746,7.77394830604091,7.711834237919979,7.713775157928467,93500
2006-08-28,7.676895183716618,7.816651610741999,7.676895183716618,7.808887004852295,420000
2006-08-29,7.801123426208228,7.805005266418724,7.715716462587929,7.803064346313477,327000
2006-08-30,7.789476074011411,7.855471977763409,7.773947789405612,7.841884613037109,197500
2006-08-31,7.880706806809263,7.880706806809263,7.797241687774658,7.797241687774658,172000
2006-09-01,7.865179341167495,7.878766709069756,7.8244172374607075,7.847710132598877,115500
2006-09-05,7.8807063357936995,7.9156456727657,7.818592267477875,7.9098219871521,401500
2006-09-06,7.839943472253206,7.876823725633939,7.814709663391113,7.814709663391113,270000
2006-09-07,7.777830076092713,7.822474938165789,7.72930383682251,7.72930383682251,238500
2006-09-08,7.725422895908495,7.874884868403402,7.725422895908495,7.847710132598877,190000
2006-09-11,7.822473626753097,7.929231612920867,7.793357055059404,7.900115966796875,178500
2006-09-12,7.880708849527407,8.084520325186313,7.880708849527407,8.074814796447754,231000
2006-09-13,8.035992359124014,8.152455909190158,8.035992359124014,8.14663314819336,1161000
2006-09-14,8.14469166605766,8.17186639997497,8.107811405578467,8.162160873413086,311000
2006-09-15,8.331032664260855,8.334915430088314,8.23009741300555,8.233980178833008,1164000
2006-09-18,8.27668187154839,8.301915680317007,8.218450574740672,8.247566223144531,1105000
2006-09-19,8.298034394082528,8.298034394082528,8.183511787077357,8.241743087768555,341000
2006-09-20,8.424201475728033,8.513490251395057,8.410614113707156,8.497961044311523,2143500
2006-09-21,8.521258286228312,8.536786575681733,8.428087623937692,8.443615913391113,1419000
2006-09-22,8.480492820012323,8.492139263881496,8.33685457971882,8.369852066040039,1872000
2006-09-25,8.4397303501391,8.5329009713375,8.3465597289407,8.50184440612793,1249000
2006-09-26,8.536784539799909,8.536784539799909,8.453319425411511,8.523197174072266,768000
2006-09-27,8.532902241577313,8.532902241577313,8.437790686590862,8.459141731262207,595000
2006-09-28,8.501846875371598,8.501846875371598,8.391206094235256,8.486318588256836,268000
2006-09-29,8.509606009936455,8.509606009936455,8.404788970947266,8.404788970947266,230000
2006-10-02,8.443613813573243,8.443613813573243,8.278623580932617,8.278623580932617,2109000
2006-10-03,8.307740236908305,8.385382591177272,8.261154454118977,8.3368558883667,507000
2006-10-04,8.336854205224078,8.50960808464548,8.307738559643894,8.50184440612793,763000
2006-10-05,8.511552832041037,8.552314934865944,8.496023618571547,8.540668487548828,2069000
2006-10-06,8.550374191581945,8.560078793238777,8.476613665569905,8.529022216796875,317500
2006-10-09,8.530964850800306,8.530964850800306,8.449440627086483,8.511554718017578,727000
2006-10-10,8.536784593209253,8.552313804626465,8.501846181445226,8.552313804626465,452500
2006-10-11,8.577548749791363,8.612487166172713,8.496023618571547,8.540668487548828,757000
2006-10-12,8.61830857769253,8.721184730529785,8.600839374113097,8.721184730529785,942000
2006-10-13,8.754185680952052,8.781360416872326,8.707599890477283,8.773595809936523,1090000
2006-10-16,8.763890475595897,8.79106521211442,8.734774818693198,8.771655082702637,661000
2006-10-17,8.725067092886386,8.727008012781537,8.63966106408086,8.686245918273926,1655500
2006-10-18,8.80465038959927,8.80465038959927,8.68624594549567,8.715361595153809,1399000
2006-10-19,8.676539379257168,8.676539379257168,8.579486916852817,8.628013610839844,3416500
2006-10-20,8.61830997467041,8.643543787025264,8.573665110241095,8.61830997467041,553500
2006-10-23,8.59113438267267,8.717303431823636,8.589193462773396,8.695951461791992,649000
2006-10-24,8.686246770474396,8.686246770474396,8.544549422958614,8.598898887634277,1044500
2006-10-25,8.62801702336487,8.66683820879498,8.589195837934762,8.622193336486816,625000
2006-10-26,8.610545743231262,8.633838636505747,8.468848388976419,8.624133110046387,2004000
2006-10-27,8.583371422183754,8.624133524588467,8.468848796054322,8.47273063659668,842000
2006-10-30,8.447498256079983,8.622193123413343,8.365973120792372,8.59501838684082,3322000
2006-10-31,8.579488561465961,8.614427898902552,8.53484369825756,8.581429481506348,376000
2006-11-01,8.595019244352939,8.618312142473297,8.47273199200613,8.478555679321289,2122500
2006-11-02,8.521255003110083,8.585309982299805,8.45914094365797,8.585309982299805,1642000
2006-11-03,8.589193288168673,8.63771906137352,8.517373699936622,8.560076713562012,348000
2006-11-06,8.56978009888966,8.694008194601063,8.562015495819113,8.661009788513184,722000
2006-11-07,8.68236272883588,8.727006656194028,8.637717875908065,8.670716285705566,527000
2006-11-08,8.647424206600894,8.73477207544652,8.624131318166093,8.711479187011719,550500
2006-11-09,8.732831716587645,8.777475650980394,8.684305016826531,8.695951461791992,381500
2006-11-10,8.715363571843062,8.777477650619412,8.695953442858592,8.773595809936523,237000
2006-11-13,8.740594502500738,8.882292747497559,8.740594502500738,8.882292747497559,687000
2006-11-14,8.899764060974121,8.91141050751077,8.789123281660936,8.899764060974121,1513000
2006-11-15,8.928879964577071,8.963819305165464,8.921116283715183,8.94635009765625,573000
2006-11-16,8.957995368087422,8.957995368087422,8.859001960880823,8.899764060974121,555500
2006-11-17,8.870645159334522,8.897819882779734,8.837646751968423,8.884232521057129,271000
2006-11-20,8.890059278040827,8.90752941209173,8.831827966057862,8.892000198364258,1057000
2006-11-21,8.891995622083321,8.928875865958059,8.872585503268455,8.890054702758789,263500
2006-11-22,8.899763560545049,8.989052361925394,8.899763560545049,8.963818550109863,929000
2006-11-24,8.913351666103281,8.983229421622454,8.90364613946813,8.9560546875,143000
2006-11-27,8.919175159969482,8.919175159969482,8.715363711726194,8.723128318786621,618000
2006-11-28,8.688186317580017,8.73283117477266,8.657129749978857,8.721184730529785,1101000
2006-11-29,8.808534177936538,8.808534177936538,8.705658006665265,8.76388931274414,395500
2006-11-30,8.789124151139292,8.874531125667085,8.763890335408583,8.822122573852539,1351500
2006-12-01,8.810473500074744,8.810473500074744,8.6377186821581,8.711479187011719,1358000
2006-12-04,8.695951641396853,8.890057518880523,8.695951641396853,8.851236343383789,571500
2006-12-05,8.899763370102242,8.928879021398698,8.758066028070987,8.798828125,1580000
2006-12-06,8.721186598079942,8.721186598079942,8.657131603812314,8.682365417480469,1426000
2006-12-07,8.695954207085293,8.705659735215491,8.556197748948792,8.569785118103027,3039000
2006-12-08,8.521256541292328,8.668777574816517,8.521256541292328,8.589194297790527,4147500
2006-12-11,8.569779556710552,8.73282880632003,8.569779556710552,8.66683292388916,2416000
2006-12-12,8.647424679331277,8.70177413827044,8.596957060153537,8.63771915435791,393000
2006-12-13,8.666837515757955,8.72312790618087,8.641603700967684,8.678483963012695,429000
2006-12-14,8.680424234462773,8.831827111887579,8.67654146862142,8.80271053314209,1481000
2006-12-15,8.85123632511233,8.890057500528926,8.831826200188948,8.841530799865723,386000
2006-12-18,8.812415792495221,8.876470782883425,8.68042397156495,8.717304229736328,873000
2006-12-19,8.5794914962024,8.713424280501442,8.56008043801895,8.688190460205078,921500
2006-12-20,8.66683507275264,8.781357667167658,8.66683507275264,8.703715324401855,897500
2006-12-21,8.657321211727822,8.721377608923639,8.63596877079914,8.655380249023438,650000
2006-12-22,8.676735223590859,8.676735223590859,8.591327277006263,8.618502616882324,704000
2006-12-26,8.589384205712639,8.692262649536133,8.589384205712639,8.692262649536133,136500
2006-12-27,8.68061719053629,8.750496496575522,8.68061719053629,8.713615417480469,154000
2006-12-28,8.696145586847688,8.73108570171626,8.66702928725245,8.715556144714355,185500
2006-12-29,8.69808635916496,8.746614141152227,8.64373568762264,8.653441429138184,487000
2007-01-03,8.754377001591626,8.841725879323945,8.525326735311193,8.661203384399414,1534000
2007-01-04,8.674793048559378,8.855315585088347,8.622383339605191,8.8203763961792,1885500
2007-01-05,8.773787592067674,8.789316219802286,8.715554081075053,8.733024597167969,789000
2007-01-08,8.764085569624548,8.822319105314932,8.731087337392205,8.773791313171387,540500
2007-01-09,8.808731434585617,8.855317337547275,8.742734044530282,8.773791313171387,328000
2007-01-10,8.744674149502485,8.847552614461893,8.715556921720921,8.804847717285156,1238500
2007-01-11,8.824260590592324,8.91549236390863,8.8126138827657,8.857259750366211,2646500
2007-01-12,8.890256682532744,8.899962425231934,8.816494518963811,8.899962425231934,1126500
2007-01-16,8.756318434740074,8.837844428572575,8.721378326416016,8.721378326416016,1093000
2007-01-17,8.723320772788666,8.799023890903227,8.723320772788666,8.740790367126465,974000
2007-01-18,8.74273627924895,8.744677243336316,8.550566950736524,8.564154624938965,2419000
2007-01-19,8.536976537175349,8.616562526984659,8.52144790218476,8.595210075378418,814000
2007-01-22,8.568030606410435,8.58161827118226,8.449623548944466,8.509797096252441,1010000
2007-01-23,8.49815412100865,8.599091632487568,8.49815412100865,8.550564765930176,141000
2007-01-24,8.649559667957822,8.738850464862129,8.628208144639569,8.700028419494629,218000
2007-01-25,8.657325221513766,8.764085624424595,8.573857307434082,8.573857307434082,1431000
2007-01-26,8.64761900255059,8.663147636114637,8.579680652213751,8.641796112060547,546000
2007-01-29,8.61850127720214,8.682557689978804,8.60491360937621,8.645676612854004,443000
2007-01-30,8.647617671492313,8.692263527406402,8.647617671492313,8.67673397064209,387500
2007-01-31,8.628205629808827,8.752435583421644,8.601030298531327,8.721378326416016,1510500
2007-02-01,8.764083083649089,8.816492788108839,8.734966786858203,8.810669898986816,270000
2007-02-02,8.841728766043587,8.923255707704351,8.841728766043587,8.861140251159668,2466500
2007-02-05,8.832022156704308,8.863079415878609,8.8087287495284,8.828139305114746,862500
2007-02-06,8.832023252104763,8.845610920377538,8.73496768536452,8.79514217376709,633500
2007-02-07,8.81649668259825,8.882495008676772,8.799027081924994,8.833967208862305,387000
2007-02-08,8.83590570890935,8.857258157015474,8.799024628358103,8.814553260803223,2227000
2007-02-09,8.847549730794906,8.847549730794906,8.70002545334044,8.733024597167969,1763000
2007-02-12,8.703912262151917,8.725263787899243,8.690324591007009,8.707794189453125,115000
2007-02-13,8.717496725008111,8.767965463712592,8.717496725008111,8.742731094360352,470000
2007-02-14,8.781553269788583,8.886372674740363,8.781553269788583,8.853373527526855,765000
2007-02-15,8.870845568019718,8.880550384521484,8.822317783148842,8.880550384521484,589000
2007-02-16,8.835905160234944,8.88055009144121,8.835905160234944,8.859198570251465,132500
2007-02-20,8.841728275120522,8.956253439293018,8.802906232634447,8.929078102111816,154500
2007-02-21,8.907726991628653,8.997017786028037,8.907726991628653,8.981488227844238,2251500
2007-02-22,8.985371270478327,9.016428536322564,8.91937296077583,8.964018821716309,889000
2007-02-23,8.911609214180993,8.93490262663932,8.872787168613975,8.923255920410156,653500
2007-02-26,8.942666066578433,8.942666066578433,8.837846640957038,8.870845794677734,141000
2007-02-27,8.734967086341047,8.7640833841302,8.517563483295174,8.560267448425293,1559500
2007-02-28,8.540858161958774,8.63597184749084,8.4729188895596,8.581621170043945,1331000
2007-03-01,8.366160750725559,8.616563608028557,8.362278822888554,8.562211990356445,1898000
2007-03-02,8.486509411069367,8.569976409583777,8.443804504303142,8.445745468139648,1262500
2007-03-05,8.350630848807945,8.513683825942913,8.350630848807945,8.381688117980957,567000
2007-03-06,8.42827459885546,8.517565401024374,8.42827459885546,8.488449096679688,235500
2007-03-07,8.44574351458793,8.503977044167211,8.428273918509422,8.430214881896973,93000
2007-03-08,8.492330222189704,8.511741706981026,8.445743399162964,8.463213920593262,252000
2007-03-09,8.53891645506632,8.53891645506632,8.455448557177219,8.500094413757324,634000
2007-03-12,8.515626079539956,8.587446372478595,8.496214589173317,8.562211990356445,93500
2007-03-13,8.503975618996856,8.536973842236192,8.370038986206055,8.370038986206055,305000
2007-03-14,8.385571764903128,8.478744506835938,8.31763247806874,8.478744506835938,685500
2007-03-15,8.474859965141013,8.52338682215217,8.447684629025817,8.484564781188965,2082000
2007-03-16,8.49038697414557,8.538914747474967,8.465152606061507,8.498150825500488,907000
2007-03-19,8.548621826632019,8.637912620003263,8.531152230864581,8.599090576171875,298000
2007-03-20,8.60879740487001,8.71361684388285,8.606856441272091,8.709734916687012,1524000
2007-03-21,8.783495973907804,8.923255516744822,8.73108626104274,8.878609657287598,2671500
2007-03-22,8.89025281937553,8.89025281937553,8.820373538605851,8.884429931640625,320500
2007-03-23,8.90578187750046,8.929075280750078,8.865018884608729,8.872783660888672,1133000
2007-03-26,8.84172857682875,8.884433472934013,8.773790231557468,8.878609657287598,585500
2007-03-27,8.876666698012265,8.90384203001039,8.845609440183074,8.855314254760742,140000
2007-03-28,8.814552220664954,8.859198074965711,8.77184825508241,8.791258811950684,321000
2007-03-29,8.837846293887793,8.837846293887793,8.70196868323167,8.76990795135498,236000
2007-03-30,8.764085725355763,8.764085725355763,8.65926628484116,8.748557090759277,75500
2007-04-02,8.785437264827769,8.785437264827769,8.698087431598948,8.764084815979004,327500
2007-04-03,8.793200872723245,8.894137436476038,8.793200872723245,8.837845802307129,357500
2007-04-04,8.82037784818465,8.903844833374023,8.82037784818465,8.903844833374023,98000
2007-04-05,8.880550552426586,8.92713737487793,8.878609589089535,8.92713737487793,65000
2007-04-09,8.938781884231778,8.962075289734258,8.91354751586914,8.91354751586914,187000
2007-04-10,8.944607861373207,8.987312761403798,8.944607861373207,8.983429908752441,423000
2007-04-11,8.962079644025497,8.96984349923825,8.771851307451824,8.925198554992676,517000
2007-04-12,8.911610214482407,9.01060676574707,8.888316799409465,9.01060676574707,127500
2007-04-13,8.998957359739094,9.000898322814699,8.954311506638565,8.993133544921875,128500
2007-04-16,9.064955089781408,9.094071388244627,9.039720717622496,9.094071388244627,773000
2007-04-17,9.07660065715578,9.115422692106543,9.06107202829354,9.111539840698242,312000
2007-04-18,9.06301669868975,9.099897785818792,9.047487137884373,9.080486297607422,154000
2007-04-19,9.018367767333984,9.053307878889772,8.981486692734606,9.018367767333984,566500
2007-04-20,9.06689720222664,9.096013504380558,9.053309532848774,9.08436679840088,228000
2007-04-23,9.076602699679135,9.111541891084022,9.063015030668227,9.078543663024902,1355500
2007-04-24,9.082428137859257,9.094074846791967,9.041665119390164,9.057193756103516,363500
2007-04-25,9.070776842838487,9.125128432241818,9.047483436749964,9.111539840698242,374000
2007-04-26,9.113482845559592,9.173656405470568,9.113482845559592,9.15036392211914,85500
2007-04-27,9.181421231859154,9.249359570304303,9.154245896481097,9.165892601013184,879000
2007-04-30,9.175599784629858,9.175599784629858,9.02419352750477,9.026134490966797,168500
2007-05-01,8.998958869906776,9.27071318349462,8.946549155708649,9.01254653930664,3678500
2007-05-02,9.018368505772225,9.10765929222136,9.018368505772225,9.092130661010742,395500
2007-05-03,9.13677532891102,9.1853031099415,9.096012326057975,9.15036392211914,1890500
2007-05-04,9.181421988156035,9.191127730330669,9.13677612950703,9.175599098205566,395000
2007-05-07,9.163954541392142,9.202776593602788,9.156189760713715,9.181424140930176,1827500
2007-05-08,9.144541903737178,9.208598328117397,9.103778892875331,9.191128730773926,733000
2007-05-09,9.117367473664943,9.202776356564767,9.117367473664943,9.183364868164062,237000
2007-05-10,9.152305823707277,9.173657346101256,9.064955994013994,9.078543663024902,248500
2007-05-11,9.0882500340506,9.200833320617676,9.08630907057056,9.200833320617676,213500
2007-05-14,9.187244718179926,9.214420980913935,9.0998958169003,9.136775970458984,1187000
2007-05-15,9.1426014004099,9.187246340575175,9.037781959891658,9.043604850769045,631500
2007-05-16,9.099893201966577,9.134832382202148,9.055247356924117,9.134832382202148,700000
2007-05-17,9.11542368441617,9.156186686713404,9.096012202032483,9.119305610656738,247000
2007-05-18,9.136774039451094,9.257122993469238,9.136774039451094,9.257122993469238,348500
2007-05-21,9.274594288906576,9.367767928643069,9.274594288906576,9.338650703430176,1452500
2007-05-22,9.346417435132654,9.365827997073817,9.31147731292976,9.354181289672852,799500
2007-05-23,9.313417862408564,9.363886617038242,9.294007301330566,9.294007301330566,1585000
2007-05-24,9.21830413668324,9.224127027308796,9.031957752806138,9.07077980041504,1366000
2007-05-25,9.096014624833966,9.208598846112023,9.09407366119669,9.202775955200195,1708500
2007-05-29,9.20277418940578,9.26683060509834,9.196950374020732,9.249360084533691,706500
2007-05-30,9.16589251768302,9.350296974182127,9.16589251768302,9.350296974182127,393000
2007-05-31,9.367769700351737,9.443471908569336,9.36582781116456,9.443471908569336,1177500
2007-06-01,9.453176925114304,9.48423511704197,9.43376636505127,9.43376636505127,302500
2007-06-04,9.424061898306368,9.47841258455101,9.402709446314242,9.462883949279783,2512000
2007-06-05,9.410473676247165,9.44541379775651,9.387180261907602,9.443471908569336,1471500
2007-06-06,9.391062291827152,9.41629667003927,9.358064059144022,9.39494514465332,231000
2007-06-07,9.305653826359654,9.367769286658502,9.167835235595703,9.167835235595703,920500
2007-06-08,9.146483358651256,9.274596214294434,9.146483358651256,9.274596214294434,83000
2007-06-11,9.229949657470842,9.33282811669402,9.229949657470842,9.288182258605955,100500
2007-06-12,9.247420375451147,9.288183386312992,9.191128730773926,9.191128730773926,327000
2007-06-13,9.229950578819514,9.352239608764648,9.228009615333326,9.352239608764648,225500
2007-06-14,9.385237173893817,9.40464773105596,9.354178986607764,9.373590469360352,453000
2007-06-15,9.42794349775692,9.443472132487951,9.361946105957031,9.361946105957031,232000
2007-06-18,9.332829048312185,9.37747398526627,9.332829048312185,9.352239608764648,17000
2007-06-19,9.319243556444942,9.385240958353425,9.299832065864958,9.365829467773438,1538000
2007-06-20,9.338650921410704,9.373591037127452,9.264888763427734,9.264888763427734,1394000
2007-06-21,9.278478468075754,9.305653808355684,9.202775337757116,9.303712844848633,1471500
2007-06-22,9.226066257640497,9.25906540842462,9.1639517336076,9.19694995880127,1675500
2007-06-25,9.195010247204886,9.249360925926853,9.113484229121935,9.138718605041504,102500
2007-06-26,9.150363748763828,9.165892379234066,9.088248301292458,9.103776931762695,794000
2007-06-27,9.123187641056814,9.286240577697754,9.123187641056814,9.286240577697754,236000
2007-06-28,9.25906524252267,9.325062617317936,9.245477574935128,9.286240577697754,285500
2007-06-29,9.297888781294972,9.319241230485504,9.16783497387756,9.233832359313965,879500
2007-07-02,9.239655938949918,9.27265416802884,9.224126380522772,9.235773086547852,215500
2007-07-03,9.247421815873077,9.272656196850171,9.247421815873077,9.266833305358888,32500
2007-07-05,9.262947536777768,9.327003950975229,9.222184532395833,9.323122024536133,348000
2007-07-06,9.26100814423015,9.30371304466488,9.247420473798362,9.294007301330566,406500
2007-07-09,9.272657760089416,9.272657760089416,9.206660350774806,9.237717628479004,69500
2007-07-10,9.224125175343488,9.231889953542552,9.094071388244627,9.094071388244627,324000
2007-07-11,9.066894665758568,9.173655027517045,9.04166029746035,9.16977310180664,415000
2007-07-12,9.21636066178406,9.315356254577637,9.21636066178406,9.315356254577637,124500
2007-07-13,9.288181690899773,9.29400550601163,9.255183465764238,9.261006355285645,418000
2007-07-16,9.222184983031667,9.29400617920729,9.222184983031667,9.247419357299805,279000
2007-07-17,9.27459472068177,9.36000358588624,9.27459472068177,9.327004432678224,314000
2007-07-18,9.268775103464158,9.367771672452708,9.21442440895705,9.307597160339355,917500
2007-07-19,9.418237822883604,9.49976384199911,9.40853207996302,9.464823722839355,2299000
2007-07-20,9.427942345908129,9.429883309313537,9.34253440252674,9.379414558410645,1301500
2007-07-23,9.42794327420651,9.49588255362868,9.42794327420651,9.443471908569336,388500
2007-07-24,9.416297345256153,9.449296505896225,9.294008298252722,9.309536933898926,2841500
2007-07-25,9.391060175716047,9.391060175716047,9.288181722431686,9.340591430664062,365500
2007-07-26,9.237715792678856,9.319242750234732,9.057193203619809,9.181424140930176,960000
2007-07-27,9.142596037393623,9.195005726909397,8.998954631847058,9.024188995361328,222500
2007-07-30,9.039720771208096,9.061073217189266,8.958193839201185,9.037779808044434,842000
2007-07-31,9.103776974965577,9.103776974965577,8.909666779190383,8.91160774230957,371500
2007-08-01,8.938783062817269,8.975664138793945,8.82425790865509,8.975664138793945,3699000
2007-08-02,9.033898130230671,9.150365191091648,9.033898130230671,9.107660293579102,832000
2007-08-03,9.10377635275565,9.10377635275565,8.876667022705078,8.876667022705078,904500
2007-08-06,8.946550110515455,9.02031135559082,8.870846976240959,9.02031135559082,211500
2007-08-07,8.942666160971248,9.045544624328612,8.886374520866479,9.045544624328612,230500
2007-08-08,9.06107196747025,9.132892222572384,8.997015563951958,9.088247299194336,276500
2007-08-09,8.95043028332007,9.061073517631447,8.849492790739266,8.851433753967285,380000
2007-08-10,8.748555558272042,9.000899297226782,8.725262147662296,8.929078102111816,1987000
2007-08-13,8.969838798034539,9.016425607257329,8.948487281799316,8.948487281799316,93500
2007-08-14,8.987311601093277,9.026133643460376,8.849493026733398,8.849493026733398,93500
2007-08-15,8.851433752142928,8.96595891288674,8.70779229180388,8.715556144714355,1850000
2007-08-16,8.626264031853617,8.707790954021931,8.505915999916073,8.670909881591797,1030500
2007-08-17,8.79320232671403,8.847553006704276,8.647618958123674,8.77767276763916,344000
2007-08-20,8.800965045210162,8.859198570251465,8.746614372231933,8.859198570251465,312500
2007-08-21,8.830081045948939,8.909667015075684,8.79514185769768,8.909667015075684,1182500
2007-08-22,8.886374414341995,8.958194686139842,8.886374414341995,8.942666053771973,101000
2007-08-23,8.99507531995577,8.99507531995577,8.917431236380454,8.946548461914062,84500
2007-08-24,8.934901915348108,9.07077860122049,8.934901915348108,9.064955711364746,80500
2007-08-27,9.0649545827417,9.070777471872471,8.997016248264105,9.018367767333984,158000
2007-08-28,8.952371447240978,8.952371447240978,8.833964357363094,8.841728210449219,269000
2007-08-29,8.833962435230838,9.03971930669163,8.833962435230838,9.033895492553713,94500
2007-08-30,9.014488155338851,9.123189518407523,9.002841448497117,9.07077980041504,132000
2007-08-31,9.177542213386332,9.200834704240132,9.10378003650888,9.181424140930176,95000
2007-09-04,9.163954470630824,9.36582858521294,9.163954470630824,9.309536933898926,237500
2007-09-05,9.261005008551356,9.28041648864746,9.23577063978061,9.28041648864746,29000
2007-09-06,9.29206319158706,9.301768006044798,9.20471338233522,9.28041648864746,73000
2007-09-07,9.183360152695176,9.200829742812962,9.068835021591337,9.134832382202148,304000
2007-09-10,9.181419561246337,9.181419561246337,9.03001335546887,9.099893569946287,85500
2007-09-11,9.160070132969857,9.29400679198947,9.160070132969857,9.29012393951416,132000
2007-09-12,9.239656619603414,9.338652239723404,9.239656619603414,9.294007301330566,94000
2007-09-13,9.319243869961,9.332831543587776,9.278480849080667,9.307597160339355,82000
2007-09-14,9.226067825432336,9.32312340550975,9.226067825432336,9.303712844848633,55000
2007-09-17,9.262948989868164,9.30953581680735,9.218304052043624,9.262948989868164,1245000
2007-09-18,9.373589215724335,9.515289688741436,9.288180369098436,9.488114356994627,2775000
2007-09-19,9.530822028654995,9.596819420822705,9.47064845303805,9.521117210388184,1002000
2007-09-20,9.501705169677734,9.556055851171404,9.4725888653905,9.501705169677734,265000
2007-09-21,9.569643759589582,9.587114283069,9.499764442443848,9.499764442443848,133000
2007-09-24,9.507528326921436,9.552174191965127,9.433767082364644,9.435708045959473,355500
2007-09-25,9.420178226196978,9.618170371814529,9.420178226196978,9.581289291381836,558500
2007-09-26,9.641465431401562,9.719109532241298,9.614290088666724,9.64728832244873,989500
2007-09-27,9.6841681351171,9.697755804696898,9.63564127266958,9.68999195098877,195500
2007-09-28,9.705519676208496,9.728813086335322,9.647286150891432,9.705519676208496,1406000
2007-10-01,9.71134216393954,9.82004443150145,9.71134216393954,9.796751022338867,309000
2007-10-02,9.818105424827946,9.849162692839997,9.79675297457552,9.812281608581545,746500
2007-10-03,9.83169476218882,9.833635726069822,9.76181450892797,9.8064603805542,249500
2007-10-04,9.812279627490648,9.854984519373424,9.79286907029975,9.85304355621338,252500
2007-10-05,9.880218774976193,10.010272561068092,9.866631107425864,9.957862854003906,404500
2007-10-08,9.973388107845295,10.078207486483327,9.969506182885404,10.074325561523438,444000
2007-10-09,10.089856231004566,10.186911779384795,10.089856231004566,10.177206039428713,1215500
2007-10-10,10.159739386731808,10.214090065262576,10.15197460740288,10.200502395629885,1048000
2007-10-11,10.210208197639382,10.25291217021984,10.052978125847924,10.080153465270996,595000
2007-10-12,10.188853758943653,10.371317245491518,10.188853758943653,10.32861328125,522500
2007-10-15,10.278146295061791,10.324732193395675,10.171384977833371,10.217971801757812,377500
2007-10-16,10.20438319769768,10.212147976170716,10.14032678346416,10.15391445159912,355500
2007-10-17,10.167501598929563,10.192735970686275,10.025801109585815,10.142267227172852,627000
2007-10-18,10.130622030225563,10.192737487299109,10.101505727894097,10.161680221557615,159000
2007-10-19,10.175268287874845,10.177209251360567,9.926806449890137,9.926806449890137,501500
2007-10-22,9.845280957529909,10.080154212519613,9.841399030350436,10.018038749694824,253000
2007-10-23,10.095680670005684,10.155854225158691,10.052975781792158,10.155854225158691,1285500
2007-10-24,10.085978351752049,10.113153694059584,9.911278664814258,10.111212730407717,523500
2007-10-25,10.074328831890051,10.101504166611292,9.920981639112748,9.99086093902588,3062000
2007-10-26,10.18885523969828,10.18885523969828,10.066565292811326,10.14032745361328,803000
2007-10-29,10.204383115163347,10.266498565673828,10.132561923037692,10.266498565673828,214000
2007-10-30,10.15003387904508,10.225737008290766,10.15003387904508,10.198561668395996,406000
2007-10-31,10.256794643895969,10.46061062602491,10.233501230122837,10.458669662475586,1534000
2007-11-01,10.400435497113907,10.410141239862364,10.26649976442939,10.27232265472412,664000
2007-11-02,10.37519983761939,10.421786656575426,10.272321383750192,10.386846542358398,280000
2007-11-05,10.24320675103038,10.35385000125483,10.225737153875196,10.31696891784668,584000
2007-11-06,10.369379513077488,10.369379513077488,10.202444604644942,10.293676376342772,335500
2007-11-07,10.24903028082782,10.250971244280771,10.087918281555176,10.087918281555176,317500
2007-11-08,10.1092668708983,10.1092668708983,9.711339896076916,9.887980461120604,3671000
2007-11-09,9.697760063318828,9.79093375345674,9.618174974318512,9.678349494934082,1092000
2007-11-12,9.63564008971298,9.777340583986213,9.608463828299213,9.69193172454834,747000
2007-11-13,9.664754710565182,9.82004284578629,9.600698308506962,9.81810188293457,785500
2007-11-14,9.983097628428952,9.983097628428952,9.69969663599364,9.730753898620604,3561000
2007-11-15,9.688052137465082,9.742402822235311,9.608466148376465,9.608466148376465,1195000
2007-11-16,9.676404454838435,9.779282923039602,9.60458325320757,9.744342803955078,651000
2007-11-19,9.656991303786466,9.7307534561596,9.604581596992508,9.606522560119627,328000
2007-11-20,9.618170371814529,9.728813613112608,9.433765895241596,9.581289291381836,3013000
2007-11-21,9.486174172983956,9.581287841907333,9.396883393231438,9.4415283203125,509500
2007-11-23,9.58905524665768,9.58905524665768,9.439589943241517,9.499764442443848,405500
2007-11-26,9.439588387006683,9.559937365570304,9.321181297302246,9.321181297302246,799500
2007-11-27,9.338651841643506,9.52111629130628,9.338651841643506,9.464823722839355,1296500
2007-11-28,9.606523509229255,9.76375357073564,9.528879422930766,9.742401123046877,1434500
2007-11-29,9.682225254005962,9.7870446630295,9.682225254005962,9.754046440124512,852500
2007-11-30,9.788990381478746,9.81228287269323,9.608466864033572,9.682229042053224,3708000
2007-12-03,9.748224912092091,9.754048728176402,9.64922929456489,9.655052185058594,3109500
2007-12-04,9.62787716991102,9.7346375706243,9.571585524209247,9.684168815612791,813500
2007-12-05,9.788989318033572,9.913219318180936,9.788989318033572,9.866633415222168,1864000
2007-12-06,9.91515863022934,9.953980672357147,9.849161251171113,9.944275856018066,1090000
2007-12-07,9.973395549308758,9.973395549308758,9.915162003509908,9.963689804077148,444500
2007-12-10,9.96368865972355,10.052979469299316,9.948160024490962,10.052979469299316,482000
2007-12-11,10.047153678345612,10.080151902991986,9.83751392364502,9.83751392364502,825500
2007-12-12,10.012214445449672,10.02192018761879,9.820045193335623,9.950098991394045,396000
2007-12-13,9.928745491552862,9.99086093902588,9.899629193721593,9.99086093902588,373500
2007-12-14,9.924867824955356,9.992806190916708,9.889927697207735,9.907398223876951,1519000
2007-12-17,9.880221598079055,9.880221598079055,9.699699016478888,9.734638214111328,630500
2007-12-18,9.856927107034478,9.856927107034478,9.676404545132463,9.775400161743164,1622000
2007-12-19,9.783166962800584,9.835576689950829,9.728816271769336,9.8064603805542,370500
2007-12-20,9.940392815423866,9.975332930353584,9.84333817473973,9.961745262145996,711500
2007-12-21,10.11703285541614,10.142267227172852,10.047153555100088,10.142267227172852,1087500
2007-12-24,10.179150862165274,10.200503313047298,10.12091825152798,10.19273853302002,147000
2007-12-26,10.171385258453824,10.231559753417969,10.159739477741972,10.231559753417969,343000
2007-12-27,10.212149161085232,10.212149161085232,10.06462483211361,10.080153465270996,295500
2007-12-28,10.097621593804154,10.120915000813778,10.039388076280098,10.076269149780272,386000
2007-12-31,10.021916113585265,10.070443879113194,10.00056367461134,10.01609230041504,109000
2008-01-02,10.037448659574853,10.0510363281586,9.794810662761613,9.83169174194336,585000
2008-01-03,9.83751486803491,9.882160727018285,9.794810897973424,9.829751014709473,1891500
2008-01-04,9.721051608835454,9.732698317853854,9.493942171362855,9.534706115722656,1212000
2008-01-07,9.532762437505369,9.559938703842828,9.424061074518027,9.501705169677734,1301500
2008-01-08,9.4997649800345,9.579350045217994,9.274596530373657,9.29594898223877,1154000
2008-01-09,9.245479040284012,9.379414774244944,9.17365783908778,9.29788875579834,5591500
2008-01-10,9.195011164510772,9.398827155641664,9.195011164510772,9.354181289672852,1068500
2008-01-11,9.295944755947769,9.315355309698882,9.152303326064509,9.18724250793457,705000
2008-01-14,9.261005538858656,9.32506194589932,9.189185279807226,9.299827575683594,342000
2008-01-15,9.241596021441742,9.2493598743247,9.115424156188965,9.115424156188965,702000
2008-01-16,9.119308437386874,9.292067166908447,8.948491597177938,9.183364868164062,1369000
2008-01-17,9.202774703921634,9.20665663066837,8.958194807066338,8.973724365234375,1119500
2008-01-18,9.008663366944344,9.115424680540546,8.929078316773184,8.991193771362305,917500
2008-01-22,8.639849977257734,8.847547756536535,7.758588748688953,8.725257873535156,707500
2008-01-23,8.399157249646219,8.812612052032788,8.2652206002594,8.808730125427246,641500
2008-01-24,8.847552513052337,9.064956146473811,8.833964843812904,9.053309440612791,819000
2008-01-25,9.158129204160888,9.20665699276587,8.923255966115969,8.9387845993042,906500
2008-01-28,8.92907937336645,8.981489091904825,8.866963911427101,8.950431823730469,636000
2008-01-29,8.934903043721363,9.01642906554057,8.87861047338757,8.983429908752441,594000
2008-01-30,8.927137949678764,9.173657895577245,8.927137949678764,9.026134490966797,878000
2008-01-31,8.833960787760688,9.0765986848771,8.820373124759938,9.024188995361328,1092000
2008-02-01,9.121247869730436,9.220244407653809,9.033898037773964,9.220244407653809,847500
2008-02-04,9.21830174627092,9.23577133920814,9.146480560302734,9.146480560302734,411000
2008-02-05,8.997017438447791,9.008663218249913,8.874727494620425,8.880550384521484,364500
2008-02-06,8.909667892659913,8.946548973304909,8.748555900957092,8.750496864318848,524500
2008-02-07,8.668967496919015,8.847549015403027,8.659261758273319,8.738846778869629,347500
2008-02-08,8.783496429933367,8.86696341194434,8.73108671434727,8.80290699005127,329500
2008-02-11,8.83784530792465,8.927136087688005,8.820375714819574,8.898019790649414,3731500
2008-02-12,9.00283938650711,9.035838535932408,8.907725715606642,8.952370643615723,1401500
2008-02-13,8.929077341012551,9.138717093040423,8.929077341012551,9.119305610656738,455000
2008-02-14,9.163951800501884,9.163951800501884,8.919371926577561,8.94072437286377,464500
2008-02-15,8.830080960542993,8.899961187550517,8.830080960542993,8.886373519897461,611500
2008-02-19,8.960136263995357,9.010605011631636,8.833964394904658,8.849493026733398,1667500
2008-02-20,8.85920005717883,8.964019494255579,8.824259936289701,8.950431823730469,315000
2008-02-21,8.954312772268647,9.059132197890044,8.855316236697092,8.870845794677734,368000
2008-02-22,8.927137667432273,8.927137667432273,8.682558692728596,8.804847717285156,730500
2008-02-25,8.738849066435874,8.915489668547947,8.632088690157124,8.91160774230957,1338000
2008-02-26,8.725261300604478,9.024191831758207,8.725261300604478,8.952370643615723,875500
2008-02-27,8.863082257113565,8.954314026473368,8.835906915226872,8.89219856262207,254500
2008-02-28,8.833963875975604,8.90772602981727,8.808729503639794,8.837845802307129,326000
2008-02-29,8.758260845852789,8.758260845852789,8.620442278221516,8.653441429138184,438500
2008-03-03,8.6728522990345,8.6728522990345,8.571914805053469,8.610736846923828,451000
2008-03-04,8.50979907253601,8.602972710427094,8.46903606875389,8.597148895263672,630000
2008-03-05,8.503973628043784,8.723318137763714,8.503973628043784,8.66702651977539,600000
2008-03-06,8.700026423243045,8.723319830236905,8.601030831904678,8.604912757873535,425000
2008-03-07,8.536976928736026,8.682560318125748,8.474862385924697,8.568035125732422,363000
2008-03-10,8.546678587500319,8.601030174864146,8.484563148791867,8.490386962890625,1854500
2008-03-11,8.723319188114939,8.723319188114939,8.50591561482588,8.69032096862793,322500
2008-03-12,8.73302828632451,8.839788688388584,8.678677603498482,8.694206237792969,257000
2008-03-13,8.540859635120102,8.785438651407642,8.540859635120102,8.744675636291504,342500
2008-03-14,8.754378646717498,8.771848240428803,8.51174066993163,8.575797080993652,670000
2008-03-17,8.323453073336616,8.4962108180844,8.259396664503772,8.426331520080566,983000
2008-03-18,8.575794810114745,8.676731344995828,8.505914602593018,8.674790382385254,1354500
2008-03-19,8.725261271532597,8.837845461114448,8.601031303405762,8.601031303405762,183000
2008-03-20,8.601033673706675,8.752439018010733,8.601033673706675,8.748557090759277,272500
2008-03-24,8.795143631677412,8.985371944619597,8.795143631677412,8.950431823730469,1688500
2008-03-25,8.958196119037611,9.037782108135277,8.948491300749453,9.01060676574707,999000
2008-03-26,8.909667182840122,8.981487449456004,8.8203763961792,8.8203763961792,2615000
2008-03-27,8.859198089872466,8.859198089872466,8.719438562942107,8.727202415466309,180500
2008-03-28,8.771846972853961,8.851432003002321,8.688379091427183,8.698084831237793,191000
2008-03-31,8.713616089093724,8.742733317312279,8.639854850808877,8.700028419494629,1004000
2008-04-01,8.94266417687741,9.014485359191896,8.810669441067892,9.014485359191896,434500
2008-04-02,9.002841476834742,9.097955169819215,8.973725172434076,9.006723403930664,462500
2008-04-03,8.954312014292256,9.026133205703877,8.927136678512307,8.997016906738281,556500
2008-04-04,8.979545729691017,9.06107265665452,8.956252321987158,9.018367767333984,678000
2008-04-07,9.066896171094855,9.068837134272307,8.962076754788884,8.989252090454102,331500
2008-04-08,8.950430953572866,8.98537107106513,8.91937276282734,8.973724365234375,185000
2008-04-09,8.971783064362176,8.975664990962883,8.822317783148842,8.880550384521484,151000
2008-04-10,8.870846619266093,8.998959468176631,8.870846619266093,8.983429908752441,349000
2008-04-11,8.880549648710156,8.899961131286343,8.717497637904268,8.734967231750488,322500
2008-04-14,8.71361592691899,8.785437126027912,8.709734000131661,8.717498779296875,170000
2008-04-15,8.760199311416223,8.781551751544532,8.701965804516373,8.762140274047852,337500
2008-04-16,8.84172750229018,8.985369879964738,8.814552167484297,8.975664138793945,164000
2008-04-17,8.983427175384142,9.035837802710327,8.938782250997818,9.014485359191896,345000
2008-04-18,9.15812857717312,9.214421141313585,9.127071312922917,9.175599098205566,133000
2008-04-21,9.173660786398507,9.185307496431385,9.101840487718457,9.17754364013672,303500
2008-04-22,9.11348526421165,9.150366350559166,9.03195831127847,9.097955703735352,937500
2008-04-23,9.111545702322726,9.245482410700513,9.111545702322726,9.237717628479004,112000
2008-04-24,9.239653251378597,9.410470014076056,9.206654106307695,9.346413612365724,387500
2008-04-25,9.342535248546971,9.342535248546971,9.136777373901468,9.268773078918455,299000
2008-04-28,9.27847921564979,9.299830741538267,9.231892385364596,9.24159812927246,286000
2008-04-29,9.202776871000935,9.280420977762647,9.171718672941791,9.266833305358888,397000
2008-04-30,9.278480373829774,9.286244229452636,9.125133118188682,9.152308464050291,440000
2008-05-01,9.148422652647692,9.47258758544922,9.148422652647692,9.47258758544922,5420500
2008-05-02,9.571584566186978,9.571584566186978,9.402707794803309,9.468705177307127,1323500
2008-05-05,9.472586407653967,9.472586407653967,9.389118517938837,9.410470962524414,456500
2008-05-06,9.369709498415626,9.54635012199524,9.361944719404775,9.51723289489746,132000
2008-05-07,9.46288358355164,9.528880975096666,9.348358398767704,9.354181289672852,368000
2008-05-08,9.398826960885753,9.453177643903594,9.356122985027538,9.435708045959473,898000
2008-05-09,9.363888380587875,9.49588410825835,9.356124524930722,9.478413581848145,240500
2008-05-12,9.45317676926546,9.625935471490251,9.426001430270889,9.602642059326172,203000
2008-05-13,9.662816620698838,9.707461556333277,9.571584860410578,9.697755813598633,951000
2008-05-14,9.738519348657348,9.812280583880703,9.703579231599631,9.717166900634766,2372000
2008-05-15,9.672521335216544,9.82392758814446,9.662816518175443,9.802576065063477,1071000
2008-05-16,9.851101445932905,9.851101445932905,9.695813289536035,9.79092788696289,802000
2008-05-19,9.802574169266167,9.86663057730187,9.689989983047887,9.738517761230469,298000
2008-05-20,9.707461227075664,9.707461227075664,9.61234754315584,9.668639183044434,224000
2008-05-21,9.680285273903236,9.79675139859878,9.60458215401256,9.625934600830078,502000
2008-05-22,9.629816274556294,9.740459506628731,9.629816274556294,9.69193172454834,753000
2008-05-23,9.651169173118229,9.672520694785495,9.590994683494827,9.616229057312012,543000
2008-05-27,9.66475753569631,9.841398165101218,9.66475753569631,9.825868606567385,423500
2008-05-28,9.901571853983947,9.901571853983947,9.763754193645449,9.856926918029783,897000
2008-05-29,9.8918656223817,10.068505303089392,9.8918656223817,10.004448890686035,861500
2008-05-30,10.004452109770448,10.07239139595512,10.004452109770448,10.041333198547363,269500
2008-06-02,9.994744384146264,10.01803686843972,9.80451610421479,9.882160186767578,894000
2008-06-03,9.922923674757824,10.010273503283395,9.785105097554828,9.886042594909668,1557500
2008-06-04,9.860805079806994,9.996682650411817,9.820042086302614,9.936508178710938,800000
2008-06-05,9.950098857371849,10.049095389864284,9.91515874138796,10.047154426574709,258000
2008-06-06,9.961744154784746,9.990860451194331,9.787044525146484,9.787044525146484,327000
2008-06-09,9.790928368681191,9.80645699996681,9.658932688777268,9.79481029510498,587500
2008-06-10,9.703579421281177,9.750165319344909,9.651169707465383,9.699697494506836,275000
2008-06-11,9.699698455921258,9.699698455921258,9.482294799970251,9.484235763549805,462000
2008-06-12,9.51141107536503,9.629818183666634,9.488117661301288,9.54829216003418,768000
2008-06-13,9.64728836884883,9.771519301026192,9.622053989675011,9.734638214111328,591000
2008-06-16,9.639521154492924,9.82974941384361,9.639521154492924,9.787044525146484,727000
2008-06-17,9.794809440790289,9.818102848482273,9.73657592156033,9.754046440124512,1977000
2008-06-18,9.697756432792264,9.738520369762387,9.645346714505685,9.660876274108888,1599500
2008-06-19,9.651170606532473,9.882161931753902,9.60070185140237,9.835575103759766,978000
2008-06-20,9.790927108205034,9.790927108205034,9.526936707973563,9.57352352142334,470000
2008-06-23,9.649226889787135,9.649226889787135,9.493937815978269,9.51529026031494,1416500
2008-06-24,9.459000152665745,9.561878613695011,9.410472367140876,9.470646858215332,1766000
2008-06-25,9.507525520574596,9.691930891512069,9.507525520574596,9.59487533569336,911000
2008-06-26,9.439588673375434,9.480351680026,9.325063506734024,9.334769248962402,3417500
2008-06-27,9.315357939120975,9.34253420298796,9.17171646869241,9.245478630065918,3610500
2008-06-30,9.239653069286424,9.317297134945113,9.163949966430664,9.163949966430664,2398000
2008-07-01,9.084367334665108,9.245479338902554,9.022251874303567,9.239656448364258,6292000
2008-07-02,9.251301096945074,9.315357512977926,9.03778032722923,9.049427032470703,5901500
2008-07-03,9.06301500583396,9.11736568172866,8.987311882013259,8.998958587646484,167000
2008-07-07,8.987313078716046,9.125131675734965,8.901904201229975,9.004782676696777,1876500
2008-07-08,8.944607451450631,9.138718605041504,8.944607451450631,9.138718605041504,952500
2008-07-09,9.14842205719958,9.14842205719958,8.886373519897461,8.886373519897461,2090000
2008-07-10,8.843671126828426,9.06301573703485,8.843671126828426,9.00866413116455,4251500
2008-07-11,9.026134479747462,9.072720379549946,8.804847984720965,8.954313278198242,10795500
2008-07-14,8.971781674169392,9.014485636931648,8.810669712527998,8.828139305114746,3257000
2008-07-15,8.79708107741552,9.031954235134837,8.748553305406828,8.948487281799316,5190500
2008-07-16,8.987312049253921,9.195009939995426,8.927137556627585,9.189187049865724,6540000
2008-07-17,9.214420298527132,9.433764868304856,9.171715407100905,9.350296974182127,981000
2008-07-18,9.385239565048495,9.414355871005135,9.233833293128876,9.377474784851074,4362000
2008-07-21,9.559940132341117,9.559940132341117,9.237716071130173,9.266833305358888,621000
2008-07-22,9.233834347210456,9.340594764965749,9.233834347210456,9.336712837219238,861000
2008-07-23,9.301768798717667,9.517231433075969,9.301768798717667,9.4415283203125,1005500
2008-07-24,9.486176644317796,9.486176644317796,9.162011664005384,9.17365837097168,2079000
2008-07-25,9.179482460021973,9.204716838267023,9.12124892346006,9.179482460021973,998500
2008-07-28,9.162010902705148,9.169775681901022,8.983429311515025,9.01254653930664,454000
2008-07-29,9.026132402987592,9.27653421788567,9.026132402987592,9.243535995483398,1049500
2008-07-30,9.229950349696937,9.243538019353544,9.0940727275403,9.210538864135742,441000
2008-07-31,9.175600900247648,9.311477615015956,9.165895156166854,9.224127769470217,339000
2008-08-01,9.22606785259368,9.274595642775251,9.053310067279645,9.239656448364258,1387000
2008-08-04,9.22606454102708,9.229947392249528,9.094069813630602,9.18724250793457,511000
2008-08-05,9.294003864420104,9.476467328795437,9.224123648963412,9.466761589050291,900500
2008-08-06,9.501704059953829,9.666697974295875,9.431824752707692,9.662816047668455,790000
2008-08-07,9.57740681747598,9.705519647200129,9.575465854236294,9.625934600830078,1093000
2008-08-08,9.639524319742426,9.84528127636821,9.596819417022653,9.81616497039795,1343500
2008-08-11,9.847219931919524,9.979214685264276,9.75404721929914,9.91515827178955,929000
2008-08-12,9.915159934331518,9.983099211183845,9.849162546592911,9.909337043762209,985500
2008-08-13,9.87051396276058,9.944276122456891,9.81228043521336,9.886042594909668,1510000
2008-08-14,9.85692811913535,9.97921716124296,9.82975277644477,9.934572219848633,981500
2008-08-15,10.031629172141274,10.031629172141274,9.862752350823197,9.907398223876951,1078500
2008-08-18,9.9345696923578,9.938451618728644,9.684166929629416,9.755988121032717,3560500
2008-08-19,9.76957731581854,9.76957731581854,9.610407202651713,9.63952350616455,364500
2008-08-20,9.709401754113731,9.769576243614685,9.600700405947372,9.680285453796388,1798000
2008-08-21,9.600702205444431,9.606525096363107,9.474530312966372,9.57740879058838,809000
2008-08-22,9.608465135086512,9.734637015419198,9.608465135086512,9.728814125061035,3785500
2008-08-25,9.658932797735243,9.672520465962243,9.51917326340718,9.54634952545166,654000
2008-08-26,9.534704518980789,9.579349458082463,9.426002228209962,9.484235763549805,624000
2008-08-27,9.592937469482422,9.66669964166946,9.31924215763979,9.592937469482422,1247000
2008-08-28,9.656989666757632,9.759868099778732,9.637579113186431,9.748221397399902,2710000
2008-08-29,9.64534613935462,9.662816661468804,9.507527553831046,9.56187915802002,495000
2008-09-02,9.800633751222984,9.800633751222984,9.511409852943206,9.54246711730957,1514500
2008-09-03,9.544406767054072,9.54634865570142,9.381354763185431,9.4415283203125,2967500
2008-09-04,9.42211939631556,9.42211939631556,9.148423194885254,9.148423194885254,2307000
2008-09-05,9.061074666466055,9.175599841753876,8.983429648367508,9.113484382629396,1910500
2008-09-08,9.158132148218296,9.360007221333666,9.033901191594856,9.17754364013672,3011000
2008-09-09,9.257120960286262,9.266826698108972,8.975661042558361,8.977602005004883,1206000
2008-09-10,9.07466312611004,9.152307225375074,9.0144886252229,9.066898345947266,436000
2008-09-11,8.946549624527398,9.16395327190821,8.929079101818823,9.160070419311523,1253000
2008-09-12,9.08824981644714,9.15424720114127,8.985371349743522,9.130953788757324,727500
2008-09-15,8.754380633250586,9.051369347277644,8.754380633250586,8.806790351867676,3326000
2008-09-16,8.54279794537613,8.894137262446689,8.54279794537613,8.791258811950684,1249000
2008-09-17,8.68449581380589,8.785433270706394,8.404976844787598,8.404976844787598,841500
2008-09-18,8.540858605508328,8.754380325183453,8.278809096053775,8.641796112060547,1493000
2008-09-19,9.394939672536324,9.497818089080631,8.828136974708867,9.024188995361328,804500
2008-09-22,9.07077544823783,9.07077544823783,8.674790382385254,8.674790382385254,806000
2008-09-23,8.73302619665662,8.861139018714502,8.616560078930403,8.64761734008789,1446500
2008-09-24,8.649557057775036,8.783493675508636,8.624322689621625,8.698084831237793,550500
2008-09-25,8.886372533138358,8.886372533138358,8.643734579887665,8.742731094360352,836000
2008-09-26,8.585503117971166,8.818436312270888,8.585503117971166,8.804847717285156,2489500
2008-09-29,8.797080515929434,8.797080515929434,8.115753565279276,8.160398483276367,1373000
2008-09-30,8.47486183080498,8.54085922241211,8.13516820340361,8.54085922241211,1383000
2008-10-01,8.36033537176001,8.436038495604688,8.218634866366504,8.296278953552246,4107500
2008-10-02,8.173988493581058,8.24580968623102,7.917762836848887,7.937174320220947,1003500
2008-10-03,8.043934035229396,8.121578111100728,7.684829952926883,7.686770915985107,1410000
2008-10-06,7.52760212793931,7.589717588216442,6.962740557710042,7.288846492767334,1696000
2008-10-07,7.284964409637866,7.345138446142803,6.799688339233398,6.799688339233398,986000
2008-10-08,6.758925064817131,7.170438949222939,6.702632957679752,6.86568546295166,2842500
2008-10-09,6.902566383055771,7.083088944086909,6.555108930878066,6.67157506942749,955500
2008-10-10,6.355172909768662,6.768628082256897,6.085359633772905,6.62498664855957,2396500
2008-10-13,6.72786639751295,7.349019527435303,6.72786639751295,7.349019527435303,153500
2008-10-14,7.646009592826883,7.807121141645346,6.939447934347602,7.030679702758789,1293500
2008-10-15,6.898684105143285,6.974387235266106,6.41534948348999,6.41534948348999,1390500
2008-10-16,6.327998538283173,6.712337012078455,6.064008573642975,6.7084550857543945,1034500
2008-10-17,6.673515300716983,7.145203619165953,6.522109059537006,6.805510520935059,1335000
2008-10-20,6.987975081489162,7.119970321655273,6.778336208536645,7.119970321655273,977000
2008-10-21,7.07532299352176,7.112204067717474,6.745335214373057,6.776392936706543,735000
2008-10-22,6.677397631372375,6.677397631372375,6.232884653615675,6.374585151672363,640000
2008-10-23,6.357115380958689,6.492992522737504,5.998010812064694,6.324116230010986,2620000
2008-10-24,6.256178380392195,6.267825086015675,5.825253049095059,6.116418838500977,1499000
2008-10-27,5.883486307987426,6.14747676815418,5.869898638578079,5.891251087188721,615000
2008-10-28,5.980542579050224,6.54734468460083,5.922309505033189,6.54734468460083,947000
2008-10-29,6.535698159281244,6.756983738481198,6.39982052961636,6.533756732940674,931500
2008-10-30,6.78998108032158,6.78998108032158,6.42505362716542,6.568695545196533,1310500
2008-10-31,6.494933904760778,6.689044582614714,6.393996407812161,6.580342769622803,1033500
2008-11-03,6.591989038067387,6.68904460877151,6.574519442600473,6.659927845001221,1223000
2008-11-04,6.718160290871434,6.873448449220511,6.712336938653822,6.824921131134033,459500
2008-11-05,6.774453533519243,6.7899821668639,6.456112384796143,6.456112384796143,1778000
2008-11-06,6.47552229376852,6.506580017909682,6.1882389239567965,6.205708980560303,1578000
2008-11-07,6.281413803236177,6.419231941992746,6.248415106992924,6.359057903289795,662500
2008-11-10,6.518226602246132,6.518226602246132,6.267824313389155,6.31052827835083,575500
2008-11-11,6.234825361985989,6.281412180217124,6.097007258839471,6.1610636711120605,554500
2008-11-12,6.05818584344925,6.085361181689071,5.850487491542101,5.856310844421387,576000
2008-11-13,5.815547325113312,6.25617790222168,5.52049963158075,6.25617790222168,1937500
2008-11-14,6.1105959889721015,6.207651105836004,5.951425412197181,6.05236291885376,1021000
2008-11-17,5.871840206325789,5.984423953915213,5.743727362754703,5.794195652008057,511500
2008-11-18,5.848546307667946,5.902896982098358,5.605908310428742,5.790313243865967,502500
2008-11-19,5.827194942091268,5.908720962396778,5.471972706091851,5.473913669586182,647000
2008-11-20,5.413737887323868,5.627259074972219,5.231273956733701,5.248744010925293,1783500
2008-11-21,5.240980873106507,5.534087620446949,5.118691391905278,5.526322841644287,1616000
2008-11-24,5.602025924422724,5.908720338307884,5.59426160847018,5.862133979797363,697500
2008-11-25,5.885427386914441,5.885427386914441,5.640847963591828,5.790313243865967,615000
2008-11-26,5.726257427050134,6.060127212928635,5.71266975701965,6.044598579406738,362000
2008-11-28,5.972777015066545,6.013540485485328,5.930073044069135,6.007717132568359,205000
2008-12-01,5.949483635569579,5.949483635569579,5.524381680171405,5.5360283851623535,682000
2008-12-02,5.621436564571113,5.767019445690702,5.520499538441007,5.749549388885498,1036500
2008-12-03,5.666082551152097,5.887368572179156,5.6466715291529,5.856310844421387,1474000
2008-12-04,5.755372506865502,5.860192380634519,5.524381239871204,5.615612983703613,923000
2008-12-05,5.549616619572859,5.920367477103309,5.479736845293095,5.918426513671875,530000
2008-12-08,6.031010243443814,6.262001534047057,6.031010243443814,6.19794511795044,707000
2008-12-09,6.130006488740747,6.355174433190988,6.071773423596475,6.112536430358887,1352500
2008-12-10,6.116418796455282,6.201827199114903,6.034892320446626,6.104772090911865,718000
2008-12-11,6.058185751738479,6.079537736775781,5.8000186539825815,5.829135417938232,1504000
2008-12-12,5.768961942887532,5.947543559151664,5.749550917762967,5.9281325340271,160500
2008-12-15,5.933953711448011,5.933953711448011,5.714609161709889,5.7864298820495605,583000
2008-12-16,5.836898553601628,6.118358542804059,5.836898553601628,6.098947525024414,319500
2008-12-17,6.089245100400725,6.174653526086777,6.036834911325366,6.095068454742432,528500
2008-12-18,6.058186460466034,6.12418384942598,5.879604854767059,5.966954231262207,363000
2008-12-19,6.081479434874455,6.203769395468048,6.081479434874455,6.11836051940918,222500
2008-12-22,6.159123520896693,6.159123520896693,5.887368742261829,5.97860050201416,301500
2008-12-23,6.021304346728765,6.077596445475126,5.90872014923604,5.947542190551758,621500
2008-12-24,5.955307548163781,5.980541923752391,5.930073172575171,5.9747185707092285,129000
2008-12-26,5.98636555886197,5.990247485876799,5.935896805306757,5.988306522369385,152500
2008-12-29,5.990247670263869,5.990247670263869,5.8271951607394845,5.8990159034729,427500
2008-12-30,5.932014175447465,6.064009407311633,5.914544116201777,6.058186054229736,431500
2008-12-31,6.054303084914824,6.234825624783832,6.054303084914824,6.166887283325195,524000
2009-01-02,6.155240507407894,6.458052521211252,6.155240507407894,6.423112869262695,300500
2009-01-05,6.392056380192962,6.397879733776692,6.28723694127647,6.364881038665772,321500
2009-01-06,6.401760867932449,6.5434613641501045,6.401760867932449,6.48716926574707,478500
2009-01-07,6.401761411098892,6.401761411098892,6.254237087127729,6.298882484436035,322000
2009-01-08,6.298882503011281,6.310529208916537,6.207650744745568,6.302764892578125,1541500
2009-01-09,6.287235165383849,6.298881406466386,6.135828940563723,6.196002960205078,879000
2009-01-12,6.205709453695947,6.236767180205011,6.098948605595147,6.1338887214660645,356500
2009-01-13,6.118359083814857,6.186297883448629,6.0348916537023305,6.114477157592773,1802500
2009-01-14,6.046538849677023,6.048479812945908,5.864074881339629,5.914543628692627,563000
2009-01-15,5.906778473013964,5.992186861040027,5.753431289488525,5.945600509643555,1021000
2009-01-16,6.032952068137976,6.100890420489384,5.85825238998792,6.03101110458374,994500
2009-01-20,6.013541246606882,6.03877562484252,5.722375415087258,5.73013973236084,960500
2009-01-21,5.8000201397757705,6.017423823686134,5.761198086420018,5.9999542236328125,791000
2009-01-22,5.842724181932149,5.889310550197435,5.714611322106101,5.80001974105835,953000
2009-01-23,5.724315928594965,5.951425314857747,5.689376272213543,5.877663612365723,2100500
2009-01-26,5.90872049331665,6.029069013521687,5.846605501271522,5.90872049331665,2593500
2009-01-27,5.916485420554623,5.996070473042385,5.887368655744908,5.951425075531006,1017000
2009-01-28,6.042657386773267,6.1765935915609615,6.019364435589746,6.11836051940918,1388500
2009-01-29,6.089243280617491,6.106712875626399,5.953365670312166,5.982482433319092,669500
2009-01-30,6.017421770333784,6.0310099008874,5.819429180663213,5.825252532958984,619000
2009-02-02,5.759255284104768,5.8893090750508525,5.759255284104768,5.860192775726318,480000
2009-02-03,5.867957973823712,6.009658490927602,5.780608137123372,5.984424114227295,606000
2009-02-04,6.027126986153241,6.13388781853851,5.976658245854575,6.017421245574951,337500
2009-02-05,5.951424628310109,6.225120345773416,5.924249291726654,6.166887283325195,1300000
2009-02-06,6.188239889322822,6.366821483896835,6.188239889322822,6.353233814239502,558000
2009-02-09,6.339647253758627,6.362940670272463,6.275590821140948,6.328000545501709,351500
2009-02-10,6.281412576361326,6.3454689926737045,6.032951227041594,6.0659499168396,382500
2009-02-11,6.114477422340197,6.168828094164348,6.029068562623348,6.12418270111084,835000
2009-02-12,6.02130477528219,6.141653297044558,5.941719723759245,6.139712333679199,859500
2009-02-13,6.161064277052414,6.219297342773331,6.128065586090088,6.128065586090088,288500
2009-02-17,5.90483955569235,6.011599962012186,5.881546140526757,5.9164862632751465,330000
2009-02-18,5.947543232219124,6.001894377257465,5.846606184797038,5.8990159034729,342500
2009-02-19,5.933954554085281,5.953365574846883,5.811665077007659,5.815547466278076,188500
2009-02-20,5.76701914259307,5.852427996177302,5.726256141651867,5.796135902404785,502000
2009-02-23,5.809725385548546,5.833018800679612,5.607850355200214,5.621438026428223,325000
2009-02-24,5.648613247721665,5.833018197657773,5.625319834998688,5.801960468292236,883000
2009-02-25,5.768961781524079,5.81554861075623,5.635026035867637,5.73013973236084,496000
2009-02-26,5.74372770584399,5.74372770584399,5.5942624042195375,5.607850074768066,317000
2009-02-27,5.522440699019325,5.699081310953335,5.522440699019325,5.6000847816467285,1545500
2009-03-02,5.49914699613041,5.563203407164755,5.427326269806037,5.446737289428711,4736500
2009-03-03,5.483618228836053,5.50108828489947,5.3787983552507495,5.407915115356445,2082500
2009-03-04,5.458384255380489,5.600084751697204,5.456443292163756,5.520499706268311,455000
2009-03-05,5.473914622183764,5.557382083304326,5.390447161063202,5.398211479187012,1751000
2009-03-06,5.427326376269156,5.46808937943782,5.301154514849165,5.40985631942749,1440500
2009-03-09,5.367152996683037,5.501089189605915,5.306978503500065,5.316684246063232,681500
2009-03-10,5.394328307140821,5.677729324249324,5.382681601244117,5.664141654968262,1363000
2009-03-11,5.714609738070312,5.796136207032707,5.679670087255126,5.749549388885498,761500
2009-03-12,5.755373764678106,5.926191048406832,5.677729671018314,5.912603378295898,3487000
2009-03-13,5.899015059066016,5.904838411729238,5.790313247344634,5.862133979797363,1034500
2009-03-16,5.904838739008672,5.904838739008672,5.737903854197853,5.743727207183838,3123500
2009-03-17,5.763138544280328,5.912603378295898,5.7204341076493215,5.912603378295898,587500
2009-03-18,5.930071988501284,6.172709953268822,5.916484321712087,6.108653545379639,355500
2009-03-19,6.244531919276041,6.244531919276041,6.147476806605589,6.190180778503418,2112000
2009-03-20,6.1727106108186325,6.23870798876661,5.990246645651256,6.023245334625244,569000
2009-03-23,6.139710921934004,6.411465167999268,6.108653201253227,6.411465167999268,943500
2009-03-24,6.397877958932329,6.397877958932329,6.256177474226655,6.2717061042785645,929500
2009-03-25,6.312470566105426,6.407584712898433,6.182416301978529,6.351292610168457,519000
2009-03-26,6.446405106474147,6.62498664855957,6.4347584036781145,6.62498664855957,1166500
2009-03-27,6.580343702026628,6.580343702026628,6.423114081593718,6.4289374351501465,684500
2009-03-30,6.417290218840042,6.417290218840042,6.192122262774238,6.277530670166016,476500
2009-03-31,6.374584120568061,6.539578002004361,6.3590554915648365,6.419229507446289,654000
2009-04-01,6.339645752915475,6.555108416273872,6.335763363483827,6.516286373138428,942000
2009-04-02,6.632752997644087,6.855979993733216,6.615282938090514,6.735631465911865,1906000
2009-04-03,6.733689170622846,6.83074426651001,6.698749058426345,6.83074426651001,379500
2009-04-06,6.780277039032118,6.780277039032118,6.609459754427248,6.714279651641846,1132500
2009-04-07,6.70069202284849,6.70069202284849,6.535698541958145,6.578402519226074,440000
2009-04-08,6.621106738107899,6.780277322704358,6.621106738107899,6.727867603302002,423000
2009-04-09,6.846273619668173,6.914212425360808,6.811333966577412,6.904506683349609,1429500
2009-04-13,6.900625234652799,6.900625234652799,6.7550423339699,6.832686424255371,467000
2009-04-14,6.782216800898534,6.807451173276001,6.696808405126075,6.716219425201416,375500
2009-04-15,6.685162043836135,6.712337380778149,6.582283585874011,6.677397727966309,552000
2009-04-16,6.788041558178692,6.894802422087878,6.6909864377136685,6.8482160568237305,611500
2009-04-17,6.850156131929113,6.914212549407443,6.762806303442206,6.867626190185547,384500
2009-04-20,6.6987495410229805,6.712337209146557,6.607517790595977,6.630810737609863,564000
2009-04-21,6.654105172231343,6.793864727020264,6.654105172231343,6.793864727020264,1825000
2009-04-22,6.696809479783986,6.953035171013924,6.687103736791192,6.8268632888793945,1047000
2009-04-23,6.791924040202711,6.813276028155919,6.681280784856657,6.803570747375488,1251000
2009-04-24,6.86956745287765,7.079206772705073,6.81133438561369,7.028738021850586,1128000
2009-04-27,6.925861024201792,7.069502527995521,6.892862325373253,6.972447395324707,503500
2009-04-28,6.960798783746906,6.960798783746906,6.848215045747564,6.904506683349609,491500
2009-04-29,6.931681688530083,7.09279319252217,6.931681688530083,7.015149116516113,820500
2009-04-30,7.086970286388207,7.180142998338952,7.030678188903883,7.075323581695557,1789000
2009-05-01,7.065619790058241,7.121911436594845,7.036503022198511,7.090854167938232,1063500
2009-05-04,7.15490920042113,7.182084536598673,7.112204770145538,7.174320220947266,748000
2009-05-05,7.1646144792865805,7.187907889036037,7.085029433967995,7.174320220947266,1526000
2009-05-06,7.248082512193128,7.25778825465507,7.042325585070804,7.141321659088135,1217500
2009-05-07,7.1393806562902,7.141321619653761,6.8482153259688605,6.918094635009766,2336000
2009-05-08,6.960798953158208,7.057854061656053,6.896742535270104,6.951093673706055,1528000
2009-05-11,6.888978630150369,7.067560225558807,6.838509878161438,7.007385730743408,1891000
2009-05-12,6.989915564732138,7.052030555139559,6.902565737590583,6.976327896118164,1251500
2009-05-13,6.902565606633488,6.90838895918546,6.774452776080596,6.801628112792969,1738000
2009-05-14,6.8132752269804335,6.96079908729913,6.8132752269804335,6.921977043151856,786500
2009-05-15,6.906448644393354,7.067560179337671,6.896742901630361,6.991857051849365,339500
2009-05-18,7.026796617685705,7.108323097229004,6.978269292877878,7.108323097229004,841500
2009-05-19,7.052031331366796,7.213143334769761,7.038443661257207,7.137440204620361,517500
2009-05-20,7.156851584631956,7.261671023725998,7.08308941430998,7.1025004386901855,848000
2009-05-21,7.036502319689607,7.100558739790436,6.953034877218687,7.024855613708496,1046500
2009-05-22,7.044266813011518,7.090853638106095,6.9472116987233,7.007385730743408,1655500
2009-05-26,6.925858448592932,7.220906127307147,6.916152707537561,7.1859660148620605,1748500
2009-05-27,7.185967664929651,7.259729832943341,7.096676863015875,7.104441642761231,606000
2009-05-28,7.152968319235327,7.222848091011027,7.065618951612154,7.197613716125488,835500
2009-05-29,7.201495886478904,7.27137565612793,7.149086174940949,7.27137565612793,380500
2009-06-01,7.380077449647884,7.4946026145341875,7.370371707568246,7.475191593170166,4893500
2009-06-02,7.4480166747687315,7.58195287687529,7.4480166747687315,7.527602195739746,1233500
2009-06-03,7.479073307327751,7.508190069944368,7.387841555787753,7.484896659851074,287500
2009-06-04,7.533425634790445,7.560600975667263,7.47325113679713,7.5547776222229,386500
2009-06-05,7.611068332309918,7.622715037059361,7.504307489166992,7.566422939300537,948000
2009-06-08,7.560600648025441,7.570306390943882,7.430546839926333,7.525660991668701,336500
2009-06-09,7.568365436661447,7.647950960051776,7.545072485236124,7.597482204437256,500500
2009-06-10,7.647950681024862,7.647950681024862,7.492662029878287,7.587776184082031,575500
2009-06-11,7.603304239922923,7.706182696904097,7.603304239922923,7.632420539855957,227000
2009-06-12,7.603304839204646,7.667361259460449,7.5411893823519645,7.667361259460449,508000
2009-06-15,7.605245653863674,7.607186617228834,7.424723102636229,7.481015205383301,268000
2009-06-16,7.535365024800056,7.539247413884014,7.376194477081299,7.376194477081299,678000
2009-06-17,7.38202094625336,7.517898142430846,7.38202094625336,7.457724094390869,961000
2009-06-18,7.457721862955058,7.457721862955058,7.374254421140903,7.432487487792969,1819000
2009-06-19,7.494601731698539,7.568363419074872,7.488778379695776,7.498483657836914,304500
2009-06-22,7.420841010324151,7.420841010324151,7.215084075927734,7.215084075927734,740500
2009-06-23,7.255847609421595,7.259729999383282,7.180144476133617,7.230613231658935,3389000
2009-06-24,7.279139372981752,7.418898900776066,7.279139372981752,7.372312545776367,183500
2009-06-25,7.327668246258354,7.4868388175964355,7.292728127703628,7.4868388175964355,184500
2009-06-26,7.459663586948345,7.486839391059791,7.4130772214356595,7.446075916290283,172000
2009-06-29,7.475192111411527,7.533425179540783,7.415017617054595,7.4868388175964355,125000
2009-06-30,7.502366930520745,7.552835678626251,7.424722845064659,7.475191593170166,466000
2009-07-01,7.510132135605332,7.609128680238371,7.510132135605332,7.527602195739746,521000
2009-07-02,7.459662103946283,7.459662103946283,7.327667350768719,7.362607002258301,407000
2009-07-06,7.333490780719402,7.333490780719402,7.19955460013471,7.246140956878662,890000
2009-07-07,7.2539056656927,7.2539056656927,7.073383118579877,7.083088397979736,260500
2009-07-08,7.077264544879256,7.094734601918231,6.98409183292851,7.075323581695557,285000
2009-07-09,7.07532352270608,7.170437659842753,7.071441133575823,7.12773323059082,154500
2009-07-10,7.090852510580057,7.1917895357124975,7.090852510580057,7.164614200592041,172500
2009-07-13,7.17432076818053,7.277199231095798,7.046207930376968,7.269434452056885,276000
2009-07-14,7.2694350332663005,7.3043751533491506,7.218966742249917,7.300492763519287,186500
2009-07-15,7.407252406132496,7.580010626227985,7.407252406132496,7.570305347442627,1174000
2009-07-16,7.55865980823559,7.6537739615342275,7.541189748373726,7.636303901672363,181000
2009-07-17,7.624656825024821,7.66930222286357,7.603304839204646,7.667361259460449,863000
2009-07-20,7.680948454896973,7.746945834483332,7.667360786323032,7.739181518554687,1240500
2009-07-21,7.756651125518972,7.816825148961517,7.715887659371883,7.814884185791016,3782500
2009-07-22,7.793532736630933,7.857589157403371,7.764416434168161,7.830413818359375,366000
2009-07-23,7.822648963728429,8.057522167977048,7.803237480843354,8.022582054138184,363500
2009-07-24,7.94687885156003,7.999288558959961,7.851765178098417,7.999288558959961,848500
2009-07-27,7.999288088524936,7.999288088524936,7.873117160909516,7.931349754333496,271000
2009-07-28,7.91388105181411,7.993466098762526,7.861471341599764,7.983760356903076,963500
2009-07-29,7.964352130889893,7.979880767057802,7.892530915926015,7.964352130889893,240500
2009-07-30,7.970171604004271,8.040051825174857,7.871175086807791,7.8769989013671875,719000
2009-07-31,7.894468592467454,7.985700333254354,7.88670474041177,7.908056259155273,385000
2009-08-03,7.935231330888786,7.975995255198545,7.892527369219449,7.96240758895874,382000
2009-08-04,7.946879872695465,8.036170668181825,7.927469313115243,8.014819145202637,491000
2009-08-05,8.014817254907197,8.014817254907197,7.8323528545802334,7.886704444885254,313000
2009-08-06,7.908058919770876,7.954645750140313,7.875060686251428,7.917764663696289,241000
2009-08-07,8.034232020991912,8.100229423536117,8.001233782515222,8.074995040893555,402500
2009-08-10,8.024524008275781,8.07499275930094,7.99734866935309,8.03034782409668,301500
2009-08-11,8.012875556329874,8.030346074395423,7.935231483299593,7.941055297851562,471000
2009-08-12,7.946878628277925,8.205046157315204,7.935231924117349,8.137106895446777,261500
2009-08-13,8.175927110162739,8.175927110162739,8.086636348578347,8.160398483276367,1568500
2009-08-14,8.13128531106026,8.162342576745552,8.03034780919722,8.102168083190918,903500
2009-08-17,7.972114574372688,7.972114574372688,7.820708315969348,7.83235502243042,477000
2009-08-18,7.844002924216554,7.931352773190287,7.844002924216554,7.906118392944336,1156000
2009-08-19,7.836240400388157,7.968235215364571,7.82847561838153,7.954647541046143,283000
2009-08-20,7.9294107524984465,8.036171150574642,7.90029444858505,8.018701553344727,233000
2009-08-21,8.057523546069557,8.156520089416004,8.028407242352582,8.146814346313477,440000
2009-08-24,8.172049406344447,8.20310667616071,8.111874904785918,8.1409912109375,280500
2009-08-25,8.148757615973217,8.173991999826937,8.100229812317465,8.119641304016113,388000
2009-08-26,8.123521279214893,8.140990877071268,8.069170596470041,8.104110717773438,209500
2009-08-27,8.086642138364759,8.123523232119496,7.985704602949876,8.119641304016113,222500
2009-08-28,8.160403165934483,8.24581205120474,8.022584556354738,8.057524681091309,301500
2009-08-31,8.001233220282902,8.001233220282902,7.929412005319025,7.964352130889893,278500
2009-09-01,7.929409668879774,8.059463462550019,7.805178764960219,7.836236953735352,860000
2009-09-02,7.789649813393607,7.85564718914288,7.778003108780154,7.814884185791016,450000
2009-09-03,7.830411891639043,7.888645407826444,7.750826857508211,7.886704444885254,1693000
2009-09-04,7.894471416801887,8.049759620556118,7.877001817836282,8.043936729431152,229000
2009-09-08,8.092463620816135,8.131285667419434,8.053641574212838,8.131285667419434,428500
2009-09-09,8.13905088402667,8.201166354109446,8.106052647964129,8.191460609436035,253500
2009-09-10,8.172048248775209,8.300161088403827,8.172048248775209,8.294337272644043,328500
2009-09-11,8.317631122898288,8.358395058593658,8.276868112793519,8.346748352050781,226000
2009-09-14,8.307924465851917,8.373921837920987,8.305982577199254,8.370038986206055,181000
2009-09-15,8.354511733282989,8.371982254904045,8.302102019600921,8.350629806518555,241500
2009-09-16,8.317630509723282,8.383627891540527,8.259397906892401,8.383627891540527,166000
2009-09-17,8.335098839002217,8.399155240624351,8.309864470921065,8.362274169921875,489500
2009-09-18,8.393333587223749,8.403039329505127,8.329277169111501,8.368099212646484,185000
2009-09-21,8.305983429874926,8.379745587355735,8.296278613567313,8.338982582092285,244000
2009-09-22,8.375863263243359,8.387509967850134,8.319570703378865,8.358393669128418,261000
2009-09-23,8.383628318246776,8.498153491979165,8.360335831283214,8.364217758178711,384000
2009-09-24,8.406921162204005,8.441861278672066,8.296278848440918,8.337041854858398,295000
2009-09-25,8.33316055416917,8.36421782074663,8.282691801787859,8.307926177978516,156000
2009-09-28,8.344806562471652,8.49621282374382,8.344806562471652,8.449626922607422,125500
2009-09-29,8.445743315440389,8.519505475971343,8.434096609799159,8.439920425415039,1190500
2009-09-30,8.449627403498202,8.511742867472499,8.32345551192395,8.453509330749512,1079000
2009-10-01,8.393333043622919,8.393333043622919,8.189517096866927,8.205046653747559,563000
2009-10-02,8.113814136884885,8.23804504081924,8.106050283883043,8.187576293945312,435000
2009-10-05,8.206988870407699,8.309867341104482,8.170107786966696,8.29822063446045,398500
2009-10-06,8.315690258562576,8.453508849637803,8.315690258562576,8.449626922607422,1024500
2009-10-07,8.416628480504551,8.469038202225816,8.410805589464719,8.451568603515625,587500
2009-10-08,8.50979882906553,8.626264947506762,8.49621116152691,8.591325759887695,378000
2009-10-09,8.593266044509965,8.676733006286709,8.56414974859625,8.66896915435791,415000
2009-10-12,8.690321598342825,8.740789412651097,8.624323303405879,8.66896915435791,317500
2009-10-13,8.67091413005817,8.756323019932925,8.643738784550473,8.731088638305664,1564500
2009-10-14,8.810668658614569,8.820374398041945,8.748553222105718,8.797080993652344,493000
2009-10-15,8.760201908806055,8.8203763961792,8.748555203972849,8.8203763961792,748500
2009-10-16,8.758259861649073,8.814551490050677,8.709732085115084,8.781553268432617,1018000
2009-10-19,8.777673759285825,8.87861127672277,8.758263196635253,8.857259750366211,505500
2009-10-20,8.833966244486403,8.833966244486403,8.680619006191225,8.75438117980957,665500
2009-10-21,8.740788448240146,8.888312725694611,8.727200783273577,8.733024597167969,558500
2009-10-22,8.709734174469808,8.785437301881368,8.585503258883058,8.771849632263184,832000
2009-10-23,8.835905876625413,8.868904105498821,8.69032344060446,8.717498779296875,404500
2009-10-26,8.733028003674587,8.849494145499708,8.655383909124504,8.680618286132812,1517000
2009-10-27,8.63597561279457,8.725266447069988,8.552508596836551,8.558331489562988,358000
2009-10-28,8.52144852704656,8.533095235541206,8.32539729763642,8.342866897583008,266000
2009-10-29,8.426336359107669,8.544743503896145,8.391396227245341,8.536978721618652,504000
2009-10-30,8.490389554083508,8.517564893263954,8.323454666553221,8.340924263000488,568000
2009-11-02,8.335102999509106,8.391394652285175,8.247753149043225,8.327338218688965,1694500
2009-11-03,8.296278613567313,8.346747360728868,8.24775082966728,8.338982582092285,1127000
2009-11-04,8.358393567601215,8.517563652643014,8.350628789427532,8.39915657043457,1215500
2009-11-05,8.455452980001594,8.591330658452343,8.453512015759449,8.558331489562988,331000
2009-11-06,8.523388001725515,8.674794260112654,8.509800331787483,8.618502616882324,997000
2009-11-09,8.667028220571364,8.812610626220703,8.667028220571364,8.812610626220703,376500
2009-11-10,8.799025691038779,8.824260068906169,8.750497898895233,8.773791313171387,525500
2009-11-11,8.806789030327222,8.812611920148392,8.692263866863051,8.76990795135498,192500
2009-11-12,8.785435878462645,8.81649313953214,8.696145095899817,8.703909873962402,426000
2009-11-13,8.738851586325257,8.830083358367192,8.733028695288633,8.818437576293945,132000
2009-11-16,8.849491815790117,8.93295970453261,8.849491815790117,8.90772533416748,219500
2009-11-17,8.892195073226816,8.921312292900067,8.849491113532467,8.91354751586914,260000
2009-11-18,8.882495008676772,8.882495008676772,8.76214599108963,8.833967208862305,276000
2009-11-19,8.767966295013064,8.781553962445583,8.649558288770569,8.711673736572266,270000
2009-11-20,8.663145970666633,8.690322231167467,8.618501042053943,8.64761734008789,409500
2009-11-23,8.752438391130747,8.822318630195861,8.752438391130747,8.77767276763916,142500
2009-11-24,8.775732589541139,8.775732589541139,8.684500818366795,8.723322868347168,233000
2009-11-25,8.762140274047852,8.78737463943942,8.736905908656283,8.762140274047852,144500
2009-11-27,8.571913610367174,8.853373606097206,8.437977908538016,8.604912757873535,150500
2009-11-30,8.558327277851232,8.585502615049702,8.476801266255823,8.577738761901855,1146000
2009-12-01,8.620442076204199,8.758260640605739,8.620442076204199,8.734967231750488,3616000
2009-12-02,8.75243830025074,8.812612795666896,8.721381033604679,8.746615409851074,314000
2009-12-03,8.740791619899182,8.822318564871487,8.6825590133667,8.6825590133667,138000
2009-12-04,8.731086586584262,8.82425931008607,8.674794019325853,8.764084815979004,444000
2009-12-07,8.731084212914581,8.775729136308513,8.680615475240378,8.696144104003906,246500
2009-12-08,8.66120746828144,8.66120746828144,8.540859390116012,8.595210075378418,518000
2009-12-09,8.575799122175907,8.626266952197462,8.531153257323277,8.622385025024414,173500
2009-12-10,8.680614627176993,8.696143254423433,8.649556447093888,8.6631441116333,183000
2009-12-11,8.698085609341872,8.700026572359569,8.608794831395224,8.651498794555664,169500
2009-12-14,8.721381358951845,8.777673003944235,8.68644123847866,8.775732040405273,202500
2009-12-15,8.73108555115572,8.804846780485674,8.705851178450867,8.740790367126465,188000
2009-12-16,8.777670750524194,8.865020566487239,8.777670750524194,8.810669898986816,191500
2009-12-17,8.762143201847143,8.762143201847143,8.696145822368285,8.713615417480469,125000
2009-12-18,8.79513960045008,8.874724623561105,8.791256749515002,8.872783660888672,242000
2009-12-21,8.899960937627037,8.964017347789921,8.899960937627037,8.952370643615723,160000
2009-12-22,8.97954524950455,9.02613206242101,8.94266417687741,9.014485359191896,302000
2009-12-23,9.041661151498648,9.146480560302734,9.041661151498648,9.146480560302734,223500
2009-12-24,9.160069670681697,9.216362235622242,9.160069670681697,9.214421272277832,85500
2009-12-28,9.204714737100607,9.229949109585393,9.17559843826138,9.19694995880127,102500
2009-12-29,9.208597946410448,9.241597101792062,9.195010276686393,9.226067543029783,295000
2009-12-30,9.20277456662084,9.247419500313864,9.179481155306858,9.214421272277832,178000
2009-12-31,9.224127597663514,9.224127597663514,9.097955703735352,9.097955703735352,318000
2010-01-04,9.173657432056364,9.274594931706314,9.173657432056364,9.245478630065918,336000
2010-01-05,9.239651015787596,9.261002527464717,9.191123254138573,9.253238677978516,226000
2010-01-06,9.243537536159552,9.268771910715666,9.18142208143754,9.206656455993652,219500
2010-01-07,9.18336383252922,9.195010539138066,9.12318933598194,9.160070419311523,219500
2010-01-08,9.144541281664235,9.229950150224653,9.13095361230128,9.220244407653809,230500
2010-01-11,9.224128120684668,9.237715792678856,9.146484016263372,9.181424140930176,176000
2010-01-12,9.101834536770667,9.103775499575296,9.006719954621657,9.035837173461914,189000
2010-01-13,9.055250472878823,9.169775643391322,9.055250472878823,9.148423194885254,57000
2010-01-14,9.14065963432084,9.243538102181532,9.134835818364063,9.233832359313965,440000
2010-01-15,9.239653069286424,9.262945548511812,9.09018782637783,9.163949966430664,135000
2010-01-19,9.163951717462394,9.2668301703975,9.142599271369672,9.261006355285645,233000
2010-01-20,9.17171345075324,9.17171345075324,8.991190959038585,9.134832382202148,216000
2010-01-21,9.14648203961316,9.210538458197007,8.985370974272588,9.02225112915039,408500
2010-01-22,9.0222507631585,9.0222507631585,8.754379319574694,8.76990795135498,256500
2010-01-25,8.818434263458135,8.828139078206682,8.723319674199615,8.766023635864258,297500
2010-01-26,8.752436194431015,8.841726971543482,8.707791268669965,8.756319046020508,128000
2010-01-27,8.723319283341121,8.802904314255375,8.688379175040849,8.78543472290039,1845000
2010-01-28,8.773789927116212,8.78543663241438,8.558327267485867,8.649559020996094,287000
2010-01-29,8.694206821006139,8.707794492624116,8.486508893709413,8.505919456481934,827500
2010-02-01,8.53309319421757,8.599090576171875,8.50979978280063,8.599090576171875,453000
2010-02-02,8.60879345347565,8.68255558988402,8.556383758025026,8.6631441116333,248500
2010-02-03,8.612674938804735,8.688378034051903,8.612674938804735,8.66702651977539,229000
2010-02-04,8.601035460080606,8.610740280224865,8.4069242477417,8.4069242477417,459500
2010-02-05,8.42051116459542,8.469038963317871,8.311809784024272,8.469038963317871,519000
2010-02-08,8.463214227347098,8.500095309314952,8.412745475769043,8.412745475769043,191500
2010-02-09,8.463216071754749,8.523389653603445,8.385571964035137,8.469038963317871,280500
2010-02-10,8.480684190031686,8.502036639880002,8.404981059395602,8.449626922607422,717500
2010-02-11,8.447685115413014,8.58356180381229,8.408862146624054,8.552504539489746,173000
2010-02-12,8.465154673835762,8.54862164983126,8.43797933627488,8.544739723205566,630500
2010-02-16,8.606855089299449,8.667029579335933,8.58744360518813,8.657323837280273,276500
2010-02-17,8.686438601384102,8.766023635864258,8.686438601384102,8.766023635864258,126000
2010-02-18,8.766025126569359,8.851433990013177,8.766025126569359,8.849493026733398,262000
2010-02-19,8.859198184591348,8.931018449160236,8.859198184591348,8.886373519897461,358500
2010-02-22,8.905783990415,8.923254509792235,8.849492357198296,8.863080024719238,205500
2010-02-23,8.841729428683097,8.87278762207836,8.744674772600636,8.775732040405273,234500
2010-02-24,8.843669405185858,8.938783077159055,8.826198885932316,8.91160774230957,140000
2010-02-25,8.802906298964286,8.882492273412348,8.713615508014458,8.880550384521484,146500
2010-02-26,8.886372004902228,8.886372004902228,8.826197529503014,8.866960525512695,1414000
2010-03-01,8.898020341980738,8.995074979986455,8.870845006315518,8.989252090454102,401500
2010-03-02,8.991193091590889,9.06107331981686,8.97954638688656,8.997016906738281,103500
2010-03-03,9.020307827018955,9.094069968830642,9.01836686416975,9.033895492553713,979000
2010-03-04,9.033896706260997,9.103776931762695,8.977605073709976,9.103776931762695,180000
2010-03-05,9.150364113339547,9.22218437922232,9.150364113339547,9.212478637695312,327500
2010-03-08,9.206660350774806,9.257129121237318,9.206660350774806,9.237717628479004,240000
2010-03-09,9.200831057823375,9.350296316115047,9.200831057823375,9.299827575683594,306000
2010-03-10,9.29012323917382,9.38135591881203,9.29012323917382,9.360003471374512,172500
2010-03-11,9.33282708334084,9.408530196906865,9.31923941620774,9.400765419006348,321000
2010-03-12,9.424058678371564,9.43570538224331,9.375530899837688,9.425999641418455,236000
2010-03-15,9.414355639605969,9.464824395672016,9.394945077975535,9.451236724853516,145000
2010-03-16,9.472589256411217,9.4803531108933,9.420179536294516,9.474530220031738,327000
2010-03-17,9.48811805150899,9.5541154436767,9.48811805150899,9.521117210388184,181500
2010-03-18,9.51140799059332,9.583228247474455,9.51140799059332,9.550230026245115,298000
2010-03-19,9.464823722839355,9.583230824580616,9.431825492736188,9.464823722839355,320500
2010-03-22,9.437647216686193,9.5541133405668,9.431824327007876,9.53858470916748,207500
2010-03-23,9.536642448373994,9.57352352142334,9.505584264210697,9.57352352142334,210500
2010-03-24,9.592934747279385,9.604581451456053,9.546348856163124,9.5599365234375,175500
2010-03-25,9.61040769731446,9.631759222380593,9.495882515266487,9.499764442443848,216000
2010-03-26,9.51335094371557,9.521115722706446,9.385238106704604,9.437647819519045,111000
2010-03-29,9.460941230901131,9.464823157601304,9.404648665795992,9.437647819519045,282000
2010-03-30,9.427941888109688,9.472587746628454,9.3794141029686,9.455117225646973,404500
2010-03-31,9.441528271383987,9.482292197730294,9.408530048406034,9.425999641418455,206500
2010-04-01,9.43958774261783,9.519172784744182,9.33282736540396,9.414353370666504,261000
2010-04-05,9.441528432614176,9.546348769249873,9.433764580294024,9.536643028259276,224500
2010-04-06,9.493937472916292,9.5754643956983,9.472585954941524,9.550230026245115,401500
2010-04-07,9.53081831751242,9.54828883477131,9.455115210964754,9.488114356994627,184500
2010-04-08,9.470646997603978,9.538585342984392,9.431824953730809,9.51723289489746,189500
2010-04-09,9.515291170059143,9.635640144348145,9.503644465270195,9.635640144348145,90000
2010-04-12,9.635642376329388,9.672522536848373,9.616230888654544,9.664758682250977,55000
2010-04-13,9.639523070919122,9.670580336518434,9.60264198952584,9.651169776916504,132500
2010-04-14,9.693870815129854,9.763751029968262,9.689988889502258,9.763751029968262,146500
2010-04-15,9.740460112910233,9.750164929458007,9.705519996566697,9.726872444152832,184000
2010-04-16,9.717168403146106,9.744343745418346,9.616230888654544,9.664758682250977,430500
2010-04-19,9.622054135845248,9.686110566598746,9.5482928864857,9.6298189163208,271500
2010-04-20,9.67058053196451,9.792870484613266,9.664757641643416,9.78510570526123,201500
2010-04-21,9.806459226544302,9.823928825008323,9.7482256890131,9.81616497039795,142000
2010-04-22,9.728814352827484,9.880220612771357,9.666698892933285,9.87051486968994,781500
2010-04-23,9.866633260165017,9.891867637634276,9.80257683471156,9.891867637634276,430000
2010-04-26,9.901570320129396,9.934569470315369,9.882159763118567,9.901570320129396,129500
2010-04-27,9.874396288157229,9.909336406096548,9.699697549641751,9.722990036010742,226500
2010-04-28,9.742400270969371,9.742400270969371,9.65116852382737,9.701637268066406,312500
2010-04-29,9.728810687858836,9.771514645503077,9.674460028022484,9.765691757202148,104000
2010-04-30,9.719108303504203,9.719108303504203,9.556055342118434,9.56187915802002,256000
2010-05-03,9.577408362206528,9.688051615028549,9.577408362206528,9.660876274108888,424500
2010-05-04,9.557995063790283,9.557995063790283,9.352238156750442,9.412412643432615,295000
2010-05-05,9.369708655141292,9.41629454824204,9.319239910089305,9.340591430664062,348000
2010-05-06,9.319242580781992,13.587730984929902,3.8822088528371146,9.055252075195312,820000
2010-05-07,9.035839782278984,9.101837164642427,8.711674834966297,8.822318077087402,1008500
2010-05-10,9.016428983765271,9.243538375389788,9.016428983765271,9.239656448364258,438500
2010-05-11,9.21053851274312,9.365826688945951,9.15424687282628,9.245478630065918,448500
2010-05-12,9.257126716126663,9.540527772512483,9.257126716126663,9.521117210388184,224000
2010-05-13,9.507528385768495,9.66281750699452,9.507528385768495,9.530821800231934,118500
2010-05-14,9.435704148053617,9.435704148053617,9.208594840646043,9.284297943115234,154500
2010-05-17,9.321182650626618,9.371651405301952,9.13871911861147,9.30177116394043,368500
2010-05-18,9.363885631293249,9.40659052723239,9.163952522961049,9.214421272277832,243500
2010-05-19,9.19694862609068,9.21441914333496,9.018367081397844,9.088247299194336,301000
2010-05-20,8.929077429560191,8.940724133987816,8.734967231750488,8.734967231750488,467500
2010-05-21,8.591326398712662,8.896079847810118,8.552504356345562,8.849493026733398,825000
2010-05-24,8.779612107593548,8.898020114292686,8.76214251385306,8.791258811950684,523000
2010-05-25,8.624326162806069,8.748557090759277,8.49233138034995,8.748557090759277,722500
2010-05-26,8.75632007485626,8.92713687156293,8.672852176935308,8.715556144714355,636500
2010-05-27,8.833964439303786,9.000899314880371,8.833964439303786,9.000899314880371,362500
2010-05-28,8.942665486770037,8.985370380062179,8.868903330711314,8.91549015045166,459000
2010-06-01,8.841728305615288,8.987311659633058,8.793201446533203,8.793201446533203,490000
2010-06-02,8.802906203866614,8.985370635986328,8.736908824415016,8.985370635986328,290000
2010-06-03,8.99895629930087,9.185301690865629,8.971780968263937,9.16200828552246,219000
2010-06-04,8.983426577868793,9.055247755406231,8.76990585924773,8.787375450134277,150000
2010-06-07,8.79902464909241,8.853375325573671,8.601032502371865,8.606855392456055,248000
2010-06-08,8.601032502371865,8.62626595166056,8.478742554698485,8.606855392456055,259000
2010-06-09,8.634029527130698,8.771848088074165,8.571914080272077,8.601031303405762,437000
2010-06-10,8.703909197558351,8.853373527526855,8.688379642640024,8.853373527526855,239500
2010-06-11,8.773789165275472,8.987310843080813,8.773789165275472,8.975664138793945,209500
2010-06-14,9.045545517406245,9.074662747609167,8.9484908601684,8.950431823730469,129500
2010-06-15,8.977605845564367,9.204715209585112,8.977605845564367,9.193068504333496,150000
2010-06-16,9.163955966030176,9.216365698382685,9.113487197751333,9.17754364013672,162500
2010-06-17,9.185304289753107,9.231891113620708,9.14842320845635,9.220244407653809,189500
2010-06-18,9.241597138726137,9.270713441738252,9.19501031343428,9.233832359313965,162500
2010-06-21,9.311476716892072,9.33865205722458,9.146482785795614,9.167835235595703,171000
2010-06-22,9.185302861984155,9.224124900642453,9.016427040100098,9.016427040100098,199500
2010-06-23,8.989252354330922,9.02030961726272,8.90384349288276,8.931018829345703,142500
2010-06-24,8.909665363110935,8.91354728873233,8.777669710490517,8.787375450134277,480000
2010-06-25,8.847553489532572,8.92131565959645,8.773791319468694,8.845612525939941,196500
2010-06-28,8.833962259952106,8.880548144179656,8.764082045225363,8.787375450134277,472000
2010-06-29,8.667032491962239,8.670914419852853,8.385572356894693,8.441864013671875,369500
2010-06-30,8.410804061525301,8.505917743698694,8.333159974888504,8.352570533752441,474500
2010-07-01,8.346748161558393,8.383628318246776,8.193400942099293,8.364217758178711,707500
2010-07-02,8.366159194383224,8.418568912796337,8.325396182905319,8.360336303710938,315500
2010-07-06,8.482627398412067,8.56221247714014,8.348691624512712,8.4069242477417,2143500
2010-07-07,8.412744912567636,8.676734433373065,8.412744912567636,8.665088653564453,1979000
2010-07-08,8.727201834751018,8.733025649347077,8.610735724323876,8.692262649536133,1629500
2010-07-09,8.674793739667098,8.750496864318848,8.672852776305342,8.750496864318848,485500
2010-07-12,8.734965986107877,8.820374831200661,8.713613543437106,8.78543472290039,1197000
2010-07-13,8.866963766614736,9.010606174949464,8.865022803084367,8.983429908752441,169000
2010-07-14,9.000900114779283,9.059132721002417,8.962078068766997,9.026134490966797,237500
2010-07-15,9.026134490966797,9.039722160791566,8.905785500415302,9.026134490966797,588500
2010-07-16,8.983429948524178,8.99701854447816,8.76602629711984,8.775732040405273,289000
2010-07-19,8.810671302876715,8.892197317117683,8.783495964796392,8.870845794677734,204500
2010-07-20,8.711670712439258,8.979542967451405,8.67673061163156,8.977602005004883,1812000
2010-07-21,8.995074925819276,8.997016814575485,8.824258134556343,8.837845802307129,175500
2010-07-22,8.911607977902582,9.127070624865803,8.911607977902582,9.117364883422852,182500
2010-07-23,9.123189943881467,9.274596214294434,9.08630978368508,9.274596214294434,239000
2010-07-26,9.272653681047542,9.369709250962508,9.268771754439909,9.367768287658691,130000
2010-07-27,9.40076638276998,9.40076638276998,9.286241219141097,9.328946113586426,1744500
2010-07-28,9.30759414615128,9.313417036280985,9.15618789569243,9.189187049865724,99000
2010-07-29,9.191127560794293,9.228008639905193,9.043603244350695,9.12901210784912,131500
2010-07-30,9.045543871900744,9.204714887713234,9.00672183094973,9.17171573638916,320000
2010-08-02,9.276536479259784,9.37165109480771,9.249361139271976,9.352239608764648,174500
2010-08-03,9.33865359503855,9.34253644829017,9.249362779703503,9.266833305358888,330500
2010-08-04,9.32506357802053,9.441529708879848,9.29982920338815,9.429883003234863,96000
2010-08-05,9.371649807386731,9.373590770606285,9.284299983373746,9.323122024536133,99500
2010-08-06,9.266832989946703,9.317301750183104,9.15618972506135,9.317301750183104,62500
2010-08-09,9.328945454059449,9.373590383034538,9.321180675911837,9.350296974182127,21000
2010-08-10,9.270712161266914,9.270712161266914,9.14842222456178,9.212478637695312,84000
2010-08-11,9.026133232418143,9.026133232418143,8.915490000194781,8.94072437286377,314500
2010-08-12,8.79320419023084,8.855318737331665,8.769910772272631,8.833967208862305,192000
2010-08-13,8.804847282617557,8.888315183859266,8.804847282617557,8.81649398803711,292500
2010-08-16,8.771847626686117,8.863079366289341,8.73302559014027,8.812610626220703,212500
2010-08-17,8.882492616568163,9.041662720432456,8.880550727602278,8.981488227844238,312000
2010-08-18,8.96984164211516,9.051368584104903,8.890256589117303,9.01254653930664,275500
2010-08-19,9.152304673383211,9.200831527699822,9.033896668268374,9.096012115478516,563000
2010-08-20,9.134836424983916,9.354181045049746,9.134836424983916,9.348358154296877,871500
2010-08-23,9.36970911057798,9.420177858083118,9.255183947054054,9.264888763427734,125000
2010-08-24,9.193068504333496,9.251301105001073,9.097953899043723,9.193068504333496,2075000
2010-08-25,9.134835296023304,9.231890867968051,9.096013252363509,9.214421272277832,271500
2010-08-26,9.229948013626592,9.278475789656778,9.152303942214427,9.158126831054688,1057000
2010-08-27,9.22995190912696,9.338653284745256,9.080486592061073,9.325065612792969,426000
2010-08-30,9.295944755947769,9.319238160921328,9.183360582302404,9.18724250793457,1612500
2010-08-31,9.160070455961868,9.22024495274991,9.094073068641409,9.167835235595703,235000
2010-09-01,9.276537746127117,9.459002222606218,9.276537746127117,9.45317840576172,238500
2010-09-02,9.441529423341704,9.556054587395057,9.418236938346691,9.552172660827637,199500
2010-09-03,9.695814000564338,9.695814000564338,9.590994579868717,9.656991958618164,291500
2010-09-07,9.66087663832341,9.70746254211742,9.62399555265899,9.633700370788574,187500
2010-09-08,9.664757431702435,9.74822441136849,9.664757431702435,9.722990036010742,149000
2010-09-09,9.847221729288073,9.862750363294095,9.78898912036782,9.812281608581545,120000
2010-09-10,9.816161216689853,9.862747103309651,9.781221107532255,9.83945369720459,449500
2010-09-13,9.911277710618709,10.054919188525645,9.911277710618709,10.03162670135498,343500
2010-09-14,10.027743903020776,10.111211811601196,9.988921856739104,10.054919242858888,175500
2010-09-15,10.0102743878871,10.091800408067112,9.983099047827094,10.07821273803711,185000
2010-09-16,10.058802612983683,10.093741808521594,10.021921528279762,10.066566467285156,528000
2010-09-17,10.151971670897076,10.186911779384795,10.097621008087495,10.177206039428713,494000
2010-09-20,10.225736104628307,10.37131853422514,10.20438365705911,10.357730865478516,414500
2010-09-21,10.384903535264916,10.384903535264916,10.258731696750177,10.283966064453123,1046500
2010-09-22,10.115089269418618,10.132558858570102,9.977270742054111,10.012210845947266,724500
2010-09-23,9.950100071839127,10.095683443412709,9.950100071839127,9.988922119140623,1561000
2010-09-24,10.132561423533325,10.190794944763184,10.113150866850315,10.190794944763184,426000
2010-09-27,10.20438251483368,10.2257349600128,10.132561326933304,10.159737586975098,983000
2010-09-28,10.194677352905272,10.21408883609632,10.041330152939755,10.194677352905272,2278000
2010-09-29,10.204384356380272,10.204384356380272,10.122858338313437,10.144209861755373,352500
2010-09-30,10.200503135482622,10.235442331020533,10.039391126048718,10.066566467285156,225000
2010-10-01,10.161681487719047,10.175269158872814,10.066566864051993,10.111212730407717,210000
2010-10-04,10.080154324512865,10.111212519065647,9.922925164909625,9.977275848388672,130500
2010-10-05,10.10927154428239,10.206326203874765,10.08986005700952,10.19273853302002,57500
2010-10-06,10.184974712950464,10.184974712950464,9.827811491122276,9.905455589294434,1189500
2010-10-07,9.97921729495614,10.056862322300493,9.89769126579202,10.052979469299316,559500
2010-10-08,10.054918279733013,10.076270727099365,9.948157894082271,10.047154426574709,447500
2010-10-11,10.043270635127286,10.058800191172534,9.983097076416016,9.983097076416016,504000
2010-10-12,9.98115777175502,10.14226884357817,9.905454644419835,10.120917320251465,540000
2010-10-13,10.171384001402636,10.334436943894897,10.169443038190538,10.274263381958008,180000
2010-10-14,10.293673341709356,10.293673341709356,10.184972003422628,10.24708652496338,191000
2010-10-15,10.322790816723735,10.322790816723735,10.186914128368208,10.309203147888184,221500
2010-10-18,10.289795596696257,10.289795596696257,10.214092451517812,10.27620792388916,240000
2010-10-19,10.136447072859497,10.190797757280446,10.03356859495241,10.103447914123535,2798500
2010-10-20,10.142269696347922,10.21797283004828,10.0976247569196,10.169445037841797,92000
2010-10-21,10.223794341095816,10.311143236662735,10.087916738674313,10.19661808013916,183500
2010-10-22,10.270380420558766,10.392670357523132,10.24708701108075,10.386846542358398,120500
2010-10-25,10.427613101739995,10.50137434957013,10.41208354111089,10.452847480773926,134000
2010-10-26,10.435375669838702,10.52854839417218,10.369378284869548,10.503314018249512,313000
2010-10-27,10.466432415114584,10.5751337575483,10.437315190742307,10.56348705291748,136000
2010-10-28,10.625602920489206,10.6508372939171,10.499431053349724,10.615897178649902,309500
2010-10-29,10.619780877762372,10.705188821106926,10.619780877762372,10.656661033630373,421500
2010-11-01,10.714893557049129,10.7673032664109,10.579015949998675,10.641131401062012,681000
2010-11-02,10.718775251012842,10.790596442220002,10.70518758316155,10.778949737548828,206500
2010-11-03,10.79059890032769,10.79059890032769,10.639192630702414,10.726542472839355,776500
2010-11-04,10.870181990210968,10.905122105844702,10.808066537614494,10.854653358459473,1304500
2010-11-05,10.90123941000336,10.91870900379215,10.810006738021825,10.837182998657228,386000
2010-11-08,10.84494837938738,10.903181909539938,10.78477481141872,10.87212371826172,93500
2010-11-09,10.901241775810943,10.934240007416708,10.821655790946844,10.83330249786377,73500
2010-11-10,10.837183228291288,10.920650198327982,10.788655446572514,10.907062530517578,60000
2010-11-11,10.780893608142678,10.885713052860709,10.681897054535336,10.866302490234377,318000
2010-11-12,10.794480984788017,10.823598216318183,10.637251822005965,10.701308250427246,220000
2010-11-15,10.7284835040368,10.75565884610112,10.67025089263916,10.67025089263916,296500
2010-11-16,10.586781116909856,10.592604006790152,10.433433909642623,10.478078842163086,94000
2010-11-17,10.478079291549973,10.582899644205442,10.476138328173294,10.538253784179688,147000
2010-11-18,10.608130983681948,10.778947744626038,10.608130983681948,10.691597938537598,284500
2010-11-19,10.670251068524816,10.769246694650754,10.670251068524816,10.732365608215332,235500
2010-11-22,10.678013876974456,10.850772584635278,10.65860331662066,10.844948768615724,201000
2010-11-23,10.74012873868873,10.755657371226018,10.57319385633417,10.666366577148438,218500
2010-11-24,10.751776168842667,10.922592989441942,10.751776168842667,10.883770942687988,108500
2010-11-26,10.821654958378437,10.8818294518879,10.755657574653812,10.864359855651855,114000
2010-11-29,10.794479522926071,10.806126228842729,10.652779014129084,10.769245147705078,255500
2010-11-30,10.654720434279136,10.732364526658364,10.62172220409279,10.69354248046875,269000
2010-12-01,10.82747816973906,11.002177824709102,10.82747816973906,10.965296745300291,232500
2010-12-02,11.00218011737902,11.089529037475586,10.97500384879063,11.089529037475586,149500
2010-12-03,11.06235283219988,11.19434853508803,11.05847090510014,11.184642791748049,149000
2010-12-06,11.15746502935374,11.192404216849791,11.106996285647854,11.172993659973145,154000
2010-12-07,11.320517365224942,11.320517365224942,11.190463575958,11.19434642791748,496000
2010-12-08,11.238992901900652,11.306931250643991,11.20987659895216,11.301108360290527,106500
2010-12-09,11.36516181572636,11.36516181572636,11.258401449053544,11.277812004089355,140000
2010-12-10,11.293342701265912,11.402044976379107,11.273932142675651,11.396221160888672,235000
2010-12-13,11.423397588273852,11.423397588273852,11.299166679382324,11.299166679382324,117500
2010-12-14,11.312752833926298,11.343810094196549,11.260343128726252,11.27975368499756,103000
2010-12-15,11.273930857500565,11.361280675175545,11.188522002904296,11.231225967407228,130500
2010-12-16,11.244815982771266,11.369045965839524,11.2312273883203,11.3632230758667,201500
2010-12-17,11.438923696445686,11.444746585144577,11.39039592159366,11.400101661682127,250500
2010-12-20,11.392338468863835,11.43504243536564,11.303047683930656,11.378750801086426,244000
2010-12-21,11.44474738209128,11.49715708639208,11.421453974493062,11.48939323425293,405000
2010-12-22,11.497160259930654,11.497160259930654,11.415634236423806,11.43892765045166,1210000
2010-12-23,11.442806589885254,11.442806589885254,11.386514958674509,11.407866477966309,227000
2010-12-27,11.403986070623706,11.452513856042335,11.287519940973304,11.435043334960938,49500
2010-12-28,11.446691615651345,11.475808846263623,11.35545984781709,11.398164749145508,218000
2010-12-29,11.427278754641645,11.448630275418612,11.40398534507544,11.425337791442873,426500
2010-12-30,11.444752532002278,11.444752532002278,11.384578022894614,11.39040184020996,278000
2010-12-31,11.398164066509096,11.398164066509096,11.297226561182566,11.339930534362791,136000
2011-01-03,11.402046221459136,11.563157300036186,11.402046221459136,11.4816312789917,265000
2011-01-04,11.520453673958508,11.520453673958508,11.330225360185224,11.43892765045166,466500
2011-01-05,11.40398395373352,11.576742615613403,11.40398395373352,11.57285976409912,227500
2011-01-06,11.621390823833822,11.636919457507116,11.549569620407748,11.625272750854492,3453000
2011-01-07,11.640802731977058,11.640802731977058,11.409810479654462,11.53404140472412,368000
2011-01-10,11.481630198602325,11.607802070911092,11.409809001875631,11.58644962310791,679500
2011-01-11,11.63886021068266,11.648565953649548,11.55539322770297,11.563157081604004,269000
2011-01-12,11.629152023252006,11.650503540882912,11.592270951138207,11.62332820892334,838000
2011-01-13,11.62721347808838,11.646624963978494,11.568980871599218,11.62721347808838,1345000
2011-01-14,11.638857914863657,11.732031548021894,11.619447358349296,11.726207733154297,186500
2011-01-18,11.72232824126775,11.817441931679602,11.72232824126775,11.809678077697754,607500
2011-01-19,11.813558502536427,11.81938231787289,11.673798967137657,11.71844482421875,392000
2011-01-20,11.64856634764637,11.64856634764637,11.41563406210601,11.535982131958008,1732500
2011-01-21,11.555390527730438,11.617505972378115,11.469981675641083,11.47386360168457,487500
2011-01-24,11.475807717402729,11.532099358319297,11.39622173893338,11.49521827697754,839500
2011-01-25,11.440868414327564,11.440868414327564,11.316637492074491,11.384575843811035,2910000
2011-01-26,11.413694197694095,11.537924206591155,11.405929417192093,11.510748863220217,243500
2011-01-27,11.549570083618164,11.609744582804993,11.508807071494436,11.549570083618164,670000
2011-01-28,11.584509518196084,11.644684013815498,11.25840451494856,11.339930534362791,334500
2011-01-31,11.372929474296672,11.436985895646393,11.31275497981949,11.421456336975098,694500
2011-02-01,11.46222102201106,11.689329493964578,11.46222102201106,11.646625518798828,529000
2011-02-02,11.617509856663094,11.807738180251974,11.617509856663094,11.768916130065918,421000
2011-02-03,11.745622678873,11.782503765275433,11.629156528671432,11.761151313781738,211500
2011-02-04,11.7669727902687,11.846558770091493,11.7145630752577,11.83685302734375,445500
2011-02-07,11.86402762656174,11.93778978589884,11.825205583582822,11.898967742919922,668000
2011-02-08,11.935852489059677,11.935852489059677,11.840737852910047,11.924205780029297,484000
2011-02-09,11.922263738777977,11.922263738777977,11.784445132364684,11.81356143951416,344500
2011-02-10,11.763091439805397,11.959142639845435,11.724269392502697,11.94361400604248,182000
2011-02-11,11.93778994206132,12.025139771304168,11.914496530851157,12.017374992370604,139500
2011-02-14,12.021254519909151,12.09113473959335,12.021254519909151,12.077547073364258,277500
2011-02-15,12.05425555160332,12.091136630160529,11.984375320992664,12.005727767944336,143500
2011-02-16,11.986317706438738,12.120253432272502,11.986317706438738,12.08143138885498,244000
2011-02-17,12.05813763800346,12.139664574796974,12.038727079636766,12.12413501739502,259000
2011-02-18,12.149369446474568,12.24836597880767,12.135781777878895,12.203721046447754,240500
2011-02-22,12.10472611453526,12.10472611453526,11.821325074252394,11.831029891967772,1322000
2011-02-23,11.803853327080477,11.819382884995866,11.510746573887854,11.60197925567627,961500
2011-02-24,11.631100059460834,11.747566235367898,11.524338704019527,11.675745010375977,289000
2011-02-25,11.815498034689856,11.9571985161745,11.815498034689856,11.922259330749512,758000
2011-02-28,11.959141423152833,11.959141423152833,11.765031206387617,11.865968704223633,370500
2011-03-01,11.895084473419596,11.895084473419596,11.530157467337796,11.57480239868164,842000
2011-03-02,11.52821344654474,11.741734156012386,11.52821344654474,11.64079761505127,416500
2011-03-03,11.73009436834405,11.906734099400548,11.73009436834405,11.862089157104492,314000
2011-03-04,11.877617870597442,11.883441687381769,11.737858300452944,11.81356143951416,367000
2011-03-07,11.871790997328462,11.889260590640298,11.54180320835092,11.6388578414917,421500
2011-03-08,11.6485655180961,11.844617631216122,11.600037730666768,11.78250217437744,313500
2011-03-09,11.7611506860629,11.83685381849208,11.677682773798438,11.79026699066162,736000
2011-03-10,11.650506908344294,11.650506908344294,11.491336796405909,11.55539321899414,337000
2011-03-11,11.489393358133508,11.62527002793752,11.450571320248018,11.59227180480957,287500
2011-03-14,11.53986207373487,11.578684111532189,11.411749256444685,11.520450592041016,248000
2011-03-15,11.174936928159193,11.431162625797612,11.095351869927086,11.369047164916992,1009500
2011-03-16,11.281693997699657,11.400101993931209,11.126405854119646,11.165227890014648,852500
2011-03-17,11.275874273867233,11.306931541064593,11.153584317397597,11.17105484008789,567000
2011-03-18,11.322458874631762,11.36322187691211,11.198227979080814,11.22928524017334,169000
2011-03-21,11.355457041854152,11.55345008849421,11.355457041854152,11.48551082611084,334000
2011-03-22,11.49521782590366,11.49521782590366,11.403986070623706,11.435043334960938,484000
2011-03-23,11.382634060619951,11.52433457008993,11.299167081009822,11.487454414367676,166500
2011-03-24,11.609744536809602,11.84850064343218,11.609744536809602,11.821325302124023,455500
2011-03-25,11.935849567071452,11.957201090407796,11.83685302734375,11.83685302734375,2691000
2011-03-28,11.881497787048236,11.881497787048236,11.774737395176148,11.78250217437744,651000
2011-03-29,11.78250148374804,11.877615164038392,11.733973699163156,11.860145568847656,317000
2011-03-30,11.928085490045287,11.990200951461205,11.90091014922407,11.974672317504885,222500
2011-03-31,11.972727972865728,12.040666305733025,11.937787862138103,12.034842491149902,621500
2011-04-01,12.083372049226382,12.195956249991578,12.07366630721772,12.1318998336792,445000
2011-04-04,12.166839041467451,12.19013245031351,12.110546482491074,12.147427558898926,227000
2011-04-05,12.164900653416392,12.184311214503346,12.110549046073537,12.126078605651855,600500
2011-04-06,12.20760426210502,12.227014822609744,12.0134940291048,12.089197158813477,271500
2011-04-07,12.07366823532424,12.153254221796182,11.997966027220793,12.067845344543455,194000
2011-04-08,12.126077993434125,12.135782810692312,11.94555450857308,12.019316673278809,192000
2011-04-11,12.09890060646187,12.11637112708781,11.982434479847754,12.036786079406738,703000
2011-04-12,12.009609856027248,12.009609856027248,11.883438912643047,11.908673286437988,414500
2011-04-13,12.017372231717074,12.085310560814357,11.964962531329126,12.048429489135742,548000
2011-04-14,11.957201766127817,12.04455160461262,11.895086304858834,12.038728713989258,803500
2011-04-15,12.005727168808248,12.120252325268348,11.976610870302077,12.106664657592772,611000
2011-04-18,11.996021377598412,11.996021377598412,11.765030102482976,11.883438110351562,882000
2011-04-19,11.900908196375635,11.91837779101104,11.811617408790436,11.895084381103516,1406500
2011-04-20,12.09307833176245,12.238660766037537,12.09307833176245,12.223132133483888,288000
2011-04-21,12.294950829627387,12.312420421996244,12.209541979577777,12.260010719299316,345000
2011-04-25,12.279424431264244,12.293012100151048,12.205662271255587,12.281365394592283,284000
2011-04-26,12.310481826330832,12.368715354742614,12.263895003601409,12.32018756866455,1766000
2011-04-27,12.331836716894797,12.419185638427734,12.248368797237305,12.419185638427734,192500
2011-04-28,12.43083092815285,12.535651288096451,12.43083092815285,12.494887351989746,537000
2011-04-29,12.485180468595807,12.51817869401478,12.432770760091184,12.51235580444336,350000
2011-05-02,12.560883668910108,12.560883668910108,12.380360207155745,12.399771690368652,215000
2011-05-03,12.393953012793268,12.401716868244574,12.195959889332508,12.300779342651367,255000
2011-05-04,12.260011303565957,12.26583419276962,12.042607704925675,12.151309967041016,365000
2011-05-05,12.098901350601858,12.320187837810298,12.081431754491952,12.11831283569336,1469500
2011-05-06,12.27554328761784,12.399774213809003,12.14937139782848,12.227015495300291,530500
2011-05-09,12.227011562367426,12.384241595925388,12.194013340630953,12.324067115783691,615000
2011-05-10,12.378417791280553,12.545352639840925,12.349301495468604,12.524001121520996,646000
2011-05-11,12.578354255315508,12.6540573797533,12.405595558339863,12.479357719421388,514500
2011-05-12,12.446359739435202,12.706467346174298,12.436653996869724,12.692879676818848,550000
2011-05-13,12.671529118793144,12.696763497873844,12.537593368651384,12.541475296020508,352000
2011-05-16,12.504593281576057,12.516239988410105,12.238661839114792,12.254191398620604,1056000
2011-05-17,12.190133358057093,12.289128964638936,12.151311315619576,12.267777442932127,833500
2011-05-18,12.254188840074695,12.448299037462936,12.211483948735982,12.411417961120604,459000
2011-05-19,12.446359293009822,12.51623860067563,12.37065616977739,12.489063262939451,475500
2011-05-20,12.529827508697643,12.58223722602776,12.444418634801234,12.502652168273926,358000
2011-05-23,12.326008949870577,12.326008949870577,12.162956015867604,12.228954315185549,278000
2011-05-24,12.263895494725393,12.28718890702292,12.149370322254688,12.188192367553713,2154500
2011-05-25,12.1648963418969,12.308537775156791,12.1648963418969,12.258069038391112,193500
2011-05-26,12.225073808649707,12.450242233354764,12.221191881682907,12.432772636413574,240500
2011-05-27,12.459948258355638,12.504593196256014,12.421126211037242,12.44636058807373,500000
2011-05-31,12.568648459440537,12.599706649780272,12.45024136489721,12.599706649780272,278000
2011-06-01,12.580296096673754,12.623000070263718,12.296895063887286,12.304659843444824,368000
2011-06-02,12.310481222535731,12.3512442276294,12.215367543983842,12.28524684906006,429500
2011-06-03,12.135782976803611,12.215368958544188,12.056197920653634,12.065903663635254,459500
2011-06-06,12.050374643772896,12.058138497436737,11.949437141418455,11.949437141418455,233000
2011-06-07,11.992139644567173,12.027079758546748,11.883438301862425,11.945552825927734,787500
2011-06-08,11.912555701858436,11.912555701858436,11.733974114687276,11.776678085327148,480500
2011-06-09,11.799971230016222,11.883439131641744,11.7650311135969,11.834911346435549,568500
2011-06-10,11.79026563611845,11.801912341738014,11.656329909879252,11.666035652160645,511000
2011-06-13,11.68350449112375,11.728149421781922,11.627211930009835,11.656329154968262,731500
2011-06-14,11.751445772652756,11.862089033769337,11.747563845256256,11.823266983032228,2136500
2011-06-15,11.718446192302428,11.759209202054643,11.563157081604004,11.563157081604004,865000
2011-06-16,11.561214464008753,11.592272651941023,11.38651574355275,11.49715805053711,505000
2011-06-17,11.590335331614735,11.640804092975486,11.48939780889324,11.50686740875244,443000
2011-06-20,11.495218706161728,11.652447854391172,11.481631036274884,11.62721347808838,326500
2011-06-21,11.68350329386343,11.930023182803788,11.666033701150935,11.922259330749512,643500
2011-06-22,11.854322777749426,11.922262052275256,11.801913062057867,11.81161880493164,508500
2011-06-23,11.747561078388555,11.918377876281738,11.646623585127433,11.918377876281738,492000
2011-06-24,11.87179356461252,11.879557418612094,11.726210195033232,11.74562168121338,197500
2011-06-27,11.74562253994266,11.988260581390277,11.68156611180994,11.93779182434082,2063000
2011-06-28,11.966905223710624,12.1396639041417,11.941670851314644,12.13772201538086,428000
2011-06-29,12.18042993945318,12.215370061988883,12.098902986869868,12.184311866760254,236000
2011-06-30,12.236720531143588,12.329894183193378,12.228956677199838,12.296895027160645,580500
2011-07-01,12.322129034673384,12.423066537644356,12.263895503886069,12.40365505218506,438500
2011-07-05,12.395889709173815,12.459946122548546,12.366772484483151,12.456063270568848,161500
2011-07-06,12.459948798042843,12.56670920139497,12.436655383524757,12.54535675048828,323000
2011-07-07,12.65211647049592,12.73364248535112,12.636587837988817,12.702585220336914,777000
2011-07-08,12.564766988506303,12.667645454406738,12.500710567745836,12.667645454406738,507000
2011-07-11,12.555060485336176,12.5725310062248,12.326010155207296,12.37065601348877,466500
2011-07-12,12.353186724427632,12.360951503995809,12.166841270697502,12.168782234191896,176000
2011-07-13,12.228955335455964,12.357068167377465,12.155193177539829,12.180427551269531,763500
2011-07-14,12.207603640611644,12.265836244751767,11.930025512478098,11.98243522644043,2096000
2011-07-15,12.036782903546635,12.054252493972792,11.930021621459389,12.023194313049316,550500
2011-07-18,11.970790530062336,11.980496274245205,11.765033566457236,11.862089157104492,1045500
2011-07-19,11.997966397751185,12.207605281784057,11.997966397751185,12.184311866760254,2366000
2011-07-20,12.18430969144199,12.18430969144199,11.933906913027627,11.963024139404297,870000
2011-07-21,11.99796388625677,12.081430859431071,11.88149683551742,11.926142692565918,748000
2011-07-22,11.957201621158,12.087256358333164,11.926144353695362,12.07172679901123,737000
2011-07-25,11.955259021033472,12.083371851562514,11.918377942476264,12.005727767944336,471000
2011-07-26,12.007669212756705,12.06396177727128,11.920319383785518,12.009610176086426,1850000
2011-07-27,11.935847499463671,11.935847499463671,11.572860558537997,11.590331077575684,206500
2011-07-28,11.572862180938996,11.710680761514036,11.528217246719215,11.57674503326416,3363000
2011-07-29,11.475805007953303,11.60779974378772,11.3709846788715,11.46998119354248,480500
2011-08-01,11.619450213509182,11.633037884085152,11.235111659062069,11.367106437683104,691500
2011-08-02,11.314696920354113,11.446691701324704,11.134174346923828,11.134174346923828,441000
2011-08-03,11.153581119734936,11.283635818513336,10.936177534909872,11.277812004089355,1138500
2011-08-04,11.174937883118147,11.174937883118147,10.707131385803224,10.707131385803224,1345500
2011-08-05,10.794480271529094,10.844949025471116,10.252912574004116,10.55572509765625,4862500
2011-08-08,10.22379420835708,10.381023329044716,9.746282105720631,9.750164031982422,1066000
2011-08-09,9.84528118102082,10.30338191986084,9.678346275835638,10.30338191986084,1000500
2011-08-10,10.080152493144304,10.171384245434991,9.790928604612429,9.792869567871094,533500
2011-08-11,9.849160433075808,10.390728940203816,9.849160433075808,10.25485134124756,912000
2011-08-12,10.328614632276414,10.388789123171302,10.18303127613625,10.309203147888184,216500
2011-08-15,10.384908371648809,10.514962196350098,10.32473386858153,10.514962196350098,369500
2011-08-16,10.421787235395763,10.45090353606516,10.219912242828192,10.342202186584473,256000
2011-08-17,10.384909070265875,10.4644941414112,10.126742367209168,10.206327438354492,478000
2011-08-18,9.9501015610628,9.9501015610628,9.484236923719244,9.554116249084473,269000
2011-08-19,9.534704828412943,9.744343711258551,9.356123215029395,9.361946105957031,1614000
2011-08-22,9.57352741424695,9.635642882240823,9.412415390213132,9.45317840576172,501000
2011-08-23,9.511408640774146,9.876335615728632,9.451234157443835,9.872453689575195,303500
2011-08-24,9.853043916485284,9.98115674563711,9.775398908111308,9.961745262145996,474500
2011-08-25,9.97533415423197,10.039390576666994,9.726873243959078,9.752107620239258,578500
2011-08-26,9.72687339057832,10.118975784975486,9.656993151091898,10.085977554321287,277000
2011-08-29,10.188855030412569,10.503313300650357,10.188855030412569,10.501372337341309,343000
2011-08-30,10.43925555334061,10.590661779240348,10.388787736964426,10.528546333312988,701000
2011-08-31,10.600368913570652,10.813890613465432,10.561546870461648,10.65277862548828,246000
2011-09-01,10.67801287083472,10.769244624759589,10.47225595228279,10.478078842163086,514000
2011-09-02,10.283971698809838,10.2975593715104,10.095685244874804,10.17332935333252,215500
2011-09-06,9.907397441149229,10.054920870666148,9.787048430279135,10.041333198547363,230000
2011-09-07,10.175266551231172,10.402375900930268,10.175266551231172,10.396552085876465,144000
2011-09-08,10.363555726118378,10.41208259048406,10.21214946573824,10.237383842468262,241000
2011-09-09,10.087918223910387,10.200502433853552,9.919042371790932,10.000568389892578,148500
2011-09-12,9.880220357904296,10.15197467803955,9.874396541969436,10.15197467803955,188500
2011-09-13,10.175267422853372,10.326673668955694,10.138386342988152,10.309203147888184,163000
2011-09-14,10.35773092408002,10.693541643620032,10.295615469919516,10.580958366394045,221500
2011-09-15,10.666367862107556,10.78865782495066,10.59648854447625,10.767305374145508,294500
2011-09-16,10.798360637444675,10.82941789783048,10.734304228007346,10.81583023071289,262000
2011-09-19,10.676072334092863,10.80030324574112,10.538253753257196,10.738187789916992,1076500
2011-09-20,10.771186040699524,10.83330149665222,10.530489921569824,10.530489921569824,1193500
2011-09-21,10.631426350517147,10.780890696827282,10.43537425994873,10.43537425994873,979500
2011-09-22,10.169446064576336,10.250973022879792,9.872457316162034,10.041333198547363,599500
2011-09-23,9.963689371639912,10.210210291633102,9.92874924567705,10.206327438354492,196000
2011-09-26,10.262617350557903,10.417905524801771,10.045213721498383,10.40431785583496,209500
2011-09-27,10.594547641300306,10.771187362783536,10.569313263146892,10.639192581176758,552000
2011-09-28,10.67607432390858,10.720719266533749,10.394614219665527,10.394614219665527,126000
2011-09-29,10.63336893265122,10.658603309006544,10.183032085205234,10.414023399353027,465500
2011-09-30,10.25485233531132,10.38102420537477,10.124798538658382,10.126739501953123,279500
2011-10-03,10.014153999640754,10.157795446287468,9.748222625406322,9.754046440124512,901000
2011-10-04,9.6220507618117,10.08985710144043,9.581287761187957,10.08985710144043,703000
2011-10-05,9.998627067509094,10.344143538702305,9.977274619233995,10.315027236938477,685500
2011-10-06,10.283966921026918,10.590661284626355,10.229616255475207,10.588720321655272,390000
2011-10-07,10.612017211681808,10.646957333400776,10.439258492285798,10.480022430419922,395500
2011-10-10,10.6488980019286,10.837185350563166,10.629486515203512,10.83330249786377,361000
2011-10-11,10.780892364996063,10.961414926881185,10.780892364996063,10.92453384399414,948000
2011-10-12,11.025469495972482,11.132230799724514,10.99247127118347,11.011881828308104,564000
2011-10-13,10.959472507816148,11.143877897759513,10.951708654928304,11.12058448791504,541000
2011-10-14,11.256463528592253,11.347696223869594,11.18464324637457,11.324402809143066,279000
2011-10-17,11.312754568668176,11.316636495399626,11.054587929215849,11.08176326751709,572000
2011-10-18,11.07593970785504,11.361282617794984,10.942003976618572,11.303049087524414,694000
2011-10-19,11.33604364993417,11.33604364993417,11.091464773060196,11.10116958618164,344000
2011-10-20,11.085644090177407,11.143877613302134,10.86629951665677,11.106996536254885,918500
2011-10-21,11.233165934664065,11.287516593933104,11.161344759494082,11.287516593933104,674000
2011-10-24,11.308874095919329,11.611685708487473,11.308874095919329,11.59615707397461,512500
2011-10-25,11.549568454031506,11.582567607146498,11.398163134018857,11.419514656066896,1633500
2011-10-26,11.504922749750866,11.51462849126232,11.169112053532508,11.402044296264648,323000
2011-10-27,11.739798432922864,11.928085785378215,11.57674638395846,11.844618797302246,682500
2011-10-28,11.71650405948054,11.935849588252095,11.71650405948054,11.916438102722168,476000
2011-10-31,11.821322782866975,11.821322782866975,11.650505065917969,11.650505065917969,1601500
2011-11-01,11.382633856377629,11.458336981041784,11.204052268799188,11.289461135864258,1986000
2011-11-02,11.405926168378931,11.532098030656297,11.32440016148761,11.458335876464844,369000
2011-11-03,11.553452153387124,11.8368531810491,11.460278502743837,11.81161880493164,498000
2011-11-04,11.745621291581129,11.82520634598036,11.613625596470335,11.772796630859377,1035000
2011-11-07,11.741735635041536,11.80385107809666,11.516568195255854,11.788322448730469,632000
2011-11-08,11.875676088601416,11.961084966024467,11.714564077333286,11.931967735290527,263000
2011-11-09,11.54568714701121,11.551510962857224,11.295284354215523,11.318577766418455,1737500
2011-11-10,11.423398534297451,11.431162388252057,11.207935852017004,11.37098789215088,325500
2011-11-11,11.512689174744974,11.650506836439837,11.495218652407448,11.603920936584473,937000
2011-11-14,11.61362496089895,11.70485764209954,11.54956854307992,11.58644962310791,109500
2011-11-15,11.55539337436472,11.79803139807293,11.52045325459482,11.74562168121338,206000
2011-11-16,11.666037154815458,11.809678641837923,11.539865265677262,11.549570083618164,90500
2011-11-17,11.55539499069078,11.55539499069078,11.14776297979568,11.213760375976562,1773500
2011-11-18,11.186582036232329,11.186582036232329,11.002177569063594,11.031293869018556,1256000
2011-11-21,10.881827840548633,10.881827840548633,10.660542310100109,10.813889503479004,1201000
2011-11-22,10.751772453549826,10.825534594570888,10.633365390704617,10.699362754821776,646500
2011-11-23,10.61201648324576,10.615898410195628,10.414023399353027,10.414023399353027,683000
2011-11-25,10.37326228468605,10.497493225683336,10.334440231323242,10.334440231323242,61000
2011-11-28,10.600368630952966,10.817772251685268,10.600368630952966,10.775068283081056,674500
2011-11-29,10.777010342892758,10.83524294913355,10.662485168283204,10.678013801574709,225500
2011-11-30,11.01382352495225,11.221522331237791,11.01382352495225,11.221522331237791,2731000
2011-12-01,11.176876388930385,11.285578662253842,11.161347757195744,11.19822883605957,863000
2011-12-02,11.301104751626708,11.326339119615064,11.15940428344371,11.163286209106444,268000
2011-12-05,11.402047283329052,11.600039463843462,11.384576758913484,11.512690544128418,476500
2011-12-06,11.50298220573222,11.52627561597233,11.427279085247104,11.45445442199707,159000
2011-12-07,11.398163957941726,11.409809738669468,11.20599376648464,11.380693435668944,381500
2011-12-08,11.299166062602048,11.35157577195688,11.116702561471117,11.12058448791504,219000
2011-12-09,11.145817952550212,11.431159885912273,11.145817952550212,11.407866477966309,369500
2011-12-12,11.186583482298374,11.186583482298374,11.06817637833021,11.178818702697754,3210000
2011-12-13,11.266167791889163,11.312754615220449,10.909004614590769,10.95365047454834,3200000
2011-12-14,10.889596330512012,10.910947857674538,10.64501730810204,10.695486068725586,300000
2011-12-15,10.79254117878917,10.802246923673636,10.612018581655668,10.683839797973633,189500
2011-12-16,10.74789608579906,10.990534151036934,10.74789608579906,10.796422958374023,1601000
2011-12-19,10.850770891160284,10.850770891160284,10.534370754135656,10.56348705291748,59000
2011-12-20,10.699367733913428,10.85465593953458,10.699367733913428,10.841068267822266,175500
2011-12-21,10.676072616659576,10.676072616659576,10.225736707003664,10.400435447692873,1359000
2011-12-22,10.426068724513105,10.51539619794358,10.404707505006655,10.51345443725586,730000
2011-12-23,10.538703264061564,10.579483032226562,10.461027250612675,10.579483032226562,4636500
2011-12-27,10.556179056022588,10.661041571777105,10.556179056022588,10.604726791381836,430500
2011-12-28,10.606665274456311,10.606665274456311,10.42024328761454,10.4435453414917,263500
2011-12-29,10.4493724639972,10.55811847817753,10.4493724639972,10.542583465576172,417000
2011-12-30,10.51927892447013,10.571710162959867,10.49986039308945,10.509570121765137,253000
2012-01-03,10.713471698066984,10.802799180622785,10.58336353302002,10.58336353302002,477500
2012-01-04,10.550351414606888,10.552293175431974,10.445488922285511,10.494035720825195,1447500
2012-01-05,10.484324023379566,10.66686245415497,10.439659832845042,10.618314743041992,1207000
2012-01-06,10.606663735359342,10.674630904381717,10.548407220163725,10.655211448669434,532000
2012-01-09,10.678514688899677,10.678514688899677,10.521220982821552,10.624141693115234,346500
2012-01-10,10.719296106663217,10.816391550816943,10.719296106663217,10.77755355834961,162500
2012-01-11,10.783377069744498,10.862994802332524,10.783377069744498,10.84745979309082,467500
2012-01-12,10.88241542551394,10.921253415768929,10.808622966238245,10.915427207946776,725000
2012-01-13,10.86299907702834,10.86299907702834,10.729008296382371,10.83581256866455,473000
2012-01-17,10.942614982383196,10.977568526544408,10.84163601931579,10.882415771484377,674000
2012-01-18,10.88435552280837,11.130976676940918,10.866878753954142,11.130976676940918,241000
2012-01-19,11.179526480439195,11.323226956710885,11.179526480439195,11.297982215881348,238000
2012-01-20,11.299925338664975,11.395079031401927,11.299925338664975,11.385369300842283,233500
2012-01-23,11.41061652942414,11.474699283518689,11.239729493829032,11.34653377532959,928500
2012-01-24,11.311573494761564,11.46110015298904,11.311573494761564,11.44750690460205,347500
2012-01-25,11.517417509116832,11.546545770475385,11.406728819595308,11.52712631225586,1117500
2012-01-26,11.577612961292278,11.672766616551913,11.428087243837936,11.47663402557373,1450500
2012-01-27,11.451391014031577,11.5717894213298,11.451391014031577,11.531009674072266,70500
2012-01-30,11.453331051797065,11.540716740474307,11.369829809396272,11.47663402557373,818000
2012-01-31,11.540720947994576,11.540720947994576,11.431974932017484,11.49217414855957,110500
2012-02-01,11.56790558717892,11.744618760625404,11.529067598309306,11.711606979370115,124000
2012-02-02,11.746562184216565,11.884437388313396,11.746562184216565,11.791226387023926,285500
2012-02-03,11.919394016358408,12.033966259357673,11.919394016358408,12.004837989807127,141500
2012-02-06,11.973762457409382,11.991240153237506,11.929099189564418,11.950459480285645,135000
2012-02-07,11.944637946566749,12.024255705077035,11.894148455614676,12.00095272064209,85500
2012-02-08,12.016486008499156,12.02036952972412,11.89802935143042,12.02036952972412,225000
2012-02-09,12.051440413921735,12.173780600970662,12.026195672211372,12.169897079467772,212500
2012-02-10,12.055325064608322,12.055325064608322,11.942694605388834,11.993184089660645,1064000
2012-02-13,12.070858610583096,12.138824859627316,12.039787663898098,12.103870391845703,417500
2012-02-14,12.09416272411642,12.14853572845459,12.055324731593329,12.14853572845459,123500
2012-02-15,12.197084500803356,12.218444796649226,12.039789830466171,12.072802543640137,218000
2012-02-16,12.094162685056062,12.311655627677093,12.094162685056062,12.296119689941406,337000
2012-02-17,12.32136548832487,12.32136548832487,12.166013505406896,12.171839714050291,228500
2012-02-21,12.183487615823555,12.202906144981716,12.041728926877813,12.092218399047852,2530500
2012-02-22,12.127174616960518,12.247573043038669,12.111639605006472,12.121349334716797,96000
2012-02-23,12.103871130366109,12.206791853471673,12.010660136565216,12.183489799499512,390000
2012-02-24,12.286409775700474,12.381562524383709,12.26504855772292,12.325247764587402,337500
2012-02-27,12.23592248120226,12.362146199103638,12.160188250461433,12.317481994628906,149000
2012-02-28,12.301942140015262,12.377676340950575,12.257277953118306,12.319418907165527,220500
2012-02-29,12.33107357913783,12.385446580735191,12.228152857841073,12.237862586975098,159000
2012-03-01,12.247570896845604,12.430109338752972,12.247570896845604,12.397096633911133,200000
2012-03-02,12.38739030495898,12.418460329625535,12.268933636737057,12.309714317321776,212000
2012-03-05,12.284467852701226,12.292234894793484,12.11163820255895,12.181546211242676,248500
2012-03-06,12.072801970604834,12.090278743825714,11.948520019340656,11.989299774169922,385500
2012-03-07,12.022312128807208,12.138826107418751,11.99900914789074,12.121349334716797,232000
2012-03-08,12.210675584530202,12.313596301598707,12.189314366507068,12.300003051757812,91000
2012-03-09,12.329127840024722,12.43399028811612,12.319418114023923,12.41457176208496,259500
2012-03-12,12.424284140637536,12.435935630000346,12.346608162199288,12.420400619506836,188500
2012-03-13,12.494193363922832,12.707802772521973,12.47865835307234,12.707802772521973,802500
2012-03-14,12.72139516957004,12.72139516957004,12.56215877261258,12.606822967529297,366500
2012-03-15,12.622360898362968,12.72722339630127,12.571871410322911,12.72722339630127,237000
2012-03-16,12.736929728348622,12.736929728348622,12.649544028060024,12.667020797729492,213500
2012-03-19,12.659256134948198,12.77188659368576,12.604883129340688,12.703919410705566,1180000
2012-03-20,12.610706143151356,12.612647903577924,12.515553400455063,12.59128761291504,255000
2012-03-21,12.637892408663726,12.72333634765593,12.637892408663726,12.670905113220217,361000
2012-03-22,12.571870141755005,12.59128960102821,12.488368874404248,12.564102172851562,352000
2012-03-23,12.564100399524714,12.593229584323163,12.480599143959523,12.585461616516112,174500
2012-03-26,12.678746153362932,12.851708321739697,12.676801966885566,12.840047836303713,213000
2012-03-27,12.865313349619123,12.865313349619123,12.791463910057091,12.79729461669922,179000
2012-03-28,12.783689757298554,12.832274959448757,12.610726660048384,12.690406799316406,250000
2012-03-29,12.655423737683272,12.838103110848689,12.655423737683272,12.81478214263916,311500
2012-03-30,12.8245018121943,12.843936264969308,12.735105368137829,12.801180839538574,264500
2012-04-02,12.752594786941115,12.968312379644656,12.7040105116032,12.941104888916016,2913500
2012-04-03,12.925555966247131,12.962480677239874,12.803121349445652,12.896405220031738,2562000
2012-04-04,12.729273668202485,12.772028160498316,12.597121818649384,12.672914505004885,429000
2012-04-05,12.60294986552836,12.70400675934982,12.55825119632946,12.696232795715332,605000
2012-04-09,12.488295106088506,12.5621445519634,12.418332180516767,12.513559341430664,1012000
2012-04-10,12.50189780982196,12.527162043054345,12.227877764244353,12.245368957519531,599500
2012-04-11,12.313390778979516,12.404730508186349,12.278409310340953,12.363919258117676,698000
2012-04-12,12.383351642436562,12.57380411086227,12.383351642436562,12.558257102966309,462000
2012-04-13,12.525215418032042,12.610724394702794,12.503837710521612,12.52132797241211,255000
2012-04-16,12.591292633371792,12.591292633371792,12.377518308442294,12.45914077758789,435000
2012-04-17,12.532989057532973,12.73704613835475,12.532989057532973,12.68068790435791,1436000
2012-04-18,12.622388986090472,12.696238429991848,12.57769122374119,12.639880180358888,735500
2012-04-19,12.612672511675587,12.847824604797756,12.480521550154364,12.571861267089844,470500
2012-04-20,12.602953128618298,12.6865188575699,12.538820923756472,12.542707443237305,831000
2012-04-23,12.412497900571248,12.412497900571248,12.227874352809456,12.381402969360352,385500
2012-04-24,12.348365785326983,12.348365785326983,12.097666781311624,12.14236545562744,217500
2012-04-25,12.231761148513844,12.408610722405498,12.231761148513844,12.37751579284668,1104000
2012-04-26,12.466914033815756,12.704009315491149,12.466914033815756,12.655424118041992,395000
2012-04-27,12.6690297435395,12.7467657003281,12.601011013020896,12.694293975830078,432000
2012-04-30,12.670972010835667,12.672915270600296,12.585462094392614,12.604896545410156,140000
2012-05-01,12.604895820180989,12.816725949307797,12.604895820180989,12.717613220214844,252500
2012-05-02,12.575749865558642,12.789523335823027,12.575749865558642,12.77397632598877,115000
2012-05-03,12.766200458098824,12.83810664207567,12.610728529518845,12.645709991455078,765000
2012-05-04,12.548537830788854,12.548537830788854,12.295896445260414,12.328933715820312,251500
2012-05-07,12.253140804969254,12.313386492202993,12.214272828908763,12.255084991455078,190000
2012-05-08,12.154027583319856,12.169574587786478,11.909158324556747,12.15208339691162,1777500
2012-05-09,12.01604580452697,12.21621545382706,11.946082895242698,12.173460960388184,485000
2012-05-10,12.23953711705296,12.23953711705296,11.845026648512665,11.926650047302246,208500
2012-05-11,11.885838556068862,12.11710314875054,11.885838556068862,12.019932746887209,110000
2012-05-14,11.903329700325417,12.035480641142223,11.876122208197584,11.924707412719728,115000
2012-05-15,11.959687619879142,12.150140986290326,11.932480128489784,11.967461585998535,165000
2012-05-16,12.006330731854542,12.006330731854542,11.792556372963237,11.823651313781738,331000
2012-05-17,11.817820158428892,11.837254611538578,11.633197487315538,11.637084007263184,356500
2012-05-18,11.668175222058885,11.67594825947278,11.462173976938267,11.487438201904297,900500
2012-05-21,11.48355386761257,11.790611144320671,11.359175978476587,11.773120880126951,304500
2012-05-22,11.782840781739916,11.90333125211181,11.751745839050322,11.878067016601562,975000
2012-05-23,11.759516860778987,11.928592499655489,11.654573424696023,11.905271530151367,235000
2012-05-24,11.909156416261736,11.909156416261736,11.648741121445946,11.734251022338867,450500
2012-05-25,11.747858672960522,11.817820668466224,11.722594438839009,11.745915412902832,119000
2012-05-29,11.8178198923577,11.91499030234693,11.708989922788044,11.81393337249756,1969000
2012-05-30,11.699270950483715,11.707044915729544,11.572949807023836,11.625421524047852,172000
2012-05-31,11.61181950286572,11.621536729193474,11.4135930898824,11.55740451812744,271500
2012-06-01,11.304761877961068,11.378611313292124,11.17649745941162,11.17649745941162,215000
2012-06-04,11.190099039092445,11.279495462797312,11.077381648040998,11.225080490112305,1045500
2012-06-05,11.18621513917253,11.421366273822176,11.18621513917253,11.40776252746582,319000
2012-06-06,11.497157756027772,11.769234507748289,11.489384717038147,11.75174331665039,54000
2012-06-07,11.89750036359084,11.89750036359084,11.62736683879398,11.642914772033691,787500
2012-06-08,11.629309873115895,11.71870631030014,11.53602598966406,11.703158378601074,61000
2012-06-11,11.790614135997396,11.790614135997396,11.436915756132294,11.44468879699707,120500
2012-06-12,11.456347052774849,11.530196486716136,11.39804462421971,11.526309967041016,70500
2012-06-13,11.491327992014394,11.574893721377329,11.399988296965912,11.417478561401367,99000
2012-06-14,11.431082257377454,11.516592172809752,11.312535072965728,11.495214462280272,143500
2012-06-15,11.524363068334608,11.806156065547375,11.524363068334608,11.794495582580566,202500
2012-06-18,11.718705731864445,11.858630623449857,11.613761368161189,11.833366394042969,123500
2012-06-19,11.940894168701004,12.092561746671592,11.940894168701004,12.005061149597168,160500
2012-06-20,11.970063099211188,12.073119143797028,11.90978473799683,12.001173973083496,132500
2012-06-21,11.946725805184396,11.946725805184396,11.610335528471268,11.627835273742676,2793500
2012-06-22,11.655060942038284,11.845617591738431,11.655060942038284,11.824228286743164,2648500
2012-06-25,11.686169480136392,11.686169480136392,11.517001255471731,11.56561279296875,217000
2012-06-26,11.66672752259336,11.695894081787149,11.577282604169303,11.670616149902344,131000
2012-06-27,11.723113493088873,11.79505864404048,11.68422444783643,11.742558479309082,140000
2012-06-28,11.688113550014007,11.692002176232686,11.427556122415838,11.571446418762209,775500
2012-06-29,11.820335615619651,12.08089210505885,11.820335615619651,12.077003479003906,300500
2012-07-02,12.09644913911805,12.09644913911805,11.985614945672104,12.090615272521973,379000
2012-07-03,12.082841671881395,12.217008590698242,12.078952117245786,12.217008590698242,46000
2012-07-05,12.17617388190489,12.222840187706156,12.131450962425363,12.18978500366211,152000
2012-07-06,11.99533986372756,11.99533986372756,11.60061547448021,11.688116073608398,287000
2012-07-09,11.68422515496745,11.701725829062378,11.464501989634073,11.501446723937988,147000
2012-07-10,11.571448617253177,11.6433928519073,11.342002937375243,11.390613555908203,353000
2012-07-11,11.388669686127177,11.47422597284198,11.246724597579435,11.330336570739746,820500
2012-07-12,11.281725051286571,11.3011691140682,11.120334972414716,11.242835998535156,184500
2012-07-13,11.277837426491237,11.464504525412892,11.27589218557085,11.45089340209961,345500
2012-07-16,11.413948182389303,11.43922611422681,11.31867032318004,11.375059127807615,136500
2012-07-17,11.31477831451948,11.43533500660575,11.25450089566434,11.402278900146484,108500
2012-07-18,11.39839314521609,11.736727839207912,11.39839314521609,11.69783878326416,512000
2012-07-19,11.74255996393363,11.909782972380118,11.74255996393363,11.882560729980469,263500
2012-07-20,11.839784311687223,11.839784311687223,11.623949735785912,11.629782676696776,187000
2012-07-23,11.408114231593135,11.415891485508112,11.26227959442991,11.390613555908203,104000
2012-07-24,11.38283740237764,11.38283740237764,11.145613518464064,11.200058937072754,1670500
2012-07-25,11.262282439108436,11.421728238084532,11.238949744281909,11.31867218017578,168000
2012-07-26,11.466447320077272,11.594781281279896,11.408114207087776,11.478114128112791,159000
2012-07-27,11.54422798121432,11.837840706286256,11.54422798121432,11.795063018798828,64500
2012-07-30,11.804782519529567,11.804782519529567,11.563670039854166,11.602559089660645,96500
2012-07-31,11.602559950064762,11.65894875194992,11.546171148179608,11.553948402404783,104000
2012-08-01,11.528674624191927,11.56173074811954,11.425618551084376,11.452840805053713,81500
2012-08-02,11.365334812442027,11.53450305361236,11.295334896279307,11.43144702911377,184000
2012-08-03,11.6258955011953,11.795062862181526,11.575339631568577,11.769784927368164,180000
2012-08-06,11.820338612375869,11.985617315056006,11.808671804065304,11.93506145477295,412500
2012-08-07,11.991451161403589,12.182007808619144,11.991451161403589,12.102285385131836,59000
2012-08-08,12.078950706910115,12.131450880072734,12.04589552309046,12.061450958251951,199000
2012-08-09,12.108118742288807,12.16256323142732,12.07117400260534,12.113951683044434,297000
2012-08-10,12.096454391339414,12.158676147460938,12.07117645521941,12.158676147460938,44500
2012-08-13,12.17228601066172,12.183951892445272,12.034229543819611,12.100340843200684,238000
2012-08-14,12.141177868135795,12.143122182352048,11.993399788627467,12.010899543762209,336000
2012-08-15,12.045895284492396,12.152839942196,12.045895284492396,12.13922882080078,184000
2012-08-16,12.236451467474764,12.390063351356083,12.201451044932826,12.366729736328123,150500
2012-08-17,12.401729009238188,12.44839623845706,12.36672951451209,12.436729431152344,86000
2012-08-20,12.407563664248997,12.407563664248997,12.28311832988959,12.339508056640623,106500
2012-08-21,12.413400112678854,12.46784554133983,12.318122235101802,12.360899925231934,180000
2012-08-22,12.300619834172302,12.417286995297884,12.296730279769724,12.378397941589355,353000
2012-08-23,12.339506224632707,12.372561403197128,12.246171774126172,12.308394432067873,1149500
2012-08-24,12.166451414389948,12.283118569936352,12.11200692723925,12.261730194091797,252000
2012-08-27,12.288954536414945,12.36089878466863,12.232564798931472,12.271453857421877,255500
2012-08-28,12.271453401107523,12.323953581757934,12.222841848005071,12.26756477355957,75500
2012-08-29,12.314230704253449,12.329786139980442,12.218951921947802,12.304508209228516,50000
2012-08-30,12.250062313858333,12.250062313858333,12.108117240671914,12.133394241333008,100000
2012-08-31,12.253951085624722,12.26756220638248,12.065338781195136,12.246172904968262,66000
2012-09-04,12.236454212689402,12.349231831979102,12.148953600298068,12.318120956420898,97000
2012-09-05,12.306454515581349,12.358954699153918,12.259787273655371,12.353121757507324,44500
2012-09-06,12.419234514119056,12.740069521814046,12.37840113626486,12.701180458068848,200000
2012-09-07,12.683676330810773,12.693398825902769,12.637010023307882,12.656454086303713,110500
2012-09-10,12.625340232921385,12.679784709077408,12.603950934208113,12.623395919799805,78000
2012-09-11,12.594232610392323,12.672010718403511,12.580620560661592,12.65062141418457,84000
2012-09-12,12.679787581893198,12.742010251821062,12.652565337647536,12.695343017578123,95500
2012-09-13,12.687563286926103,12.88589713937077,12.660341047993777,12.810063362121582,371000
2012-09-14,12.823676474585582,12.973399739170675,12.823676474585582,12.938399314880373,95500
2012-09-17,12.9325661029474,12.9325661029474,12.84700982109646,12.87228775024414,119000
2012-09-18,12.831456135721698,12.88006768720051,12.773122088509476,12.775067329406738,93500
2012-09-19,12.79645543805899,12.808122247255875,12.728399823733998,12.78090000152588,98500
2012-09-20,12.714791378151256,12.77701406457379,12.693402068921772,12.763402938842772,367500
2012-09-21,12.82756787809926,12.860623066482251,12.724511831043603,12.730344772338867,107000
2012-09-24,12.672008990728056,12.672008990728056,12.54172979674254,12.588397026062012,95000
2012-09-25,12.615823896097329,12.615823896097329,12.3590726852417,12.3590726852417,111500
2012-09-26,12.343513246376965,12.343513246376965,12.121772870985245,12.219027519226074,528500
2012-09-27,12.267655171304735,12.454382839533904,12.250148814759504,12.417426109313965,207500
2012-09-28,12.448548826407103,12.450493771153898,12.329898849450489,12.390195846557615,89000
2012-10-01,12.423262224595517,12.423262224595517,12.220973138676497,12.27154541015625,611500
2012-10-02,12.310446659353651,12.376579413421773,12.254039555807369,12.320172309875488,198000
2012-10-03,12.357128831761614,12.442711957943017,12.322117046966092,12.38630485534668,66000
2012-10-04,12.310443685552409,12.386302071817454,12.2209697628415,12.37657642364502,345000
2012-10-05,12.456328289403691,12.467998885077533,12.259874962624128,12.275435447692873,108000
2012-10-08,12.211248115220627,12.285161581563896,12.149005245009937,12.180127143859863,372500
2012-10-09,12.084814309741471,12.106210551708244,11.956438712918704,11.972000122070312,105000
2012-10-10,11.977837114606604,12.005068194298564,11.88447328030716,11.91948413848877,189000
2012-10-11,12.005065925109909,12.088705020487891,11.936988238748002,11.981724739074709,134500
2012-10-12,11.995343035161747,12.078982149775932,11.966167009651995,12.038135528564451,48000
2012-10-15,12.06342214998196,12.112049479447244,11.997289390004408,12.110103607177734,366000
2012-10-16,12.125665047708916,12.285161649926408,12.125665047708916,12.27738094329834,1142500
2012-10-17,12.197631216517127,12.211246755907974,12.04785935572876,12.075091361999512,497000
2012-10-18,12.059531345706963,12.075092758944535,11.97978304469335,12.003124237060549,107500
2012-10-19,11.958383183868754,11.975889536599167,11.761929907866929,11.783326148986816,1201000
2012-10-22,11.789162198396038,11.802777736653423,11.670512242870524,11.754151344299316,580500
2012-10-23,11.639390293692186,11.841678406058184,11.61215829199034,11.80083179473877,775000
2012-10-24,11.855294945287488,11.870856355429344,11.7094139132472,11.754151344299316,118500
2012-10-25,11.870857329424105,11.907814058437564,11.653007771942534,11.73081111907959,407000
2012-10-26,11.726922035217283,11.7736044213928,11.643283842056883,11.726922035217283,112500
2012-10-31,11.76387606627675,11.789162198396038,11.7094139132472,11.754151344299316,677500
2012-11-01,11.77749339479299,12.028409809731384,11.750262314138906,12.02451992034912,1797500
2012-11-02,12.0789818196125,12.0789818196125,11.936990657859962,11.94671630859375,61500
2012-11-05,11.915590683795353,11.956437291110946,11.859183596667458,11.936986923217772,130500
2012-11-06,11.970056498627711,12.121773310185716,11.970056498627711,12.040080070495604,217000
2012-11-07,11.95255092595556,11.95838575979664,11.767768202807432,11.775547981262209,175000
2012-11-08,11.761931512796489,11.761931512796489,11.598544120788574,11.598544120788574,179000
2012-11-09,11.569366299880905,11.711357425769872,11.55186087497282,11.588817596435549,268000
2012-11-12,11.614106072621098,11.614106072621098,11.497400124685235,11.516851425170898,584500
2012-11-13,11.44877530535091,11.499347580592357,11.405982809384032,11.425434112548828,176500
2012-11-14,11.460442619781318,11.497398415730729,11.285384651386911,11.2970552444458,162500
2012-11-15,11.297056406602469,11.359299266823314,11.258154734900568,11.337903022766112,603500
2012-11-16,11.361244789070849,11.45655356496636,11.27955062509992,11.446828842163086,189000
2012-11-19,11.526576790782896,11.596599430326256,11.52074102978568,11.5927095413208,230500
2012-11-20,11.565478354582138,11.565478354582138,11.435157799234146,11.495454788208008,306500
2012-11-21,11.526578209043455,11.68801975250244,11.526578209043455,11.68801975250244,82500
2012-11-23,11.721081770514472,11.814445572122464,11.719136826573084,11.804719924926758,40500
2012-11-26,11.750261902987695,11.822230418976051,11.723030823286448,11.812504768371582,44500
2012-11-27,11.812505383769006,11.845572226551257,11.744427680969238,11.744427680969238,274000
2012-11-28,11.72108505028116,11.890307277887253,11.63939181695105,11.886417388916016,177000
2012-11-29,11.985618268830764,11.999233809185949,11.93893588619064,11.977837562561035,164500
2012-11-30,11.968110329040236,11.991451517273868,11.925318768937911,11.98561668395996,106500
2012-12-03,12.01090350692809,12.032298824464393,11.898088375641102,11.907814025878906,164000
2012-12-04,11.940878316783207,11.954493854271696,11.851404387220754,11.93893337249756,53000
2012-12-05,11.90003183171378,11.90003183171378,11.732754564000912,11.859185218811035,284000
2012-12-06,11.841680103748503,11.927264154608215,11.841680103748503,11.890307426452637,176000
2012-12-07,11.927263268356398,11.927263268356398,11.824173797078409,11.903922080993652,91500
2012-12-10,11.98172719737498,12.016738983611178,11.964221768001437,11.983672142028809,222000
2012-12-11,12.028408903688971,12.217082436853678,12.012848419842898,12.19179630279541,77000
2012-12-12,12.25403751829768,12.25403751829768,12.127606865003033,12.139277458190918,217500
2012-12-13,12.141222275153456,12.187903719926537,12.016736567447406,12.065363883972168,339500
2012-12-14,12.078980644784462,12.178180232144708,12.078980644784462,12.143168449401855,207500
2012-12-17,12.13928058869116,12.310447787106174,12.13928058869116,12.27738094329834,215000
2012-12-18,12.308500610619117,12.44660186767578,12.308500610619117,12.44660186767578,223500
2012-12-19,12.50228826417106,12.56654233940664,12.467240333557127,12.467240333557127,167000
2012-12-20,12.476976849510583,12.476976849510583,12.408828864738858,12.438035011291504,174500
2012-12-21,12.334839493184148,12.412723172145403,12.278374150893578,12.402987480163574,93500
2012-12-24,12.377675748099866,12.377675748099866,12.315368616674164,12.360152244567873,67500
2012-12-26,12.36599135904847,12.418562790677438,12.243324994729743,12.262795448303224,123500
2012-12-27,12.26474513743359,12.27448083061594,12.085612468044268,12.23359203338623,211000
2012-12-28,12.145971585576596,12.225802220082103,12.134288940472532,12.163496017456056,138000
2012-12-31,12.097292779720686,12.315367251310084,12.087558016863689,12.272531509399414,290500
2013-01-02,12.562650662351398,12.658057851644234,12.500343528580936,12.644428253173828,286500
2013-01-03,12.638584508710416,12.638584508710416,12.449716197664507,12.48086929321289,154500
2013-01-04,12.515918225360624,12.589907993777508,12.498394723765731,12.558753967285156,143500
2013-01-07,12.537336697425747,12.537336697425747,12.475029572207411,12.506182670593262,134500
2013-01-08,12.48865916880705,12.53344186379254,12.41661635217565,12.506182670593262,113000
2013-01-09,12.558753066036974,12.65610811522502,12.556806113604663,12.636636734008787,150000
2013-01-10,12.704784736457988,12.706731688751864,12.54901741159004,12.673630714416504,1156000
2013-01-11,12.675580521213163,12.757358100661005,12.66779178240767,12.755411148071287,68500
2013-01-14,12.753464721575323,12.796300465655978,12.722310693514844,12.79045867919922,170500
2013-01-15,12.724254907651485,12.841080398729916,12.691154862491487,12.823556900024414,852500
2013-01-16,12.802140477308413,12.819664907073465,12.73399249612934,12.741781234741213,872500
2013-01-17,12.78851159258108,12.84887176695312,12.7768289482366,12.802141189575195,93500
2013-01-18,12.761251766595924,12.784617054127729,12.695050737553558,12.77488136291504,477000
2013-01-22,12.780722007935262,12.780722007935262,12.656107771189172,12.70867919921875,122000
2013-01-23,12.82745252646216,12.897548387586651,12.807982072891978,12.83913516998291,524500
2013-01-24,12.835240418435392,13.029949583528552,12.835240418435392,12.913124084472656,566000
2013-01-25,12.981274104509938,13.168195489504756,12.981274104509938,13.146777153015137,569500
2013-01-28,13.197398237874388,13.240234899821392,13.175980835347328,13.193504333496094,237500
2013-01-29,12.991008678148509,13.026056608901875,12.897548457919456,12.998797416687012,463000
2013-01-30,13.008534607487055,13.053317306018249,12.899496897610168,12.911179542541504,306500
2013-01-31,12.99684908723031,13.109779749171432,12.95206547016,12.99295425415039,204000
2013-02-01,13.064997515155676,13.19934651414839,13.05526182478687,13.162352561950684,360500
2013-02-04,13.072787586226378,13.137041663698309,12.95596114678048,12.963749885559082,163500
2013-02-05,13.043583856184403,13.11367973782274,12.99685419687238,13.08447265625,138000
2013-02-06,13.055260606092627,13.096149387688858,13.000742230630992,13.059154510498049,300500
2013-02-07,13.03384404768329,13.039685833532396,12.901441995426817,12.98906135559082,128000
2013-02-08,12.996852623886808,13.094206765339417,12.749571043445387,13.057211875915527,41000
2013-02-11,13.08252295393536,13.08252295393536,12.983221868485684,13.03579330444336,135500
2013-02-12,13.029952088642288,13.131201059645973,13.02800513588402,13.10783576965332,511500
2013-02-13,13.090308635735123,13.092255587953398,12.97737705105712,13.051366806030272,1553000
2013-02-14,13.018267021853909,13.086415926395835,12.99295478381183,13.072786331176758,80000
2013-02-15,13.105885294950763,13.168192408705142,13.07667915453187,13.125356674194336,103500
2013-02-19,13.14288139391468,13.224658966064451,13.140934441498718,13.224658966064451,126500
2013-02-20,13.230503030990617,13.249973486950998,13.064999977317187,13.070840835571287,111000
2013-02-21,13.026057229987394,13.026057229987394,12.878077689826316,12.903389930725098,188000
2013-02-22,12.992959362261224,13.08447265625,12.961806256053208,13.08447265625,121000
2013-02-25,13.138988787643228,13.183771482976027,12.86444804403468,12.866394996643066,121000
2013-02-26,12.893655939445557,12.926755992788898,12.800194780719178,12.87807846069336,124000
2013-02-27,12.88197308148306,13.11173021213976,12.86639560298858,13.061105728149414,105500
2013-02-28,13.022162516305722,13.135093188584658,13.020214635364198,13.055262565612791,157000
2013-03-01,13.045527602318057,13.20713673821721,12.961803069686503,13.19740104675293,167000
2013-03-04,13.177932092505928,13.362905609152277,13.105889267293866,13.355117797851562,133000
2013-03-05,13.407689123910696,13.534250340938554,13.407689123910696,13.526461601257324,265500
2013-03-06,13.553720467234047,13.61992150334792,13.54982656171168,13.594609260559082,231000
2013-03-07,13.61407828389058,13.641337474712872,13.582924259774709,13.633548736572266,75500
2013-03-08,13.65691863355149,13.690019621266805,13.575141033473932,13.649130821228027,129000
2013-03-11,13.621867016131848,13.684174140136816,13.598502657020775,13.678333282470703,328000
2013-03-12,13.614079556129209,13.61797346134012,13.530354094968104,13.606290817260742,187500
2013-03-13,13.62965761036796,13.67054640493729,13.580980076070157,13.641340255737305,94000
2013-03-14,13.69585406137258,13.767896862279924,13.69585406137258,13.748425483703612,229000
2013-03-15,13.736743147793646,13.736743147793646,13.62575944415793,13.639389038085938,82000
2013-03-18,13.468049242634134,13.621869665788235,13.448578784846507,13.53425121307373,95000
2013-03-19,13.55566756636424,13.563456305939797,13.300598182960544,13.3784818649292,244500
2013-03-20,13.536196843212856,13.555667299097774,13.462207068267416,13.524514198303224,150500
2013-03-21,13.335643688296711,13.44273349937752,13.290860997126275,13.384321212768556,254000
2013-03-22,13.374587743544362,13.409635678398718,13.31422756603631,13.397953033447266,451500
2013-03-25,13.431852848494684,13.439645641772232,13.19025860511763,13.25455379486084,1389000
2013-03-26,13.320796149618262,13.38509133437404,13.26234648840789,13.311054229736328,650000
2013-03-27,13.262348214396914,13.404576918636868,13.25065809482534,13.38899040222168,395500
2013-03-28,13.34612416062751,13.531216916351754,13.34612416062751,13.523423194885254,179500
2013-04-01,13.5253732001935,13.5253732001935,13.313004713562211,13.35002326965332,110500
2013-04-02,13.445491688978494,13.4610782051808,13.361712654699929,13.387041091918944,96000
2013-04-03,13.41821683355228,13.41821683355228,13.155190505449823,13.178570747375488,103500
2013-04-04,13.162981191749497,13.170774913606598,13.085047689340987,13.164929389953612,503500
2013-04-05,12.936974370521098,13.05387463220476,12.860989061070612,13.038288116455078,329500
2013-04-08,13.036339801432073,13.065564634331231,12.940871580409166,13.059720039367676,273500
2013-04-09,13.086996142323963,13.162981448007642,13.007114440156194,13.122066497802734,439000
2013-04-10,13.1493409098959,13.408469813125166,13.1493409098959,13.39288330078125,298000
2013-04-11,13.330538965378858,13.330538965378858,13.238967142032074,13.26429557800293,202500
2013-04-12,13.231173577705295,13.268192132953793,13.110376920347594,13.266243934631348,131000
2013-04-15,13.217534523733068,13.24286295859454,12.995424133662029,13.005166053771973,174500
2013-04-16,13.06556738826762,13.24091828070409,13.06556738826762,13.219486236572266,108000
2013-04-17,13.15129192258762,13.15129192258762,12.919439598596842,12.991528511047363,650000
2013-04-18,13.012959212786477,13.02270113317054,12.814229053771175,12.83760929107666,221500
2013-04-19,12.87658023102508,12.938926312060383,12.765524532229138,12.888269424438477,137500
2013-04-22,12.923336091044009,12.987631281610785,12.849298979714824,12.958406448364258,77500
2013-04-23,13.036341781338844,13.15519025834758,13.007116944001137,13.10648250579834,94500
2013-04-24,13.09479217361934,13.196105003356934,13.09479217361934,13.196105003356934,109000
2013-04-25,13.069460974308043,13.207792335086063,13.059719054396169,13.13960075378418,458000
2013-04-26,13.133756676611275,13.190258142052675,13.124014756315658,13.16882610321045,225000
2013-04-29,13.192208302232466,13.33054061807274,13.192208302232466,13.30716037750244,177000
2013-04-30,13.254552565267176,13.291571117023468,13.129858593987096,13.285725593566896,926000
2013-05-01,13.277935548704184,13.38509390083014,13.196104706662569,13.203898429870604,351000
2013-05-02,13.205843868836874,13.373400985949155,13.205843868836874,13.353918075561523,280500
2013-05-03,13.427955459322272,13.568235947396804,13.427955459322272,13.517579078674316,153000
2013-05-06,13.529270887298257,13.577979567276454,13.521478093087854,13.572134971618652,132000
2013-05-07,13.605256026992414,13.653964706332983,13.501994072729984,13.558496475219728,137500
2013-05-08,13.490301779052391,13.599409240358176,13.486405382625962,13.589667320251465,63500
2013-05-09,13.51952848535813,13.56239163616999,13.474716207156035,13.486406326293944,258500
2013-05-10,13.554596282097409,13.655910016403164,13.544855291522309,13.650065422058104,92000
2013-05-13,13.624737815942582,13.624737815942582,13.54290791589849,13.568236351013184,255500
2013-05-14,13.620840880857124,13.72215461730957,13.609150762878718,13.72215461730957,217000
2013-05-15,13.71436226421532,13.798140367540164,13.71436226421532,13.796192169189451,127500
2013-05-16,13.800087719856876,13.95595471635346,13.800087719856876,13.866331100463867,146500
2013-05-17,13.850744106323091,13.963747024536133,13.813725556582751,13.963747024536133,180500
2013-05-20,13.942318380157438,13.965698618759594,13.879971386898596,13.901403427124023,169500
2013-05-21,13.936472154070946,13.948162272783248,13.868280569116417,13.87022876739502,1428500
2013-05-22,13.850745295038214,13.957903628350234,13.562390593538758,13.62278938293457,375500
2013-05-23,13.44354162935961,13.650065495309448,13.424057790023673,13.5935640335083,1393500
2013-05-24,13.459131298554569,13.49420166015625,13.340282823674256,13.49420166015625,191000
2013-05-28,13.60135833811967,13.7085166792587,13.574081703249398,13.646170616149902,562000
2013-05-29,13.579926490783691,13.63253249196861,13.453285235388082,13.579926490783691,5744500
2013-05-30,13.574082098953628,13.724104524154196,13.574082098953628,13.69682788848877,488500
2013-05-31,13.577978869609352,13.724104902035664,13.478614245246728,13.540960311889648,3548500
2013-06-03,13.550702673576271,13.56823831830014,13.359765283415006,13.511735916137695,509000
2013-06-04,13.455233593801394,13.54095989733126,13.324695011073018,13.363661766052246,311500
2013-06-05,13.351974165934166,13.392889127026171,13.240918475220813,13.2448148727417,180000
2013-06-06,13.252606527213596,13.346126556396484,13.159086498030703,13.346126556396484,220000
2013-06-07,13.400678880671489,13.55264949798584,13.37924777012968,13.55264949798584,68000
2013-06-10,13.558496019163568,13.558496019163568,13.44354394856432,13.472768783569336,110000
2013-06-11,13.314952149819227,13.416265891418991,13.275985397591676,13.283778190612791,63500
2013-06-12,13.388988647192283,13.388988647192283,13.180515649693156,13.207792282104492,158000
2013-06-13,13.196101118681538,13.346123514099862,13.139599660168424,13.33248519897461,2185500
2013-06-14,13.32274517989341,13.359763734524355,13.229225158691406,13.229225158691406,517000
2013-06-17,13.36171267500228,13.46302642403229,13.31690132472247,13.398731231689451,95000
2013-06-18,13.43769681642701,13.500043804941615,13.408471984918512,13.464973449707031,446000
2013-06-19,13.52731797277607,13.544853611717697,13.416263261667988,13.42405605316162,86000
2013-06-20,13.291570372345069,13.32079520086877,13.106478552974233,13.127909660339355,1576000
2013-06-21,13.092844369898136,13.092844369898136,12.874630312550517,12.99347972869873,771000
2013-06-24,12.905799732804724,12.9194380485184,12.738242619007725,12.83565902709961,572500
2013-06-25,12.901907477685668,12.983737398232345,12.837612274673033,12.931132316589355,335500
2013-06-26,13.009501628058032,13.120627612297667,13.009501628058032,13.085535049438477,475500
2013-06-27,13.153771706952847,13.346779422375294,13.151821345293666,13.305837631225586,838500
2013-06-28,13.255149009410175,13.323384709936493,13.16546862638987,13.253199577331545,212500
2013-07-01,13.321433656380252,13.442306797204122,13.317533863068636,13.327281951904297,100500
2013-07-02,13.311685770880054,13.364324149916184,13.190811698580918,13.276593208312988,201500
2013-07-03,13.198612290092756,13.413065631038906,13.198612290092756,13.354578018188477,33500
2013-07-05,13.44425543557313,13.561229705810549,13.360424293569302,13.561229705810549,127000
2013-07-08,13.617769662830606,13.639214344265651,13.522240058662636,13.547584533691406,283000
2013-07-09,13.588525686260594,13.650912159182178,13.53003900701655,13.6372652053833,719500
2013-07-10,13.625565259887855,13.75033818353637,13.625565259887855,13.74059009552002,792500
2013-07-11,13.857566130369191,14.042776107788086,13.857566130369191,14.042776107788086,188000
2013-07-12,14.021327567603551,14.130504099316433,14.021327567603551,14.091512680053713,815500
2013-07-15,14.105163213114576,14.12660789489746,14.023280561124016,14.12660789489746,52000
2013-07-16,14.136354526962648,14.136354526962648,14.070069197176844,14.08761501312256,62000
2013-07-17,14.142205210267376,14.18119663943417,14.08566703371668,14.12660789489746,171500
2013-07-18,14.18704518378129,14.23578470350008,14.11296118817905,14.1383056640625,63000
2013-07-19,13.97649060962486,14.023279764188606,13.935548821141778,13.982338905334473,202000
2013-07-22,13.98428987615624,13.995987398491684,13.94334901279672,13.9725923538208,91500
2013-07-23,14.019383428377395,14.052526565595128,13.98624029115966,14.00378704071045,115500
2013-07-24,14.142204738106695,14.2221370257856,14.1032133102417,14.1032133102417,126000
2013-07-25,14.155852070280517,14.155852070280517,14.052524737191112,14.14415454864502,58500
2013-07-26,14.075919182881306,14.109062316568556,13.968692983260286,14.107112884521484,57000
2013-07-29,14.066170085064812,14.101261716336332,14.025228299199895,14.07591724395752,32000
2013-07-30,14.112960148626064,14.220187270034916,14.112960148626064,14.17144775390625,61500
2013-07-31,14.214340125232113,14.360558695019982,14.214340125232113,14.294272422790527,118000
2013-08-01,14.358607497344732,14.530170534871656,14.356658065268364,14.51262378692627,374000
2013-08-02,14.48143042296052,14.504825466179454,14.430741472529158,14.491178512573242,147000
2013-08-05,14.459986962112271,14.551617716617862,14.459986962112271,14.518474578857422,199000
2013-08-06,14.506774020645183,14.506774020645183,14.378102220353536,14.426841735839844,529500
2013-08-07,14.407346230029123,14.409295661998907,14.282574217302296,14.383951187133787,853500
2013-08-08,14.442441141903291,14.54576849012878,14.399550842709605,14.518474578857422,1836500
2013-08-09,14.506775024054678,14.567212064623186,14.458035505197138,14.504825592041016,279000
2013-08-12,14.46973319156091,14.604254227953293,14.43464062602868,14.580859184265137,252500
2013-08-13,14.594503658522928,14.649091464768086,14.487277477737248,14.621797561645508,136500
2013-08-14,14.578910120987487,14.623749847833114,14.543817554567628,14.59060764312744,106500
2013-08-15,14.442439239525315,14.442439239525315,14.276725431809432,14.298171043395996,263000
2013-08-16,14.266978142018536,14.34691136712825,14.261129845601005,14.268927574157717,195500
2013-08-19,14.253328726951132,14.33131157683091,14.142203677168345,14.15195083618164,664500
2013-08-20,14.150002405047674,14.296220956134308,14.128557724072982,14.229934692382812,599000
2013-08-21,14.17729451240479,14.319613251921476,14.157799265844524,14.181194305419922,1141000
2013-08-22,14.218238309817128,14.60230336698732,14.136355659708428,14.36835479736328,2899000
2013-08-23,14.46973145237038,14.534067349965438,14.4404881160896,14.467782020568848,261000
2013-08-26,14.448286547862796,14.557463100732662,14.440488820276414,14.456085205078123,150000
2013-08-27,14.280624306539703,14.3098685758966,14.114910498699995,14.140254974365234,290000
2013-08-28,14.175345779469191,14.224085292715689,14.148051875162086,14.153901100158691,173500
2013-08-29,14.126606456355905,14.317664718706023,14.109060640387726,14.276723861694336,163500
2013-08-30,14.37615319277551,14.438539662797009,14.290371680292331,14.30986785888672,224500
2013-09-03,14.405398948415076,14.48338181662105,14.280625987433872,14.348861694335938,331000
2013-09-04,14.348858388268782,14.438538759005644,14.278673265277028,14.403446197509766,502500
2013-09-05,14.407343645851649,14.465831242599345,14.403444782611404,14.411243438720703,87500
2013-09-06,14.426841111022162,14.471680831179908,14.265026186911829,14.389799118041992,209000
2013-09-09,14.426843262797128,14.625699279918267,14.426843262797128,14.59060764312744,217000
2013-09-10,14.697833809373977,14.764119148254396,14.676388197230976,14.764119148254396,98000
2013-09-11,14.775816219104096,14.842101555960122,14.752421175595146,14.818706512451172,169500
2013-09-12,14.791411852737523,14.834303073532526,14.740722904255398,14.75242042541504,156000
2013-09-13,14.779713961024733,14.779713961024733,14.699781676462022,14.742671966552734,29500
2013-09-16,14.8713432252696,14.918133307032312,14.801159032254429,14.81480598449707,161000
2013-09-17,14.8498994232154,14.900588371576962,14.822605517117474,14.879142761230469,209500
2013-09-18,14.945427790165686,15.15598223662112,14.941528926410806,15.152082443237305,160500
2013-09-19,15.161830450301023,15.206671101755518,15.148183497603776,15.20082187652588,48000
2013-09-20,15.24761265888566,15.261259612208567,15.124789149350525,15.15793228149414,588000
2013-09-23,15.124787983086176,15.16572883989797,14.968822283062831,15.035107612609863,145500
2013-09-24,15.00074249329132,15.006600208054891,14.81718679714012,14.908965110778809,773500
2013-09-25,14.910917680467806,15.03198549903511,14.908965108880198,14.955829620361328,380000
2013-09-26,15.014411536142129,15.113999205739722,15.012458964539888,15.039796829223633,164000
2013-09-27,15.012458153978802,15.065181308897394,14.957781496437262,14.973403930664062,147000
2013-09-30,14.830853726451304,14.928489741667669,14.744935001431996,14.895293235778809,219500
2013-10-01,14.895292822555785,15.035888196381425,14.895292822555785,15.000740051269531,783000
2013-10-02,14.938251539245984,15.053461612156816,14.899197324587698,15.031981468200684,277500
2013-10-03,15.002693580857349,15.01440994035172,14.739076888923131,14.826949119567873,157500
2013-10-04,14.785941291437094,15.037841606236292,14.785941291437094,15.010502815246582,1883000
2013-10-07,14.889435751299992,14.97340283741539,14.817185024436188,14.819138526916504,1232000
2013-10-08,14.791802357340956,14.821093726226676,14.44421945424932,14.48717975616455,305000
2013-10-09,14.512564240286688,14.512564240286688,14.32119825743127,14.42078685760498,335000
2013-10-10,14.41687934749798,14.678543468343394,14.41687934749798,14.676589965820312,695000
2013-10-11,14.64925247032629,14.80156421661377,14.64925247032629,14.80156421661377,115500
2013-10-14,14.678544731448309,14.867957209021382,14.64730079302952,14.858194351196287,200500
2013-10-15,14.819140041993103,14.823045185100868,14.61801027392478,14.623867988586426,990000
2013-10-16,14.672683925771702,14.82694823021403,14.672683925771702,14.770319938659668,247500
2013-10-17,14.713693500855468,14.850383758544922,14.713693500855468,14.850383758544922,749000
2013-10-18,14.883580224006124,14.985120467228608,14.881626721238788,14.977310180664062,125000
2013-10-21,15.0768979282098,15.110093506478664,14.998789480237464,15.037843704223633,146500
2013-10-22,15.11595253186342,15.133526607204452,14.951924414551158,15.035890579223633,211000
2013-10-23,14.983166255853453,14.983166255853453,14.817185579880936,14.867956161499023,215500
2013-10-24,14.826950586205582,14.973404628808971,14.815234225552263,14.908965110778809,1275500
2013-10-25,15.035888570139996,15.104234153044754,14.924584555975526,14.951922416687012,150500
2013-10-28,14.98316580794048,14.985118379309558,14.8289014962704,14.92653751373291,5185000
2013-10-29,14.953876177746931,15.002694189098316,14.86014622911804,14.969497680664062,102000
2013-10-30,15.065183129450256,15.08470977790426,14.879674847942889,14.912871360778809,237000
2013-10-31,14.918726530975745,14.979260899996394,14.883578383529247,14.897247314453123,74500
2013-11-01,14.946064145565115,14.98707186878443,14.8406178427179,14.903104782104492,217500
2013-11-04,14.963637942665756,15.067131665794392,14.926536296301116,15.059320449829102,247500
2013-11-05,14.994883406050544,15.04955913340595,14.942160250225523,15.037843704223633,194500
2013-11-06,15.1218095935469,15.199918040107873,15.096424301858276,15.19406032562256,154500
2013-11-07,15.315126429744067,15.344416861154963,14.961685888157978,14.967543601989746,260500
2013-11-08,15.008547647793222,15.155001640319824,14.987068436544972,15.155001640319824,91000
2013-11-11,15.184296783352824,15.238972510607274,15.0925194037111,15.235067367553713,64000
2013-11-12,15.250689198708386,15.293648566599416,15.21554011709236,15.289743423461914,107000
2013-11-13,15.237020782529386,15.445960845479204,15.237020782529386,15.442055702209473,114000
2013-11-14,15.383470627400268,15.387376700965865,15.289740690967903,15.37370777130127,131500
2013-11-15,15.404952461533975,15.436196397853264,15.363945668045632,15.426432609558104,53500
2013-11-18,15.447912572706134,15.447912572706134,15.274121602062191,15.305364608764648,1307000
2013-11-19,15.276072904128196,15.276072904128196,15.086659514747383,15.10032844543457,483000
2013-11-20,15.127669793214524,15.25459533357049,15.125716290392608,15.139385223388672,119500
2013-11-21,15.22335174293009,15.32098777299653,15.22335174293009,15.311223983764648,34500
2013-11-22,15.367851209552432,15.424480438232422,15.356134849519544,15.424480438232422,111000
2013-11-25,15.379565455381613,15.379565455381613,15.297551877551776,15.326842308044434,51000
2013-11-26,15.31317813502667,15.346374649389,15.237022247189222,15.303414344787598,224500
2013-11-27,15.330747688496643,15.36589676430914,15.324889974757566,15.344416618347168,68000
2013-11-29,15.320988896591691,15.39519127926768,15.320988896591691,15.361995697021484,298000
2013-12-02,15.342467623152736,15.369805489225747,15.244832520195724,15.256548881530762,226500
2013-12-03,15.242878738098389,15.30536475208844,15.215539943070048,15.238972663879396,268500
2013-12-04,15.238971841304586,15.38347237032745,15.2155391217601,15.3463716506958,363000
2013-12-05,15.336609908048333,15.336609908048333,15.217494654122712,15.256548881530762,341000
2013-12-06,15.38152030523888,15.469392540860367,15.3561350134177,15.451818466186523,446000
2013-12-09,15.496730959220187,15.504542176647297,15.416669937878565,15.453771591186523,324500
2013-12-10,15.428387792640136,15.438151582588064,15.352231907073556,15.361995697021484,226000
2013-12-11,15.354181739743504,15.377614458987772,15.072990971064462,15.074943542480469,354000
2013-12-12,15.053466287380552,15.053466287380552,14.969499187667934,14.97145175933838,295500
2013-12-13,15.102282234677196,15.217492327585909,15.102282234677196,15.211633682250977,585500
2013-12-16,15.240924364447014,15.26630965535208,15.21163393067228,15.252640724182127,188500
2013-12-17,15.252640595405206,15.309269822167826,15.19796487118703,15.29560089111328,108000
2013-12-18,15.281932814021497,15.502589225769045,15.172580428348382,15.502589225769045,394500
2013-12-19,15.510399522914367,15.61194069142374,15.510399522914367,15.52602195739746,187000
2013-12-20,15.57874400100274,15.764251318766036,15.57874400100274,15.742772102355955,401500
2013-12-23,15.832666256126178,15.887382710030394,15.815079090748316,15.861977577209473,122000
2013-12-24,15.869793269204733,15.92450971526358,15.86588521786327,15.914738655090332,44000
2013-12-26,15.967499869233254,15.981180844152007,15.918646432845811,15.938188552856444,95000
2013-12-27,15.963595247938647,15.989000382138912,15.908878791063668,15.92451286315918,60000
2013-12-30,15.883473669437953,15.996814622093115,15.871747650822988,15.99290657043457,131000
2013-12-31,16.01244616268258,16.069115698237713,16.00658315430135,16.03784942626953,124500
2014-01-02,15.946004655405044,15.969454826689974,15.879564056463686,15.938188552856444,639500
2014-01-03,15.93623179478788,15.973361073157244,15.90301056725125,15.942094802856444,112500
2014-01-06,15.928415395069624,15.963589715544972,15.824843663565035,15.832661628723145,238000
2014-01-07,15.901062773027686,16.0867092267452,15.897154720892509,16.061304092407227,90500
2014-01-08,16.053483524982795,16.135558187921937,15.979224964140991,16.104291915893555,89000
2014-01-09,16.159012064055872,16.159012064055872,15.967502609634568,16.033945083618164,307000
2014-01-10,16.05739189377131,16.125787447573988,15.975317229208091,16.116016387939453,129000
2014-01-13,16.10038727255617,16.116019480059464,15.80530792407808,15.85806941986084,530500
2014-01-14,15.858066377232737,16.116016387939453,15.826800104585663,16.116016387939453,351500
2014-01-15,16.16878360630386,16.40328350272953,16.16878360630386,16.38374137878418,2417000
2014-01-16,16.368109170539512,16.43845783491955,16.332932974709976,16.38374137878418,441500
2014-01-17,16.409146301638923,16.41500744783555,16.30362144278627,16.375925064086914,155500
2014-01-21,16.434548050557993,16.50685166516714,16.303619933931685,16.389602661132812,6153500
2014-01-22,16.43845515796952,16.454089227307747,16.36419658998157,16.422822952270508,319000
2014-01-23,16.311434366322413,16.334884537454958,16.20004651935261,16.330976486206055,3645500
2014-01-24,16.295797601812378,16.309476710740114,16.04175567626953,16.04175567626953,194000
2014-01-27,16.024171031868754,16.024171031868754,15.69000935743058,15.764267921447754,256000
2014-01-28,15.817029492983258,15.998767852783203,15.817029492983258,15.998767852783203,226000
2014-01-29,15.89324147067957,15.977269223202445,15.809211854517754,15.846341133117676,311500
2014-01-30,15.908872991604072,16.1590068721106,15.908872991604072,16.119922637939453,1553000
2014-01-31,16.020260434657214,16.131648262980836,15.932322773540612,16.03980255126953,222000
2014-02-03,16.031992174492842,16.090616681623548,15.492640931607964,15.574715614318848,816000
2014-02-04,15.639201886526264,15.748634781577383,15.584484507181092,15.697826385498049,667500
2014-02-05,15.668513141688582,15.75645082161507,15.504363799766717,15.729092597961426,421000
2014-02-06,15.766220968538532,15.87565385681272,15.766220968538532,15.828755378723145,203000
2014-02-07,15.928424399019551,16.13361115717765,15.906929175871545,16.114070892333984,103500
2014-02-10,16.119925088146044,16.139467208201992,16.020263257683336,16.137514114379883,149500
2014-02-11,16.14923809855809,16.30166327884258,16.14923809855809,16.26453399658203,281000
2014-02-12,16.30361998789582,16.3446573258076,16.23326946705878,16.325115203857422,205500
2014-02-13,16.260629276761428,16.59088296988616,16.254766266877223,16.581111907958984,431000
2014-02-14,16.565479953748053,16.614333400493386,16.5127165912603,16.588930130004883,216500
2014-02-18,16.606512993649353,16.715945878734864,16.579154772377976,16.704221725463867,212500
2014-02-19,16.698363647330122,16.747217095842213,16.598701792364032,16.61042594909668,407000
2014-02-20,16.633874880537807,16.776529026786502,16.547892146685275,16.76675796508789,271500
2014-02-21,16.813656351467618,16.89768598134703,16.813656351467618,16.83124351501465,148500
2014-02-24,16.848832244480832,16.977807273998227,16.774573668256945,16.885961532592773,492000
2014-02-25,16.90940829496798,16.90940829496798,16.782388248832746,16.83319664001465,1456500
2014-02-26,16.893778661777215,17.0325228822367,16.86055742717171,16.9230899810791,147500
2014-02-27,16.944584177889,17.161496873145094,16.944584177889,17.1517276763916,78000
2014-02-28,17.181040531807927,17.208398757900653,16.77262023448685,16.940677642822266,1963000
2014-03-03,16.796068771171225,16.796068771171225,16.592835189361033,16.751121520996094,1020000
2014-03-04,16.966079190020846,17.182991858860564,16.966079190020846,17.145862579345703,369000
2014-03-05,17.122416640608968,17.163453981216676,17.093103455757987,17.1614990234375,325500
2014-03-06,17.186902841974163,17.19471894521423,17.1067812610259,17.114599227905273,199500
2014-03-07,17.1497715262833,17.1497715262833,16.864463291757467,16.91331672668457,89500
2014-03-10,16.91722758156858,16.923090591096027,16.747215214387737,16.811702728271484,138000
2014-03-11,16.844920976019882,16.934813606150605,16.727671988105623,16.77457046508789,318500
2014-03-12,16.6944527525789,16.846877945987984,16.57524879304858,16.84296989440918,105500
2014-03-13,16.907457598647724,16.919181753518725,16.457998116418487,16.518577575683594,223000
2014-03-14,16.508805549206976,16.608467382518857,16.479492368285037,16.485355377197266,118500
2014-03-17,16.583067372995036,16.780437984497883,16.583067372995036,16.665142059326172,298000
2014-03-18,16.710081768108385,16.952399556116593,16.704220623679003,16.9309024810791,148000
2014-03-19,16.903546889715557,16.903546889715557,16.64559685827194,16.75698471069336,316000
2014-03-20,16.76285063149773,16.874238503268003,16.661233821844803,16.858604431152344,154000
2014-03-21,16.87227795480386,16.87227795480386,16.46776580810547,16.46776580810547,335500
2014-03-24,16.551795213404656,16.555703264179144,16.162915274940236,16.32901954650879,569500
2014-03-25,16.4092206717643,16.546142885101265,16.17645290909145,16.305551528930664,354500
2014-03-26,16.413132743942942,16.42682496550641,16.023881912231445,16.023881912231445,725000
2014-03-27,15.996493903703874,16.119723870308796,15.8380540427655,16.02974510192871,2641500
2014-03-28,16.080606466900484,16.209705094547704,16.004321762120473,16.03952980041504,1684500
2014-03-31,16.098208604593868,16.32902138858878,16.098208604593868,16.28598976135254,737500
2014-04-01,16.32510895524436,16.569613950263086,16.323153989769054,16.559833526611328,556000
2014-04-02,16.602863351641357,16.604820182109663,16.43073129114273,16.48158836364746,5123000
2014-04-03,16.501154041574893,16.501154041574893,16.06104613801869,16.092342376708984,512500
2014-04-04,16.17253834575464,16.203836448852176,15.708957811902296,15.773507118225098,783500
2014-04-07,15.701134294043827,15.791111210961052,15.433155710716672,15.57007884979248,388500
2014-04-08,15.577902250442746,15.775461019906448,15.48988030544542,15.730472564697266,292000
2014-04-09,15.78328471431291,16.035613266884514,15.74611985579056,16.01996421813965,342500
2014-04-10,15.992580791023352,15.992580791023352,15.421417524455542,15.46836280822754,1327000
2014-04-11,15.360779856305538,15.464449906630495,15.139746604940624,15.178868293762209,13065500
2014-04-14,15.25906771261622,15.444891095418946,15.204297900683423,15.345132827758787,1900000
2014-04-15,15.372520308733227,15.554431920176652,15.176915542893925,15.513355255126951,807000
2014-04-16,15.591595034172984,15.712869117253216,15.497704458665664,15.701133728027344,323500
2014-04-17,15.628756306506377,15.818492390732336,15.552471625954066,15.787196159362791,274500
2014-04-21,15.798933422774969,15.869351350787412,15.689395667261165,15.806758880615234,344000
2014-04-22,15.840015602813631,15.986720137002663,15.802852593173812,15.926082611083984,330500
2014-04-23,15.890869940512909,15.890869940512909,15.669837560030476,15.722651481628418,9775500
2014-04-24,15.875222183535708,15.890869370540296,15.501618545135,15.66983699798584,582500
2014-04-25,15.579858993444748,15.630716078524982,15.380342449603043,15.399903297424316,271000
2014-04-28,15.480100470811202,15.484012267227076,15.024343543422624,15.210166931152344,1900500
2014-04-29,15.255156583385666,15.380343405628109,15.198431800060638,15.358827590942385,655500
2014-04-30,15.307970229188705,15.521178070151024,15.23950819149452,15.517266273498535,485000
2014-05-01,15.484012939062348,15.74221110067653,15.47423251488575,15.552474975585938,532000
2014-05-02,15.595505161161476,15.687439828623342,15.521175441078984,15.542692184448242,319000
2014-05-05,15.446845437601375,15.58768035049032,15.374472549554056,15.536823272705078,529500
2014-05-06,15.501616715744593,15.552473798358218,15.30210018157959,15.30210018157959,221500
2014-05-07,15.388169245015204,15.419465486890331,15.104543438760135,15.325575828552246,1092000
2014-05-08,15.237551425230656,15.56225384670716,15.173002120578325,15.272760391235352,556000
2014-05-09,15.28253951462194,15.39990179193862,15.165176304592794,15.347088813781738,565000
2014-05-12,15.456628455330964,15.771550464714217,15.442936234606153,15.736342430114746,393500
2014-05-13,15.750035244117113,15.78328831439429,15.59941987775817,15.6052885055542,5757500
2014-05-14,15.581815493755016,15.662012920953371,15.485969014609951,15.515310287475586,417500
2014-05-15,15.493794249504926,15.493794249504926,15.266893245734291,15.44880485534668,2139000
2014-05-16,15.497703404868142,15.626802004699844,15.36273711082249,15.617022514343262,1347000
2014-05-19,15.570076615183968,15.822405177960771,15.550515769817965,15.80871295928955,161500
2014-05-20,15.781330714416704,15.82436420711549,15.618979965801056,15.691353797912598,203000
2014-05-21,15.693306574957344,15.746120484332748,15.62484548163729,15.72655963897705,425000
2014-05-22,15.67570665553094,15.928035284094788,15.669838027306096,15.877178192138672,224000
2014-05-23,15.886953940946178,16.037570206688315,15.810669258179567,16.021921157836914,368500
2014-05-27,16.06300477883074,16.213619244468013,16.057136149788196,16.172542572021484,1428000
2014-05-28,16.186230988764397,16.186230988764397,15.996496726800226,16.00823211669922,6064500
2014-05-29,16.04931192727786,16.160806547599417,16.04931192727786,16.158849716186523,138000
2014-05-30,16.1568938678513,16.1568938678513,15.90847702496026,15.974981307983398,454500
2014-06-02,15.984761143483952,15.984761143483952,15.804805421566288,15.90065097808838,290000
2014-06-03,15.83609597852354,15.857613652669208,15.736338660769931,15.798931121826172,293500
2014-06-04,15.744166336585652,15.85174913895025,15.697221045902005,15.804803848266602,462000
2014-06-05,15.849795032533924,16.010191780846565,15.77937894982894,15.986719131469728,417500
2014-06-06,16.051263078566404,16.20970107704919,16.051263078566404,16.199920654296875,247500
2014-06-09,16.17841002501603,16.293816438860144,16.1432019841714,16.229267120361328,892000
2014-06-10,16.21361298568963,16.24686605019351,16.166669567747284,16.24295425415039,152000
2014-06-11,16.184278752142006,16.284036112092654,16.168629697546088,16.272300720214844,492500
2014-06-12,16.264471160509736,16.2742515839887,16.09625272677665,16.143198013305664,2300500
2014-06-13,16.180368276554393,16.309466924883342,16.119730750002063,16.3016414642334,492500
2014-06-16,16.25078076676108,16.428781509399414,16.199923678210876,16.428781509399414,492000
2014-06-17,16.391610528650837,16.667411683353595,16.383786938076515,16.624378204345703,3566000
2014-06-18,16.741746374234065,16.818031068605674,16.645900832178672,16.812164306640625,3471500
2014-06-19,16.861062008059996,16.902138662722848,16.718271199348706,16.79846954345703,444000
2014-06-20,16.72218894958496,16.724145780923948,16.608739367561057,16.72218894958496,701000
2014-06-23,16.733920248211863,16.802381339316614,16.681106340545437,16.79846954345703,301000
2014-06-24,16.78535447178346,16.86561918414416,16.671806536719078,16.69529914855957,340000
2014-06-25,16.67181158817228,16.769697189331055,16.624826350255063,16.769697189331055,318500
2014-06-26,16.754030147476925,16.7677340157957,16.64439920092672,16.742284774780273,274500
2014-06-27,16.71683391604276,16.81276286271676,16.71683391604276,16.81080436706543,185000
2014-06-30,16.8284220049104,16.87149210266327,16.78143678318216,16.836254119873047,2600500
2014-07-01,16.840171806899452,17.09663020293184,16.840171806899452,17.03006935119629,1022500
2014-07-02,17.03789974620209,17.061392360842877,16.96350677767497,16.975252151489258,304000
2014-07-03,17.01244891973763,17.0555190251334,16.96742218551292,17.043773651123047,566000
2014-07-07,17.004617893374643,17.004617893374643,16.830382717936512,16.838212966918945,163500
2014-07-08,16.826470982492424,16.826470982492424,16.413394459770124,16.511280059814453,745000
2014-07-09,16.550432782765053,16.611120016819076,16.452547196110135,16.509319305419922,1646500
2014-07-10,16.32138074816032,16.587627909039945,16.229368779311667,16.489744186401367,222000
2014-07-11,16.50344669105487,16.50344669105487,16.42318010344152,16.481910705566406,190500
2014-07-14,16.583711280645012,16.693344101960793,16.564135658099485,16.615036010742188,127500
2014-07-15,16.62286397476649,16.66789070095004,16.45841569890411,16.534767150878906,197000
2014-07-16,16.615036242473966,16.66006297547492,16.542599903502655,16.605247497558594,167500
2014-07-17,16.587627476735396,16.693345180371566,16.45450389976503,16.47603988647461,76500
2014-07-18,16.509317355627275,16.66397690033857,16.509317355627275,16.65418815612793,2948500
2014-07-21,16.61307019826011,16.673759268953006,16.51126953780971,16.616985321044922,177500
2014-07-22,16.671811627501672,16.810808845412772,16.65615112616736,16.73641586303711,168500
2014-07-23,16.783398593880364,16.783398593880364,16.644401396733333,16.665935516357422,152000
2014-07-24,16.703128702639063,16.84604099630551,16.703128702639063,16.836254119873047,268500
2014-07-25,16.787313348555184,16.840172199028313,16.75207535958126,16.808849334716797,766000
2014-07-28,16.824505458647078,16.846039572197135,16.677678053417562,16.78339385986328,134000
2014-07-29,16.799060589554653,16.879325312664648,16.7677358582309,16.808849334716797,100000
2014-07-30,16.88715853725693,16.988959253209423,16.844088429119378,16.98308563232422,63500
2014-07-31,16.842123272428836,16.912601094141607,16.60915756225586,16.60915756225586,158000
2014-08-01,16.591544383457368,16.648316492734168,16.358576724694267,16.431011199951172,178000
2014-08-04,16.462335720652945,16.63461240916194,16.409476869784157,16.597415924072266,466000
2014-08-05,16.540645211423904,16.68159904728231,16.495616606138487,16.57196807861328,366000
2014-08-06,16.47408461385296,16.648319835433334,16.462339237268814,16.56218147277832,183500
2014-08-07,16.61894856550459,16.660060167011462,16.43688130139255,16.499528884887695,256000
2014-08-08,16.528896574436615,16.59937441992425,16.477996219419808,16.597415924072266,90000
2014-08-11,16.634612813513794,16.752075892181793,16.634612813513794,16.72270965576172,2078500
2014-08-12,16.663975140674072,16.71291698954713,16.55434420431084,16.632652282714844,108000
2014-08-13,16.71683449550038,16.812763445499577,16.69725887336882,16.802974700927734,94000
2014-08-14,16.82646444393125,16.847998558108344,16.77752072942176,16.842124938964844,137500
2014-08-15,16.934137057635642,16.934137057635642,16.6620163499779,16.787309646606445,202500
2014-08-18,16.873452192704463,16.99482851545863,16.873452192704463,16.99091339111328,395000
2014-08-19,17.016364994058165,17.14165644479634,17.016364994058165,17.127952575683594,164500
2014-08-20,17.12012126311768,17.12012126311768,17.00070157298138,17.077051162719727,111500
2014-08-21,17.079008789244874,17.169064109674004,17.053559549631117,17.161231994628906,108500
2014-08-22,17.192557407083072,17.331554598880203,17.180812033288987,17.2767391204834,224000
2014-08-25,17.315889579483503,17.315889579483503,17.137737454195406,17.19451141357422,65500
2014-08-26,17.196471490539288,17.27477957029352,17.194512995065377,17.270862579345703,60000
2014-08-27,17.2728208178946,17.304143675928003,17.176893748349613,17.202342987060547,1842500
2014-08-28,17.143612056302494,17.165146170710457,17.071177598466033,17.12207794189453,79500
2014-08-29,17.1573145168043,17.3530856268711,17.1573145168043,17.292396545410156,121000
2014-09-02,17.33938608117873,17.437269793587525,17.28457060478592,17.429439544677734,3329500
2014-09-03,17.476422195017886,17.48033731889544,17.382451753909102,17.425521850585938,3343500
2014-09-04,17.468597878495544,17.50775099757689,17.34330453681275,17.370712280273438,63500
2014-09-05,17.372661493470375,17.50970201928758,17.364831246399117,17.505786895751953,166500
2014-09-08,17.501874777618372,17.631083225323454,17.46467829315708,17.556692123413086,104000
2014-09-09,17.544946271843795,17.544946271843795,17.411822688971576,17.419652938842773,165000
2014-09-10,17.443145215952192,17.53515718469113,17.407907225205307,17.529285430908203,71000
2014-09-11,17.460767728908067,17.619342453239593,17.460767728908067,17.61738395690918,293500
2014-09-12,17.607594028299268,17.607594028299268,17.37266785995223,17.39811897277832,216000
2014-09-15,17.36483577849455,17.36483577849455,17.08096964445163,17.14165687561035,210500
2014-09-16,17.127949548724505,17.276735453946884,17.084881320274096,17.25520133972168,140500
2014-09-17,17.194514828315185,17.24541517893294,17.092714127079674,17.14752960205078,3172000
2014-09-18,17.190604998802446,17.294362360666664,17.190604998802446,17.290447235107422,114000
2014-09-19,17.351127327459245,17.374619935612877,17.11816160820229,17.204299926757812,136500
2014-09-22,17.135785182668677,17.135785182668677,16.932183768866388,17.03006935119629,108000
2014-09-23,16.985039400573697,17.04964361839288,16.910646438598633,16.910646438598633,137500
2014-09-24,16.926125262926362,17.1161306159898,16.86932092542486,17.09262466430664,130000
2014-09-25,17.057366854242247,17.067161156554896,16.755708694458008,16.755708694458008,260500
2014-09-26,16.785085415784206,16.883026534745436,16.74003126813487,16.87714958190918,157000
2014-09-29,16.7459114482085,16.973134364928473,16.714570807161014,16.95550537109375,280500
2014-09-30,16.95158659432399,17.0005562250748,16.869316717988237,16.93983268737793,318000
2014-10-01,16.908493935254707,16.908493935254707,16.644053416327854,16.67539405822754,232500
2014-10-02,16.675391124504188,16.798797799135414,16.520645681558623,16.7694149017334,344000
2014-10-03,16.86148046309574,17.03581451869308,16.86148046309574,17.006433486938477,389500
2014-10-06,17.073033875323656,17.127882334281015,16.918288403621375,16.973134994506836,1177000
2014-10-07,16.82622084879387,16.884984774685773,16.63229821208622,16.640132904052734,666500
2014-10-08,16.667554376164293,16.95745849609375,16.485385665346122,16.95745849609375,364000
2014-10-09,16.90457260070558,17.0025137181005,16.62250315400536,16.642091751098633,407500
2014-10-10,16.597045905916328,16.67735807332756,16.08775520324707,16.08775520324707,810500
2014-10-13,16.072075117157098,16.179810527817825,15.846811865840433,15.874235153198242,613000
2014-10-14,15.978057525935752,16.064246635006263,15.83898329662192,15.868364334106444,263000
2014-10-15,15.662684761354198,16.019190348045978,15.25525180664031,15.940835952758787,440500
2014-10-16,15.709700725649029,16.01527433522281,15.709700725649029,15.923210144042969,2115500
2014-10-17,16.115176790273186,16.350234443731722,16.079916928007492,16.2170352935791,1177000
2014-10-20,16.123011534039296,16.313016891479492,16.02115303042336,16.313016891479492,1621500
2014-10-21,16.432500720779917,16.66364097595215,16.432500720779917,16.66364097595215,3473500
2014-10-22,16.64209719927972,16.64209719927972,16.356110313150616,16.36394500732422,297500
2014-10-23,16.442291725193005,16.75961914360969,16.442291725193005,16.647966384887695,183500
2014-10-24,16.716527059425605,16.959419313883835,16.69693846217551,16.94962501525879,138500
2014-10-27,16.87127960007395,16.95159176178186,16.804680956674048,16.91241455078125,774000
2014-10-28,16.975090353742416,17.25324058532715,16.975090353742416,17.25324058532715,4261000
2014-10-29,17.245410271817985,17.272833567359676,17.11612848767233,17.17489242553711,105000
2014-10-30,17.127880870968074,17.368813555181834,17.127880870968074,17.337472915649414,178500
2014-10-31,17.552947490072466,17.63717512634512,17.552947490072466,17.621505737304688,207500
2014-11-03,17.643050000501418,17.72531988747741,17.609749750609634,17.641090393066406,178500
2014-11-04,17.60779032502802,17.70377185064163,17.58820172484148,17.664594650268555,902000
2014-11-05,17.79779644267578,17.79779644267578,17.6077911220238,17.66263771057129,3659000
2014-11-06,17.67635056239479,17.8820252834651,17.67635056239479,17.866355895996094,4349000
2014-11-07,17.89377973112046,17.97017266751278,17.84872743868212,17.946666717529297,666500
2014-11-10,17.946666430405493,18.03873062133789,17.92707969579262,18.03873062133789,131000
2014-11-11,18.05244109548725,18.060277656894687,17.993677159326648,18.046566009521484,144500
2014-11-12,17.976046805197477,18.04656464409785,17.97016985160452,18.02109909057617,99000
2014-11-13,18.04068606561246,18.13079062825429,17.97212784010856,18.034809112548828,125500
2014-11-14,18.04656488571269,18.10532881821391,17.995635646059185,18.09749412536621,67500
2014-11-17,18.06419278387139,18.113162413309297,17.960374703608494,17.979963302612305,141500
2014-11-18,17.991716090956,18.11512089448078,17.991716090956,18.03089141845703,88500
2014-11-19,18.009347890177374,18.009347890177374,17.756659422700984,17.850683212280273,193000
2014-11-20,17.754696849083423,17.86830734049722,17.709644573873753,17.838926315307617,146000
2014-11-21,18.115123307100703,18.15038129335453,17.91532369282824,17.96233558654785,132500
2014-11-24,17.962334812199828,18.01718139648437,17.913365181394816,18.01718139648437,160000
2014-11-25,18.02893573999832,18.14842321123604,18.02893573999832,18.064193725585938,71500
2014-11-26,18.07007264980853,18.16213683827985,18.02306075185044,18.16017723083496,73500
2014-11-28,18.15038221610468,18.32667589247996,18.15038221610468,18.205228805541992,44500
2014-12-01,18.154299213290223,18.203270715824992,18.079864023894824,18.095535278320312,178000
2014-12-02,18.10728918615738,18.15234147403192,18.023059696255025,18.095535278320312,476000
2014-12-03,18.097497022275626,18.19151895571353,17.995638526663864,18.171932220458984,88500
2014-12-04,18.14646395946413,18.20327015342067,18.09749432651413,18.173887252807617,773500
2014-12-05,18.185644776548653,18.23069707199004,18.164096564585453,18.20327377319336,59500
2014-12-08,18.1601787349352,18.197396334895213,17.844808939078643,17.901615142822266,113500
2014-12-09,17.72531822776574,17.929035186767578,17.61562505540221,17.929035186767578,135500
2014-12-10,17.901609418844654,17.938827006904475,17.564693387397117,17.574487686157227,119000
2014-12-11,17.607792379859994,17.874190648427394,17.56273822055878,17.592121124267578,3082000
2014-12-12,17.543152616025093,17.727281007752993,17.52944096702561,17.54119300842285,184000
2014-12-15,17.639130167579793,17.7488233347539,17.429536264810718,17.507888793945312,230500
2014-12-16,17.404070763979572,17.601910739293523,17.27478901099506,17.27674674987793,255500
2014-12-17,17.31397005058213,17.69985769798532,17.27675245074085,17.646968841552734,108000
2014-12-18,17.93686909027022,18.263992721856816,17.93686909027022,18.258115768432617,256000
2014-12-19,18.33842714633458,18.5264728354846,18.32863284705666,18.418737411499023,98000
2014-12-22,18.422656752503407,18.520597887816667,18.422656752503407,18.461833953857425,105500
2014-12-23,18.540190447243337,18.68514163983128,18.52843653709869,18.600914001464844,235000
2014-12-24,18.631683998967727,18.7316534036525,18.612081568436388,18.6414852142334,44000
2014-12-26,18.670891594715776,18.731658022712995,18.66501235961914,18.66501235961914,54000
2014-12-29,18.61992218081536,18.63364350859504,18.508192437118435,18.51995277404785,201500
2014-12-30,18.46899087494334,18.523876195867945,18.298453807958744,18.33177757263184,170500
2014-12-31,18.38273995899138,18.480750246766508,18.19063949584961,18.19063949584961,128000
2015-01-02,18.261206152907807,18.357255444657863,17.95737595946978,18.09458923339844,175500
2015-01-05,18.02206264700213,18.041665077566307,17.82800307095437,17.871126174926758,212000
2015-01-06,17.914252933734943,17.95541692038797,17.48104964367863,17.561416625976562,264000
2015-01-07,17.700588458807363,17.745674421243738,17.5692562917535,17.669225692749023,158000
2015-01-08,17.82604628556869,18.08283332612353,17.82604628556869,18.045589447021484,149000
2015-01-09,18.08282906011668,18.09850950905549,17.829962192376385,17.871126174926758,271500
2015-01-12,17.900533337700754,17.929936989323974,17.696672506318254,17.784881591796875,151500
2015-01-13,17.906410935003436,18.18279847632456,17.577097205004115,17.73783302307129,508000
2015-01-14,17.573180436180262,17.680991955471757,17.447727473769856,17.637866973876953,210500
2015-01-15,17.714312081251872,17.714312081251872,17.3555965423584,17.3555965423584,144000
2015-01-16,17.36540245263718,17.77704429626465,17.36540245263718,17.77704429626465,216500
2015-01-20,17.81231921581848,17.89660816445965,17.584935901307865,17.824081420898438,484500
2015-01-21,17.759394954374834,17.900528330023914,17.728030320327914,17.778995513916016,145000
2015-01-22,17.875046249218784,18.13379232300664,17.702548243563392,18.10830879211425,197000
2015-01-23,18.12203431973853,18.32785612763867,18.12203431973853,18.253368377685547,418500
2015-01-26,18.22396713857329,18.290614671891053,18.096555045890163,18.278852462768555,213500
2015-01-27,17.975015264310358,18.02793957680144,17.708428972511992,17.859363555908203,204000
2015-01-28,17.951495323279072,17.975017866477177,17.620222466441025,17.631982803344727,230500
2015-01-29,17.6809916143547,17.91033410925792,17.563378880179336,17.877010345458984,1906500
2015-01-30,17.782918740115203,17.79468094729032,17.530053718540273,17.54769515991211,235000
2015-02-02,17.582981854701906,17.755478044274575,17.28895094491891,17.739797592163086,343500
2015-02-03,17.83388371464663,18.051465850696392,17.818203264468046,18.037744522094727,481500
2015-02-04,17.96130249530692,18.19260602230417,17.96130249530692,18.08871459960937,271000
2015-02-05,18.218083560110944,18.37489928491458,18.200442118213942,18.35725784301757,351500
2015-02-06,18.343530686292368,18.392536753094124,18.178874788375204,18.239641189575195,519500
2015-02-09,18.18279913140653,18.216122890708885,18.125952828443143,18.14751625061035,145000
2015-02-10,18.24944959124493,18.361179354903708,18.15731852324602,18.33177757263184,218500
2015-02-11,18.331776312284475,18.41606527907695,18.2945324371618,18.37097930908203,193500
2015-02-12,18.50427196297609,18.68069011702521,18.480751287201016,18.67088890075684,180000
2015-02-13,18.70421739326532,18.92963981628418,18.700297279644577,18.92963981628418,94500
2015-02-17,18.92571663985887,18.92571663985887,18.79242345136829,18.89435386657715,148000
2015-02-18,18.89827126609527,18.990400450914606,18.868869488223822,18.974720001220703,940000
2015-02-19,18.957076222796395,19.05508650852447,18.896311677647887,19.03744506835937,117000
2015-02-20,19.06097145816124,19.23934875605763,19.02372757945668,19.229549407958984,259500
2015-02-23,19.20602391607537,19.20602391607537,19.03744599211626,19.074689865112305,141000
2015-02-24,19.07272965930616,19.102133308478983,18.978641346856705,19.09821319580078,174500
2015-02-25,19.057047895222528,19.198181288865538,19.057047895222528,19.1825008392334,615500
2015-02-26,19.37460388552081,19.454972751223053,19.28247467989176,19.35500144958496,154500
2015-02-27,19.34912167833258,19.39420578422321,19.253070492664108,19.270713806152344,197500
2015-03-02,19.21190263924023,19.351076911535788,19.15309721427009,19.345197677612305,184000
2015-03-03,19.300110336689187,19.300110336689187,19.060966672038965,19.10409164428711,359500
2015-03-04,19.0472463972574,19.078609165447684,18.82378316879402,18.88846969604492,165500
2015-03-05,18.915912982089715,19.04136592842118,18.841427106177733,19.03156471252441,182500
2015-03-06,18.941394965031776,18.96491750737815,18.684607989996604,18.717931747436523,277500
2015-03-09,18.70029141100236,18.861027235357565,18.694410307721228,18.82770347595215,122500
2015-03-10,18.663041038961907,18.663041038961907,18.431737663967183,18.433698654174805,261000
2015-03-11,18.44938553374701,18.53955559633876,18.37097767772368,18.398420333862305,124000
2015-03-12,18.40822198201336,18.60228157043457,18.40822198201336,18.60228157043457,90500
2015-03-13,18.557199646971693,18.65324895696676,18.47291067580845,18.62972640991211,228500
2015-03-16,18.69048949649276,18.89435028830265,18.69048949649276,18.89238929748535,129000
2015-03-17,18.82182103424968,18.949233077484564,18.79633750396844,18.911989212036133,184500
2015-03-18,18.859071648846896,19.196225679707023,18.835549100704,19.12565803527832,69000
2015-03-19,19.11585165094265,19.18837839763519,19.074687670166565,19.15113639831543,257000
2015-03-20,19.23934582505604,19.315794562073044,19.215825149933217,19.23738670349121,78000
2015-03-23,19.24326684107088,19.24914607486108,19.170738220214844,19.170738220214844,94500
2015-03-24,19.172695154084163,19.22954144422585,19.062924554685303,19.068803787231445,7090500
2015-03-25,19.09371196829657,19.09371196829657,18.57596969604492,18.57596969604492,1089000
2015-03-26,18.51517613909511,18.768163360569464,18.462224368403422,18.67206764221192,642000
2015-03-27,18.67011235387932,18.80935205555173,18.64461649619076,18.78582000732422,119500
2015-03-30,18.91329052269125,19.00350230336469,18.90544650792688,18.96231842041016,578500
2015-03-31,18.87995089155801,18.98977458081573,18.834845000654934,18.84661102294922,603500
2015-04-01,18.80346484657873,18.80346484657873,18.59754358328524,18.750513076782227,370500
2015-04-02,18.78581483773571,18.88975456816939,18.71129109463893,18.81915283203125,1716500
2015-04-06,18.72894191746924,19.058414830884622,18.66814613109495,19.017229080200195,3535500
2015-04-07,19.0329182979284,19.23491568551237,19.02703435228485,19.06821823120117,687500
2015-04-08,19.08979623200021,19.2447258287608,19.08979623200021,19.16431999206543,179000
2015-04-09,19.168240178594345,19.201580047607425,19.06429856407611,19.201580047607425,112500
2015-04-10,19.17608175434012,19.327089309692383,19.13293593697052,19.327089309692383,1098000
2015-04-13,19.28590628922484,19.36239197477044,19.11332675265472,19.12313270568848,111500
2015-04-14,19.111370284375045,19.158438124292083,18.95447873151481,19.064302444458008,323500
2015-04-15,19.13293394359008,19.27805940849928,19.13293394359008,19.236875534057617,367500
2015-04-16,19.18197003907001,19.28002771693094,19.127058188338605,19.25453186035156,634000
2015-04-17,19.062339499960903,19.062339499960903,18.77208848768776,18.84465217590332,1053000
2015-04-20,18.92309925669722,19.12313662493569,18.92309925669722,19.09175682067871,1173000
2015-04-21,19.19765172775469,19.30551532479372,19.18980771461172,19.236875534057617,359500
2015-04-22,19.29179316527751,19.434956734785345,19.23295930843316,19.395734786987305,623000
2015-04-23,19.35454759221434,19.64675675776576,19.35454759221434,19.56635093688965,191000
2015-04-24,19.682056615294453,19.729124436187703,19.5741930149386,19.687938690185547,325500
2015-04-27,19.713432887326785,19.80756852122561,19.597725283281942,19.62518119812012,442000
2015-04-28,19.61341831139266,19.74089195488608,19.505554702848386,19.67617416381836,300500
2015-04-29,19.55850948229738,20.03310798206424,19.47025962727327,19.86444854736328,698000
2015-04-30,19.689902349982155,19.807571912502027,19.4898650288455,19.560466766357425,139500
2015-05-01,19.627145859039945,19.71735762879516,19.587922049376505,19.66440773010254,538500
2015-05-04,19.66833169438113,19.746777451220662,19.63499182690809,19.648719787597656,202000
2015-05-05,19.595764599611904,19.595764599611904,19.38396128007233,19.48594093322754,634000
2015-05-06,19.576159643241663,19.623225605116303,19.33493840609557,19.41534423828125,1240500
2015-05-07,19.405537335224725,19.58007880639236,19.397691450806647,19.529088973999023,147500
2015-05-08,19.64872090496073,19.842874304451563,19.64872090496073,19.784040451049805,83000
2015-05-11,19.73501109386991,19.856602681030672,19.70951710930417,19.74285697937012,209000
2015-05-12,19.634994040403303,19.780119548549216,19.462412607783108,19.69186782836914,234500
2015-05-13,19.77227228386401,19.866407944236325,19.725204453677847,19.793846130371094,184000
2015-05-14,19.93112445203532,20.12919984346755,19.89386257807629,20.107627868652344,157000
2015-05-15,20.137040844830786,20.176264651674185,19.94092742149593,19.956615447998047,650000
2015-05-18,19.90170727057089,20.093900592879937,19.882095363546508,20.056638717651367,223000
2015-05-19,20.09782173703645,20.103705682949936,20.00172601515638,20.033103942871094,185000
2015-05-20,20.04487219882673,20.08213407660856,19.92720448920644,20.00761032104492,1406500
2015-05-21,20.05663781024025,20.140967510394304,19.98799800905473,20.10174369812012,254000
2015-05-22,20.095856352718755,20.16449614229287,20.05467247897429,20.113506317138672,149000
2015-05-26,20.05663869078512,20.05663869078512,19.815417471532623,19.882095336914062,176000
2015-05-27,19.868365651323955,20.105664842636028,19.850715684675585,20.078208923339844,118000
2015-05-28,20.017415639522643,20.0939013316119,19.93700981023766,19.989959716796875,1524000
2015-05-29,19.982116046927608,19.982116046927608,19.72716685271764,19.7899227142334,780000
2015-06-01,19.84091916074452,19.9330929150833,19.68794959327471,19.86641502380371,422000
2015-06-02,19.809534109223435,19.9781935219071,19.729128280632388,19.86248588562012,866000
2015-06-03,19.938969195370795,20.089978635480705,19.895825244163163,20.04094886779785,494500
2015-06-04,19.954659205979432,19.9997650962628,19.7428558452368,19.78207778930664,2944500
2015-06-05,19.78404029750839,19.96838774161916,19.672254667706465,19.937009811401367,1089500
2015-06-08,19.91543751034209,19.93701135865536,19.65852823198449,19.68206214904785,2608500
2015-06-09,19.6702920373912,19.6957878906244,19.51340052152264,19.638914108276367,772500
2015-06-10,19.69382413561251,20.011531015697265,19.680096175997377,19.972307205200195,1331000
2015-06-11,20.037027771879416,20.068405702447112,19.96054394922725,19.9958438873291,400500
2015-06-12,19.90955479700943,19.97819460695942,19.889942888368136,19.944854736328125,192500
2015-06-15,19.81149396504827,19.813454033423127,19.597728683651084,19.787960052490234,396000
2015-06-16,19.75462189262902,20.05859897316305,19.75462189262902,20.009571075439453,444500
2015-06-17,20.038986983042825,20.15861661287537,19.980151267155943,20.078208923339844,572500
2015-06-18,20.00760970450403,20.23118096430551,19.9742717056588,20.217453002929688,296500
2015-06-19,20.23118020224951,20.233142141069784,20.101744608354576,20.109588623046875,1147000
2015-06-22,20.227262273768947,20.27040810386583,20.15666051641808,20.221378326416016,494500
2015-06-23,20.26844519376888,20.28217315673828,20.189999423901583,20.28217315673828,97500
2015-06-24,20.23860317907443,20.25037808351275,20.05411657426324,20.09925651550293,674500
2015-06-25,20.17187140765175,20.21897476485308,20.08355308082581,20.13261985778809,146500
2015-06-26,20.1522449463147,20.15813333396429,19.850001831992948,19.93832015991211,358500
2015-06-29,19.74205146993404,19.80092971543589,19.4712081715553,19.477096557617188,270500
2015-06-30,19.57523142489479,19.61252142322612,19.422146464119763,19.5222396850586,202500
2015-07-01,19.68906153568383,19.72242656413864,19.528126651714903,19.57915496826172,2911000
2015-07-02,19.616449723723523,19.616449723723523,19.437851508326546,19.547758102416992,303500
2015-07-06,19.410374257354345,19.55560743169296,19.33971921832931,19.44766426086425,256500
2015-07-07,19.494764230914274,19.604672684743782,19.192521130074898,19.587007522583008,385000
2015-07-08,19.50457795162716,19.59289627726228,19.382896464154936,19.44569969177246,828000
2015-07-09,19.64195890532737,19.80878216610563,19.64195890532737,19.65962219238281,345000
2015-07-10,19.822520148520624,19.857846722029667,19.7027983646946,19.80093002319336,277500
2015-07-13,19.93831887198612,19.997197129560227,19.91672874256763,19.965795516967773,253000
2015-07-14,19.96383152138852,20.11887990363161,19.95990655389095,20.07373809814453,337500
2015-07-15,20.069813799264995,20.122805541512616,19.999158766836853,20.01878547668457,369500
2015-07-16,20.132616850165792,20.199345036477308,20.09336343446006,20.19345664978028,270500
2015-07-17,20.213083086102028,20.213083086102028,20.02074659250413,20.097288131713867,162500
2015-07-20,20.13261720242022,20.16205539300872,20.05411224134105,20.124765396118164,466000
2015-07-21,20.11495742285842,20.16794917482269,19.98935094889621,20.048229217529297,342500
2015-07-22,19.946167522316028,20.079625771016392,19.946167522316028,19.99327087402344,416500
2015-07-23,20.07962545886405,20.193456997299084,19.94224224494145,19.97953224182129,89000
2015-07-24,20.003084630247265,20.08158959410192,19.88532624861231,19.987382888793945,6042000
2015-07-27,19.90495274483518,19.90495274483518,19.63410940582149,19.65373611450196,165000
2015-07-28,19.72635502204382,19.86962664327384,19.5300935271608,19.86570167541504,791000
2015-07-29,19.83429295889795,19.995227813720703,19.73812472982019,19.995227813720703,75500
2015-07-30,19.979532292636744,20.15028053657652,19.84607404567165,20.114952087402344,1678000
2015-07-31,20.140468735896192,20.21504873559793,20.06981370380412,20.11102867126465,130500
2015-08-03,20.11692365278555,20.14047533786973,19.89710854923543,20.02664375305176,306000
2015-08-04,20.044300123723183,20.13261844434861,20.01878502715289,20.10710334777832,364500
2015-08-05,20.23860110183606,20.52514433586121,20.23860110183606,20.34654426574707,6496500
2015-08-06,20.372058276566143,20.39560995347508,19.934391641690063,19.96186828613281,226500
2015-08-07,19.930467369991547,20.05215072631836,19.869625691828137,20.05215072631836,163500
2015-08-10,20.148320069052875,20.33477008124355,20.148320069052875,20.28177833557129,181500
2015-08-11,20.158131092758023,20.24644941085784,19.95401781285675,20.069812774658203,147500
2015-08-12,19.948128936294864,20.144392276523543,19.694950762198733,20.095327377319336,4197000
2015-08-13,20.12476623539308,20.23074784368448,20.003084757254666,20.11299133300781,198000
2015-08-14,20.085515644912626,20.319067129502468,20.077663837909466,20.29944229125977,128000
2015-08-17,20.258225919221456,20.5035541841249,20.13065604502236,20.5015926361084,197500
2015-08-18,20.48196304697904,20.52121646226548,20.374018026647164,20.38775634765625,240000
2015-08-19,20.332803099069125,20.393644769845675,20.162054860028285,20.232709884643555,327500
2015-08-20,20.08355129168715,20.08355129168715,19.50850144451932,19.512428283691406,295500
2015-08-21,19.318128295885494,19.355418294255724,18.84906005859375,18.84906005859375,801500
2015-08-24,18.6606482762762,18.678311565441746,17.008117210519867,17.99728012084961,1216000
2015-08-25,18.18569600177182,18.56644600637392,17.826536130600815,17.836349487304688,1851000
2015-08-26,18.01494534253813,18.554668659997912,17.908963724469942,18.50560188293457,999000
2015-08-27,18.69009054052896,18.892242315325547,18.499715542213057,18.839250564575195,763500
2015-08-28,18.79214008361667,18.96485172349487,18.73129841939688,18.896160125732425,775500
2015-08-31,18.807843668987097,18.84709521225984,18.617468724093808,18.67831039428711,395500
2015-09-01,18.48793936303309,18.48793936303309,18.064012873077743,18.140554428100582,786500
2015-09-02,18.32111252588124,18.454570770263672,18.093447581131976,18.454570770263672,514000
2015-09-03,18.51737908798044,18.75485555633768,18.49971392480385,18.57233238220215,227000
2015-09-04,18.38784511215022,18.476161566254792,18.240646654661614,18.336816787719727,189500
2015-09-08,18.599805231151787,18.960928409471165,18.599805231151787,18.945226669311523,273000
2015-09-09,19.10616275960612,19.131677855016065,18.60176795536213,18.637096405029297,526000
2015-09-10,18.62335878251453,18.943267030826203,18.59980710575429,18.79999542236328,146000
2015-09-11,18.756817957807268,18.91578944411604,18.670461181542,18.913827896118164,613500
2015-09-14,18.97270495606589,18.97270495606589,18.784293416340823,18.84906005859375,211500
2015-09-15,18.91186310000583,19.184667988344188,18.87064813457681,19.106163024902344,2045000
2015-09-16,19.14934003814033,19.23962176906946,19.092423335417752,19.22588157653809,79000
2015-09-17,19.11597553064541,19.34756544327336,19.082610501530024,19.12775230407715,476500
2015-09-18,18.86476218901465,19.20429527709408,18.798032125806177,18.998220443725582,158500
2015-09-21,19.076725839570656,19.322054097228747,19.04336080721429,19.21018409729004,328000
2015-09-22,19.002144345089874,19.0845742738123,18.876536032496023,19.05906105041504,1337000
2015-09-23,19.051209027279786,19.17092895168652,18.96289071273769,19.098312377929688,1128500
2015-09-24,18.98251591453972,19.055132482534457,18.77447769209861,19.019805908203125,992500
2015-09-25,19.15333177258836,19.21420484342168,18.856822276790844,18.96875,278000
2015-09-28,18.88627918337378,18.949114819789155,18.420895845694364,18.44053268432617,457500
2015-09-29,18.46409733164701,18.46409733164701,18.19704305607876,18.29915237426757,558500
2015-09-30,18.485699041083578,18.62119062881468,18.324681056952063,18.583881378173828,179500
2015-10-01,18.646719496924067,18.81951846817496,18.517119332149704,18.809701919555664,805500
2015-10-02,18.57995167383395,19.033552169799805,18.436606119302333,19.033552169799805,588500
2015-10-05,19.159228991672663,19.400756915280287,19.14155658217404,19.371301651000977,312500
2015-10-06,19.36737554241622,19.430213067883788,19.20439311009634,19.29275703430176,700500
2015-10-07,19.36344509421156,19.36344509421156,18.98839005976879,19.29864501953125,461500
2015-10-08,19.27704498796753,19.424317539662493,19.137626423045827,19.38111686706543,896000
2015-10-09,19.412537434818542,19.62264752845842,19.361482768221062,19.61086654663086,556500
2015-10-12,19.58337729882187,19.665851676855343,19.52250607296464,19.63639640808105,375000
2015-10-13,19.579444220995743,19.740464059726943,19.489117754428,19.50679016113281,408500
2015-10-14,19.495007496255496,19.577479968865948,19.363442928516005,19.387006759643555,419500
2015-10-15,19.46555322958308,19.74831734482873,19.46555322958308,19.7424259185791,171500
2015-10-16,19.803297301095693,19.936824424402616,19.722787391481635,19.930932998657227,756000
2015-10-19,19.866135552739376,20.0075185532382,19.789554498639948,19.911300659179688,2388500
2015-10-20,19.88773609831436,19.950571736678462,19.726716263746194,19.80722618103028,283500
2015-10-21,19.84060786976261,19.84060786976261,19.50875353577417,19.52053451538086,237500
2015-10-22,19.67370434421819,20.14105038253359,19.67370434421819,20.04875946044922,1184000
2015-10-23,20.27849981428132,20.27849981428132,20.078210039390143,20.25100898742676,465500
2015-10-26,20.2942093749743,20.392391700645963,20.227444869169386,20.307954788208008,406500
2015-10-27,20.25297551878482,20.36097627700114,20.137120772845524,20.192102432250977,133500
2015-10-28,20.22744619122017,20.545557022094727,20.20388235661198,20.545557022094727,152000
2015-10-29,20.488611917194103,20.488611917194103,20.30403009778476,20.34526634216309,256500
2015-10-30,20.3374113466408,20.427737818610755,20.26475540976037,20.29813766479492,4283500
2015-11-02,20.34526331305313,20.578935329739977,20.31188106133444,20.51217269897461,941500
2015-11-03,20.49253942314219,20.72621335313112,20.413993926267462,20.6319580078125,1142500
2015-11-04,20.67318955409225,20.82046209317247,20.6672981281809,20.80278968811035,866500
2015-11-05,20.794934006450816,20.857769635475336,20.61035223943553,20.683006286621094,678000
2015-11-06,20.688899563629462,20.83617210388184,20.606427090901896,20.83617210388184,279500
2015-11-09,20.80475467068713,20.80475467068713,20.41988125151373,20.565189361572266,831000
2015-11-10,20.50824740081849,20.53966522216797,20.374720255579067,20.53966522216797,262500
2015-11-11,20.575011710394275,20.643738785395644,20.45326740868,20.53573989868164,289500
2015-11-12,20.441484665599454,20.647667764398573,20.41399383544922,20.41399383544922,677500
2015-11-13,20.3609774435626,20.36883143173556,19.999667770192488,20.02519416809082,486500
2015-11-16,20.02322527597846,20.2097714985897,19.889698143409586,20.19995307922364,596500
2015-11-17,20.2215574506529,20.45130250648595,20.20781203596778,20.3118839263916,432500
2015-11-18,20.35704321369471,20.50628018569868,20.19798969539694,20.49449920654297,269000
2015-11-19,20.565195821285585,20.81065076089509,20.565195821285585,20.73210525512696,216000
2015-11-20,20.77923237756625,20.820468626541583,20.66337761920531,20.753705978393555,5064000
2015-11-23,20.75370314113364,20.804757805171818,20.62606554470205,20.677120208740234,185000
2015-11-24,20.56911813999688,20.73602752070126,20.41398973870448,20.686935424804688,503000
2015-11-25,20.69871786018121,20.802789730577203,20.66337117731289,20.74191665649414,211500
2015-11-27,20.749774721702984,20.814574795734814,20.71246547467423,20.77726554870605,46000
2015-11-30,20.84010161438168,20.84010161438168,20.67711920944355,20.7222843170166,323000
2015-12-01,20.806720414004445,20.957921845933253,20.75173875609298,20.955957412719727,1509000
2015-12-02,20.957925689000497,21.014869917895115,20.81458009096816,20.832252502441406,298000
2015-12-03,20.85385033788944,20.914723429347205,20.378650334109665,20.43559455871582,1226500
2015-12-04,20.492534548701727,20.936316594117702,20.492534548701727,20.922571182250977,383500
2015-12-07,20.89312303026416,20.906868445572915,20.598576008783343,20.66730308532715,209000
2015-12-08,20.52592015228772,20.8361751227419,20.453266088073374,20.76155662536621,404500
2015-12-09,20.70460868017653,20.78904559044716,20.304027273645445,20.360973358154297,554000
2015-12-10,20.42577544423761,20.49253808224282,20.33152010508645,20.362937927246094,234500
2015-12-11,20.24511604628718,20.298133258062386,19.968241518331105,20.01144218444824,493500
2015-12-14,20.025192021061827,20.14890074854825,19.85435562424565,20.14497375488281,867000
2015-12-15,20.30010017234037,20.50628136445673,20.30010017234037,20.390426635742188,1397500
2015-12-16,20.49646305350597,20.7340639384462,20.35704449171499,20.700681686401367,341000
2015-12-17,20.73014159422058,20.73014159422058,20.431667564536685,20.43559455871582,644500
2015-12-18,20.39827892254078,20.4139887670143,20.054643630981445,20.054643630981445,565000
2015-12-21,20.21173454403914,20.268678750712407,19.968242254888747,20.115516662597656,914000
2015-12-22,20.20584760272463,20.333483328704705,20.13319353548504,20.3118839263916,267000
2015-12-23,20.40810024067312,20.521992415775298,20.38453640695102,20.502355575561523,296500
2015-12-24,20.469936107736,20.57209923741808,20.452254387917748,20.50333595275879,124000
2015-12-28,20.46404799341268,20.538705825805664,20.336343116129115,20.538705825805664,146500
2015-12-29,20.64872467615766,20.80589844996791,20.64872467615766,20.74892234802246,879500
2015-12-30,20.7115905215997,20.825542709454787,20.636932708497103,20.652650833129883,142000
2015-12-31,20.593712538742743,20.6153233221242,20.395278930664062,20.395278930664062,84500
2016-01-04,20.025924397881795,20.025924397881795,19.735153072352794,19.96501922607422,762500
2016-01-05,20.03967773693469,20.09075931434402,19.8864330047067,19.95126724243164,697500
2016-01-06,19.707647472647345,19.81570515487772,19.57797900343464,19.715505599975582,635000
2016-01-07,19.381507242332432,19.636915069803177,19.169322854482584,19.210580825805664,955500
2016-01-08,19.316675957744675,19.383475658804382,18.95321228642836,18.97875213623047,898500
2016-01-11,19.07305096339686,19.1221670521175,18.78424334031424,19.049474716186523,1237500
2016-01-12,19.151644412377564,19.38151055961495,18.980717966595527,19.23219490051269,971500
2016-01-13,19.34614032383333,19.42276172146862,18.493471989146943,18.6270694732666,1214000
2016-01-14,18.66833323242004,19.073056746307014,18.416854435034384,18.959104537963867,1251000
2016-01-15,18.434536940107343,18.65457946955342,18.22235066343688,18.57599258422852,1919500
2016-01-19,18.73906040916897,18.76460025626087,18.240033793751167,18.41292381286621,829000
2016-01-20,18.15555497190617,18.49544240083274,17.674210008599808,18.353986740112305,505500
2016-01-21,18.43257446352995,18.672264221626985,18.22431908993328,18.34809303283692,2323000
2016-01-22,18.591710870911964,18.84711871883285,18.591710870911964,18.81764793395996,1550000
2016-01-25,18.73512662745837,18.78620818243595,18.38934292899852,18.418813705444336,985500
2016-01-26,18.471866661907413,18.64279309814971,18.3559508604411,18.61528778076172,691000
2016-01-27,18.54848768618164,18.615287383360272,18.171269503923085,18.22235107421875,428500
2016-01-28,18.25182573208712,18.28522558776305,17.947301714183258,18.17716789245605,1805000
2016-01-29,18.302903451545795,18.652616317419085,18.29504532492457,18.644756317138672,1691000
2016-02-01,18.520983082894,18.829436111374388,18.48758323301797,18.72530937194824,794500
2016-02-02,18.58384891748058,18.5877798539778,18.0415988989635,18.116256713867188,5200000
2016-02-03,18.2695030892076,18.322550126557257,17.89817944873736,18.24396324157715,714000
2016-02-04,18.226280099804203,18.389346515025785,18.104469781798144,18.26753807067871,522000
2016-02-05,18.019988713800885,18.019988713800885,16.97871208079204,17.073015213012695,6104000
2016-02-08,16.78421533869649,16.78421533869649,16.12801287608967,16.469867706298828,6675000
2016-02-09,16.310725131223183,16.860833376962407,16.222314643236253,16.448251724243164,1114500
2016-02-10,16.632930848401212,17.096594075351913,16.632930848401212,16.731164932250977,1939500
2016-02-11,16.446287571890476,16.770458725635923,16.420745849104257,16.654542922973633,1501000
2016-02-12,16.758670372355468,16.89226790294936,16.57202767271338,16.878515243530273,3775500
2016-02-16,17.0573020379987,17.177146911621094,16.955138887753485,17.177146911621094,899000
2016-02-17,17.291094217167426,17.78815722142611,17.291094217167426,17.729217529296875,1551500
2016-02-18,17.772443356026933,17.77833788875054,17.485601078937947,17.515071868896484,782000
2016-02-19,17.458095947065534,17.780303550330245,17.41683796487192,17.760656356811523,812000
2016-02-22,17.929615086835504,18.126081355719226,17.92568415011103,18.073036193847656,296000
2016-02-23,17.99248276583827,18.02784620496848,17.764580258759626,17.788156509399414,426000
2016-02-24,17.593657443502195,17.93943940080835,17.43058912393249,17.9197940826416,2461500
2016-02-25,18.181095445377714,18.385421752929688,18.002310863099453,18.385421752929688,1091500
2016-02-26,18.520986531937297,18.53473919342858,18.22628610750698,18.377565383911133,1818000
2016-02-29,18.348096963621444,18.47580187139836,18.25182832073905,18.25772285461425,1745500
2016-03-01,18.42274842518011,18.93159866333008,18.38345591817762,18.93159866333008,853500
2016-03-02,18.898200314184507,18.919811098925265,18.739061073508584,18.91195297241211,2845000
2016-03-03,18.90213027643342,18.91195387187166,18.664404138342128,18.909988403320312,985000
2016-03-04,18.92766788168713,19.0101838251946,18.75870693169456,18.894268035888672,1181500
2016-03-07,18.80586023974412,18.953212301177643,18.71155709387144,18.88444900512696,930000
2016-03-08,18.786212366056883,18.93945706511664,18.684049233350382,18.713518142700195,687000
2016-03-09,18.79210623796112,18.91195297241211,18.74495560522303,18.91195297241211,5060500
2016-03-10,18.9787510381864,19.053408861995123,18.51705331058948,18.78424835205078,603000
2016-03-11,18.92570416431117,19.15360480480862,18.92570416431117,19.120206832885746,597000
2016-03-14,19.05144163566377,19.222369926186666,19.04161991513234,19.165393829345703,531500
2016-03-15,19.05340688308478,19.124135636240624,18.97678547241019,19.108417510986328,316500
2016-03-16,19.104494080483445,19.434559818861867,19.104494080483445,19.387407302856445,337000
2016-03-17,19.369718408132485,19.528855748672203,19.24790809914941,19.45616340637207,857500
2016-03-18,19.672280525555184,19.687998652571206,19.495461433335723,19.58780097961425,1354000
2016-03-21,19.585835511115054,19.63691708184313,19.483672369658905,19.58780097961425,942500
2016-03-22,19.528856240954884,19.7213953026196,19.522963583731467,19.61923217773437,427000
2016-03-23,19.546380932841657,19.56617919884693,19.35434190633697,19.387998580932617,1109000
2016-03-24,19.292969570059054,19.471150198644995,19.271192608988923,19.46916961669922,491000
2016-03-28,19.50084260875034,19.50084260875034,19.33652043163833,19.427589416503903,1119000
2016-03-29,19.36225873029593,19.76019515639764,19.338501190822218,19.734458923339844,2069000
2016-03-30,19.841372683184225,19.97005766206892,19.795836284564263,19.87304878234864,689500
2016-03-31,19.85720106493528,20.01162410459492,19.815625849034543,19.93045425415039,3717500
2016-04-01,19.809688349282155,20.10269736486215,19.732477764301628,20.092798233032227,498000
2016-04-04,20.092802030619254,20.17595248802664,20.01955070691276,20.0631046295166,869000
2016-04-05,19.95223268398711,19.97599022169643,19.809687457731176,19.837406158447266,2352500
2016-04-06,19.83741004902422,20.06904372703604,19.785935688569747,20.055185317993164,667000
2016-04-07,19.93639749378584,19.944317933241862,19.665167283999285,19.74831962585449,724000
2016-04-08,19.88491970388027,19.946293186729022,19.74831621967458,19.811668395996094,729500
2016-04-11,19.894821434816524,19.989851599781325,19.63547095102769,19.64140892028809,1023000
2016-04-12,19.67308651202436,19.67308651202436,19.427592553403723,19.59785461425781,1124500
2016-04-13,19.72653825657067,20.05716133566052,19.71466043100444,20.0373649597168,1438000
2016-04-14,20.03934056494272,20.076956505538227,19.94233172953655,20.00568389892578,1034000
2016-04-15,19.99579012018649,20.07894056493797,19.96807330526933,20.071020126342773,486500
2016-04-18,20.009648270738904,20.310573955699645,19.97797029289766,20.28483772277832,348000
2016-04-19,20.356111471143265,20.356111471143265,20.053205159627844,20.197729110717773,899000
2016-04-20,20.243264391576712,20.36996876250983,20.175951042460248,20.26504135131836,1019500
2016-04-21,20.4135261776999,20.57190854190606,20.40956690180475,20.44916343688965,1492000
2016-04-22,20.27889514522248,20.34422789764685,20.08091630657511,20.21752166748047,1080000
2016-04-25,20.18386463772225,20.267016956821585,20.15812840871648,20.233360290527344,704000
2016-04-26,20.28087879213328,20.298696474930207,20.1363529719514,20.239301681518555,1345000
2016-04-27,20.2155460298336,20.32047343300796,20.07300079132533,20.239301681518555,813000
2016-04-28,20.09082024401576,20.27691941507388,19.85918657111717,19.92253875732422,1320500
2016-04-29,19.83938561692993,19.928475914758828,19.62556965736713,19.87502098083496,1061000
2016-05-02,19.9205574929375,20.11853446533696,19.86314328355048,20.092798233032227,1248000
2016-05-03,19.93639517676681,19.940354452001365,19.67110485538781,19.734458923339844,1637500
2016-05-04,19.665164510864848,19.68100349947669,19.492923770001283,19.56221580505371,2976000
2016-05-05,19.61171413943681,19.69684517471285,19.5107441133885,19.540441513061523,4679500
2016-05-06,19.451350873994084,19.649329759008065,19.36820042199217,19.64537048339844,2951500
2016-05-09,19.64141048802699,19.80771328998935,19.631513242447504,19.70674514770508,1345000
2016-05-10,19.75623713855009,20.007669068577364,19.726539740301256,20.00370979309082,576500
2016-05-11,20.0314266168954,20.253161148755005,20.01954879043144,20.04330444335937,1266500
2016-05-12,20.15614925367568,20.22346259102742,19.91065721781555,20.09081649780273,977000
2016-05-13,20.0334037999219,20.25711887560456,20.02944263703942,20.086856842041016,700500
2016-05-16,20.08686265383257,20.43728406535573,20.06904496797096,20.35413360595703,1167500
2016-05-17,20.29869679491093,20.352149844144336,20.03340646624944,20.074981689453125,832000
2016-05-18,20.03340991916251,20.31651797969766,19.995793964818663,20.18981170654297,1453000
2016-05-19,20.189810156047493,20.29869873469117,19.97995343826996,20.12447738647461,1868000
2016-05-20,20.19376723572501,20.38778682951681,20.171990277591146,20.33829116821289,3447500
2016-05-23,20.362048349020256,20.468956332258823,20.326412983962864,20.364028930664062,838500
2016-05-24,20.494692817130005,20.88668935373236,20.46697600472779,20.84907341003418,830500
2016-05-25,20.89856831549438,20.920347160756943,20.795619610094587,20.85105323791504,1311500
2016-05-26,20.82927744705543,20.9421252906087,20.82927744705543,20.872833251953125,558000
2016-05-27,20.831259218632898,20.99360084533692,20.79958123795253,20.99360084533692,1161500
2016-05-31,21.017358406158447,21.07279204030028,20.934207954945705,21.023298263549805,1309000
2016-06-01,20.930244172461503,21.136141580978208,20.87876982033233,21.11436462402344,807000
2016-06-02,21.01537634510404,21.153962308770343,20.88867009538424,21.146041870117188,5124500
2016-06-03,21.068829331499806,21.082687737777,20.85699207434885,21.037153244018555,635500
2016-06-06,21.08467105417757,21.22127645347089,21.001520598283086,21.17376136779785,513500
2016-06-07,21.227214813232425,21.28462902837462,21.20939712937906,21.227214813232425,437000
2016-06-08,21.24503099085252,21.294524763388008,21.177717647660497,21.2608699798584,1095500
2016-06-09,21.1876197771136,21.24305341437659,21.12228700632984,21.17376136779785,859000
2016-06-10,20.96786228837956,21.035175635849946,20.82135965504573,20.88075256347656,1696000
2016-06-13,20.752067952621683,20.967862630658527,20.698613012514773,20.765926361083984,1254000
2016-06-14,20.696633940496103,20.82729947162863,20.66891523601157,20.791662216186523,2209000
2016-06-15,20.83521729008315,20.94806513356049,20.82531815770095,20.85303497314453,1029000
2016-06-16,20.74414681731269,20.93618583559811,20.59962288017965,20.90649032592773,1073000
2016-06-17,20.9163901991507,20.9163901991507,20.68871578542079,20.77582740783692,977500
2016-06-20,20.952025639093616,21.21137612569576,20.952025639093616,21.052993774414062,467000
2016-06-21,21.08706606293504,21.25346397282713,21.08706606293504,21.205921173095703,535000
2016-06-22,21.12470531926796,21.1643249548681,20.92859265705095,20.93453598022461,463000
2016-06-23,21.051412874330342,21.36836242675781,21.03952811624007,21.36836242675781,436500
2016-06-24,20.528443451235603,20.797850162994223,20.2808264048026,20.314502716064453,1736500
2016-06-27,20.138199185281035,20.138199185281035,19.59740215381251,19.6845645904541,1682000
2016-06-28,19.89454005473832,20.09857583661421,19.84897899669826,20.04707145690918,1233000
2016-06-29,20.201587972085765,20.57004186103795,20.191683064044764,20.530424118041992,764000
2016-06-30,20.566080682942854,20.8335075378418,20.552214189244456,20.8335075378418,896500
2016-07-01,20.813695791970066,20.98999860824503,20.79784756242611,20.839448928833008,1247500
2016-07-05,20.72653207271785,20.758226637775568,20.581923848547405,20.704740524291992,882500
2016-07-06,20.5938099671178,20.825578732852225,20.528439095842167,20.81765556335449,1032500
2016-07-07,20.837467014234964,20.94641910464798,20.80577244458489,20.873123168945312,1736500
2016-07-08,21.023676492633328,21.32279791510432,21.00782826190033,21.29308319091797,3107500
2016-07-11,21.380243012611977,21.49315668371556,21.32477704557888,21.43768882751465,597500
2016-07-12,21.55060510743853,21.744737904723035,21.451559805271057,21.6853084564209,2850500
2016-07-13,21.74275093139846,21.784350401691228,21.58229637145996,21.58229637145996,527500
2016-07-14,21.699177021747914,21.726910008855224,21.62191949397179,21.6496524810791,466000
2016-07-15,21.699175224003497,21.70511665705707,21.57833648828374,21.625879287719727,2903000
2016-07-18,21.63578417114688,21.72888803278627,21.62587926384466,21.63182258605957,350500
2016-07-19,21.635786586998368,21.657576251995547,21.51693146443616,21.530797958374023,638000
2016-07-20,21.728887219609227,21.88141863018574,21.69719265092899,21.800201416015625,462000
2016-07-21,21.808121888487843,21.861608001469,21.520887179671984,21.56050491333008,407000
2016-07-22,21.592205789122847,21.8477478970369,21.53673981228921,21.827938079833984,299500
2016-07-25,21.82198697761838,21.86754802960872,21.77048260475225,21.86160659790039,1059500
2016-07-26,21.84774582902089,21.93688810882804,21.732850411454027,21.8596305847168,690500
2016-07-27,21.84378276374187,21.905190164428586,21.718982446967065,21.77246856689453,619000
2016-07-28,21.84378408338985,21.91905798058041,21.768508297031328,21.89330673217773,804500
2016-07-29,21.86755957203588,21.891330978918926,21.651638950698217,21.84379005432129,1999000
2016-08-01,21.835857413157733,21.90717160905309,21.760581632351712,21.83189582824707,356500
2016-08-02,21.79624108465505,21.79624108465505,21.431748800949546,21.54069900512696,620500
2016-08-03,21.52287398676992,21.693235397338867,21.499102583221497,21.693235397338867,462000
2016-08-04,21.70115443726504,21.80416320330764,21.68332636028994,21.758602142333984,488500
2016-08-05,21.861615406792698,22.006223678588867,21.861615406792698,22.006223678588867,410000
2016-08-08,22.014145176511548,22.04187816410822,21.944812707519866,21.95669746398925,627500
2016-08-09,21.95868087300606,22.081499478380263,21.89727157031896,22.00424194335937,1533500
2016-08-10,22.01612481717193,22.01612481717193,21.91905748065953,21.996315002441406,219000
2016-08-11,22.051785877599045,22.18252766123432,22.03593764445573,22.15875625610352,577000
2016-08-12,22.107246375165342,22.12507445229832,22.01414251532169,22.113189697265625,240500
2016-08-15,22.12309225483399,22.291471879505863,22.091397688945,22.20629119873047,203500
2016-08-16,22.146868467539207,22.156773375752348,21.994335148058525,22.002260208129883,572000
2016-08-17,21.994331781712564,21.994331781712564,21.808124069808944,21.90915298461914,859000
2016-08-18,21.9071724118314,22.07753379340737,21.90519067471953,22.059703826904297,701000
2016-08-19,22.03593579252984,22.17262088825272,21.98641313801745,22.15083122253418,572000
2016-08-22,22.0933819485266,22.142906488712487,22.016126310671872,22.08149719238281,2202500
2016-08-23,22.168656643202407,22.32911312280969,22.168656643202407,22.30335998535156,2834000
2016-08-24,22.23798392106777,22.26769863678213,22.132995326045208,22.1904411315918,598000
2016-08-25,22.20035110023316,22.342979501191422,22.19638951506786,22.327131271362305,438500
2016-08-26,22.34297559509272,22.46777400723744,22.21025212483496,22.34693717956543,674500
2016-08-29,22.386558440962578,22.47768245486405,22.3568456081515,22.406368255615234,345500
2016-08-30,22.3944855895894,22.457874735390217,22.287515225320465,22.37071418762207,747000
2016-08-31,22.33901805247204,22.34297963766153,22.194409802631828,22.29939842224121,239000
2016-09-01,22.164694896967863,22.34099771603642,22.105267341280204,22.339017868041992,3122500
2016-09-02,22.408351416984928,22.564844428684363,22.38655986381481,22.505416870117188,1346500
2016-09-06,22.529186070297964,22.564842224121094,22.455892025586937,22.564842224121094,6513500
2016-09-07,22.570783726122755,22.614364935522897,22.47965972268023,22.54701232910156,2630500
2016-09-08,22.52522710038817,22.52522710038817,22.358827288503864,22.422218322753903,380500
2016-09-09,22.29147708026442,22.331094824576844,21.92896461275639,21.930946350097656,2040000
2016-09-12,21.820013169503863,22.20827686556181,21.79029844606784,22.182523727416992,1013000
2016-09-13,22.012161998825928,22.0478181520089,21.736810123501257,21.85368537902832,1816500
2016-09-14,21.875478654180814,22.01018199691839,21.8160492086338,21.89330673217773,1437000
2016-09-15,21.88538017691505,22.22808085856021,21.88538017691505,22.20629119873047,368500
2016-09-16,22.1013074301224,22.12904041985893,21.960662633126063,22.000280380249023,830500
2016-09-19,22.095364008978773,22.2043142206452,21.96858382908381,22.01612663269043,639000
2016-09-20,22.129038429796065,22.180542818841893,21.99433507902269,22.01612663269043,443500
2016-09-21,22.200352380159803,22.47372255317325,22.180542564023284,22.45193099975586,1186000
2016-09-22,22.618332143019604,22.642103545950302,22.5034367139932,22.570789337158203,1072000
2016-09-23,22.574746112917207,22.574746112917207,22.36476700607517,22.380615234375,608000
2016-09-26,22.301349253582494,22.342963462276327,22.19434101839308,22.22802925109864,777000
2016-09-27,22.22010424197729,22.489606335674782,22.18047058063749,22.469789505004883,3255000
2016-09-28,22.49753139203996,22.59859609042152,22.424211389363904,22.594633102416992,3479500
2016-09-29,22.55896361495796,22.572835018620456,22.33107572912064,22.362781524658203,930500
2016-09-30,22.43213906276133,22.56094657675808,22.372690458521248,22.499515533447266,1602500
2016-10-03,22.455921579164887,22.50348122420323,22.337024356406307,22.41232681274414,1008500
2016-10-04,22.44601036793913,22.48366159142076,22.31125931699749,22.45195579528809,524000
2016-10-05,22.372690100331432,22.511404137949818,22.33107588904592,22.442047119140625,1296000
2016-10-06,22.501495944666257,22.50546082278339,22.31918525492277,22.43610191345215,564500
2016-10-07,22.44006154390788,22.44204209266624,22.22802565689324,22.323144912719727,2705000
2016-10-10,22.4559201416494,22.667956091439667,22.4559201416494,22.53320503234864,1502500
2016-10-11,22.469790419742548,22.519332498434142,21.98627182666981,22.095260620117188,1176000
2016-10-12,21.996177539231592,22.099222782442087,21.86935247913892,22.049680709838867,580000
2016-10-13,21.899076042667392,21.990232323228536,21.69496799312981,21.92681884765625,382500
2016-10-14,22.00608412745725,22.196322663063984,21.946635529998563,22.08138656616211,921500
2016-10-17,22.07148055973804,22.11111422225932,21.9525833518483,21.96843719482422,285000
2016-10-18,22.18641892085557,22.25181295878281,22.12895086030217,22.142822265625,898000
2016-10-19,22.16858048627611,22.230011524319668,22.12894682695631,22.14876365661621,1146500
2016-10-20,22.12498642668733,22.164620090642607,21.980326954957373,22.130931854248047,2260500
2016-10-21,22.162637483229968,22.30333396546352,22.0873350341564,22.285499572753903,1236000
2016-10-24,22.370710764237288,22.59860057315328,22.36873021476061,22.576801300048828,1138000
2016-10-25,22.59067264688201,22.61841545818149,22.370710705957627,22.41232681274414,1061500
2016-10-26,22.33702073374068,22.487623732153946,22.26369883876586,22.27360725402832,818000
2016-10-27,22.438082606873834,22.541127853487662,22.15867211157603,22.16461753845215,1658000
2016-10-28,22.146786826057912,22.35684036006985,22.146786826057912,22.21812629699707,434500
2016-10-31,22.277571927928133,22.348911389313983,22.226049298566764,22.27955436706543,143500
2016-11-01,22.32711545088016,22.348912833613465,22.01599721546861,22.158676147460938,394500
2016-11-02,22.089317653913607,22.150748699177942,21.82575908000081,21.89709854125977,376500
2016-11-03,21.948617609232908,22.008066205717576,21.89511254951094,21.90700340270996,581000
2016-11-04,21.89511419121675,21.99221401371755,21.74847418290364,21.780179977416992,644000
2016-11-07,22.11309146430005,22.384574051451352,22.11309146430005,22.323144912719727,620000
2016-11-08,22.271628027239647,22.50546134977387,22.228031375463694,22.33900260925293,510500
2016-11-09,21.95258356351271,22.3687275748133,21.83764934279951,22.313241958618164,749000
2016-11-10,22.4400687277532,22.56689192300689,21.712806455250803,21.95258522033692,785000
2016-11-11,21.9089879332706,22.162638096129097,21.845576337474547,22.119041442871094,2542000
2016-11-14,22.21019596086749,22.26171858701841,21.801977939850666,21.83170318603516,2655000
2016-11-15,21.932770068301444,22.17056641238248,21.91889866214265,22.09130096435547,339000
2016-11-16,22.041758748739813,22.29342647592388,22.041758748739813,22.277572631835938,761000
2016-11-17,22.30333133687868,22.62237548828125,22.24388273824065,22.62237548828125,2260500
2016-11-18,22.77694678018906,22.820541543819093,22.503479783643208,22.53320503234864,1471000
2016-11-21,22.517349824382848,22.63228404404129,22.45790122041035,22.568872451782227,1765000
2016-11-22,22.566889008553,22.566889008553,22.436100951731,22.54509162902832,832500
2016-11-23,22.4717726265599,22.52527580318934,22.380616336611787,22.45195579528809,1798500
2016-11-25,22.4479945871736,22.519334051507265,22.43214074293149,22.50546264648437,283000
2016-11-28,22.4836605238952,22.523294184557017,22.36476332158366,22.396469116210938,311500
2016-11-29,22.400433007053937,22.608505954239973,22.366744772101136,22.489606857299805,215500
2016-11-30,22.574817028319007,22.574817028319007,22.15669059753418,22.15669059753418,571500
2016-12-01,22.186415995559884,22.186415995559884,21.350165018088926,21.417539596557617,917000
2016-12-02,21.23325067440325,21.413578939454,21.110388578747425,21.389799118041992,4937000
2016-12-05,21.50077283988699,21.87926566384636,21.48293655595901,21.82377815246582,2374500
2016-12-06,21.84161162314925,21.859446014942883,21.66722691373342,21.84755516052246,261500
2016-12-07,21.8475567832838,22.23397745342046,21.776219210810567,22.18839836120605,634500
2016-12-08,22.19037881175748,22.35089211511198,22.124984782959267,22.257755279541016,714500
2016-12-09,22.293424506389005,22.35881853648905,22.156691018951545,22.245864868164062,5846000
2016-12-12,22.184433222297137,22.233975298198075,22.06553601980881,22.1784896850586,566500
2016-12-13,22.22208773755036,22.54905792760847,22.22208773755036,22.408361434936523,315500
2016-12-14,22.4202490922632,22.434120495624963,22.190378772384665,22.24190139770508,484500
2016-12-15,22.28153411461817,22.410339727543462,22.22208362572629,22.24982643127441,406500
2016-12-16,22.299373027824167,22.30333601658664,21.936732153417708,21.982311248779297,771000
2016-12-19,21.99221324567197,22.164617395106063,21.954563915265112,22.10120391845703,169000
2016-12-20,22.162635763585744,22.184433143002067,22.057608074920733,22.14678192138672,173000
2016-12-21,22.12042065328554,22.156099946266835,21.98563704388446,22.07879638671875,617500
2016-12-22,21.99158361131652,21.99158361131652,21.74183612498872,21.793371200561523,181500
2016-12-23,21.77156983462024,21.886531829833984,21.77156983462024,21.886531829833984,53500
2016-12-27,21.90635161831379,22.04906311389703,21.89247686332245,21.94995880126953,146500
2016-12-28,21.981675153201035,21.983656181150188,21.708142072710167,21.725982666015625,202500
2016-12-29,21.731923831612505,21.79336971255703,21.676424814060937,21.74183464050293,93500
2016-12-30,21.78940847682934,21.811211124923584,21.513894382410047,21.575340270996094,132000
2017-01-03,21.66849628231317,21.876617591977265,21.66254941909607,21.803279876708984,232500
2017-01-04,21.84094549815425,22.169977618447792,21.84094549815425,22.11844253540039,640500
2017-01-05,22.09266956978589,22.25123873312372,22.08275876079059,22.164026260375977,90000
2017-01-06,22.175919518215508,22.41377327846593,22.112492604932854,22.384042739868164,303000
2017-01-09,22.37016798444423,22.423684088096408,22.302775235074463,22.384042739868164,490000
2017-01-10,22.38800694066926,22.485130229743064,22.28295386962456,22.405845642089844,187000
2017-01-11,22.39196857784813,22.689285278320312,22.39196857784813,22.689285278320312,252000
2017-01-12,22.588202752481383,22.655595509689046,22.328546315021608,22.63379096984864,329000
2017-01-13,22.62387955239124,22.75271819882302,22.62387955239124,22.742807388305664,135000
2017-01-17,22.701179297885503,22.701179297885503,22.46927241974769,22.51089668273925,238000
2017-01-18,22.528736447608026,22.625859732513234,22.51882563829004,22.61396789550781,547500
2017-01-19,22.6139712131748,22.71307554030692,22.542614509792813,22.60207748413086,1279000
2017-01-20,22.681359369598244,22.77253768362842,22.657573804646617,22.752716064453125,403500
2017-01-23,22.72694805632827,22.847858801647725,22.625860820891948,22.74875259399414,959000
2017-01-24,22.802267375545032,23.11544176377201,22.778481811476464,23.071836471557617,744000
2017-01-25,23.19076590782109,23.30969374614465,23.1610353659606,23.250228881835938,919000
2017-01-26,23.317616252086324,23.34932970488198,23.075798575366,23.13526153564453,372500
2017-01-27,23.20860057101698,23.24824380698865,23.180851061954225,23.244279861450195,780000
2017-01-30,23.180854321726382,23.184818267822266,22.939036597233223,23.184818267822266,308000
2017-01-31,23.139223447000926,23.22841882472509,23.02822542682624,23.224454879760746,561500
2017-02-01,23.26608544750236,23.26608544750236,22.98264345759798,23.08373069763184,440500
2017-02-02,23.03219414948478,23.279958718937447,22.94101772551185,23.264102935791016,486500
2017-02-03,23.388977176539434,23.55151030557394,23.388977176539434,23.515832901000977,238000
2017-02-06,23.472222775638585,23.472222775638585,23.36518868502528,23.44447326660156,372000
2017-02-07,23.499975701914583,23.57529634890881,23.430601919234064,23.511869430541992,195000
2017-02-08,23.41672493894927,23.537633790181,23.343387217122,23.44249153137207,256000
2017-02-09,23.44249537172383,23.80324095679584,23.44249537172383,23.737831115722656,234000
2017-02-10,23.941985979155003,24.112446983804727,23.89045090513651,24.07875061035156,428000
2017-02-13,24.108484522853573,24.207590731345352,24.011361232454984,24.13028717041016,3245500
2017-02-14,24.07875329548446,24.16200183426847,24.003432648881653,24.144163131713867,253500
2017-02-15,24.094611837513803,24.34039351662304,24.05695151285668,24.30471611022949,451000
2017-02-16,24.36417815271001,24.449409609495472,24.24723323697694,24.328500747680664,237000
2017-02-17,24.282910761661,24.45931863634445,24.237320659310924,24.45535469055176,369500
2017-02-21,24.52076345144484,24.59608408909889,24.43156805897523,24.568334579467773,623500
2017-02-22,24.534642676463108,24.55248138014852,24.44941121408401,24.522748947143555,349000
2017-02-23,24.578247039994054,24.578247039994054,24.40976703997347,24.53067779541016,727000
2017-02-24,24.44742465026301,24.66545867919922,24.38994460143609,24.66545867919922,119000
2017-02-27,24.615905960575905,24.615905960575905,24.500943966421712,24.574281692504883,499500
2017-02-28,24.50094254068945,24.50094254068945,24.308676995381667,24.338409423828125,397500
2017-03-01,24.51680298879381,24.784387313923315,24.453374178987723,24.746726989746094,3366500
2017-03-02,24.72095782180597,24.72095782180597,24.532656220515605,24.56040573120117,760500
2017-03-03,24.498960568702937,24.580228075418564,24.453372355559544,24.562389373779297,220500
2017-03-06,24.467243984080863,24.572297042986268,24.427602639981803,24.53265380859375,287000
2017-03-07,24.522749216153468,24.637713112798668,24.506893430612017,24.544553756713867,109000
2017-03-08,24.56437048067072,24.72492257652848,24.54653177897401,24.641674041748047,173000
2017-03-09,24.66743892809053,24.67536870963537,24.47319236037937,24.61590385437012,161000
2017-03-10,24.705102266297416,24.7764589671604,24.63374745572824,24.76654815673828,140500
2017-03-13,24.750691351768364,24.964759555236977,24.750691351768364,24.942955017089844,1088000
2017-03-14,24.86367388905025,24.86367388905025,24.677355171560684,24.810157775878903,1447500
2017-03-15,24.863671402061097,25.01431269570187,24.756637296130496,24.96674156188965,1719000
2017-03-16,25.174860620054982,25.24423439105752,25.048004914381707,25.097557067871094,864000
2017-03-17,25.23829261766069,25.270006077901424,25.139186400401247,25.14315223693848,373500
2017-03-20,25.13720291605496,25.228379341624183,25.004400333263447,25.08368492126465,668500
2017-03-21,25.14116540078508,25.174861774043336,24.58815434469709,24.61590385437012,748000
2017-03-22,24.615903567304613,24.78041959575816,24.604011730566388,24.778438568115234,364000
2017-03-23,24.778441885362348,24.86961831677577,24.71104913060945,24.76654815673828,249000
2017-03-24,24.835159105211893,24.96603742683613,24.72609320681127,24.81532859802246,228500
2017-03-27,24.613057964563183,24.874814569306672,24.52779020024597,24.81334114074707,771500
2017-03-28,24.84705571331881,24.99974834585721,24.82722709771874,24.954137802124023,626500
2017-03-29,24.918443502419773,25.096914274359435,24.89663108047733,25.075101852416992,1274500
2017-03-30,25.06915541448909,25.152441280696028,25.031478204851467,25.061222076416016,974500
2017-03-31,25.0354423998297,25.152439745065383,24.97000323878502,25.07906913757324,354000
2017-04-03,25.098896584580803,25.18020052587451,24.821277060438725,24.96008682250977,559500
2017-04-04,24.944223716053383,25.03544101859035,24.860935968385125,24.91844367980957,338500
2017-04-05,24.987845426246587,25.200027655098303,24.84705187595352,24.91050910949707,630500
2017-04-06,24.92241171682978,25.003715664973964,24.81731342844672,24.97991943359375,242000
2017-04-07,24.9561209518028,25.015610579318214,24.880766541084064,24.98388290405273,261000
2017-04-10,25.00569445330718,25.06716788575502,24.898612371061,24.97198486328125,146000
2017-04-11,24.928359720946588,25.019577026367188,24.771701364881743,25.019577026367188,328000
2017-04-12,24.98983617936928,25.051309623176053,24.87283882274125,24.896635055541992,331000
2017-04-13,24.86688818194713,25.081052376454164,24.82127952575684,24.82127952575684,295000
2017-04-17,24.88275039769929,25.03940685840136,24.88275039769929,25.02750968933105,652000
2017-04-18,24.95017241964253,25.134592730800097,24.92835999661405,25.126659393310547,400000
2017-04-19,25.18813376612056,25.29521586036592,25.146490834533,25.182186126708984,648500
2017-04-20,25.25952243305517,25.37850358828253,25.16830512333196,25.33686065673828,1691000
2017-04-21,25.35668910764117,25.42014635372822,25.313064260293945,25.360654830932617,280000
2017-04-24,25.62439507218797,25.679918980085805,25.55300638011592,25.671987533569336,324000
2017-04-25,25.76518836604935,25.81079701972986,25.725527351620208,25.74139213562012,558500
2017-04-26,25.757255833331094,25.763203472331625,25.618444179824603,25.68785095214844,474000
2017-04-27,25.84450969536796,25.93969462147355,25.78105433872513,25.90399932861328,672500
2017-04-28,25.905982790319253,25.921845683697693,25.707681493958223,25.9079647064209,553500
2017-05-01,25.989269525076296,26.12411357901925,25.91391510557906,26.09635162353516,649500
2017-05-02,26.1538579731612,26.165755142971204,26.026945372814733,26.11221504211425,296500
2017-05-03,26.19153305210444,26.19153305210444,25.98926605264425,26.07056999206543,372000
2017-05-04,26.14790663366632,26.264903972172785,26.134025657611016,26.22127723693848,1383500
2017-05-05,26.282751410674493,26.433460235595703,26.256973264907025,26.433460235595703,485000
2017-05-08,26.425529086309925,26.46717201611536,26.30654793605068,26.38586807250977,317500
2017-05-09,26.39776869558036,26.427512566549776,26.35215814878225,26.389835357666016,327000
2017-05-10,26.532612033734807,26.77057245080501,26.532612033734807,26.72892951965332,458000
2017-05-11,26.59805347564587,26.59805347564587,26.44734463124053,26.57029151916504,309500
2017-05-12,26.56830600033528,26.635728970954947,26.485020136257805,26.59012031555176,225500
2017-05-15,26.728930883960928,26.90145214786418,26.719015629684243,26.889554977416992,1149500
2017-05-16,26.953006614429427,27.004564794865505,26.88955126518862,26.99861526489257,1234500
2017-05-17,26.78445128793364,26.812213239816742,26.167736925348866,26.17963409423828,664500
2017-05-18,26.094365686106304,26.324392741485934,25.977368351412743,26.23119163513184,326000
2017-05-19,26.492948927623207,26.677369229145903,26.46518697571327,26.532609939575195,593500
2017-05-22,26.57822222155372,26.917317111962653,26.572272690719863,26.90938377380371,390000
2017-05-23,27.046208760058025,27.143375594685192,26.85187509080369,26.986719131469727,270000
2017-05-24,27.13940879076201,27.2960671388797,27.071987718684657,27.286151885986328,224000
2017-05-25,27.401166912482505,27.66490735865976,27.3793544896101,27.57765388488769,814500
2017-05-26,27.534029288439847,27.60938370231562,27.365473760800096,27.464624404907227,2079500
2017-05-30,27.46859450778288,27.57369280784918,27.4348830186516,27.52411842346192,2238500
2017-05-31,27.59550411307428,27.597486029194144,27.355559882676364,27.47057342529297,4718000
2017-06-01,27.5419586829168,27.67878652376809,27.46462235878239,27.664905548095703,2320000
2017-06-02,27.680769722891142,27.93261299482404,27.65697349332944,27.914764404296875,2994500
2017-06-05,27.93856257406107,28.051594199543366,27.93063112737009,27.936580657958984,1909500
2017-06-06,27.89890062337807,28.039694189158062,27.83940910579816,27.881053924560547,4522000
2017-06-07,27.964339814259045,28.00598274193162,27.7600890077037,27.924678802490234,814000
2017-06-08,27.96434067052591,27.99011881605206,27.726380266050093,27.914764404296875,2278000
2017-06-09,27.950460391853987,27.996069045010145,26.611931428519267,27.024396896362305,3283500
2017-06-12,26.72892879244728,26.91334721236716,26.14790779705936,26.869722366333008,2758500
2017-06-13,27.04025936039085,27.183036739061443,26.87567145020673,27.11759757995605,1220000
2017-06-14,27.17113685236216,27.278218937538263,26.726943728574103,26.99464988708496,1214500
2017-06-15,26.705131386368443,26.966888015612344,26.498898661371285,26.905414581298828,1091500
2017-06-16,26.89153294903774,26.99266739314031,26.76858608341082,26.93515968322754,395000
2017-06-19,27.11165103051389,27.37142577951385,27.11165103051389,27.34762954711914,1272500
2017-06-20,27.345643493740624,27.434878885106063,27.16320698779325,27.175106048583984,397000
2017-06-21,27.4745387152256,27.60145131712456,27.44876056808461,27.56377410888672,1155000
2017-06-22,27.881055996520928,27.958392327524432,27.67878898222837,27.87907218933105,1311000
2017-06-23,27.87114086814031,28.11505081424522,27.762074968456165,28.009950637817383,520500
2017-06-26,28.10315232361862,28.2320487333412,27.801736547468884,27.87114143371582,711500
2017-06-27,27.782856919004058,27.812616444918067,27.36425018310547,27.36425018310547,764500
2017-06-28,27.50907359516411,27.651915142186294,27.24917868192048,27.64398002624512,580500
2017-06-29,27.558670087290267,27.558670087290267,26.878185669181967,27.124191284179688,954000
2017-06-30,27.14601490337249,27.338455657171234,27.136096954345703,27.136096954345703,543000
2017-07-03,27.24521261201548,27.24521261201548,26.74129677392033,26.755184173583984,1207000
2017-07-05,26.85239664909664,27.157921341426064,26.85239664909664,27.080547332763672,731000
2017-07-06,26.876200804635904,27.02102707158712,26.80477908761423,26.87421607971192,818000
2017-07-07,26.96944822230433,27.38805684129108,26.96944822230433,27.27497291564941,620500
2017-07-10,27.272986623635244,27.49915446192505,27.21545419355681,27.42376518249512,355000
2017-07-11,27.350360380926325,27.566608376071898,27.288858501314778,27.4832820892334,331500
2017-07-12,27.72135556807721,28.070527200936457,27.65390329019553,28.05465507507324,845000
2017-07-13,28.10623488177231,28.145914247263537,27.866179639792712,27.93363380432129,1014000
2017-07-14,28.024894187815303,28.12408881389368,27.95347246774525,28.07449150085449,374500
2017-07-17,28.12012562883309,28.147900431176872,27.997123743603424,28.08044815063477,267000
2017-07-18,28.04076447062357,28.185590744018555,27.97529503344479,28.185590744018555,306500
2017-07-19,28.21336918451745,28.46334429147991,28.21336918451745,28.439537048339844,838500
2017-07-20,28.44747026299564,28.471277504543625,28.25701422262806,28.45342254638672,417000
2017-07-21,28.32645035381997,28.41771175895913,28.27090075591625,28.3403377532959,370000
2017-07-24,28.31454721084868,28.491115842980108,28.29272280345032,28.48714828491211,825500
2017-07-25,28.50698965060659,28.665703334795964,28.417712966748024,28.61610412597656,612500
2017-07-26,28.68553931060486,28.79862322913561,28.635941996941163,28.796640396118164,371000
2017-07-27,28.889880772756285,28.90575100284065,28.00703394976213,28.32049369812012,1718000
2017-07-28,28.11219139395613,28.366134073655367,28.06854446375317,28.29074478149414,674000
2017-07-31,28.34628614271741,28.38398077783362,28.054648901767365,28.201459884643555,634500
2017-08-01,28.308594553245367,28.36612887451081,28.20939803479274,28.296689987182617,527000
2017-08-02,28.36017752327058,28.36017752327058,27.69357856234169,27.93363380432129,783500
2017-08-03,28.01497543867646,28.171704391921068,27.919746474871545,28.100282669067383,428500
2017-08-04,28.21336385538096,28.26693061533216,27.997117766730828,28.08440971374512,1200500
2017-08-07,28.13797757725819,28.175672218121548,28.011008146998787,28.082427978515625,474000
2017-08-08,28.03283032013244,28.13996195811341,27.84237428505697,27.91974639892578,671000
2017-08-09,27.729288442331075,27.893954392045067,27.57850989117049,27.86419486999512,1443000
2017-08-10,27.669771037960963,27.74912976813036,27.276954405300543,27.308698654174805,1146500
2017-08-11,27.20751430985347,27.661832771444733,27.20751430985347,27.592395782470703,386500
2017-08-14,28.014975960900887,28.086395793069613,27.872132512530783,28.03679847717285,561500
2017-08-15,28.086396624454725,28.088381349636528,27.91578026342573,28.05267143249512,372000
2017-08-16,28.14590902700858,28.39984972939189,28.06655220276081,28.346284866333008,440000
2017-08-17,28.20940113467445,28.38398695065536,27.82253675141521,27.846343994140625,801000
2017-08-18,27.79079519507878,28.024898178631744,27.71738873954676,27.83444023132324,406000
2017-08-21,27.95545581374685,28.03282981824669,27.79475930566057,27.997119903564453,719000
2017-08-22,28.235187935360813,28.52484046149205,28.16971850285148,28.48119354248047,563000
2017-08-23,28.393904524068788,28.524843402588107,28.30859540212044,28.354225158691406,500000
2017-08-24,28.495083090287988,28.495083090287988,28.22725305744854,28.407791137695312,229000
2017-08-25,28.63197345046131,28.703395168965063,28.42763002775977,28.475242614746094,159500
2017-08-28,28.582380276008728,28.582380276008728,28.34232688942361,28.512943267822266,379500
2017-08-29,28.22923758129921,28.643876718179847,28.20146278330782,28.56451988220215,693000
2017-08-30,28.57642546014496,29.00693673627272,28.538730819819506,28.969242095947266,368000
2017-08-31,29.183504124119093,29.28071591637636,28.989080539604554,29.22516632080078,344000
2017-09-01,29.342219978609208,29.342219978609208,29.10216472956409,29.207313537597656,2756500
2017-09-05,29.18945388857461,29.209291676699834,28.84424988697125,29.10811233520508,432000
2017-09-06,29.10811745836085,29.21723382632669,28.91369385640203,28.9771785736084,902000
2017-09-07,29.000984857963832,29.36801142499216,29.000984857963832,29.28468513488769,1170000
2017-09-08,29.274765270506407,29.407688875935698,29.199377880878195,29.229135513305664,650000
2017-09-11,29.39975230506231,29.63385525479256,29.39975230506231,29.600128173828125,1067500
2017-09-12,29.717182915053733,29.717182915053733,29.35214105135138,29.566404342651367,834500
2017-09-13,29.610047395375258,29.610047395375258,29.417606646621223,29.45530128479004,265000
2017-09-14,29.500932098057635,29.500932098057635,29.1954074238268,29.397768020629883,334500
2017-09-15,29.179538715849624,29.233103590379624,29.01090519170762,29.151763916015625,602000
2017-09-18,29.163666885411224,29.306510336300256,29.14779665221224,29.203346252441406,340500
2017-09-19,29.19342342691237,29.304522616015603,29.15969634678713,29.24698829650879,4814500
2017-09-20,29.18151878665684,29.19342335232529,28.87202845951944,29.094226837158203,1023500
2017-09-21,29.00297242363376,29.080344546003104,28.81251447561721,28.893856048583984,350500
2017-09-22,28.808543433863324,29.05256623124293,28.808543433863324,29.00098419189453,418000
2017-09-25,28.987093207013125,28.987093207013125,28.330414176073315,28.47920799255371,754500
2017-09-26,28.72366947854575,28.72366947854575,28.3645248789821,28.46770477294922,840000
2017-09-27,28.521278112591503,28.91812502667212,28.521278112591503,28.785181045532227,378000
2017-09-28,28.773275665687155,28.812959220496733,28.646284884145214,28.78914833068848,208500
2017-09-29,28.84272245474067,29.033207675279595,28.824864760987992,29.021303176879883,623500
2017-10-02,29.027255741097527,29.249490084970382,28.94788673806572,29.062973022460938,553500
2017-10-03,29.03519378988366,29.201868127547502,29.03519378988366,29.180042266845703,180000
2017-10-04,29.22171028046094,29.25147247314453,28.99749280532828,29.25147247314453,570500
2017-10-05,29.326876325175498,29.543157490151668,29.19393422828381,29.51339340209961,404500
2017-10-06,29.35068292004495,29.68800163269043,29.35068292004495,29.68800163269043,346000
2017-10-09,29.63839753431601,29.63839753431601,29.45188047956721,29.52926445007324,420500
2017-10-10,29.648319614468623,29.648319614468623,29.36854213325766,29.465770721435547,322000
2017-10-11,29.38838487678997,29.51934382422244,29.37251221183226,29.51736068725586,467500
2017-10-12,29.422115517275028,29.799117781665675,29.422115517275028,29.709827423095703,614000
2017-10-13,29.852695663035668,29.86261702521102,29.72371984706248,29.78721618652344,366500
2017-10-16,29.85467538236846,29.85467538236846,29.68204786335348,29.70784378051757,380500
2017-10-17,29.709825729441743,29.71379578754374,29.561009104410697,29.69593620300293,866000
2017-10-18,29.781259581443017,29.781259581443017,29.5729166765305,29.70784378051757,1930000
2017-10-19,29.70784474707501,30.08683204650879,29.70784474707501,30.08683204650879,479500
2017-10-20,30.269381727849165,30.473756478826573,30.186044560983014,30.406293869018555,740000
2017-10-23,30.57296954128757,30.57296954128757,30.215808076445505,30.24954032897949,567500
2017-10-24,30.31303398880875,30.37851345875604,30.18405818576661,30.33485984802246,286500
2017-10-25,30.269384239528623,30.44597994953746,30.06103941276905,30.26144790649414,393500
2017-10-26,30.340818144671044,30.519396999030164,30.30708588944639,30.479713439941406,250500
2017-10-27,30.74757798275195,30.9995744898266,30.654319462689774,30.94004821777344,1083500
2017-10-30,30.747581380938907,30.957909331590937,30.747581380938907,30.89441299438477,301500
2017-10-31,30.973778250258427,31.12854806982644,30.884487896957413,31.04917907714844,880500
2017-11-01,31.217839977304983,31.217839977304983,30.70194055306092,30.878538131713867,595000
2017-11-02,30.932116595054307,31.013470634990107,30.78925313317692,30.98767471313477,470500
2017-11-03,31.053151489308696,31.08093054592935,30.81107631238405,31.021404266357425,693000
2017-11-06,31.01148210283754,31.04323121727452,30.801154154300423,30.826950073242188,388500
2017-11-07,31.009496204777445,31.009496204777445,30.65233478376646,30.75749969482422,327500
2017-11-08,30.9023499847762,31.27538409135067,30.876554066605514,31.25752639770508,348000
2017-11-09,31.1027574953079,31.1027574953079,30.49558453937115,30.826950073242188,487000
2017-11-10,30.78726414836282,30.94798717809453,30.68408425881021,30.92814445495605,238500
2017-11-13,30.783296734413096,30.98172018603408,30.783296734413096,30.967830657958984,277000
2017-11-14,30.9499694559947,31.007512594576664,30.781310098611304,30.983701705932617,245500
2017-11-15,30.882507189200485,30.91822257640757,30.69400510714931,30.74956321716309,225000
2017-11-16,30.938066938941457,31.23768525690005,30.8725874640539,31.1900634765625,283000
2017-11-17,31.21586132097002,31.275387603909508,31.059106442051466,31.241655349731445,250500
2017-11-20,31.326974417695823,31.3686430008128,31.19204730679712,31.303163528442383,249000
2017-11-21,31.48769672040832,31.594844773422945,31.372610442954915,31.49166488647461,364500
2017-11-22,31.521426055916283,31.521426055916283,31.340862205765287,31.362688064575195,571000
2017-11-24,31.43610995500981,31.60079927109445,31.38650314340063,31.58492660522461,63000
2017-11-27,31.66429367902128,31.66429367902128,31.49563431445609,31.533334732055664,350500
2017-11-28,31.68215188421953,31.74961449575002,31.517460683223167,31.71191596984864,213000
2017-11-29,31.54722289683999,31.54722289683999,30.47772361462973,30.578920364379883,2450500
2017-11-30,30.69400583383928,30.93608100243229,30.60868363759544,30.91425514221192,1024000
2017-12-01,30.88052275880734,30.98370264863548,30.28525430920702,30.78131103515625,1409000
2017-12-04,30.870602267365527,30.932113575609154,29.729672143983983,29.73959350585937,2276500
2017-12-05,29.73761325887693,30.15826920328153,29.52331522769362,29.81698226928711,1789000
2017-12-06,29.76340405535584,30.22969670432616,29.682050024292263,30.20191764831543,984000
2017-12-07,30.186044938771616,30.549157695649864,30.158265882801903,30.45193099975586,1529500
2017-12-08,30.71384673343928,30.82297981267372,30.517408326200965,30.590824127197266,631000
2017-12-11,30.65829130055178,30.8706023901494,30.614637686587702,30.85869789123535,366000
2017-12-12,30.882509048984744,30.98172077668666,30.678134290225465,30.771392822265625,416500
2017-12-13,30.89243050427548,31.01346809336093,30.79321877627396,30.852745056152344,718500
2017-12-14,30.98370364521111,31.080930342747813,30.846791500015016,30.85869789123535,718000
2017-12-15,30.86068124368033,31.28728842900071,30.743611828675068,31.249588012695312,915500
2017-12-18,31.48174481023872,31.48174481023872,31.19204786020593,31.23173141479492,696000
2017-12-19,31.23808067514984,31.23808067514984,30.95433332300504,31.03568649291992,416000
2017-12-20,31.13291506451793,31.13291506451793,30.769797697061787,30.90671157836914,217000
2017-12-21,31.02378183753916,31.057514516626263,30.84718200902325,30.88091468811035,306000
2017-12-22,30.91861666415437,30.91861666415437,30.688443065807185,30.74598693847656,598500
2017-12-26,30.68050751266674,30.682492567228284,30.53962540870831,30.65669631958008,178000
2017-12-27,30.6328830230391,30.78368660478933,30.6229615355734,30.70233154296875,167000
2017-12-28,30.75987776626508,30.77575252589056,30.648760125877867,30.77376747131348,300500
2017-12-29,30.90274236708172,30.90274236708172,30.65867907549,30.670583724975582,933000
2018-01-02,30.84123048816453,31.01187515258789,30.670583931410928,31.01187515258789,865500
2018-01-03,31.13490259800303,31.424603250175835,31.02775317133161,31.388887405395508,409000
2018-01-04,31.537705055942084,31.7579552822952,31.52381535088385,31.63294982910156,917000
2018-01-05,31.73017734931792,31.970270548992687,31.73017734931792,31.95638084411621,433000
2018-01-08,31.966311957114147,32.15084448959057,31.77979247727421,32.134971618652344,473500
2018-01-09,32.2857704491029,32.2857704491029,31.94646422908161,32.13100051879883,387000
2018-01-10,31.964320260068416,32.13496684361319,31.88891845732357,32.13100051879883,658500
2018-01-11,32.234179339822674,32.44649124145508,32.14488783753715,32.44649124145508,348000
2018-01-12,32.55165296767559,32.847306826429694,32.456408212758014,32.791744232177734,716000
2018-01-16,33.01994795834765,33.095349766709624,32.263946712172945,32.37308120727539,1067500
2018-01-17,32.541734057606675,32.849294499124326,32.480221969303145,32.82548141479492,340000
2018-01-18,32.754051697521504,32.99216363180776,32.754051697521504,32.91080856323242,472500
2018-01-19,33.02390738995171,33.15090167552338,32.91477291763031,33.13502502441406,272000
2018-01-22,33.16677338764447,33.40885162353516,32.99612683294761,33.40885162353516,378500
2018-01-23,33.547749076192304,33.60132473007971,33.43464828212821,33.54973602294922,463000
2018-01-24,33.71244452817865,33.71244452817865,33.305672977306145,33.35726547241211,776000
2018-01-25,33.579496517520724,33.61918246495922,33.281859481052486,33.371150970458984,366000
2018-01-26,33.575528967992724,33.940631386001954,33.573545805867724,33.93864822387695,561000
2018-01-29,33.922772378144664,33.96840781097486,33.49615790978469,33.53981018066406,485500
2018-01-30,33.33344815387287,33.44655272550097,33.14692874267838,33.21637725830078,590500
2018-01-31,33.57950180747176,33.85927907626934,33.547752287587244,33.7640380859375,1099000
2018-02-01,33.63506091512606,33.964447521171344,33.551722682463165,33.65688705444336,316000
2018-02-02,33.61124368361336,33.61124368361336,32.9485042286513,32.99017333984375,1456500
2018-02-05,32.61911557113221,33.363210038696515,31.94843972629069,31.96828269958496,1304500
2018-02-06,31.335308519825062,32.553639934159655,31.06941908899012,32.482208251953125,1381500
2018-02-07,32.492128422459274,32.95049244793894,32.31354542912024,32.42267990112305,602000
2018-02-08,32.50601707562208,32.50601707562208,30.924568325437622,30.94837951660156,850000
2018-02-09,31.192443358831465,31.847244504272748,30.33921435529208,31.5773868560791,2020500
2018-02-12,31.89883763914578,32.277829765382265,31.69247523613426,32.06749725341797,755000
2018-02-13,31.99209100722232,32.339337352141385,31.813511822417723,32.26591873168945,801000
2018-02-14,32.00201667224362,32.88897831266477,32.00201667224362,32.863182067871094,926500
2018-02-15,32.90683374293345,33.680694580078125,32.90683374293345,33.680694580078125,758000
2018-02-16,33.577520587464086,33.908890372159355,33.54577106574303,33.61720275878906,617500
2018-02-20,33.55965572372247,34.01007952396065,33.36916619137233,33.79776763916016,1413000
2018-02-21,33.91682168795745,34.164853198447645,33.565608978271484,33.565608978271484,751000
2018-02-22,33.771972171069685,33.82554782635976,33.3949632065514,33.460445404052734,913000
2018-02-23,33.579498413235974,34.14897627402101,33.579498413235974,34.1370735168457,442000
2018-02-26,34.26208280767269,34.47836481184463,34.19660060849893,34.45455551147461,639500
2018-02-27,34.555749787364626,34.5835291937657,34.14500817729707,34.16088104248047,562000
2018-02-28,34.44264402988787,34.63709986800384,34.04777908325195,34.04777908325195,708000
2018-03-01,34.27398985271076,34.341451430411944,33.482272887723965,33.760066986083984,1863500
2018-03-02,33.385043883271585,34.492253916768234,33.345357932017635,34.43669509887695,1020000
2018-03-05,34.27199535280112,34.88116285737468,34.14302171250677,34.766075134277344,1475000
2018-03-06,34.97046229869293,34.97046229869293,34.625202835471235,34.891090393066406,613000
2018-03-07,34.8176714897825,35.492313685757765,34.8176714897825,35.46255111694336,802000
2018-03-08,35.58557207985054,35.79590455859629,35.51215346077382,35.71256256103516,1885000
2018-03-09,36.00821836349685,36.180848068801566,35.855431631575,36.1689453125,1184500
2018-03-12,36.31379283176416,36.33164885717951,36.053854820408105,36.11139678955078,1073000
2018-03-13,36.35546724701311,36.35745040909114,35.64510540304903,35.73042678833008,595000
2018-03-14,35.924885600575955,35.962588391125884,35.5260504797435,35.74233627319336,969000
2018-03-15,35.740343828876846,35.863367992810296,35.522078691418955,35.704627990722656,635000
2018-03-16,35.79987069255478,35.94472098344777,35.55382237882094,35.60343170166016,976000
2018-03-19,35.496282586097955,35.52207883001114,34.82560673697651,35.19467544555664,1302000
2018-03-20,35.07363257172481,35.35737985503178,34.86528327673419,35.202606201171875,665000
2018-03-21,35.20261256879207,35.46056744366552,35.0061735619927,35.073638916015625,1276500
2018-03-22,34.723781005830375,34.95199527505797,34.22767027016514,34.23759460449219,748500
2018-03-23,34.28918949590139,34.28918949590139,33.40809631347656,33.40809631347656,968000
2018-03-26,34.14630794434681,34.74163925693499,33.88436156120414,34.69798278808594,1169000
2018-03-27,35.07106554781183,35.07106554781183,33.219578910861095,33.45572662353516,1270000
2018-03-28,33.40016036246156,33.52319637892364,32.87428415550976,33.060821533203125,1824500
2018-03-29,33.33665607358933,34.00739647617566,32.90801719164038,33.675994873046875,2416000
2018-04-02,33.48350713479733,33.703780442079506,32.534945837376924,32.9119873046875,998500
2018-04-03,33.22751117095323,33.34856382401436,32.773073561303235,33.219573974609375,1945500
2018-04-04,32.67583746964595,33.930005378135746,32.534943713117734,33.83673858642578,1568500
2018-04-05,34.16219151157826,34.21775568141017,33.69386277440917,33.89627456665039,2585000
2018-04-06,33.52716948048044,33.84468009638408,32.94374192587058,33.15409469604492,1466500
2018-04-09,33.47358242793975,33.98953802890096,33.36642081715287,33.39221954345703,2256000
2018-04-10,33.94588738425726,34.229662067239445,33.610515239810105,34.09075164794922,1817500
2018-04-11,33.88238164118791,34.334835957552905,33.818880277055534,33.95977783203125,1068000
2018-04-12,34.104639188928545,34.61860768754189,34.104639188928545,34.4737434387207,515500
2018-04-13,34.63249701962309,34.67020343342829,33.928020694562626,34.13241958618164,873000
2018-04-16,34.44992757281411,34.660276507174466,34.18004399296209,34.521366119384766,1732500
2018-04-17,34.779344529369226,35.40246175185292,34.76347013676597,35.29927062988281,1693000
2018-04-18,35.44413494723603,35.57113765838346,35.09288846122035,35.45207214355469,2091000
2018-04-19,35.40643574532353,35.40643574532353,35.03137759395687,35.14448928833008,1559000
2018-04-20,35.01350971554261,35.02740075566883,34.54319770411944,34.69599914550781,3184500
2018-04-23,34.771406636357575,35.11074921288023,34.50350639516704,34.6602783203125,1087500
2018-04-24,34.92024407224402,35.1325801718715,33.79506600004376,34.06891632080078,1580500
2018-04-25,34.12249688241612,34.158216160079434,33.330703789943435,33.838722229003906,1321000
2018-04-26,34.142340645378844,34.76148738795771,34.074868798105925,34.59280776977539,1068500
2018-04-27,34.69005219550076,34.8388831594651,34.28522485767097,34.51343536376953,597500
2018-04-30,34.658296552521115,34.77736207015387,34.26140644704586,34.46778869628906,823500
2018-05-01,34.38840902966746,34.78926579522911,34.21774607664865,34.77140426635742,1037000
2018-05-02,34.658302138687944,34.91429474611987,34.48962249191486,34.580909729003906,1336500
2018-05-03,34.46580430815928,34.9976343083037,34.16416813986038,34.76545333862305,2135500
2018-05-04,34.54915069652412,35.46794646010971,34.53724300955945,35.29927062988281,1142000
2018-05-07,35.49573499349283,35.81324939845955,35.41635923102002,35.6723518371582,1391000
2018-05-08,35.61082635872712,35.858881715123964,35.463978768667786,35.85094451904297,900000
2018-05-09,35.99977575383432,36.5097774565404,35.866815431049595,36.43635177612305,1433500
2018-05-10,36.60900912746249,36.793563167995295,36.37682811566234,36.7637939453125,1073000
2018-05-11,36.61099130798944,36.61099130798944,36.241887023771305,36.37484359741211,529000
2018-05-14,36.48398373958943,36.5633594886144,35.84499211657932,35.96207427978516,1985000
2018-05-15,35.664411716229004,35.825150366204966,35.46001280469765,35.80530548095703,900500
2018-05-16,35.90254110634492,35.981920643660224,35.70409983310599,35.844993591308594,549500
2018-05-17,35.7874464769955,36.049392897029634,35.54335780354,35.771568298339844,675500
2018-05-18,35.65845806758246,36.15456884642525,35.65845806758246,36.00970458984375,976500
2018-05-21,36.33713694115858,36.376822924029845,35.87475833671858,36.04343795776367,564500
2018-05-22,36.25577853923164,36.25577853923164,35.777525482458,35.81919860839844,925000
2018-05-23,35.521530208409274,36.2835578918457,35.4917647735568,36.2835578918457,1342000
2018-05-24,36.32324878277052,36.34706037438248,35.88666887132719,36.26569747924805,843000
2018-05-25,36.184329986572266,36.36690063916632,36.11686192639835,36.184329986572266,523500
2018-05-29,36.07320375129709,36.1148768724964,35.71600340671759,35.944217681884766,1397000
2018-05-30,36.31331994125988,36.48398290755461,36.16250185802495,36.337135314941406,1600500
2018-05-31,36.390719010583474,36.66854363935576,36.27760731992216,36.30538940429688,892000
2018-06-01,36.50978589113099,36.912626087645855,36.43040634963602,36.89873504638672,3101000
2018-06-04,37.08130138943456,37.19441305932524,36.78760241924424,37.17456817626953,1582500
2018-06-05,37.25791889810402,37.49208324730905,37.22617010941344,37.45834732055664,1396500
2018-06-06,37.59527672342129,37.70243835449219,37.4266008641728,37.70243835449219,921000
2018-06-07,37.70244164033755,37.74212763213259,36.68045070484969,37.06344985961914,1858500
2018-06-08,36.966203261904994,37.35515237888526,36.86499549196596,37.33134078979492,682000
2018-06-11,37.392851424668,37.52382460141794,37.30355135938287,37.43452453613281,2965000
2018-06-12,37.56947240193507,37.85325083272091,37.563522343338825,37.817527770996094,526500
2018-06-13,37.890948251399394,38.19456773913377,37.84332129400734,37.96040344238281,1842000
2018-06-14,38.10725535877001,38.45255178543512,38.063598886616425,38.16679000854492,1278500
2018-06-15,37.998110725388514,38.10725189585451,37.63495658630892,38.06756591796875,690000
2018-06-18,37.8472932175206,38.32554237712147,37.68258410551542,38.29974365234375,1396500
2018-06-19,37.90087772020247,38.031850924522274,37.444452965432326,38.01994323730469,1087500
2018-06-20,38.0239160847586,38.25609709788131,37.859206930067714,37.88302230834961,1129500
2018-06-21,37.94652006376741,38.03185344778891,37.378970735735095,37.47819137573242,1033500
2018-06-22,37.357137687997565,37.357137687997565,36.652657608629255,36.83721160888672,3866000
2018-06-25,36.57526900075811,36.57526900075811,35.749739973568914,36.10098648071289,3478500
2018-06-26,36.26930120945703,36.55115135799002,36.17799492082563,36.28915023803711,846500
2018-06-27,36.465798388833306,36.61267665022786,35.47138595581055,35.47138595581055,1574000
2018-06-28,35.57261536792785,36.239524533483,35.49321925632464,36.114479064941406,2275000
2018-06-29,36.29113573027976,36.52931651293265,36.17601287336887,36.259376525878906,1887000
2018-07-02,36.05096887721266,36.88460922241211,36.05096887721266,36.88460922241211,1244000
2018-07-03,37.05133897539849,37.05133897539849,36.626578026933,36.648414611816406,1537000
2018-07-05,36.90247390271851,36.9858413517085,36.66429308959667,36.96003723144531,1439500
2018-07-06,36.96598546798127,37.535637060753245,36.91834855702327,37.46815490722656,646000
2018-07-09,37.7083196182839,37.77779311085697,37.28157875640559,37.66068649291992,1250500
2018-07-10,37.777789629511794,37.863137036859406,37.59518085585088,37.654727935791016,881500
2018-07-11,37.35501296062193,37.97627273673284,37.31730245965399,37.908790588378906,1254500
2018-07-12,38.301797352027,38.95680018274109,38.2422502634838,38.929012298583984,2493500
2018-07-13,38.96473784837583,39.006419673339565,38.60944666679574,38.948856353759766,1459500
2018-07-16,38.96275248653304,38.99848301206716,38.64319181050683,38.71663284301758,1182500
2018-07-17,38.537995342277206,39.097724359808026,38.33950882792727,39.04214859008789,1396000
2018-07-18,39.09176935710035,39.149332680017885,38.83770707247864,39.10566329956055,793500
2018-07-19,39.048105365430246,39.048105365430246,38.79404307037897,38.88336181640625,1694500
2018-07-20,39.0540538281283,39.12749106550877,38.85159601904321,38.8654899597168,1482000
2018-07-23,38.88534668533767,39.00245332074361,38.60548404945532,38.99451446533203,883000
2018-07-24,39.24460612542492,39.24460612542492,38.36134503320535,38.52807235717773,1556500
2018-07-25,38.52806707366243,39.1691759475543,38.52608330650119,39.139404296875,813500
2018-07-26,39.00245168960819,39.27239169139073,38.77419351635498,39.02230072021485,3222000
2018-07-27,39.038179800823634,39.038179800823634,37.688479744529246,38.02391815185547,3666500
2018-07-30,37.962385058422655,37.962385058422655,36.43206004299254,36.696048736572266,6121500
2018-07-31,36.77146611041214,37.12675727879141,36.40426855378216,36.82307434082031,3902000
2018-08-01,36.95010259893085,37.333181639434926,36.94415129787072,37.03545379638672,2217500
2018-08-02,36.75956016481511,37.692441785205865,36.75956016481511,37.66267013549805,2677000
2018-08-03,37.80756731088952,37.89886981938505,37.28158127115265,37.61701965332031,1634000
2018-08-06,37.72023211450442,37.91077977095034,37.50388412668524,37.881004333496094,1441500
2018-08-07,38.089418616605,38.212480333649225,37.87108306792553,37.988189697265625,2034500
2018-08-08,38.04773583687441,38.11720554865937,37.80359617618839,38.0695686340332,602500
2018-08-09,38.033843207305125,38.46852675568413,38.033843207305125,38.24225234985352,793000
2018-08-10,38.051699831785314,38.43676264746919,37.95245847727123,38.26010894775391,2329500
2018-08-13,38.41096525688591,38.58761898752739,38.04178387051231,38.08148193359375,1427500
2018-08-14,38.17079595354693,38.39111146897751,37.94055024485276,38.35737228393555,1646000
2018-08-15,38.16682585724261,38.36134104833805,37.53563958398073,37.81550598144531,2256500
2018-08-16,38.14896562741769,38.19859010116701,37.9365889316297,37.990177154541016,782500
2018-08-17,37.9484841666552,37.960394339719066,37.57334778747581,37.85519790649414,1684000
2018-08-20,37.922693153586216,38.03781223542882,37.734129248415975,37.9564323425293,1217000
2018-08-21,38.087429861455455,38.359357405074654,38.063613297206025,38.07353591918945,510000
2018-08-22,38.06560059861954,38.50623925757524,38.063616831201735,38.468528747558594,1134500
2018-08-23,38.46852556195216,38.843662006898256,38.43676635681892,38.65311813354492,1838000
2018-08-24,38.97268023044732,39.6733362496665,38.97268023044732,39.66936492919922,2339500
2018-08-27,39.94327707418085,39.97304872794338,39.45698527643793,39.65547180175781,1473500
2018-08-28,39.77257696793236,39.849985536348456,39.58004553763114,39.81028747558594,1097500
2018-08-29,39.80036456075831,40.34223210731898,39.80036456075831,40.270774841308594,1689000
2018-08-30,40.030609095517256,40.09213995749639,39.83411011931809,39.90159606933594,1079500
2018-08-31,39.75272848970124,39.93136597979832,39.75272848970124,39.86586380004883,1414000
2018-09-04,39.72493871204494,40.05442579079065,39.61974226180701,40.028621673583984,1139500
2018-09-05,39.89960255307709,40.00678655012381,38.69876471897005,38.96076583862305,3225500
2018-09-06,38.960764734563824,39.28231293077695,38.81388647037967,39.17512893676758,2345500
2018-09-07,38.95680309420528,39.63363877222442,38.88336205809487,39.3994255065918,1394000
2018-09-10,39.64554429605958,39.8023451866573,39.35376773902504,39.73883056640625,1081000
2018-09-11,39.673334338533,40.239018436031856,39.66340793075073,40.15763854980469,1504000
2018-09-12,40.24298562495158,40.47521510662648,39.83608998312484,40.423606872558594,1610500
2018-09-13,40.63202193040593,40.8523412487752,40.45735197523853,40.5823974609375,1335000
2018-09-14,40.73125860712378,41.019063839309,40.60224181583126,40.79278945922852,1801000
2018-09-17,40.828516224638015,40.86821428134288,39.83211998772519,39.87975311279297,2701500
2018-09-18,39.85792465795959,40.342232673708,39.69318111192703,40.06633758544922,2203000
2018-09-19,40.19138102974374,40.19138102974374,39.296209863834925,39.58004379272461,2784500
2018-09-20,39.82219959837276,39.99885332733391,39.47683478164373,39.90755081176758,1646500
2018-09-21,40.18740996214685,40.2727611681416,39.776546784812986,39.83609008789063,1137000
2018-09-24,39.711042900625394,40.145726409148445,39.371633215907565,40.12587738037109,2006500
2018-09-25,40.27672709834855,40.48116868817093,40.193363448708006,40.44940948486328,618000
2018-09-26,40.55857854739629,40.71538323017843,40.31841021230813,40.36207580566406,987000
2018-09-27,40.47918801288816,40.72332770187221,40.47918801288816,40.59232711791992,800500
2018-09-28,40.54270488051149,40.84440031549341,40.493080408968375,40.68362808227539,4366000
2018-10-01,41.01311372742344,41.01311372742344,40.44941336883803,40.57843017578125,1514000
2018-10-02,40.5764392549971,40.5764392549971,39.89166106532737,39.98296356201172,2216500
2018-10-03,40.111985967793856,40.37597087412757,39.96510768855925,40.14771270751953,833000
2018-10-04,40.05839633171304,40.05839633171304,38.94092199720431,39.26247024536133,2422500
2018-10-05,39.24659135883603,39.58600107483409,38.50623728188846,39.02230072021485,1705500
2018-10-08,38.88336182277252,38.88336182277252,37.555490807833706,38.03781127929688,3895000
2018-10-09,37.98024715869281,38.41294689367779,37.74206260270541,37.92070007324219,4314000
2018-10-10,37.750005679907645,37.77779735154563,36.05096953845378,36.0926513671875,8367500
2018-10-11,35.93385928176781,36.71390755923434,35.70162981035937,35.894161224365234,9976500
2018-10-12,37.01957572390361,37.3490627987963,36.44595277946173,37.17241287231445,4308000
2018-10-15,37.17241881389309,37.17440258141354,36.432064660649225,36.61665725708008,5573500
2018-10-16,37.35502122453958,38.11522057104767,37.2637187094265,38.02590560913086,7190500
2018-10-17,38.02193383255242,38.02987268779544,37.55350730087417,37.96834182739258,2370000
2018-10-18,37.75794381569665,37.75794381569665,36.70001294171419,36.9481201171875,3748500
2018-10-19,37.23989664644572,37.382807393414055,36.28319837037537,36.299076080322266,5399000
2018-10-22,36.48763544116035,36.89254732302128,36.16211967903564,36.70199966430664,5184000
2018-10-23,36.02913255854055,36.755588826072646,35.73934355836591,36.555118560791016,4585500
2018-10-24,36.67024132783496,36.67024132783496,34.917609603657155,34.92753601074219,2671500
2018-10-25,35.48330185002589,36.34671386861842,35.41382834925553,36.15418243408203,2516000
2018-10-26,34.973193334115834,35.890197353142,34.70126577755132,35.181602478027344,3582500
2018-10-29,36.17403069881767,36.49954646854312,34.272536745030685,34.93151092529297,3781500
2018-10-30,35.06250828484,35.55673508894024,34.770731729125885,35.50711441040039,4352500
2018-10-31,35.951730684663204,36.78735487090966,35.951730684663204,36.37450408935547,1660500
2018-11-01,36.52137933663239,36.78933556879233,36.07677316948022,36.75162506103516,4269000
2018-11-02,36.9044582139308,37.06324667066769,36.183953178029846,36.36457443237305,1635000
2018-11-05,36.43801543445368,36.43801543445368,35.80286160805553,36.17005920410156,3437000
2018-11-06,36.0628786392892,36.52137874169587,35.882253601010575,36.1760139465332,1260500
2018-11-07,36.63848314754552,37.68450387756717,36.52137652705417,37.58129119873047,2063000
2018-11-08,37.58129718113271,37.75795091647121,37.16447886514176,37.41456985473633,1483500
2018-11-09,36.92033626176058,37.00965500610601,36.02516505100093,36.42412185668945,1315000
2018-11-12,36.36656311629979,36.36656311629979,35.167708905622334,35.37016296386719,3066000
2018-11-13,35.53490069736785,35.925918592600965,35.19945856533387,35.46940231323242,1368000
2018-11-14,35.800878142088564,36.37052979470348,34.95334384872409,35.12403869628906,1079000
2018-11-15,35.09426274906484,36.10256914428272,34.9652459597121,36.04500961303711,1176000
2018-11-16,35.759195565187106,36.08867886378994,35.566664138066365,35.852481842041016,1640000
2018-11-19,35.76118244109455,35.76118244109455,33.82792914697508,33.91526412963867,4396000
2018-11-20,32.883131571071786,34.03633626965524,32.75213101237718,33.62348556518555,4078500
2018-11-21,34.02839352129547,34.60598775229505,33.97083398923031,34.342002868652344,2419500
2018-11-23,33.988705449733985,34.43529920391122,33.988705449733985,34.30032730102539,604000
2018-11-26,34.68141370209399,35.155795273123694,34.57621725570955,35.104190826416016,2954000
2018-11-27,34.94540719260367,35.028770854329466,34.59408728140962,34.891815185546875,1025000
2018-11-28,35.580560936441266,36.41420133651899,35.298710744365,36.38839721679688,3603000
2018-11-29,36.30899877425988,36.70994313064157,35.9576788867372,36.42809295654297,1886000
2018-11-30,36.64245540486906,36.90246898285,36.40625460488348,36.848880767822266,3285500
2018-12-03,37.72221572973351,37.82939973250628,36.79528914005802,37.10294342041016,2639500
2018-12-04,36.91834910460566,37.214093196024535,35.939814327081585,36.02516174316406,2761500
2018-12-06,35.20938743074309,36.33877182006836,34.94540253711327,36.33877182006836,2485500
2018-12-07,36.199835289663945,36.39037916950078,34.97716074475393,35.18358612060547,1918000
2018-12-10,35.06647825738731,35.896147266276714,34.97517574822753,35.7254524230957,1467000
2018-12-11,36.38441939564733,36.44396647994829,35.471386817922735,35.71751022338867,2063500
2018-12-12,36.447939728140064,36.819104837225645,36.1998325424827,36.20578384399414,1614000
2018-12-13,36.45786295737503,36.55115301735513,35.86240721620024,36.1303596496582,772000
2018-12-14,35.63612967426314,35.88026552226084,35.129988931753715,35.207401275634766,1706500
2018-12-17,34.94328635065572,35.02874023817229,33.89794695730188,34.092708587646484,2040500
2018-12-18,34.44843933637528,34.69089351613311,34.174186333641856,34.44645309448242,2490500
2018-12-19,34.56171723060216,35.27516844739389,33.84826222327274,34.23181915283203,3058500
2018-12-20,34.05494716129738,34.380868984909014,32.88838257679526,33.63363265991211,4112500
2018-12-21,33.83236380055421,33.83236380055421,32.27826991588084,32.41340637207031,3353000
2018-12-24,32.045755370401444,32.43527107085112,31.59463015810612,31.636363983154297,2829000
2018-12-26,31.82515673496108,33.69722366333008,31.82515673496108,33.69722366333008,3141500
2018-12-27,33.07917149735237,34.204002380371094,32.932106190544346,34.204002380371094,2178500
2018-12-28,34.59153197427746,34.6789759037087,33.7548653947244,34.14835739135742,1284500
2018-12-31,34.56172113126239,34.63922626451751,34.15034160850054,34.486202239990234,974500
2019-01-02,33.82243288748669,34.48819169602296,33.66543636436255,34.305355072021484,1533000
2019-01-03,33.856210371777095,33.99731313540507,33.188469261214216,33.226226806640625,3133000
2019-01-04,33.84826831745017,34.96316421197378,33.70319304164626,34.750518798828125,1707000
2019-01-07,34.869752088560496,35.712381054430175,34.77833568908826,35.44210433959961,2406500
2019-01-08,35.83361266077766,36.09594063713184,35.469929487479064,36.00452423095703,1390500
2019-01-09,36.18735998144325,36.40000539282878,35.98266711953429,36.2449951171875,1392500
2019-01-10,36.01843492482692,36.46359570635276,35.87136963189743,36.43775939941406,1242500
2019-01-11,36.2906970440937,36.32448210840303,35.956826465796176,36.31851959228516,593500
2019-01-14,36.07209111700644,36.10786621567212,35.805790652749266,35.930992126464844,1615000
2019-01-15,35.942912418004134,36.618606070972,35.942912418004134,36.58680725097656,1425500
2019-01-16,36.65040810667784,36.77560958781172,36.36820631833583,36.560977935791016,1227000
2019-01-17,36.411924810500224,37.02203460846503,36.368200957276215,36.83125305175781,2325500
2019-01-18,37.12736918077224,37.58843132859914,36.98030765942361,37.47515487670898,3962000
2019-01-22,37.29628969266062,37.34398603215127,36.71400240924686,36.95248031616211,1976500
2019-01-23,37.15717848580107,37.4532915350597,36.594761179246966,36.94254684448242,831500
2019-01-24,37.033965284277485,37.11941918087951,36.72592718512188,37.01409149169922,1752500
2019-01-25,37.32411458067571,37.65997522006463,37.24660944559773,37.576507568359375,1465500
2019-01-28,37.2009023918666,37.34200518883277,36.91870058847277,37.19692611694336,1774000
2019-01-29,37.2823749872509,37.2823749872509,36.64046639091246,36.72989654541016,1683500
2019-01-30,37.0717194561238,37.57054288611095,36.89484916222174,37.56060409545898,2353000
2019-01-31,37.705676261466,38.36745865654994,37.60432486457873,38.20052337646485,8301000
2019-02-01,38.34560530606505,38.62383082134476,38.17866999689722,38.54632568359375,2350000
2019-02-04,38.68344981680536,39.29355967074877,38.6576135089667,39.20611953735352,1596000
2019-02-05,39.36510970187818,39.60160139707373,39.33529711680504,39.57179260253906,1302000
2019-02-06,39.39093731392492,39.44857244419337,38.77685120546457,39.15444564819336,1412000
2019-02-07,38.896093747515984,39.10674910515353,38.57017192047906,38.906028747558594,1474000
2019-02-08,38.57216226692848,39.55788040161133,38.55427471630276,39.55788040161133,1087500
2019-02-11,39.82616614417984,40.00701270871949,39.468445498848965,39.54396438598633,1104500
2019-02-12,39.981173128277945,40.2415148329228,39.77051400018561,40.18984222412109,1922000
2019-02-13,40.4700617042295,40.49987049498997,40.07259347157923,40.18388366699219,1320500
2019-02-14,40.1043951861836,40.54160724119009,39.89572605473992,40.37467193603516,1657500
2019-02-15,40.64693247694488,40.74033891521869,40.31504812869792,40.57538986206055,1635000
2019-02-19,40.555518556636514,40.67873379357386,40.41839204425586,40.629051208496094,1321500
2019-02-20,40.71450082566509,40.76021092183567,40.03880712609001,40.28722381591797,2932500
2019-02-21,40.2435062384649,40.51179673491925,40.024898324938086,40.34088516235352,1456500
2019-02-22,40.61116026754296,40.98279218937764,40.54160389613411,40.97086715698242,3354000
2019-02-25,41.29679380081658,41.34846262491957,41.01061575943097,41.08414840698242,2250500
2019-02-26,40.9688845911614,41.292820203019325,40.84368311139136,41.1815299987793,1329000
2019-02-27,41.129852961728496,41.39615720078946,40.901310061070845,41.36038589477539,2187000
2019-02-28,41.300764351097946,41.46571339697871,41.107992757263226,41.161651611328125,1660500
2019-03-01,41.55912000551096,41.65252264951781,41.014590285742926,41.36038589477539,2456000
2019-03-04,41.67835640564745,41.694253920561486,39.99906104328221,40.587310791015625,6152500
2019-03-05,40.625073704768624,40.625073704768624,40.18388538803553,40.42236709594727,2688000
2019-03-06,40.4760242204892,40.64097327170139,39.98316330875982,40.18388366699219,1913500
2019-03-07,40.11830520629883,40.4263394981615,39.90963608138448,40.11830520629883,1921500
2019-03-08,39.62345740333632,40.1262533276739,39.41280203977842,40.09246826171875,3342500
2019-03-11,40.251451338239086,40.87149992383623,40.227605065195085,40.849639892578125,2659500
2019-03-12,41.00266661785289,41.161653153623774,40.69264230451896,40.9967041015625,1663500
2019-03-13,41.21333237862101,41.61874564601751,41.14973472168084,41.243141174316406,1870000
2019-03-14,41.344492369235866,41.60682035937469,41.14575823931955,41.404109954833984,1910500
2019-03-15,41.44186826158289,41.58296724707149,41.07023633768236,41.42398071289063,1681500
2019-03-18,41.47764183639545,41.7638160973536,41.26102016049792,41.58893203735352,1556000
2019-03-19,41.76977773511149,41.93671303303642,41.53527230501558,41.82939910888672,1348000
2019-03-20,41.82145312227064,42.05198229317829,41.37032599093559,41.66643905639648,2024000
2019-03-21,41.49552445953461,42.66606536063183,41.49552445953461,42.66010284423828,2151000
2019-03-22,42.44348566883734,42.48323325176159,41.39814622305092,41.402122497558594,2010000
2019-03-25,41.25506038904744,41.569057192288206,41.01260241106064,41.425968170166016,2507500
2019-03-26,41.74791786431754,41.99832081217919,41.41603350914083,41.66842269897461,1359000
2019-03-27,41.70816937662484,41.7717632331964,40.6171236525729,41.090110778808594,2830000
2019-03-28,41.1855021724047,41.51142399387378,40.99273057624464,41.39814376831055,923500
2019-03-29,41.72009475441612,41.90292756738915,41.50546311762522,41.896968841552734,1911500
2019-04-01,42.33020442817185,42.51701351481989,41.93075373807471,42.46733093261719,2302000
2019-04-02,42.53887919276914,42.54086543479319,42.0738408025441,42.495155334472656,1865000
2019-04-03,42.75151485109657,42.922426404815376,42.5130369631269,42.6839485168457,2214000
2019-04-04,42.80915123139612,42.80915123139612,41.338524910685074,41.86119079589844,3862500
2019-04-05,41.992354808390125,42.21294894619757,41.91882595614618,42.06588745117188,1834000
2019-04-08,42.06191257768716,42.22884785291322,41.523341626053565,42.111595153808594,1605500
2019-04-09,41.98639807669273,42.20897846687659,41.86119281667633,42.08774948120117,1692500
2019-04-10,42.1871165722784,42.64817484858378,42.18115405629908,42.57464599609375,1389000
2019-04-11,42.70779125968132,42.73164132082972,42.45142584556025,42.672019958496094,1308500
2019-04-12,42.95621369798869,42.96416245592878,42.57861926680037,42.79921340942383,1047000
2019-04-15,42.84889773899814,43.01583301940212,42.5587472400471,42.72766876220703,1573500
2019-04-16,42.94230138303758,42.9601889308726,42.24673390787899,42.481239318847656,1848000
2019-04-17,42.71972668093934,42.71972668093934,41.928766426626346,42.04999542236328,3406000
2019-04-18,41.96652765634008,42.111602928098286,41.56707315085519,42.10564041137695,3372000
2019-04-22,41.95261232144393,42.54483838461482,41.95261232144393,42.52695083618164,1556000
2019-04-23,42.74556003331537,43.24040340182907,42.7137612097617,43.19270706176758,2847500
2019-04-24,43.31393386279756,43.435162844030096,43.10327472228105,43.12712478637695,2115000
2019-04-25,43.43715246240773,43.69153168615688,43.047632973044365,43.50472259521485,1849000
2019-04-26,43.47291890017517,43.864424587658135,43.10923575949112,43.856475830078125,2199500
2019-04-29,44.07309759255145,44.21221033886829,43.926036087950514,43.95584487915039,1340500
2019-04-30,43.96975778270976,44.15656687618987,43.72928983065156,44.0949592590332,1943000
2019-05-01,44.26984138467548,44.26984138467548,43.40336608886719,43.40336608886719,3116500
2019-05-02,43.38945468374504,43.641843866612405,42.88665876938962,43.25431442260742,2124000
2019-05-03,43.42522543558664,43.72531474493584,43.214570078905,43.68755340576172,3138000
2019-05-06,42.82505043030124,43.71140328982558,42.58259625166197,43.64383316040039,1647500
2019-05-07,43.18873135872678,43.30399782116187,42.24474720911811,42.65413665771485,2025000
2019-05-08,42.55079553863949,42.87870738070455,42.356037707626136,42.642215728759766,2671500
2019-05-09,42.18711869459988,42.745559705944046,41.68034650677943,42.59054565429688,3430500
2019-05-10,42.29642270532112,43.00788773681708,41.70220659550252,42.84492492675781,5713500
2019-05-13,41.77971649942144,42.14140964469528,41.14178030920816,41.21531295776367,4789000
2019-05-14,41.49354004669426,42.33815914963514,41.42000739531649,42.1235237121582,1971500
2019-05-15,41.74791540954779,42.66208701400974,41.74791540954779,42.538875579833984,2903000
2019-05-16,42.66606142257282,43.570297987680014,42.66606142257282,43.385475158691406,4116000
2019-05-17,43.06154283797564,43.50273113822036,42.81511617130431,42.89460754394531,2146000
2019-05-20,42.45937884727293,42.53887400499856,41.96055924131913,42.13941955566406,1449500
2019-05-21,42.477263316096135,42.73362873726532,42.451427012654186,42.624324798583984,1365000
2019-05-22,42.419637402999086,42.950255906886994,42.419637402999086,42.76344680786133,1084000
2019-05-23,42.32622999684149,42.32622999684149,41.48757349218084,41.77573776245117,3834000
2019-05-24,41.9228044570728,42.230842555601576,41.76978042412372,41.97646331787109,2127000
2019-05-28,42.1632665117406,42.64022609420834,41.94664864734302,42.0599250793457,4125500
2019-05-29,41.71413130482849,41.912865420533485,41.31666686395649,41.523345947265625,3987000
2019-05-30,41.5849549053694,41.82343661003245,41.372313298945045,41.67438507080078,1889000
2019-05-31,41.06825325563409,41.36833879839255,40.911252951271,40.9887580871582,4106000
2019-06-03,40.95496724810322,41.08414498340326,39.41875706958499,39.6274299621582,10807500
2019-06-04,40.16004178610031,40.98677337451505,39.746675991892936,40.97882461547852,5018500
2019-06-05,41.44583768767531,41.59886169433594,40.93906933190422,41.59886169433594,2539500
2019-06-06,41.66643282045165,41.98043338939764,41.312688462841066,41.86715316772461,4607500
2019-06-07,42.077814670272296,42.70779829483682,42.0321045725664,42.49118041992188,4195000
2019-06-10,42.8846735456725,43.284128031741545,42.73959828096581,42.80319213867188,3191000
2019-06-11,43.222521257705445,43.26624132500386,42.07583039254904,42.30834579467773,3491000
2019-06-12,42.21295303332268,42.45143474209839,42.137434141421885,42.413673400878906,1554000
2019-06-13,42.60048215760443,42.687922283570906,42.379888019805534,42.58060836791992,3004000
2019-06-14,42.56868514005787,42.59054517247591,42.00428161881944,42.19903945922852,2381000
2019-06-17,42.24595475539426,42.58387483462408,42.20222521513423,42.2896842956543,1387000
2019-06-18,42.74090863485072,43.06491442085545,42.6395314749029,42.728981018066406,2513000
2019-06-19,42.92776067265217,43.44855320877552,42.75879872968109,43.37699508666992,2637500
2019-06-20,44.191977513532485,44.44243472851217,43.80635074619955,44.18004989624024,4404000
2019-06-21,44.098547671121366,44.19197434761825,43.83218951307366,43.85604095458984,2167000
2019-06-24,43.93952907192784,44.08861291141393,43.5698070645232,43.65130233764648,2006500
2019-06-25,43.647327002183616,43.6592546187248,42.56001821725726,42.66934585571289,2889500
2019-06-26,42.93968252498897,43.24381021699767,42.70313960706208,42.71109008789063,3252000
2019-06-27,42.933720626627085,43.2855511881906,42.85420823910677,43.213993072509766,2069500
2019-06-28,43.43264835645849,43.48631883891067,43.05695877065257,43.42469787597656,1614500
2019-07-01,44.13035604120754,44.32515609507459,43.85007978620323,44.092586517333984,2420000
2019-07-02,44.118424552774194,44.35099411010742,44.00114643799168,44.35099411010742,2062000
2019-07-03,44.52790829610825,44.88173314833373,44.43846253817135,44.84396362304688,2458000
2019-07-05,44.55175860918116,44.7942653225938,44.07668233501999,44.76445007324219,2315000
2019-07-08,44.64319402254,44.64319402254,44.31123777564934,44.5517578125,1348000
2019-07-09,44.38677630891342,44.81016879716677,44.37087534721512,44.78035354614258,1790500
2019-07-10,45.0705666370925,45.42240100390436,44.99503138251009,45.18188095092773,1860500
2019-07-11,45.23555056034258,45.52775062850706,45.108335287380456,45.43830108642578,1074500
2019-07-12,45.54365523872231,45.59533525840175,45.14013706877861,45.5337142944336,1020000
2019-07-15,45.60925069611398,45.633105929920255,45.201759171278496,45.50787353515625,2231500
2019-07-16,45.55757070872525,45.561544053456245,44.87775341513718,44.98111724853516,1570500
2019-07-17,44.923477858775655,45.34488371483591,44.83601497837679,45.078521728515625,1452000
2019-07-18,44.947324717370016,45.16995713645436,44.75650180418846,45.07653045654297,1224000
2019-07-19,45.42240462327533,45.53371894598037,44.63326341903579,44.635250091552734,2040500
2019-07-22,44.83004616084856,45.112309078848384,44.82010900778972,44.94136047363281,1748500
2019-07-23,45.22958648137639,45.22958648137639,44.54778253504633,44.89166641235352,2443000
2019-07-24,44.85389868590124,45.623161675880894,44.85389868590124,45.595333099365234,2841000
2019-07-25,45.4502314600542,45.4502314600542,45.04870372817173,45.31108856201172,2067000
2019-07-26,45.47408049850804,45.82988817625454,45.468116690638894,45.726524353027344,2351000
2019-07-29,45.74640649872114,45.89151319851948,44.506040510185485,45.16200256347656,4971000
2019-07-30,44.80221996869996,45.10237432782243,44.6531399167212,44.84197616577149,4341000
2019-07-31,44.94732541118281,45.064603535292406,43.68509462487239,44.12041473388672,2596000
2019-08-01,44.26155136457126,45.0586430581555,43.94549602868891,44.080665588378906,3885000
2019-08-02,43.87790866098522,43.8898362782214,42.95558840751114,43.21200942993164,3274500
2019-08-05,42.04916618018332,42.20421383332921,41.11293161800719,41.576080322265625,7477000
2019-08-06,41.99946991382542,42.35528141015509,41.61185649490589,42.0094108581543,2927000
2019-08-07,41.37928846044167,42.228063910602586,41.31766749394103,42.11873626708984,3859000
2019-08-08,42.52821586266759,43.49426938277736,42.52821586266759,43.48234176635742,3336500
2019-08-09,43.31338313730647,43.40084221310037,42.79060018936694,43.07882690429688,1393000
2019-08-12,42.79855109264296,43.0331073279701,42.16445383007559,42.37118148803711,2795000
2019-08-13,42.23402731811625,43.20803136442544,42.16445587133413,43.09473037719727,2119500
2019-08-14,42.353289106417705,42.47255768502619,41.3991632257052,41.62179183959961,3109000
2019-08-15,41.78479334799554,41.844427642141405,41.34748656500449,41.69733047485352,3059000
2019-08-16,42.07500378141051,42.54013911052433,42.03127424360985,42.28371810913086,2048500
2019-08-19,42.91384601824179,42.92776030805302,42.3612477706762,42.50436401367188,1832500
2019-08-20,42.45467167787377,42.73693461708804,42.22409255425634,42.46858596801758,1557000
2019-08-21,42.87408834776736,43.321336070157045,42.75879689699681,43.14243698120117,1259000
2019-08-22,43.23785286798581,43.34320338034396,42.58586411213976,43.0529899597168,2403000
2019-08-23,43.31139353491582,43.865982206854994,42.2698047542064,42.400997161865234,2676000
2019-08-26,42.90390310433165,42.94962310791016,42.39106107729381,42.94962310791016,950500
2019-08-27,43.172254117808365,43.402833238060616,42.54809774293542,42.85023498535156,1752000
2019-08-28,42.45665425419288,42.53616664240607,41.93387508799263,42.343353271484375,4426500
2019-08-29,42.83433115562571,43.18616551687244,42.72301684355119,43.0728645324707,2444000
2019-08-30,43.333260127329225,43.333260127329225,42.40099894567516,42.89396667480469,2999000
2019-09-03,42.60375198869175,42.935708252104114,42.28769668659273,42.48846054077149,2724000
2019-09-04,42.92377933627823,43.11857937622868,42.75283073757591,43.03112030029297,3222500
2019-09-05,43.6413671978721,43.838157723419016,43.22194803038094,43.685096740722656,4185500
2019-09-06,43.826224918225904,43.90971064907307,43.37897722343087,43.432647705078125,2216500
2019-09-09,43.5797430454907,43.7288268809662,42.38907419946533,42.77668762207031,6145000
2019-09-10,42.35130510558612,42.64151850739268,41.9935069299102,42.49044799804688,4455500
2019-09-11,42.55803655444348,42.98341954179649,42.40497935913304,42.8065071105957,4637500
2019-09-12,43.00329459750428,43.347174698798845,42.78662598272846,42.80849075317383,2837500
2019-09-13,42.81047965120286,42.87806063246428,42.42882624880733,42.48846054077149,3881500
2019-09-16,42.208184852199246,42.80650307795269,42.05512767130775,42.73891830444336,1813000
2019-09-17,42.73892293827554,43.01919921581256,42.66935148487271,43.00925827026367,1044000
2019-09-18,42.80848644480157,42.86613406074795,42.19029396055924,42.82637786865234,3375000
2019-09-19,42.99533822780207,43.396869722616906,42.957572497304085,43.138458251953125,4546500
2019-09-20,43.345189396310886,43.45253037089278,42.76277589138816,43.06093978881836,1755000
2019-09-23,43.00329480092203,43.08081672972579,42.74886045260239,42.98142623901367,1239000
2019-09-24,43.09472924365614,43.2935064255306,42.00344710271025,42.17240524291992,2894000
2019-09-25,42.13464036964489,42.6236309579477,41.46873736551433,42.548095703125,4960000
2019-09-26,42.548095041818016,42.80252938087887,42.3473311866527,42.66139602661133,2406000
2019-09-27,42.73693426643312,42.83632096911351,41.26201194057171,41.70130920410156,4132000
2019-09-30,41.72714871139564,42.21812597049585,41.57607820223259,42.11674880981445,1687500
2019-10-01,42.26185560474815,42.4844842329123,41.625771643502304,41.64763641357422,2479000
2019-10-02,41.34350650411032,41.40314079403751,40.62592351816468,41.01950073242188,3500000
2019-10-03,40.949932398890816,41.798707854030354,40.54641800135607,41.764915466308594,3659500
2019-10-04,42.019351187426,42.54014372711664,41.959716891023085,42.49641418457031,4159000
2019-10-07,42.38907526617324,42.80253060505222,42.341368589274936,42.58784866333008,2817500
2019-10-08,42.22607201783942,42.4268358544053,41.64365860371928,41.65558242797852,4264000
2019-10-09,41.99748387168186,42.36720587117277,41.943813387306896,42.212162017822266,2166500
2019-10-10,42.17042158360894,42.40497784088043,42.05513012743967,42.27577209472656,2785000
2019-10-11,42.76675151963668,43.367056482826726,42.69121625717648,43.00925827026367,4826500
2019-10-14,42.97943972288716,43.11261881043014,42.82836920954307,42.99136734008789,837500
2019-10-15,43.154363150128006,43.49626038489867,43.086782163526095,43.35910415649414,2326000
2019-10-16,42.77867671311513,42.77867671311513,42.01537365015292,42.36124801635742,5574500
2019-10-17,42.57393215885608,42.64350360251324,42.11277395843126,42.17041778564453,3277500
2019-10-18,42.13861075587516,42.168429796053374,40.92607721047212,41.343505859375,8506500
2019-10-21,41.57607881274923,41.75497790299779,41.27990159850927,41.6297492980957,4679500
2019-10-22,41.81460940147897,41.8841808503039,40.78494816751041,40.79886245727539,4932500
2019-10-23,40.72730217083286,41.3653727936654,40.61002405028288,40.9658317565918,7705000
2019-10-24,41.44488793603404,42.02531476898949,41.43892412729002,41.94977951049805,5687000
2019-10-25,41.884177161550575,42.1763810122404,41.67943996933688,42.13066101074219,2352000
2019-10-28,42.420877780108256,42.59580352828913,42.13861485093235,42.522254943847656,4231500
2019-10-29,42.42286150684783,42.73494345743003,42.36521767983601,42.37118148803711,1844500
2019-10-30,42.50635151658562,43.130507842171866,42.32745243394307,43.09075164794922,5637500
2019-10-31,43.05099694423353,43.05099694423353,42.54013783762995,42.72102737426758,2722500
2019-11-01,42.98937635263687,43.384940230734095,42.82836491066709,43.21995544433594,2006500
2019-11-04,43.50023515911292,43.73081426929453,43.05298743672324,43.14243698120117,2196500
2019-11-05,43.44855089884948,43.57179282920342,42.91980411828311,43.32332229614258,2610500
2019-11-06,43.33525063776278,43.345187791053256,43.102681062354826,43.26766586303711,1541000
2019-11-07,43.48830990361372,43.77454618667035,43.19610981175346,43.35910415649414,2858500
2019-11-08,43.13448597613963,43.700998487161975,43.08081549183322,43.68708419799805,1273500
2019-11-11,43.48035581367835,43.83616351764765,43.38295579114197,43.74274063110352,1532500
2019-11-12,43.82026454815467,44.17011225107627,43.82026454815467,43.98723602294922,3349000
2019-11-13,43.79441977465516,44.1323398382971,43.79441977465516,44.10451126098633,1028500
2019-11-14,43.98524747243261,44.21582657663307,43.92760364422234,44.1740837097168,2147500
2019-11-15,44.42851731517336,44.651145935058594,44.130353443347154,44.651145935058594,1480000
2019-11-18,44.603437039704446,44.91551897609359,44.462307487014144,44.76047134399414,2816500
2019-11-19,45.034784935583225,45.34288974427128,44.834021089715286,45.26139068603516,3350000
2019-11-20,45.16001624291801,45.62912873264467,45.05863908209622,45.45022964477539,3515000
2019-11-21,45.43631789926373,45.581424608316176,45.080510167326224,45.25543212890625,2379500
2019-11-22,45.46016785966102,45.46811833998857,44.94334872477747,45.26139068603516,2015000
2019-11-25,45.456189855330535,45.74242609844992,45.265363165678174,45.728511810302734,2197000
2019-11-26,45.74839715910572,45.99885817682088,45.70864475192533,45.9670524597168,2140000
2019-11-27,46.11613183257504,46.1976271029048,45.86368416684314,46.18570327758789,3141000
2019-11-29,46.06246034634153,46.23539561894659,46.05053272992482,46.11613082885742,2559500
2019-12-02,46.1658285808308,46.1658285808308,44.85390439058138,45.25543212890625,9227000
2019-12-03,44.47821150564128,45.25741548137994,44.36689719358709,45.2375373840332,4464500
2019-12-04,45.33096720673311,45.34090436041605,44.84396326635647,44.97714614868164,3064000
2019-12-05,45.0685811230316,45.13218876237801,44.80221915710909,45.050689697265625,3331500
2019-12-06,45.23157321450228,45.34686466164892,45.14610080881732,45.26536560058594,3040000
2019-12-09,45.211701735187496,45.39855131080477,45.08050931863241,45.09044647216797,1815000
2019-12-10,45.1023735245649,45.26536786347987,44.84595250333172,44.94533920288086,1452000
2019-12-11,45.02882703361965,45.02882703361965,44.66307835106465,44.931427001953125,1500000
2019-12-12,44.909560837495206,45.28922379851321,44.59151884438607,45.10038375854492,3110500
2019-12-13,45.07851746705198,45.56949472996086,45.0725536585704,45.47010803222656,4743000
2019-12-16,45.77622402118198,46.04656312801755,45.70267922713962,45.9531364440918,1891500
2019-12-17,46.02867601899122,46.02867601899122,45.50987011034852,45.66690444946289,3957500
2019-12-18,45.74243170674536,46.171791811105294,45.71460312703904,45.90542984008789,2362000
2019-12-19,45.94121017384156,46.20558547973633,45.88356634038407,46.20558547973633,2388500
2019-12-20,46.39441787412694,46.52362361189023,46.32484642872196,46.52163314819336,2235500
2019-12-23,46.69456930956327,46.69456930956327,46.43814829287896,46.47591781616211,2140500
2019-12-24,46.50971056595218,46.537539144858,46.38447816951649,46.448089599609375,320000
2019-12-26,46.53157494984686,46.75818071535188,46.422247307522206,46.68661880493164,1953500
2019-12-27,46.883411342340914,46.883411342340914,46.45007789045215,46.72041320800781,2558000
2019-12-30,46.68860907346139,46.71047384356301,45.889526984732896,46.19762802124024,2662000
2019-12-31,46.01872923265756,46.328820734909485,45.99090065391801,46.32286071777344,3620000
2020-01-02,46.6985441265244,47.16367946027545,46.5574145677139,47.159706115722656,2462500
2020-01-03,46.6170494180709,47.10206289393456,46.51567225212247,46.98876190185547,2450000
2020-01-06,46.60711328189889,47.56521642841224,46.53555136675432,47.53738784790039,3098000
2020-01-07,47.54731844287236,47.7679603840255,47.32071269366653,47.66459655761719,2472500
2020-01-08,47.67652610940013,48.42790150143736,47.67652610940013,48.1675033569336,3022500
2020-01-09,48.51735002185512,48.64257861933205,48.30266809319834,48.62468719482422,1952000
2020-01-10,48.801601345110015,48.89701469650748,48.41796126717924,48.53325271606445,2661500
2020-01-13,48.71215312929471,49.18523897177083,48.65848264375142,49.10175323486328,3086000
2020-01-14,49.10373659837631,49.1872261210174,48.745942232036775,48.8731575012207,2980000
2020-01-15,48.83936633868122,49.35618549147819,48.83936633868122,49.01031494140625,4992500
2020-01-16,49.34227633905813,49.58676975633311,49.20114676310261,49.57881927490234,1880000
2020-01-17,49.89089511168777,49.89288178396058,49.47346266147995,49.73584747314453,4730500
2020-01-21,49.60863293089492,50.14135304248877,49.57881388956884,49.89089584350586,2156500
2020-01-22,50.20297552434214,50.42162701630957,49.83324973159224,49.83722686767578,2325000
2020-01-23,49.91673351899183,50.11749736914671,49.70603251605512,50.07178115844727,1521000
2020-01-24,50.35404390761388,50.51902869932374,49.47544946668003,49.74578475952149,2614500
2020-01-27,48.6505288150749,49.22896891643895,48.45970212021192,48.92086410522461,3115500
2020-01-28,49.22499255813268,49.88294126517657,49.04808014900227,49.765663146972656,2530000
2020-01-29,50.04196415438696,50.11551273685988,49.60863451444882,49.68416976928711,2207500
2020-01-30,49.652363010740494,50.36795934861427,49.628507777419685,50.35205459594727,3255500
2020-01-31,50.232788674748456,50.232788674748456,49.16535800025193,49.42973327636719,2663000
2020-02-03,49.69808339028053,50.18508350841084,49.64441290626144,50.113525390625,6870500
2020-02-04,50.817198126608126,51.5029754821346,50.594565692252175,51.39762496948242,3657500
2020-02-05,52.11520583982223,52.11520583982223,50.37789872959286,50.66413879394531,4485000
2020-02-06,50.80328301295356,51.21077455812975,50.519033404969726,51.127288818359375,1838000
2020-02-07,50.94639667106289,51.514899649528594,50.823158531486726,51.05373764038086,1426500
2020-02-10,50.9722362113862,51.68186872183068,50.96826286684594,51.67988204956055,1592000
2020-02-11,52.11520240877296,52.16091861938424,51.44532608833388,51.59440612792969,2077500
2020-02-12,51.840897579236255,52.03371097678729,51.25450690493567,52.01581954956055,3001000
2020-02-13,51.72758849641764,52.39945148262362,51.681868494890296,52.13905334472656,2202500
2020-02-14,52.27819651920154,52.653886103444805,52.17483269064776,52.58033752441406,1924500
2020-02-18,52.490888494018485,52.77911521340351,52.36963703111758,52.66780090332031,1995500
2020-02-19,52.95205234617783,53.21245049718596,52.94012472929027,53.00770950317383,2891500
2020-02-20,53.00969242471636,53.17467721166906,51.64608838343974,52.43324279785156,6262500
2020-02-21,52.16092029982999,52.22055459240512,50.93248192884228,51.33997344970703,5472500
2020-02-24,49.167351592864485,50.19104900285599,48.81352675400768,49.75374221801758,9394500
2020-02-25,50.13538946536675,50.38187332088214,48.16949001225512,48.378204345703125,6762500
2020-02-26,48.43982359874977,49.56291140644016,48.09593973310418,48.46964263916016,3247000
2020-02-27,47.24915953837979,48.27087029358238,46.42224884033203,46.42224884033203,6997500
2020-02-28,44.79228114169238,46.68860920793016,44.7644525630539,46.62897491455078,9067500
2020-03-02,47.15771810221974,48.38217926025391,46.22545320623745,48.38217926025391,5429500
2020-03-03,48.45970397468736,48.83539357065599,45.93723293615264,46.56933975219727,6262500
2020-03-04,47.583101622987066,48.42989040401847,47.02653004129843,48.37423324584961,4367000
2020-03-05,46.99472123752722,48.13371002409016,46.67270213545669,47.10205841064453,3277500
2020-03-06,45.565522098340494,46.13402129768824,44.24763414407115,45.51980209350586,8804500
2020-03-09,42.11873548217307,43.79839871691318,41.14672190848467,42.11674880981445,8542500
2020-03-10,43.67118041800478,44.23570626925399,41.94182759573517,44.17806243896485,7192000
2020-03-11,42.9913647560501,43.45252674937775,41.317665384023286,42.07500457763672,9856000
2020-03-12,38.94626224901269,40.94595393501965,37.767517336370304,38.15115737915039,9530500
2020-03-13,39.2941237548012,41.94182724278624,38.30819209148521,41.87821960449219,5787000
2020-03-16,40.735255093028094,40.735255093028094,36.66232634373178,36.94856262207031,5984500
2020-03-17,37.54091610496843,39.68968807955415,36.03220523883616,39.58036422729492,7290000
2020-03-18,38.58051505678048,38.76140080526902,35.03036589970758,37.61843490600586,5693000
2020-03-19,37.35605499272062,39.60223089265646,36.61859761382615,38.59840774536133,4145000
2020-03-20,39.62807402940374,40.25223043381872,37.64826004511293,37.777462005615234,5554000
2020-03-23,37.674093301210135,38.83495066290708,36.902843608741605,37.86094665527344,7540000
2020-03-24,40.31384750811798,40.93999431591771,39.48892351467522,40.7471809387207,4427500
2020-03-25,40.94709929983502,42.0166575217868,39.68761702988586,40.28536987304688,4367000
2020-03-26,40.42731640183795,43.13220141173411,40.42731640183795,43.010250091552734,5211000
2020-03-27,41.6408111144628,42.38650166693212,40.94909532035389,41.29695129394531,2511500
2020-03-30,41.54285229495242,42.87829955140841,41.54285229495242,42.62840270996094,3522500
2020-03-31,42.55443346283989,43.18217651697477,41.604828481703535,42.040645599365234,3567500
2020-04-01,40.71919289385068,41.26096908835905,39.75958989306532,40.04547119140625,5413000
2020-04-02,39.81756210474945,40.69720003978127,39.38773923951363,40.23339080810547,3689000
2020-04-03,40.24138843635544,40.383331950118574,39.20181663898149,39.5716667175293,3430500
2020-04-06,41.36092405468591,42.77834200942359,40.709196483281815,42.54443740844727,4465500
2020-04-07,43.95185666627533,43.95185666627533,41.96067810058594,41.96067810058594,5503000
2020-04-08,42.63640074306131,43.72595117320256,42.296540870912935,43.47405624389648,3746500
2020-04-09,44.015828295351255,44.60958111757263,43.538024917415896,43.95385360717773,4242000
2020-04-13,43.92987041416955,44.06781015503025,43.14419157946647,44.02183151245117,3446500
2020-04-14,44.9034612382912,46.0010076583855,44.9034612382912,45.8730583190918,4124500
2020-04-15,45.1373648455703,45.747113742388585,44.809501077684224,45.42724609375,2816500
2020-04-16,45.853078089633385,46.34887185818928,45.50722015376391,46.01301193237305,2636000
2020-04-17,46.88065276982753,46.98060998923607,46.20492915453077,46.93462753295898,3856000
2020-04-20,46.62875255384001,47.39243727803112,46.41284206872496,46.76469802856445,2365000
2020-04-21,45.91504518032368,46.27689913975415,44.20775355203874,44.617584228515625,7349500
2020-04-22,45.59118392523873,46.34287258485317,45.365275424138666,46.12096405029297,2409500
2020-04-23,46.02499679960079,46.55478066658465,45.66714664762663,45.72711944580078,3303500
2020-04-24,46.00900711863069,46.482810553526775,45.53120371750998,46.44482803344727,2798500
2020-04-27,46.934625938088,47.4204254816278,46.84466291842791,47.226505279541016,4284000
2020-04-28,47.87023834523011,47.882234430791016,46.13495461693151,46.17693710327149,3943500
2020-04-29,47.230504493395216,48.2720743777117,46.628751690896,48.08415222167969,4507500
2020-04-30,48.36803845610101,48.62193147433796,47.73229924589225,48.15612411499024,3099000
2020-05-01,47.13054802750644,47.49239818277378,46.38885358779134,46.66273880004883,3935000
2020-05-04,46.2349169599187,47.6063486992579,46.18293646308787,47.56636428833008,3856000
2020-05-05,48.13813079262552,49.09773377824199,47.99818916719686,48.573951721191406,5184000
2020-05-06,49.173700076581824,49.66949378276231,48.70189472788872,49.17770004272461,3340500
2020-05-07,49.91139625074074,50.7430536827823,49.7474662693516,50.45717239379883,8169500
2020-05-08,51.08491212595101,51.08491212595101,50.31323130178879,50.86500549316406,4787000
2020-05-11,50.54713575762737,51.9725460591738,50.40919221019977,51.594703674316406,3879500
2020-05-12,51.970546965183374,51.97654500797019,50.36121069419741,50.36320877075195,3913500
2020-05-13,50.37920721508253,50.61310801613717,48.54996041628341,49.36162567138672,7166000
2020-05-14,48.86982691237439,49.61751937866211,48.22209547301254,49.61751937866211,5677000
2020-05-15,49.30964978345981,50.54313801892789,49.037758829808745,50.41719055175781,10697000
2020-05-18,51.46075463460261,51.55471761522568,50.721062127535504,50.7590446472168,5810500
2020-05-19,50.87300258855024,51.848597825169605,50.87300258855024,51.11690139770508,3862500
2020-05-20,51.90057375012599,52.224437540624685,51.65467307287447,51.97454071044922,2721500
2020-05-21,51.86859094618493,52.21245079015838,51.326814744102,51.56271743774414,1802500
2020-05-22,51.8286034645818,52.27242049966286,51.42677272901683,52.174461364746094,4967500
2020-05-26,53.11807292057271,53.11807292057271,51.57271320590028,51.68666458129883,6797000
2020-05-27,51.52673095364136,51.69665897910913,49.81143939434685,51.66867065429688,14278000
2020-05-28,51.49674671679233,53.28800720631531,51.49674671679233,52.30241394042969,5693000
2020-05-29,52.37838359373112,53.51391270331347,52.18246149571251,53.43194580078125,4871500
2020-06-01,53.220033435890905,54.22961504170589,53.18204710100099,54.009708404541016,4037500
2020-06-02,54.17363881069755,54.17363881069755,52.90616422300397,54.04769134521485,3716500
2020-06-03,54.1016700281126,54.3215804805452,53.66584908968869,54.075679779052734,8615500
2020-06-04,53.92574122831258,53.98571403003671,52.5443115152516,52.96013641357422,8713500
2020-06-05,52.71023833574816,53.84776922276082,52.1444738201316,53.75180816650391,9894000
2020-06-08,53.725826493416655,54.49350738525391,53.10808142878469,54.49350738525391,7039500
2020-06-09,54.20562538532194,54.66343659094314,53.90374804256054,54.23760986328125,3418500
2020-06-10,54.61945047748127,55.54706894502716,54.47551270499424,55.18521881103516,4517500
2020-06-11,53.88776078859131,54.443531182341424,52.23044380434695,52.26243209838867,5070500
2020-06-12,53.741815565173006,54.03569297219546,52.02852210291408,53.04410552978516,3502000
2020-06-15,52.10604512289036,54.195726313621,52.10604512289036,54.007755279541016,8556000
2020-06-16,55.18958176655172,55.28556397954706,54.173734096098094,54.95761489868164,4118500
2020-06-17,55.233573773096055,55.55152605760698,54.8136358580156,54.95761489868164,3013500
2020-06-18,54.959611354414,55.76948913573542,54.959611354414,55.74349212646485,4839500
2020-06-19,56.43138687553883,56.43138687553883,55.32155944587383,55.69350051879883,5600500
2020-06-22,55.78148893608584,56.83132797289952,55.70149931105249,56.79733276367188,6439000
2020-06-23,57.26326357935573,57.511226850027136,56.6393582097334,56.737342834472656,4748000
2020-06-24,56.61935682829981,57.10728513538968,55.19357575025207,55.61151123046875,6145000
2020-06-25,55.61951215010293,56.40739395241967,54.99960780073594,56.37939834594727,5738500
2020-06-26,56.36139662948414,56.48337965946123,55.22757081170166,55.88547134399414,4376500
2020-06-29,55.86747222624195,55.99145385186079,54.627663598283775,55.73349380493164,3499000
2020-06-30,55.757489623972,57.00330169638553,55.73549362167704,56.84132385253906,3839000
2020-07-01,56.80133045678102,58.1271282828514,56.69334523210889,57.825172424316406,4449000
2020-07-02,58.48507677648036,58.51907198677089,57.849176019690354,57.95915603637695,3202000
2020-07-06,58.73303665010478,59.30695037073324,58.39108978462569,58.587059020996094,3024500
2020-07-07,58.49707321159076,59.44092941272538,58.19112014758866,58.24111175537109,3191000
2020-07-08,58.741037422066114,59.45892639278897,58.5390685737209,59.428932189941406,2931000
2020-07-09,59.960851897863485,60.17881714356174,58.79702801889552,59.97484970092773,5118500
2020-07-10,59.95885164240864,60.03484026379081,59.158974428476895,59.63890075683594,3141000
2020-07-13,59.88885861986811,60.12482266825797,56.96330642757157,57.063289642333984,9186000
2020-07-14,56.4573837255853,57.40923812880168,55.42354110204788,57.36724472045898,6505000
2020-07-15,57.50922515883104,57.8511720287814,56.74734039133788,57.46723175048828,5702500
2020-07-16,56.745340881385694,57.02929412516123,55.97945511937921,56.76133728027344,7185000
2020-07-17,56.98130690922549,57.36124618776482,56.34740095129551,57.24926376342773,2598500
2020-07-20,57.36124496498747,59.53691543580556,57.36124496498747,59.39093780517578,7558500
2020-07-21,59.99084644115945,59.99084644115945,58.52507048978178,58.7270393371582,4549000
2020-07-22,58.92500610401268,59.328947605521286,58.46108001230489,58.89501190185547,3453500
2020-07-23,58.71304032213597,59.43092927459758,57.43123443450071,57.61920547485352,6513500
2020-07-24,57.00729888910462,57.5272200010932,56.323405151025725,57.091285705566406,4156000
2020-07-27,57.45923049018626,58.15112625284672,57.21926924339997,58.047142028808594,2953500
2020-07-28,57.92116242452354,58.35709673161181,57.47922851408387,57.55121994018555,3979500
2020-07-29,58.07713607042744,58.91100845681567,57.93316084840015,58.67104721069336,3339000
2020-07-30,57.82517396239275,58.723035734436,57.33525087401759,58.585060119628906,4398000
2020-07-31,59.06698593124742,59.074984130798775,57.82317626930548,59.04098892211914,12044500
2020-08-03,59.59490494115809,60.36278930592904,59.39693329327461,60.238807678222656,5469000
2020-08-04,60.21081329397447,60.38078552584425,59.61290495961556,60.146820068359375,3448500
2020-08-05,60.32079681283542,60.67074188496359,60.03283874138548,60.39478302001953,3995000
2020-08-06,60.26480117801237,60.6607406616674,59.82287109340837,60.59075164794922,3551500
2020-08-07,60.16081897053648,60.24280719338521,58.51507016662968,59.22896194458008,7021500
2020-08-10,59.1609706262636,59.16497163317008,57.61920607165727,58.37309265136719,7963500
2020-08-11,57.98115465150618,58.35709673924476,57.12928344368452,57.25126266479492,6191500
2020-08-12,57.67720046250922,58.271107799715445,57.56121703005911,57.90316390991211,5215000
2020-08-13,58.08313476725064,59.23695800653885,58.08113617089679,58.66504669189453,5368500
2020-08-14,58.80502471829832,59.03299056843495,58.19111999553917,58.36509323120117,2275000
2020-08-17,58.801028438964686,59.19496551723681,58.669048609373945,59.070987701416016,2315000
2020-08-18,59.27295714162081,59.93885589954,59.24696013189519,59.774879455566406,3625500
2020-08-19,59.97484909357348,60.30879776732878,59.190968315798514,59.72088623046875,2409500
2020-08-20,59.53491481484299,61.05468338463052,59.43693019269156,60.90270614624024,3727000
2020-08-21,60.90270400828111,60.90270400828111,60.25480407850514,60.48876953125,2809500
2020-08-24,60.99868849747152,61.11667051905302,60.20481095775615,60.67873764038086,2697500
2020-08-25,60.53276304557451,61.38663284404845,60.50076643261706,61.34864044189453,3187500
2020-08-26,62.77642335853867,65.04607760237852,62.77642335853867,64.67013549804688,9876000
2020-08-27,64.682136258797,64.69813265941623,63.45432287955517,64.38018035888672,3713000
2020-08-28,64.7561160292653,65.35002715902033,64.5661425808224,64.98808288574219,4714500
2020-08-31,64.82410125614182,65.10405728728689,64.29218479696618,64.80410766601562,9101500
2020-09-01,65.35402585704868,66.55784454331447,65.13405820183351,66.54784393310547,4961000
2020-09-02,67.31572388124931,67.4057141158399,65.58599211432936,66.89379119873047,3359500
2020-09-03,65.57199561163601,65.71796943237611,62.44647306012798,63.252349853515625,11944500
2020-09-04,62.81041443587184,63.24435013719887,59.26095686805888,61.39263153076172,9238000
2020-09-08,59.38893432424871,60.62874677113294,58.9929948477272,59.25895690917969,4538500
2020-09-09,60.444774925734336,61.46662216960719,59.488923317968606,60.94670104980469,5623000
2020-09-10,61.7885707092968,62.25250061031364,59.87086410517743,60.19081497192383,3604000
2020-09-11,60.98669175908958,61.19066301326563,58.67904525077544,59.34494400024414,4983500
2020-09-14,60.3487918089375,60.89270751958334,59.768878479137655,60.44077682495117,2007500
2020-09-15,61.36663238988396,61.610594632457726,60.90270250267636,61.52860641479492,2635000
2020-09-16,61.97054214460711,62.05053176835085,60.53076324425661,60.59075164794922,3524500
2020-09-17,58.92500834880313,59.89286300960672,58.76303431122236,59.83487319946289,6462000
2020-09-18,60.15281952714539,60.22880814502994,58.36909132441603,59.52091598510742,4647000
2020-09-21,58.717039088174296,60.63674423063001,58.605052855494144,60.57875442504883,10698000
2020-09-22,61.16066466994559,61.90055343677052,60.09482924568832,61.84256362915039,5619500
2020-09-23,61.768575183283566,62.03653585404376,60.01284255546083,60.1528205871582,4339000
2020-09-24,59.55490906586643,60.50476484841998,59.12097719075904,59.906856536865234,3337000
2020-09-25,60.18481656155593,61.81056793663768,59.86486568846831,61.59860229492188,5278500
2020-09-28,62.704431919323845,62.79041733298767,61.76057570893949,62.29449462890625,5063500
2020-09-29,62.39447876718442,62.62044602711027,61.952548671719335,62.10052490234375,4035500
2020-09-30,61.988540802240045,63.03638122320035,61.80856796337297,62.21450424194336,2634500
2020-10-01,63.20235626240984,63.70427856361558,62.90839859138467,63.41432189941406,3087000
2020-10-02,62.188510741847104,63.546301412104256,61.932549287511776,62.16251373291016,3034500
2020-10-05,62.6984324596336,63.25034637650219,62.40847579122875,63.12036895751953,1974500
2020-10-06,63.25835055369885,63.906250516732825,62.50446395288643,62.63444519042969,2686000
2020-10-07,63.52230879419879,64.23620056524508,63.22835111546486,64.05022430419922,1651000
2020-10-08,64.75411187944317,64.78410607857646,63.77226336572463,64.10221099853516,2070500
2020-10-09,64.68213073150902,65.37002166874039,64.516155693392,65.29403686523438,1974500
2020-10-12,66.2798831168505,66.74981260158043,65.52399417179217,66.27188110351562,3294000
2020-10-13,66.58983733753664,67.23173767911575,66.2678878685493,66.79780578613281,2335000
2020-10-14,67.21373990844914,67.25373471940077,65.68997041258204,66.32987213134766,2172000
2020-10-15,65.1080596974207,66.2098965445953,64.99008148693898,66.0879135131836,2116000
2020-10-16,66.66382934223913,67.07376281075304,66.33587646484375,66.33587646484375,2073500
2020-10-19,66.87779729556294,67.2197479946011,65.5459997484669,65.70997619628906,2543500
2020-10-20,65.9859338552411,66.23589571527168,65.3520278930664,65.3520278930664,1804500
2020-10-21,65.5459954770646,66.24388700482487,64.9540829519623,65.23204040527344,2904000
2020-10-22,65.19405273250968,65.36002776829413,63.83625824452872,64.9380874633789,3233000
2020-10-23,65.28403321058077,65.47600524911655,64.46216007206519,65.47400665283203,2593000
2020-10-26,65.01408237466434,65.45001287066003,63.06837628586031,63.85425567626953,5369500
2020-10-27,64.27819213882488,64.90009887390647,64.02022827335387,64.43816375732422,1698000
2020-10-28,63.182358698819904,63.51630736667213,62.04053085439745,62.18851089477539,2625500
2020-10-29,62.37848463958787,62.9463987976412,62.27849760380923,62.54045867919922,11918500
2020-10-30,62.07652543028463,62.35848389775234,60.29279723700371,60.918704986572266,13951500
2020-11-02,61.59060045782757,61.83456652731355,59.79087583801665,60.52476501464844,4756000
2020-11-03,61.1246720723144,62.15651612222453,60.768727391740256,61.80057144165039,4547500
2020-11-04,63.99023347049853,65.35202513833585,63.56829698367772,64.78411102294922,6195000
2020-11-05,66.45385283756043,66.67382048063644,65.78795411947624,66.27388000488281,4032000
2020-11-06,66.20189241572021,66.93578154886107,65.38201787290267,66.7738037109375,3310000
2020-11-09,65.29004246761733,66.92779310228566,64.29219359981838,64.3621826171875,10400500
2020-11-10,63.57030294029059,63.98423743664862,61.23865794583213,62.28249740600586,11068500
2020-11-11,63.36432833057601,64.36417570933297,63.11636508217914,64.02622985839844,5189500
2020-11-12,64.38417052564547,64.98008024600837,63.65228378662734,63.88425064086914,7165000
2020-11-13,64.492154222411,64.54214964240546,63.50630465057335,64.12421417236328,3624000
2020-11-16,63.71828167879004,64.30819185226275,63.3823305716252,64.07422637939453,4551500
2020-11-17,64.06221654593836,64.90209226748121,63.95023413349661,64.70411682128906,2649500
2020-11-18,64.63613983267759,64.84010345749377,64.08021728477837,64.24219512939453,2891500
2020-11-19,64.29418614329104,65.73596739358901,64.1002155093822,65.42201232910156,4070000
2020-11-20,65.49801209300986,66.02992863451489,64.97209134100181,65.37002563476562,3434500
2020-11-23,65.56999389079242,65.78795531330817,64.64213410611089,65.28203582763672,2891500
2020-11-24,65.65598267207511,65.65598267207511,64.97408750810233,65.45401000976562,3627000
2020-11-25,65.63397889784972,66.48985106613026,65.60798188944047,66.17790222167969,3435000
2020-11-27,66.64583368416488,67.40771852225066,66.52185204401341,67.23174285888672,1785500
2020-11-30,67.4317169092242,67.58569275401688,66.06392167502862,67.53170013427734,4244000
2020-12-01,67.55769411951144,67.55769411951144,66.38386959835945,67.01177978515625,6691500
2020-12-02,66.02191957620256,66.57383728027344,65.50200229739399,66.57383728027344,5478500
2020-12-03,66.65783200891376,67.43371464080207,66.57184658903562,66.92578887939453,2161000
2020-12-04,67.27774075152882,67.87764772728859,67.20174831364474,67.62968444824219,3234500
2020-12-07,67.81365050710014,68.20359039981368,67.77365569397175,68.00362396240234,1905500
2020-12-08,67.98962493306058,68.68751648322294,67.83564910081999,68.445556640625,2515500
2020-12-09,68.47955368661331,68.47955368661331,66.5498476910554,66.8318099975586,4186000
2020-12-10,66.42185859397888,67.73165618602248,66.23188515578144,67.6636734008789,2800000
2020-12-11,67.54968386792595,68.01761474215638,67.0637579995266,67.95762634277344,2011500
2020-12-14,68.13760406477292,68.71750976634324,68.07960662920854,68.38956451416016,1584000
2020-12-15,68.70351196313239,68.97947082528712,68.28157928446412,68.58953094482422,2159000
2020-12-16,68.9474789334016,69.68736389218137,68.91548613477569,69.64537048339844,7906500
2020-12-17,70.08930569076867,70.7632064819336,70.08930569076867,70.7632064819336,6620500
2020-12-18,71.12314517129197,71.76704406738281,70.7551974962186,71.76704406738281,3938000
2020-12-21,70.95717678507779,71.8650354095811,70.51924005856276,71.66106414794922,3918500
2020-12-22,72.04300869555641,73.0048599243164,71.80104121987402,73.0048599243164,3312000
2020-12-23,73.07284604311656,73.19482907199115,72.01700744686921,72.02700805664062,3212500
2020-12-24,72.29296446527277,72.60091610998246,71.86502839104516,72.06499481201172,886000
2020-12-28,72.58692168475949,72.75489531696087,70.97916534428295,71.03715515136719,3312500
2020-12-29,71.19713777927085,71.68506230001233,70.24527952336287,70.65921783447266,4354000
2020-12-30,70.91318329520654,71.08515412530677,70.56522918572321,70.6512222290039,1356000
2020-12-31,71.1351431057544,71.1351431057544,70.30526797657821,70.80918884277344,2737000
2021-01-04,70.68121211347096,70.90717554578164,68.3115710839516,69.42340087890625,10129500
2021-01-05,69.2734252901736,69.79734741358865,69.12745147238044,69.69336700439453,3804500
2021-01-06,68.68951939886995,69.0994605306474,67.80565916225555,68.02362060546875,7800500
2021-01-07,68.44155883109326,70.03131256173963,68.44155883109326,69.8913345336914,5559000
2021-01-08,70.27927188854196,71.17113402543025,70.17928867813282,71.0151596069336,2953000
2021-01-11,70.21129240150312,70.96717382832058,69.5853884056226,70.38726806640625,2879500
2021-01-12,70.75720032197803,70.75720032197803,69.61537627123008,70.44525146484375,4115500
2021-01-13,70.3372717336585,70.91318792325458,69.93333401361714,70.28128051757812,3789500
2021-01-14,70.5172396973249,70.87118959458596,69.82334533408236,69.94932556152344,3707000
2021-01-15,69.88534273181027,70.62322912982947,69.34942137368475,69.56739044189453,3271500
2021-01-19,70.11130551790711,70.6752148496356,69.78734981340187,70.563232421875,1946500
2021-01-20,71.38310242445665,72.0929931626319,71.21313019733658,71.93302154541016,5681500
2021-01-21,72.24496885280114,72.27696927814682,71.48108551699873,71.67305755615234,1767000
2021-01-22,71.44310179548742,72.08300355074954,71.44310179548742,71.75505065917969,1862000
2021-01-25,72.21497587973084,72.92887143570616,70.16128847594408,71.53108215332031,4154500
2021-01-26,71.59507567678875,71.80704131157373,71.03115875335412,71.13314056396484,3277000
2021-01-27,70.6092331917631,71.02916731096147,68.98348170609704,69.47940063476562,5984500
2021-01-28,69.8553357055773,71.62706847025804,69.8553357055773,70.78319549560547,4552500
2021-01-29,70.20729128135743,70.68721379045823,69.08945797619286,69.76136016845703,5150000
2021-02-01,70.64721678329012,71.69306244244245,70.0293148556548,71.4970932006836,4756500
2021-02-02,71.87103217210795,73.51877562774612,71.87103217210795,73.3667984008789,4727000
2021-02-03,73.72874634113236,73.72874634113236,72.71689971841013,72.99085998535156,2927000
2021-02-04,73.13883911957133,74.18467712402344,73.08084931271475,74.18467712402344,1822000
2021-02-05,74.71259432512473,75.48047485170346,74.5846155087333,75.42048645019531,4932000
2021-02-08,75.78044099478234,76.23237554002252,75.21052822898878,75.5784683227539,2868000
2021-02-09,75.35449466085822,76.38834105851275,75.35449466085822,76.22036743164062,1830500
2021-02-10,76.9802530429976,76.9802530429976,75.2085277841025,76.06639862060547,3472500
2021-02-11,76.6963018899991,76.86227694045505,75.95841547554683,76.580322265625,3449500
2021-02-12,76.18237787954673,77.17022613606512,76.0763912412247,77.16423034667969,1885500
2021-02-16,77.34219422074464,77.87611695806476,76.5263244559491,76.94625854492188,4402500
2021-02-17,76.55831052078528,76.5903033166843,75.14252632115114,76.20236206054688,3918500
2021-02-18,75.20052849268112,76.29036623923845,74.87258321020383,75.98441314697266,7537500
2021-02-19,76.72429200018878,76.86427002931059,75.96841064293099,76.09439086914062,7246000
2021-02-22,75.1585284486225,75.39049530714836,73.69475494355275,73.79074096679688,5759500
2021-02-23,72.41295590505707,73.2908203255601,70.17729692774748,73.0108642578125,10441500
2021-02-24,72.26497642297932,73.83873383227186,71.76505269002118,73.71475219726562,7058500
2021-02-25,73.03685028105252,73.71875305100329,70.48124053981273,70.83918762207031,9523000
2021-02-26,71.39110073758492,71.85102960207446,70.01730993280638,70.90917205810547,8000000
2021-03-01,72.02500858386794,73.13683837613715,71.65706090541342,73.07084655761719,3524500
2021-03-02,73.48678713246505,73.52678194484801,71.58707549954258,71.64506530761719,6499000
2021-03-03,71.32311397858153,71.48709041660204,68.50354461914466,68.68351745605469,13294500
2021-03-04,68.36156859552975,69.06545592221036,65.91794128741624,66.78780364990234,17918000
2021-03-05,67.76366089079558,67.94763092365771,64.62013579181193,67.29173278808594,11974500
2021-03-08,67.24373785482396,68.05761666514759,65.24804778632785,65.3540267944336,8321000
2021-03-09,67.79365296545949,68.61752470886552,67.34371706514821,68.22758483886719,11959000
2021-03-10,69.42140097280766,69.62337361761249,67.74565429860776,67.76565551757812,7069500
2021-03-11,69.64137815425717,70.11930208355969,68.71351827523156,69.8773422241211,7346000
2021-03-12,68.59753023353296,69.14544311512878,67.97162632765053,69.12145233154297,4305000
2021-03-15,69.12145205246925,69.73135192919196,68.54753453686499,69.7193603515625,3517000
2021-03-16,70.02331239884094,70.6012271500796,68.95548216471487,69.3534164428711,6929000
2021-03-17,68.47155333724666,69.71136200328016,67.765659776536,69.2434310913086,5158500
2021-03-18,68.36756469751708,68.36756469751708,66.54584411624819,66.73981475830078,9451000
2021-03-19,66.79180847447726,67.79765167111464,66.37787018311587,67.3877182006836,5438000
2021-03-22,68.84749481198534,68.84749481198534,67.73566497792267,68.38956451416016,6372500
2021-03-23,68.38956786933488,69.25143589265237,68.21359221411015,68.41156005859375,4290500
2021-03-24,68.61952042756454,68.65351944802113,66.48184631928747,66.5598373413086,11092000
2021-03-25,65.91193999158251,66.5158517508238,65.32403226011618,66.3018798828125,9705000
2021-03-26,66.37587009166094,67.73766174191405,66.16990024879469,67.67767333984375,6723500
2021-03-29,67.08976196243574,67.79765413581973,66.62183866792238,67.103759765625,4325500
2021-03-30,66.3078763162527,66.9577786092604,65.89393805518988,66.75580596923828,5748000
2021-03-31,67.0097678064235,68.79949552547409,67.0097678064235,68.27357482910156,7846000
2021-04-01,69.36540775977059,70.31726589562012,69.3474127658014,69.90132904052734,5128000
2021-04-05,70.6572164921948,70.87118835522392,70.08530517358938,70.69121551513672,3843500
2021-04-06,70.80319793492043,71.5530834972173,70.17528777689121,71.09114837646484,4569500
2021-04-07,70.84519530424481,71.4191052512834,70.64721982932632,70.96717071533203,2236500
2021-04-08,71.68505799356501,72.49293334633688,71.635070200742,72.28096771240234,5238500
2021-04-09,71.48108825187943,72.7548959351266,71.46309325634219,72.74089813232422,3310500
2021-04-12,72.70491179263415,73.13684510483311,72.03300959614515,72.91487884521484,3370500
2021-04-13,73.32480804773093,74.24867065323836,72.98886078326653,74.0866928100586,4830500
2021-04-14,74.35066019647697,74.76659712760919,73.20483885342031,73.3368148803711,7799000
2021-04-15,74.14868804707042,74.71860076917618,73.99671081262686,74.69060516357422,3462500
2021-04-16,74.57661375633644,74.59261015491259,73.75474061423222,74.17267608642578,3035500
2021-04-19,73.64276154154649,74.27066407650895,72.76489715042948,73.19483184814453,4500000
2021-04-20,72.77089080293602,73.28681089939992,71.9870138624982,72.43094635009766,4530500
2021-04-21,72.03901483711176,72.7808984416742,71.88303276990604,72.7269058227539,2571000
2021-04-22,72.57093017222562,73.58877264395203,72.22498227454618,72.6189193725586,3850000
2021-04-23,72.80888703861946,73.8227322366785,72.80888703861946,73.68075561523438,1793000
2021-04-26,73.9467184198707,74.55062256142001,73.41680048809172,74.51063537597656,4149000
2021-04-27,74.36864990706508,74.62661378118389,73.73874876546884,74.20267486572266,4348500
2021-04-28,74.03669586070399,74.30466033079031,73.414796766299,73.9767074584961,4553500
2021-04-29,74.4906379671394,74.4906379671394,72.24098107339681,72.93487548828125,5575500
2021-04-30,72.53093354137154,73.22682651227254,72.09299681873297,72.30696868896484,3087500
2021-05-03,72.0889981234626,72.50493502018674,71.1091519146042,71.19713592529297,5321500
2021-05-04,70.48123527903782,70.51123710687516,68.52353400918092,69.50538635253906,10821500
2021-05-05,69.95733007347175,70.40725838350919,68.66752592227209,68.9654769897461,5505000
2021-05-06,68.62152954067268,68.77349914220929,67.65967074150826,68.62752532958984,7871500
2021-05-07,69.92532562348488,70.25727569661754,68.98947143601052,69.2894287109375,8176500
2021-05-10,69.25343483654893,69.25343483654893,67.67767883037229,67.71366882324219,6966500
2021-05-11,65.99192926653659,68.68152130609548,65.99192926653659,68.44955444335938,10354000
2021-05-12,67.28973911842155,67.92563608040933,66.38987485190735,66.72382354736328,7611500
2021-05-13,67.193750630352,67.78966038379221,66.0719201400721,66.70782470703125,6075000
2021-05-14,67.52769923985448,68.67152191797085,67.24373835264922,68.5075454711914,6420500
2021-05-17,67.96762298744446,68.37956267692725,67.22773805166422,68.0316162109375,6387500
2021-05-18,68.02761627338145,68.94747400812506,67.94962525054284,68.06360626220703,4044500
2021-05-19,66.54184692375664,68.40356231690389,66.54184692375664,68.38956451416016,6488000
2021-05-20,69.16143683407789,70.26527219608242,68.8774836087679,70.00331115722656,9387500
2021-05-21,70.66722019767518,70.69321720805466,69.09945858669977,69.76136016845703,5852500
2021-05-24,70.48324221421584,71.11514189324524,70.32526157328607,70.90917205810547,4188500
2021-05-25,71.08315612891035,71.46909882991878,70.85118926337361,71.05516052246094,3733000
2021-05-26,71.38910918265573,71.97701691792209,71.38511198980146,71.65506744384766,4260000
2021-05-27,71.31712158719785,71.64907167171809,70.63922361493339,71.15514373779297,5798500
2021-05-28,71.95701781373192,72.44893948520132,71.73904876817907,71.76904296875,2694500
2021-06-01,72.2429733350952,72.2429733350952,70.8211932321639,71.34310913085938,4132500
2021-06-02,71.5590823410939,71.92302522952635,71.12914762856106,71.46109771728516,2112000
2021-06-03,70.73721253916327,71.02517063509521,70.09731074480187,70.58323669433594,3888500
2021-06-04,71.0091628572102,72.24897919302974,71.0091628572102,72.10900115966797,5813000
2021-06-07,72.12099610277983,72.72889739962734,71.81704164024094,72.680908203125,3188500
2021-06-08,73.20483276941054,73.57876862880909,72.54492980480735,72.84688568115234,6302000
2021-06-09,73.40679134223281,73.45478816435326,72.79688385402254,72.85487365722656,3763500
2021-06-10,72.64291261059718,74.20067352328192,72.64291261059718,74.13468933105469,4411000
2021-06-11,74.27866485869188,74.94056640589987,74.03469879573457,74.8865737915039,3648500
2021-06-14,74.98855198365372,75.83042632880468,74.95255436638372,75.81242370605469,3948000
2021-06-15,75.73844332269812,75.73844332269812,74.57861663468765,74.75059509277344,3737500
2021-06-16,74.9005706694014,75.00654967230358,73.3448083658031,74.33065795898438,8287500
2021-06-17,73.83472938783238,75.87242033709562,73.83472938783238,75.616455078125,8823000
2021-06-18,75.58846647879068,76.14038422974538,75.28051480356343,75.8624267578125,4492500
2021-06-21,75.55447385748765,76.35835205695723,74.81258266005723,76.15438079833984,5551000
2021-06-22,76.25636016880162,77.04424194339663,76.09438995318487,76.98825073242188,4210000
2021-06-23,77.06624175980687,77.35219360375777,76.664302672958,76.98825073242188,2394500
2021-06-24,77.28220246413409,78.15806822381569,77.28220246413409,77.67414093017578,4023500
2021-06-25,77.6301544157693,77.8781176831492,77.13023068811871,77.71014404296875,5003000
2021-06-28,78.95194272990176,78.95194272990176,78.09607822262964,78.65399169921875,5390000
2021-06-29,78.84196807069505,79.08993133981403,78.3100515397264,79.01394653320312,3067000
2021-06-30,79.00794038550069,79.00794038550069,77.99610137939453,77.99610137939453,3695500
2021-07-01,78.12008239762399,78.43402984951811,77.48617644825084,78.0420913696289,3015500
2021-07-02,78.91595429075915,79.17591674176926,78.60199922763455,79.06392669677734,3195500
2021-07-06,79.26790463855656,80.17577088343677,79.131923798645,79.90780639648438,4187000
2021-07-07,80.36773807013184,80.54171513298621,79.3838946139745,79.92581176757812,3036500
2021-07-08,78.41603575118486,79.57585480489573,78.15807187952132,79.19791412353516,2588500
2021-07-09,79.36189086098668,79.82982177958452,78.78997953171739,79.69983673095703,2007500
2021-07-12,80.19976479236136,80.40573465668581,78.98795164926611,79.1279296875,4271500
2021-07-13,78.82796600490721,79.85381042218556,78.78197540413557,79.08592987060547,3250500
2021-07-14,79.7918286918794,79.7918286918794,78.46402831679364,78.52001953125,3750000
2021-07-15,78.45603306472756,78.51802006794955,77.18222532167732,77.56416320800781,4014500
2021-07-16,78.3240438724741,78.33604307862315,77.65015075765004,77.72813415527344,3824000
2021-07-19,77.02425199777123,77.57216492707137,76.65230709516155,77.36219787597656,5316000
2021-07-20,77.63415618333491,79.34789154199726,77.34419951731465,78.8399658203125,5036500
2021-07-21,78.61599372592464,79.4418716430664,78.346038304927,79.4418716430664,4182000
2021-07-22,79.84581876843063,80.52971252726982,79.76982633509816,80.45372772216797,2995000
2021-07-23,81.0956225739435,81.61553985235378,80.84965792284294,81.5175552368164,2624000
2021-07-26,81.19960845694575,81.46757294171272,80.71368253904151,81.30359649658203,1791500
2021-07-27,81.307596196981,81.38358863263278,79.13992760788713,80.21976470947266,3902000
2021-07-28,80.71968505592673,81.18760834437747,80.16776732119813,80.84766387939453,2939500
2021-07-29,81.0756246962598,81.6695358310454,80.58770019474687,80.93965148925781,1703000
2021-07-30,80.23775269601391,81.08962004445107,80.22375489364107,80.62369537353516,1258500
2021-08-02,81.32159028084142,81.32159028084142,79.86981596624885,80.64569091796875,2339500
2021-08-03,80.80167266942169,81.09362793399325,79.92380065109484,80.69368743896484,1927500
2021-08-04,80.98764129010821,81.7635238670294,80.58570219874677,81.5435562133789,9503000
2021-08-05,81.87950924461313,82.33743957980111,81.51556634358168,82.28144836425781,5595000
2021-08-06,81.63154113252263,82.26944428392001,81.23360685772357,81.89950561523438,3569500
2021-08-09,82.12946502888039,82.15945923095035,81.57355010770767,81.94149780273438,2318000
2021-08-10,81.94749483441132,82.46141635483248,80.77367797375365,80.94964599609375,4933000
2021-08-11,81.5555554284985,81.5555554284985,80.15177031727286,80.7436752319336,3640500
2021-08-12,80.3437420561639,81.62954132185065,80.3437420561639,81.54155731201172,3476000
2021-08-13,81.55355925687424,82.08147859009507,81.43157621988996,81.75952911376953,2517000
2021-08-16,81.28159148798434,81.52355894738756,80.13377170184305,81.16960906982422,3987000
2021-08-17,80.47372161356957,80.85766571803653,80.1377743362763,80.60569763183594,2512500
2021-08-18,80.7616775545702,81.22560364499783,80.2077612296888,80.24175262451172,3915000
2021-08-19,79.48387447179101,81.25559968469962,79.46987666862435,80.80367279052734,3906500
2021-08-20,80.98763947402566,82.00348327386317,80.8996554658306,81.7815170288086,3795500
2021-08-23,81.94748876861053,83.15530456342877,81.93548956284269,83.10931396484375,4383000
2021-08-24,83.5472503622923,83.87520325466704,83.39727934758986,83.65723419189453,4668000
2021-08-25,83.99118103299517,84.17715729231979,83.4212683049229,83.84520721435547,4955500
2021-08-26,83.9491919261674,84.44711706863029,83.42927459407738,83.4732666015625,2692500
2021-08-27,83.7692084344269,84.91903441361207,83.7692084344269,84.75305938720703,4465500
2021-08-30,85.09701476965022,85.33497741885093,84.74106627992417,85.14300537109375,7289000
2021-08-31,84.93504121868743,84.93504121868743,84.25514463163714,84.62109375,3831000
2021-09-01,84.94504028519088,85.35297517871327,84.66708281468641,84.91104888916016,5688000
2021-09-02,85.2409952077803,85.29698642278339,84.47111600148781,84.82705688476562,2687000
2021-09-03,84.93504115787458,85.76691498746901,84.67908350025976,85.62094116210938,3291000
2021-09-07,85.33497926889329,85.69292636276006,84.37912383037619,84.705078125,4505000
2021-09-08,84.70507230684906,84.71707151279864,83.79920472584175,84.16715240478516,2235500
2021-09-09,84.04916778596932,84.64908232274827,83.97318298482931,84.02517700195312,1964500
2021-09-10,84.59708582120719,84.59708582120719,83.42126282265708,83.5092544555664,3948000
2021-09-13,84.05317723835174,84.05317723835174,81.96549070717279,82.4554214477539,5614500
2021-09-14,82.87135589650832,82.99533752530041,82.35542816121486,82.63938903808594,3855500
2021-09-15,82.52740812141872,83.49925994936163,82.3254354612686,83.44926452636719,2470000
2021-09-16,83.18730526441533,84.09517151422291,82.92735041825485,83.96118927001953,4706500
2021-09-17,84.1111664001606,84.1111664001606,82.97134093141592,83.40127563476562,5684500
2021-09-20,81.6095462069965,82.72937041397881,80.78366822611675,81.9314956665039,5454500
2021-09-21,82.53540130941266,82.6873785443631,81.71552673052209,82.09146881103516,3215500
2021-09-22,82.00348630620088,83.11731476533438,81.63154141160933,82.85135650634766,2598500
2021-09-23,83.09931853085351,84.43111603057855,83.09931853085351,84.19315338134766,4387500
2021-09-24,83.9131927721698,84.59308928805221,83.5632400905216,84.46310424804688,4142000
2021-09-27,83.96918854742273,83.96918854742273,82.60739684532378,83.04332733154297,3466000
2021-09-28,81.70753080319818,81.91749784195108,79.98979064986662,80.03178405761719,9839000
2021-09-29,80.51771241542552,80.91365572076414,79.71783904738987,79.84781646728516,5594500
2021-09-30,80.2917517347795,80.69768803607809,79.64584654940214,79.81582641601562,4107000
2021-10-01,80.42772887688086,81.1856088271073,79.28589720414509,80.99163818359375,5271500
2021-10-04,80.38373189465882,80.49971150301859,77.76013187874204,78.56000518798828,9182000
2021-10-05,78.79797361273155,80.18976715648462,78.79797361273155,79.89781188964844,6304000
2021-10-06,79.10992888899727,80.50771057231445,78.88596404424786,80.38973236083984,4909500
2021-10-07,81.3835858146128,82.08747316298943,80.9836453136262,81.40158081054688,4059000
2021-10-08,82.20546057267349,82.20546057267349,80.7316863968583,80.8116683959961,3083500
2021-10-11,80.63570098917756,81.61354863669749,80.33174650542651,80.6156997680664,2890000
2021-10-12,81.19560852122359,81.98748748556764,80.8016714495183,81.53555297851562,3154500
2021-10-13,81.86549965693462,83.23529327228503,81.86549965693462,83.20330047607422,6558000
2021-10-14,84.24314451798597,84.82305787710071,83.9371914385172,84.51510620117188,4638000
2021-10-15,84.80505767780551,84.8970465069408,84.37312439377473,84.73107147216797,2937000
2021-10-18,84.58908632785143,85.72091735777903,84.53709993893588,85.6749267578125,5144500
2021-10-19,86.11886108294301,86.74676361004656,85.7889096061734,86.43680572509766,5203000
2021-10-20,86.61278014669813,87.03271422306727,85.94688141349981,86.2788314819336,3166500
2021-10-21,86.10886499551081,87.21269287387223,85.90289513625677,87.16670227050781,11184000
2021-10-22,86.46880462880989,87.19868895498347,85.96487611068368,86.62677764892578,2935500
2021-10-25,86.90274169213677,87.44465882921527,86.40081936861245,87.06071472167969,4037000
2021-10-26,87.7546060242599,88.0925595170709,86.72076721032654,86.84074401855469,3888000
2021-10-27,87.14670348321293,87.45465514139097,86.02687164342608,86.0828628540039,4419500
2021-10-28,86.00686771873515,87.1706915261998,85.99087132024887,87.11470031738281,2955000
2021-10-29,86.68477078952391,87.8785888685758,86.60478116411217,87.79859924316406,3583000
2021-11-01,88.10455323832657,88.13855226218718,87.11270780879393,87.60462951660156,2895500
2021-11-02,87.76460693328319,87.95657898097859,87.26668181839524,87.7926025390625,2709000
2021-11-03,87.58663024852316,87.72061248454764,86.50679323149103,87.57662963867188,2904500
2021-11-04,87.84260189407938,88.81445375434426,87.65462703072835,88.468505859375,3828500
2021-11-05,89.00641357926655,89.2063876393225,87.2246878036699,87.78860473632812,4300000
2021-11-08,88.14655453727175,89.14439575902594,88.05856289684232,88.95642852783203,4287500
2021-11-09,89.34236877447152,89.74430786406847,88.54048919165035,89.29037475585938,4473500
2021-11-10,88.70446596221947,89.0124176258291,86.26483580990391,86.74275970458984,6257000
2021-11-11,87.4046637054259,87.83859560719098,87.11270843292428,87.15869903564453,3607500
2021-11-12,87.70661318991212,88.62647094659522,87.54663394793414,88.61647033691406,2955500
2021-11-15,88.80444854961354,88.80444854961354,87.61662628041505,88.1385498046875,2232000
2021-11-16,88.06656279358035,89.16639343254694,87.89058714518272,89.14239501953125,3080500
2021-11-17,89.17440222834807,89.30437965697915,88.30453215856178,88.38652038574219,2095000
2021-11-18,88.54048673465063,88.54048673465063,87.10270264660679,87.57463073730469,4433000
2021-11-19,88.79644962142144,89.29437475014342,87.84260040204384,87.85859680175781,5051500
2021-11-22,88.01656489432096,88.01656489432096,85.04701691291501,85.37696838378906,8435500
2021-11-23,84.45511536439233,85.11301210767407,82.66738613875283,84.0491714477539,14126000
2021-11-24,82.92934509771817,84.47710540759086,82.3234347609832,84.43511199951172,11127500
2021-11-26,84.14315520140707,85.17500301735991,83.24929444174121,83.62523651123047,7821000
2021-11-29,84.16915525724406,85.65492859392457,83.6012411257036,85.29498291015625,12050000
2021-11-30,84.84305949079295,85.59894088066176,82.63939329289742,82.96734619140625,16616500
2021-12-01,83.58724983337093,83.68923928292855,79.16792569516485,79.43588256835938,14515000
2021-12-02,79.64785001398054,81.24160096049289,79.38788754601936,80.79766845703125,10916500
2021-12-03,80.29174555297392,80.41372858208764,76.48832523216562,78.07608032226562,15555000
2021-12-06,77.81411896745085,78.32404326959367,76.22036809459051,78.17406463623047,8810000
2021-12-07,79.92780726997587,81.54155946106113,79.92780726997587,81.1556167602539,10581500
2021-12-08,81.10361999506605,81.99748840252835,80.12577239937248,81.93749237060547,7705500
2021-12-09,81.88350613693501,82.29543819930203,79.81381470230565,80.07978057861328,9774000
2021-12-10,81.1776150506544,82.26744508468802,80.65369292395354,81.19561004638672,8445000
2021-12-13,81.41757844752023,82.18346043744671,80.51571561723927,81.0096435546875,8941500
2021-12-14,79.2339108336753,79.54985688193182,77.17022276875231,78.342041015625,11004500
2021-12-15,78.45403433090515,80.45972504326308,77.67014971031178,80.3137435913086,11563000
2021-12-16,79.9558004845227,80.14977112733699,77.18621887029487,77.79013061523438,12520500
2021-12-17,76.89826722539097,78.4360269128102,76.12838045528325,78.13207244873047,14538500
2021-12-20,76.76428649775629,77.55616547135406,76.48832763341048,76.89226531982422,6858000
2021-12-21,77.39019370517333,79.11193115732893,76.6862987116966,79.01394653320312,6281000
2021-12-22,78.86795900109,79.5498541244836,78.42002932533212,79.47386932373047,2951500
2021-12-23,79.51186979860374,80.28975098394427,79.1759225237847,80.00179290771484,2265000
2021-12-27,80.31173921359675,81.02963195825278,80.19975679417746,81.025634765625,4340000
2021-12-28,81.33558561500035,81.44956663157389,79.92580475206564,80.17976379394531,3103500
2021-12-29,80.15976073940841,80.42372038511964,79.25990420538889,80.06777954101562,3322500
2021-12-30,80.13376984241731,81.03362635940086,80.04178101753594,80.25774383544922,2542000
2021-12-31,79.98979616972606,80.29175205839218,79.41588622419769,79.51786804199219,3929500
2022-01-03,79.41188723405693,79.77982731096445,77.5281719587005,78.60600280761719,8145000
2022-01-04,78.74798900278668,78.74798900278668,75.25451864145792,76.86827087402344,13258000
2022-01-05,75.70844568407507,75.96040612819863,73.03885498027952,73.07884216308594,15497000
2022-01-06,72.7448907714187,74.22266961509423,72.15898168676246,73.16082763671875,12316500
2022-01-07,73.2328280721057,74.09069124301469,71.93102477228405,72.54492950439453,8274000
2022-01-10,71.44110672270575,73.27882385624022,70.14729771691722,73.22882843017578,14875500
2022-01-11,73.17083072221011,74.67459899615218,72.59891942012695,74.52662658691406,11444000
2022-01-12,75.13253359725732,75.88642400206109,73.75674406221815,74.3046646118164,7416000
2022-01-13,74.50262712832776,74.50262712832776,71.04515472766985,71.12114715576172,14795500
2022-01-14,70.57922636553708,71.7270538383677,70.19528989581842,71.39710235595703,10436000
2022-01-18,70.64722234477064,71.86503892837142,70.00532195342454,70.08331298828125,8561000
2022-01-19,70.56523042564055,72.02300819897751,70.043314508706,70.15929412841797,8994500
2022-01-20,70.82519602382115,72.21098624507138,69.5633874417658,69.67937469482422,8253500
2022-01-21,69.49139780895622,69.89934033701098,67.69967132456952,67.71566772460938,14422000
2022-01-24,66.17790463626991,69.22743469317994,64.40017604390117,69.14344787597656,17136000
2022-01-25,67.96761890928644,68.39155777950161,66.0879086671979,66.55583953857422,7990500
2022-01-26,68.25758308587733,68.70751901285855,65.29403837257988,65.85395050048828,19849500
2022-01-27,67.36971744295703,68.13560704712049,65.69397826759983,65.8499526977539,12221500
2022-01-28,65.99592587144164,68.45755584737358,64.94008723422847,68.39556121826172,13392000
2022-01-31,68.67551842406911,71.18513763987326,68.52354118567516,71.00316619873047,10385500
2022-02-01,71.56507109919876,71.58307372196785,69.97931464952137,71.41510009765625,9615000
2022-02-02,71.70506104373922,71.81704346665613,70.03931487461965,70.6932144165039,7478500
2022-02-03,68.91748351628969,69.70136046641957,67.73165985288378,67.98762512207031,9167000
2022-02-04,68.36755905033571,70.91717279190789,68.0996022239799,70.20127868652344,8822500
2022-02-07,70.44724544966984,71.27311576822055,69.61337311787237,69.81533813476562,7420000
2022-02-08,69.65936315626591,70.77119292305547,69.14344308232334,70.61122131347656,5577500
2022-02-09,71.61107059906529,72.88687683059511,71.33111455356911,72.87287902832031,5169000
2022-02-10,71.38910462403997,73.43279139198074,71.18113618543771,71.72505187988281,9361000
2022-02-11,71.95702277642633,72.31496223991968,68.9214828406756,69.25143432617188,8571500
2022-02-14,68.97147643985267,70.23127868678036,68.53553833021037,69.0894546508789,6203000
2022-02-15,70.10530028126828,70.69521423639846,69.38141171253265,70.55123138427734,7501000
2022-02-16,69.79334656714964,70.21527922742848,68.83749120129342,70.0193099975586,5779000
2022-02-17,69.08345917752172,69.3534146236027,66.76980926506845,66.94178771972656,9368000
2022-02-18,66.83780217949209,67.3477265169495,65.33002898445235,65.50800323486328,7861500
2022-02-22,64.85610320462297,66.32188301084706,64.48416592688517,64.9640884399414,9190500
2022-02-23,65.83595400341216,65.87794741204786,63.29233962992397,63.34433364868164,5105500
2022-02-24,61.39063458017483,67.40971283594006,61.30464535050571,67.20374298095703,13105000
2022-02-25,67.18375300499748,67.78966339579667,65.90195083191992,67.72766876220703,11704000
2022-02-28,67.34172087714332,68.88749023827921,67.34172087714332,68.39356231689453,7678500
2022-03-01,68.3235754605286,69.47140296023677,67.37372343184093,67.80765533447266,5226000
2022-03-02,68.31157348631127,69.1214550773138,66.79780456540865,68.83949279785156,8553000
2022-03-03,69.43340519409189,69.43340519409189,66.58983733255958,67.09776306152344,5543500
2022-03-04,66.55984470318703,67.43970771648497,65.2280471622382,65.6579818725586,5818500
2022-03-07,65.50000976129319,66.18790073051092,62.8264140314706,62.83841323852539,7641000
2022-03-08,62.52246278411988,63.80026771431864,61.3226450708269,62.184513092041016,8132000
2022-03-09,63.74227290809135,65.50000794230311,63.57429927045072,65.2020492553711,7164500
2022-03-10,64.02422120537203,64.50015409295925,63.27234091764658,64.21019744873047,7839500
2022-03-11,64.59014256315085,64.79011662643218,62.15451720975917,62.24850082397461,5684500
2022-03-14,62.06052950466974,62.64844104292624,60.15881927084733,60.44677734375,8612500
2022-03-15,61.10267501208527,62.0845274359874,60.348792254715,61.968544006347656,9793000
2022-03-16,62.97639154209091,64.59614715713474,61.96854589231061,64.55615234375,10933000
2022-03-17,64.30419123474795,66.13990966963429,63.924244325549374,66.05191802978516,6217500
2022-03-18,65.68597502624078,68.00562072761117,65.57599120015693,67.99162292480469,9946000
2022-03-21,67.59367827669999,68.12360379363191,66.41386569625752,67.37371826171875,5997000
2022-03-22,67.50969420790011,69.49139404542511,67.26973296383666,69.04146575927734,6741000
2022-03-23,68.0116309294496,68.41357005819701,66.92179316996479,67.33573150634766,6388000
2022-03-24,67.5476925318123,68.54554138312147,66.79181115671693,68.50554656982422,4876500
2022-03-25,68.59553807773831,68.79550451969892,66.75181758019684,67.61368560791016,5615500
2022-03-28,67.69766786634993,69.18543975844197,67.44370882396508,69.18344116210938,8826500
2022-03-29,70.31727354525101,71.09314850528163,69.27543269798667,70.85118865966797,5398000
2022-03-30,70.30927094986485,70.65122163902959,69.15944488008844,69.49739837646484,5564500
2022-03-31,69.51139311262422,69.99731900303487,68.84549438768259,68.97747039794922,4983500
2022-04-01,68.89148772959288,69.55938507742573,68.42355681554059,69.095458984375,5330000
2022-04-04,69.21544114270125,70.9031872666525,69.21544114270125,70.78120422363281,4425500
2022-04-05,70.55122986566658,70.72920410940327,68.64952728047669,68.99147033691406,6812500
2022-04-06,67.8516436631494,67.86164427303804,66.21189454000438,66.8837890625,7081000
2022-04-07,66.52984076217707,67.68965967229775,66.07590770452528,67.14374542236328,5166000
2022-04-08,66.93978366121816,67.06777011522675,66.00193084276033,66.10591125488281,4476000
2022-04-11,65.49600372846574,65.951935446959,64.71012814910831,65.35602569580078,5602000
2022-04-12,66.48185182922875,67.25173861922002,64.73412505797782,64.8960952758789,5487000
2022-04-13,65.12206752771199,66.50984864041834,64.68812800044329,66.30388641357422,5202000
2022-04-14,66.33388004299971,66.42386265066092,64.64813262846644,64.70012664794922,4575500
2022-04-18,64.3261782677481,64.64612911771648,63.33233051094588,64.01822662353516,4828000
2022-04-19,63.86625245034201,65.8999462879198,63.57229859408844,65.73796844482422,5839500
2022-04-20,66.14590643084861,66.45986152183136,64.69012725553854,64.75811767578125,5055500
2022-04-21,65.8619510191031,66.14590426945826,62.528456266730366,62.74442672729492,7057000
2022-04-22,62.61244722600843,63.23235156284286,61.04868285979628,61.14666748046875,7096500
2022-04-25,60.7127363163733,62.31049209680291,60.7127363163733,62.27649688720703,4550500
2022-04-26,61.79656969482267,61.96454332988367,59.94485107403706,59.970848083496094,7455000
2022-04-27,60.23280838003848,61.42862503055949,59.86686309822835,59.9908447265625,6602500
2022-04-28,61.29464645643272,62.85640838494493,60.35278885396025,62.41447448730469,7270500
2022-04-29,61.73858145755037,62.8304139273413,59.88486419321664,59.98085021972656,7402500
2022-05-02,59.88286278695701,61.11267852783203,59.49292288507169,61.11267852783203,5703500
2022-05-03,60.94670059406916,61.560605323065765,60.06083419358237,60.61874771118164,4133500
2022-05-04,60.8287161771393,62.48246307296418,58.79502620882685,62.45246887207031,7979500
2022-05-05,61.36863201713907,61.61259807792639,58.12912857980768,58.86101531982422,8156000
2022-05-06,58.06514101075798,58.517071713856296,56.18342817642678,57.02330017089844,8350500
2022-05-09,55.73349660167226,56.22542212208708,53.63381468839511,53.95176696777344,9523500
2022-05-10,55.30756350197969,55.76149281071383,53.08190133638802,54.65566253662109,7268500
2022-05-11,54.07174925315131,55.59551495237082,52.65596496780091,52.83793640136719,7168000
2022-05-12,51.83808945134306,54.16573333520608,51.42815216611451,53.31586456298828,15827000
2022-05-13,54.41969664669715,56.14343261816176,54.18573119149645,55.94346237182617,8677500
2022-05-16,55.545524451953554,55.9914555471278,54.497684019643735,54.61966323852539,6208500
2022-05-17,55.81548431852736,56.37139924624253,54.14573712486914,55.57352066040039,5698500
2022-05-18,54.86962479083605,55.38954590431248,53.09789581228669,53.36785507202149,4276500
2022-05-19,53.18188217811798,55.17757979840222,53.18188217811798,54.28971481323242,8634500
2022-05-20,55.331557167913495,55.75349367007189,53.35185970565087,54.949615478515625,6853000
2022-05-23,55.50953155460318,55.72549820429248,54.35970547659188,55.52552795410156,7003500
2022-05-24,54.36570404502302,54.70365372327128,52.99991134332175,53.59382247924805,6719500
2022-05-25,53.37985501146911,55.611512916161246,53.37985501146911,55.19757843017578,8500000
2022-05-26,55.02360651194386,56.69934953060803,54.90962167489306,56.38139724731445,6011500
2022-05-27,56.847323902043854,58.31909942626953,56.8193282963368,58.31909942626953,8747500
2022-05-31,58.03914275881359,58.28110641164357,56.84332611148518,57.16527557373047,11568500
2022-06-01,58.28510345073055,59.10897902599324,56.967307589341175,57.48922729492188,7295000
2022-06-02,57.25926504188574,60.21481155701535,57.16327901587229,60.12882614135742,8764000
2022-06-03,59.05099121999613,59.766881590859306,58.401088857904114,58.7270393371582,6559500
2022-06-06,59.54290998720349,59.80687345160392,58.44507797870392,58.733036041259766,5681500
2022-06-07,58.04914000639995,59.87886261068816,58.04514281366144,59.69289016723633,4838000
2022-06-08,59.33494659385169,59.952852325047,59.11097793583793,59.29095077514648,4411000
2022-06-09,58.81558532181955,59.52753368744431,57.83966064453125,57.83966064453125,5506500
2022-06-10,56.18778354769659,56.61574901113022,55.079865005783,55.28984832763672,6042500
2022-06-13,53.36999480828398,53.93595040728446,51.982098490019055,52.146087646484375,8079500
2022-06-14,52.928026109934414,53.31399872341806,51.972100400438,52.44406509399414,5152500
2022-06-15,53.12601457690968,54.653899804774376,52.598054316273945,53.8359603881836,9524500
2022-06-16,52.186082476298765,52.79403856301442,51.08816529349678,51.44414138793945,6211500
2022-06-17,51.41214194366479,53.06401839946912,51.39414173816317,52.45606231689453,9851500
2022-06-21,53.1260141832878,54.15393691992192,53.0600172439918,53.42399215698242,5801000
2022-06-22,52.7320426184798,54.37791900693927,52.68604463621737,53.52398300170898,8451000
2022-06-23,54.01194668169907,55.59382873598738,53.585979951417485,55.47383880615234,11525500
2022-06-24,56.25177857096936,57.8696571724544,56.13778489892161,57.83966064453125,16746500
2022-06-27,57.793662465178265,57.98764814916223,56.51775725537208,56.76973724365234,8732500
2022-06-28,56.76973963977525,57.24970699163072,54.56190889329572,54.665897369384766,4531000
2022-06-29,54.80788541737669,55.20985566556752,54.09793963409516,54.82388305664063,3003000
2022-06-30,54.02994459622887,54.54990602267705,52.93602494215286,53.91795349121094,5342500
2022-07-01,53.83195907334131,54.85788306625198,53.51998220891473,54.80188751220703,4644000
2022-07-05,53.97594887703263,56.2857769075622,53.84395881284268,56.21977996826172,8019000
2022-07-06,56.491757284937215,56.92372787614625,55.81181184110957,56.29977416992188,6152000
2022-07-07,56.47976199993012,57.51968104832505,56.25177847065218,57.43169021606445,5153000
2022-07-08,56.62974869968086,57.64767385884333,56.24777739787667,57.23170471191406,2808000
2022-07-11,56.6577449488244,56.85773069705815,55.69382043198915,56.24577713012695,2843000
2022-07-12,56.31977617754456,56.71174506287971,53.83796010619163,54.15393829345703,6957000
2022-07-13,53.09001593985907,54.13993635222214,52.64604902734736,53.65597152709961,8863500
2022-07-14,53.264005982235055,53.5059845954608,52.0580951613254,53.19200897216797,5432500
2022-07-15,53.81196216839024,54.55190448386925,53.54597948097637,54.52390670776367,3250500
2022-07-18,55.14386106441242,55.523833621109176,53.99994970595332,54.19393539428711,3250000
2022-07-19,54.86788371606705,55.82380943918893,54.35392235081325,55.75781631469727,3316500
2022-07-20,56.00179655405633,57.89765414352539,56.00179655405633,57.625675201416016,6202500
2022-07-21,57.591678801038384,58.67759584538255,57.17970715327892,58.661598205566406,4432500
2022-07-22,58.45961401120737,59.213555239723306,57.07371641923369,57.4456901550293,3660500
2022-07-25,57.42369318843142,57.42369318843142,56.26977661776777,56.743743896484375,5162000
2022-07-26,56.65774574766942,56.66974588447948,54.78188710789829,54.98587417602539,6587500
2022-07-27,56.02779667328284,57.67567181195231,55.79781057654285,57.335697174072266,3706000
2022-07-28,57.223706103979744,58.50161007749973,56.73174244513926,58.40361785888672,4884000
2022-07-29,58.45761415296288,59.169558702448526,57.98564945510192,59.05756759643555,3430000
2022-08-01,58.43761496040764,59.5495310106614,58.05564366205029,59.00357055664063,3707500
2022-08-02,58.42561455267888,59.66152183961981,58.2816243543062,59.1015625,3449000
2022-08-03,59.66552033985309,61.139412564061374,59.63552381176135,60.99542236328125,4169000
2022-08-04,60.619451600445615,61.11941408272302,60.04949467580226,61.10341644287109,3734000
2022-08-05,59.97950128618925,61.45338973332331,59.94150212286018,61.21940612792969,5121000
2022-08-08,61.425392257068815,62.30332474783645,61.05542107991088,61.22340774536133,6944000
2022-08-09,60.91542772357332,60.91542772357332,59.98949850770285,60.29947662353516,8625000
2022-08-10,61.89535725322556,62.73129306455241,61.89535725322556,62.58330535888672,8989000
2022-08-11,63.13326346822125,63.47523686320128,61.71736933949151,61.87335586547852,4078500
2022-08-12,62.43531217267633,63.1032651177671,61.97534761358183,63.06926727294922,2558000
2022-08-15,62.7172940027878,63.585228906050624,62.7172940027878,63.44524002075195,2265500
2022-08-16,63.185256783126704,63.38524253779974,62.16333411589658,63.08126449584961,3620000
2022-08-17,62.27732941102379,62.56330725488217,61.69737108880641,62.03534698486328,4208000
2022-08-18,61.97535002635716,62.231331340920974,61.63737413077048,61.98334884643555,2890000
2022-08-19,61.49538641511087,61.49538641511087,60.335473588150265,60.60945129394531,5002000
2022-08-22,59.50753501459758,59.7595150049406,58.77159018600535,58.96157455444336,8552500
2022-08-23,58.95157882548622,59.635525624765485,58.81158993758761,58.833587646484375,4249000
2022-08-24,59.31155011439389,59.7995124515547,59.05356624315947,59.20955657958984,2801500
2022-08-25,59.14355902592219,59.733514891750985,58.66759683060898,59.70951843261719,3109000
2022-08-26,59.73751749020629,59.93150317640654,57.551680705559534,57.591678619384766,7878500
2022-08-29,56.891731753856114,57.637674174029456,56.69774606298873,56.74574279785156,2719000
2022-08-30,57.12571412617251,57.44568980874244,55.99979916864807,56.62775039672852,5341000
2022-08-31,57.2157059878913,57.61167617051256,56.1237850906904,56.25177764892578,4394000
2022-09-01,55.73381536098591,55.73381536098591,54.35592043919751,55.44384002685547,6291500
2022-09-02,56.19378325516059,56.56575316371073,54.789885505929306,55.08186340332031,5777000
2022-09-06,55.25785446678967,55.25785446678967,54.28792602989223,54.64789962768555,4561500
2022-09-07,54.5319081959242,55.949801090098376,54.46191375223514,55.779815673828125,3407000
2022-09-08,55.32984773067506,56.63975080999099,55.197857665611046,56.52975845336914,3814000
2022-09-09,57.11171412462463,58.27762697334926,57.11171412462463,58.13763427734375,4526000
2022-09-12,58.50761122703732,58.87558364868164,58.20963324855269,58.87558364868164,5200000
2022-09-13,56.72774200162751,57.12971226791436,56.0277975721838,56.12778854370117,7047500
2022-09-14,56.19178120300474,56.44376500432468,55.64982206737043,56.1557846069336,7188500
2022-09-15,55.06586776134512,55.76781475421665,54.103941954762696,54.34592056274414,13004500
2022-09-16,53.67397352296405,53.67397352296405,52.69604626914257,53.323997497558594,9444500
2022-09-19,52.694048452121656,53.57198093664691,52.68204831484306,53.539981842041016,4972000
2022-09-20,52.89402864665299,53.20800807045186,52.44806297480047,52.7540397644043,3746000
2022-09-21,53.226003353742016,53.929949067434016,52.00009746949421,52.02809524536133,5245000
2022-09-22,51.9760983387134,52.04209527722848,51.05216790037903,51.23015594482422,12396000
2022-09-23,50.64419640117688,51.02016762362653,49.87625631706168,50.45221328735352,10112000
2022-09-26,50.4882131849516,51.35214678968908,50.03624742504954,50.14023971557617,8456500
2022-09-27,51.058168695645726,51.340149030241605,49.92425491755101,50.5282096862793,8469000
2022-09-28,50.49020843814488,51.84210812132411,50.380216086538006,51.618125915527344,11251000
2022-09-29,50.86218213787336,51.14415864630728,50.20022927718371,50.754188537597656,12132000
2022-09-30,50.81818520701919,51.60612809406055,50.022247314453125,50.022247314453125,6760500
2022-10-03,50.36021716174131,51.74811344108606,50.21623078044568,51.46613693237305,5054500
2022-10-04,52.47406105983917,53.575979521587456,52.4600621718651,53.4019889831543,7880500
2022-10-05,52.50205947859216,53.915950995696015,52.28207477092845,53.61397552490234,4605500
2022-10-06,53.33199478193513,54.24392888446034,53.238003882721806,53.45598602294922,4331500
2022-10-07,52.476060378849446,52.476060378849446,51.036169838838575,51.326148986816406,7363500
2022-10-10,51.30815031287176,51.428140241184266,49.43429037063487,49.872257232666016,8086000
2022-10-11,49.60227629740682,49.80626336836451,48.49036023598999,48.998321533203125,9947000
2022-10-12,48.98032358053497,49.442286880883394,48.560353129443726,49.0283203125,7349500
2022-10-13,47.424442182090544,50.03824442836263,47.07846747623194,49.71026992797852,6990000
2022-10-14,50.36622030607385,50.53420697078555,48.33637381198536,48.406368255615234,6353000
2022-10-17,49.684269481396846,50.62819885628908,49.684269481396846,50.25022888183594,7184500
2022-10-18,51.83611131995997,52.02609569372033,50.49021162024209,51.10216522216797,10092000
2022-10-19,50.70419411299774,51.30814886916582,50.22622935017436,50.51420974731445,4017000
2022-10-20,50.52620713091273,51.904105895725,50.474212894299015,50.88418197631836,5436500
2022-10-21,50.66019777369596,51.88810240579468,50.16223406339245,51.77211380004883,5791500
2022-10-24,52.03409430919408,52.396070478123015,51.07816856107649,52.21808242797852,8557500
2022-10-25,52.49406122158511,53.6139760996394,52.49406122158511,53.519981384277344,8506000
2022-10-26,52.18608393309623,53.97794933476903,51.946104071206925,52.5820541381836,6710500
2022-10-27,53.427988777110215,53.79996250384406,52.66804749854158,52.904029846191406,6095500
2022-10-28,52.74004327553287,53.94395534646424,52.41406751443344,53.85396194458008,8188000
2022-10-31,53.35799449406003,53.9439528622453,53.10401575481081,53.51598358154297,4038000
2022-11-01,54.19393498954357,54.48991039830864,52.5420585239584,52.816036224365234,2437500
2022-11-02,52.75404203101024,52.844035432666864,50.370221984440974,50.39421844482422,9192500
2022-11-03,49.71626841339904,50.33221948088477,49.07031700441109,49.13031005859375,12944500
2022-11-04,49.61627617274453,49.6722717272011,47.31245199119676,48.350372314453125,9119000
2022-11-07,48.61034971572302,49.11231475424508,47.85240718679359,48.9923210144043,5672000
2022-11-08,49.0323185769054,50.47820918338531,48.814336435586064,49.64827346801758,14403500
2022-11-09,49.20630728489118,49.29630068554792,48.4523660480748,48.55635833740234,6832500
2022-11-10,51.544132129314725,53.02402061110968,51.488136575725306,52.96602630615234,11638000
2022-11-11,53.0740148832116,54.63589790832694,52.82803496619563,54.321922302246094,8497500
2022-11-14,53.7459647729513,54.27792632883683,53.10801218191335,53.65397262573242,6004000
2022-11-15,55.14786119097487,55.40384249656974,54.4159138704873,54.8898811340332,7187000
2022-11-16,54.58390670942381,54.59590303243541,53.47598810953309,53.75196838378906,6459000
2022-11-17,52.568053236450666,53.13601140327141,52.198082071798055,52.60605239868164,4492000
2022-11-18,53.6779719412846,53.6779719412846,51.92810322764328,52.37007141113281,4495500
2022-11-21,52.01809452988844,52.25407687649602,51.51613330911818,51.73211669921875,4927500
2022-11-22,51.88610500243098,52.68004413043455,51.29415037849277,52.65404891967773,5150500
2022-11-23,52.3840694303833,53.69797000736328,52.25407811720662,53.42599105834961,7072500
2022-11-25,53.24800133771489,53.44998583814914,53.09201481833434,53.30199813842773,1539500
2022-11-28,53.0820141202906,53.50598208300221,52.35407193454099,52.4980583190918,4633500
2022-11-29,52.45606139741583,52.54005472612909,51.83010893472266,52.08808898925781,6888500
2022-11-30,51.75611310800653,54.38591676275128,51.66812227675438,54.37391662597656,8337000
2022-12-01,54.42591424127296,55.12186113807658,54.01994267519692,54.97787094116211,10239000
2022-12-02,53.81396080495367,54.54190679655721,53.543980615478105,54.36991882324219,7379500
2022-12-05,53.99194539406332,54.04194469254681,52.026093360501285,52.342071533203125,6166000
2022-12-06,52.43006441312143,52.43006441312143,51.0741671497351,51.454139709472656,8329000
2022-12-07,51.43814103183781,51.84811011203921,50.95017487544517,51.1861572265625,5999500
2022-12-08,51.54613163732546,52.38806751930447,50.938179358800326,52.112091064453125,5333000
2022-12-09,51.888105349495696,52.37406895077061,51.58612986699047,51.86211013793945,3442000
2022-12-12,51.94809978289462,53.118013937983584,51.94809978289462,53.10001373291016,5671000
2022-12-13,55.58782593682785,55.817808213719424,53.43798961923566,53.96394729614258,13890000
2022-12-14,53.87995670610571,54.74589287127225,53.29200337882726,53.84796142578125,7024500
2022-12-15,52.78403867255404,53.140014777080665,51.7461183313533,51.97210311889648,9474500
2022-12-16,51.87010686399539,52.38206947056973,51.28414849973627,51.58012771606445,4992500
2022-12-19,51.5701301696952,51.602125448614586,50.536207384996814,50.81818389892578,4721000
2022-12-20,50.38621799869323,51.440139758338304,50.37022035895399,51.08416748046875,5328000
2022-12-21,51.22015370771248,51.95009844987907,50.612201454997845,51.67612075805664,5306000
2022-12-22,50.95017550467532,51.02617001602847,49.87625858877982,50.68619537353516,6948000
2022-12-23,50.444214673385225,50.68819583727117,49.97024741917615,50.65819549560547,1919000
2022-12-27,50.38422093756184,50.62020329648157,49.85426191291385,50.34422302246094,6627500
2022-12-28,50.37221750437895,50.7221935169968,49.71426595733898,49.79226303100586,3872500
2022-12-29,50.12623747583263,51.42613911331225,50.08623956343981,51.26415252685547,4344000
2022-12-30,50.60620124997019,51.19215579343327,50.47421118990188,51.16615676879883,4248500
2023-01-03,51.65212067597136,52.50205915942546,50.72619149825601,51.27215194702149,5457500
2023-01-04,51.87410400310568,51.99409774138777,51.00017287719099,51.62612533569336,5166000
2023-01-05,51.0061704306882,51.05616973011842,49.79426339556678,49.966251373291016,6842500
2023-01-06,50.3462187316664,50.94817473000437,49.3722928257179,50.7101936340332,6585000
2023-01-09,51.22815469567103,52.67004785040089,51.22815469567103,51.7561149597168,5766500
2023-01-10,51.33814713911239,51.97410101023825,51.21415589289219,51.80811309814453,3188000
2023-01-11,51.90210130984372,52.64404618287888,51.69611930836939,52.63604736328125,4248000
2023-01-12,52.906028412286936,53.08401645527471,51.7821122306756,53.05401611328125,6381000
2023-01-13,52.41606318340706,53.26999916816607,52.26807548334455,53.20200729370117,4021500
2023-01-17,53.0100224172864,53.573979277716816,52.66804902275435,53.38199615478516,6118500
2023-01-18,53.64797450075988,54.22193274123709,52.62404926439711,52.71404266357422,5724500
2023-01-19,52.168086814716254,52.78403791555387,52.05609570547305,52.31807327270508,4710000
2023-01-20,52.63205329371456,54.06794258703599,52.39007086665082,54.00394821166992,5963000
2023-01-23,54.407914918057735,55.30984764668697,53.99594709137625,55.24385452270508,8299500
2023-01-24,55.08386696872399,55.3798423741184,54.67789539396909,54.89188003540039,3474500
2023-01-25,53.795962181608665,54.95987630187014,53.07201748575938,54.79788589477539,8989500
2023-01-26,55.507834286113,56.18778355021247,55.05586854906961,56.153785705566406,8012000
2023-01-27,55.91980403574054,56.831734360956695,55.75981619246733,56.43376541137695,5711500
2023-01-30,55.7838128075356,56.077793283495446,55.33384961948656,55.4698371887207,6271500
2023-01-31,55.63182795036121,56.45576363423843,55.50983545458906,56.3897705078125,4072500
2023-02-01,56.471763683368856,58.327623398937824,56.00979655224006,57.99764633178711,13393000
2023-02-02,59.08156281588632,60.01749337216647,58.86158192558227,59.44753646850586,13025500
2023-02-03,58.01764538945511,58.851582439928265,57.55768082330458,57.79566192626953,9288500
2023-02-06,57.03172044928318,57.54168432508055,56.74974392412539,56.89573287963867,6513500
2023-02-07,57.06371939140259,58.43961561073424,56.585754611487005,58.215633392333984,5984500
2023-02-08,58.28962530994489,58.86358355872649,57.61367733785498,57.75766754150391,6396500
2023-02-09,58.69759601613923,58.95157857913042,57.45769117329491,57.711669921875,5983500
2023-02-10,56.96772571036966,57.30969910532112,56.46376190643248,56.94172668457031,6888500
2023-02-13,57.22170809570461,57.92365508925997,57.08571671293468,57.80366134643555,5991000
2023-02-14,57.72966829274653,58.82958421331328,57.417691433331385,58.44961166381836,7007000
2023-02-15,58.11964004094156,59.10356738006626,58.10364240085515,59.0815658569336,6133000
2023-02-16,57.75766466069955,58.42561377945077,57.56967904909431,57.61767578125,6088500
2023-02-17,57.093716008758896,57.25570260418759,56.37177005204902,56.94572830200195,5234000
2023-02-21,56.02379407516618,56.40176405235944,55.65982298601711,55.7938117980957,10623000
2023-02-22,56.10578932497153,56.729743040490725,56.07579279720592,56.36177062988281,5048000
2023-02-23,56.90372884646412,57.05571786299554,56.05779168458491,56.85773086547852,7263500
2023-02-24,55.50383463175864,55.98779947661721,55.33384921784703,55.66782379150391,6076500
2023-02-27,56.14178748939221,56.38376991285075,55.59382826806248,55.72182083129883,4675500
2023-02-28,55.59182684826055,56.06179278401618,55.59182684826055,55.78781127929688,4378500
2023-03-01,55.57182844318063,55.89380286879083,55.16385812341829,55.33784484863281,3991500
2023-03-02,55.8478102331445,56.831733742075066,55.721820237060086,56.67974472045898,5684500
2023-03-03,57.055718318837215,57.79765938799649,56.953724785094735,57.727664947509766,5886000
2023-03-06,58.0296456527327,58.603603893190105,57.64767434768943,57.69567108154297,5300500
2023-03-07,57.6116764799271,58.20963116691425,57.01171922719908,57.11971282958984,3500000
2023-03-08,57.03371920489088,57.447689611316086,56.86773510644999,57.25170516967773,3452000
2023-03-09,57.30969787976226,57.791663964797486,55.893803781429526,55.95980072021485,3935500
2023-03-10,55.56383136591524,55.70382025100525,54.11593815210349,54.44591522216797,11675500
2023-03-13,53.96394736460686,55.42183810205802,53.51798169829121,54.77788925170898,7137000
2023-03-14,55.53183182163596,56.199780961886624,55.37584529791737,56.01579666137695,5106000
2023-03-15,55.403842455161225,55.935800208243215,55.177857677580974,55.90580368041992,8313000
2023-03-16,56.009796492260826,57.583679687070415,55.90580420516488,57.43769073486328,6710500
2023-03-17,57.52368186101075,57.88965551833749,56.81973613704399,57.22170639038086,5277000
2023-03-20,57.12771407251884,57.34169872063614,56.64175046996908,57.25370407104492,6077000
2023-03-21,57.595676145001335,58.46361104041636,57.28170053161168,58.30362319946289,5705000
2023-03-22,58.365617840993295,58.83958510178431,57.09371395462084,57.12171173095703,3737000
2023-03-23,57.817659235051686,58.78358634305768,57.59367702204415,57.993648529052734,2936000
2023-03-24,57.89565636126778,58.247627320754354,57.543681587370216,58.1976318359375,3957500
2023-03-27,58.23162991884183,58.72359357799975,57.88965652915789,58.25162887573242,3323500
2023-03-28,58.20763220489882,58.22762734694754,57.70966848796327,58.03164291381836,2702500
2023-03-29,58.49961111518668,59.12956108971297,58.49361104670391,59.06156921386719,3465000
2023-03-30,59.47953631260345,59.66152185835348,59.13755911455958,59.45753860473633,2665500
2023-03-31,59.49553425637659,60.9354248046875,59.49553425637659,60.9354248046875,4561500
2023-04-03,60.46146281456746,60.59545163142693,60.02549470391317,60.49745941162109,4405000
2023-04-04,60.70144693730472,60.99342484750613,60.31347555797196,60.50345993041992,3256500
2023-04-05,60.24747776300512,60.389469213284514,59.17755835790997,59.72951889038086,4376500
2023-04-06,59.207559193446166,59.959501673217225,58.87158205345512,59.93950271606445,3475000
2023-04-10,59.473536946447375,59.91350255221762,58.95557426493964,59.87350463867188,3637000
2023-04-11,59.5495336937699,59.83151022171635,59.14556466924882,59.54753112792969,2436000
2023-04-12,60.079492544497576,60.33347510847111,59.36754796786013,59.44354248046875,2997500
2023-04-13,59.69951918389393,60.629449714406,59.69951918389393,60.551456451416016,3838500
2023-04-14,59.91550310876053,60.57545725891607,59.64152540298059,60.25347900390625,4327000
2023-04-17,60.279475407179575,60.70344336762279,60.14548659444632,60.52345657348633,3176500
2023-04-18,60.98142436762619,61.121413253318245,60.43746646481961,60.65144729614258,2007000
2023-04-19,60.195482078504014,60.63744642971432,60.11548625248295,60.52345657348633,1647500
2023-04-20,59.97349857433087,60.53945416679601,59.837507195963056,60.06549072265625,2438000
2023-04-21,59.99949777576541,60.3134733833198,59.72551626689784,60.16948318481445,2075000
2023-04-24,60.069491505739926,60.32547280636146,59.28154864756306,59.75351333618164,2753500
2023-04-25,59.27155409543274,59.27155409543274,57.92165308368443,57.96364974975586,5730000
2023-04-26,58.39361790607215,58.83758484218218,57.93965339848346,58.11764144897461,4673000
2023-04-27,58.35362305284896,59.21755663931573,58.181635073228485,59.07356643676758,3715000
2023-04-28,58.72758933267928,59.47553427759857,58.48160941762752,59.29554748535156,6194000
2023-05-01,59.11156607311591,59.56353182708016,58.979576006658895,59.18156051635742,3309500
2023-05-02,59.24555257108913,59.24555257108913,58.13363652837928,58.33761978149414,3924000
2023-05-03,58.41761832882289,58.61360277135486,57.71767007679761,57.763668060302734,2967500
2023-05-04,57.78166447140953,58.05764474371125,57.367697877368045,57.50968551635742,2642000
2023-05-05,57.88165617772813,58.77358750786442,57.869656041029096,58.63759613037109,2971000
2023-05-08,58.58160212766293,58.89357898921255,58.35161984504044,58.8615837097168,3013000
2023-05-09,58.79758422620099,59.30354676258515,58.74558999096067,59.04756546020508,2653000
2023-05-10,59.77951448702646,60.09949017058134,59.39354186385273,59.88350677490234,4112000
2023-05-11,59.79351224807973,59.89550578265345,59.26355324738654,59.56352996826172,2528000
2023-05-12,59.533528697832026,59.69151778278811,58.973573178105504,59.44953536987305,2407500
2023-05-15,59.20955701834883,60.07949066162109,59.16955910466917,60.07949066162109,1947000
2023-05-16,59.62152659153454,60.139489289915694,59.62152659153454,59.899505615234375,2575500
2023-05-17,60.21947825261672,61.19540672763514,60.04949284474298,61.12940979003906,4588500
2023-05-18,61.3153965251862,62.65929740368304,61.29539756881686,62.60129928588867,5594500
2023-05-19,62.57530548840924,62.7832862476422,62.307324044302646,62.56930541992188,2647500
2023-05-22,62.70329298994223,63.21525559404214,62.42931148278754,62.95927429199219,4859500
2023-05-23,62.781286886516725,62.975272569943066,61.90535318408912,61.95135116577149,3305500
2023-05-24,61.34539510736993,61.96334876656129,61.31140107625538,61.66337203979492,2029000
2023-05-25,62.57930403292327,63.52923351846864,62.30532633017923,63.19326019287109,4287500
2023-05-26,63.63322636420656,65.0651181421403,63.617228724107854,64.6751480102539,4718000
2023-05-30,65.77306350797397,66.11303433052953,64.90713118307865,65.1611099243164,4828500
2023-05-31,64.72114252815798,65.6730745929752,64.60315516377989,65.59507751464844,8349000
2023-06-01,64.7011482729546,66.05304424741348,64.26918146674394,65.6070785522461,2743000
2023-06-02,66.02104262124772,66.41700897687475,65.54107531113145,66.03104400634766,4195000
2023-06-05,65.92904916586805,66.82698438717247,65.5730807082987,66.47100830078125,4130000
2023-06-06,66.3890170413637,66.87298189656184,66.3150250942875,66.61700439453125,3091000
2023-06-07,66.67400360107422,67.01799774169922,64.4000015258789,64.59600067138672,8366500
2023-06-08,64.48200225830078,65.70600128173828,64.48200225830078,65.45600128173828,3597000
2023-06-09,66.02799987792969,66.87999725341797,65.6780014038086,66.052001953125,3019000
2023-06-12,66.74199676513672,67.6240005493164,66.6240005493164,67.62000274658203,4245000
2023-06-13,68.94999694824219,68.94999694824219,67.58200073242188,68.06999969482422,4010500
2023-06-14,67.947998046875,68.78399658203125,67.7300033569336,68.48600006103516,3305000
2023-06-15,68.0,70.11000061035156,67.97799682617188,69.87999725341797,4845000
2023-06-16,70.58999633789062,70.79399871826172,69.2979965209961,69.45800018310547,6018500
2023-06-20,68.84600067138672,69.45800018310547,68.23799896240234,68.80799865722656,4745000
2023-06-21,68.55999755859375,68.84400177001953,67.28399658203125,67.53600311279297,7351500
2023-06-22,67.1520004272461,67.94200134277344,67.11799621582031,67.90599822998047,4538500
2023-06-23,67.10600280761719,67.70999908447266,66.93399810791016,67.34200286865234,4261500
2023-06-26,67.1500015258789,67.94999694824219,66.76799774169922,66.76799774169922,3681500
2023-06-27,67.18000030517578,68.3280029296875,67.08200073242188,68.05999755859375,2576000
2023-06-28,67.71800231933594,68.7760009765625,67.71800231933594,68.41000366210938,2732500
2023-06-29,68.45999908447266,68.552001953125,67.99199676513672,68.4000015258789,3417000
2023-06-30,68.94000244140625,69.59400177001953,68.94000244140625,69.18199920654297,2889500
2023-07-03,68.94999694824219,69.0,68.46800231933594,68.81999969482422,1019500
2023-07-05,68.50399780273438,68.9800033569336,68.33399963378906,68.80599975585938,1641000
2023-07-06,67.86199951171875,68.14199829101562,67.3740005493164,68.08599853515625,1825500
2023-07-07,67.81600189208984,68.72799682617188,67.81600189208984,67.94599914550781,2526000
2023-07-10,67.77400207519531,69.13800048828125,67.77400207519531,69.12200164794922,8713500
2023-07-11,69.39399719238281,70.28600311279297,68.90799713134766,70.13999938964844,5818500
2023-07-12,70.77200317382812,70.99800109863281,69.94400024414062,70.52400207519531,5029500
2023-07-13,71.08599853515625,71.85600280761719,70.99800109863281,71.69000244140625,3923000
2023-07-14,71.76599884033203,72.43399810791016,71.49600219726562,71.73799896240234,5470000
2023-07-17,71.94599914550781,72.8759994506836,71.68599700927734,72.63600158691406,4647500
2023-07-18,72.30000305175781,73.5999984741211,71.98400115966797,73.31400299072266,4822000
2023-07-19,73.76200103759766,74.31199645996094,73.1240005493164,73.4020004272461,9163000
2023-07-20,72.63999938964844,73.31800079345703,71.44999694824219,71.60600280761719,9468000
2023-07-21,72.16600036621094,72.69000244140625,71.60399627685547,71.79199981689453,3827000
2023-07-24,71.88600158691406,72.03800201416016,71.05400085449219,71.56999969482422,3077000
2023-07-25,71.43599700927734,72.37999725341797,71.43599700927734,72.11399841308594,4022500
2023-07-26,71.71199798583984,71.802001953125,70.94400024414062,71.41600036621094,4452000
2023-07-27,72.4260025024414,72.54399871826172,70.56800079345703,70.86199951171875,2758000
2023-07-28,71.46600341796875,72.02999877929688,71.21800231933594,71.89199829101562,2367000
2023-07-31,72.00800323486328,72.86799621582031,72.00800323486328,72.86799621582031,2963500
2023-08-01,72.35399627685547,73.09200286865234,72.04399871826172,72.90399932861328,2631000
2023-08-02,71.81999969482422,71.81999969482422,70.0479965209961,70.59200286865234,7823000
2023-08-03,69.9280014038086,70.52200317382812,69.89600372314453,70.13200378417969,4218500
2023-08-04,70.27200317382812,70.39800262451172,69.24600219726562,69.3479995727539,4409000
2023-08-07,69.52400207519531,69.80000305175781,69.1780014038086,69.79000091552734,2543000
2023-08-08,68.63600158691406,68.85600280761719,67.93599700927734,68.6520004272461,3914500
2023-08-09,68.56999969482422,68.70600128173828,67.54000091552734,67.86199951171875,3551000
2023-08-10,68.53800201416016,69.27200317382812,67.87999725341797,68.30000305175781,5805000
2023-08-11,67.61599731445312,68.46399688720703,67.61599731445312,68.19599914550781,2816500
2023-08-14,67.84400177001953,69.08399963378906,67.8280029296875,69.08399963378906,6328000
2023-08-15,68.91400146484375,69.07599639892578,68.28399658203125,68.49199676513672,6497000
2023-08-16,68.2239990234375,68.802001953125,67.8740005493164,67.9020004272461,2761000
2023-08-17,68.03399658203125,68.22599792480469,66.79399871826172,66.87000274658203,2822500
2023-08-18,66.00399780273438,67.3499984741211,66.00199890136719,67.14399719238281,3235500
2023-08-21,67.59400177001953,68.48200225830078,67.59400177001953,68.33599853515625,3542000
2023-08-22,68.7959976196289,68.93800354003906,68.15399932861328,68.27999877929688,3220500
2023-08-23,68.65599822998047,69.78199768066406,68.44400024414062,69.4020004272461,3614500
2023-08-24,70.36399841308594,70.36399841308594,67.8239974975586,67.8280029296875,4454000
2023-08-25,68.12799835205078,69.44000244140625,67.84200286865234,69.1719970703125,4251000
2023-08-28,69.5999984741211,69.84400177001953,69.1500015258789,69.50399780273438,2107000
2023-08-29,69.28800201416016,70.8759994506836,69.28800201416016,70.85199737548828,2809000
2023-08-30,70.76200103759766,71.49800109863281,70.697998046875,71.48600006103516,2927000
2023-08-31,71.94999694824219,72.44400024414062,71.76000213623047,72.00599670410156,4126000
2023-09-01,72.39399719238281,72.75199890136719,72.03199768066406,72.34200286865234,2618500
2023-09-05,72.03600311279297,72.8239974975586,71.87000274658203,72.69400024414062,4202500
2023-09-06,72.41600036621094,73.0,72.23200225830078,72.7979965209961,2373500
2023-09-07,72.13999938964844,72.78399658203125,71.8499984741211,72.6259994506836,3551500
2023-09-08,72.89199829101562,73.14800262451172,72.59200286865234,72.75800323486328,3743500
2023-09-11,73.35800170898438,73.41799926757812,72.78199768066406,73.3479995727539,3482500
2023-09-12,71.9800033569336,72.2760009765625,71.19999694824219,71.23600006103516,3490500
2023-09-13,71.16600036621094,71.6780014038086,70.9020004272461,71.38600158691406,2805000
2023-09-14,71.86799621582031,71.9739990234375,71.11399841308594,71.73799896240234,2597500
2023-09-15,71.03600311279297,71.35600280761719,70.12200164794922,70.38400268554688,5079000
2023-09-18,69.96600341796875,70.59600067138672,69.96399688720703,70.35600280761719,3121000
2023-09-19,70.18399810791016,70.2959976196289,69.51200103759766,70.2699966430664,1779000
2023-09-20,70.63999938964844,70.80999755859375,69.61199951171875,69.63600158691406,2250000
2023-09-21,68.88600158691406,69.24800109863281,67.9739990234375,67.99800109863281,2920000
2023-09-22,68.26399993896484,68.71199798583984,68.02400207519531,68.11399841308594,2544500
2023-09-25,67.76200103759766,68.2040023803711,67.62999725341797,68.0999984741211,1945000
2023-09-26,67.52200317382812,67.85800170898438,66.7979965209961,67.01799774169922,2913000
2023-09-27,67.2300033569336,67.80999755859375,66.89800262451172,67.47000122070312,3011000
2023-09-28,66.89800262451172,68.39399719238281,66.64199829101562,67.98600006103516,2359000
2023-09-29,68.49800109863281,69.20600128173828,68.0999984741211,68.25199890136719,3191500
2023-10-02,68.28600311279297,68.94200134277344,68.12200164794922,68.62999725341797,2793500
2023-10-03,68.0,68.45999908447266,66.60600280761719,66.90799713134766,2648000
2023-10-04,67.11399841308594,68.1520004272461,67.11399841308594,67.98999786376953,5246000
2023-10-05,67.9739990234375,68.0,67.0780029296875,67.90599822998047,2460500
2023-10-06,67.31600189208984,69.99400329589844,67.31600189208984,69.73999786376953,3219500
2023-10-09,69.36000061035156,70.33200073242188,69.12799835205078,70.2040023803711,3060500
2023-10-10,70.30599975585938,71.10600280761719,70.10600280761719,70.52999877929688,4282000
2023-10-11,70.77400207519531,71.19999694824219,70.38600158691406,70.9260025024414,2314500
2023-10-12,71.16999816894531,71.52400207519531,70.16799926757812,70.63200378417969,3318000
2023-10-13,70.58599853515625,70.9020004272461,69.5479965209961,69.85600280761719,2326500
2023-10-16,70.06800079345703,71.12799835205078,70.05400085449219,70.65799713134766,3766500
2023-10-17,69.95800018310547,71.40799713134766,69.83799743652344,71.01599884033203,6538000
2023-10-18,70.7020034790039,71.06199645996094,69.80599975585938,69.947998046875,2565500
2023-10-19,70.10399627685547,70.81800079345703,69.38400268554688,69.51000213623047,3308000
2023-10-20,69.28399658203125,69.4000015258789,67.33200073242188,67.75399780273438,6432500
2023-10-23,67.18399810791016,68.46399688720703,66.75,67.75800323486328,3691500
2023-10-24,68.1240005493164,68.74400329589844,67.54399871826172,68.3759994506836,2290000
2023-10-25,68.26399993896484,68.3759994506836,66.34600067138672,66.54199981689453,5270500
2023-10-26,66.70800018310547,67.33200073242188,65.4280014038086,65.86599731445312,6060000
2023-10-27,66.3280029296875,66.55999755859375,65.66200256347656,65.83799743652344,3493000
2023-10-30,66.24800109863281,67.01000213623047,66.06400299072266,66.71199798583984,4084000
2023-10-31,66.8280029296875,67.65399932861328,66.47200012207031,67.48999786376953,3277000
2023-11-01,67.51799774169922,68.14800262451172,67.14399719238281,68.0459976196289,7905500
2023-11-02,68.87000274658203,69.23999786376953,68.61799621582031,69.23200225830078,8049000
2023-11-03,69.05400085449219,70.29399871826172,68.77999877929688,69.96199798583984,8740500
2023-11-06,69.98200225830078,70.13600158691406,69.04000091552734,69.7979965209961,8203000
2023-11-07,70.46800231933594,71.697998046875,70.40799713134766,71.20999908447266,4412000
2023-11-08,71.4219970703125,71.9020004272461,71.16000366210938,71.69200134277344,2822000
2023-11-09,72.0,72.27799987792969,71.02400207519531,71.08399963378906,3612000
2023-11-10,71.31600189208984,72.88200378417969,71.12799835205078,72.85399627685547,3327000
2023-11-13,72.57599639892578,73.11799621582031,72.31999969482422,72.9280014038086,3500500
2023-11-14,74.76200103759766,75.03600311279297,74.05000305175781,74.9280014038086,4520000
2023-11-15,75.22200012207031,75.22200012207031,74.26000213623047,74.51000213623047,3603000
2023-11-16,74.04199981689453,74.84200286865234,73.93199920654297,74.54199981689453,2781000
2023-11-17,74.5999984741211,74.93599700927734,74.3759994506836,74.78199768066406,2595000
2023-11-20,74.89600372314453,76.0780029296875,74.89600372314453,75.93000030517578,3198000
2023-11-21,75.5979995727539,76.0199966430664,75.30799865722656,75.9020004272461,9361500
2023-11-22,76.39800262451172,76.56800079345703,75.73400115966797,75.88600158691406,9302000
2023-11-24,75.89600372314453,76.13400268554688,75.58200073242188,76.13400268554688,1492500
2023-11-27,75.97200012207031,76.56199645996094,75.7699966430664,76.0999984741211,7321000
2023-11-28,75.80000305175781,76.71399688720703,75.78600311279297,76.54000091552734,3985500
2023-11-29,77.54399871826172,78.23200225830078,77.54399871826172,77.76799774169922,3940500
2023-11-30,78.55999755859375,79.07599639892578,77.40599822998047,78.39399719238281,5759500
2023-12-01,78.2040023803711,79.51000213623047,78.10399627685547,79.48400115966797,4940000
2023-12-04,78.54000091552734,78.81600189208984,77.53600311279297,78.5,4778000
2023-12-05,77.81999969482422,78.48799896240234,77.58399963378906,78.48799896240234,1675000
2023-12-06,79.01599884033203,79.01599884033203,77.5979995727539,77.68000030517578,1866000
2023-12-07,77.80400085449219,78.1719970703125,77.4000015258789,78.08999633789062,2846000
2023-12-08,77.60600280761719,78.85199737548828,77.60600280761719,78.73799896240234,1430000
2023-12-11,78.84200286865234,79.63999938964844,78.62000274658203,79.54199981689453,8567500
2023-12-12,79.02400207519531,79.70800018310547,78.71199798583984,79.68399810791016,3920000
2023-12-13,79.83599853515625,80.7300033569336,79.4000015258789,80.61000061035156,6070000
2023-12-14,80.46199798583984,80.77999877929688,78.87999725341797,79.52999877929688,3805000
2023-12-15,79.36799621582031,80.52200317382812,79.36799621582031,80.302001953125,5160500
2023-12-18,80.23200225830078,81.15799713134766,80.23200225830078,80.91600036621094,3011000
2023-12-19,81.03600311279297,81.5260009765625,80.98999786376953,81.41999816894531,2338000
2023-12-20,81.16200256347656,81.71199798583984,80.21199798583984,80.25399780273438,2087000
2023-12-21,81.00199890136719,81.39800262451172,80.6500015258789,81.3479995727539,1669000
2023-12-22,81.75399780273438,81.75399780273438,81.08399963378906,81.49800109863281,1545000
2023-12-26,81.69999694824219,81.84200286865234,81.4520034790039,81.75800323486328,1264000
2023-12-27,81.68399810791016,81.94599914550781,81.4219970703125,81.69599914550781,2180000
2023-12-28,81.75599670410156,81.8239974975586,81.52799987792969,81.66799926757812,2213500
2023-12-29,81.70600128173828,81.85399627685547,80.80400085449219,81.12799835205078,1700000
2024-01-02,80.23799896240234,80.41400146484375,78.34200286865234,78.8740005493164,4931500
2024-01-03,77.98400115966797,78.33799743652344,77.5199966430664,77.60199737548828,3369500
2024-01-04,77.58000183105469,77.99600219726562,77.31199645996094,77.40599822998047,2423500
2024-01-05,77.42400360107422,78.01799774169922,77.13999938964844,77.31199645996094,3436000
2024-01-08,77.77999877929688,79.47200012207031,77.77999877929688,79.4219970703125,2212000
2024-01-09,79.05400085449219,80.11799621582031,78.97799682617188,79.74400329589844,2218500
2024-01-10,80.1259994506836,81.05599975585938,79.91200256347656,80.83799743652344,4335000
2024-01-11,81.31199645996094,81.85399627685547,80.30400085449219,81.48999786376953,2452500
2024-01-12,81.7239990234375,82.11799621582031,81.36000061035156,81.73600006103516,2186500
2024-01-16,81.51599884033203,82.0780029296875,81.13600158691406,81.71199798583984,1857500
2024-01-17,81.08200073242188,81.43800354003906,80.03199768066406,81.35800170898438,3967500
2024-01-18,81.95600128173828,82.2699966430664,81.41600036621094,82.18800354003906,2445000
2024-01-19,82.62200164794922,83.67400360107422,82.40399932861328,83.67400360107422,2258500
2024-01-22,84.35199737548828,85.08799743652344,84.29000091552734,84.43800354003906,3400500
2024-01-23,84.85399627685547,84.85399627685547,83.93399810791016,84.60199737548828,4458500
2024-01-24,85.58599853515625,85.75399780273438,84.5459976196289,84.5719985961914,4159000
2024-01-25,85.46800231933594,85.46800231933594,84.30599975585938,84.80999755859375,2095500
2024-01-26,84.71399688720703,85.3219985961914,84.43199920654297,84.66200256347656,1425500
2024-01-29,84.60399627685547,86.34400177001953,84.60399627685547,86.34400177001953,3083000
2024-01-30,86.33399963378906,86.37200164794922,85.69400024414062,85.95600128173828,3464500
2024-01-31,85.35399627685547,85.45600128173828,84.03600311279297,84.07599639892578,3402000
2024-02-01,84.8479995727539,85.4000015258789,84.23200225830078,85.24800109863281,3283500
2024-02-02,85.43000030517578,86.0999984741211,84.79399871826172,85.8759994506836,1856500
2024-02-05,85.89600372314453,85.9520034790039,84.41600036621094,85.33200073242188,1777500
2024-02-06,85.71800231933594,85.86599731445312,84.30799865722656,85.18599700927734,1930500
2024-02-07,86.0,86.83200073242188,85.56800079345703,86.5479965209961,1638000
2024-02-08,86.72599792480469,87.56199645996094,86.65799713134766,87.43800354003906,2139000
2024-02-09,88.36599731445312,88.81800079345703,87.89800262451172,88.4020004272461,2319000
2024-02-12,88.65599822998047,88.65599822998047,87.33399963378906,87.48200225830078,2218000
2024-02-13,84.78199768066406,86.25599670410156,84.25,85.53399658203125,3384000
2024-02-14,86.66000366210938,87.302001953125,86.30000305175781,87.22799682617188,1609000
2024-02-15,87.75599670410156,87.76799774169922,86.70800018310547,87.0999984741211,1535000
2024-02-16,87.0260009765625,87.0260009765625,85.48999786376953,85.55400085449219,3883500
2024-02-20,84.7239990234375,85.25199890136719,83.46800231933594,84.49600219726562,4730000
2024-02-21,82.01599884033203,82.16000366210938,81.2699966430664,82.12799835205078,6011000
2024-02-22,84.47799682617188,84.88400268554688,84.07599639892578,84.22799682617188,4771000
2024-02-23,84.73999786376953,85.12799835205078,84.22000122070312,84.68000030517578,2841000
2024-02-26,85.17400360107422,86.21600341796875,84.92400360107422,85.49600219726562,4134000
2024-02-27,86.05799865722656,86.05799865722656,84.91000366210938,85.5459976196289,1932000
2024-02-28,85.13600158691406,85.63999938964844,84.90599822998047,85.39800262451172,1731000
2024-02-29,85.86599731445312,86.2760009765625,85.27200317382812,86.05400085449219,3131000
2024-03-01,86.36599731445312,86.94999694824219,85.56800079345703,86.91400146484375,3402500
2024-03-04,86.5780029296875,86.89199829101562,86.41999816894531,86.5479965209961,1665000
2024-03-05,85.61599731445312,85.69200134277344,82.73799896240234,83.23999786376953,6909000
2024-03-06,84.94000244140625,85.0999984741211,83.6780014038086,84.41200256347656,5416500
2024-03-07,85.1500015258789,85.6500015258789,84.22000122070312,85.41000366210938,1772900
2024-03-08,85.63999938964844,86.3499984741211,84.6500015258789,84.93000030517578,1910400
2024-03-11,84.47000122070312,85.51000213623047,84.29000091552734,85.16000366210938,3155000
2024-03-12,86.02999877929688,87.16999816894531,85.58000183105469,87.02999877929688,3046200
2024-03-13,86.97000122070312,87.08999633789062,86.27999877929688,86.4000015258789,2322900
2024-03-14,86.81999969482422,86.88999938964844,85.41000366210938,85.97000122070312,4788200
2024-03-15,84.2300033569336,84.5199966430664,83.26000213623047,83.55999755859375,5312200
2024-03-18,83.9800033569336,84.88999938964844,83.9800033569336,84.51000213623047,2969500
2024-03-19,84.19000244140625,85.16000366210938,83.66999816894531,85.12999725341797,5379700
2024-03-20,85.37000274658203,86.1500015258789,84.94000244140625,85.94999694824219,3724500
2024-03-21,86.91000366210938,87.29000091552734,86.5,86.55999755859375,4347900
2024-03-22,86.48999786376953,86.55000305175781,85.62999725341797,85.98999786376953,1644100
2024-03-25,85.45999908447266,85.9800033569336,85.19999694824219,85.69000244140625,1418500
2024-03-26,85.9000015258789,86.33999633789062,85.73999786376953,85.8499984741211,1108600
2024-03-27,86.44999694824219,86.63999938964844,84.94000244140625,85.38999938964844,1947200
2024-03-28,85.45999908447266,85.91999816894531,85.2300033569336,85.2699966430664,2068800
2024-04-01,85.5199966430664,85.7300033569336,84.54000091552734,85.0199966430664,2502800
2024-04-02,83.62999725341797,84.19000244140625,83.18000030517578,84.12000274658203,1897500
2024-04-03,83.68000030517578,84.87000274658203,83.68000030517578,84.2699966430664,1716400
2024-04-04,85.16999816894531,85.76000213623047,83.19999694824219,83.27999877929688,3397400
2024-04-05,83.29000091552734,84.7699966430664,83.29000091552734,84.16999816894531,10464500
2024-04-08,84.19999694824219,84.63999938964844,83.70999908447266,84.45999908447266,2396500
2024-04-09,84.83000183105469,84.9800033569336,83.87999725341797,84.69999694824219,2165000
2024-04-10,83.2699966430664,83.87000274658203,83.19999694824219,83.58999633789062,4779400
2024-04-11,83.86000061035156,84.44000244140625,83.20999908447266,84.13999938964844,3059300
2024-04-12,83.30000305175781,83.41999816894531,82.44000244140625,82.76000213623047,5572300
2024-04-15,83.05000305175781,83.05000305175781,80.2699966430664,80.4800033569336,5380400
2024-04-16,80.44999694824219,81.2699966430664,80.12999725341797,80.69999694824219,4494100
2024-04-17,80.9000015258789,81.19000244140625,80.0199966430664,80.05999755859375,3100400
2024-04-18,80.27999877929688,80.47000122070312,79.30999755859375,79.5,4622700
2024-04-19,79.44000244140625,79.72000122070312,78.2300033569336,78.52999877929688,4199000
2024-04-22,79.2699966430664,79.76000213623047,78.4000015258789,79.4800033569336,5243600
2024-04-23,79.77999877929688,81.11000061035156,79.66000366210938,80.86000061035156,3410500
2024-04-24,81.18000030517578,81.55000305175781,80.37999725341797,80.94000244140625,2422800
2024-04-25,79.58000183105469,80.4000015258789,78.98999786376953,80.19000244140625,4400100
2024-04-26,80.86000061035156,81.83000183105469,80.62999725341797,81.08999633789062,3172600
2024-04-29,81.41999816894531,81.69000244140625,80.45999908447266,80.95999908447266,2084800
2024-04-30,80.51000213623047,80.61000061035156,78.93000030517578,78.93000030517578,3212100
2024-05-01,79.0,80.76000213623047,78.37999725341797,79.06999969482422,6727800
2024-05-02,79.91000366210938,80.06999969482422,78.66000366210938,79.91000366210938,3055400
2024-05-03,80.9000015258789,81.16999816894531,80.43000030517578,80.87000274658203,3341100
2024-05-06,81.08000183105469,82.04000091552734,81.08000183105469,81.98999786376953,1631800
2024-05-07,81.6500015258789,82.0199966430664,81.05999755859375,81.55000305175781,2354400
2024-05-08,81.1500015258789,81.5199966430664,81.01000213623047,81.20999908447266,2488400
2024-05-09,81.16999816894531,81.45999908447266,80.8499984741211,81.16000366210938,2617100
2024-05-10,81.33999633789062,82.08999633789062,81.31999969482422,81.38999938964844,2025100
2024-05-13,81.87999725341797,81.91999816894531,81.33000183105469,81.48999786376953,1999000
2024-05-14,81.25,82.11000061035156,81.25,81.97000122070312,6244500
2024-05-15,82.7300033569336,84.16000366210938,82.72000122070312,84.02999877929688,4114100
2024-05-16,84.05000305175781,84.25,83.6500015258789,83.79000091552734,3163400
2024-05-17,83.87999725341797,84.2699966430664,83.76000213623047,84.2699966430664,2293700
2024-05-20,84.36000061035156,85.12999725341797,84.16000366210938,85.12999725341797,2111600
2024-05-21,84.58999633789062,84.80000305175781,84.20999908447266,84.47000122070312,2439500
2024-05-22,84.41999816894531,84.91999816894531,83.98999786376953,84.4800033569336,2473200
2024-05-23,85.19999694824219,85.22000122070312,83.38999938964844,83.72000122070312,2855500
2024-05-24,82.87999725341797,83.2699966430664,82.23999786376953,82.9000015258789,2957400
2024-05-28,82.80000305175781,82.80000305175781,81.91000366210938,82.33999633789062,4628100
2024-05-29,81.36000061035156,82.37999725341797,81.3499984741211,82.11000061035156,5058200
2024-05-30,79.77999877929688,79.77999877929688,77.25,77.36000061035156,11833200
2024-05-31,77.6500015258789,78.08999633789062,76.0999984741211,78.08999633789062,9925600
2024-06-03,78.43000030517578,78.91000366210938,77.08000183105469,77.94000244140625,4237500
2024-06-04,77.87999725341797,78.41999816894531,77.73999786376953,78.2699966430664,6180100
2024-06-05,79.04000091552734,80.05000305175781,78.5199966430664,80.04000091552734,9787400
2024-06-06,79.93000030517578,80.86000061035156,79.93000030517578,80.2699966430664,4067000
2024-06-07,80.0,80.66999816894531,79.76000213623047,80.37999725341797,2933500
2024-06-10,80.1500015258789,80.77999877929688,80.0,80.61000061035156,8923000
2024-06-11,80.22000122070312,80.97000122070312,79.79000091552734,80.87999725341797,3778000
2024-06-12,82.44999694824219,83.1500015258789,82.25,82.72000122070312,4387000
2024-06-13,82.76000213623047,82.8499984741211,81.68000030517578,81.8499984741211,3577100
2024-06-14,82.5,83.12999725341797,82.5,83.04000091552734,4250200
2024-06-17,83.0,83.98999786376953,82.36000061035156,83.76000213623047,3840600
2024-06-18,83.56999969482422,84.12999725341797,83.51000213623047,84.04000091552734,2420400
2024-06-20,84.16000366210938,84.4000015258789,83.69999694824219,83.93000030517578,3019600
2024-06-21,84.27999877929688,84.80999755859375,83.69999694824219,84.7699966430664,3391200
2024-06-24,84.2300033569336,84.69000244140625,83.87999725341797,83.9000015258789,4082800
2024-06-25,84.19999694824219,84.61000061035156,83.91000366210938,84.55999755859375,2130300
2024-06-26,84.2300033569336,84.97000122070312,84.12999725341797,84.66000366210938,1630100
2024-06-27,84.91000366210938,86.91000366210938,84.7300033569336,86.45999908447266,5988800
2024-06-28,86.7699966430664,87.51000213623047,86.54000091552734,86.9000015258789,5720200
2024-07-01,87.04000091552734,87.41999816894531,86.13999938964844,87.33999633789062,3467300
2024-07-02,86.91999816894531,87.87000274658203,86.9000015258789,87.7699966430664,2483700
2024-07-03,87.7300033569336,88.11000061035156,87.66999816894531,87.87999725341797,2319900
2024-07-05,87.81999969482422,88.97000122070312,87.80999755859375,88.93000030517578,2282100
2024-07-08,88.58999633789062,88.7699966430664,87.79000091552734,88.08000183105469,3729600
2024-07-09,87.83000183105469,88.04000091552734,86.48999786376953,86.68000030517578,4585300
2024-07-10,86.62000274658203,86.73999786376953,85.66999816894531,86.66999816894531,6804900
2024-07-11,86.93000030517578,87.7300033569336,86.18000030517578,86.41999816894531,4911200
2024-07-12,86.30000305175781,87.63999938964844,86.19999694824219,87.31999969482422,6838300
2024-07-15,87.47000122070312,88.5,87.30000305175781,87.94999694824219,5083500
2024-07-16,87.80999755859375,88.37000274658203,87.58000183105469,88.23999786376953,6213900
2024-07-17,87.2699966430664,87.2699966430664,86.0199966430664,86.31999969482422,5830100
2024-07-18,86.54000091552734,86.6500015258789,84.51000213623047,85.02999877929688,3888500
2024-07-19,84.5199966430664,85.23999786376953,84.41999816894531,84.8499984741211,3342000
2024-07-22,85.31999969482422,85.83000183105469,84.83999633789062,85.62000274658203,4321100
2024-07-23,85.87000274658203,86.54000091552734,85.66999816894531,85.80000305175781,5813900
2024-07-24,84.75,85.30000305175781,82.7699966430664,82.88999938964844,3675200
2024-07-25,83.81999969482422,85.41000366210938,82.7300033569336,83.72000122070312,5082500
2024-07-26,84.29000091552734,85.29000091552734,84.08999633789062,84.7699966430664,2456500
2024-07-29,85.0999984741211,85.33000183105469,84.2300033569336,84.2699966430664,4303200
2024-07-30,84.47000122070312,84.97000122070312,82.6500015258789,83.45999908447266,3014500
2024-07-31,84.61000061035156,85.25,84.30000305175781,84.62000274658203,3591000
2024-08-01,84.58000183105469,85.5199966430664,82.26000213623047,82.9800033569336,3590000
2024-08-02,80.66999816894531,80.81999969482422,79.16999816894531,80.20999908447266,11362700
2024-08-05,75.95999908447266,79.12000274658203,75.95999908447266,77.94000244140625,6484400
2024-08-06,79.08999633789062,80.20999908447266,78.51000213623047,79.11000061035156,5303900
2024-08-07,80.66000366210938,81.55000305175781,78.88999938964844,78.94999694824219,3166400
2024-08-08,80.23999786376953,81.72000122070312,79.66999816894531,81.55999755859375,5824000
2024-08-09,81.45999908447266,82.62999725341797,81.38999938964844,82.47000122070312,2404100
2024-08-12,82.55999755859375,82.72000122070312,81.5999984741211,81.94000244140625,2112200
2024-08-13,82.37999725341797,83.5999984741211,82.37000274658203,83.41000366210938,6022300
2024-08-14,83.4000015258789,84.27999877929688,83.12999725341797,83.87999725341797,1749200
2024-08-15,84.66000366210938,85.51000213623047,84.66000366210938,85.41999816894531,2546500
2024-08-16,85.18000030517578,85.72000122070312,84.94999694824219,85.5199966430664,1467200
2024-08-19,85.5199966430664,86.5,85.4000015258789,86.5,1983400
2024-08-20,86.52999877929688,87.06999969482422,86.45999908447266,86.69000244140625,1807000
2024-08-21,86.6500015258789,87.26000213623047,86.44000244140625,87.22000122070312,3858900
2024-08-22,87.31999969482422,87.73999786376953,85.77999877929688,85.87999725341797,1732800
2024-08-23,86.72000122070312,86.83000183105469,85.44999694824219,86.37000274658203,3014700
2024-08-26,86.18000030517578,86.7300033569336,85.91000366210938,86.08999633789062,2748600
2024-08-27,85.30999755859375,86.45999908447266,85.30999755859375,86.31999969482422,1908100
2024-08-28,85.95999908447266,86.30999755859375,84.79000091552734,85.25,3112200
2024-08-29,86.36000061035156,87.61000061035156,86.19000244140625,86.29000091552734,3924400
2024-08-30,86.88999938964844,87.0,85.91000366210938,86.80000305175781,2864600
2024-09-03,86.55999755859375,87.13999938964844,84.45999908447266,84.9000015258789,2432100
2024-09-04,83.91999816894531,85.1500015258789,83.83999633789062,84.70999908447266,2658600
2024-09-05,84.19999694824219,84.88999938964844,83.7300033569336,84.38999938964844,1893400
2024-09-06,84.76000213623047,85.12000274658203,82.83000183105469,83.36000061035156,10428700
2024-09-09,83.95999908447266,84.9000015258789,83.83999633789062,84.41000366210938,4426000
2024-09-10,85.58000183105469,85.83000183105469,84.68000030517578,85.75,4886100
2024-09-11,85.44000244140625,86.81999969482422,84.19999694824219,86.66999816894531,3133700
2024-09-12,86.86000061035156,87.76000213623047,86.68000030517578,87.58999633789062,2895500
2024-09-13,87.33000183105469,87.72000122070312,86.95999908447266,87.33000183105469,3664000
2024-09-16,87.5199966430664,88.3499984741211,87.5199966430664,88.0199966430664,4878600
2024-09-17,88.66000366210938,88.66000366210938,87.33999633789062,87.62000274658203,2641500
2024-09-18,87.63999938964844,88.0199966430664,86.66000366210938,86.87000274658203,3005900
2024-09-19,88.9800033569336,89.58000183105469,88.51000213623047,89.19000244140625,3285300
2024-09-20,88.80000305175781,89.31999969482422,88.33000183105469,89.19999694824219,6398600
2024-09-23,89.38999938964844,89.52999877929688,89.04000091552734,89.20999908447266,1528700
2024-09-24,89.4800033569336,89.5,88.44999694824219,89.31999969482422,2183500
2024-09-25,89.05999755859375,89.44000244140625,88.72000122070312,88.86000061035156,1675900
2024-09-26,89.83999633789062,89.98999786376953,88.55000305175781,89.31999969482422,2506900
2024-09-27,89.31999969482422,89.55000305175781,88.9000015258789,89.23999786376953,4171600
2024-09-30,88.8499984741211,89.45999908447266,88.4800033569336,89.37000274658203,2796000
2024-10-01,89.38999938964844,89.5199966430664,87.2300033569336,87.4800033569336,2830500
2024-10-02,87.44999694824219,88.5999984741211,87.30999755859375,88.22000122070312,3442700
2024-10-03,87.68000030517578,88.63999938964844,87.68000030517578,88.30999755859375,3772900
2024-10-04,89.31999969482422,89.91999816894531,88.70999908447266,89.9000015258789,2124100
2024-10-07,89.55000305175781,89.81999969482422,88.5,88.68000030517578,3368500
2024-10-08,89.06999969482422,90.6999969482422,89.06999969482422,90.58000183105467,2657200
2024-10-09,90.79000091552734,91.88999938964844,90.58999633789062,91.7300033569336,4216800
2024-10-10,91.37999725341795,92.41999816894533,91.23999786376952,92.36000061035156,6154800
2024-10-11,92.41999816894533,92.98999786376952,92.37000274658205,92.81999969482422,2588100
2024-10-14,93.44000244140624,93.69000244140624,92.8499984741211,93.33000183105467,5191800
2024-10-15,93.5,93.56999969482422,92.23999786376952,92.43000030517578,2487400
2024-10-16,92.37999725341795,92.37999725341795,91.16999816894533,92.0,1738900
2024-10-17,92.7300033569336,92.77999877929688,91.7300033569336,92.06999969482422,1426800
2024-10-18,92.2300033569336,92.68000030517578,92.0,92.30999755859376,2617500
2024-10-21,91.72000122070312,92.69000244140624,91.56999969482422,92.27999877929688,2125800
2024-10-22,91.9000015258789,92.37999725341795,91.77999877929688,92.11000061035156,1680300
2024-10-23,91.86000061035156,92.02999877929688,90.31999969482422,90.79000091552734,3619700
2024-10-24,91.52999877929688,92.27999877929688,91.37999725341795,91.79000091552734,1458100
2024-10-25,92.23999786376952,93.29000091552734,91.88999938964844,92.1999969482422,2555400
2024-10-28,92.7699966430664,93.0,92.27999877929688,92.33999633789062,2344700
2024-10-29,92.4499969482422,94.05999755859376,92.37000274658205,93.88999938964844,2185100
2024-10-30,93.9000015258789,94.5500030517578,93.5199966430664,93.66999816894533,2187400
2024-10-31,92.56999969482422,92.91000366210938,91.26000213623048,91.26000213623048,3307100
2024-11-01,91.54000091552734,92.93000030517578,91.4800033569336,92.26000213623048,3116700
2024-11-04,91.86000061035156,92.63999938964844,91.55999755859376,92.25,1721600
2024-11-05,92.98999786376952,94.0500030517578,92.9800033569336,93.86000061035156,2636400
2024-11-06,96.47000122070312,97.73999786376952,96.2699966430664,97.70999908447266,7199800
2024-11-07,98.5999984741211,100.33999633789062,98.33000183105467,100.16000366210938,5536700
2024-11-08,100.06999969482422,101.41000366210938,99.94000244140624,101.23999786376952,4941100
2024-11-11,102.37000274658205,103.68000030517578,101.98999786376952,103.58999633789062,11509000
2024-11-12,102.8499984741211,104.29000091552734,102.8000030517578,104.08999633789062,5093300
2024-11-13,104.33000183105467,105.9000015258789,104.18000030517578,104.41999816894533,7266900
2024-11-14,104.12999725341795,104.66000366210938,102.91999816894533,103.0500030517578,6237600
2024-11-15,102.05999755859376,102.3499984741211,100.6500015258789,101.12999725341795,6674800
2024-11-18,101.41000366210938,101.7699966430664,100.56999969482422,101.12000274658205,2827200
2024-11-19,100.16999816894533,102.66999816894533,99.81999969482422,102.5199966430664,5866800
2024-11-20,103.23999786376952,103.54000091552734,101.8000030517578,103.30999755859376,6153700
2024-11-21,104.58999633789062,105.75,103.6999969482422,104.54000091552734,6883500
2024-11-22,104.79000091552734,106.16000366210938,104.52999877929688,106.04000091552734,6795700
2024-11-25,107.4000015258789,107.54000091552734,105.62000274658205,105.79000091552734,7199800
2024-11-26,105.73999786376952,106.5999984741211,105.66000366210938,106.19000244140624,3156800
2024-11-27,105.58999633789062,105.69000244140624,103.54000091552734,104.3000030517578,8332700
2024-11-29,104.6500015258789,105.2699966430664,104.37999725341795,104.76000213623048,1960800
2024-12-02,105.0,105.2300033569336,104.56999969482422,104.86000061035156,5737900
2024-12-03,104.30999755859376,105.83999633789062,103.91999816894533,105.7699966430664,4002300
2024-12-04,108.13999938964844,109.87999725341795,107.6999969482422,109.87999725341795,8550000
2024-12-05,109.26000213623048,109.77999877929688,108.45999908447266,108.5500030517578,7697100
2024-12-06,109.37000274658205,110.5500030517578,109.16999816894533,110.0500030517578,6127400
2024-12-09,110.58999633789062,110.83999633789062,107.5,107.7699966430664,9095700
2024-12-10,107.16000366210938,107.91999816894533,105.68000030517578,106.16999816894533,4464400
2024-12-11,107.0500030517578,108.20999908447266,106.58999633789062,107.81999969482422,7791400
2024-12-12,106.9499969482422,107.61000061035156,106.5,106.8499984741211,3366500
2024-12-13,106.94000244140624,107.06999969482422,105.12000274658205,105.7699966430664,4477200
2024-12-16,105.94000244140624,107.11000061035156,105.62000274658205,106.91000366210938,4956800
2024-12-17,106.5199966430664,106.9000015258789,105.61000061035156,105.94000244140624,6660800
2024-12-18,105.91000366210938,105.98999786376952,100.87999725341795,101.18000030517578,8398200
2024-12-19,103.0500030517578,103.4800033569336,101.5199966430664,101.56999969482422,7808100
2024-12-20,100.41999816894533,104.1999969482422,100.04000091552734,103.62000274658205,5981800
2024-12-23,103.37999725341795,103.62999725341795,101.93000030517578,102.91999816894533,3653800
2024-12-24,103.12999725341795,104.13999938964844,103.0999984741211,104.0999984741211,1584200
2024-12-26,103.8000030517578,104.38999938964844,103.2300033569336,103.87000274658205,2311500
2024-12-27,103.26000213623048,103.31999969482422,101.13999938964844,102.27999877929688,7467600
2024-12-30,100.66999816894533,101.66000366210938,99.7300033569336,100.94000244140624,5965900
2024-12-31,101.26000213623048,101.44000244140624,99.66999816894533,100.12000274658205,3587500
2025-01-02,101.26000213623048,101.4800033569336,98.9800033569336,99.91000366210938,4741500
2025-01-03,100.37999725341795,101.58000183105467,99.98999786376952,101.47000122070312,3675000
2025-01-06,102.37000274658205,102.73999786376952,101.0199966430664,101.68000030517578,4211800
2025-01-07,101.62000274658205,101.6999969482422,98.62000274658205,99.19000244140624,6024300
2025-01-08,98.7300033569336,99.56999969482422,98.02999877929688,99.1999969482422,4696700
2025-01-10,97.88999938964844,98.16999816894533,96.70999908447266,97.20999908447266,7773900
2025-01-13,96.02999877929688,96.58999633789062,95.4800033569336,96.36000061035156,5716800
2025-01-14,97.37000274658205,98.06999969482422,96.63999938964844,97.41000366210938,4805000
2025-01-15,99.5500030517578,99.76000213623048,98.8000030517578,99.16999816894533,4785700
2025-01-16,99.79000091552734,100.36000061035156,98.97000122070312,99.3499984741211,2913100
2025-01-17,101.43000030517578,101.43000030517578,100.01000213623048,100.31999969482422,3143900
2025-01-21,101.4800033569336,102.2699966430664,100.31999969482422,101.9499969482422,4261700
2025-01-22,103.7300033569336,104.33999633789062,103.01000213623048,104.11000061035156,5023400
2025-01-23,103.3499984741211,104.36000061035156,103.20999908447266,104.29000091552734,3530800
2025-01-24,104.77999877929688,104.95999908447266,103.56999969482422,103.8499984741211,2380700
2025-01-27,100.8499984741211,103.73999786376952,100.51000213623048,102.12999725341795,10141800
2025-01-28,102.62999725341795,105.56999969482422,101.69000244140624,104.98999786376952,13339900
2025-01-29,104.7300033569336,104.8499984741211,102.8000030517578,103.4800033569336,6310200
2025-01-30,102.48999786376952,103.43000030517578,102.02999877929688,102.76000213623048,5830400
2025-01-31,103.83999633789062,104.41999816894533,102.54000091552734,102.88999938964844,5224500
2025-02-03,100.72000122070312,103.02999877929688,100.18000030517578,102.48999786376952,12185800
2025-02-04,104.11000061035156,104.83000183105467,103.51000213623048,104.30999755859376,8319500
2025-02-05,104.37999725341795,105.04000091552734,103.58000183105467,104.97000122070312,3206000
2025-02-06,105.06999969482422,105.76000213623048,104.4800033569336,105.23999786376952,4742000
2025-02-07,105.9800033569336,106.83000183105467,104.52999877929688,104.62000274658205,5370700
2025-02-10,105.70999908447266,106.7699966430664,105.36000061035156,106.4000015258789,4192800
2025-02-11,105.97000122070312,106.5,104.7699966430664,105.31999969482422,3085800
2025-02-12,103.76000213623048,105.2300033569336,103.5,104.95999908447266,8844100
2025-02-13,106.0,106.75,105.3499984741211,106.66999816894533,4198000
2025-02-14,106.5,106.83999633789062,105.66999816894533,106.76000213623048,3288900
2025-02-18,107.3000030517578,107.86000061035156,106.29000091552734,107.83000183105467,5855500
2025-02-19,107.55999755859376,107.62999725341795,105.56999969482422,105.94000244140624,6146500
2025-02-20,105.25,105.30999755859376,102.48999786376952,104.0,12498300
2025-02-21,104.16999816894533,104.26000213623048,100.3000030517578,100.4499969482422,6026700
2025-02-24,100.8000030517578,100.83000183105467,97.56999969482422,99.1999969482422,9808900
2025-02-25,98.6500015258789,98.75,96.18000030517578,97.58999633789062,11567100
2025-02-26,98.81999969482422,99.9499969482422,98.2699966430664,98.9499969482422,8719000
2025-02-27,99.7699966430664,99.98999786376952,96.27999877929688,96.33000183105467,5174000
2025-02-28,95.79000091552734,97.47000122070312,95.04000091552734,97.47000122070312,4127300
2025-03-03,98.77999877929688,99.18000030517578,95.08999633789062,95.62999725341795,3997900
2025-03-04,94.52999877929688,97.0,92.77999877929688,95.44000244140624,9339000
2025-03-05,95.0500030517578,97.37999725341795,94.58000183105467,97.0999984741211,3655800
2025-03-06,95.27999877929688,96.66000366210938,93.0500030517578,93.44000244140624,5749600
2025-03-07,93.05999755859376,94.3000030517578,90.62000274658205,93.41999816894533,5147400
2025-03-10,91.13999938964844,91.4499969482422,87.81999969482422,88.68000030517578,7519100
2025-03-11,88.23999786376953,90.88999938964844,88.23999786376953,89.54000091552734,10849900
2025-03-12,91.4499969482422,92.23999786376952,90.0,91.33000183105467,6225800
2025-03-13,90.41000366210938,90.4499969482422,87.80999755859375,88.30000305175781,7486500
2025-03-14,89.58999633789062,91.79000091552734,89.38999938964844,91.66000366210938,13943000
2025-03-17,91.69000244140624,93.61000061035156,91.36000061035156,92.87000274658205,7010200
2025-03-18,91.95999908447266,92.25,90.61000061035156,91.51000213623048,3295100
2025-03-19,92.01000213623048,93.88999938964844,91.5999984741211,92.9499969482422,4215900
2025-03-20,91.91999816894533,93.70999908447266,91.91999816894533,92.56999969482422,3785600
2025-03-21,91.33999633789062,93.1999969482422,90.87999725341795,93.11000061035156,5564000
2025-03-24,94.52999877929688,95.5999984741211,94.43000030517578,95.41000366210938,4240200
2025-03-25,95.6999969482422,96.5,95.58000183105467,96.37000274658205,3283100
2025-03-26,96.27999877929688,96.3000030517578,93.61000061035156,94.12999725341795,3987700
2025-03-27,93.41999816894533,93.97000122070312,92.36000061035156,92.5199966430664,3411500
2025-03-28,92.26000213623048,92.26000213623048,89.37000274658203,89.87000274658203,10229600
2025-03-31,88.0,89.2699966430664,86.44999694824219,88.98999786376953,10375700
2025-04-01,88.93000030517578,90.4800033569336,88.08999633789062,90.31999969482422,3615200
2025-04-02,88.62000274658203,92.23999786376952,88.62000274658203,91.5199966430664,3323400
2025-04-03,87.54000091552734,88.41999816894531,85.91999816894531,86.62999725341797,10347200
2025-04-04,83.94999694824219,84.44999694824219,80.9000015258789,81.30000305175781,10325500
2025-04-07,77.5,84.91000366210938,76.68000030517578,81.25,18136900
2025-04-08,84.5,85.19000244140625,78.86000061035156,80.1500015258789,8433200
2025-04-09,79.69999694824219,90.18000030517578,79.55000305175781,89.48999786376953,10182700
2025-04-10,87.37999725341797,87.79000091552734,83.69999694824219,86.48999786376953,6690500
2025-04-11,86.33999633789062,87.44999694824219,84.47000122070312,87.19999694824219,7302000
2025-04-14,89.4800033569336,89.7300033569336,87.01000213623047,87.9800033569336,3592300
2025-04-15,88.11000061035156,89.51000213623047,88.11000061035156,89.08999633789062,5138000
2025-04-16,87.56999969482422,88.80000305175781,85.76000213623047,86.94000244140625,4376800
2025-04-17,87.5,87.54000091552734,86.19999694824219,86.58999633789062,2814800
2025-04-21,85.29000091552734,85.75,82.77999877929688,83.91000366210938,8123400
2025-04-22,85.0,86.86000061035156,84.5,86.16000366210938,3797200
2025-04-23,89.5199966430664,90.9499969482422,88.5199966430664,88.80999755859375,7819500
2025-04-24,90.05000305175781,93.4000015258789,89.87000274658203,93.1999969482422,9264200
2025-04-25,93.1500015258789,94.77999877929688,93.08000183105467,94.76000213623048,7125900
2025-04-28,94.9000015258789,95.41999816894533,93.52999877929688,94.87999725341795,4715700
2025-04-29,94.79000091552734,96.29000091552734,94.68000030517578,96.0999984741211,2914500
2025-04-30,94.0,96.41000366210938,93.44000244140624,96.06999969482422,3513000
2025-05-01,98.16000366210938,98.9000015258789,97.0,97.01000213623048,5903800
2025-05-02,98.6999969482422,99.87000274658205,98.5,99.47000122070312,4452500
2025-05-05,98.6500015258789,100.20999908447266,98.48999786376952,99.37000274658205,3723600
2025-05-06,97.38999938964844,98.69000244140624,96.91999816894533,97.95999908447266,3653700
2025-05-07,98.13999938964844,99.19000244140624,97.5999984741211,98.77999877929688,6146500
2025-05-08,99.63999938964844,101.33000183105467,99.37999725341795,100.41000366210938,4458600
2025-05-09,100.7699966430664,100.7699966430664,99.1500015258789,99.69000244140624,3833800
2025-05-12,102.5500030517578,102.83000183105467,101.37000274658205,102.77999877929688,6929800
2025-05-13,103.11000061035156,105.33999633789062,103.01000213623048,104.7300033569336,3737300
2025-05-14,104.9800033569336,105.61000061035156,104.1500015258789,104.8000030517578,3632000
2025-05-15,104.08999633789062,105.0199966430664,103.72000122070312,104.4000015258789,3914900
2025-05-16,104.62000274658205,105.27999877929688,104.45999908447266,105.16000366210938,5303400
2025-05-19,103.66000366210938,105.3000030517578,103.45999908447266,104.94000244140624,4570700
2025-05-20,104.44000244140624,104.73999786376952,103.83000183105467,104.69000244140624,3387800
2025-05-21,103.38999938964844,104.51000213623048,101.83999633789062,102.16999816894533,8575400
2025-05-22,102.2300033569336,103.66000366210938,102.2300033569336,102.70999908447266,7258200
2025-05-23,101.4800033569336,102.86000061035156,101.1999969482422,101.93000030517578,3956300
2025-05-27,103.37999725341795,103.94000244140624,102.83000183105467,103.8000030517578,4907600
2025-05-28,103.83999633789062,104.37000274658205,102.94000244140624,103.08000183105467,4027400
2025-05-29,104.0500030517578,104.0500030517578,101.5500030517578,102.3499984741211,5120300
2025-05-30,102.45999908447266,103.9000015258789,101.8000030517578,103.6500015258789,4590600
2025-06-02,103.0500030517578,103.9800033569336,102.25,103.94000244140624,3905300
2025-06-03,103.87999725341795,105.0999984741211,103.8000030517578,104.98999786376952,3682400
2025-06-04,104.8499984741211,105.08000183105467,104.04000091552734,104.8000030517578,3413100
2025-06-05,104.91999816894533,106.33999633789062,104.16000366210938,104.66000366210938,4047500
2025-06-06,105.55999755859376,106.18000030517578,105.06999969482422,105.9800033569336,3487000
2025-06-09,106.0,106.58999633789062,105.38999938964844,106.12999725341795,3149100
2025-06-10,106.12000274658205,106.44000244140624,105.08000183105467,105.87999725341795,3721900
2025-06-11,105.81999969482422,106.79000091552734,105.44000244140624,105.79000091552734,3903300
2025-06-12,106.26000213623048,107.66000366210938,106.20999908447266,107.04000091552734,4506600
2025-06-13,105.62999725341795,107.27999877929688,105.52999877929688,106.2699966430664,4113900
2025-06-16,106.63999938964844,107.7300033569336,106.63999938964844,107.4000015258789,2730900
2025-06-17,106.87000274658205,107.69000244140624,106.16000366210938,106.6500015258789,3526300
2025-06-18,106.76000213623048,106.95999908447266,105.52999877929688,106.08999633789062,5105800
2025-06-20,106.5999984741211,106.81999969482422,104.8499984741211,105.11000061035156,4085200
2025-06-23,105.05999755859376,106.43000030517578,104.0500030517578,106.37000274658205,4066800
2025-06-24,107.41000366210938,108.23999786376952,106.87999725341795,108.0500030517578,5926700
2025-06-25,108.47000122070312,109.02999877929688,107.62000274658205,107.7699966430664,3525500
2025-06-26,108.4000015258789,108.83999633789062,107.73999786376952,108.70999908447266,2844700
2025-06-27,109.0999984741211,109.26000213623048,107.63999938964844,107.77999877929688,3904000
2025-06-30,109.37000274658205,109.91000366210938,109.13999938964844,109.5,3101700
2025-07-01,109.20999908447266,109.52999877929688,107.26000213623048,108.23999786376952,5836900
2025-07-02,107.91999816894533,108.87000274658205,107.33000183105467,108.80999755859376,3486400
2025-07-03,109.8499984741211,111.61000061035156,109.83000183105467,111.2699966430664,3130100
2025-07-07,110.86000061035156,111.1999969482422,110.16000366210938,110.70999908447266,3883100
2025-07-08,111.20999908447266,111.48999786376952,110.37999725341795,111.08000183105467,4557500
2025-07-09,111.5,111.58999633789062,110.5199966430664,111.41999816894533,4073500
2025-07-10,111.41999816894533,111.58000183105467,108.91999816894533,109.1500015258789,6052200
2025-07-11,108.5999984741211,108.98999786376952,107.38999938964844,107.4800033569336,3759900
2025-07-14,107.63999938964844,109.25,107.61000061035156,109.0500030517578,5400700
2025-07-15,109.2300033569336,109.69000244140624,108.87999725341795,108.98999786376952,4653000
2025-07-16,109.4499969482422,110.0199966430664,108.1999969482422,109.80999755859376,4267800
2025-07-17,109.95999908447266,111.43000030517578,109.87999725341795,111.30999755859376,3706500
2025-07-18,111.77999877929688,111.8000030517578,110.52999877929688,111.05999755859376,3865100
2025-07-21,111.33000183105467,111.98999786376952,111.0500030517578,111.20999908447266,3524500
2025-07-22,111.19000244140624,111.4000015258789,109.87999725341795,110.9000015258789,4441800
2025-07-23,111.30999755859376,111.87999725341795,110.33000183105467,111.80999755859376,3086500
2025-07-24,112.18000030517578,112.63999938964844,111.68000030517578,112.08999633789062,6031600
2025-07-25,112.0,113.02999877929688,111.95999908447266,112.69000244140624,2808000
2025-07-28,113.2300033569336,113.30999755859376,112.2699966430664,112.87999725341795,3675600
2025-07-29,113.83000183105467,114.83000183105467,112.48999786376952,113.01000213623048,3443500
2025-07-30,112.97000122070312,113.37999725341795,111.93000030517578,112.72000122070312,4062600
2025-07-31,114.13999938964844,114.13999938964844,111.54000091552734,111.66000366210938,5099300
2025-08-01,110.27999877929688,110.27999877929688,108.05999755859376,108.62999725341795,6882700
2025-08-04,109.69000244140624,111.0500030517578,109.5500030517578,110.9800033569336,4878400
2025-08-05,111.98999786376952,112.26000213623048,110.29000091552734,110.5500030517578,3879300
2025-08-06,110.62000274658205,111.8499984741211,110.45999908447266,111.80999755859376,4873600
2025-08-07,112.3499984741211,112.3499984741211,108.20999908447266,109.5999984741211,6852700
2025-08-08,110.12999725341795,110.58999633789062,109.25,109.62999725341795,5465400
2025-08-11,109.30999755859376,110.45999908447266,108.13999938964844,108.37000274658205,6112700
2025-08-12,108.80999755859376,109.83000183105467,107.95999908447266,109.55999755859376,5786200
2025-08-13,110.37999725341795,110.73999786376952,109.08999633789062,109.54000091552734,8647400
2025-08-14,108.88999938964844,109.33000183105467,107.87000274658205,108.33999633789062,12649300
2025-08-15,108.52999877929688,109.4499969482422,107.95999908447266,109.11000061035156,5601400
2025-08-18,108.87999725341795,109.4800033569336,108.41999816894533,109.41000366210938,3770800
2025-08-19,109.58999633789062,109.66000366210938,106.33999633789062,106.58000183105467,7277100
2025-08-20,105.95999908447266,106.61000061035156,104.4800033569336,106.33000183105467,7324500
2025-08-21,105.79000091552734,106.37000274658205,105.19000244140624,105.95999908447266,2062500
2025-08-22,105.5,108.16999816894533,105.2699966430664,107.45999908447266,4831500
2025-08-25,107.18000030517578,107.41999816894533,106.26000213623048,106.69000244140624,2665500
2025-08-26,106.58999633789062,107.0999984741211,106.1500015258789,106.56999969482422,3997900
2025-08-27,107.0,107.6500015258789,106.6999969482422,107.4499969482422,3902100
2025-08-28,107.68000030517578,109.23999786376952,107.55999755859376,109.08999633789062,3945900
2025-08-29,109.18000030517578,109.4000015258789,107.5999984741211,108.0999984741211,5896700
2025-09-02,106.0500030517578,107.31999969482422,105.66999816894533,107.2699966430664,4474800
2025-09-03,107.36000061035156,107.6999969482422,106.58999633789062,107.31999969482422,3316600
2025-09-04,106.51000213623048,106.9800033569336,105.3000030517578,106.83999633789062,10649900
2025-09-05,108.0999984741211,108.68000030517578,106.45999908447266,108.13999938964844,5579100
2025-09-08,109.08999633789062,110.08000183105467,108.88999938964844,110.0199966430664,5750800
2025-09-09,110.29000091552734,110.66000366210938,109.5199966430664,110.5199966430664,4822600
2025-09-10,113.33000183105467,114.12999725341795,111.8000030517578,112.23999786376952,18169300
2025-09-11,112.9800033569336,113.26000213623048,112.08999633789062,112.4000015258789,6414700
2025-09-12,112.6999969482422,112.86000061035156,111.51000213623048,111.66999816894533,4690500
2025-09-15,112.33000183105467,112.9499969482422,112.12999725341795,112.80999755859376,4937300
2025-09-16,113.43000030517578,113.4800033569336,112.36000061035156,112.72000122070312,3199900
2025-09-17,112.77999877929688,113.52999877929688,111.63999938964844,113.22000122070312,4729800
2025-09-18,114.30999755859376,115.8000030517578,114.23999786376952,115.37000274658205,8158500
2025-09-19,115.79000091552734,117.36000061035156,115.72000122070312,117.19000244140624,4535900
2025-09-22,116.56999969482422,117.88999938964844,115.83000183105467,117.79000091552734,4849100
2025-09-23,117.81999969482422,117.98999786376952,116.05999755859376,116.4000015258789,4560200
2025-09-24,116.77999877929688,117.01000213623048,114.66999816894533,115.22000122070312,2475500
2025-09-25,113.8000030517578,114.47000122070312,112.91000366210938,113.9000015258789,3525200
2025-09-26,114.18000030517578,115.1500015258789,113.66000366210938,114.97000122070312,3483600
2025-09-29,115.62000274658205,116.45999908447266,115.58999633789062,115.9800033569336,2788600
2025-09-30,115.95999908447266,116.04000091552734,114.0199966430664,115.01000213623048,3514900
2025-10-01,114.7699966430664,115.48999786376952,114.25,115.06999969482422,3476700
2025-10-02,115.69000244140624,115.9000015258789,115.02999877929688,115.72000122070312,3377300
2025-10-03,115.79000091552734,116.29000091552734,114.51000213623048,114.83000183105467,3534900
2025-10-06,115.72000122070312,117.31999969482422,115.22000122070312,115.62000274658205,5353600
2025-10-07,115.86000061035156,116.0199966430664,113.13999938964844,114.37000274658205,5962100
2025-10-08,114.58999633789062,115.80999755859376,114.58999633789062,115.69000244140624,4220600
2025-10-09,115.5500030517578,115.80999755859376,114.6500015258789,115.66999816894533,2723000
2025-10-10,115.8499984741211,116.43000030517578,112.02999877929688,112.08999633789062,5285800
2025-10-13,113.43000030517578,114.79000091552734,112.87999725341795,114.63999938964844,3941900
2025-10-14,113.08000183105467,114.56999969482422,111.6500015258789,113.58999633789062,3272300
2025-10-15,114.6999969482422,114.80999755859376,112.30999755859376,113.29000091552734,2243100
2025-10-16,114.5199966430664,115.02999877929688,112.20999908447266,112.8000030517578,3690800
2025-10-17,111.8499984741211,113.16999816894533,111.47000122070312,112.68000030517578,2925300
2025-10-20,113.13999938964844,114.16000366210938,112.9499969482422,113.88999938964844,3334100
2025-10-21,113.83000183105467,115.41000366210938,113.29000091552734,115.01000213623048,3546000
2025-10-22,114.93000030517578,114.9499969482422,112.5999984741211,113.51000213623048,3127900
2025-10-23,113.30999755859376,114.87000274658205,113.30999755859376,114.79000091552734,1860900
2025-10-24,116.04000091552734,116.7699966430664,115.76000213623048,116.0,2045100
2025-10-27,117.75,117.75,116.7699966430664,117.08000183105467,2454800
2025-10-28,117.44000244140624,117.76000213623048,116.6500015258789,116.72000122070312,2247900
2025-10-29,116.1500015258789,116.22000122070312,114.5,115.22000122070312,5760200
2025-10-30,114.16999816894533,115.73999786376952,113.75,113.97000122070312,4082700
2025-10-31,114.66000366210938,115.8499984741211,114.5,115.51000213623048,3249000
2025-11-03,116.04000091552734,116.31999969482422,113.95999908447266,115.6999969482422,3228500
2025-11-04,113.4000015258789,113.94000244140624,111.61000061035156,112.0,3630800
2025-11-05,111.91999816894533,112.16000366210938,111.08000183105467,111.75,6207600
2025-11-06,111.5,111.58999633789062,108.5,109.30999755859376,7338400
2025-11-07,108.0199966430664,109.54000091552734,106.87999725341795,109.4800033569336,7537900
2025-11-10,110.6999969482422,111.94000244140624,110.37000274658205,111.77999877929688,6825300
2025-11-11,111.02999877929688,111.4800033569336,110.29000091552734,111.02999877929688,6646700
2025-11-12,111.5,111.52999877929688,109.25,109.8499984741211,5185200
2025-11-13,109.11000061035156,109.23999786376952,106.5199966430664,106.83999633789062,6434000
2025-11-14,105.16000366210938,108.56999969482422,104.75,107.44000244140624,6437900
2025-11-17,106.83999633789062,107.43000030517578,104.70999908447266,105.48999786376952,4256500
2025-11-18,104.56999969482422,105.4499969482422,103.47000122070312,104.41000366210938,7837700
2025-11-19,104.2300033569336,105.1999969482422,103.23999786376952,103.88999938964844,4603600
2025-11-20,105.45999908447266,105.9800033569336,100.63999938964844,100.8000030517578,10513400
2025-11-21,100.80999755859376,101.98999786376952,98.6999969482422,100.91999816894533,8921400
2025-11-24,101.4000015258789,102.56999969482422,100.8000030517578,102.2300033569336,5769300
2025-11-25,101.52999877929688,103.41999816894533,100.63999938964844,103.19000244140624,4399900
2025-11-26,103.97000122070312,103.97000122070312,102.38999938964844,102.97000122070312,4301900
2025-11-28,103.25,104.16999816894533,103.20999908447266,104.08999633789062,2751100
2025-12-01,103.05999755859376,104.55999755859376,102.58999633789062,104.06999969482422,3903800
2025-12-02,104.91999816894533,106.0199966430664,104.77999877929688,105.22000122070312,4386800
2025-12-03,104.56999969482422,106.7300033569336,104.12000274658205,106.68000030517578,3927300
2025-12-04,107.31999969482422,108.0500030517578,106.6500015258789,107.9499969482422,4835000
2025-12-05,108.38999938964844,109.86000061035156,108.29000091552734,109.45999908447266,4144200
2025-12-08,109.95999908447266,110.33000183105467,108.93000030517578,109.4000015258789,7700100
2025-12-09,109.0,110.37000274658205,109.0,109.9499969482422,3291300
2025-12-10,109.72000122070312,110.8499984741211,109.1999969482422,110.08000183105467,7544600
2025-12-11,108.5500030517578,110.33000183105467,108.37000274658205,109.77999877929688,8112800
2025-12-12,109.55999755859376,109.68000030517578,107.38999938964844,107.97000122070312,6165500
2025-12-15,107.6500015258789,107.83000183105467,105.3499984741211,105.38999938964844,5911800
2025-12-16,104.95999908447266,106.5,104.94000244140624,106.30999755859376,5923600
2025-12-17,106.33999633789062,107.11000061035156,104.66999816894533,104.6999969482422,3623000
2025-12-18,105.86000061035156,106.87000274658205,105.63999938964844,106.18000030517578,3676400
2025-12-19,106.9499969482422,108.04000091552734,106.75,107.76000213623048,3551100
2025-12-22,108.3499984741211,109.19000244140624,108.19000244140624,108.9499969482422,2801800
2025-12-23,108.4800033569336,108.77999877929688,107.33000183105467,108.06999969482422,2428800
2025-12-24,107.93000030517578,108.31999969482422,107.66000366210938,108.2300033569336,766700
2025-12-26,108.0999984741211,108.47000122070312,107.7300033569336,108.0999984741211,1213000
2025-12-29,107.30999755859376,108.16999816894533,107.0500030517578,107.38999938964844,1665200
2025-12-30,107.22000122070312,107.70999908447266,106.91999816894533,106.98999786376952,1573200
2025-12-31,107.08000183105467,107.08000183105467,105.66000366210938,105.69000244140624,1921500
2026-01-02,106.48999786376952,106.48999786376952,101.93000030517578,102.62000274658205,6019800
2026-01-05,103.47000122070312,104.58999633789062,102.98999786376952,103.62999725341795,4848500
2026-01-06,103.5500030517578,104.95999908447266,103.33999633789062,104.91999816894533,3910200
2026-01-07,105.0,107.3000030517578,105.0,106.23999786376952,3216300
2026-01-08,105.62999725341795,105.6999969482422,104.25,104.44000244140624,3038000
2026-01-09,104.45999908447266,105.27999877929688,103.52999877929688,105.0,3407400
2026-01-12,104.41000366210938,105.61000061035156,104.1999969482422,105.3499984741211,3232700
2026-01-13,104.97000122070312,105.45999908447266,102.94000244140624,103.3499984741211,7434700
2026-01-14,102.91999816894533,103.0999984741211,100.08999633789062,101.06999969482422,7742400
2026-01-15,101.5,101.66000366210938,99.47000122070312,99.77999877929688,9024200
2026-01-16,100.0,100.08999633789062,98.08999633789062,98.30999755859376,7824500
2026-01-20,96.3000030517578,97.2699966430664,95.8000030517578,95.93000030517578,10577900
2026-01-21,96.08999633789062,96.4000015258789,94.2300033569336,95.4000015258789,9514000
2026-01-22,96.41999816894533,96.95999908447266,95.80999755859376,96.94000244140624,7214700
2026-01-23,96.88999938964844,98.55999755859376,96.77999877929688,97.70999908447266,9745900
2026-01-26,98.0,99.33999633789062,97.81999969482422,98.80999755859376,8478800
2026-01-27,99.08000183105467,99.27999877929688,97.41999816894533,97.76000213623048,9684400
2026-01-28,98.0999984741211,98.9499969482422,96.94000244140624,97.05999755859376,9073800
2026-01-29,94.48999786376952,94.48999786376952,90.6500015258789,92.2699966430664,23323000
2026-01-30,91.94000244140624,92.1500015258789,89.7300033569336,90.30999755859376,14835600
2026-02-02,91.13999938964844,91.36000061035156,89.29000091552734,89.5199966430664,9660700
2026-02-03,89.37000274658203,89.37000274658203,84.30000305175781,85.38999938964844,26636300
2026-02-04,84.05000305175781,84.77999877929688,81.52999877929688,83.83999633789062,45280300
2026-02-05,83.04000091552734,83.93000030517578,79.2699966430664,79.66999816894531,44959000
2026-02-06,81.56999969482422,82.52999877929688,80.20999908447266,82.45999908447266,38552200
2026-02-09,82.5999984741211,85.44000244140625,81.77999877929688,85.05999755859375,29011400
2026-02-10,85.70999908447266,87.08000183105469,85.27999877929688,85.41000366210938,26404800
2026-02-11,85.33999633789062,85.54000091552734,81.93000030517578,83.2300033569336,34726300
2026-02-12,82.91000366210938,83.16999816894531,79.70999908447266,80.95999908447266,30633500
2026-02-13,81.5199966430664,83.4000015258789,80.94000244140625,82.7699966430664,27101100
2026-02-17,82.11000061035156,82.48999786376953,79.91000366210938,80.95999908447266,21446600
2026-02-18,80.97000122070312,82.69999694824219,80.11000061035156,82.0,19962600
2026-02-19,81.83000183105469,82.2300033569336,80.98999786376953,81.77999877929688,12386300
2026-02-20,81.18000030517578,83.01000213623047,80.4000015258789,80.77999877929688,21967400
2026-02-23,79.48999786376953,79.48999786376953,76.43000030517578,76.94000244140625,44121400
2026-02-24,76.9000015258789,79.13999938964844,76.26000213623047,78.41000366210938,50584600
2026-02-25,78.66000366210938,80.87000274658203,78.26000213623047,80.8499984741211,36737000
2026-02-26,81.44000244140625,83.05999755859375,81.12999725341797,82.5999984741211,44117900
2026-02-27,80.30000305175781,81.62999725341797,80.0,81.56999969482422,25153400
2026-03-02,80.72000122070312,83.29000091552734,80.51000213623047,82.7699966430664,33334800
2026-03-03,81.08999633789062,84.66999816894531,80.88999938964844,84.12000274658203,44914800
2026-03-04,84.16999816894531,86.20999908447266,84.08000183105469,85.6500015258789,32063200
2026-03-05,85.6500015258789,88.3499984741211,85.58999633789062,87.62000274658203,42023300
2026-03-06,86.93000030517578,88.58000183105469,86.47000122070312,87.97000122070312,29347000
2026-03-09,87.05000305175781,88.12999725341797,86.33999633789062,87.70999908447266,31948900
2026-03-10,87.79000091552734,88.0,84.91999816894531,85.6500015258789,35674100
2026-03-11,86.56999969482422,87.72000122070312,84.79000091552734,85.73999786376953,26081700
2026-03-12,85.58999633789062,86.94000244140625,84.97000122070312,84.98999786376953,32457600
2026-03-13,84.94999694824219,85.87000274658203,83.62000274658203,84.19000244140625,19114100
2026-03-16,84.94000244140625,85.37999725341797,84.52999877929688,84.94999694824219,13689700
2026-03-17,84.98999786376953,87.08999633789062,84.86000061035156,85.52999877929688,13394400
2026-03-18,84.73999786376953,85.93000030517578,84.33000183105469,84.33999633789062,11633700
2026-03-19,83.88999938964844,85.4000015258789,83.61000061035156,84.45999908447266,20521900
2026-03-20,83.83999633789062,83.83999633789062,82.30999755859375,82.98999786376953,18578300
2026-03-23,83.8499984741211,85.31999969482422,83.55000305175781,84.44000244140625,18036600
2026-03-24,83.87999725341797,83.94999694824219,80.66999816894531,80.81999969482422,26148100
2026-03-25,82.08000183105469,82.55000305175781,79.94000244140625,80.4000015258789,28215700
2026-03-26,79.54000091552734,81.23999786376953,79.31999969482422,79.75,20723300
2026-03-27,78.44000244140625,78.66999816894531,76.61000061035156,76.88999938964844,17244300
2026-03-30,77.73999786376953,78.98999786376953,76.9800033569336,77.62000274658203,23523200
2026-03-31,78.4800033569336,80.25,77.9000015258789,80.05000305175781,25627900
2026-04-01,80.75,80.83000183105469,78.66999816894531,79.7699966430664,19061900
2026-04-02,78.94000244140625,80.70999908447266,77.91999816894531,80.33999633789062,19202000
2026-04-06,80.41999816894531,80.93000030517578,79.76000213623047,80.45999908447266,6841100
2026-04-07,79.83000183105469,80.6500015258789,78.86000061035156,80.5,10652600
2026-04-08,83.13999938964844,83.69000244140625,79.27999877929688,79.75,27044100
2026-04-09,79.1500015258789,79.29000091552734,75.8499984741211,76.63999938964844,38649200
2026-04-10,76.5,76.5,73.93000030517578,74.66999816894531,49422500
2026-04-13,75.05000305175781,78.7300033569336,74.8499984741211,78.69999694824219,37739600
2026-04-14,80.12000274658203,81.23999786376953,78.87999725341797,79.4800033569336,28354200
2026-04-15,80.68000030517578,83.25,80.12999725341797,82.9800033569336,29219500
2026-04-16,85.12999725341797,85.33000183105469,83.26000213623047,84.36000061035156,34648100
2026-04-17,86.2300033569336,86.5199966430664,84.76000213623047,85.08000183105469,28710000
2026-04-20,85.02999877929688,86.3499984741211,84.5,86.30000305175781,15906400
2026-04-21,86.76000213623047,88.8499984741211,85.87000274658203,86.68000030517578,29962800
2026-04-22,87.87000274658203,89.04000091552734,87.4800033569336,88.73999786376953,23478300
2026-04-23,85.43000030517578,85.56999969482422,82.31999969482422,83.56999969482422,49153500
2026-04-24,84.36000061035156,85.4000015258789,83.41999816894531,85.19999694824219,21746900
2026-04-27,84.72000122070312,86.0999984741211,84.12000274658203,85.43000030517578,17131500
2026-04-28,85.23999786376953,86.0199966430664,84.55999755859375,85.0,18507400
2026-04-29,84.48999786376953,84.55000305175781,83.26000213623047,84.5,11182900
2026-04-30,83.9000015258789,84.11000061035156,82.18000030517578,83.91000366210938,26292700
2026-05-01,86.12000274658203,87.04000091552734,84.87000274658203,86.62999725341797,23314400
2026-05-04,87.2300033569336,89.36000061035156,87.0199966430664,88.44000244140625,18374400
2026-05-05,88.58999633789062,88.83000183105469,87.0999984741211,88.2699966430664,18348900
2026-05-06,88.2699966430664,88.41999816894531,86.33000183105469,87.81999969482422,23584700
2026-05-07,90.01000213623047,91.9800033569336,89.91999816894531,90.8499984741211,29902800
2026-05-08,89.83000183105469,91.1500015258789,88.27999877929688,91.1500015258789,17106600
2026-05-11,90.0999984741211,90.79000091552734,89.80999755859375,90.69000244140624,13442600
2026-05-12,90.6999969482422,90.87000274658205,88.76000213623047,89.44000244140625,25300700
2026-05-13,88.81999969482422,89.0199966430664,87.5,88.5999984741211,17058900
2026-05-14,88.69999694824219,91.08000183105467,87.66000366210938,90.63999938964844,17069900
2026-05-15,90.36000061035156,92.70999908447266,89.9000015258789,91.77999877929688,28612300
2026-05-18,91.05999755859376,93.29000091552734,90.7300033569336,92.87000274658205,31004700
2026-05-19,93.80999755859376,94.77999877929688,91.8499984741211,91.9499969482422,26334000
2026-05-20,90.93000030517578,93.31999969482422,90.04000091552734,93.31999969482422,18689500
2026-05-21,92.12000274658205,92.97000122070312,91.58000183105467,92.4800033569336,12795500
2026-05-22,93.1999969482422,94.91999816894533,93.12999725341795,94.01000213623048,11681300
2026-05-26,93.97000122070312,94.87000274658205,93.01000213623048,94.0500030517578,18696000
2026-05-27,92.56999969482422,94.33000183105467,92.2699966430664,93.0500030517578,13180000
2026-05-28,93.4000015258789,96.13999938964844,92.95999908447266,95.68000030517578,17442600
2026-05-29,96.88999938964844,101.69000244140624,96.52999877929688,101.66000366210938,37721000
2026-06-01,104.0199966430664,108.05999755859376,102.9499969482422,107.6999969482422,40104400
2026-06-02,104.56999969482422,105.7699966430664,102.95999908447266,104.7300033569336,24586000
2026-06-03,103.33000183105467,103.5,99.93000030517578,100.1999969482422,24946400
2026-06-04,100.0500030517578,101.26000213623048,99.05999755859376,100.05999755859376,17144700
2026-06-05,99.41000366210938,100.0,95.08000183105467,95.8499984741211,19514000
2026-06-08,96.04000091552734,96.62000274658205,95.0500030517578,95.6500015258789,12374800
2026-06-09,95.06999969482422,96.4000015258789,90.33999633789062,92.9499969482422,25503700
2026-06-10,91.20290256302444,93.82240657739428,91.0529291540575,91.56283569335938,12974500
2026-06-11,89.98312839754348,91.31288090346308,88.93332218171976,90.9029541015625,20571500
2026-06-12,90.61300445769666,91.1828972796458,88.94331940735005,90.68299102783205,14992900
2026-06-15,92.18000030517578,93.62999725341795,91.5999984741211,92.68000030517578,13410300
2026-06-16,92.27999877929688,92.9800033569336,90.87000274658205,91.37000274658205,11964900
2026-06-17,90.83999633789062,92.11000061035156,89.02999877929688,89.16000366210938,19569600
2026-06-18,89.55999755859375,89.55999755859375,87.30000305175781,89.08999633789062,24331300
2026-06-22,88.18000030517578,90.61000061035156,86.62000274658203,87.30999755859375,23332400
2026-06-23,87.4800033569336,88.30000305175781,87.16000366210938,87.31999969482422,15950800
2026-06-24,86.76000213623047,88.11000061035156,86.11000061035156,86.16999816894531,19229300
2026-06-25,85.75,86.06999969482422,84.29000091552734,84.76000213623047,14970300
2026-06-26,85.1500015258789,88.41999816894531,85.08999633789062,88.19999694824219,19832900
2026-06-29,89.83999633789062,91.1999969482422,89.38999938964844,89.88999938964844,18377100
2026-06-30,89.08999633789062,90.79000091552734,88.80999755859375,90.5999984741211,17842500
2026-07-01,92.4000015258789,94.63999938964844,91.8499984741211,93.33999633789062,26990000
2026-07-02,93.37000274658205,94.97000122070312,93.1999969482422,93.56999969482422,24892500
2026-07-06,92.37000274658203,95.36000061035156,92.16999816894531,94.79000091552734,18295400
2026-07-07,95.83999633789062,96.19999694824219,93.5999984741211,94.12999725341797,10710800
2026-07-08,92.88999938964844,93.19999694824219,91.19999694824219,92.4800033569336,11698500
2026-07-09,90.69999694824219,94.04000091552734,90.36000061035156,93.87999725341797,12552638
