Date,Open,High,Low,Close,Volume
2012-02-03,23.19848823547364,23.19848823547364,23.19848823547364,23.19848823547364,100
2012-02-06,23.99724181092542,23.99724181092542,22.946712098107724,23.01616859436035,4100
2012-02-07,22.79911802348849,22.80780029296875,22.79911802348849,22.80780029296875,2300
2012-02-08,23.98855720231207,23.98855720231207,22.920663055588715,23.0595760345459,3700
2012-02-09,23.120356381904664,23.120356381904664,22.99880790710449,22.99880790710449,2500
2012-02-10,22.83384476581476,22.83384476581476,22.47788000758679,22.58206558227539,6200
2012-02-13,23.380816944949384,23.380816944949384,22.64284059526248,22.75570678710937,3500
2012-02-14,22.903302057046755,22.903302057046755,22.668887403830343,22.75570678710937,25600
2012-02-15,23.27662700749017,23.31135607907672,23.18112537257371,23.18980598449707,8900
2012-02-16,23.07693895016696,23.424221373169548,23.07693895016696,23.38081169128418,16600
2012-02-17,23.61522866981471,23.61522866981471,23.60654640197754,23.60654640197754,1600
2012-02-21,24.622347408274297,24.622347408274297,23.70204693208557,23.788867950439453,5000
2012-02-22,23.60654798306842,23.60654798306842,23.259265526188127,23.320039749145508,7600
2012-02-23,23.29399522811357,23.29399522811357,23.08562573355255,23.25926780700684,34000
2012-02-24,23.92778802156028,23.92778802156028,23.129037396307755,23.22454071044922,15700
2012-02-27,22.66888321155384,22.66888321155384,22.28687170307386,22.495241165161133,47000
2012-02-28,22.816478729248047,22.82516099726968,22.816478729248047,22.816478729248047,1000
2012-02-29,22.842521263229244,22.842521263229244,22.51260339602987,22.57337760925293,31500
2012-03-01,22.503926815252324,22.76438826801353,22.503926815252324,22.58206558227539,56000
2012-03-02,22.477878178870007,22.57338147656697,22.477878178870007,22.547334671020508,9600
2012-03-05,22.200047703620005,22.200047703620005,21.96563146920894,21.97431373596192,41100
2012-03-06,21.65308433329645,21.65308433329645,21.09743069414065,21.210298538208008,19100
2012-03-07,21.43602914908549,21.4533920288086,21.418664613389115,21.4533920288086,8100
2012-03-08,21.904861450195312,21.904861450195312,21.904861450195312,21.904861450195312,200
2012-03-09,22.38237916912599,22.434471130371094,22.365014630053093,22.434471130371094,11600
2012-03-12,22.66020294098616,22.66020294098616,22.139278411865234,22.139278411865234,1500
2012-03-13,22.573382062014293,22.82516288757324,22.573382062014293,22.82516288757324,2700
2012-03-14,22.68624609141448,22.68624609141448,22.495241165161133,22.495241165161133,155300
2012-03-15,22.469194412231445,22.469194412231445,22.469194412231445,22.469194412231445,300
2012-03-16,22.06982198909215,22.12191394537912,22.06982198909215,22.104549407958984,6200
2012-03-19,21.83540529701384,21.861452102661133,21.70517458072417,21.861452102661133,6000
2012-03-20,21.9830006579698,21.9830006579698,21.48812294006348,21.48812294006348,2500
2012-03-21,21.88749654125272,22.04377405811252,21.844086855890925,21.965635299682617,4000
2012-03-22,21.305801981428885,21.305801981428885,20.83696937561035,20.83696937561035,1300
2012-03-23,21.227660389844026,21.34920883178711,21.227660389844026,21.34920883178711,1400
2012-03-26,21.1668853409804,21.22766122030291,21.149522460004498,21.184249877929688,12600
2012-03-27,21.34920883178711,21.34920883178711,21.34920883178711,21.34920883178711,12100
2012-03-28,21.14952357139161,21.158205840322506,21.010610580444336,21.010610580444336,11000
2012-03-29,20.83696937561035,20.83696937561035,20.83696937561035,20.83696937561035,1100
2012-03-30,21.42734829129511,21.57494354248047,21.42734829129511,21.57494354248047,4700
2012-04-02,22.06982125570302,22.06982125570302,21.80935982695,21.89617919921875,900
2012-04-03,22.13927807233866,22.13927807233866,21.861452102661133,21.861452102661133,400
2012-04-04,21.505489367743493,21.505489367743493,21.496807098388672,21.496807098388672,300
2012-04-05,21.392619217616968,21.57494354248047,21.392619217616968,21.57494354248047,1700
2012-04-09,21.46207429665678,21.46207429665678,21.401300077692746,21.4533920288086,600
2012-04-10,20.871698507871084,21.010611504930665,20.810922622680664,20.810922622680664,4100
2012-04-11,21.0974257933936,21.0974257933936,21.05401611328125,21.05401611328125,5500
2012-04-12,21.488124773988044,21.52285385131836,21.45339569665773,21.52285385131836,19400
2012-04-13,21.17556618308377,21.17556618308377,20.73278045654297,20.73278045654297,5400
2012-04-16,20.88037872314453,20.88037872314453,20.88037872314453,20.88037872314453,200
2012-04-17,21.21898336713925,21.49680939224521,21.21898336713925,21.43603515625,17300
2012-04-18,21.097431182861328,21.097431182861328,21.097431182861328,21.097431182861328,1100
2012-04-19,21.097427773036408,21.20161333344454,20.90642284425701,21.01928901672364,22400
2012-04-20,21.07138064771545,21.07138064771545,21.05401611328125,21.05401611328125,5600
2012-04-23,20.489684766311026,20.489684766311026,20.072945819301587,20.18581199645996,22600
2012-04-24,20.45495252350761,20.45495252350761,20.437589645385746,20.437589645385746,4800
2012-04-25,20.43759160344263,20.44627221534867,20.411544799804688,20.411544799804688,16500
2012-04-26,20.35945623801793,20.507051504591924,20.35945623801793,20.489686965942383,3000
2012-04-27,20.35945623801793,20.489686965942383,20.35945623801793,20.489686965942383,1300
2012-04-30,20.47232400585689,20.52441596984864,20.47232400585689,20.52441596984864,7100
2012-05-01,20.7154202732702,20.7154202732702,20.593870162963867,20.593870162963867,3300
2012-05-02,20.22054481506348,20.22054481506348,20.22054481506348,20.22054481506348,600
2012-05-03,19.968758012299737,19.97744027971752,19.899301528930664,19.899301528930664,700
2012-05-04,19.456520080566406,19.456520080566406,19.44783781125028,19.456520080566406,6700
2012-05-07,19.456520080566406,19.456520080566406,19.456520080566406,19.456520080566406,0
2012-05-08,19.43915095278125,19.43915095278125,19.16132502414778,19.25682830810547,6400
2012-05-09,18.94427597423808,19.109235763549805,18.94427597423808,19.109235763549805,3600
2012-05-10,19.34365361045273,19.34365361045273,19.10923731024253,19.16132926940918,97100
2012-05-11,18.787998857161327,19.065824830831424,18.787998857161327,19.03109741210937,900
2012-05-14,18.66645240783692,18.66645240783692,18.66645240783692,18.66645240783692,300
2012-05-15,18.72722625732422,18.72722625732422,18.72722625732422,18.72722625732422,300
2012-05-16,18.38861846923828,18.38861846923828,18.38861846923828,18.38861846923828,10800
2012-05-17,18.110797596138767,18.12816047668457,18.110797596138767,18.12816047668457,500
2012-05-18,18.49280234758345,18.49280234758345,18.38861846923828,18.38861846923828,1300
2012-05-21,18.38861846923828,18.38861846923828,18.38861846923828,18.38861846923828,0
2012-05-22,17.902426539400018,18.24102669165159,17.711419966562143,18.102113723754883,10500
2012-05-23,17.49437141418457,17.49437141418457,17.49437141418457,17.49437141418457,3200
2012-05-24,18.032657589926604,18.223662510499807,17.945836569312153,18.05002212524414,20000
2012-05-25,18.05002212524414,18.05002212524414,18.05002212524414,18.05002212524414,0
2012-05-29,18.336528134558343,18.41466522216797,18.293116801471847,18.41466522216797,7000
2012-05-30,17.928470927533276,17.989245141420717,17.832969301127203,17.89374351501465,12400
2012-05-31,17.98056751526759,18.058706283569336,17.928475555057616,18.058706283569336,2600
2012-06-01,17.971890025775735,17.971890025775735,17.850339889526367,17.850339889526367,7900
2012-06-04,17.798243688254665,17.937156677246094,17.798243688254665,17.937156677246094,9900
2012-06-05,17.937156677246094,17.937156677246094,17.937156677246094,17.937156677246094,0
2012-06-06,18.51885558242052,18.6230411529541,18.51885558242052,18.6230411529541,6300
2012-06-07,18.918230073928843,19.22210117905709,18.89218326950072,18.909547805786133,9700
2012-06-08,18.84877198019089,18.883501052856445,18.84877198019089,18.883501052856445,900
2012-06-11,18.64908365599881,18.64908365599881,18.405986785888672,18.405986785888672,3300
2012-06-12,18.74458885192871,18.74458885192871,18.74458885192871,18.74458885192871,200
2012-06-13,18.935594900383386,18.935594900383386,18.89218521118164,18.89218521118164,3700
2012-06-14,18.623042660114265,18.72722658310597,18.56226677306657,18.6924991607666,3100
2012-06-15,18.94427483439044,18.97900390625,18.94427483439044,18.97900390625,2900
2012-06-18,18.527535287436887,18.709857940673828,18.51885301976276,18.709857940673828,9300
2012-06-19,18.79668004428455,18.874818801879883,18.79668004428455,18.874818801879883,400
2012-06-20,18.65776828504225,18.692497360009565,18.60567632856472,18.6404037475586,3600
2012-06-21,18.660445948838507,18.660445948838507,18.4599838256836,18.4599838256836,7600
2012-06-22,18.4338436126709,18.4338436126709,18.40769738023101,18.4338436126709,2400
2012-06-25,18.22466367431761,18.294389724731445,18.22466367431761,18.294389724731445,1100
2012-06-26,18.33796496952965,18.494847297015184,18.33796496952965,18.45126914978028,5700
2012-06-27,18.5558617480486,18.660449981689453,18.547145784845192,18.660449981689453,9500
2012-06-28,18.538428353991343,18.538428353991343,18.46870231628418,18.46870231628418,11000
2012-06-29,19.59303754838538,19.66276359558105,19.566891319687063,19.66276359558105,9200
2012-07-02,19.00036560014752,19.64533362435227,19.00036560014752,19.63661766052246,2200
2012-07-03,20.10726547241211,20.10726547241211,20.10726547241211,20.10726547241211,300
2012-07-05,19.84579148435692,19.854507446289062,19.84579148435692,19.854507446289062,2800
2012-07-06,19.453584671020508,19.453584671020508,19.453584671020508,19.453584671020508,100
2012-07-09,19.453584671020508,19.453584671020508,19.453584671020508,19.453584671020508,0
2012-07-10,19.63661815416857,19.63661815416857,19.50588035583496,19.50588035583496,10500
2012-07-11,19.50588035583496,19.50588035583496,19.50588035583496,19.50588035583496,0
2012-07-12,19.165965984312823,19.192113876342773,19.165965984312823,19.192113876342773,600
2012-07-13,19.523311501189703,19.66276359558105,19.523311501189703,19.66276359558105,2100
2012-07-16,19.366426467895508,19.366426467895508,19.366426467895508,19.366426467895508,300
2012-07-17,19.453586650447026,19.453586650447026,19.24440849599493,19.340282440185547,15900
2012-07-18,19.340279723811776,19.340279723811776,19.21825790405273,19.21825790405273,1300
2012-07-19,19.540739680672445,19.558171604727946,19.523307756616948,19.549455642700195,4100
2012-07-20,19.261838912963867,19.261838912963867,19.261838912963867,19.261838912963867,300
2012-07-23,18.57329452647335,18.66916847229004,18.57329452647335,18.66916847229004,3700
2012-07-24,18.66916847229004,18.66916847229004,18.66916847229004,18.66916847229004,0
2012-07-25,18.75632095336914,18.75632095336914,18.75632095336914,18.75632095336914,300
2012-07-26,18.75632095336914,18.75632095336914,18.75632095336914,18.75632095336914,0
2012-07-27,18.75632095336914,18.75632095336914,18.75632095336914,18.75632095336914,0
2012-07-30,19.30541229248047,19.30541229248047,19.30541229248047,19.30541229248047,1700
2012-07-31,19.2444076538086,19.2444076538086,19.2444076538086,19.2444076538086,2400
2012-08-01,19.2444076538086,19.2444076538086,19.2444076538086,19.2444076538086,0
2012-08-02,19.148529176233183,19.148529176233183,18.89577293395996,18.89577293395996,7400
2012-08-03,18.89577293395996,18.89577293395996,18.89577293395996,18.89577293395996,0
2012-08-06,19.70634078979492,19.70634078979492,19.70634078979492,19.70634078979492,100
2012-08-07,20.081122212659857,20.115984406223426,20.011394500732425,20.011394500732425,11000
2012-08-08,20.011394500732425,20.011394500732425,20.011394500732425,20.011394500732425,0
2012-08-09,19.8719425201416,19.8719425201416,19.8719425201416,19.8719425201416,200
2012-08-10,19.8719425201416,19.8719425201416,19.8719425201416,19.8719425201416,0
2012-08-13,19.837073361276527,19.88936746477245,19.73248349188509,19.76734733581543,26000
2012-08-14,19.84579467773437,19.84579467773437,19.84579467773437,19.84579467773437,200
2012-08-15,19.784786548298616,19.81964874267578,19.784786548298616,19.81964874267578,500
2012-08-16,20.02882642871428,20.02882642871428,19.854512136096144,20.011394500732425,2700
2012-08-17,20.072403482140352,20.072403482140352,19.82836151123047,19.82836151123047,1400
2012-08-20,19.92423439025879,19.92423439025879,19.92423439025879,19.92423439025879,200
2012-08-21,20.3774528503418,20.3774528503418,20.3774528503418,20.3774528503418,300
2012-08-22,20.05497193094784,20.20313997633772,20.05497193094784,20.14212989807129,4800
2012-08-23,20.14212989807129,20.14212989807129,20.14212989807129,20.14212989807129,0
2012-08-24,20.08112082483876,20.08112082483876,20.072404861450195,20.072404861450195,2900
2012-08-27,20.046255593771463,20.046255593771463,19.82836151123047,19.82836151123047,600
2012-08-28,19.82836151123047,19.82836151123047,19.82836151123047,19.82836151123047,0
2012-08-29,19.66276359558105,19.66276359558105,19.66276359558105,19.66276359558105,200
2012-08-30,19.610467290242745,19.610467290242745,19.60175132751465,19.60175132751465,10200
2012-08-31,19.48844561450376,19.57560191017668,19.48844561450376,19.52330780029297,2200
2012-09-04,19.52330780029297,19.52330780029297,19.52330780029297,19.52330780029297,0
2012-09-05,19.331562042236328,19.331562042236328,19.331562042236328,19.331562042236328,100
2012-09-06,19.71505713459966,19.71505713459966,19.627899169921875,19.627899169921875,3200
2012-09-07,20.02010726928711,20.0462551570864,20.02010726928711,20.02010726928711,600
2012-09-10,20.02010726928711,20.02010726928711,20.02010726928711,20.02010726928711,0
2012-09-11,20.02010726928711,20.02010726928711,20.02010726928711,20.02010726928711,0
2012-09-12,20.360026694092685,20.360026694092685,20.33387880175604,20.35131072998047,1400
2012-09-13,20.22057336746825,20.699939727783203,20.21185740388433,20.699939727783203,55600
2012-09-14,21.42334685297678,21.440778779145187,21.371052736871544,21.41463088989257,13500
2012-09-17,21.362337548550176,21.47564174795413,21.257747650146484,21.257747650146484,21300
2012-09-18,21.353623346642145,21.353623346642145,21.057287216186523,21.057287216186523,37300
2012-09-19,21.34490232730636,21.405912399291992,21.22288218333508,21.405912399291992,22400
2012-09-20,21.29261145593445,21.310043382695927,21.24031733805005,21.28389549255371,4000
2012-09-21,21.28389549255371,21.28389549255371,21.28389549255371,21.28389549255371,0
2012-09-24,21.28389549255371,21.28389549255371,21.28389549255371,21.28389549255371,0
2012-09-25,21.85042077953997,22.17290478929055,21.85042077953997,22.05959892272949,2700
2012-09-26,21.745830921677143,21.876567043646347,21.59766287347205,21.667388916015625,5200
2012-09-27,21.95500840237028,22.138038635253903,21.95500840237028,22.138038635253903,2200
2012-09-28,22.138038635253903,22.138038635253903,22.138038635253903,22.138038635253903,0
2012-10-01,22.46924307657724,22.76557922363281,22.46924307657724,22.76557922363281,1700
2012-10-02,22.71327900266518,22.84401512145996,22.71327900266518,22.84401512145996,70900
2012-10-03,23.08805886156326,23.08805886156326,22.84401686872044,23.00961685180664,78200
2012-10-04,23.40182768669349,23.584857940673828,23.40182768669349,23.584857940673828,3400
2012-10-05,23.38439029458776,23.38439029458776,23.279800415039062,23.279800415039062,5700
2012-10-08,22.59997491032753,22.7219950667594,22.58254298443728,22.70456314086914,3000
2012-10-09,22.89630528498316,22.89630528498316,22.425653377840515,22.47794914245605,42100
2012-10-10,22.190333711868057,22.190333711868057,22.05959758808439,22.09446144104004,1200
2012-10-11,22.53024361145109,22.53024361145109,22.399507522583008,22.399507522583008,44300
2012-10-12,22.25134290822849,22.25134290822849,22.042164801631724,22.085742950439453,7000
2012-10-15,22.164187610364912,22.32107162475586,22.164187610364912,22.32107162475586,20600
2012-10-16,22.25134415857524,22.25134415857524,22.068312266018253,22.10317611694336,21700
2012-10-17,22.92245700635504,22.92245700635504,22.138038635253903,22.138038635253903,6900
2012-10-18,21.928859755965856,22.80043606315814,21.902711868286133,21.902711868286133,349500
2012-10-19,21.84170465401751,21.88528447252598,21.64995843978052,21.8591365814209,31600
2012-10-22,22.050877526463225,22.16418336511002,22.02473130400604,22.033447265625,37600
2012-10-23,21.64124558868165,21.885287620228727,21.64124558868165,21.87657165527344,1000
2012-10-24,21.937580582215546,22.04217049372276,21.71968645710907,21.745834350585938,198200
2012-10-25,22.21647747242409,22.21647747242409,21.920141426978205,22.033447265625,33900
2012-10-26,22.03345350215652,22.03345350215652,21.78069553086303,21.81555938720703,3700
2012-10-31,22.068310464264385,22.068310464264385,21.536648417863145,21.54536437988281,2400
2012-11-01,22.103178741560708,22.103178741560708,21.78941069557637,22.05959892272949,5100
2012-11-02,22.443090685793216,22.443090685793216,22.138038635253903,22.138038635253903,1000
2012-11-05,21.554080412122502,21.82427024841309,21.554080412122502,21.82427024841309,600
2012-11-06,22.007298920905104,22.007298920905104,21.80683679505693,21.832983016967773,2300
2012-11-07,21.798126220703125,21.798126220703125,21.798126220703125,21.798126220703125,100
2012-11-08,21.937572479248047,21.937572479248047,21.937572479248047,21.937572479248047,200
2012-11-09,21.667392111864448,21.667392111864448,21.658676147460938,21.658676147460938,600
2012-11-12,21.67610565665055,21.67610565665055,21.51050567626953,21.51050567626953,500
2012-11-13,21.414637229525937,21.5279431207639,21.414637229525937,21.42335319519043,9600
2012-11-14,21.50179128961784,21.519223217757336,21.196739196777344,21.196739196777344,93400
2012-11-15,21.69353485107422,21.69353485107422,21.69353485107422,21.69353485107422,200
2012-11-16,20.952694513735203,21.07471466064453,20.952694513735203,21.07471466064453,800
2012-11-19,21.22288545894528,21.2664636135468,21.07471740594008,21.257747650146484,900
2012-11-20,21.06600131982882,21.06600131982882,21.031137466430664,21.031137466430664,400
2012-11-21,21.031137466430664,21.031137466430664,21.031137466430664,21.031137466430664,0
2012-11-23,21.275179529172974,21.28389549255371,21.275179529172974,21.28389549255371,1000
2012-11-26,21.23160137466932,21.29261145593445,21.23160137466932,21.28389549255371,10400
2012-11-27,21.72839563073294,21.72839563073294,21.49306965018933,21.53664779663086,13600
2012-11-28,21.52793507288746,21.52793507288746,21.47563929845043,21.501787185668945,6000
2012-11-29,22.329783229988056,22.329783229988056,22.17289924621582,22.17289924621582,1700
2012-11-30,22.20776443138184,22.547680329625383,22.20776443138184,22.443090438842773,9800
2012-12-03,22.495384891332503,22.495384891332503,22.364648772688096,22.39079666137696,8800
2012-12-04,22.39079666137696,22.39079666137696,22.39079666137696,22.39079666137696,0
2012-12-05,22.617405843612858,22.687131881713867,22.46923780484823,22.687131881713867,9800
2012-12-06,22.81786632604152,22.8614444732666,22.695846183891486,22.8614444732666,3000
2012-12-07,22.870166628617625,22.870166628617625,22.56511452823221,22.66970443725586,4100
2012-12-10,22.878877639770508,22.878877639770508,22.878877639770508,22.878877639770508,1000
2012-12-11,22.713280064137088,22.809153998187096,22.66098594665528,22.66098594665528,10700
2012-12-12,22.66098594665528,22.66098594665528,22.66098594665528,22.66098594665528,0
2012-12-13,22.504099513087013,22.512815475463867,22.504099513087013,22.512815475463867,2800
2012-12-14,22.565110546671683,22.565110546671683,22.46923828125,22.46923828125,2100
2012-12-17,22.46923828125,22.46923828125,22.46923828125,22.46923828125,0
2012-12-18,22.547681748378004,23.13163799119166,22.547681748378004,22.66098594665528,138300
2012-12-19,22.74814228809253,22.791720439139493,22.70456247464567,22.72199440002441,43200
2012-12-20,22.75685600887991,22.78300223197232,22.721992161557047,22.7742862701416,306400
2012-12-21,22.32978476942548,22.338499069213867,22.23391084775509,22.338499069213867,267700
2012-12-24,22.50410085422879,22.50410085422879,22.30363869481404,22.39079666137696,3300
2012-12-26,22.652269025598336,22.70456314086914,22.652269025598336,22.70456314086914,9400
2012-12-27,22.5825436233007,23.07934188842773,22.35593356751644,23.07934188842773,323500
2012-12-28,22.538969492202988,22.6697056386106,22.43437957763672,22.43437957763672,310300
2012-12-31,22.669698298116582,22.8614444732666,22.34721435649181,22.8614444732666,106000
2013-01-02,23.33209871951692,23.33209871951692,23.12292060010577,23.28851890563965,26700
2013-01-03,23.16649813897641,23.305950214896217,23.114204026106453,23.192646026611328,60000
2013-01-04,23.00961584529412,23.07934188842773,22.91374357498539,23.07934188842773,7100
2013-01-07,22.85273554490776,22.85273554490776,22.608695185497474,22.76557922363281,30400
2013-01-08,22.983471703889965,22.983471703889965,22.76557759152332,22.82658767700196,176100
2013-01-09,22.86145076367889,22.913746549618075,22.81787260446312,22.89631462097168,40900
2013-01-10,22.931173559256084,23.035763453880733,22.8527315538876,23.01833152770996,26000
2013-01-11,23.05319293711589,23.05319293711589,22.756856873215288,22.870161056518555,170000
2013-01-14,23.37568037437038,23.37568037437038,23.21879634569941,23.253660202026367,1800
2013-01-15,23.27980665599182,23.340818405151367,23.21879656923245,23.340818405151367,101400
2013-01-16,23.21008362576445,23.218799591064453,22.931179385766143,23.218799591064453,85700
2013-01-17,23.401825178640507,23.5935713759365,23.401825178640507,23.57613945007324,94000
2013-01-18,23.51512852073367,23.78531837463379,23.506412558117542,23.78531837463379,53600
2013-01-22,23.70687484741211,23.72430510912244,23.628432851316425,23.70687484741211,20200
2013-01-23,23.741739042826254,23.741739042826254,23.4889827714346,23.56742477416992,181900
2013-01-24,23.584854890725747,23.584854890725747,23.2710885441351,23.42797088623047,24700
2013-01-25,23.532561399745667,23.567425251623195,23.33209923864975,23.436687469482425,14600
2013-01-28,23.61971927352005,23.61971927352005,23.43668737668764,23.488983154296875,2000
2013-01-29,23.62843575501349,23.672013908244285,23.497697970521138,23.63715171813965,1400
2013-01-30,23.794036540652467,23.794036540652467,23.619722247208955,23.759174346923828,23700
2013-01-31,23.663299560546875,23.672015524268044,23.54127939325068,23.663299560546875,43900
2013-02-01,23.71559317861306,23.881193161010746,23.48026881272169,23.881193161010746,69500
2013-02-04,23.523843524374087,23.523843524374087,23.27980156827097,23.349529266357425,9200
2013-02-05,23.45411877444632,23.46283473718493,23.39310869767592,23.42797088623047,10500
2013-02-06,23.34952855854693,23.48026466369629,23.34952855854693,23.48026466369629,30000
2013-02-07,23.332102962134776,23.332102962134776,23.03576682348441,23.1229248046875,6600
2013-02-08,23.16649644714529,23.1839283709622,22.87887635376537,22.887592315673828,424500
2013-02-11,22.87887639711653,22.87887639711653,22.756856254966504,22.8614444732666,36100
2013-02-12,22.82658783254331,23.10549203228906,22.81787186850124,23.027050018310547,30900
2013-02-13,23.000894209967864,23.000894209967864,22.93116818402903,22.96603202819824,30000
2013-02-14,22.652269025598336,22.765574881485023,22.652269025598336,22.70456314086914,24900
2013-02-15,22.50410118450537,22.57382722629904,22.36464910091804,22.4256591796875,63600
2013-02-19,22.626121177604016,23.000899272921178,22.626121177604016,22.98346900939941,343100
2013-02-20,22.922458088261013,22.93117405153351,22.713279956921145,22.800437927246094,6700
2013-02-21,22.364645413937613,22.364645413937613,22.12931943827926,22.17289924621582,22000
2013-02-22,22.37336382541661,22.45180582589216,22.364647862874904,22.4082260131836,98200
2013-02-25,22.47795428990361,22.73071056049505,22.40822658778193,22.443090438842773,21500
2013-02-26,22.164184812649303,22.364646955778465,22.164184812649303,22.338499069213867,103500
2013-02-27,22.54768270537292,22.660986908459176,22.49538692327149,22.617408752441406,9300
2013-02-28,22.07703040601015,22.07703040601015,21.75454640274885,21.798126220703125,32100
2013-03-01,21.69353361403808,21.70224957654173,21.588945388793945,21.588945388793945,3000
2013-03-04,21.60638123634354,21.81555938720703,21.510507293797712,21.81555938720703,279600
2013-03-05,22.042164801631724,22.16418494821321,22.042164801631724,22.085742950439453,62700
2013-03-06,22.155473138948427,22.20776725980004,22.103179018096814,22.120609283447266,20900
2013-03-07,22.547682802584752,22.58254499506925,22.521534911421305,22.56511306762696,4000
2013-03-08,22.983468388873,23.03576250282632,22.791720533710976,22.97475242614746,96400
2013-03-11,23.05319514413164,23.05319514413164,22.852731320019224,22.93117332458496,11200
2013-03-12,22.9834669477906,22.9834669477906,22.687130883302444,22.75685691833496,78000
2013-03-13,22.565113686918547,22.591261578799617,22.36465150303077,22.573829650878903,449000
2013-03-14,22.573824992617947,22.870161056518555,22.573824992617947,22.870161056518555,38300
2013-03-15,22.73071064635332,22.79172072354032,22.721994683555184,22.783004760742188,28600
2013-03-18,22.72199771340468,22.72199771340468,22.52153552951691,22.573829650878903,3900
2013-03-19,22.20776675165232,22.20776675165232,21.815558360639365,21.97244071960449,11700
2013-03-20,22.04216613888522,22.04216613888522,21.885282133819857,21.96372413635254,3600
2013-03-21,21.85913714124703,21.85913714124703,21.615095138549805,21.615095138549805,14700
2013-03-22,21.66738667523324,21.78940682146551,21.66738667523324,21.71968078613281,498400
2013-03-25,21.876565744527472,21.876565744527472,21.5017876647116,21.676103591918945,45200
2013-03-26,21.780691909769804,21.815555760317604,21.62380790710449,21.62380790710449,425900
2013-03-27,21.58894713150734,21.841703414916992,21.562799241885653,21.841703414916992,140200
2013-03-28,21.83298644867674,21.91142845153809,21.83298644867674,21.91142845153809,3000
2013-04-01,21.920144705770287,21.920144705770287,21.81555647549796,21.88528251647949,16600
2013-04-02,22.120605137005672,22.12932109924718,21.998584990424177,22.085742950439453,154000
2013-04-03,21.92886149162018,21.93757745486995,21.623809427478243,21.70225143432617,222600
2013-04-04,21.44948937732848,21.44948937732848,21.179299576497428,21.33618354797364,98400
2013-04-05,20.91783555711178,21.231603622436523,20.91783555711178,21.231603622436523,59300
2013-04-08,21.362336727113345,21.449494695364965,21.344904800983024,21.440778732299805,59600
2013-04-09,21.36233425141648,21.449492209567293,21.27517629326565,21.405912399291992,306100
2013-04-10,21.56279902100027,21.667388916015625,21.56279902100027,21.667388916015625,18900
2013-04-11,21.7196862358853,21.74583412909584,21.60638202344009,21.658676147460938,189600
2013-04-12,21.13572911068928,21.327475333023223,21.07471902460121,21.196739196777344,182500
2013-04-15,21.519216514350656,21.519216514350656,21.004986431223468,21.013702392578125,80600
2013-04-16,21.87656683531769,22.007302956041904,21.78069290433328,21.946292877197266,115200
2013-04-17,21.859136303439023,21.859136303439023,21.641242200867904,21.798126220703125,310200
2013-04-18,22.050879101473416,22.15546898597171,21.998584990424177,22.085742950439453,8500
2013-04-19,22.373363116755147,22.451805114746094,22.24262700757017,22.451805114746094,180200
2013-04-22,22.399512953014856,22.46052303178432,22.286207096100167,22.4256591796875,34600
2013-04-23,22.44308848837678,22.591256517708658,22.42565656436132,22.55639266967773,769700
2013-04-24,22.66098594665528,22.704564100823447,22.617407792487096,22.66098594665528,212300
2013-04-25,22.79172082357006,22.79172082357006,22.55639481418744,22.643552780151367,124200
2013-04-26,22.538967367403444,22.538967367403444,22.2339152796101,22.26006317138672,21900
2013-04-29,22.512816662405445,22.66970066866052,22.495384736732674,22.643552780151367,35500
2013-04-30,22.835304630397463,23.14907103536828,22.774292879875148,23.1229248046875,130300
2013-05-01,22.95732351610481,22.95732351610481,22.835303346719943,22.852733612060547,18100
2013-05-02,23.079342015115383,23.3146680353831,23.079342015115383,23.305952072143555,132700
2013-05-03,23.19264664708513,23.366960915448388,23.19264664708513,23.20136260986328,781300
2013-05-06,23.201359789895484,23.201359789895484,23.070622026513423,23.13163375854492,389900
2013-05-07,23.288520145664464,23.393110042139007,23.218794102148102,23.305952072143555,107400
2013-05-08,23.349531445140304,23.497697830200195,23.349531445140304,23.497697830200195,11600
2013-05-09,23.17521577382624,23.27980400711316,23.0444796510176,23.10548973083496,27400
2013-05-10,22.96603414163386,23.16649627685547,22.96603414163386,23.16649627685547,42500
2013-05-13,22.78300825126265,22.80915614366309,22.721998164728465,22.748146057128903,276200
2013-05-14,22.89631113500017,22.96603717656972,22.835301056426808,22.93117332458496,648700
2013-05-15,23.33209800720215,23.384392119858447,23.244940044508407,23.33209800720215,30000
2013-05-16,23.506417736622627,23.506417736622627,23.34081939763437,23.35824966430664,32700
2013-05-17,23.33209923864975,23.445403432451805,23.33209923864975,23.436687469482425,5000
2013-05-20,23.29723353711803,23.393107459769485,23.28851757484064,23.323381423950195,17900
2013-05-21,23.16649981065233,23.16649981065233,23.018331761495865,23.10548973083496,48000
2013-05-22,22.94860444274839,23.149066597404246,22.66098432359871,22.72199440002441,35500
2013-05-23,22.25134585931176,22.39951391226856,22.25134585931176,22.38208198547364,18200
2013-05-24,22.364648818969727,22.41694293405572,22.28620681514077,22.364648818969727,450000
2013-05-28,22.922458774584204,22.922458774584204,22.660986518180607,22.695850372314453,48600
2013-05-29,22.565109299399783,22.565109299399783,22.443089152480454,22.451805114746094,25800
2013-05-30,22.460521363602584,22.608689399209425,22.460521363602584,22.512815475463867,14800
2013-05-31,22.216481472860675,22.24262936242591,21.81555714059375,21.86785125732422,265700
2013-06-03,21.81555415689652,22.120604514769404,21.81555415689652,22.0770263671875,58100
2013-06-04,21.885280987682467,21.91142721222413,21.79812302694398,21.80683898925781,67200
2013-06-05,21.86784958505328,21.86784958505328,21.545365621342945,21.56279754638672,46200
2013-06-06,21.74583657710673,21.78069877624512,21.597668490367628,21.78069877624512,74900
2013-06-07,21.46692859970237,21.70225465517104,21.46692859970237,21.60638236999512,1106300
2013-06-10,21.144441941417423,21.179304130130102,21.065999938813984,21.09214782714844,49000
2013-06-11,20.717368838053257,20.74351506284989,20.56920080207291,20.630210876464844,24700
2013-06-12,20.978840813758254,20.978840813758254,20.534336711043498,20.543052673339844,67100
2013-06-13,20.48204462971704,20.77838072756452,20.473328666556817,20.769664764404297,29700
2013-06-14,21.057287388006127,21.0834352805774,20.830677306255705,20.89168739318848,283400
2013-06-17,21.17058997642967,21.17058997642967,20.92654800415039,20.92654800415039,137700
2013-06-18,20.70865430109689,20.882968573872475,20.691222375099343,20.848106384277344,1787600
2013-06-19,20.900402533731828,20.900402533731828,20.281584062200043,20.34259414672852,1256300
2013-06-20,20.403604074103395,20.403604074103395,19.270555381129903,19.41000747680664,2243700
2013-06-21,20.13341645422777,20.13341645422777,19.59303832036981,19.8719425201416,888500
2013-06-24,20.61278073900622,20.61278073900622,19.401290121318155,19.55817413330078,246500
2013-06-25,19.61046709639569,19.90680317662212,19.549457020302004,19.88065528869629,1414000
2013-06-26,19.366421442614456,19.76734733581543,19.366421442614456,19.76734733581543,112900
2013-06-27,20.115982009214267,20.2205719022424,19.97652992677673,20.14212989807129,88400
2013-06-28,20.447182939999657,20.51691065265728,20.36874258806017,20.464614868164062,98800
2013-07-01,20.909111528514103,20.909111528514103,20.525617559068863,20.55176544189453,717500
2013-07-02,20.525621896109985,20.665073975847125,20.272865624986377,20.307727813720703,104600
2013-07-03,20.02882911733434,20.24672325915669,19.92424086020382,20.133419036865234,705300
2013-07-05,20.63892968316144,20.63892968316144,19.802215463962963,19.94166755676269,1289600
2013-07-08,20.23800457729613,20.23800457729613,19.90680625764157,20.011394500732425,1116000
2013-07-09,20.281583214281767,20.38617145127228,20.22928743338646,20.24671936035156,493200
2013-07-10,20.211859494532312,20.29030151250128,20.063691423079845,20.08112335205078,831300
2013-07-11,20.874254273273664,20.909116462868795,20.638928259506663,20.848106384277344,638400
2013-07-12,20.91783242586757,20.961410578461475,20.80452823168344,20.848106384277344,898500
2013-07-15,21.0311372647846,21.31004310209564,21.02242296391864,21.222885131835938,177800
2013-07-16,21.0311372647846,21.388485109089363,21.0049910373867,21.222885131835938,135500
2013-07-17,21.10086212034805,21.257746125501555,21.10086212034805,21.179304122924805,178600
2013-07-18,21.26646328576578,21.379769145823392,21.17930531550608,21.222885131835938,123900
2013-07-19,21.21416950899927,21.231601435810948,21.100863647123408,21.17059135437012,80100
2013-07-22,21.17059380614145,21.318760213999774,21.144445912895744,21.292613983154297,389600
2013-07-23,21.179308956716245,21.31876106814678,21.07472070434349,21.109582901000977,165200
2013-07-24,21.14444367049171,21.22288567950969,20.865539488383337,20.978843688964844,355500
2013-07-25,20.970125488589268,20.99627337627276,20.839389374971606,20.943979263305664,3535500
2013-07-26,20.81324599435481,20.9178359053376,20.71737371022084,20.90040397644043,983600
2013-07-29,20.57791972304494,20.60406595160072,20.490761748925458,20.53433990478516,115200
2013-07-30,19.932952025767168,19.99396210480293,19.82836213142017,19.837078094482425,201100
2013-07-31,19.723769679706667,20.011389773868373,19.671475570513564,19.854507446289062,61000
2013-08-01,20.03753815140088,20.19442214522999,19.9765280787784,20.11598014831543,34500
2013-08-02,19.741203545734088,19.94166570269582,19.741203545734088,19.82836151123047,837500
2013-08-05,19.636616468114035,19.68019462221672,19.54945849750864,19.593036651611328,66700
2013-08-06,19.23568887815054,19.23568887815054,19.052658651169622,19.174678802490234,34600
2013-08-07,19.03523068737109,19.13110463330353,19.00036682979557,19.009082794189453,72000
2013-08-08,19.47972965245652,19.58431787222392,19.296697774263883,19.52330780029297,221000
2013-08-09,19.51459403624096,19.601752004130542,19.488447809554053,19.497163772583008,93300
2013-08-12,19.497164781401345,19.540742936400967,19.40129084552211,19.42743873596192,12800
2013-08-13,19.72377105247259,19.7499189400889,19.619182826807087,19.70634078979492,75300
2013-08-14,19.863226604403625,19.906804758676728,19.828362751065125,19.84579467773437,14400
2013-08-15,19.6104679107666,19.64533176278217,19.505878017119866,19.6104679107666,52800
2013-08-16,18.869630665906545,18.913210487823324,18.634304614756616,18.66916847229004,506000
2013-08-19,18.172368890778284,18.172368890778284,17.902180663057393,17.945758819580078,620800
2013-08-20,18.076495951003142,18.303106034730696,18.076495951003142,18.242095947265625,60600
2013-08-21,17.579693306046245,17.579693306046245,17.30078916763477,17.361799240112305,72700
2013-08-22,17.771438803285783,17.89346060595573,17.75400854210413,17.88474464416504,97300
2013-08-23,18.181085193298507,18.329253255596345,18.181085193298507,18.2595272064209,84100
2013-08-26,18.1897992181694,18.207229481805047,17.919609351817318,17.980619430541992,49300
2013-08-27,16.865004874021082,16.99574101085532,16.83014101758519,16.85628890991211,161800
2013-08-28,16.3507744095567,17.091614724902314,16.3507744095567,16.76913070678711,204500
2013-08-29,17.152629594138315,17.3182296313762,17.074187558730927,17.09161949157715,43900
2013-08-30,17.466389145915574,17.754009246826172,17.38794714908543,17.754009246826172,1598600
2013-09-03,17.039317805479506,17.117759813782996,16.891149752284033,16.978307723999023,978500
2013-09-04,17.562262903717407,17.963188884227453,17.50996878883347,17.91960906982422,78400
2013-09-05,18.032915753818944,18.43384009035894,18.01548382725633,18.40769386291504,240500
2013-09-06,18.73017468270336,18.93063683481645,18.65173268189391,18.782468795776367,50100
2013-09-09,19.06137855277485,19.436155046764107,19.05266258839368,19.375144958496094,85600
2013-09-10,19.924231308702787,19.924231308702787,19.74119945286768,19.76734733581543,91000
2013-09-11,19.87194303831686,19.967816982888458,19.7935010222856,19.932954788208008,56700
2013-09-12,19.802215128110326,19.802215128110326,19.540742874145508,19.540742874145508,488700
2013-09-13,19.610467428689475,19.85450939959936,19.532025425982724,19.82836151123047,70000
2013-09-16,19.941661939544858,19.941661939544858,19.671473793652662,19.688905715942383,75100
2013-09-17,19.688906962660948,19.810927101616176,19.688906962660948,19.793495178222656,45700
2013-09-18,19.654046415896136,20.769664764404297,19.593036336174595,20.769664764404297,290800
2013-09-19,20.93526411435024,20.978842266449742,20.673790214553392,20.760948181152344,1119700
2013-09-20,20.299012028582663,20.299012028582663,20.06368603783899,20.11598014831543,264800
2013-09-23,19.8980871176902,20.07240304488569,19.8980871176902,20.02010726928711,89200
2013-09-24,19.90680341499703,20.0724033823771,19.871939564011782,19.96781349182129,202900
2013-09-25,19.993964875698943,20.04625899891973,19.87194303831686,19.932954788208008,257700
2013-09-26,20.211856221863258,20.299014190205224,20.098550364298703,20.203140258789062,64800
2013-09-27,19.79349592987805,19.828359777989043,19.471013646850235,19.549455642700195,146400
2013-09-30,19.270554718123183,19.549458899880904,19.261838754643247,19.42743873596192,85700
2013-10-01,19.523307628022817,19.863223495266983,19.47972948057089,19.80221176147461,508700
2013-10-02,19.88937087116647,19.959096908569336,19.70634064638389,19.959096908569336,162000
2013-10-03,20.33387672175672,20.33387672175672,20.02010869541362,20.15084648132324,511800
2013-10-04,20.421034479374807,20.604064717906468,20.386170626854497,20.429750442504883,338300
2013-10-07,20.49076338010761,20.604067591802536,20.42975329208725,20.473331451416016,61300
2013-10-08,20.299016325232643,20.31644659081435,19.96781634317793,20.011394500732425,70000
2013-10-09,20.56048943247377,20.56048943247377,20.368743204066888,20.473331451416016,260500
2013-10-10,20.97884291645197,21.310042867309782,20.970126953282023,21.135726928710938,365100
2013-10-11,20.94398123270508,21.28389549255371,20.94398123270508,21.28389549255371,732200
2013-10-14,21.25774677664966,21.597662685694225,21.17059047102795,21.5540828704834,305200
2013-10-15,21.527939479887813,21.536653781678044,20.87425712720782,20.89168739318848,120800
2013-10-16,20.935260368472505,21.1793006364043,20.909112484451388,21.12700653076172,35600
2013-10-17,21.004991374459262,21.19673758218759,20.97884348424175,21.17059135437012,38200
2013-10-18,21.68482035086619,21.68482035086619,21.37105397367621,21.432064056396484,586800
2013-10-21,21.60637851519311,21.60637851519311,21.283894534226068,21.32747268676757,128300
2013-10-22,21.34490592440175,21.71096808040505,21.34490592440175,21.59766387939453,46400
2013-10-23,21.362336983929445,21.362336983929445,21.0660008857514,21.135726928710938,76800
2013-10-24,21.19673259382696,21.19673259382696,20.97012258580484,21.013702392578125,99300
2013-10-25,21.33618812807831,21.33618812807831,21.02242178017121,21.179304122924805,20800
2013-10-28,21.30132763978413,21.30132763978413,20.94398144947548,21.00499153137207,21000
2013-10-29,21.275179095593543,21.46692529886198,21.275179095593543,21.388484954833984,35200
2013-10-30,21.493076400050093,21.493076400050093,21.2141721854756,21.379772186279297,111200
2013-10-31,21.510504641366506,21.545366831011524,21.20545258557274,21.214168548583984,1007000
2013-11-01,21.39719925563709,21.45821099805887,21.196737089165545,21.388484954833984,181600
2013-11-04,21.405913828380427,21.62380790710449,21.379767602869467,21.62380790710449,125100
2013-11-05,21.08343437254516,21.37105452884097,21.08343437254516,21.18802261352539,504600
2013-11-06,21.0398534297802,21.11829543752603,20.970127385383915,21.031137466430664,158000
2013-11-07,20.94397989204802,20.97884208093936,20.525621988552484,20.56048583984375,83400
2013-11-08,20.508193461616337,20.508193461616337,20.176993495908256,20.36002540588379,494100
2013-11-11,20.35130768125469,20.36873960686774,20.14212956109789,20.19442367553711,348700
2013-11-12,20.08111692701663,20.08111692701663,19.68019100096419,19.793495178222656,443200
2013-11-13,19.90680421005481,20.17699241638184,19.79349835222737,20.17699241638184,124100
2013-11-14,20.1072686527946,20.48204679632847,20.0985526887124,20.464614868164062,305500
2013-11-15,20.5517706725988,20.821958880965617,20.5517706725988,20.769664764404297,540900
2013-11-18,21.1270062361762,21.2926061745349,21.057280208825105,21.065996170043945,89200
2013-11-19,21.092151869508843,21.118298100454364,20.90040397644043,20.90040397644043,129000
2013-11-20,20.7696632876908,20.813241437993515,20.421033098069444,20.577917098999023,122400
2013-11-21,20.30772849087944,20.30772849087944,20.15084614274388,20.203140258789062,273400
2013-11-22,20.238002856181623,20.52562299382141,20.22057259208225,20.490760803222656,134900
2013-11-25,20.69122176386815,20.69122176386815,20.447179794311523,20.447179794311523,143500
2013-11-26,20.717373465897683,20.717373465897683,20.246721365625945,20.473331451416016,311600
2013-11-27,20.534340474868603,20.61278248751387,20.473330390011206,20.569204330444336,160900
2013-11-29,20.978842551399143,20.978842551399143,20.82195854187012,20.82195854187012,153000
2013-12-02,21.039851380106885,21.100861455210115,20.69993715458896,20.717369079589844,1992900
2013-12-03,20.856822733606496,20.909116850167816,20.66507486888166,20.769664764404297,321100
2013-12-04,20.87425557015037,21.318758073904167,20.87425557015037,21.205453872680664,343000
2013-12-05,21.196737909140385,21.327474037444446,21.16187571737933,21.205453872680664,260400
2013-12-06,21.519217656023685,21.85041589307366,21.493069770572475,21.789405822753903,811100
2013-12-09,21.876565643006288,21.989869831485336,21.815555567486808,21.902711868286133,99700
2013-12-10,21.81555533164172,21.81555533164172,21.684817557056363,21.72839736938477,499500
2013-12-11,21.58023057917649,21.63252469459228,21.28389448782044,21.353620529174805,55900
2013-12-12,20.90040229713415,21.05728631980289,20.8132443220515,20.9875602722168,89500
2013-12-13,21.092150519987268,21.092150519987268,20.760950541732846,20.935266494750977,128500
2013-12-16,21.14444351196289,21.23160148381832,21.10086369483516,21.14444351196289,187300
2013-12-17,20.97884306894619,21.057285075645865,20.874254834946623,20.97012710571289,105800
2013-12-18,21.142519656577107,21.67633381122676,20.90624109608015,21.40505027770996,350300
2013-12-19,21.046260539327218,21.046260539327218,20.69621910671682,20.774978637695312,1353600
2013-12-20,21.22128510394972,21.510069535506336,21.22128510394972,21.44881248474121,301400
2013-12-23,21.160026801370066,21.492565772620544,21.160026801370066,21.38755416870117,856600
2013-12-24,21.422555240550373,21.422555240550373,21.1862766527409,21.396303176879883,72800
2013-12-26,21.45755896923864,21.45755896923864,21.230031638933013,21.23878288269043,65600
2013-12-27,21.448809919142377,21.49256447327535,21.387552875704515,21.466312408447266,77700
2013-12-30,21.47506523132324,21.55382310072474,21.44006025014092,21.47506523132324,554000
2013-12-31,21.553820865012057,21.685087861700488,21.405053048677143,21.667585372924805,107400
2014-01-02,21.33504460776344,21.33504460776344,20.643712997436523,20.643712997436523,338700
2014-01-03,21.07251482935041,21.090017318725582,20.967501562228648,21.090017318725582,125900
2014-01-06,21.16002406040015,21.16002406040015,20.88874217143144,20.985002517700195,26600
2014-01-07,20.93249893188477,20.967502242641736,20.82748566135523,20.93249893188477,80700
2014-01-08,20.82747935269247,20.99374961853028,20.82747935269247,20.99374961853028,103800
2014-01-09,21.07251068407077,21.098764412969025,20.748721370841366,20.95874786376953,259300
2014-01-10,21.2475344738636,21.518816358262928,21.16002370398763,21.413803100585938,156800
2014-01-13,21.571329491797275,21.73759984421924,21.326301255732982,21.378807067871094,175100
2014-01-14,21.47506300377988,21.667585372924805,21.3963034734185,21.667585372924805,204800
2014-01-15,21.7988503557394,21.860107396356323,21.772596622991067,21.81635284423828,90400
2014-01-16,21.685094513234965,21.90387068264929,21.667592019090687,21.73760032653809,91200
2014-01-17,21.51881919823509,21.53632168834601,21.361300125495383,21.440059661865234,331700
2014-01-21,21.33504357461048,21.536318846063946,21.30879151203805,21.413803100585938,101300
2014-01-22,21.6150811497543,21.69384068585101,21.536321613657588,21.67633819580078,39100
2014-01-23,21.562570881127463,21.58882461279549,21.256285690645964,21.37004852294922,178900
2014-01-24,20.950000230854627,20.993754784095795,20.652464595252884,20.6787166595459,233400
2014-01-27,20.512450306950665,20.512450306950665,20.18866090185753,20.38993453979492,125400
2014-01-28,20.5649528503418,20.66121486589025,20.5299478740954,20.5649528503418,162500
2014-01-29,20.45119460975069,21.86886308359788,20.07489937622041,20.17115974426269,144600
2014-01-30,20.346175458241703,20.67871436572308,20.346175458241703,20.59995651245117,72200
2014-01-31,20.3899322372614,20.59995876605988,20.32867519516568,20.451190948486328,144600
2014-02-03,20.346176531015235,20.346176531015235,19.94362932341153,19.96113014221192,130500
2014-02-04,20.38992971168374,20.53869751083032,20.346175163929043,20.5124454498291,461900
2014-02-05,20.328680369613046,20.46869697836561,20.267423311925,20.319929122924805,109400
2014-02-06,20.468687967674548,20.792477276082906,20.416182179788752,20.731220245361328,145700
2014-02-07,20.608708984425217,20.87124131905025,20.57370567461944,20.757476806640625,83100
2014-02-10,20.608708408325025,20.608708408325025,20.311172772211584,20.39868354797364,110200
2014-02-11,20.24116505125358,20.809984275043192,20.24116505125358,20.757476806640625,348200
2014-02-12,20.89749110538525,20.94124732428272,20.704968749623628,20.722471237182617,93000
2014-02-13,20.38118584039079,20.55620574951172,20.17115927883852,20.55620574951172,73000
2014-02-14,20.60870735362784,20.87999091151957,20.60870735362784,20.801231384277344,27700
2014-02-18,20.80997976175447,20.97624836824764,20.6962152740182,20.731220245361328,112700
2014-02-19,20.8537369223198,20.90624271679097,20.61745834350586,20.61745834350586,101200
2014-02-20,20.669967350625416,20.932498011714728,20.5824565738859,20.9062442779541,51500
2014-02-21,20.897492990406136,21.08126578809424,20.871240925828715,21.00250625610352,39500
2014-02-24,21.0287615400281,21.27378972950315,21.0287615400281,21.151275634765625,43100
2014-02-25,21.24753516451941,21.256286408704383,20.932497050377165,20.97625160217285,206600
2014-02-26,21.14252311772184,21.1687768517846,21.002506540978988,21.090017318725582,675300
2014-02-27,21.221284830991408,21.41380722650968,21.212533585404746,21.36130142211914,83200
2014-02-28,21.26504100508505,21.440062591854048,21.203783950454767,21.230037689208984,555000
2014-03-03,21.16877660817265,21.16877660817265,20.879992213322712,20.9062442779541,160900
2014-03-04,21.51881853729737,21.51881853729737,21.440059003346573,21.45756149291992,23700
2014-03-05,21.641333874163333,21.7200934126564,21.553823090378888,21.658836364746094,134300
2014-03-06,21.982621250583023,22.262654365893923,21.87760799777692,22.14013862609864,790100
2014-03-07,22.30641371451366,22.315164959891497,21.973874735802795,22.02638053894043,1525200
2014-03-10,22.24515375582966,22.280157063632394,22.14014049416311,22.23640251159668,391600
2014-03-11,22.262657894719776,22.28890996023572,21.96512224525769,22.00887680053711,463800
2014-03-12,22.131395027115,22.21890414742997,22.06138506025586,22.183900833129883,818800
2014-03-13,22.148891511774927,22.148891511774927,21.7288418076649,21.77259635925293,1618200
2014-03-14,21.947626104191,22.113896466781856,21.877617794015343,21.903871536254883,173900
2014-03-17,22.1401373289485,22.45517539978028,22.1401373289485,22.45517539978028,360800
2014-03-18,22.30641299137911,22.393923773191144,22.140142672849173,22.323915481567383,1287500
2014-03-19,22.2188997302843,22.25390470675484,21.658833459788863,21.825103759765625,273900
2014-03-20,21.860106070034348,22.16639292366476,21.82510276428951,22.13138961791992,175500
2014-03-21,22.315158499607968,22.3239097424523,22.02637416226055,22.04387664794922,304400
2014-03-24,22.612698564610227,22.612698564610227,22.33266541456775,22.54269027709961,1153800
2014-03-25,22.910234803475607,22.910234803475607,22.64770246659221,22.76146697998047,811800
2014-03-26,22.831474983691944,22.831474983691944,22.65645342795928,22.6739559173584,1006500
2014-03-27,22.65645305637992,22.81397212013006,22.586444769060883,22.77896881103516,342800
2014-03-28,23.146513952005428,23.2515255539328,22.81397331793368,23.076505661010746,151900
2014-03-31,23.111508664376725,23.23402275470469,23.085254929679607,23.129011154174805,130100
2014-04-01,23.391540461522,23.444047927856445,23.234021400777067,23.444047927856445,365200
2014-04-02,23.47905126109484,23.50530499428981,23.391540486240824,23.487802505493164,142700
2014-04-03,23.137762399073843,23.181516954439743,22.971492084250684,23.129011154174805,378700
2014-04-04,23.28652578282104,23.505301856183493,23.04149597976866,23.09400177001953,384500
2014-04-07,23.06775253461745,23.260274901868623,23.041498801712173,23.120258331298828,464000
2014-04-08,23.277778648380927,23.40904398174241,23.26027615883159,23.321533203125,244900
2014-04-09,23.514055268106347,23.715328873572243,23.30402874947422,23.697826385498047,286100
2014-04-10,23.461548513421555,23.601565083991343,23.01524506880689,23.120258331298828,1399400
2014-04-11,23.13776363532353,23.330286026000977,23.076506586886588,23.330286026000977,1094600
2014-04-14,23.3565406981112,23.452801062742846,23.22527535061025,23.40029525756836,430900
2014-04-15,23.33028032984194,23.33903157307192,22.95398521659788,23.09400177001953,244900
2014-04-16,22.99774330520559,23.094003650314807,22.813970520671425,23.050249099731445,46700
2014-04-17,23.26027641877005,23.42654673308832,23.08525485957932,23.36528968811035,86200
2014-04-21,23.26027587450602,23.365289141389127,23.23402214050293,23.23402214050293,24500
2014-04-22,23.190263717441848,23.260271993974627,23.076500893999448,23.146509170532227,968000
2014-04-23,23.269023927559857,23.269023927559857,22.93648335231616,23.032745361328125,125300
2014-04-24,23.19901821558601,23.225271948892697,22.953988378777908,23.155261993408203,193500
2014-04-25,23.146511113969776,23.155260688783155,22.91023253490976,23.050249099731445,488600
2014-04-28,23.08525052678956,23.102753013249508,22.95398521659788,23.09400177001953,171000
2014-04-29,23.19901821558601,23.28652899081242,23.111507440359603,23.155261993408203,68500
2014-04-30,22.971493722993536,23.10275906758476,22.91898791898293,23.08525657653809,133700
2014-05-01,23.137764968080845,23.17276828243416,22.98024588066724,23.11151123046875,23300
2014-05-02,23.12026209030457,23.23402494646521,22.92773969175217,23.216524124145508,100000
2014-05-05,23.216523590258724,23.216523590258724,22.953991231946866,23.08525657653809,141800
2014-05-06,23.137757927324508,23.260271993974627,23.01524219154541,23.146509170532227,95100
2014-05-07,23.02399889967152,23.03275014495641,22.848979001361776,22.96274185180664,117200
2014-05-08,23.03274569284302,23.03274569284302,22.831472097583767,22.88397789001465,230700
2014-05-09,23.48780251387329,23.71532986092324,23.34778594170859,23.671573638916016,823300
2014-05-12,24.327898299663165,24.625433888189416,24.327898299663165,24.51167106628418,387000
2014-05-13,24.70419881554148,24.72170130555237,24.555430988707496,24.660444259643555,336500
2014-05-14,24.50292074653786,24.625434816149266,24.46791577286088,24.537925720214844,2046900
2014-05-15,24.87046465536652,24.87046465536652,24.38915795061381,24.44166374206543,740700
2014-05-16,25.194254860929995,25.59680205792393,25.124244911057232,25.54429626464844,1057800
2014-05-19,25.579304050763096,25.59680654129691,25.31677336927333,25.526798248291016,365900
2014-05-20,25.43928878099289,25.5618028828098,25.421786289553484,25.49179458618164,228000
2014-05-21,25.535547280692967,25.623058056649143,25.491791058150262,25.579301834106445,397500
2014-05-22,25.8855861170524,25.8855861170524,25.7105645827083,25.73681831359864,1887900
2014-05-23,25.754326438325705,26.043110864816303,25.754326438325705,25.97310256958008,239200
2014-05-27,25.99059813014017,25.99059813014017,25.30801618175405,25.34301948547364,1412400
2014-05-28,25.64055694459504,25.65805943229336,25.308018023972465,25.39552879333496,446400
2014-05-29,25.290516570284268,25.290516570284268,25.08049171670481,25.132997512817383,605500
2014-05-30,25.22925891721893,25.22925891721893,24.89671999107682,24.914220809936523,1595500
2014-06-02,25.456791272432287,25.5793053742492,25.325525924895672,25.49179458618164,330400
2014-06-03,25.640559491764133,25.71931902510155,25.44803711534448,25.65806198120117,493700
2014-06-04,25.59680429884218,25.59680429884218,25.43053399159608,25.535547256469727,216700
2014-06-05,25.96434941519087,26.18312553036129,25.920594859808507,26.156871795654297,135900
2014-06-06,26.638183984492084,26.638183984492084,26.42815908478393,26.53317070007324,1276000
2014-06-09,26.66443184416581,26.66443184416581,26.49816320135208,26.63817977905273,219000
2014-06-10,26.69068654748796,26.74319234874975,26.53316747457324,26.568172454833984,670700
2014-06-11,26.401899995424635,26.48941076984928,26.35814544277691,26.384397506713867,774000
2014-06-12,26.664427427576705,26.786943164618712,26.436900109217543,26.463153839111328,1118100
2014-06-13,26.113114361472974,26.148117668094123,25.93809282097989,26.04310607910156,838600
2014-06-16,25.894340890206045,25.9380954451915,25.73682182165156,25.78932762145996,183300
2014-06-17,25.964350961528925,26.15687335345825,25.964350961528925,26.121870040893555,392700
2014-06-18,25.83308092645935,26.23562812805176,25.754321401081864,26.23562812805176,244100
2014-06-19,25.97309817266502,25.97309817266502,25.73681959031819,25.798076629638672,220700
2014-06-20,25.745568871168825,25.85933169707064,25.69306307991637,25.85058212280273,175100
2014-06-23,25.789327006765227,25.85058571906574,25.623058366480127,25.710567474365234,665600
2014-06-24,26.01685208938656,26.0956116149148,25.83308097590673,25.85933303833008,542300
2014-06-25,25.98742839908613,26.05761719821978,25.908465790881657,26.040069580078125,294000
2014-06-26,25.72422218322754,25.81195861085748,25.62771194549129,25.72422218322754,151100
2014-06-27,25.79441390470169,25.978660590882665,25.79441390470169,25.96988677978516,216600
2014-06-30,26.18922454916396,26.224318116787035,26.057620742069304,26.092714309692383,421400
2014-07-01,26.25063812632712,26.44365692138672,26.17167551165885,26.44365692138672,121400
2014-07-02,26.7682813523187,26.943752528865232,26.698092547013463,26.93498039245605,744000
2014-07-03,26.77705738634916,26.829698576342345,26.724414522922704,26.812150955200195,762900
2014-07-07,26.93498014039277,26.961299896240234,26.48752588322185,26.961299896240234,269500
2014-07-08,26.54016606614606,26.54016606614606,26.2067696750141,26.259410858154297,340800
2014-07-09,26.320827194721847,26.399789810180664,26.250638389139915,26.399789810180664,403900
2014-07-10,25.98742839908613,26.06638933385764,25.72421914726022,26.040069580078125,378000
2014-07-11,25.8295040413193,25.847049986611257,25.72422000240241,25.78563499450684,339000
2014-07-14,25.776863351226503,25.8119585916256,25.732995974160804,25.75054359436035,252200
2014-07-15,25.86459949328068,25.89969473329237,25.750543310108988,25.82073211669922,359700
2014-07-16,26.09271212769221,26.23308973331187,26.09271212769221,26.15412712097168,202500
2014-07-17,26.16290457349673,26.2243195753278,25.689130506919035,25.741771697998047,306600
2014-07-18,26.08394398632532,26.250643056760552,26.06639636345141,26.198001861572266,193100
2014-07-21,26.16290009552924,26.37346649723863,26.11903272271049,26.36469268798828,135400
2014-07-22,26.7331883129941,26.873565935157146,26.64545355421713,26.838472366333008,211600
2014-07-23,26.829702377319336,26.908665010212427,26.75073974442624,26.829702377319336,217600
2014-07-24,26.89988488326328,27.005168926881623,26.882337263754703,26.987621307373047,400000
2014-07-25,26.838470483936504,26.864791913783414,26.72441262803304,26.803375244140625,409100
2014-07-28,26.79460281851366,26.89988518989903,26.698092583549467,26.88233757019043,322900
2014-07-29,26.7946033984444,26.873564341975868,26.67177173125879,26.72441291809082,243300
2014-07-30,26.838471029477308,26.91743364718996,26.5752634193906,26.69809341430664,453000
2014-07-31,26.32082834304665,26.329602153306315,25.952336679306665,26.11026191711425,663200
2014-08-01,25.996202187614543,26.11026003935436,25.81195720571142,26.066390991210938,279600
2014-08-04,26.07516585002537,26.34714893915912,26.05761990349509,26.28573226928711,221200
2014-08-05,26.347143469423987,26.38223702863219,26.145349228603827,26.22431182861328,132800
2014-08-06,25.96988681678051,26.04884944333722,25.882150379113792,25.92601776123047,369100
2014-08-07,25.943562409138096,25.996203596329707,25.706674556626087,25.73299598693848,269300
2014-08-08,25.76808632388453,26.022520074754823,25.6452546792338,26.004972457885746,588100
2014-08-11,26.04884445216048,26.29450442243675,26.013749214444985,26.259410858154297,218200
2014-08-12,26.10148563530068,26.285730613007875,26.10148563530068,26.259410858154297,374300
2014-08-13,26.5050719164769,26.61035596051229,26.434883111597674,26.44365692138672,258500
2014-08-14,26.75950786782892,26.803375244140625,26.689319061670297,26.803375244140625,115600
2014-08-15,26.654222482606137,26.80337389737808,26.522618686850432,26.66299629211425,128900
2014-08-18,26.882336995157,27.04903603195666,26.820922000923723,27.04026222229004,278800
2014-08-19,27.049037926779302,27.092905304752303,26.943753876837626,27.057811737060547,206500
2014-08-20,26.94375550785941,27.1894171903055,26.89988812723093,27.101680755615234,224300
2014-08-21,27.09290475949041,27.180641187103856,27.06658500260959,27.16309356689453,815700
2014-08-22,27.189415250796124,27.25083024866839,27.057811444865106,27.13677406311035,376600
2014-08-25,27.10167666079618,27.17186546325684,26.99639429382172,27.17186546325684,136500
2014-08-26,27.18941849862054,27.29470256000164,27.18941849862054,27.25960731506348,461900
2014-08-27,27.329790087440205,27.382431269772304,27.27714890510811,27.373659133911133,391900
2014-08-28,27.17186954734208,27.19819097975848,27.066587164543083,27.128002166748047,390400
2014-08-29,27.46139636514212,27.46139636514212,27.15432137922155,27.23328399658203,319500
2014-09-02,27.645643821394376,27.645643821394376,27.435077393550703,27.48771858215332,383600
2014-09-03,27.98781286909943,27.98781286909943,27.742152883762465,27.81234169006348,479400
2014-09-04,27.864985126409675,27.94394774905335,27.63687106915388,27.68073844909668,213600
2014-09-05,27.82111866941337,28.01413917541504,27.750929850894607,28.01413917541504,468500
2014-09-08,28.101870391662604,28.119418012432792,27.90007777310513,27.96149444580078,454400
2014-09-09,27.812342568196776,27.838662325494948,27.505265903396943,27.575454711914062,580800
2014-09-10,27.382433969123824,27.61932182312012,27.382433969123824,27.61932182312012,186200
2014-09-11,27.47894507287824,27.505266504184533,27.338567452777784,27.39998245239257,569700
2014-09-12,27.45262561085932,27.50526680060599,27.19819012578946,27.321020126342773,745500
2014-09-15,27.233282941916528,27.233282941916528,26.987621289260662,27.01394271850586,958800
2014-09-16,26.741959953278563,27.02271517481958,26.61035615236036,26.891111373901367,384500
2014-09-17,27.10168028890621,27.10168028890621,26.75073622962194,26.759510040283203,371800
2014-09-18,27.356116354139303,27.60177636409738,27.303475162495904,27.59300422668457,277200
2014-09-19,27.52281440107756,27.57545559078485,27.29470034776829,27.347341537475582,644800
2014-09-22,27.53158105896731,27.56667629407652,27.19818469259437,27.268373489379883,526100
2014-09-23,27.013948778540872,27.06658997540716,26.87356946450832,26.899890899658203,398800
2014-09-24,27.06658848820375,27.31224850903733,27.02271943203105,27.25960731506348,690100
2014-09-25,26.62790357397196,26.76828118369816,26.40856334959564,26.452430725097656,583900
2014-09-26,26.68055092334721,26.917438822026494,26.68055092334721,26.829702377319336,1258400
2014-09-29,26.689316333163635,26.715637760319648,26.548938735197503,26.57526016235352,1363100
2014-09-30,26.55771254958881,26.680542529475627,26.5050696952662,26.56648635864257,343900
2014-10-01,26.79460512377409,26.81215107155913,26.303281770261187,26.32082939147949,324600
2014-10-02,26.329604786934144,26.566492667340324,26.092716906527965,26.426115036010746,576800
2014-10-03,26.364701271113407,26.680551813220305,26.32960769612017,26.627910614013672,265500
2014-10-06,26.89111162648818,26.9086592463576,26.671771398419867,26.864791870117188,385900
2014-10-07,26.505066996010093,26.5577098449716,26.22431182861328,26.22431182861328,630000
2014-10-08,26.189225734767103,26.785831472267,26.092715490926448,26.759510040283203,1525600
2014-10-09,26.76828088046092,26.803374445778367,26.487525664188983,26.548940658569336,1039200
2014-10-10,26.434883978568543,26.51384659582651,26.189223990151028,26.21554374694824,265600
2014-10-13,26.64545119354601,26.86479141792233,26.40856334959564,26.452430725097656,355300
2014-10-14,26.4524345104684,26.61035976236792,26.36469807347608,26.487529754638672,317900
2014-10-15,26.36469428251076,26.60158212629805,25.98743050252701,26.47875213623047,852300
2014-10-16,25.5048829457866,26.08394104792617,25.5048829457866,25.9874324798584,945900
2014-10-17,25.79441334710445,26.189226470790903,25.79441334710445,26.08394241333008,389600
2014-10-20,26.23309050072133,26.46997834467171,26.145354076284185,26.452430725097656,1153100
2014-10-21,26.505074572079373,26.785831493159048,26.452433381504,26.73318862915039,203400
2014-10-22,26.66300039791285,26.72441540049385,26.522622771032463,26.592811584472656,853000
2014-10-23,26.75073625048661,26.856020305070647,26.64545386933585,26.73318862915039,410000
2014-10-24,26.803378452530257,26.987625136646844,26.75073725996838,26.97007751464844,312500
2014-10-27,26.566487985035963,26.654222734078804,26.47875156256005,26.63667678833008,449400
2014-10-28,26.74196530885868,27.01394844845024,26.689324112635624,27.00517463684082,697600
2014-10-29,27.084131812908826,27.13677299852947,26.741959922791818,26.93498039245605,715700
2014-10-30,27.18941409322035,27.45262336730957,27.15432052740165,27.45262336730957,523300
2014-10-31,27.90008133047064,28.01413920658644,27.78602512778828,27.97904396057129,1309600
2014-11-03,27.952722857068643,27.97904261688257,27.83866498643045,27.86498641967773,1088400
2014-11-04,27.98781420352284,27.98781420352284,27.821115153072515,27.96149444580078,660600
2014-11-05,27.856210708618164,27.87375832958616,27.715833087740734,27.856210708618164,574600
2014-11-06,27.93517716305116,27.9614985981152,27.803573334597893,27.84744071960449,1796000
2014-11-07,27.821113537109483,27.908849962431105,27.76847235128976,27.89130401611328,632300
2014-11-10,27.97026689804361,27.97026689804361,27.81234332963143,27.856210708618164,655000
2014-11-11,27.92639925102357,28.022909491987985,27.82988901005917,27.90007781982422,1759700
2014-11-12,27.89130919240029,28.040458967664364,27.89130919240029,27.97904396057129,706700
2014-11-13,27.90884999951158,27.917623809398712,27.77724619807086,27.838661193847656,430500
2014-11-14,27.838666323377566,27.98781777207508,27.79479893929207,27.97904396057129,1337700
2014-11-17,27.91762540054109,27.99658802059256,27.84743659087681,27.952720642089844,365100
2014-11-18,28.03168272771523,28.084322242168337,27.961493919389103,28.04045486450196,1173700
2014-11-19,27.78602027267088,27.84743526903277,27.64564266000568,27.7947940826416,503400
2014-11-20,27.768472388183728,27.88253024328332,27.7246050121812,27.838661193847656,331800
2014-11-21,28.19838268793926,28.408950805664062,28.14574316865808,28.408950805664062,955400
2014-11-24,28.198383361391823,28.198383361391823,28.093100973448347,28.16328811645508,469200
2014-11-25,27.952719302665493,28.05800167540044,27.79479407012994,27.81234169006348,962900
2014-11-26,28.119417177724337,28.14574028153145,28.005360992970264,28.13696479797364,211900
2014-11-28,28.14574630570361,28.207161316287927,28.022914611101445,28.066781997680664,287300
2014-12-01,28.2334761785428,28.242248315589286,27.864984505560308,27.87375831604004,377800
2014-12-02,28.075552000897016,28.075552000897016,27.98781556620755,28.05800437927246,245700
2014-12-03,28.19838390683072,28.19838390683072,28.07555389404297,28.07555389404297,574000
2014-12-04,28.154510498046875,28.207153355204444,28.05800026669105,28.154510498046875,697900
2014-12-05,27.961492280557643,28.031681084769986,27.90007561261789,27.996585845947266,579700
2014-12-08,27.67196525241229,27.67196525241229,27.4263035832114,27.48771858215332,3333700
2014-12-09,27.110452918733834,27.171867917254406,27.005170542250912,27.066585540771484,643500
2014-12-10,27.13677275676294,27.16309251262222,26.891111103666702,26.94375228881836,438500
2014-12-11,26.7331869942408,26.83847104238602,26.619130809397205,26.68054580688477,700800
2014-12-12,26.355923295861103,26.496300911614217,26.171676629289408,26.180450439453125,925000
2014-12-15,26.031297464533644,26.031297464533644,25.566295594125844,25.610164642333984,1015200
2014-12-16,25.1978078600317,25.452243358757265,25.039884282315835,25.101299285888672,1193500
2014-12-17,25.23606422112095,26.02881983978157,25.23606422112095,25.89669418334961,1172900
2014-12-18,26.293073847137443,26.425199508666992,26.13452238127441,26.425199508666992,924700
2014-12-19,26.231415589042538,26.38115845501349,26.18737258136345,26.28426551818848,1435700
2014-12-22,26.522089340942124,26.610171984942,26.38115509445984,26.58374786376953,414300
2014-12-23,26.363538955526074,26.363538955526074,26.169753098755898,26.18737030029297,309400
2014-12-24,26.1345203030726,26.1345203030726,25.896693123189927,25.984777450561523,166500
2014-12-26,26.29307765355448,26.29307765355448,25.870274803423698,25.87908172607422,156400
2014-12-29,26.240227357701635,26.32831002355321,26.134525806582914,26.160951614379883,464800
2014-12-30,26.18737050237515,26.416389083917945,26.18737050237515,26.31949615478516,573400
2014-12-31,26.50447397558139,26.6365996307998,26.34592251729176,26.38115692138672,418600
2015-01-02,26.865615455411348,26.865615455411348,26.707064013420883,26.768722534179688,654400
2015-01-05,26.645406724877585,26.645406724877585,26.284262503673176,26.33711242675781,431300
2015-01-06,25.746948620571683,25.84384154247751,25.403421613914592,25.535547256469727,812600
2015-01-07,25.870267899673948,26.05524346721757,25.77337497568325,26.03762626647949,537300
2015-01-08,26.636604670105694,26.79515615839125,26.592563336723785,26.733497619628903,478300
2015-01-09,27.041786409362235,27.05059333016464,26.7511093008868,26.865617752075195,459600
2015-01-12,27.16509987866913,27.17390847837862,26.9536985258473,27.032974243164062,635100
2015-01-13,27.25318799353382,27.31484652002397,26.856809351713085,26.997743606567383,1642700
2015-01-14,26.84800134635146,26.962511481003805,26.72468429063559,26.9184684753418,844200
2015-01-15,27.78169186087742,27.97547603829671,27.702416133735703,27.825733184814453,5702600
2015-01-16,27.922620132902463,28.389464114890952,27.88738573724453,28.38065719604492,1333000
2015-01-20,28.53921504018544,28.715380337853883,28.407087706796432,28.50398063659668,2566400
2015-01-21,28.73299985461579,28.953209854580955,28.65372412022281,28.935592651367188,2297900
2015-01-22,28.94440275803272,29.428864082999223,28.85631674249649,29.314353942871094,4687300
2015-01-23,29.314351967666724,29.314351967666724,29.02367653632773,29.111759185791016,1982200
2015-01-26,29.17341721151601,29.28792734196222,29.08533456356516,29.26150321960449,2269600
2015-01-27,29.041298277507583,29.19984975943382,28.979639741218296,29.13819122314453,1823800
2015-01-28,29.29673823375541,29.340782923838542,28.979638642068224,29.014869689941406,1502300
2015-01-29,29.27031224097028,29.279122522480225,28.95320930936967,29.21746063232422,833900
2015-01-30,28.79466106900568,28.79466106900568,28.25735144153772,28.274965286254883,1191500
2015-02-02,28.794656847038645,28.89154977946753,28.5920640611136,28.86512565612793,703000
2015-02-03,28.6625297186194,28.89154660270253,28.653719438383085,28.821081161499023,905800
2015-02-04,28.653718029536165,28.68895242847421,28.512783793921216,28.53921127319336,905200
2015-02-05,28.5920639038086,28.60087418496516,28.495170971912785,28.5920639038086,1267100
2015-02-06,28.47755579685868,28.52159712016676,28.32781126544613,28.345428466796875,604600
2015-02-09,28.08117941096597,28.08117941096597,27.860969403514616,27.93143653869629,1341900
2015-02-10,27.97547677261069,28.16926095511652,27.90500964442049,28.15164375305176,431800
2015-02-11,28.13402457388217,28.3013846116044,28.03713165519005,28.257343292236328,1531400
2015-02-12,28.539211368559908,28.75061104262013,28.48635976997624,28.741804122924805,1151900
2015-02-13,28.89154478972748,29.03247902342811,28.85631039126802,29.02367210388184,831900
2015-02-17,28.9179801940918,28.970828446127737,28.77704256162769,28.9179801940918,458600
2015-02-18,29.05010265232938,29.22627132348095,28.9444027936936,29.18222999572754,533700
2015-02-19,29.28792734196222,29.323161745197613,29.17341721151601,29.26150321960449,363100
2015-02-20,28.953210919785143,29.25269666516153,28.873935182475574,29.191038131713867,372900
2015-02-23,28.777042062728125,28.777042062728125,28.653724996598047,28.71538352966309,918100
2015-02-24,28.785848690058373,29.023675870317017,28.68895576178956,28.98844146728516,949600
2015-02-25,28.92679063283809,29.09414905152873,28.891556220438428,29.05891799926757,1759100
2015-02-26,28.891551927305617,28.94440353805164,28.785852065951577,28.8563175201416,1870300
2015-02-27,29.314352507402752,29.552179697497728,29.208652654073124,29.481714248657227,3431900
2015-03-02,29.287929635679347,29.552180960364662,29.261505511252185,29.5257568359375,3075000
2015-03-03,29.57860524640499,29.63145348954449,29.508136442035603,29.61383628845215,3269200
2015-03-04,29.35839705275277,29.45528662442812,29.14699398696625,29.37601089477539,2320800
2015-03-05,29.41124790271709,29.464099513876825,29.270313633095828,29.367206573486328,1208200
2015-03-06,29.09414093128446,29.10295121199466,28.83869991302737,28.89154815673828,1132900
2015-03-09,28.73300012258159,28.741810404339606,28.609683059073102,28.62730026245117,1014800
2015-03-10,28.407092642601352,28.415899564959933,28.266158363896302,28.274965286254883,1098600
2015-03-11,28.371852280832268,28.45112800598145,28.31019375684264,28.451128005981445,1235600
2015-03-12,28.87393007701745,28.988440201803293,28.803464634167494,28.944398880004883,1386200
2015-03-13,28.283768416999685,28.283768416999685,27.975474130260867,28.13402557373047,2812000
2015-03-16,28.178062781148693,28.42469851054889,28.14283006555921,28.38065719604492,1616100
2015-03-17,28.43351255469392,28.882742811565247,28.43351255469392,28.829891204833984,6162700
2015-03-18,28.39828253920648,29.279122522480225,28.39828253920648,29.21746063232422,4581000
2015-03-19,28.48636207189299,28.54802059515448,28.30138650210854,28.38946914672852,1643400
2015-03-20,28.37184964662176,28.60086988029471,28.292573928833008,28.292573928833008,4321200
2015-03-23,28.407086704564463,28.415893625082106,28.25734553480177,28.31900405883789,1485300
2015-03-24,28.31900565252331,28.424705505371094,28.283771248194803,28.424705505371094,2816700
2015-03-25,28.25734797647243,28.301389303141256,27.84335211348222,27.8609676361084,1581000
2015-03-26,27.53505511119522,27.57909643358484,27.37650366248257,27.49982070922852,1250600
2015-03-27,27.517440284345795,27.54386608810077,27.411740429463688,27.49101448059082,970700
2015-03-30,28.001902755089645,28.16926113557044,27.92262702535922,28.116411209106445,1551400
2015-03-31,27.887392949282376,28.266154400215505,27.887392949282376,28.17807006835937,2417800
2015-04-01,28.38947337651331,28.54802484856205,28.31900792234609,28.5216007232666,2110200
2015-04-02,28.495172917184668,28.69776907596343,28.477559073944576,28.62730026245117,1261800
2015-04-06,28.50397827573976,28.873929402367303,28.48636107540453,28.821081161499023,2113900
2015-04-07,28.821084236931583,28.970825415553453,28.76823263028624,28.79465675354004,2033100
2015-04-08,29.04128930311156,29.13818221880647,28.86512067095148,29.02367210388184,1303200
2015-04-09,29.155797082094853,29.235072801344863,29.058907523133552,29.208648681640625,2118800
2015-04-10,29.23508371457121,29.3584041595459,29.094149423310128,29.3584041595459,2101700
2015-04-13,29.38482050940636,29.42005491292787,29.21745877274802,29.25269317626953,1108600
2015-04-14,29.21745974854344,29.36720428844214,29.21745974854344,29.27031135559082,812900
2015-04-15,29.10295162126853,29.18222734808733,29.06771721820738,29.155799865722656,952200
2015-04-16,28.838695471968784,28.944395303250783,28.768226677689416,28.8034610748291,1805500
2015-04-17,28.45112766999,28.52159647379598,28.31900370306004,28.38946914672852,1375300
2015-04-20,27.79050016049939,27.79930876173762,27.5790987709886,27.63195037841797,3155200
2015-04-21,27.4469728236289,27.508631351578547,27.376505694533748,27.42935562133789,1379000
2015-04-22,27.58791034649988,27.72003601918008,27.473401878195457,27.711227416992188,1720500
2015-04-23,27.22676407632624,27.358889739393963,27.12987113937772,27.306039810180664,1542400
2015-04-24,26.81276869218776,26.865618619051848,26.601367304662496,26.645408630371094,1561700
2015-04-27,26.416391372680664,26.44281717747977,26.31949843515289,26.416391372680664,2352800
2015-04-28,26.63659626741035,26.751106386191005,26.530896428609832,26.680639266967773,1440900
2015-04-29,26.36353998635184,26.42519851407366,26.20498852645638,26.240222930908203,1533100
2015-04-30,26.08166807175696,26.16094379137259,25.82622371298023,25.887882232666016,2322700
2015-05-01,25.87907911814972,26.116906327407555,25.87907911814972,26.06405639648437,1120900
2015-05-04,26.627792868809745,26.68945140016549,26.566134337454,26.65421867370605,3731400
2015-05-05,26.733494225510697,26.733494225510697,26.592559960498768,26.689451217651367,2109100
2015-05-06,26.055244839870884,26.07286204153708,25.720526408557284,25.843843460083008,3048400
2015-05-07,25.746955016128087,26.00239944458008,25.72933781139296,26.00239944458008,3369300
2015-05-08,26.345919088335712,26.627787564134465,26.32830188858113,26.610170364379883,3850500
2015-05-11,26.803960091032256,26.830384214429863,26.6277914280601,26.645408630371094,2928400
2015-05-12,26.011206605003625,26.099289263658125,25.94073947003861,25.99358940124512,2616300
2015-05-13,26.43400680010353,26.44281540111149,26.301881145121826,26.345922470092773,2029200
2015-05-14,26.61898223016919,26.751109564470763,26.56613230448987,26.72468376159668,1901100
2015-05-15,26.70706360173945,26.81276512145996,26.63659648194865,26.81276512145996,1858700
2015-05-18,27.00655234008144,27.015360941061683,26.90085248845625,26.927276611328125,1090300
2015-05-19,26.89204435201347,26.953702879871404,26.81276862189073,26.9184684753418,1797500
2015-05-20,27.200338316558373,27.34127426147461,27.129871184134736,27.34127426147461,1728600
2015-05-21,27.18271971974698,27.217952441940287,27.147485317484904,27.1915283203125,1317800
2015-05-22,27.3148470159458,27.36769694245848,27.279612611558093,27.33246421813965,1184800
2015-05-26,26.79515148987676,26.830384214429863,26.574941501196008,26.645408630371094,1648300
2015-05-27,26.60136670832198,26.79515088919205,26.60136670832198,26.72468376159668,1684100
2015-05-28,26.601365064597,26.68944770859688,26.48685493928718,26.58374786376953,1078400
2015-05-29,27.024166645057026,27.07701656520412,26.90084960469091,26.909656524658203,4130000
2015-06-01,26.980128256349964,27.11225559940405,26.79515266418457,26.79515266418457,1829200
2015-06-02,26.213801259912096,26.363544142300064,26.213801259912096,26.3018856048584,1298300
2015-06-03,26.03763115390272,26.08167416401505,25.782188415527344,25.782188415527344,4938900
2015-06-04,25.808611098242903,25.967162565642628,25.74695256760278,25.773378372192383,3392000
2015-06-05,25.817416858428945,25.86145986123112,25.70290841128082,25.790992736816406,2609300
2015-06-08,25.65006181728625,25.65006181728625,25.421043213195336,25.456275939941406,742500
2015-06-09,25.44746437964532,25.51793150501376,25.23606300354004,25.23606300354004,1717600
2015-06-10,25.74695090958981,25.96716089344892,25.70290958484553,25.940736770629883,2325000
2015-06-11,25.350576167786222,25.350576167786222,25.13036616463333,25.183216094970703,12267400
2015-06-12,25.2977216590412,25.2977216590412,25.103937483293176,25.16559600830078,3150700
2015-06-15,25.429851020961067,25.429851020961067,25.33295808531371,25.403425216674805,1750000
2015-06-16,25.517932474055183,25.606016804127915,25.491508351081567,25.561975479125977,1614200
2015-06-17,25.711718646835944,26.037628487952635,25.597208512337414,25.931928634643555,1752300
2015-06-18,26.31068603176204,26.5661287046558,26.231410313950867,26.54851150512696,4324200
2015-06-19,26.59256233172292,26.689453597515183,26.51328659057617,26.51328659057617,1651800
2015-06-22,26.962508124873967,26.98893224491318,26.86561520454707,26.909656524658203,1292600
2015-06-23,26.795149854477017,27.015359829717603,26.795149854477017,26.980125427246094,967900
2015-06-24,26.80395664631624,26.89204096648214,26.707063726126872,26.742298126220703,1339300
2015-06-25,26.987319564822293,26.996165168576173,26.75733892860064,26.7750301361084,2255900
2015-06-26,26.898864787247685,26.996164739868803,26.85463845630702,26.95193672180176,1455000
2015-06-29,26.430052978865948,26.606961643818124,26.35928985031029,26.368135452270508,1580500
2015-06-30,26.78387506020825,26.934246945955632,26.677729504981595,26.76618385314941,3887400
2015-07-01,27.022695810718005,27.102304544172583,26.925397559816066,27.07576942443848,1193600
2015-07-02,27.190762288186853,27.27037103162013,27.146535958335622,27.2526798248291,1382600
2015-07-06,27.429588908051564,27.52688885965776,27.296908229487176,27.46496963500977,3139600
2015-07-07,27.208452816296933,27.341133489667392,27.040389730226995,27.24383354187012,2061000
2015-07-08,26.8900206377081,26.89886624179984,26.50966809739592,26.63350486755371,3618100
2015-07-09,26.92539975101316,27.42074170949908,26.5892735852673,26.61581039428711,1192800
2015-07-10,26.84579285269361,26.960782325415167,26.73080169284568,26.95193672180176,1420200
2015-07-13,27.14653794872784,27.252681823003808,27.11115553255153,27.226146697998047,1306300
2015-07-14,27.270367533414497,27.411893795335224,27.21729560697576,27.358821868896484,1209100
2015-07-15,27.482656378226544,27.52688438864859,27.37651252746582,27.37651252746582,953700
2015-07-16,27.774559323434588,27.88955048338179,27.730332992455747,27.880704879760746,1322200
2015-07-17,27.827629044024864,27.87185705861124,27.73033078618733,27.77455711364746,2287000
2015-07-20,27.597651162528503,27.74802304356821,27.55342314626605,27.68610382080078,1415200
2015-07-21,27.615339869379728,27.641876678356404,27.48265919874887,27.518041610717773,1405500
2015-07-22,27.801093194711697,27.80993879739744,27.68610204692324,27.71263885498047,960200
2015-07-23,27.606493820278207,27.641876231675344,27.349978086153904,27.385358810424805,1284800
2015-07-24,27.296905569919414,27.32344069077113,27.02269694885958,27.09346008300781,2120700
2015-07-27,26.721951521822792,26.739642726025767,26.553890143272803,26.58042526245117,2561800
2015-07-28,26.642350471645443,26.721957534218102,26.527359305579377,26.63350486755371,2488800
2015-07-29,26.836946661013226,26.987318544893373,26.76618352078293,26.91655540466309,1919700
2015-07-30,26.9873191362554,27.040391070809463,26.881173580020867,26.95193672180176,1183600
2015-07-31,27.39420974967881,27.509200921993603,27.34998341394332,27.482664108276367,3040200
2015-08-03,27.34998096731804,27.35882657109916,27.146537141731564,27.190763473510746,1844400
2015-08-04,27.36766692538141,27.49150198031096,27.31459331287496,27.37651252746582,2199500
2015-08-05,27.8010989708286,27.845325306319832,27.677263881751912,27.76571655273437,2236500
2015-08-06,27.721487381037115,27.801096126477745,27.52688916280801,27.57111549377441,1064800
2015-08-07,27.58880534058594,27.61534046300676,27.42958785755582,27.553422927856445,1949000
2015-08-10,27.36767167192676,27.57996109739297,27.36767167192676,27.57111549377441,1303900
2015-08-11,27.119998075018124,27.119998075018124,26.925399869396063,27.031543731689453,2007800
2015-08-12,26.57158092310333,26.686570374334,26.26199160300005,26.368135452270508,4006500
2015-08-13,26.44774903569281,26.63350333668932,26.34160516694598,26.53620338439941,1961600
2015-08-14,26.89001813334657,27.084618030988,26.89001813334657,27.04039001464844,2838500
2015-08-17,26.651189392008067,26.74848933164873,26.606963066967484,26.695417404174805,546300
2015-08-18,26.660036722193865,26.71311034023348,26.57158406638036,26.61581039428711,1721300
2015-08-19,26.713106616358385,26.951931115738866,26.60696108220237,26.72195053100586,2669800
2015-08-20,26.341604900040096,26.341604900040096,26.01432431927973,26.040861129760746,3145500
2015-08-21,25.76665168088381,25.802034093757264,25.218237778355764,25.30669212341309,5130300
2015-08-24,22.82113131097424,24.032951852557023,22.370017395925466,23.705671310424805,3709100
2015-08-25,24.652131926830688,24.94403007573901,23.979881286621094,23.979881286621094,1932300
2015-08-26,24.39561497652104,24.767121872087404,24.12140802818972,24.554832458496094,2124800
2015-08-27,24.9705658625362,25.35976396715532,24.9705658625362,25.333227157592773,4243800
2015-08-28,25.129782905806643,25.191700439909184,24.899802288335582,25.0678653717041,2727500
2015-08-31,24.899805030175585,24.926341842195747,24.678669991386943,24.84673309326172,3814700
2015-09-01,24.316005763162764,24.395614502603785,23.92680766890958,23.979881286621094,3482800
2015-09-02,24.386768160857407,24.42215057159318,24.174478757821387,24.307159423828125,3617200
2015-09-03,24.643287352654763,24.775968028220028,24.501761073768304,24.53714179992676,1580700
2015-09-04,23.749901189533624,23.82950993071191,23.528766172288663,23.65260124206543,2103800
2015-09-08,23.944497068387328,24.139096944396,23.794125203801595,24.08602333068848,2693700
2015-09-09,24.369078115918622,24.369078115918622,23.864890548808432,23.93565368652344,2215600
2015-09-10,24.09487233135465,24.298316151215847,24.03295479375572,24.1302547454834,789400
2015-09-11,24.209863542046435,24.50176171072889,24.14794431718839,24.49291610717773,1567000
2015-09-14,24.5371410755539,24.5371410755539,24.38676919778545,24.47522354125977,712600
2015-09-15,24.439840673384914,24.67866689017522,24.39561434603541,24.59905815124512,1329100
2015-09-16,24.66097723429881,25.03248414361265,24.60790530071865,25.005949020385746,2053700
2015-09-17,24.7494321652612,25.518982812387705,24.71405143774895,25.04133033752441,2077700
2015-09-18,24.829038394243547,25.005947075251385,24.65213140036193,24.69635772705078,1142800
2015-09-21,24.91749636792746,25.01479632538154,24.82019641047337,24.87327003479004,1764100
2015-09-22,24.3690784506014,24.377924053828043,24.20101705067405,24.35138893127441,1320500
2015-09-23,24.3690775918056,24.484068742573257,24.23639692233436,24.2629337310791,2599300
2015-09-24,24.22755104369478,24.54598599650278,24.112561581362023,24.46637725830078,3603700
2015-09-25,24.63444281057472,24.67866914195962,24.36023584431028,24.44868850708008,849100
2015-09-28,24.218708378646497,24.254090794195427,23.95334701053525,24.068336486816406,1478900
2015-09-29,24.254092944035342,24.475227999437884,24.254092944035342,24.431001663208008,932000
2015-09-30,24.98825635353392,25.30669131066289,24.91749321718595,25.27130889892578,3377700
2015-10-01,25.12093730277396,25.129782905806643,24.890956685302896,25.0678653717041,2068900
2015-10-02,24.8909557319876,25.52782562893902,24.873266213725994,25.51898002624512,1058800
2015-10-05,25.890492014992898,26.21777094364688,25.872800806112537,26.18239021301269,4316100
2015-10-06,25.855103899998404,25.961249442764608,25.802031972178387,25.87279510498047,1373600
2015-10-07,26.076238814409404,26.208919477082475,26.014321284303715,26.15584754943848,1906600
2015-10-08,25.784344030175017,26.2000789642334,25.784344030175017,26.2000789642334,957200
2015-10-09,26.17354393005371,26.27084388924677,26.111626387704128,26.17354393005371,1510700
2015-10-12,25.978939828761828,26.00547494827224,25.81972236319493,25.837411880493164,559900
2015-10-13,25.59859194887004,25.75780944292102,25.53667440943385,25.563209533691406,748200
2015-10-14,25.731268974479043,25.79318650511519,25.56320590051937,25.64281463623047,1201000
2015-10-15,25.80203442090299,25.908179973742868,25.678199348528413,25.85510635375977,3690600
2015-10-16,26.040864590846105,26.25315404153046,25.978947045287327,26.19123649597168,1255600
2015-10-19,26.111624992165847,26.16469692746813,26.04086184938734,26.10277938842773,1130300
2015-10-20,26.02316819480525,26.147003261241128,26.02316819480525,26.12046813964844,429000
2015-10-21,25.996632632795382,26.076241375643704,25.85510635375977,25.85510635375977,766500
2015-10-22,26.06739885952221,26.430060203392404,26.049709337892505,26.41237068176269,864400
2015-10-23,26.385829291194487,26.483129235347587,26.297374949884965,26.430055618286133,1002200
2015-10-26,26.13816270545181,26.21777145985433,26.040864428947177,26.11162757873535,866300
2015-10-27,25.828565460068344,25.908174185129845,25.76664625058921,25.80202865600586,537700
2015-10-28,25.828570703394885,25.943560170090507,25.430526997282552,25.61627960205078,2653300
2015-10-29,25.4305283382516,25.474754669206703,25.324382781982425,25.324382781982425,1372500
2015-10-30,25.235927996048414,25.34207185625744,25.156319257328526,25.191699981689453,774700
2015-11-02,25.25361854744488,25.37745530558818,25.138629079661417,25.359764099121094,1350300
2015-11-03,25.28015620648525,25.52782804396662,25.156321131307752,25.448219299316406,1187000
2015-11-04,25.359764807884083,25.439373552084604,25.094403451966585,25.11209297180176,1465800
2015-11-05,24.95287696708945,24.95287696708945,24.81135067723484,24.84673309326172,1966100
2015-11-06,24.59906124245292,24.85557869726844,24.484071764618463,24.84673309326172,2395200
2015-11-09,24.351387160970457,24.404459089345785,24.07717854225785,24.12140655517578,4678200
2015-11-10,24.02410816300324,24.04179936931117,23.91796429940821,23.96219062805176,1448900
2015-11-11,24.13909918368957,24.20101671829941,23.93565368652344,23.93565368652344,951700
2015-11-12,23.971034140164125,24.03295166971441,23.838353478681206,23.8825798034668,889500
2015-11-13,23.82951083188664,23.90911957607554,23.67029334350884,23.79412841796875,4246000
2015-11-16,23.87373501507214,24.307159423828125,23.87373501507214,24.307159423828125,2355700
2015-11-17,24.139098261444325,24.18332458815416,23.988726388654182,24.05064392089844,1849300
2015-11-18,23.76759179047495,24.05948993831874,23.76759179047495,24.00641632080078,1352900
2015-11-19,24.121409690647464,24.201018437121657,24.094872879447266,24.112564086914062,1367900
2015-11-20,24.24524320454983,24.39561508406401,24.192171272699618,24.27178001403809,2183100
2015-11-23,24.165635035006737,24.17448063837879,23.944500012084458,23.99757194519043,1638600
2015-11-24,23.988725347481505,24.17447793615213,23.944497335565057,24.13909721374512,1855200
2015-11-25,24.11256450625257,24.1214101101398,23.979883822196943,24.068336486816406,1234900
2015-11-27,24.14794208983391,24.15678769256916,24.006415820322346,24.077178955078125,1712700
2015-11-30,24.201018011083367,24.324853086918147,24.13025486958829,24.289470672607425,2550500
2015-12-01,24.271783351666137,24.413309647478936,24.262937747287022,24.395618438720703,2129600
2015-12-02,24.192171845122893,24.201017448494945,23.96219121882856,23.99757194519043,2708700
2015-12-03,23.9091186718902,23.935653794198767,23.60837491346696,23.65260124206543,1942000
2015-12-04,23.63490737381355,23.979879109107944,23.61721785664228,23.92680549621582,2817100
2015-12-07,23.66144611926071,23.749900460870112,23.555300571904183,23.59068298339844,1790800
2015-12-08,23.369544301435035,23.422616223212245,23.25455485639675,23.36069869995117,1668900
2015-12-09,23.21033083061032,23.33416589837584,23.09534136584608,23.183794021606445,3318500
2015-12-10,23.404933471384293,23.51107904039212,23.3430159257658,23.396089553833008,1389100
2015-12-11,23.05111537446741,23.095343393356583,22.82998034140081,22.90074348449707,2724400
2015-12-14,23.148414866226148,23.378395498473925,23.113032451822008,23.33416748046875,2248700
2015-12-15,23.66144939412561,23.74990374797754,23.58184064437152,23.60837745666504,2420200
2015-12-16,23.7587456922402,24.11256136601913,23.696828160219663,24.077178955078125,1590600
2015-12-17,24.316007911403048,24.33369911886985,24.094872879447266,24.112564086914062,2915400
2015-12-18,23.997568994968727,24.15678646183905,23.97987947752568,24.08602333068848,4469800
2015-12-21,24.326622243192592,24.353355407714844,24.246424449235768,24.353355407714844,3401300
2015-12-22,24.148402037763184,24.32661800469734,24.0949374176439,24.28206443786621,3500400
2015-12-23,24.576124456213545,24.6652332969484,24.49592666951316,24.629589080810547,3142800
2015-12-24,24.540483501625307,24.683056976031608,24.5048392832188,24.567214965820312,1258200
2015-12-28,24.469191423774145,24.61176657657501,24.469191423774145,24.585033416748047,1276500
2015-12-29,24.6295867129579,24.6830530320245,24.50483536768838,24.53156852722168,2690400
2015-12-30,24.504839940787747,24.504839940787747,24.326622243192592,24.353355407714844,800500
2015-12-31,24.49592407569329,24.63849752592836,24.49592407569329,24.50483512878418,548800
2016-01-04,23.9434587361722,24.077121168793973,23.889992403435446,23.988012313842773,1826600
2016-01-05,24.130575782876964,24.27314921175821,24.09493327546132,24.21968460083008,2235300
2016-01-06,23.8988932393951,23.94344849762328,23.747408760637928,23.863250732421875,1450700
2016-01-07,23.29296392309554,23.47118162257969,23.06128159361012,23.105836868286133,2467500
2016-01-08,23.364248067105787,23.364248067105787,23.00781440734864,23.00781440734864,3325500
2016-01-11,23.30187007529523,23.35533469404749,23.061276741495675,23.24840545654297,1798200
2016-01-12,23.28405297257017,23.30187508252049,23.025639176730312,23.1414794921875,1603800
2016-01-13,23.30187195915862,23.34642722806228,22.865240521561137,22.936527252197266,3080100
2016-01-14,22.92761743205776,23.212764369944853,22.85633069758599,23.1236572265625,4845300
2016-01-15,22.482076462939,22.5533632023136,22.294949409434384,22.4375228881836,3126100
2016-01-19,22.615733038439203,22.615733038439203,22.241477328601697,22.428606033325195,1596700
2016-01-20,22.089994623840223,22.30385478753237,21.82266814451792,22.13454818725586,3341100
2016-01-21,22.11673099088936,22.214750891690827,21.911781834313448,22.01871109008789,2845100
2016-01-22,22.562267625701047,22.5979118347168,22.437516293364794,22.5979118347168,1790300
2016-01-25,22.59791739553327,22.59791739553327,22.223661606819523,22.26821517944336,1991800
2016-01-26,22.410788316644936,22.55336178644357,22.38405685331384,22.517719268798828,1270900
2016-01-27,22.490984784413147,22.615736138254807,22.16128429222884,22.321678161621094,2251100
2016-01-28,22.47316174634392,22.508805960028404,22.286034723329323,22.455341339111328,2353300
2016-01-29,22.86524177942041,23.20385504327704,22.86524177942041,23.150388717651367,3074900
2016-02-01,22.927614989084955,23.132564116402428,22.90979288246353,23.061277389526367,2236100
2016-02-02,22.68702152777209,22.68702152777209,22.3394989485522,22.410785675048828,1477600
2016-02-03,22.384057787064545,22.77613399556134,22.161286518760043,22.69593620300293,2939100
2016-02-04,22.695934374499352,22.829598484401284,22.562271964207174,22.7048454284668,2390100
2016-02-05,22.81177242945901,22.874148096828826,22.562268060370293,22.669198989868164,1527000
2016-02-08,22.482068899493,22.5355352107442,22.20583308979925,22.44642639160156,1558600
2016-02-09,21.88504898108129,22.19692909746664,21.867228571272623,22.05435562133789,1426100
2016-02-10,21.99198010059332,22.098909358675574,21.760297775268555,21.760297775268555,1909900
2016-02-11,21.083070991547977,21.21673340180048,20.95831963526028,21.109804153442383,1822900
2016-02-12,21.23455553090877,21.42168426513672,21.190001960650093,21.42168426513672,1023600
2016-02-16,21.38604132801144,21.38604132801144,21.270201018646382,21.35039710998535,1641100
2016-02-17,21.706831350660234,21.831582707973528,21.671187134508,21.79593849182129,1286100
2016-02-18,21.81375987834829,21.81375987834829,21.62663284856808,21.644454956054688,949300
2016-02-19,21.635545992102905,21.74247524813147,21.590990719082768,21.689010620117188,2647000
2016-02-22,21.90286560036983,22.10781470848152,21.858312037601017,22.09890365600586,1038800
2016-02-23,21.67118532091666,21.73356099435329,21.475147247314453,21.475147247314453,4277700
2016-02-24,21.296933286404588,21.564259832860834,21.19000402751003,21.46623992919922,1615500
2016-02-25,21.34148647898328,21.42168426513672,21.23455553090877,21.42168426513672,1720100
2016-02-26,21.430592096336127,21.430592096336127,21.172178347904776,21.18108940124512,1075300
2016-02-29,21.430591551895365,21.546433542767225,21.35039377347934,21.40386009216309,1795800
2016-03-01,22.1612813664114,22.46424865722656,22.143459261184187,22.46424865722656,3423900
2016-03-02,22.5979134019768,22.90088240118509,22.53553773148265,22.865238189697266,3968000
2016-03-03,22.954348228119684,23.070188522338867,22.90979296141258,23.070188522338867,4002300
2016-03-04,23.18602874711061,23.453353528518207,23.11474202542796,23.39097785949707,3271400
2016-03-07,23.17711873167009,23.399889959349032,23.132563466368552,23.24840545654297,1891200
2016-03-08,23.016723442306457,23.08801016800474,22.88306104407338,22.97216987609864,2530500
2016-03-09,23.21276306979584,23.3107829615581,23.1771205543612,23.2394962310791,1865200
2016-03-10,23.221672758440192,23.24840591815192,22.87415018023588,23.0167236328125,4484600
2016-03-11,23.20385301057215,23.471177816843024,23.20385301057215,23.44444465637207,2089800
2016-03-14,23.28405205152127,23.36424984351537,23.221676368772496,23.3018741607666,1156900
2016-03-15,22.883060885270066,22.95434761047364,22.82068521316814,22.95434761047364,1584900
2016-03-16,22.97217076679509,23.497911026557976,22.94543760626812,23.426624298095703,2012500
2016-03-17,23.27514160457765,23.471179698249703,23.239497387759204,23.41771507263184,1543400
2016-03-18,23.63157645992497,23.76523888047821,23.62266540527344,23.62266540527344,3660000
2016-03-21,23.872168038954825,24.01474150342288,23.85434593099388,23.970186233520508,1147800
2016-03-22,23.809789657592773,23.96127416965676,23.809789657592773,23.809789657592773,1056400
2016-03-23,23.87216692328588,23.90780943793225,23.69394925122496,23.774147033691406,1935900
2016-03-24,23.59592730973285,23.765233913506883,23.569195850975056,23.756322860717773,1224400
2016-03-28,23.649396924965007,23.76523722816119,23.62266376286907,23.67612838745117,1687100
2016-03-29,23.569192826553163,23.87216178406751,23.515726516679347,23.863250732421875,870000
2016-03-30,24.059293826242307,24.18404517628106,24.059293826242307,24.068204879760746,2089500
2016-03-31,24.1216701645323,24.237512163847587,24.103848057005376,24.16622543334961,1506500
2016-04-01,23.75632300135568,24.16622293403371,23.6493937664724,24.07711410522461,1214100
2016-04-04,24.112760043222103,24.175135722368715,23.996919739036933,24.03256225585937,746400
2016-04-05,23.560285408652312,23.640483186222763,23.46226552504185,23.542463302612305,1607200
2016-04-06,23.506816479957507,23.75632083797989,23.408798306842144,23.720678329467773,1627500
2016-04-07,23.38207303485911,23.399895144929232,23.079103962106924,23.1593017578125,2068000
2016-04-08,23.49791396324548,23.49791396324548,23.23058742339516,23.3018741607666,2283200
2016-04-11,23.702858243592644,23.827609583421125,23.69394719080353,23.756322860717773,866000
2016-04-12,23.934546501805738,24.14840672338878,23.84543765124365,24.094942092895508,1207300
2016-04-13,24.21077632050339,24.415725435529723,24.21077632050339,24.362260818481445,1450400
2016-04-14,24.38899790247925,24.48701609957658,24.371175794058,24.39790725708008,2131000
2016-04-15,24.442461092919057,24.513747822808472,24.38899647040441,24.451372146606445,2453600
2016-04-18,24.415730436812385,24.5939481296252,24.40681938221076,24.567214965820312,1883800
2016-04-19,24.78107723067884,24.96820599359793,24.772166175338874,24.89691925048828,2024400
2016-04-20,24.549389203645426,24.73651792321494,24.531568796703738,24.585033416748047,3737600
2016-04-21,24.45137305111433,24.460284105131365,24.290977478027344,24.290977478027344,1686000
2016-04-22,24.326615899755684,24.397902620282952,24.219686668769523,24.23750877380371,1891700
2016-04-25,24.13948977550812,24.16622293403371,24.041469893857155,24.07711410522461,1582700
2016-04-26,24.49592466282096,24.593944549560547,24.433548989299275,24.593944549560547,1503100
2016-04-27,24.57612131966913,24.807803596167243,24.495923543204043,24.72760581970215,1917000
2016-04-28,24.21077693177541,24.32661722157299,24.1305791543734,24.148401260375977,1730100
2016-04-29,24.121667782009283,24.19295450546619,23.99691644086208,24.112756729125977,2549300
2016-05-02,24.121673997310765,24.192960739135746,24.068209365844528,24.192960739135746,1815400
2016-05-03,23.952364343673125,23.952364343673125,23.67612846620205,23.685039520263672,1979800
2016-05-04,23.72068096379321,23.76523452928365,23.48008763108185,23.542463302612305,2826900
2016-05-05,23.73850440979004,23.8008800893073,23.66721767611177,23.73850440979004,2103400
2016-05-06,23.76524012937892,23.898902556956333,23.74741801913927,23.83652687072754,1388200
2016-05-09,24.08603007369358,24.11276153806515,23.93454554368507,23.96127700805664,2633400
2016-05-10,24.07711322771499,24.23750877380371,24.07711322771499,24.23750877380371,1748000
2016-05-11,24.16622269296623,24.21077625712157,24.05038070678711,24.05038070678711,1423600
2016-05-12,24.18404924384764,24.27315809440973,24.04147576279228,24.094942092895508,1592300
2016-05-13,23.92562698369844,23.99691369901024,23.622658018720976,23.649391174316406,893700
2016-05-16,24.03255467117068,24.10384138192721,23.979090063005582,24.01473426818848,1490200
2016-05-17,24.03256589151335,24.12167474646456,23.90781451434769,23.988012313842773,877300
2016-05-18,23.889989668761963,24.103849876398364,23.72068473330597,23.845436096191406,1708400
2016-05-19,23.39989307067212,23.453357696533203,23.30187317358528,23.453357696533203,1324100
2016-05-20,23.49791097731398,23.533553491665582,23.390980035039828,23.44444465637207,1225300
2016-05-23,23.27513920393041,23.382068444137243,23.26622815064491,23.337514877319336,989500
2016-05-24,23.33751739056588,23.48009085926865,23.319695282075585,23.453357696533203,1574100
2016-05-25,23.92563118594912,24.094937801904823,23.898898025658333,24.04147148132324,1053100
2016-05-26,24.424640918298586,24.50483870822155,24.362265237160685,24.478105545043945,652500
2016-05-27,24.72760981903103,24.84345012621078,24.72760981903103,24.77216339111328,2166200
2016-05-31,24.71869784245373,24.772162466879667,24.620677947998047,24.620677947998047,2119700
2016-06-01,24.593946956892403,24.7008762077934,24.53157127726519,24.674144744873047,2735500
2016-06-02,24.691959113375045,24.977107678446423,24.691959113375045,24.941463470458984,2465800
2016-06-03,24.896912753431582,25.11077292695194,24.87017959438795,25.09295082092285,3299800
2016-06-06,24.9236459991816,25.12859683398613,24.90582559148487,25.05731010437012,2639700
2016-06-07,25.05731276941411,25.235528762603984,25.04840171481313,25.190975189208984,1943900
2016-06-08,25.199883280735985,25.36027714586434,25.1909722271828,25.333545684814453,2112000
2016-06-09,24.861265702096624,24.977107678446423,24.834534245715428,24.941463470458984,1373200
2016-06-10,24.70087573444184,24.80780668290347,24.567213323572112,24.620677947998047,1053300
2016-06-13,24.433547541082326,24.54938782795518,24.344438712928845,24.362260818481445,956600
2016-06-14,24.39790898230867,24.45137531135317,24.23751509400494,24.353355407714844,3304600
2016-06-15,24.77216339111328,24.923647915646693,24.674145192610364,24.77216339111328,4406700
2016-06-16,24.44246004260375,24.66523127638671,24.3087976422559,24.593944549560547,2051500
2016-06-17,24.64740753173828,24.67414068987505,24.540478298410257,24.64740753173828,893900
2016-06-20,24.816714809355503,24.888001533383854,24.68305241425353,24.74542808532715,1442900
2016-06-21,24.71869492646293,24.80780375640076,24.567210425451485,24.74542808532715,2153100
2016-06-22,24.78935643084889,24.81625327441801,24.619013174943404,24.6638412475586,1326300
2016-06-23,24.9238410984682,25.18383882995656,24.870049112994067,25.130046844482425,2070100
2016-06-24,24.099022958895368,24.42177828794841,23.901784541149823,23.98247337341309,3290800
2016-06-27,24.02729449702106,24.09901769781752,23.758332921538344,23.946605682373047,2105100
2016-06-28,24.30522600021971,24.439706802368164,24.21557156211536,24.439706802368164,1994900
2016-06-29,24.753496796235105,24.914874444876645,24.663842356988003,24.887977600097656,2043400
2016-06-30,24.932807315993653,25.07625375406353,24.78936087792378,25.03142738342285,2766900
2016-07-01,25.246595612198902,25.399007657777467,25.165906781597524,25.35418128967285,1272500
2016-07-05,25.21969935580117,25.264527434971697,25.0045297058318,25.0224609375,1461700
2016-07-06,24.96866611852839,25.11211253555992,24.852114835930163,25.076250076293945,2323900
2016-07-07,25.13901428494336,25.210737507453214,24.986602223357853,25.067289352416992,1473200
2016-07-08,25.255562219552207,25.53348947475035,25.237630987599708,25.51555824279785,1696600
2016-07-11,25.73969313251149,25.83831319677926,25.721763610839844,25.721763610839844,1656100
2016-07-12,25.88314153187657,26.035553582698764,25.82038222034805,25.93693351745605,1869400
2016-07-13,25.93693210288797,25.93693210288797,25.78452006037814,25.90106964111328,1661500
2016-07-14,26.008654950678007,26.178998221679755,25.95486296878872,26.10727500915528,1931000
2016-07-15,25.96382793194682,25.96382793194682,25.79348636402104,25.865209579467773,2338700
2016-07-18,25.623144644925496,25.82038307189941,25.623144644925496,25.82038307189941,675900
2016-07-19,25.730727214715102,25.802450425842565,25.730727214715102,25.78451919555664,1344400
2016-07-20,25.81141320189624,25.8831364051346,25.730724384501062,25.838308334350582,1196700
2016-07-21,25.775557173575656,25.775557173575656,25.63211073132404,25.676937103271484,1500500
2016-07-22,25.927966964354884,26.01762141042438,25.84727813389397,25.99072456359864,919400
2016-07-25,26.116243926523666,26.125209543561887,25.954867949885514,26.03555679321289,1097200
2016-07-26,25.93693009160095,26.02658452906909,25.85624126888124,25.96382522583008,1071800
2016-07-27,26.187965725236,26.31348264691221,26.06245051357629,26.2327938079834,2239900
2016-07-28,26.367275371624288,26.44796421280365,26.27762091364537,26.41210174560547,2051600
2016-07-29,26.421061292220507,26.52864695908093,26.32244295011596,26.49278450012207,3876300
2016-08-01,26.492782297547944,26.573471113480863,26.34933589367076,26.40312957763672,2553900
2016-08-02,26.49278828740952,26.51071951945232,26.241757878875976,26.385204315185547,1952500
2016-08-03,26.026587268231207,26.331411361694336,26.00865603684717,26.331411361694336,1411400
2016-08-04,26.24175942453288,26.349343403093616,26.19693134178548,26.2327938079834,1350100
2016-08-05,26.546579257338845,26.609336853027344,26.49278556673479,26.609336853027344,1480100
2016-08-08,26.59140562282599,26.68106006381652,26.58244000772532,26.609336853027344,1972500
2016-08-09,26.582440837428138,26.66312966583649,26.56450960666711,26.618303298950195,1332700
2016-08-10,26.38520025920799,26.38520025920799,26.18796015709011,26.27761459350586,1256600
2016-08-11,26.31348063314241,26.5555471314035,26.30451501727907,26.52865028381348,3001700
2016-08-12,26.528651002967088,26.716923811151933,26.528651002967088,26.60037422180176,1621800
2016-08-15,26.64520072937012,26.72588956472621,26.627271207081545,26.64520072937012,2658400
2016-08-16,26.4927872059366,26.4927872059366,26.34934077548272,26.39416885375977,1339900
2016-08-17,26.33140876677352,26.430027109634302,26.178996735061933,26.36726951599121,1342700
2016-08-18,26.43899500766247,26.528649453473346,26.39416863976519,26.519683837890625,889000
2016-08-19,26.35830677634237,26.44796122419036,26.25072280693788,26.42106437683105,902000
2016-08-22,26.071413623518584,26.143136839002164,25.999690408035004,26.09831047058105,1230100
2016-08-23,26.27762104559584,26.30451789612954,26.10727945559876,26.11624336242676,1109400
2016-08-24,26.25072242330588,26.43899522202048,26.214859960684244,26.39416885375977,1938900
2016-08-25,26.16106453760628,26.187959671020508,26.071410102854585,26.187959671020508,1133700
2016-08-26,26.178995475041805,26.28657942753294,25.76658576378288,25.972789764404297,4200500
2016-08-29,26.080381633841743,26.295551300048828,26.05348478430967,26.295551300048828,1500000
2016-08-30,26.60933672000833,26.64519747021553,26.39416708871643,26.43899345397949,2015500
2016-08-31,26.45692648507905,26.627269762703573,26.430029638080548,26.501752853393555,2642900
2016-09-01,26.501754290962943,26.68106319398013,26.42106545560686,26.64520072937012,1362600
2016-09-02,26.91415874615328,27.03967392736268,26.87829628865568,27.03070831298828,3554700
2016-09-06,27.27278089851147,27.470019329014164,27.21898891019555,27.41622734069824,3139900
2016-09-07,27.32656895281906,27.32656895281906,27.17415691618521,27.245880126953125,3777000
2016-09-08,27.21001909182535,27.27277668683849,27.093467806787054,27.156227111816406,1863300
2016-09-09,26.779681776860706,26.79761129815519,26.39416885375977,26.39416885375977,2494500
2016-09-12,26.295550249504693,26.7169239485737,26.295550249504693,26.64520072937012,2277000
2016-09-13,26.313479031411124,26.412097379872115,26.03555179663079,26.10727500915528,3506300
2016-09-14,26.29554889892628,26.46589217704187,26.268652051850232,26.331411361694336,2930500
2016-09-15,26.456923163107405,26.663127167488973,26.34037188409791,26.59140396118164,2094600
2016-09-16,26.43899032359801,26.45692155158666,26.27761269173217,26.40312957763672,2524700
2016-09-19,26.55554557393623,26.618303171282545,26.403133533231056,26.447959899902344,3299300
2016-09-20,26.483820798485105,26.58243914134589,26.36726951599121,26.36726951599121,2793300
2016-09-21,26.492788785643366,26.86037049935158,26.322447208082497,26.81554412841797,6081800
2016-09-22,26.97691989773599,27.08450386439777,26.93209352996296,27.048643112182617,2315100
2016-09-23,26.833473915134423,26.842439530841407,26.672096252441406,26.672096252441406,1093900
2016-09-26,26.51071951945232,26.546581983537912,26.376238699164148,26.385204315185547,2086400
2016-09-27,26.5824373687274,26.5824373687274,26.385198986142257,26.53761100769043,2555900
2016-09-28,26.681059989363305,26.932092081433023,26.60933677877427,26.90519523620605,1647800
2016-09-29,26.14313766444213,26.152103280412696,25.838313561508347,25.874176025390625,3257000
2016-09-30,26.27761507792272,26.438992724442773,26.27761507792272,26.36726951599121,1666700
2016-10-03,26.618302637046817,26.896229866866555,26.618302637046817,26.887264251708984,2181700
2016-10-04,26.93209111050913,26.994848703760045,26.67209341273688,26.72588539123535,3254800
2016-10-05,26.779683373674366,26.905198580301622,26.761752141294348,26.81554412841797,2316600
2016-10-06,26.5824394154901,26.752782678575368,26.53761305100165,26.70795631408692,1525800
2016-10-07,26.734854436456377,26.74382005235924,26.546581632545514,26.698993682861328,2200100
2016-10-10,26.77071502406444,26.86933337205226,26.707957427158668,26.806575775146484,2647700
2016-10-11,26.54657662190104,26.591402982938,26.43899096138983,26.53761100769043,2155100
2016-10-12,26.46588936591909,26.56450770802364,26.421061292220507,26.49278450012207,1278900
2016-10-13,26.008655916619464,26.268651930420656,25.94589831708181,26.161067962646484,2313700
2016-10-14,26.295548777372368,26.358306376910026,26.15210234699592,26.161067962646484,1553800
2016-10-17,26.00865648701993,26.06244847208674,25.91003642271714,25.954864501953125,2487400
2016-10-18,26.49278425530541,26.555543557903466,26.394165914112182,26.51071548461914,1526200
2016-10-19,26.492787237727388,26.5914073000389,26.45692648507905,26.501752853393555,1389100
2016-10-20,26.528648727923688,26.609337555945032,26.43002866922732,26.447959899902344,1272100
2016-10-21,26.41209743855229,26.4838223612524,26.34933984120597,26.447959899902344,696000
2016-10-24,26.492786851376792,26.51968369798305,26.403134116055213,26.474857330322266,705900
2016-10-25,26.42106149482584,26.4927847032774,26.34933828637428,26.36726951599121,1610600
2016-10-26,26.196928962544323,26.22382580974996,26.06244814654888,26.14313697814941,1242300
2016-10-27,26.16107012328442,26.1790013560665,25.901072377993728,25.91003799438477,1851300
2016-10-28,26.187962976938465,26.187962976938465,25.90107011752913,25.99072456359864,2307800
2016-10-31,25.96383185690713,26.098314402463828,25.954867949885514,26.03555679321289,1822400
2016-11-01,26.07141697064608,26.10727943800017,25.84728167973267,26.00865936279297,2437900
2016-11-02,25.802451130152868,25.85624311246272,25.54245341395872,25.62314224243164,2958000
2016-11-03,25.632108935386626,25.67693530419328,25.470731271656504,25.614177703857425,3429100
2016-11-04,25.291417191016382,25.3721060063382,25.13900688431519,25.174867630004883,2706200
2016-11-07,25.5065950539901,25.85624553681273,25.5065950539901,25.82038307189941,3767600
2016-11-08,25.685899925876264,25.8293463525256,25.282457492181123,25.32728385925293,5771300
2016-11-09,25.192804453192327,25.40797410516777,24.995564323035875,25.363147735595703,5552000
2016-11-10,25.23763119816157,25.282459278416827,24.672811067076648,24.92384147644043,6456000
2016-11-11,24.269364626038094,24.278330241250995,23.722474068164964,23.794198989868164,9017000
2016-11-14,23.883852942873222,23.973507389568976,23.695580143826845,23.830060958862305,2553700
2016-11-15,23.596960550829515,23.973507866428555,23.58799493497997,23.919715881347656,4611900
2016-11-16,23.6597145306249,23.71350821748901,23.50730250454213,23.56109619140625,3776500
2016-11-17,23.67764840412044,23.740406002455146,23.57006443840845,23.632822036743164,4523400
2016-11-18,23.632819005021403,23.686610980976724,23.40868377685547,23.40868377685547,4298200
2016-11-21,23.22041606084052,23.28317366940772,23.157658452273328,23.166624069213867,3039000
2016-11-22,23.363862991333008,23.40869107695568,23.27420853010429,23.363862991333008,2863900
2016-11-23,23.22938333895129,23.247314574114665,23.12179934800448,23.18455696105957,1854100
2016-11-25,23.65074930358746,23.803161332167,23.65074930358746,23.71350860595703,1170600
2016-11-28,23.7852345905226,23.83902657453352,23.74040651216655,23.830060958862305,2745700
2016-11-29,23.83005977770364,23.937645450409235,23.80316293202318,23.90178298950196,2050400
2016-11-30,24.224535328977844,24.224535328977844,24.099018441200226,24.14384651184082,5510900
2016-12-01,24.14385584270152,24.14385584270152,23.92868615051832,24.03627014160156,2215600
2016-12-02,23.794198989868164,23.946609318438707,23.758336529016564,23.794198989868164,3435200
2016-12-05,24.00040054321289,24.045226904654367,23.928677338896883,24.00040054321289,2021000
2016-12-06,24.18867385084128,24.224536308804304,24.13488187391285,24.19763946533203,3030500
2016-12-07,24.28729394436472,24.430740356445312,24.215570738324423,24.430740356445312,2350700
2016-12-08,24.71763444648516,24.71763444648516,24.61005048692301,24.69970321655273,2270200
2016-12-09,24.56522022323068,24.64590904072069,24.529359476577373,24.610048294067383,1628900
2016-12-12,24.43074452890806,24.466606993061124,24.30522932440516,24.35005569458008,1225600
2016-12-13,24.34108912282372,24.53832924788839,24.34108912282372,24.52936363220215,1523600
2016-12-14,24.33212661621164,24.52936676647897,23.964544876189056,23.99144172668457,4500600
2016-12-15,24.1169548034668,24.20660925381756,24.04523158518948,24.1169548034668,2303900
2016-12-16,24.1259205300072,24.17971251645747,24.02730046316802,24.054197311401367,2066700
2016-12-19,24.0272996033816,24.05419645065248,23.901784402816894,23.937646865844727,1782400
2016-12-20,23.830058949189542,23.91074777340932,23.812127719359328,23.8928165435791,1479800
2016-12-21,23.896415716663515,23.896415716663515,23.73458869883232,23.76156044006348,2094000
2016-12-22,23.43790626525879,23.50982919333702,23.33901159610952,23.43790626525879,2405300
2016-12-23,23.437903192320164,23.50083553179034,23.41093316956303,23.473865509033203,2756600
2016-12-27,23.59074273154506,23.653675079345703,23.43790629483869,23.653675079345703,1976200
2016-12-28,23.590742696354425,23.590742696354425,23.46487800094089,23.57276153564453,3757700
2016-12-29,23.743579307535448,23.97732925415039,23.743579307535448,23.97732925415039,1929300
2016-12-30,24.09420651618327,24.130168842563467,24.02228357820098,24.10319709777832,8110100
2017-01-03,24.08521015548864,24.21107482910156,24.02227610390461,24.21107482910156,6714300
2017-01-04,24.28299776263438,24.363911257096017,24.2380448686126,24.345930099487305,3286200
2017-01-05,24.58867143934952,24.67857551574707,24.53472967942204,24.67857551574707,2464700
2017-01-06,24.43583425356496,24.43583425356496,24.32794902233346,24.372901916503903,1899400
2017-01-09,24.372906945507303,24.38189752619647,24.283002853393555,24.283002853393555,2181400
2017-01-10,24.40886380885903,24.516749045800164,24.40886380885903,24.44482612609864,1951500
2017-01-11,24.5706902941638,24.822421365255103,24.5706902941638,24.81343078613281,3744100
2017-01-12,24.85838384036617,24.894346159565565,24.75949089212335,24.867374420166016,2249300
2017-01-13,24.77747033694529,24.867374420166016,24.732519152723803,24.867374420166016,2569200
2017-01-17,24.885354323869272,24.885354323869272,24.7325179045406,24.74150848388672,2502300
2017-01-18,24.903337286083897,24.93030731129777,24.741510275689446,24.76848030090332,3228600
2017-01-19,24.876364959539472,24.876364959539472,24.69655679339021,24.786460876464844,2347000
2017-01-20,24.6066549667152,24.6336249918868,24.52574146164481,24.552711486816406,1701300
2017-01-23,24.678579862963367,24.876367494056844,24.678579862963367,24.849395751953125,2710000
2017-01-24,25.02920278962649,25.128097458031007,24.9752610226685,25.10112571716309,2966800
2017-01-25,25.37083443402632,25.54165201762813,25.32588325060476,25.53266143798828,5878700
2017-01-26,25.496702667163373,25.496702667163373,25.334875651567668,25.37083625793457,3879900
2017-01-27,25.48771032750049,25.49670090716608,25.388815665956805,25.42477798461914,2419700
2017-01-30,25.48771340300664,25.5506457534818,25.397809310280145,25.52367401123047,2837700
2017-01-31,25.33487328637723,25.496700286865234,25.307901548036664,25.496700286865234,2834400
2017-02-01,25.89227676228407,25.910257922058648,25.67650798932244,25.75742149353028,6845300
2017-02-02,25.9911740805965,26.01814582301284,25.856318798070703,25.928241729736328,4208300
2017-02-03,26.036121411628645,26.11703491210937,25.99117022904055,26.11703491210937,2308200
2017-02-06,26.11703308524452,26.17996713715445,26.09006306348927,26.144004821777344,2199700
2017-02-07,26.054108373385827,26.054108373385827,25.97319485488392,26.009157180786133,1932800
2017-02-08,26.17996963618338,26.305834322462584,26.12602615796851,26.260881423950195,3403900
2017-02-09,26.413719177246094,26.467662658172888,26.38674915156053,26.413719177246094,2803400
2017-02-10,26.404730348832416,26.494632720947266,26.323816842106787,26.494632720947266,1993200
2017-02-13,26.431700337555025,26.44968149786396,26.350786830942667,26.413719177246094,1856600
2017-02-14,26.36876736899105,26.39573910881796,26.22492151946979,26.350786209106445,1480100
2017-02-15,26.072086410052613,26.15299991885225,26.05410524925761,26.09905815124512,3128600
2017-02-16,26.28785577606053,26.350788125455583,26.2069422654732,26.215932846069336,4081200
2017-02-17,26.215932921220205,26.26987469017375,26.188961179354475,26.242904663085938,2753800
2017-02-21,26.57554315859732,26.665447235107425,26.53059197773108,26.665447235107425,3460300
2017-02-22,26.62049931845044,26.6474693443662,26.55756697160988,26.62948989868164,2520100
2017-02-23,26.818289537163693,26.8632407278964,26.755357184226707,26.854251861572266,2254800
2017-02-24,26.638478764135,26.6924222455222,26.59352757775684,26.62948989868164,1828800
2017-02-27,26.683432871897512,26.728384060308333,26.62949110284894,26.67444229125977,1679200
2017-02-28,26.71040289903284,26.8362693131834,26.5845381996602,26.67444229125977,4029300
2017-03-01,26.89020792271752,27.10597668833757,26.86323618397337,27.087995529174805,6323100
2017-03-02,26.69242017646798,26.76434309796466,26.575544357299805,26.575544357299805,3469900
2017-03-03,26.75535462512431,26.87222873871734,26.72838288439768,26.845258712768555,3535600
2017-03-06,26.95314162037077,26.95314162037077,26.83626750949111,26.91718101501465,2710000
2017-03-07,26.89020853632951,26.935159720484457,26.84525735217456,26.88121795654297,2517000
2017-03-08,26.75535580222158,26.76434638285933,26.67444229125977,26.67444229125977,2471400
2017-03-09,26.782328927533133,26.881221890100683,26.72838544092028,26.854251861572266,3621600
2017-03-10,26.863238696653543,27.016075134277344,26.836268670164447,27.016075134277344,2531300
2017-03-13,27.7083296525774,27.75328254699707,27.600446135525367,27.75328254699707,4905300
2017-03-14,27.708334671671267,27.74429699372123,27.62742116183676,27.66338348388672,3814400
2017-03-15,27.744294548775024,28.202803825838814,27.67237162579116,28.166841506958008,6322100
2017-03-16,28.17583212361961,28.21179272776982,28.07693746134548,28.11289978027344,2737300
2017-03-17,28.06795070459446,28.0949224474641,27.96905774362841,27.97804832458496,3139400
2017-03-20,28.02299368403085,28.175830098936515,27.969051924292863,28.139867782592773,2525100
2017-03-21,28.031989380541138,28.05895940794488,27.6723747253418,27.6723747253418,4882400
2017-03-22,27.5914605882448,27.780257634903847,27.5914605882448,27.74429702758789,2855800
2017-03-23,27.807228784990752,27.96006522108288,27.753287017775254,27.89713287353516,2327600
2017-03-24,27.8521785736084,27.9241014978776,27.80722738898181,27.8521785736084,2639900
2017-03-27,27.81622129692309,27.987037190763523,27.780258973096903,27.97804832458496,2623300
2017-03-28,28.0409780608743,28.193814493323224,28.0409780608743,28.15785217285156,1701600
2017-03-29,28.283717635109824,28.40958404541016,28.23876644807405,28.40958404541016,3360700
2017-03-30,28.27472993577379,28.41857579795493,28.22078645137241,28.37362289428711,2718800
2017-03-31,28.301701252353,28.44554712108639,28.29271067120992,28.310691833496094,2478500
2017-04-03,28.499484946508364,28.62534962795249,28.4275620264292,28.60736846923828,3208900
2017-04-04,28.49049937809077,28.55343172988145,28.40059528348496,28.51746940612793,1539400
2017-04-05,28.643333873016967,28.67929447954251,28.427565089530137,28.436553955078125,2720000
2017-04-06,28.69727263634013,28.78717671541017,28.679291477570587,28.769195556640625,4517300
2017-04-07,28.6613095797231,28.814145995767728,28.6613095797231,28.733232498168945,3550700
2017-04-10,28.607372325888,28.625353487026302,28.49948878861396,28.553430557250977,1752000
2017-04-11,28.742226898495943,28.742226898495943,28.472516347161395,28.59838104248047,2401300
2017-04-12,28.544441781617984,28.544441781617984,28.35564472206136,28.44554710388184,5299900
2017-04-13,28.49049563753436,28.49948621729235,28.2477551284018,28.27472686767578,4551300
2017-04-17,28.373619200328367,28.49948559943378,28.283715119475275,28.481504440307617,1947300
2017-04-18,28.15785217468771,28.16684275480621,28.005015742228817,28.02299690246582,3326200
2017-04-19,28.049969890432923,28.19381574917132,27.978046961063725,28.01400756835937,2682400
2017-04-20,28.30169486999512,28.310685449110725,28.14885845458501,28.30169486999512,2033400
2017-04-21,28.13987027242285,28.13987027242285,27.969054399009064,27.98703384399414,3905300
2017-04-24,28.3916066734868,28.571414875180672,28.3916066734868,28.544443130493164,4550700
2017-04-25,28.859102398500603,28.94001591073982,28.76920002025965,28.91304588317871,4282300
2017-04-26,28.97597577502571,29.11083276049939,28.966986909786748,29.011938095092773,2321700
2017-04-27,28.940013378063604,28.940013378063604,28.85011100769043,28.85011100769043,2711800
2017-04-28,28.823140513890564,28.859099403721867,28.733234715423457,28.841121673583984,1988600
2017-05-01,28.850112797832715,28.92203401268283,28.84112393205988,28.87708282470703,1347400
2017-05-02,29.02092567816646,29.07486915588379,28.93102331152636,29.07486915588379,2987400
2017-05-03,28.931024512848523,28.95799453804936,28.84112214247535,28.85011100769043,2196300
2017-05-04,28.993959482415605,29.03891067167096,28.79617013422496,28.80516242980957,4002200
2017-05-05,28.6972738418624,28.81414794921875,28.56241857498115,28.81414794921875,1565200
2017-05-08,28.80516044889384,28.83213047468116,28.63434285487021,28.6433334350586,2088300
2017-05-09,28.67929586447424,28.796169984798464,28.670305283714235,28.751218795776367,3329900
2017-05-10,29.03890687914049,29.15578269958496,28.96698567163613,29.15578269958496,3091100
2017-05-11,29.164778366549616,29.23670302038444,29.074875978812347,29.22771072387696,2268500
2017-05-12,29.182752183120183,29.272657977779524,29.101838682704475,29.254676818847656,1581800
2017-05-15,29.39852337201632,29.47943687438965,29.299628710276075,29.47943687438965,2794400
2017-05-16,29.4974179607024,29.614290351964616,29.4974179607024,29.58732032775879,3241400
2017-05-17,29.44347257644877,29.44347257644877,29.12881088256836,29.12881088256836,3370500
2017-05-18,28.742223236189,28.850108471842905,28.55342621726673,28.78717613220215,4405100
2017-05-19,28.82314021035942,29.002944946289062,28.82314021035942,29.002944946289062,2880400
2017-05-22,28.86809216767618,28.90405448764769,28.80515982250384,28.85011100769043,1959400
2017-05-23,28.51746699319264,28.51746699319264,28.40958346061636,28.42756462097168,3358800
2017-05-24,28.35564095827765,28.53544741283003,28.35564095827765,28.526456832885746,1770800
2017-05-25,28.787174967969094,28.87707732680419,28.69727089435641,28.823137283325195,2989400
2017-05-26,29.11982033920384,29.15578265768206,29.02991797256374,29.07486915588379,3792300
2017-05-30,29.182757306013205,29.27266311645508,29.14679498183645,29.27266311645508,2288700
2017-05-31,29.28164922069501,29.31761154147957,29.21871687409987,29.26366806030273,2968300
2017-06-01,29.344580514863484,29.542369842529297,29.263667010777976,29.542369842529297,3237800
2017-06-02,29.61429109156697,29.62328338623047,29.51539985715737,29.62328338623047,1894100
2017-06-05,29.66822825888753,29.70419057077935,29.62327708380019,29.641258239746094,1750100
2017-06-06,29.54237280397575,29.59631285906956,29.50641048087595,29.53338050842285,2107500
2017-06-07,29.605300161883623,29.61428902636472,29.47044318778006,29.56933784484864,2381800
2017-06-08,29.5603510418082,29.65025341110986,29.5603510418082,29.62328338623047,2038300
2017-06-09,29.59630479897292,29.605297092076903,29.35356775804468,29.41650009155273,2159400
2017-06-12,29.46145922857714,29.46145922857714,29.308621070508806,29.371553421020508,2795600
2017-06-13,29.46145486094081,29.49741717863208,29.39852251975877,29.470443725585938,2114400
2017-06-14,29.650256611794525,29.74016242035689,29.506410747650666,29.56035423278809,3202600
2017-06-15,29.2456824568396,29.35356940280285,29.128810076378805,29.20073127746582,2694800
2017-06-16,29.28164937336388,29.326600559801108,29.12881465356615,29.317611694335938,3078600
2017-06-19,29.48842488443157,29.49741717863208,29.39852251975877,29.470443725585938,1451800
2017-06-20,29.45691246276497,29.45691246276497,29.23129272460937,29.23129272460937,1962600
2017-06-21,29.43886522488636,29.44789194316016,29.28544544107494,29.33959197998047,1520500
2017-06-22,29.24031944203864,29.3486159524018,29.213242732434846,29.23129272460937,2740500
2017-06-23,28.996646166871617,29.222265877445228,28.996646166871617,29.0507926940918,1001000
2017-06-26,29.321545428801503,29.348618698254267,29.231295459485096,29.33959197998047,1852700
2017-06-27,28.96957389289736,28.978600610604182,28.83420411145188,28.84322738647461,2658900
2017-06-28,28.87030400546494,29.03274878517569,28.834205739309933,29.023725509643555,2345200
2017-06-29,28.951525116867067,28.951525116867067,28.58150717972891,28.6807804107666,5327400
2017-06-30,28.888352630440263,29.032749139506883,28.888352630440263,28.969575881958008,3841900
2017-07-03,28.9695665899214,29.321536195393,28.9695665899214,29.24933624267578,1648500
2017-07-05,29.222266951270985,29.4659366607666,29.222266951270985,29.4659366607666,2883600
2017-07-06,29.37568545206652,29.456908685093502,29.29446221903953,29.3215389251709,2265200
2017-07-07,29.45691756427025,29.520090826479777,29.348621035151712,29.438867568969727,2711200
2017-07-10,29.736683403690595,29.98035314406888,29.736683403690595,29.935226440429688,3751300
2017-07-11,29.92620161857285,29.96230160254472,29.80887839200625,29.90815162658692,1813900
2017-07-12,30.187915166566672,30.350361618544724,30.187915166566672,30.332311630249023,3407000
2017-07-13,30.3774379988278,30.413537979125977,30.296214764498703,30.413537979125977,2815200
2017-07-14,30.621104445974208,30.657204422433995,30.52183123205141,30.6391544342041,1834400
2017-07-17,30.63915890487964,30.63915890487964,30.494762420654297,30.494762420654297,1919300
2017-07-18,30.37743603984589,30.37743603984589,30.269139548618792,30.35036277770996,2883300
2017-07-19,30.594037649413963,30.66623417490524,30.557937665326342,30.62111091613769,2598300
2017-07-20,30.56695778140292,30.59403448801268,30.413538028909944,30.47671127319336,2974100
2017-07-21,30.52183568560788,30.55793566733515,30.476712429790663,30.494762420654297,1568400
2017-07-24,30.63013012158597,30.774526596069336,30.58500686881309,30.774526596069336,3363300
2017-07-25,30.837698283220856,30.846724998930288,30.72940179349104,30.74745178222656,1639200
2017-07-26,30.89185271837253,31.099422454833984,30.89185271837253,31.099422454833984,2523800
2017-07-27,30.95501923160399,31.04526916870113,30.702326293098164,30.80159950256348,3807900
2017-07-28,30.95502471923828,31.03624795568324,30.90990146403191,30.95502471923828,2305900
2017-07-31,31.144538364015126,31.144538364015126,30.955018663613235,31.00916862487793,1910200
2017-08-01,31.23479430714463,31.325040817260746,31.1625943449048,31.325040817260746,2555300
2017-08-02,31.325040817260746,31.37919078894062,31.225767590522807,31.325040817260746,2593400
2017-08-03,31.24381252074912,31.27088922354548,31.12649276513634,31.20771598815918,1694900
2017-08-04,31.42431907661028,31.49651905041296,31.35212254549184,31.43334579467773,2821100
2017-08-07,31.406263301478504,31.424313291606293,31.33406678365096,31.343090057373047,1021000
2017-08-08,31.189669352969,31.25284259514553,31.10844612121582,31.10844612121582,1734300
2017-08-09,30.70232877819684,30.77452529103518,30.594032287597656,30.594032287597656,2927100
2017-08-10,30.29621382582852,30.38646033109424,29.7186279296875,29.7186279296875,5300800
2017-08-11,29.87205318655577,29.97132642626739,29.844979918519567,29.935226440429688,3275900
2017-08-14,30.314269628332845,30.377442882669342,30.12474986532336,30.30524635314941,2305900
2017-08-15,30.32328671633028,30.33231343235605,30.151816981358625,30.20596694946289,1619700
2017-08-16,30.494762905566667,30.63915939208813,30.37743968442929,30.6301326751709,4370200
2017-08-17,30.666235113584545,30.7384350839698,30.296218872070312,30.296218872070312,2876600
2017-08-18,30.341338018529623,30.494761213455075,30.287191490765963,30.413537979125977,2810200
2017-08-21,30.133765015039373,30.233038228709223,30.043518516803086,30.11571502685547,2440100
2017-08-22,30.19694598371364,30.29621922280058,30.16084599810309,30.24206924438477,2042800
2017-08-23,30.332316335652035,30.51281280392591,30.332316335652035,30.503786087036133,1814500
2017-08-24,30.53988346132289,30.675256661639267,30.53988346132289,30.585006713867188,2143100
2017-08-25,30.59403468627131,30.774527703860084,30.59403468627131,30.72940444946289,2120300
2017-08-28,30.8918514251709,30.927951406353102,30.82867817944389,30.8918514251709,1922000
2017-08-29,30.44963916483708,30.53988567647152,30.341339219655268,30.494762420654297,2331700
2017-08-30,30.657204422433995,30.657204422433995,30.575981196741097,30.6391544342041,1720300
2017-08-31,30.7474540969597,30.82867733104256,30.67525757926583,30.78355407714844,2500500
2017-09-01,31.0181973620891,31.16259384155273,31.00917408829672,31.16259384155273,2846800
2017-09-05,30.87380092914409,30.936974173836887,30.67525792125971,30.72940444946289,2734800
2017-09-06,30.90087814180829,30.90087814180829,30.81062818885279,30.8918514251709,1837700
2017-09-07,31.07234793692181,31.07234793692181,30.936974728619,30.95502471923828,2561300
2017-09-08,30.982105163227093,30.982105163227093,30.80160867794842,30.82868194580078,2347900
2017-09-11,30.90990381497443,31.063323582881623,30.90990381497443,31.05430030822754,3198200
2017-09-12,31.153572487331605,31.21674573582173,31.06332253042869,31.189672470092773,1872800
2017-09-13,31.153571534072,31.153571534072,30.918925095988133,30.92795181274414,3729600
2017-09-14,31.000148036516645,31.04527473449707,30.927951516578627,31.04527473449707,2297600
2017-09-15,31.0723568180848,31.14455335851361,30.99113355842445,31.12650680541992,1964100
2017-09-18,31.279912496022185,31.279912496022185,31.135516037613044,31.20771598815918,1704700
2017-09-19,31.20771598815918,31.26186250838565,31.12649276513634,31.20771598815918,1872400
2017-09-20,31.1355238576606,31.171623842000592,30.78355761705561,30.93697738647461,3403300
2017-09-21,30.79257613985919,30.79257613985919,30.675256372885087,30.70232963562012,2615900
2017-09-22,30.251096323932927,30.305246302996377,30.19694634486948,30.214996337890625,3323000
2017-09-25,29.83595564063864,29.85400563295084,29.483985954576674,29.57423591613769,5354400
2017-09-26,29.60130961648802,29.69155957936988,29.5291130888666,29.64643287658692,3117200
2017-09-27,29.11396409741974,29.222264030381886,29.023717595967973,29.14104080200196,3761700
2017-09-28,29.15909440233,29.38471412658692,29.150067685456804,29.38471412658692,3346200
2017-09-29,29.447889843614963,29.64643287658692,29.447889843614963,29.64643287658692,3781300
2017-10-02,29.48398666424263,29.601309895753865,29.46594011418007,29.493013381958008,3584900
2017-10-03,29.70057418750741,29.781797409057617,29.52910447209389,29.781797409057617,2186700
2017-10-04,30.115721500853184,30.115721500853184,30.00742499115242,30.097671508789062,2674500
2017-10-05,29.99840017308817,30.160843207939884,29.99840017308817,30.07059669494629,2058100
2017-10-06,30.079623816793745,30.13377034824532,29.935223885765986,30.10669708251953,2316900
2017-10-09,30.233045969324184,30.24206924438477,30.15182272304252,30.24206924438477,1858500
2017-10-10,30.449638464378733,30.575984954833984,30.449638464378733,30.575984954833984,2359600
2017-10-11,30.44061279296875,30.467686058229084,30.332316289243632,30.44061279296875,2413400
2017-10-12,30.729403343296447,30.83769983848809,30.72038006981527,30.774526596069336,3314500
2017-10-13,31.03625044568037,31.27992017456452,31.018200453612955,31.243820190429688,3856400
2017-10-16,31.406260640290903,31.415287355931724,31.30698742434172,31.36113739013672,2848000
2017-10-17,31.1806426732873,31.207719379025672,31.054296188786545,31.1445426940918,3313800
2017-10-18,31.08137091487307,31.1535708766626,31.000147679201685,31.07234764099121,2499300
2017-10-19,30.955021204144305,30.9820979083404,30.78355147675784,30.86477470397949,2100500
2017-10-20,30.99112470047686,30.99112470047686,30.90087819006412,30.95502471923828,2856100
2017-10-23,31.04527548547682,31.072348750773013,30.98210223799652,31.02722549438477,3240100
2017-10-24,31.10844622457772,31.27991596210039,31.07234624530448,31.234792709350582,4575800
2017-10-25,31.361143417525906,31.39724340166073,31.090400421882617,31.243820190429688,4744200
2017-10-26,31.514562124213395,31.595785364438026,31.343092369376453,31.37919235229492,3354200
2017-10-27,31.31602121186941,31.69506072998047,31.1896747058324,31.69506072998047,6390800
2017-10-30,31.316016248538205,31.695055706574617,31.316016248538205,31.613832473754883,2321000
2017-10-31,31.731165725300173,31.812388983817304,31.67701573872721,31.80336570739746,2587200
2017-11-01,32.10116809102938,32.236541277351066,32.0740948308383,32.13726806640625,2592500
2017-11-02,32.13727383561088,32.22752034757074,32.11922384468215,32.20044708251953,2012900
2017-11-03,32.20946457447685,32.20946457447685,31.965794904707696,32.13726806640625,2280100
2017-11-06,32.27264405604555,32.30874403840916,32.236547516365746,32.29972076416016,2415900
2017-11-07,31.79432964828401,31.79432964828401,31.53260995409195,31.5596866607666,3961900
2017-11-08,31.595780239964864,31.6679801940918,31.52358372852123,31.6679801940918,2508000
2017-11-09,31.451386605489883,31.568709820165346,31.31601684334153,31.40626335144043,3770500
2017-11-10,31.361146890702763,31.370170166393795,31.162600398656583,31.2979736328125,2624200
2017-11-13,30.837702216276405,30.94600216250219,30.81965566792255,30.90087890625,2537500
2017-11-14,30.855752866805968,30.864779583859605,30.72940636952588,30.75648307800293,2465800
2017-11-15,30.50378228891613,30.61207877932261,30.47670902698536,30.53085899353028,2931600
2017-11-16,30.93697563145084,31.20772205595765,30.93697563145084,31.15357208251953,3689400
2017-11-17,31.352121423692385,31.48749120570243,31.343094705947912,31.451391220092773,3709800
2017-11-20,31.37016452643761,31.469437754612635,31.28894128908384,31.424314498901367,2165900
2017-11-21,31.595779903401112,31.80335304796329,31.586756630573014,31.722129821777344,2841200
2017-11-22,31.72212708641436,31.749200345247417,31.613827165716163,31.649927139282227,1801900
2017-11-24,31.929706604361904,32.01092984855985,31.91165661201969,31.965803146362305,1399700
2017-11-27,32.01994880716879,32.11922203032713,31.83042907714844,31.83042907714844,2260700
2017-11-28,32.010931768327055,32.047028312492245,31.902631807778786,31.992881774902344,2681700
2017-11-29,31.85750794866208,31.88458465963394,31.640914916992188,31.640914916992188,5167300
2017-11-30,31.451385445856207,31.50553541432917,31.36113894108476,31.38821220397949,5488300
2017-12-01,31.09039864811946,31.12649863019472,30.882828915212368,30.90087890625,6277300
2017-12-04,31.18063833819159,31.30698480512618,30.964045378498863,31.00916862487793,3070900
2017-12-05,31.10844801472788,31.234794506771408,31.0362480520266,31.081371307373047,1803100
2017-12-06,30.792579650878903,30.964052848241643,30.71135641072915,30.792579650878903,2747300
2017-12-07,31.1355176966825,31.370160663094232,31.081367730887493,31.36113739013672,3357000
2017-12-08,31.740184783935547,31.740184783935547,31.59578828161369,31.740184783935547,2138700
2017-12-11,31.794332201503327,31.93872869219052,31.78530892700958,31.91165542602539,1657900
2017-12-12,31.51455879211425,31.586758750317347,31.40626229749312,31.51455879211425,2293600
2017-12-13,31.55065814395505,31.785304560766573,31.49651161906272,31.68603134155273,2500200
2017-12-14,31.93872405461763,32.09214724020509,31.79432758489712,31.83945083618164,3828800
2017-12-15,32.0650767865866,32.22752327702762,32.00190353393555,32.00190353393555,5153800
2017-12-18,32.14629976491667,32.22752300946283,32.11922649762929,32.18239974975586,2901400
2017-12-19,32.47155368612043,32.47155368612043,32.235133924921456,32.271507263183594,2370100
2017-12-20,32.46246677179975,32.46246677179975,32.32606846800424,32.3988151550293,2859300
2017-12-21,32.45336765083459,32.48974098980714,32.29878616333008,32.29878616333008,2120100
2017-12-22,32.52612145108222,32.63523802314077,32.4715614306763,32.60795974731445,2244700
2017-12-26,32.61704955138595,32.74435278989449,32.61704955138595,32.72616958618164,1563600
2017-12-27,32.58067786429345,32.589769465644544,32.498839577122006,32.57158279418945,1711300
2017-12-28,32.56249417263747,32.57158577482054,32.42609585861893,32.44428253173828,2548600
2017-12-29,32.862559844020936,32.944398124329204,32.74434822385286,32.79890823364258,4030300
2018-01-02,32.78982086655516,32.87165915742958,32.72616924795872,32.86256408691406,2743900
2018-01-03,32.82619275103289,32.98077774047852,32.82619275103289,32.98077774047852,2458700
2018-01-04,33.07169884443339,33.153537118553615,33.008047238867924,33.126258850097656,4126700
2018-01-05,33.37177807576982,33.66275787353516,33.35359140481538,33.66275787353516,4364200
2018-01-08,33.58091896154419,33.65366217525076,33.51726734876868,33.63547897338867,2272800
2018-01-09,33.50817787801526,33.58092457262991,33.38087463119293,33.51727294921875,2795600
2018-01-10,33.39905866945923,33.408153739945064,33.280847034414684,33.37178039550781,3429000
2018-01-11,33.517274187652305,33.708229064941406,33.49908751332666,33.708229064941406,2553900
2018-01-12,33.65366302409582,33.79006132277102,33.57182473864128,33.76278305053711,3608400
2018-01-16,33.44451794991074,33.535451295599174,33.21718978881836,33.21718978881836,3772600
2018-01-17,33.771875167009014,34.06285497112007,33.771875167009014,34.02648162841797,4664200
2018-01-18,33.735502680372946,33.76278442246826,33.5809211730957,33.5809211730957,3591000
2018-01-19,33.917360438734576,34.06285032092811,33.862803900882255,34.03557205200195,3146900
2018-01-22,34.15378655860506,34.37201966600677,34.09013494655017,34.281089782714844,3864500
2018-01-23,34.472045915047936,34.61753581503715,34.43567257286243,34.60844421386719,4110600
2018-01-24,34.626632474653576,34.74484063905412,34.4993257711597,34.526607513427734,4492300
2018-01-25,34.42658149009074,34.59934966494422,34.28109158791074,34.299278259277344,5666600
2018-01-26,34.47204674362958,34.59934997558594,34.390208456121506,34.59934997558594,3724700
2018-01-29,34.47204769339512,34.49932596706507,34.32655778590036,34.35383605957031,4445900
2018-01-30,34.117414892431405,34.117414892431405,33.82643508911133,33.82643508911133,5680500
2018-01-31,34.10831458956994,34.14468792659284,33.771869893988985,33.87189483642578,4065800
2018-02-01,33.644568075064576,33.67184634458411,33.27175002703694,33.31721496582031,4606900
2018-02-02,32.74435819818019,32.753453270291914,32.144211782691926,32.17149353027344,7286200
2018-02-05,32.48066002951836,32.53521658709639,31.325832154483297,31.362205505371094,8736600
2018-02-06,31.47131867117412,32.680702972435725,31.46222360006316,32.60795974731445,8944600
2018-02-07,32.26242070472693,32.544308947488936,31.771390914916992,31.771390914916992,5645800
2018-02-08,32.471555266516454,32.56248861659754,31.18033291413872,31.189424514770508,7029400
2018-02-09,31.844134747532657,32.235139529957266,31.316731657284365,32.15330123901367,8070400
2018-02-12,32.18967141512276,32.489742806544086,32.071459791228186,32.31697463989258,4057100
2018-02-13,32.27150789347693,32.35334617178889,32.11692293721989,32.29878616333008,2864100
2018-02-14,32.02599747204073,32.48065386559609,31.95325078407043,32.46246719360352,2590600
2018-02-15,32.68069839477539,32.72616680645477,32.36244032553655,32.68069839477539,2981600
2018-02-16,31.825947240637426,32.19876534099191,31.77138722518812,32.025997161865234,3410100
2018-02-20,31.616805927550264,31.725922490419528,31.489502692743955,31.634992599487305,4224000
2018-02-21,31.835037115179123,32.007808753686234,31.425849162142395,31.498592376708984,3335000
2018-02-22,31.48950193958429,31.62589677272036,31.33491696619325,31.353103637695312,2925200
2018-02-23,31.8986955902982,32.14420700073242,31.83504050124681,32.14420700073242,5498800
2018-02-26,32.08055380572254,32.37153361816083,32.05327553229175,32.36244201660156,3200000
2018-02-27,32.08964115291754,32.08964115291754,31.616798204317696,31.65317153930664,3457100
2018-02-28,31.735014106493235,31.86231732744293,31.20761108398437,31.20761108398437,7533700
2018-03-01,31.44404030005209,31.60771342326725,31.089405371618327,31.17124366760254,5037500
2018-03-02,30.93481881739398,31.34401023073637,30.816607193816687,31.33491516113281,5614200
2018-03-05,31.18942506494299,31.425848310571617,31.07121344212868,31.371288299560547,3937100
2018-03-06,31.162152939129623,31.171244541714696,30.925729646877265,30.94391632080078,3515000
2018-03-07,30.73476604060693,30.91662925941278,30.662022834336025,30.87116432189941,3178200
2018-03-08,30.93482270793009,31.043939275626933,30.780237724002514,30.962100982666016,2557600
2018-03-09,30.96209688885921,31.4076616402346,30.943910218522195,31.371288299560547,3644200
2018-03-12,31.580432583676178,31.67136594336139,31.480407622398936,31.634992599487305,2940700
2018-03-13,31.81685916458942,31.88051078862341,31.52587585203688,31.58953094482422,2832300
2018-03-14,31.725922170227985,31.835038731996,31.48950237493846,31.55315399169922,2573000
2018-03-15,31.489501087058063,31.489501087058063,31.20761288953719,31.225799560546875,2636000
2018-03-16,31.09849726209732,31.153053808004834,30.84388732910156,30.84388732910156,3552700
2018-03-19,30.525624663556044,30.63474120773364,30.25283156873587,30.3437614440918,3368900
2018-03-20,30.671119689941406,30.780236252421464,30.625654744637465,30.671119689941406,4015800
2018-03-21,30.76204654720987,31.08939616545902,30.743859879181763,31.03483963012696,2961600
2018-03-22,30.634744629972552,30.66202637062892,30.27102161916458,30.280113220214844,6787500
2018-03-23,30.40741225469848,30.552902132711303,29.980037689208984,29.980037689208984,5331100
2018-03-26,30.81661034375964,30.9530086517334,30.63474708937899,30.9530086517334,4251900
2018-03-27,30.88936023122428,31.03485015604187,30.61656358703205,30.652936935424805,4201700
2018-03-28,30.552903828604546,30.716580384048168,30.380135672859613,30.60746383666992,3444700
2018-03-29,30.63473987101313,31.062117897792987,30.589274935319,31.03483963012696,3859600
2018-04-02,31.025753365401204,31.134873404533025,30.607470288322265,30.752960205078125,4058400
2018-04-03,31.12577502656661,31.298543200372848,31.00756339777663,31.289451599121094,4324300
2018-04-04,30.68930313083056,31.2621710938568,30.65292979091561,31.20761108398437,3090200
2018-04-05,31.434941938595365,31.67136519947087,31.42585033721688,31.489501953125,3314100
2018-04-06,31.489500863652463,31.61680409106427,31.07121437090296,31.12577438354492,3537400
2018-04-09,31.489500451491352,31.62589527818184,31.334915485405507,31.4167537689209,2353000
2018-04-10,31.544062834545205,31.6895527578685,31.453132933250664,31.671369552612305,3328100
2018-04-11,31.471316123057388,31.662270975887264,31.3894778334513,31.61680603027344,4692900
2018-04-12,31.71682030225331,31.81684523014381,31.62588697292021,31.762285232543945,1733300
2018-04-13,31.78956885885422,31.816850596631628,31.507684162256226,31.54405403137207,2133400
2018-04-16,31.707733154296875,31.78957143676076,31.64408154224193,31.707733154296875,2854300
2018-04-17,31.644085143166755,31.871413346018173,31.644085143166755,31.744110107421875,2596100
2018-04-18,31.72592343494339,31.844135071676995,31.67136688626103,31.744110107421875,2034200
2018-04-19,31.68045731692134,31.68045731692134,31.34401256039021,31.398569107055664,2576200
2018-04-20,31.51677839692417,31.51677839692417,31.23489020800993,31.33491516113281,3010600
2018-04-23,31.50768818544469,31.534966457952816,31.21670838284847,31.289451599121094,3755400
2018-04-24,31.480404830376543,31.607708053892225,31.21670678255949,31.23488998413086,6409600
2018-04-25,31.153052026185552,31.18942536721211,31.00756213083205,31.09849548339844,3045900
2018-04-26,31.28945203526925,31.50768862463488,31.28945203526925,31.489501953125,2731300
2018-04-27,31.73501068084544,31.83503215168576,31.671359077241487,31.78047561645508,2547600
2018-04-30,31.853218819680063,31.93505709127832,31.71682401285113,31.78047561645508,4513200
2018-05-01,31.735014264294108,31.735014264294108,31.34400953014573,31.68045425415039,2240500
2018-05-02,31.59861584151754,31.616802511489592,31.344009399414062,31.344009399414062,3578300
2018-05-03,31.371283612300644,31.407656947540065,31.06211720026992,31.243980407714844,3697000
2018-05-04,31.01665889874233,31.26217376098536,30.934820611327986,31.134870529174805,1992800
2018-05-07,31.11668649225931,31.262176407897297,31.06212647311261,31.14396476745605,1689600
2018-05-08,31.134869129213403,31.162147400873994,30.953005891053024,31.04393577575684,2398200
2018-05-09,31.08030954229731,31.143961156211244,30.943911244623003,31.10758781433105,2242600
2018-05-10,31.0166568777476,31.2985415958887,31.0166568777476,31.23488998413086,4438900
2018-05-11,31.16215112605097,31.243989419568592,31.00756614107184,31.06212615966797,1815500
2018-05-14,30.98937731724128,31.04393385719078,30.81660569072775,30.82570075988769,2367300
2018-05-15,30.39832707973052,30.5347253867751,30.316488789254382,30.36195373535156,4604800
2018-05-16,30.58928478784099,30.7802396605125,30.58928478784099,30.74386978149414,3783200
2018-05-17,30.452881457021785,30.53471973234308,30.307391575200864,30.3437614440918,3582900
2018-05-18,29.998224556179427,30.007316156036293,29.852734677203284,29.94366455078125,4130200
2018-05-21,29.79817983126716,29.82545810431323,29.70724647319204,29.76180648803711,3239200
2018-05-22,29.88001705672913,29.989133613786542,29.8436437147924,29.88910865783692,2543100
2018-05-23,29.55266382108568,29.725431991596405,29.443547264381685,29.68906211853028,2933100
2018-05-24,29.74361875884276,29.898203727697503,29.616315530816976,29.88910865783692,3046700
2018-05-25,30.24374072386124,30.425603968724943,30.234649122556853,30.40741729736328,6082100
2018-05-29,30.38014126692325,30.443792887010463,30.03460142305472,30.134626388549805,7135800
2018-05-30,30.25283245612624,30.62565050602505,30.25283245612624,30.60746383666992,7082800
2018-05-31,30.516540838958623,30.680217431305053,30.416515869329885,30.59837913513184,7122600
2018-06-01,30.634749738178964,30.74386978149414,30.552911440069263,30.74386978149414,4453000
2018-06-04,30.47107242317401,30.525632443544584,30.31649090192068,30.32558250427246,4870200
2018-06-05,30.24374420809325,30.46198082082223,30.216465932284613,30.32558250427246,3873100
2018-06-06,30.71657814276348,31.04393122976488,30.698391474735377,31.03483963012696,5696500
2018-06-07,30.98028735885785,31.00756563333266,30.50744427836016,30.52563095092773,6670100
2018-06-08,30.707493976905862,30.852983887599176,30.689307304475065,30.780237197875977,5370500
2018-06-11,30.8438827835321,30.925721059085497,30.816604514598435,30.83479118347168,1970800
2018-06-12,31.016654436757094,31.071210974683,30.880256154437497,30.971189498901367,3829400
2018-06-13,30.980285631376184,31.1166839336508,30.76205251024029,30.84388732910156,3140700
2018-06-14,30.96209919204557,31.007564136893805,30.69839765567172,30.725679397583008,3759800
2018-06-15,30.598376471205693,30.69839796337317,30.498351510285232,30.671119689941406,2949700
2018-06-18,30.5438171000866,30.65293366486909,30.41651386304817,30.480165481567383,4395500
2018-06-19,30.21245435323632,30.44919899907692,30.13960770927357,30.394567489624023,5078900
2018-06-20,30.485628515060096,30.62221426348185,30.485628515060096,30.56757926940918,4395100
2018-06-21,30.613100474473946,30.613100474473946,30.394567489624023,30.394567489624023,2803000
2018-06-22,30.777006768524668,30.913592510580017,30.6950560179954,30.749691009521484,2480300
2018-06-25,30.385466563575644,30.54026397907024,30.19424929165873,30.34904670715332,5952900
2018-06-26,30.36725550013675,30.50384125336579,30.29441231232926,30.312623977661133,2970000
2018-06-27,30.04855762600539,30.40367638764048,29.70254295954465,29.72075462341309,5010900
2018-06-28,29.493113349318005,29.666122415283983,29.41116260057613,29.65701484680176,6458500
2018-06-29,30.09408746719867,30.312623977661133,30.021244279391176,30.312623977661133,5139400
2018-07-02,29.9301867042788,30.10319579251584,29.88465927656592,30.0667724609375,3772700
2018-07-03,30.23067122834078,30.339937739611763,30.1487204765076,30.212459564208984,2209800
2018-07-05,30.084980816057893,30.157823997678527,29.93018341064453,29.93018341064453,4041900
2018-07-06,30.20335338738433,30.421889893517893,30.166933530962005,30.34904670715332,4160300
2018-07-09,30.57668602959798,30.73147996509564,30.5038393727616,30.722375869750977,4063000
2018-07-10,30.83164002128788,30.950014092825445,30.804324263825176,30.940906524658203,3595200
2018-07-11,30.78612004665457,30.91359824367056,30.695061710557187,30.740589141845703,3413200
2018-07-12,31.10481142181956,31.21407793715236,30.986437337322435,31.177658081054688,4166500
2018-07-13,31.159440867833005,31.159440867833005,31.013751048824943,31.0501708984375,2234700
2018-07-16,30.777012476284657,30.795224143504136,30.64043018241911,30.740589141845703,2749800
2018-07-17,30.9682232361296,31.3142378932344,30.95001504627321,31.2960262298584,3641200
2018-07-18,30.95912078452136,31.059283201646213,30.877170031739187,31.004648208618164,3086700
2018-07-19,30.676847157125792,30.82253700765412,30.558476541616542,30.69505882263184,3393100
2018-07-20,30.8771653238402,31.068382560003418,30.86806122981688,31.0501708984375,3754200
2018-07-23,31.168550103782124,31.177657672827213,31.04107192530969,31.086599349975582,2995800
2018-07-24,31.4143991851674,31.532773256131748,31.368871765110185,31.45992660522461,2912500
2018-07-25,31.41439500777679,31.69667053222656,31.40529091438378,31.69667053222656,4468000
2018-07-26,31.596511918299857,31.723990082170847,31.53277283636436,31.68756675720215,5057500
2018-07-27,31.86058846136711,32.088229122506135,31.86058846136711,32.02448654174805,5756900
2018-07-30,32.11553261512313,32.21569502350357,32.06089762686484,32.17927169799805,4817200
2018-07-31,32.224803790314944,32.461551966906896,32.20659212492172,32.44334030151367,5431300
2018-08-01,32.44334030151367,32.461551966906896,32.34317787861092,32.44334030151367,5005000
2018-08-02,32.05179032268222,32.22479589122999,31.933416263402624,32.142845153808594,3643000
2018-08-03,32.24300577421347,32.561701139101395,32.24300577421347,32.55259704589844,2682900
2018-08-06,32.4433300369629,32.52528076854452,32.32495598611858,32.3704833984375,2309400
2018-08-07,32.53438486160074,32.53438486160074,32.3704833984375,32.3704833984375,3829300
2018-08-08,32.47976539484153,32.68919784386624,32.41602629244986,32.67098617553711,3283500
2018-08-09,32.61634247201527,32.670977462431914,32.52528762817383,32.52528762817383,2559700
2018-08-10,32.2339095180098,32.279436942131554,32.08821967670833,32.13374710083008,3746400
2018-08-13,31.805941348622845,31.869680431604493,31.55098501669625,31.560089111328125,3150700
2018-08-14,31.787724766087592,32.07000028526135,31.705774033006115,32.03357696533203,4690500
2018-08-15,31.396188437450466,31.541878269991223,31.150336193753,31.414400100708008,6810600
2018-08-16,31.65114854703088,31.83326172778425,31.605621120222544,31.723995208740234,3426200
2018-08-17,31.969836493577294,32.23390034123395,31.85146244574521,32.206581115722656,5207900
2018-08-20,32.31585881974798,32.35227867329812,32.2248005020735,32.3067512512207,2542700
2018-08-21,32.36138642783082,32.58902701304598,32.315859005491724,32.507076263427734,3574700
2018-08-22,32.59812986886324,32.70739637302715,32.53439078530766,32.56170654296875,3870800
2018-08-23,32.416021807405535,32.42512937707027,32.179277098923706,32.18838119506836,3303500
2018-08-24,32.47065656887334,32.707401275634766,32.47065656887334,32.707401275634766,3522400
2018-08-27,32.79845596472647,33.00788488649428,32.77114020600188,32.90772247314453,3928000
2018-08-28,32.93504291612134,32.96236215225114,32.7347215344504,32.77114486694336,3443600
2018-08-29,32.57081642906174,32.66187127675822,32.51618143633199,32.652767181396484,2949500
2018-08-30,32.35227544800856,32.35227544800856,32.12463488679596,32.27032470703125,4613800
2018-08-31,32.21569688861428,32.54349989010299,32.21569688861428,32.48886489868164,5297300
2018-09-04,31.61472762039422,31.61472762039422,31.42350687663481,31.578304290771484,5494200
2018-09-05,31.377976274869955,31.59651275696329,31.26870977058306,31.55098533630371,7921700
2018-09-06,31.42350785698187,31.64204436801625,31.30513724229492,31.62383270263672,9661500
2018-09-07,31.61472531795842,31.760415152319165,31.46903548359768,31.49635124206543,5869300
2018-09-10,31.08659635365847,31.16854709956609,30.904483199028256,30.940906524658203,7051200
2018-09-11,30.56757722960195,30.78611371778962,30.476522385743547,30.777006149291992,4505400
2018-09-12,31.0592846790961,31.32334861434648,30.87717150052618,31.241397857666016,8629600
2018-09-13,31.56009262596012,31.632939285205588,31.377979451366347,31.578304290771484,5613200
2018-09-14,31.642041376720616,31.669357135447605,31.42350488634569,31.478139877319336,4931300
2018-09-17,31.01375148085844,31.050171330978344,30.83163833618164,30.83163833618164,4310700
2018-09-18,30.51293955568138,30.676841039027725,30.51293955568138,30.61310195922852,3013600
2018-09-19,30.80432904186309,30.986438751220703,30.73148237930401,30.986438751220703,3276500
2018-09-20,31.05928155300961,31.3597653149146,31.05928155300961,31.2960262298584,4329100
2018-09-21,30.4127859273802,30.57668743929877,30.239776846177296,30.531156539916992,6649500
2018-09-24,29.76628808041344,29.84823884767421,29.62970578399244,29.70254898071289,7376300
2018-09-25,30.075877841489728,30.139616937713804,30.03035041183256,30.09408950805664,3265000
2018-09-26,29.99392494151939,30.28530463878763,29.93018584983696,30.203353881835938,5554800
2018-09-27,29.893762887132123,29.993921825427503,29.74806958011421,29.875551223754883,6419000
2018-09-28,29.62969710409975,29.702540279481106,29.46579561759245,29.56595802307129,7476100
2018-10-01,29.766279938391342,29.8209149261276,29.47490028417028,29.520427703857425,4042900
2018-10-02,29.338317254473377,29.43847965926578,29.274578173881736,29.36563301086425,4662400
2018-10-03,29.128886866727697,29.128886866727697,28.60076081854943,28.637184143066406,6540700
2018-10-04,28.18190663705005,28.2274340618006,27.71751961020279,27.726625442504883,12114800
2018-10-05,27.15296827555976,27.316869772073765,26.797849524285933,27.00727844238281,8523700
2018-10-08,27.098334321870137,27.453453063964844,27.08922849043697,27.453453063964844,5539400
2018-10-09,27.05280816132161,27.253133001521583,26.934435813097963,27.089231491088867,4982300
2018-10-10,27.435238385504668,27.49897919853065,26.95264152991065,26.9981689453125,6484800
2018-10-11,27.13475494644309,27.307762264004865,26.84337529797676,27.09833335876465,9113000
2018-10-12,27.74483688930774,27.954267570201857,27.599147038017936,27.84499931335449,8109500
2018-10-15,27.835890435167016,27.98158027051761,27.772151349296102,27.808574676513672,10749700
2018-10-16,28.282062818841087,28.637183275079188,28.26385289389424,28.573442459106445,5078600
2018-10-17,27.681091456935903,27.826781274859805,27.580930792587985,27.671985626220703,5527700
2018-10-18,27.553618677754283,27.553618677754283,27.016386718029864,27.08012580871582,6063200
2018-10-19,27.316872027510264,27.389716950113225,27.09833725970137,27.19849967956543,5797600
2018-10-22,27.025491083833725,27.09833600305862,26.825166253395363,26.85248374938965,3502800
2018-10-23,26.661268315714658,27.125655358898577,26.57021172625036,26.961753845214844,7165400
2018-10-24,27.080121762956733,27.107439256352333,26.606628964657897,26.679473876953125,6221800
2018-10-25,26.69768748469777,27.007278818702574,26.670371726071355,26.88890647888184,4307200
2018-10-26,26.53378695261072,26.87069579427644,26.369885447841444,26.734111785888672,5726000
2018-10-29,27.189392828983667,27.29865934041643,26.643055061540185,26.94354057312012,5766500
2018-10-30,26.952646799992863,27.23492065154869,26.952646799992863,27.225814819335938,4870600
2018-10-31,27.535407033890625,27.626463622123246,27.435244613158744,27.489879608154297,5896200
2018-11-01,27.77215205813673,28.291172326915405,27.73572872998951,28.2729606628418,6108000
2018-11-02,28.509707266667583,28.67360877085172,28.181905995059207,28.473285675048828,8118100
2018-11-05,28.47328305080661,28.737345210174944,28.45507138829577,28.719135284423828,7584800
2018-11-06,28.5279209925335,28.5279209925335,28.382231142009868,28.46418190002441,4637300
2018-11-07,29.010518877900285,29.247263575658096,28.946779787214723,29.219947814941406,10842400
2018-11-08,28.81929885252836,28.97409452591597,28.564342498779297,28.564342498779297,7784800
2018-11-09,28.691821731274946,28.71003339628703,28.400442038121422,28.50060272216797,8479700
2018-11-12,28.236539362329644,28.263856858721464,27.990687105082955,28.054426193237305,5708100
2018-11-13,28.573444484993647,28.919459134911303,28.573444484993647,28.873929977416992,6259500
2018-11-14,28.89213884183926,29.056040319423257,28.72823736425526,28.92856216430664,5645000
2018-11-15,28.93767115787162,29.3018957385579,28.82840291528584,29.26547241210937,5828200
2018-11-16,29.192632203535656,29.53864341944989,29.10157387814774,29.41116523742676,4798800
2018-11-19,29.53863618682904,29.63879858347072,29.429369696637707,29.502216339111328,3778200
2018-11-20,29.156207559921,29.229050743429863,28.91946113485754,28.97409439086914,6617900
2018-11-21,29.265471221161167,29.438480277991324,29.229047896194874,29.33831787109375,3750100
2018-11-23,29.2563746421654,29.37474526843416,29.210847211022003,29.22905540466309,2015500
2018-11-26,29.29278576996434,29.402055740356445,29.25636592001961,29.402055740356445,3961400
2018-11-27,29.48400986995047,29.63880380218393,29.402059119497547,29.62969970703125,3731500
2018-11-28,29.71165281364577,30.21246145123056,29.58417463028092,30.203353881835938,4973000
2018-11-29,30.4583168764878,30.71327326962196,30.36725854071107,30.55847930908203,6285300
2018-11-30,30.49473782466309,30.54026525222888,30.34904797234052,30.36725616455078,5798200
2018-12-03,30.257987996666447,30.303515421754057,30.07587482279612,30.2670955657959,7715400
2018-12-04,30.285303709121408,30.285303709121408,29.82091841633035,29.848234176635746,6332100
2018-12-06,29.11067888683302,29.58417348165007,28.97409487613653,29.556854248046875,7448500
2018-12-07,29.32921385184356,29.43848383996379,28.81019356559201,28.83751106262207,5752500
2018-12-10,27.826784566462017,27.890523652248405,27.426138388159067,27.5991439819336,7533000
2018-12-11,28.48238853562622,28.609866698132134,28.31848704854164,28.527915954589844,5861100
2018-12-12,29.2108448463158,29.57506773949835,29.2108448463158,29.456693649291992,7911900
2018-12-13,29.5841670751346,29.67522190470753,29.47489711142417,29.502216339111328,5327100
2018-12-14,29.429375593388343,29.6023811936496,29.329213176677165,29.374740600585938,3571200
2018-12-17,29.720751941706293,29.848230103763218,29.48400727981764,29.56595802307129,4958000
2018-12-18,30.284527429991925,30.62408024216562,30.22946339255953,30.48642539978028,8582900
2018-12-19,30.54148664431826,30.77091488774204,29.92662063232518,30.082630157470703,9085300
2018-12-20,30.66996823033733,30.881045311023087,30.495604012376745,30.6516170501709,9183700
2018-12-21,30.201934206649955,30.31205878466441,29.889911651611328,29.889911651611328,6922100
2018-12-24,29.82567226804936,29.862381627955216,29.623774289364363,29.651308059692383,3166500
2018-12-26,29.88991290533294,30.13769584185654,29.80731859315841,30.10098648071289,4457700
2018-12-27,29.87155114107709,30.312052867949053,29.853196464857863,30.25699234008789,6025300
2018-12-28,30.492045093226253,30.77667550918345,30.36350345456718,30.629770278930664,5263000
2018-12-31,30.70322078068268,30.75831155481408,30.45531755083679,30.611406326293945,3113200
2019-01-02,30.07887180990464,30.326775032547683,30.06051172155788,30.244140625,4334500
2019-01-03,29.775880132959752,29.79424372307296,29.52797692017649,29.62897491455078,4869500
2019-01-04,29.95033407573938,30.574682235717773,29.92279043713652,30.574682235717773,9360000
2019-01-07,30.326778920755736,30.326778920755736,30.078875666328912,30.13396644592285,5139600
2019-01-08,30.13396222174121,30.290050990794867,30.088054996430177,30.22577667236328,2730800
2019-01-09,30.143145768301487,30.317594625482133,30.106418587053945,30.22577667236328,2997800
2019-01-10,30.05132697512656,30.28086659776196,29.968692570877945,30.27168655395508,3168500
2019-01-11,29.90442756242823,30.133967229626787,29.90442756242823,30.060516357421875,2879600
2019-01-14,29.693251486588814,29.83097668789615,29.583073427041363,29.638160705566406,6155200
2019-01-15,30.023788562834284,30.10642298145436,29.88606336430172,29.93197059631348,5147500
2019-01-16,29.95951520685249,30.280869306287453,29.95951520685249,30.20741844177246,3732400
2019-01-17,30.0237875290575,30.335961599484904,30.0237875290575,30.30841445922852,3681600
2019-01-18,30.1247853206104,30.16150900319256,30.03296735791214,30.07887458801269,5218900
2019-01-22,29.90442392046458,29.9319675563748,29.75751869144852,29.858516693115234,5042500
2019-01-23,29.79424659428141,29.92278823496446,29.71161218205702,29.895244598388672,2268700
2019-01-24,29.987063479995715,30.21660315865536,29.987063479995715,30.16151237487793,4097400
2019-01-25,29.90442232635512,30.0421475035584,29.86769514543468,29.98705673217773,4169700
2019-01-28,29.298443490164463,29.50043952160789,29.252536256426616,29.445348739624023,4776300
2019-01-29,29.445346111713405,29.509616933709893,29.31680446772043,29.40861892700196,3385300
2019-01-30,29.316805041863272,29.739157166825027,29.179081598995246,29.65652275085449,8173400
2019-01-31,29.913608080958145,30.14314772490965,29.84933375835448,30.1156005859375,4356600
2019-02-01,29.97787947737664,30.005423114381287,29.79424705818578,29.82179069519043,4746700
2019-02-04,29.70242983828879,29.950333085006,29.70242983828879,29.8676986694336,3824800
2019-02-05,29.950334016440323,30.14314999377048,29.950334016440323,30.13396644592285,4026500
2019-02-06,30.345140874547948,30.42777528822588,30.1706920023377,30.253326416015625,4467100
2019-02-07,30.354323103748992,30.54713555979216,30.354323103748992,30.50122833251953,5946500
2019-02-08,30.02378546111077,30.042149052517807,29.876880232351382,29.96869468688965,3866300
2019-02-11,29.90442438487651,29.98705879638741,29.77588274530333,29.785062789916992,2766800
2019-02-12,30.01459993375954,30.11559792858582,29.95951266567008,30.069690704345703,3286800
2019-02-13,29.739153412828905,29.78506063757381,29.48207015226004,29.55552101135254,3046200
2019-02-14,29.537157325160976,29.72078972604179,29.399435651372908,29.6473388671875,2736700
2019-02-15,29.3994391208216,29.46370994334002,29.26171567953233,29.3076229095459,3714200
2019-02-19,28.89444836243733,29.11480619989772,28.83017754541744,29.059717178344727,3570100
2019-02-20,29.454532287870048,29.564710349340363,29.34435072390231,29.445348739624023,4950000
2019-02-21,29.55552441800439,29.583071558023885,29.417802727895484,29.51880073547364,2572500
2019-02-22,29.75751722306566,29.83097158519756,29.665702772897543,29.77588081359864,2794800
2019-02-25,30.07887795046056,30.225783204702825,29.950336290810764,30.16151237487793,5520400
2019-02-26,29.8034284788274,30.09723896209701,29.78506488581089,30.00542449951172,4211000
2019-02-27,29.78506049517783,29.840151266106385,29.64733882160153,29.75751686096192,5344400
2019-02-28,29.94114989349259,30.06969152587547,29.876879077301147,30.01460075378418,5894800
2019-03-01,30.11560069598904,30.170691471637635,29.886061051198727,29.895244598388672,5708800
2019-03-04,29.88606304397203,29.996241100118777,29.674886976983576,29.794248580932617,4033100
2019-03-05,30.455319746929234,30.75831377275502,30.39104892372325,30.73995018005371,9419900
2019-03-06,30.95112491273278,31.052122917002567,30.923581276112667,30.987852096557617,4956700
2019-03-07,30.978674194286413,30.978674194286413,30.648136521997472,30.67568016052246,6009700
2019-03-08,30.694038416336745,30.76748927379681,30.58386037889832,30.703218460083008,5163700
2019-03-11,31.36429583249376,31.60301551366896,31.318388605632784,31.57547187805176,5333000
2019-03-12,31.70401184663913,31.83255347608736,31.667288168580143,31.805009841918945,3095700
2019-03-13,31.878464637994085,31.915188316554143,31.65810505414992,31.722375869750977,5177800
2019-03-14,31.795830546528475,31.86010136276558,31.704012592977755,31.85091781616211,2713000
2019-03-15,32.10800544810959,32.34672512877534,32.02537103893742,32.20900344848633,5320800
2019-03-18,32.383456289526045,32.56708872163439,32.36509269606548,32.54872512817383,4101200
2019-03-19,32.53953668105739,32.5762638624489,32.43854218597594,32.493629455566406,3768700
2019-03-20,32.42936112599649,32.90680401320503,32.32836312067393,32.74153518676758,6322500
2019-03-21,32.53953733033368,32.65889892098935,32.456902921802346,32.63135528564453,4267500
2019-03-22,32.098822934688215,32.16309375472501,31.814196018095817,31.841739654541016,5954900
2019-03-25,31.82337843819104,31.906012856191857,31.731563974855582,31.768287658691406,4022900
2019-03-26,32.190641146366296,32.22736482774918,31.997825182245275,32.08045959472656,4327100
2019-03-27,31.90601321701188,31.97946759050874,31.694837146954352,31.786651611328125,5039500
2019-03-28,32.16309312883795,32.291634766410155,32.10800585701954,32.2457275390625,4854900
2019-03-29,32.4477200030175,32.50281077132359,32.26408761116042,32.36508560180664,3149100
2019-04-01,32.64053453333376,32.750712574521025,32.57626371743313,32.69562530517578,5130900
2019-04-02,32.95271570741407,32.961899255958926,32.79663040712701,32.87926483154297,3400300
2019-04-03,32.81499359735252,32.99862253601626,32.80581004892083,32.98025894165039,3962500
2019-04-04,32.539536969573504,32.723169375662444,32.52117337871493,32.61299133300781,4315600
2019-04-05,32.75989645983786,32.8792580488148,32.69562564327262,32.83334732055664,4482400
2019-04-08,32.37427435192753,32.466092323797625,32.34673071161525,32.42018508911133,3372800
2019-04-09,32.594626223506495,32.67726062727159,32.55789904350053,32.640533447265625,1635800
2019-04-10,32.521182154723704,32.622180180452304,32.512002108065545,32.56709289550781,3344900
2019-04-11,32.56708800206486,32.594631640398475,32.46608999151195,32.51199722290039,2013000
2019-04-12,32.52117726817918,32.585451595119686,32.48445358456678,32.51199722290039,2944900
2019-04-15,32.603808147802845,32.66808246776887,32.51199369498885,32.63135528564453,2474400
2019-04-16,32.76907766220915,32.84253202802098,32.74153402627819,32.78744125366211,2380100
2019-04-17,32.9527145380996,33.01698536564277,32.85171652267535,32.9251708984375,3309700
2019-04-18,32.81498983480674,32.91598433849284,32.72317187350516,32.860897064208984,2897200
2019-04-22,32.19063877174681,32.227362450420685,32.080457228234884,32.15391159057617,2341300
2019-04-23,32.1447303357422,32.264091931808096,32.10800665445017,32.18145751953125,2698400
2019-04-24,32.42018338064054,32.44772701950133,32.19064371680776,32.22736740112305,4273300
2019-04-25,32.0529158787666,32.209004658621545,32.01618869497755,32.18145751953125,3064300
2019-04-26,32.42935892691887,32.63135492386639,32.40181529187942,32.61299133300781,2961900
2019-04-29,32.576266800264925,32.66808476202408,32.576266800264925,32.65890121459961,3593500
2019-04-30,32.62217676527835,32.68644759265033,32.43854783135689,32.60381317138672,4132200
2019-05-01,32.64972047979552,32.83334939443961,32.47526810738779,32.50281524658203,3994300
2019-05-02,32.44772571572783,32.502816493733135,32.2916369292947,32.35591125488281,3785000
2019-05-03,32.61299241651195,32.713990418341176,32.53953805063727,32.66808319091797,2141400
2019-05-06,32.117185131856026,32.26409035734634,32.034550723611666,32.19063949584961,3219000
2019-05-07,31.639747419481576,31.64893096772288,31.31839328098465,31.41020774841309,4391300
2019-05-08,31.263300000851714,31.309207230897588,31.116394763206632,31.153121948242188,4736300
2019-05-09,30.7583122253418,30.868490273509533,30.51040899009164,30.7583122253418,6270100
2019-05-10,30.79504242045904,30.877676840290214,30.556319206503467,30.822586059570312,5875800
2019-05-13,30.152329741146527,30.179873379422663,29.95951726821908,30.00542449951172,5585400
2019-05-14,30.52877489403936,30.712407323224767,30.455320521366296,30.66650009155273,5800600
2019-05-15,30.3267737084273,30.49204251630674,30.2716864407986,30.48286247253418,3942900
2019-05-16,30.767486486472755,30.96948245555764,30.739942855232577,30.859304428100582,5298400
2019-05-17,31.04294057384157,31.09802784300308,30.93275903052502,30.96030616760254,3922000
2019-05-20,32.31918528049814,32.438546886066696,32.23655086164257,32.328365325927734,6963600
2019-05-21,32.08045372448173,32.27326965332031,31.94273206387862,32.27326965332031,7497800
2019-05-22,32.135555267333984,32.22736973852734,32.10801162647549,32.135555267333984,7286700
2019-05-23,31.89682875923092,32.15391202591256,31.82337439589512,32.0712776184082,5104000
2019-05-24,32.53954315185547,32.61299752924558,32.44772868261532,32.53954315185547,5006200
2019-05-28,32.704803466796875,32.78743786855521,32.64971620062237,32.704803466796875,7854100
2019-05-29,32.511996502923274,32.52117654799878,32.34672767158698,32.47526931762695,8242800
2019-05-30,32.594628797151465,32.78744125366211,32.53953802279259,32.78744125366211,4055900
2019-05-31,32.64971827248745,33.053706760888346,32.61299109104279,33.035343170166016,9730900
2019-06-03,33.375063639168204,33.47606164535642,33.32915640976368,33.402610778808594,7943900
2019-06-04,33.25570374431824,33.3199745625074,33.06288778725386,33.310791015625,5056100
2019-06-05,33.228161711779144,33.23734526007262,33.00780558769988,33.044532775878906,5825100
2019-06-06,32.76908335816704,32.86090133139173,32.69563248208484,32.77826690673828,4853300
2019-06-07,32.81499400171917,33.072077321014355,32.805810453174324,32.87926483154297,3883300
2019-06-10,32.8333476821872,32.89762200195718,32.71398959439245,32.85171127319336,6027300
2019-06-11,32.98943637992735,33.06288724128911,32.92516556279949,32.95270919799805,3624800
2019-06-12,32.89762122688639,32.93434490553664,32.78743968344533,32.79662322998047,3325100
2019-06-13,32.787439755749034,32.814986892918434,32.631354489275154,32.69562530517578,4412700
2019-06-14,32.42018026942499,32.42018026942499,32.25491144712569,32.26409149169922,4319300
2019-06-17,31.92776254977182,32.09453582763672,31.909231792855667,32.09453582763672,2741100
2019-06-18,32.21498587036839,32.45587865564994,32.17792435436178,32.40955352783203,4961200
2019-06-19,32.15939767514455,32.36323250465263,32.066747407757866,32.20572280883789,4707100
2019-06-20,32.69677644282503,32.84501897912426,32.52073600108286,32.57632827758789,6323000
2019-06-21,32.27058105107579,32.34470055538444,32.214988772058526,32.28910827636719,4449900
2019-06-24,32.2335162079405,32.32616646236786,32.2149854501789,32.26131057739258,3701600
2019-06-25,32.53926529947446,32.57632681548107,32.381759158017424,32.40955352783203,4537400
2019-06-26,32.71530636932199,32.7986930147676,32.65045048223994,32.73383712768555,4558500
2019-06-27,32.87281036376953,32.92840263522414,32.817218092314924,32.87281036376953,4143900
2019-06-28,32.73383733362154,32.74310094567121,32.64118354122086,32.70603942871094,3574100
2019-07-01,32.98399353027344,33.002524288637346,32.86354890247918,32.98399353027344,2751400
2019-07-02,33.104440934983444,33.21562194824219,33.048848661163724,33.21562194824219,3448300
2019-07-03,33.12297009695174,33.20635673647313,33.08590858285767,33.15076446533203,2364700
2019-07-05,32.71530331871663,32.76162844311545,32.54853004337652,32.75236129760742,3235900
2019-07-08,32.242779819630975,32.32616646236786,32.18719108072682,32.26131057739258,3414500
2019-07-09,32.14086345620294,32.316903893428034,32.14086345620294,32.279842376708984,1928800
2019-07-10,32.19645739668895,32.32616917753437,32.14086511873479,32.168663024902344,3790200
2019-07-11,32.27984300223542,32.27984300223542,32.07600819071147,32.15013122558594,5777000
2019-07-12,32.15939587805284,32.214988156007,32.11307074694818,32.168663024902344,2024800
2019-07-15,32.34469881898034,32.35396243112873,32.27984293079913,32.326168060302734,1595600
2019-07-16,32.48367691040039,32.5392656506295,32.39102311938397,32.48367691040039,2668500
2019-07-17,32.4280858139955,32.51147246174958,32.35396277848927,32.400291442871094,1842800
2019-07-18,32.15012688028881,32.38175603139409,32.13159612407475,32.35395812988281,2873300
2019-07-19,31.82584999390109,31.862911513369607,31.649813077997216,31.659076690673828,2876300
2019-07-22,31.6776065826416,31.73319886032149,31.622017839342647,31.6776065826416,2093500
2019-07-23,31.53863283385998,31.547896446765662,31.4181846597994,31.42744827270508,3319500
2019-07-24,31.297734140974864,31.37185717619165,31.279203382170667,31.34406280517578,2130200
2019-07-25,31.26993726564369,31.26993726564369,31.103163984143144,31.15875625610352,3549800
2019-07-26,31.43671541999188,31.473776940376847,31.32553439321809,31.42744827270508,1585700
2019-07-29,31.20508089741309,31.242142411477552,31.140225014990538,31.18655014038086,2407000
2019-07-30,30.76962344386088,30.76962344386088,30.593586516433813,30.639911651611328,2997800
2019-07-31,30.85300849972224,30.899333632495573,30.30636345048234,30.57505416870117,4844700
2019-08-01,30.41754660933736,30.612114278652044,30.04693849545908,30.09326362609864,7527000
2019-08-02,30.204443426569306,30.22297418495286,29.95428702434319,30.037670135498047,3468800
2019-08-05,29.39837648061436,29.407641860311863,28.96291423797445,29.046300888061523,5961300
2019-08-06,29.62074033827895,29.6855979962633,29.352051395391427,29.57441520690918,6399600
2019-08-07,29.138954277788315,29.40764323279404,28.91658868905112,29.38911247253418,4567500
2019-08-08,30.009877008791243,30.23224258422852,29.97281549048821,30.23224258422852,5701500
2019-08-09,30.074732627484707,30.10253053315182,29.87090134741756,29.98208236694336,3339500
2019-08-12,29.833845350386483,29.93576277647095,29.77825306314545,29.806047439575195,1822600
2019-08-13,29.29646060497703,29.8153094935714,29.21307395555413,29.67633056640625,4686300
2019-08-14,29.45396990007165,29.537354786199213,29.25013507320935,29.277931213378903,4258700
2019-08-15,29.29646165634988,29.38911192153099,29.185278864065783,29.34278678894043,3864600
2019-08-16,29.72265355831897,29.935751947417085,29.657794146142773,29.815303802490234,2994300
2019-08-19,29.778245466822867,29.861632109222025,29.59294319152832,29.59294319152832,2039100
2019-08-20,29.56514635783552,29.64853299826837,29.50955585327705,29.546615600585938,1809600
2019-08-21,29.4632328764496,29.48176363616232,29.34278647269794,29.40764236450196,2414700
2019-08-22,28.888793015955216,28.888793015955216,28.65716382470117,28.731285095214844,4552500
2019-08-23,29.528088410534465,29.768982967892963,29.25013233641756,29.3335189819336,9366900
2019-08-26,29.6207428448721,29.81531230090922,29.52809257429223,29.796781539916992,5692300
2019-08-27,30.06547217930701,30.148858836322287,29.926493239487804,29.97281837463379,6167600
2019-08-28,29.741186456581737,29.75045360339591,29.63000543547818,29.67633056640625,7528000
2019-08-29,29.62073846262144,29.694859728433816,29.500292068372712,29.611473083496094,3146500
2019-08-30,29.82456741315525,29.83383455820054,29.62073440191229,29.815303802490234,6036100
2019-09-03,28.870259451989245,29.083357863116262,28.81466894630184,29.064828872680664,3175300
2019-09-04,29.12968573336627,29.29645902320768,29.083358837749003,29.259397506713867,6323800
2019-09-05,29.407641812129352,29.463232323032827,29.3242551621789,29.361316680908203,5278200
2019-09-06,29.62073863724038,29.731921420209574,29.592944266890868,29.64853477478028,2526900
2019-09-09,29.71339090484726,29.82457192153532,29.676329387824307,29.759716033935547,2184600
2019-09-10,29.57441092070469,29.75971318651848,29.555880163966243,29.7041244506836,2242700
2019-09-11,29.87089962194733,30.019142150878903,29.824570959971915,30.019142150878903,5534600
2019-09-12,30.02840749721404,30.158119275724275,29.90795933100557,29.98208236694336,3551700
2019-09-13,30.26003768032077,30.34342433130877,30.195181788928004,30.315629959106445,3574000
2019-09-16,29.84310135153548,29.861632109222025,29.546616297311942,29.59294319152832,4032200
2019-09-17,29.352049536747952,29.63000384174678,29.2408667544342,29.611473083496094,3659800
2019-09-18,29.66706375551796,29.67632736695247,29.389107698345025,29.546615600585938,3551000
2019-09-19,29.231604257476825,29.268665777632386,29.0833617112357,29.10189247131348,3756600
2019-09-20,30.723291574607703,30.89932846345017,30.639904935812748,30.760353088378903,11739100
2019-09-23,31.168027410142408,31.49231044014924,31.09390789730578,31.473779678344727,11070300
2019-09-24,31.39038755017507,31.39965116227318,31.13096046447754,31.13096046447754,6262100
2019-09-25,30.815945884251093,30.95492481201149,30.760357140651696,30.871538162231445,6144900
2019-09-26,31.195817328872742,31.22361523479888,31.047574789996712,31.07537269592285,6799100
2019-09-27,31.28847077551337,31.28847077551337,30.93639342421876,31.00124931335449,5945100
2019-09-30,31.01978183472506,31.130962860363056,30.99198746191083,31.103168487548828,3467200
2019-10-01,30.55652178327839,30.55652178327839,30.334159744042392,30.371217727661133,4870800
2019-10-02,30.20444315275831,30.29709694383617,30.13032365427676,30.241504669189453,3958600
2019-10-03,30.389747829541705,30.593582639751247,30.38048421743255,30.56578826904297,4543200
2019-10-04,30.2878326029722,30.41754792249619,30.20444595046874,30.361955642700195,3193700
2019-10-07,30.11179748444324,30.16738976756101,29.99134930487871,30.00988006591797,4388000
2019-10-08,29.83383455820054,29.87089606962115,29.713386413273685,29.815303802490234,3111400
2019-10-09,30.29709847406836,30.3341599923714,30.185917453540185,30.23224258422852,3711100
2019-10-10,30.232243200325367,30.445341633339112,30.204445293841147,30.35268783569336,2547700
2019-10-11,30.53798914804399,30.6028450333682,30.44533889311818,30.510194778442383,5701800
2019-10-14,30.417545143797696,30.46387027220528,30.371216481009373,30.380483627319336,1599100
2019-10-15,30.51946347264478,30.704767547736104,30.48240548513152,30.639911651611328,5026300
2019-10-16,30.74182631649723,30.806682206813733,30.723295557209525,30.79741859436035,3489000
2019-10-17,31.121694257958307,31.260673168509783,31.11243064663245,31.18655014038086,5877100
2019-10-18,31.40892090043295,31.53863268679437,31.40892090043295,31.52936553955078,4462400
2019-10-21,31.408923779219645,31.501574053860782,31.316269970197084,31.473779678344727,4514100
2019-10-22,31.269938556490107,31.43671184487518,31.269938556490107,31.288469314575195,5097800
2019-10-23,31.39038959142786,31.50157061573907,31.38112244434632,31.48303985595703,2676400
2019-10-24,31.39039005376971,31.42744803949857,31.27920549343985,31.316267013549805,3603800
2019-10-25,31.33479424311973,31.61274854386515,31.32553063132652,31.56642341613769,6052900
2019-10-28,31.64055061340332,31.71467012064875,31.575694719170635,31.64055061340332,3016400
2019-10-29,32.0111512262353,32.04821274242659,31.955562486329065,31.99262046813965,2976300
2019-10-30,32.13159984421357,32.28910598869836,32.00188807007767,32.279842376708984,4136700
2019-10-31,32.27057883320104,32.27984244521007,32.04821326679564,32.10380554199219,5716300
2019-11-01,32.344697991066134,32.54853279692151,32.33543437915486,32.48367691040039,4979800
2019-11-04,32.502208849501734,32.55779759175054,32.381760683994536,32.400291442871094,3205700
2019-11-05,32.44661726843459,32.44661726843459,32.26131321007749,32.34469985961914,2783700
2019-11-06,32.40029476786897,32.47441427660067,32.316908111557545,32.4280891418457,4496000
2019-11-07,32.50220731784855,32.56706320366977,32.39102276982872,32.40955352783203,3829200
2019-11-08,31.96482623399146,32.020418508514595,31.862908831222747,31.890703201293945,4323100
2019-11-11,31.72393337713424,31.85364514969059,31.72393337713424,31.81658363342285,1258500
2019-11-12,31.75172801973825,31.75172801973825,31.603485487775345,31.612749099731445,2752100
2019-11-13,31.47377638844896,31.47377638844896,31.33479745663304,31.381122589111328,2836100
2019-11-14,31.408915125077247,31.492301763031204,31.36258646614025,31.45524024963379,1884900
2019-11-15,31.70540535719998,31.73319972961085,31.6405494653206,31.659076690673828,2470200
2019-11-18,31.584953793253312,31.622015308740664,31.520097908340773,31.557159423828125,2285800
2019-11-19,31.81657994260307,31.835110698587314,31.64054306232321,31.714662551879883,1946800
2019-11-20,31.844377868048213,31.983356786271003,31.825847109993127,31.918500900268555,3051900
2019-11-21,31.84437869639752,31.84437869639752,31.74246129163378,31.7609920501709,2584400
2019-11-22,31.686872482299805,31.75172836984992,31.640547353246983,31.686872482299805,1850600
2019-11-25,32.21498807908345,32.35396347206557,32.15939580126204,32.34469985961914,3578600
2019-11-26,32.224249546904616,32.26131106298567,32.1315992910827,32.233516693115234,5311800
2019-11-27,32.39102311938397,32.49294052231166,32.30763647465957,32.48367691040039,4053900
2019-11-29,32.011151537629345,32.07600742440466,31.918501280630544,31.927764892578125,3403700
2019-12-02,32.06674685944171,32.15939712524414,32.038952486577195,32.15939712524414,3387100
2019-12-03,31.927766073183463,31.9462968321446,31.78879068254632,31.844379425048828,3414300
2019-12-04,32.159398502976025,32.27058306795948,32.159398502976025,32.252052307128906,4149300
2019-12-05,32.15939109797704,32.270575637359215,32.1501274868854,32.224246978759766,4035500
2019-12-06,31.927764717642702,31.98335699216584,31.835114461151544,31.890703201293945,4877900
2019-12-09,31.992620991599104,32.10380554199219,31.992620991599104,32.10380554199219,2310300
2019-12-10,31.992625262518928,32.01115602339158,31.899974992536933,31.937036514282227,3680000
2019-12-11,32.076009086956425,32.2891075166035,32.076009086956425,32.27058029174805,2954000
2019-12-12,32.17792263663401,32.51146919412664,32.17792263663401,32.44661331176758,4845500
2019-12-13,32.61338424682617,32.66897297949318,32.51146685776298,32.61338424682617,5634600
2019-12-16,32.402870178222656,32.51415906120376,32.375049726326054,32.402870178222656,3463900
2019-12-17,32.662541794130654,32.69963455200195,32.58834920299313,32.69963455200195,5502900
2019-12-18,32.73673221657626,32.79237666225637,32.68109130859375,32.68109130859375,5238400
2019-12-19,32.80164990998916,32.85729435726778,32.75528130610582,32.82019805908203,3254600
2019-12-20,32.93148395859349,32.95930795154015,32.8758430480957,32.8758430480957,3368500
2019-12-23,32.82947376995984,32.82947376995984,32.755281173887816,32.79237747192383,3713100
2019-12-24,32.72746222916231,32.783103141085746,32.61617332991972,32.671817779541016,1784100
2019-12-26,32.57907690465997,32.58834920970534,32.48633616571897,32.51416015625,1564100
2019-12-27,32.83874553197151,32.87584182939339,32.681091574474976,32.73673248291016,2513100
2019-12-30,32.801652256719144,32.848020863919835,32.625450134277344,32.625450134277344,2232100
2019-12-31,32.46778489569287,32.616166526032025,32.421416299530094,32.59762191772461,2820100
2020-01-02,32.903661997729586,33.00567504590461,32.83874524665414,32.99640274047852,3880500
2020-01-03,32.57907745102656,32.6068979043267,32.430695803929986,32.43996810913086,4085000
2020-01-06,31.9391731716428,32.10610293782169,31.87425643342845,32.05973434448242,4516100
2020-01-07,32.013370513916016,32.115383557057484,31.98555006131286,32.013370513916016,2940200
2020-01-08,32.180301111136224,32.56052930292731,32.13393250973683,32.43996810913086,6043100
2020-01-09,32.83874674929867,32.9036635033446,32.79237814465126,32.8758430480957,5249700
2020-01-10,33.07058811029598,33.15405300061661,33.014943670849824,33.02421951293945,4293400
2020-01-13,33.13550460746261,33.469364166259766,33.13550460746261,33.469364166259766,2475800
2020-01-14,33.40444564819336,33.43226609738268,33.293160313739065,33.40444564819336,4887800
2020-01-15,33.44154138443474,33.47863413683983,33.31170436907767,33.34880065917969,3700600
2020-01-16,33.38590336220725,33.43227196489301,33.31171076775193,33.339534759521484,2517700
2020-01-17,33.44154439978815,33.55282974243164,33.42299625306469,33.55282974243164,2506200
2020-01-21,33.033496467103554,33.070592765289305,32.810925753384446,32.82019805908203,4245600
2020-01-22,32.88510936173271,32.93147795793099,32.82946846137362,32.912933349609375,2986400
2020-01-23,32.81092479638766,32.93148245542849,32.68109129422209,32.8665657043457,4024000
2020-01-24,33.191154224207764,33.191154224207764,32.9685799710564,33.00567626953125,2518800
2020-01-27,32.62544236788285,32.801644448380245,32.55124978386471,32.59762191772461,3676700
2020-01-28,32.66253853434925,32.81092016411808,32.62544224248277,32.75527572631836,4119500
2020-01-29,32.79237747192383,32.82947376995984,32.70891257019165,32.79237747192383,2781100
2020-01-30,32.161751206121174,32.43069403232253,32.15247536372949,32.37504959106445,4821500
2020-01-31,32.04119465306323,32.078290952600554,31.82789623727037,31.98555374145508,5420900
2020-02-03,31.53113147010853,31.67951312375408,31.484762866662614,31.568227767944336,4905500
2020-02-04,32.31940351400901,32.46778514548976,32.31940351400901,32.33795166015625,6428900
2020-02-05,32.755280914747054,32.83874581581891,32.59762695588781,32.60689926147461,2938700
2020-02-06,32.98712567262346,32.98712567262346,32.82019587957069,32.85729217529297,4296400
2020-02-07,32.57907922363108,32.64399597666181,32.49561432149189,32.504886627197266,2430000
2020-02-10,32.514161509251004,32.708911762585004,32.514161509251004,32.68109130859375,2050800
2020-02-11,32.88511807658232,32.996406982187295,32.83874946809595,32.89439392089844,2823100
2020-02-12,32.98713001065173,33.107691218755,32.977857704350534,33.09841537475586,2896500
2020-02-13,32.92220988273957,32.99640247634481,32.783100538578545,32.8109245300293,5848000
2020-02-14,32.82019478753468,32.82947063000535,32.55125195904301,32.56052780151367,5073000
2020-02-18,32.45851940324095,32.523436159031604,32.34723404155667,32.35650634765625,4612800
2020-02-19,32.78309986021242,32.84801660942492,32.70891080583992,32.72745895385742,3074300
2020-02-20,32.48632822753631,32.55124496008359,32.30085387037073,32.32867431640625,3955900
2020-02-21,32.27303968070506,32.41214902849208,32.2359433829355,32.291587829589844,2441000
2020-02-24,31.373477384664383,31.56822764097253,31.271464334875063,31.41057014465332,7106000
2020-02-25,31.78152439553652,31.818620691296505,31.23436641501789,31.28073501586914,8665600
2020-02-26,31.47548580985752,31.6238674577824,31.31783185668001,31.33638000488281,7611100
2020-02-27,30.94687283982933,31.09525447275541,30.76139491424744,30.78921890258789,8116700
2020-02-28,29.41668729335302,29.954571175924432,29.231211129377613,29.852558135986328,19086900
2020-03-02,29.32394915415393,29.76909228717044,29.212662044263347,29.713451385498047,14313700
2020-03-03,29.694903778759866,30.26988217857397,29.518699921917445,29.639259338378903,13304200
2020-03-04,29.65781157290794,29.7412764761347,29.481609460628224,29.667085647583008,8405000
2020-03-05,29.49087949166861,29.59289253637672,28.331646779435587,28.507850646972656,13964300
2020-03-06,28.44293594360352,28.60986574918578,28.22036345911012,28.44293594360352,9201000
2020-03-09,26.36558952877912,27.10749776941445,26.36558952877912,26.89419937133789,11757500
2020-03-10,27.515548286679312,27.80303750986936,27.079677414820285,27.77521705627441,9845300
2020-03-11,27.200236475792387,27.33934404844548,26.54179313977167,26.55106544494629,14425500
2020-03-12,24.11203998033555,24.22332709699976,22.38710116955688,23.286666870117188,14635800
2020-03-13,26.11519540148112,26.59743665279298,24.928140421832403,26.254302978515625,9428000
2020-03-16,23.333036335936345,24.019301902422853,21.45971581266712,22.20162582397461,9576400
2020-03-17,23.4165023181204,24.418079376220703,23.11046493283555,24.418079376220703,9986000
2020-03-18,21.97905406633141,22.93426073846881,21.46899058530331,21.65446853637696,10039700
2020-03-19,21.385523517623444,21.47826248376482,20.745628365830136,21.153676986694336,12316300
2020-03-20,22.29436199224612,22.37782511128181,21.209320218599387,21.39479637145996,17723400
2020-03-23,19.84606263674452,20.07790916700753,18.992867334622662,19.011415481567383,19051400
2020-03-24,20.05936050415039,20.3746719187064,19.32672640716338,20.05936050415039,11410300
2020-03-25,20.78272329663539,21.793574332725,20.75490107559532,21.589550018310547,10203900
2020-03-26,22.739511276786263,23.43505096435547,22.62822414848168,23.43505096435547,10112300
2020-03-27,21.92340864212385,22.39637580430784,21.73793246816952,22.01614761352539,8070500
2020-03-30,21.59882705136205,21.88631629943848,21.320610109387417,21.88631629943848,7665200
2020-03-31,22.34073148588249,22.69313742867097,22.13670717888375,22.35927963256836,10298500
2020-04-01,21.17222735114533,21.246418178059,20.708534240722656,20.708534240722656,7727500
2020-04-02,21.06093815842202,21.468988550806056,20.847639773094624,21.246416091918945,9119300
2020-04-03,20.9682019241574,21.042392747196025,20.32830496991881,20.41176986694336,4746600
2020-04-06,21.32060626336,21.960503168736743,21.25568951926428,21.951229095458984,8111000
2020-04-07,23.323761541320444,23.34230968902115,22.516936573675792,22.591127395629883,6570200
2020-04-08,22.748784696744504,23.3515853881836,22.739510622248662,23.3515853881836,5529800
2020-04-09,23.806001930006893,24.065670682125127,23.490690505594987,23.61124992370605,7643300
2020-04-13,23.43504741953856,23.4999641642098,23.119736000693702,23.39795112609864,4256200
2020-04-14,24.000755436263976,24.37171135234089,23.92656460681837,24.093494415283203,6039500
2020-04-15,23.166105405571948,23.21247577398704,22.92498479635955,22.943532943725582,6057000
2020-04-16,23.37940393311259,23.462868827908643,23.138285091311445,23.19392776489257,8908100
2020-04-17,24.13058976361455,24.20478059013682,23.889469135204976,24.0471248626709,8715900
2020-04-20,23.77817916133066,23.97293116314232,23.54633263512783,23.62052345275879,4999300
2020-04-21,22.95281098113256,23.15683533084588,22.86007199713596,22.87862014770508,4415600
2020-04-22,24.06567314420542,24.0749454498291,23.908017415870223,24.0749454498291,6372200
2020-04-23,24.473719182294847,24.724113859643385,24.149135454823018,24.214052200317383,4451000
2020-04-24,23.90801729558024,23.96365997328657,23.6947171214831,23.88946914672852,5219800
2020-04-27,24.223326287103,24.714839799743885,24.204778140137662,24.68701934814453,7736000
2020-04-28,24.92814204167733,24.92814204167733,24.566461964115657,24.62210464477539,3483000
2020-04-29,25.15998727767692,25.670050758108363,25.07652414552513,25.65150260925293,6008000
2020-04-30,25.65150056184897,25.74423952987524,25.08579444885254,25.08579444885254,4811800
2020-05-01,24.50154469874858,24.58500960242604,24.112042404536723,24.31606674194336,5322500
2020-05-04,24.40880352760858,24.668472290039062,24.306790483645045,24.668472290039062,4671600
2020-05-05,24.40880408510512,24.52936527960632,24.18623161315918,24.18623161315918,5884100
2020-05-06,24.204777561197567,24.232598012131497,23.78745310870247,23.843095779418945,3927800
2020-05-07,24.223328042304605,24.362435616926952,24.13986314376144,24.27897071838379,4212800
2020-05-08,24.492268690045883,24.789031982421875,24.44590008893041,24.789031982421875,3437900
2020-05-11,24.39953055136464,24.54791220261473,24.334613800048828,24.334613800048828,3146000
2020-05-12,24.677750058281944,26.013185059375846,24.677750058281944,25.39183616638184,10985700
2020-05-13,25.141440143141068,25.159986522591065,24.482995029324663,24.594282150268555,6305100
2020-05-14,23.991483469984225,24.64065279461161,23.62052754865552,24.62210464477539,6603200
2020-05-15,24.010027067406675,24.19550500656793,23.954384393197785,24.102766036987305,4665000
2020-05-18,23.90801739157466,24.408805030640064,23.89874331711156,24.390256881713867,7031200
2020-05-19,23.91729110804016,23.95438563648847,23.703990936279297,23.703990936279297,4644500
2020-05-20,24.39952986577069,24.547911512851456,24.297518588933144,24.408803939819336,5008900
2020-05-21,24.473717949795013,24.585005057072813,24.24187143107744,24.297515869140625,6375700
2020-05-22,24.24187210705978,24.278968400136325,24.06567002149201,24.22332572937012,3030100
2020-05-26,24.34389007548058,24.5015458152948,24.16768618537082,24.20478248596192,4031900
2020-05-27,24.594281332496497,24.594281332496497,24.2604217496146,24.575733184814453,4385300
2020-05-28,25.08579403600108,25.18780707603596,24.82612705241944,24.87249565124512,6525400
2020-05-29,25.21562984921376,25.49384498596192,25.095068659467177,25.49384498596192,9627600
2020-06-01,25.966812946343424,26.1615631943936,25.809157225558103,26.143016815185547,6376100
2020-06-02,26.560338702692945,26.79218523960569,26.42123113431504,26.755090713500977,8867200
2020-06-03,26.699447768600347,26.912746155868856,26.62525517944746,26.884923934936523,5234600
2020-06-04,26.59743527210233,26.76436506341784,26.38413688046529,26.467601776123047,5552900
2020-06-05,26.986938741383465,27.265153893510064,26.959116518631284,27.107498168945312,5375200
2020-06-08,26.9498391988798,27.16313934326172,26.764363042748087,27.16313934326172,2909500
2020-06-09,26.68090070767226,26.78291198421369,26.4768746168919,26.708721160888672,3652500
2020-06-10,26.84782968212337,26.931294576920127,26.523244176674723,26.91274642944336,4114900
2020-06-11,25.79988078735092,25.874071603930886,24.81685202545424,24.82612609863281,17101900
2020-06-12,26.16156414470201,26.245029045140704,25.707145113896264,26.18938636779785,12432500
2020-06-15,25.74861789801685,26.3437460822418,25.68352597456997,26.232158660888672,6184300
2020-06-16,26.3251485266988,26.39024045173708,25.609135577655668,25.776514053344727,8978000
2020-06-17,26.064780116741385,26.250756786983075,25.925295397032755,26.00898551940918,6464300
2020-06-18,26.18566606654912,26.33444811902549,26.120574140293453,26.241458892822266,4435200
2020-06-19,26.85518484535846,26.85518484535846,26.48322972050179,26.650609970092773,8041900
2020-06-22,27.07835777888175,27.36662275855649,27.050460481382203,27.30153083801269,4515400
2020-06-23,27.65489031925129,27.80367237255769,27.51540736597929,27.561901092529297,2914300
2020-06-24,27.236442778536773,27.26433830636901,26.8551867531496,26.92028045654297,4482300
2020-06-25,26.994669959981373,27.27363586425781,26.985370860022563,27.27363586425781,4521600
2020-06-26,27.18064393777728,27.236438531986703,26.91097716025221,27.01326370239257,4009700
2020-06-29,27.00397085823144,27.20854575008273,26.938877154184944,27.162050247192383,3787400
2020-06-30,27.134152686848147,27.152750886611365,26.85518501126577,26.985370635986328,4055200
2020-07-01,27.16204824665656,27.62699259958356,27.16204824665656,27.58979797363281,5347800
2020-07-02,28.147729622616453,28.46389190282672,28.13843052336064,28.24071884155273,6341700
2020-07-06,28.79865336138328,28.91024078950012,28.71496323370114,28.83584976196289,2943400
2020-07-07,28.78935514102435,28.95673540150366,28.631275754596167,28.66847038269043,4770200
2020-07-08,28.361605530752502,28.63127410680968,28.296513605117177,28.57547950744629,4716000
2020-07-09,28.770755857491054,28.8172495813986,28.408098071249054,28.61267471313477,3559600
2020-07-10,28.59407764544695,28.64987047106782,28.4731928943314,28.62197494506836,2192900
2020-07-13,28.807949148514098,29.031122205460115,28.621972487869986,28.64986801147461,3971000
2020-07-14,28.09193587106243,28.473191857517644,27.989649323419115,28.454593658447266,4567200
2020-07-15,28.575479863945024,28.70566549046179,28.510387937497622,28.594078063964844,2647100
2020-07-16,28.64987018145691,28.8358486298091,28.62197465573944,28.826549530029297,3495100
2020-07-17,29.31939280203108,29.39378383077165,29.16131164425462,29.30079460144043,3313000
2020-07-20,29.468174395703898,29.737841205535823,29.41237979481012,29.709945678710938,3470700
2020-07-21,29.923818783742767,30.0168062352615,29.84942598473266,29.8773250579834,3000100
2020-07-22,29.905219674406577,29.942416072780283,29.7378394289687,29.886621475219727,2351400
2020-07-23,29.89592130106199,30.01680427067583,29.6820455651499,29.71924018859864,2740000
2020-07-24,29.83083438680538,30.035407510543003,29.784337109040944,29.951717376708984,3407400
2020-07-27,29.93311745776348,30.18418784486141,29.89592460382768,30.17489051818848,4183100
2020-07-28,30.33296886328356,30.4259598630478,30.23068053716485,30.277177810668945,2347900
2020-07-29,30.1934867781762,30.34226882608901,30.128394853917086,30.28647422790528,3838900
2020-07-30,30.09120211551377,30.09120211551377,29.672751446343668,29.951717376708984,4800200
2020-07-31,30.06330324427932,30.08189789662467,29.542564297512875,29.700645446777344,4798600
2020-08-03,29.523966771359984,29.68204792423025,29.458874844934925,29.57975959777832,6119300
2020-08-04,29.858726154174725,30.12839472336184,29.858726154174725,30.10979652404785,3764100
2020-08-05,30.119095168563817,30.37946287586978,30.119095168563817,30.2492790222168,2849600
2020-08-06,30.370165901984603,30.54684348438693,30.34227037509056,30.53754615783692,2701300
2020-08-07,30.37946136179789,30.500347882983966,30.27717658705684,30.42595863342285,2431600
2020-08-10,30.64912974734393,30.770016267812142,30.5561422991338,30.74212074279785,2242700
2020-08-11,30.86300523722337,30.89090431085654,30.518947405195103,30.5654411315918,2934800
2020-08-12,30.74212142412052,30.92809632466248,30.732820550747107,30.89090347290039,2785200
2020-08-13,30.760722690897648,30.844409276139945,30.65843435705368,30.69562721252441,1842000
2020-08-14,30.5003502704986,30.686328729825146,30.46315386918448,30.62123680114746,1296900
2020-08-17,30.78861733574602,30.909503867478275,30.695626331627327,30.863006591796875,2085600
2020-08-18,31.09547396108322,31.141971229557026,30.88160000562921,31.12337303161621,3335100
2020-08-19,31.04898196421555,31.04898196421555,30.760718748232616,30.78861427307129,2218900
2020-08-20,30.509651066043705,30.90020263710612,30.46315379089851,30.84440803527832,2539500
2020-08-21,30.70492379452303,30.83510763858244,30.611932800735094,30.77001571655273,3803000
2020-08-24,31.300051568831755,31.31864976735348,31.123374003740928,31.2442569732666,3146600
2020-08-25,31.207065194266683,31.300052642822266,31.11407419846732,31.300052642822266,1865300
2020-08-26,31.34654621665352,31.50462913513184,31.31865069166948,31.50462913513184,3304600
2020-08-27,31.616214036423845,31.84868619845637,31.448833795980928,31.57901763916016,4491200
2020-08-28,32.03466602907229,32.1462516784668,31.97887143075312,32.1462516784668,4083100
2020-08-31,31.16987069966561,31.16987069966561,30.88160391594718,31.030385971069336,6372400
2020-09-01,31.54182350313189,31.64411182931825,31.46743425051523,31.597618103027344,5079000
2020-09-02,31.541822118993554,31.68130683898925,31.365144547943608,31.68130683898925,4241600
2020-09-03,31.59761565069192,31.70920129457857,31.151269527901675,31.2442569732666,5895200
2020-09-04,31.1512678362485,31.374442659146062,30.797909178012137,31.0861759185791,6351300
2020-09-08,30.742122490250324,30.93739827093781,30.56544136246681,30.67703056335449,7393400
2020-09-09,31.086177606697493,31.309348894470784,31.086177606697493,31.2442569732666,3046900
2020-09-10,31.737098679001207,31.80219059674544,31.30934723022609,31.355844497680664,4661300
2020-09-11,31.66270759339929,31.737100387536685,31.448833631119776,31.513925552368164,3147500
2020-09-14,31.737103823471184,31.904484081157644,31.737103823471184,31.876585006713867,3636300
2020-09-15,31.87658397311996,32.03466689902871,31.87658397311996,31.978872299194336,2282800
2020-09-16,32.08116446940775,32.397326811865604,32.071867141943265,32.136959075927734,5405700
2020-09-17,31.86728443638927,32.11835479736328,31.81148984042493,32.11835479736328,3100700
2020-09-18,32.04396526440033,32.053266138296266,31.83939215286225,31.876585006713867,3265200
2020-09-21,31.21636374761141,31.430237725493527,31.0024897697293,31.42094039916992,5454300
2020-09-22,31.179166273517183,31.197764472767496,30.872304853996592,31.09547615051269,3164400
2020-09-23,30.85370862971357,30.881604156752744,30.584040044188114,30.602638244628903,4007600
2020-09-24,29.84942572343985,30.32367094486813,29.812232871504275,30.14698982238769,6152600
2020-09-25,30.59333869731536,30.770016267812142,30.37946118139324,30.74212074279785,4135600
2020-09-28,31.225664780475327,31.30935135954645,31.11407558055928,31.21636390686035,2860500
2020-09-29,31.17916505206242,31.3372479658752,31.16986772642339,31.2442569732666,3199200
2020-09-30,31.44883418089433,31.63481262224535,31.411637783175387,31.48603057861328,4205800
2020-10-01,31.848687096353743,31.969573617247,31.690607724391924,31.95097541809082,3842100
2020-10-02,31.420942291821035,31.811493871328004,31.383745889798234,31.69061088562012,2963900
2020-10-05,32.136957834287706,32.30433810013641,32.10905875848344,32.28573989868164,3398200
2020-10-06,32.53680469872923,32.57399754799464,32.2950316686642,32.350826263427734,4366900
2020-10-07,32.685589478265285,32.75997873027738,32.64839307863728,32.67628860473633,6992300
2020-10-08,32.7599731661376,32.86226147411943,32.69488125146613,32.74137496948242,6321800
2020-10-09,33.01105168920132,33.131938223826765,32.87156695330702,33.09474182128906,2862100
2020-10-12,32.8622676984371,33.03894527926017,32.82507129808151,32.9366569519043,2846900
2020-10-13,32.77857628667074,32.77857628667074,32.61119603887419,32.68558883666992,6282000
2020-10-14,32.99244935779692,33.14123140207838,32.89946191033741,32.96455383300781,3286400
2020-10-15,32.12764981663606,32.34152376494657,32.11835249159797,32.32292556762695,4409900
2020-10-16,32.36942899030563,32.4810146482004,32.29503618687971,32.38802719116211,2540400
2020-10-19,32.57399852492386,32.6855877177976,32.41591915588497,32.471710205078125,2286300
2020-10-20,32.601903561101444,32.7506856315749,32.53681162697208,32.58330535888672,3154500
2020-10-21,32.443819002590665,32.67629119784826,32.42522080130075,32.55540466308594,3041300
2020-10-22,32.49961057694476,32.49961057694476,32.25783752995747,32.36942672729492,5256700
2020-10-23,32.47171253977082,32.57400086697102,32.31363315936614,32.536808013916016,2585600
2020-10-26,31.913781407809537,32.04396526440033,31.783597551218744,31.876585006713867,5075300
2020-10-27,32.16484852037839,32.22994044204828,32.04396200274416,32.11835479736328,3906300
2020-10-28,31.52322944429707,31.60691957209497,31.160569859010167,31.18846893310547,6895300
2020-10-29,31.253560110821063,31.42094036240145,31.07687898568404,31.26285743713379,6333500
2020-10-30,31.40234271791961,31.4395391183162,31.04898400863991,31.234962463378903,3934300
2020-11-02,31.11407554519569,31.34654772389065,31.04898361894061,31.32794952392578,3796600
2020-11-03,31.458138114526005,31.59761929867668,31.411640839231712,31.560422897338867,4064100
2020-11-04,31.9881700762543,32.57399735520795,31.87658088738767,32.39731979370117,4760400
2020-11-05,32.685592959631094,32.825074152226485,32.61120015245145,32.81577682495117,3382500
2020-11-06,32.93665354596505,33.15053105227087,32.899460696699514,33.11333465576172,3487400
2020-11-09,34.28499505968518,34.31289413255381,33.78285786221993,33.89444351196289,11315800
2020-11-10,33.42950510196819,33.56898630210211,33.317919432412154,33.46670150756836,3367100
2020-11-11,33.51318908921803,33.671268463134766,33.49459088983186,33.671268463134766,4511200
2020-11-12,33.38300354403062,33.494589187432375,33.15982870998348,33.2435188293457,3574800
2020-11-13,33.53178761113499,33.829351709688275,33.53178761113499,33.80145263671875,2327300
2020-11-16,34.15481121769166,34.18270674332236,33.95953544378907,34.16411209106445,3423900
2020-11-17,33.885147266345534,34.154815875027,33.86654906430774,34.10832214355469,3570400
2020-11-18,34.22921044682738,34.275704180695264,34.02463376111527,34.04323196411133,2782900
2020-11-19,33.82934913486516,33.968830300121134,33.7549563422671,33.92233657836914,1920100
2020-11-20,34.00602987731277,34.03392540352457,33.89444422522165,33.931640625,1842400
2020-11-23,34.23850777470315,34.24780864982344,33.98743735512316,34.04323196411133,2989800
2020-11-24,34.405881725940354,34.64765122592993,34.34078980104916,34.61045837402344,6200100
2020-11-25,34.10832090266343,34.33149222450908,34.09902002836074,34.257102966308594,2832700
2020-11-27,34.4523752497057,34.4523752497057,34.26639680228579,34.38728332519531,9703300
2020-11-30,34.20130245612469,34.20130245612469,33.85724465846764,33.92233657836914,6035800
2020-12-01,34.787134663451674,35.01960682868384,34.70344454207835,34.9824104309082,3708400
2020-12-02,34.796429209043964,34.95451211333778,34.70344176927828,34.88011932373047,3239700
2020-12-03,35.09400325233788,35.233484437550835,34.99171492150191,35.028907775878906,2392600
2020-12-04,35.224185356158785,35.36366653442383,35.16839075650642,35.36366653442383,2177700
2020-12-07,35.577537612049845,35.754218722924534,35.55894296092543,35.6240348815918,1851300
2020-12-08,35.69842755668152,35.71702575683594,35.540348176234865,35.71702575683594,3874100
2020-12-09,35.95879389962716,35.95879389962716,35.51244775459288,35.68912887573242,2998400
2020-12-10,35.651934022578665,35.94020080566406,35.59613942181389,35.94020080566406,2766700
2020-12-11,35.86580204618581,35.921596637681326,35.763513735399066,35.82860565185547,2366500
2020-12-14,36.081752871316354,36.09105792580255,35.774632820385,35.80255508422852,6055800
2020-12-15,36.03521826560581,36.37025700942779,35.97007223766179,36.34233474731445,5805200
2020-12-16,36.32372178252225,36.407481470076256,36.221348436601545,36.29580307006836,4340000
2020-12-17,36.48194083259432,36.5843141917854,36.43540845574186,36.56570053100586,4391000
2020-12-18,36.6215344557282,36.70529414611767,36.55638842433556,36.60292434692383,4662600
2020-12-21,35.19762344067107,35.4861298312378,35.14178246340874,35.365142822265625,5286600
2020-12-22,35.73740498567344,35.7839373531944,35.5791906758717,35.64433670043945,5955000
2020-12-23,36.28649770185763,36.32372146807647,36.221348123041984,36.258575439453125,4906100
2020-12-24,36.50985710434037,36.640149170881344,36.50985710434037,36.63084411621094,2924800
2020-12-28,37.00310511497991,37.02171877373794,36.83558928654244,36.96588134765625,4541800
2020-12-29,37.07755385609443,37.20784589649677,36.98448912729042,37.10547256469727,6577000
2020-12-30,37.32883527595524,37.43120861431436,37.28230290857165,37.31952667236328,6492800
2020-12-31,37.43121337890625,37.46843714743606,37.18923935740362,37.43121337890625,4121700
2021-01-04,38.01752728360262,38.06406320662524,37.51497268676758,37.51497268676758,4324800
2021-01-05,37.933767334562496,38.19435501098633,37.90584862109269,38.19435501098633,3571800
2021-01-06,37.803475341162425,38.25019250846537,37.803475341162425,38.073368072509766,4333500
2021-01-07,37.887232991324936,38.01752504766342,37.85000567517329,37.89654159545898,1914500
2021-01-08,38.61314979382409,38.78997421264648,38.41770816753479,38.78997421264648,3823900
2021-01-11,38.52008294576827,38.6596836054458,38.44563186408124,38.57592391967773,1969100
2021-01-12,38.85512679079605,39.004032523914745,38.77136709402974,38.92027282714844,2488200
2021-01-13,39.10640105036614,39.10640105036614,38.715521330343634,38.7713623046875,2440500
2021-01-14,38.89235204987486,39.05056282971714,38.85512473102049,38.90165710449219,2913100
2021-01-15,38.38048491277899,38.43632233515265,38.12920586152103,38.14781951904297,7736900
2021-01-19,38.59453941904718,38.59453941904718,38.2688057143225,38.278114318847656,3509400
2021-01-20,38.99472389245856,39.08778863580017,38.86442828151095,39.07848358154297,4322500
2021-01-21,38.90165710449219,38.97611174220093,38.78067009331175,38.90165710449219,2038000
2021-01-22,38.25950374128711,38.6410749031236,38.23158502584797,38.48286056518555,3663800
2021-01-25,37.96168422728136,37.989602936801134,37.5987268027565,37.85000228881836,5007000
2021-01-26,37.74763731316711,37.87792937444879,37.68249128252626,37.840702056884766,2996300
2021-01-27,37.22646508660972,37.35675714638208,37.0124133383848,37.04964065551758,5925000
2021-01-28,37.35675597650644,37.71040837780801,37.27299629067692,37.61734008789063,3572000
2021-01-29,36.723909325768965,36.723909325768965,36.28650074690517,36.42609786987305,5379500
2021-02-01,37.77555459306228,37.92446030747658,37.63595393258975,37.89654159545898,6167100
2021-02-02,38.61315258814125,38.81789573259642,38.46424686935914,38.79928207397461,3372200
2021-02-03,38.957494566987776,39.20877362128887,38.88303993599832,39.09709167480469,3034600
2021-02-04,39.12501904167276,39.28322982788086,38.98541836544812,39.28322982788086,2494900
2021-02-05,39.255311112713,39.35768446858538,39.09709677631223,39.28322982788086,2094200
2021-02-08,39.63687858723434,39.8137030171856,39.58103761189547,39.72063827514648,2349200
2021-02-09,39.5252020010014,39.720640098369785,39.50658834170072,39.58103942871094,4095600
2021-02-10,39.86954123232239,39.87884628580517,39.46935647891311,39.5903434753418,5078500
2021-02-11,40.01844787597656,40.08359390245697,39.86023711172193,40.01844787597656,2567500
2021-02-12,40.01845449676195,40.11151924993312,39.95330845950357,40.02775955200195,1622300
2021-02-16,40.06498343834719,40.12082441557799,39.897464056847255,39.94399642944336,2201300
2021-02-17,39.93469061259963,40.139437308344576,39.84162586918415,40.111515045166016,2502800
2021-02-18,39.82301708155893,39.99053648035146,39.68341639916755,39.98122787475586,2256000
2021-02-19,39.813702322600335,39.943994379258974,39.7113289780279,39.76716995239258,3028000
2021-02-22,38.994726072086,39.255310208161895,38.89235271857258,39.01333618164063,3853400
2021-02-23,39.19946451967856,39.47866228196016,38.92957536124858,39.42282485961914,4336900
2021-02-24,39.59965368444293,39.81370544433594,39.34837460538786,39.81370544433594,3403400
2021-02-25,39.78578415528685,39.9533035304824,39.07848288794416,39.12501525878906,5815300
2021-02-26,38.064067491416736,38.296732931950594,37.71972008328775,38.18505096435547,10006000
2021-03-01,38.78997650839798,39.20877494638683,38.77136285002155,39.12501525878906,4179400
2021-03-02,39.64618584650984,39.64618584650984,39.29253696693713,39.49728012084961,4283500
2021-03-03,40.03706122635883,40.18596693577034,39.80439583351634,39.8230094909668,5268200
2021-03-04,40.0184544200386,40.325574495261655,39.30184446137757,39.43213653564453,6629000
2021-03-05,39.72063865600041,39.82301200334043,39.16224309802696,39.63687896728516,5165900
2021-03-08,39.69271971375789,39.81370316883108,39.32045364379883,39.32045364379883,4616600
2021-03-09,39.91607695387805,40.24181065621705,39.82301221046257,40.111515045166016,3546700
2021-03-10,40.22319618662437,40.2418098449707,39.97191712423729,40.2418098449707,3667100
2021-03-11,40.54893065472067,40.8002097438941,40.49308967372901,40.75367736816406,3845900
2021-03-12,39.850932378790176,39.99983810380837,39.79509140058616,39.89746475219727,4816900
2021-03-15,39.59034552552618,39.841624584878815,39.46935852283218,39.76716995239258,2987000
2021-03-16,40.06498087528166,40.13943550682633,39.943993874117695,40.09290313720703,3754100
2021-03-17,39.19015872193251,39.87884628580517,39.13431775045956,39.5903434753418,4376300
2021-03-18,38.641069315842856,38.845815999971805,38.49216360471058,38.50146865844727,5330500
2021-03-19,39.30184027954679,39.54381429188962,39.125015847598085,39.515892028808594,6357800
2021-03-22,39.61826881163774,39.78578820388002,39.33907100796484,39.59965515136719,3085200
2021-03-23,39.599648645469,39.70202198504159,39.34836959838867,39.34836959838867,2735000
2021-03-24,38.97610823591556,39.097091686019816,38.892348551124506,38.93888092041016,2947800
2021-03-25,38.29672824703078,38.696913039809,38.25950092905317,38.63176345825195,4529100
2021-03-26,38.99472612983214,39.59965409664596,38.7992844772932,39.57173538208008,4985500
2021-03-29,39.22739524244473,39.32045999988207,39.05056723304367,39.13432693481445,3505800
2021-03-30,39.14362754354521,39.19015991275722,38.92026720105849,39.05986785888672,4077200
2021-03-31,38.95749860415811,39.27392371827005,38.95749860415811,39.25531005859375,2653500
2021-04-01,39.506582790881,39.55311515749848,39.34836848415116,39.441436767578125,4121300
2021-04-05,39.10640580184536,39.10640580184536,38.75275335508288,39.041259765625,5020400
2021-04-06,38.98541285271956,39.19015953551213,38.95749414149954,39.14362716674805,2561500
2021-04-07,38.89235036708367,38.90165542129838,38.678298618221405,38.79928207397461,4512600
2021-04-08,39.13432451731332,39.13432451731332,38.98541878449638,39.041259765625,2390900
2021-04-09,38.873736708461855,38.929577684327285,38.72483098967974,38.79928207397461,2933000
2021-04-12,37.58012055099813,37.58012055099813,37.29161414507705,37.37537384033203,3168800
2021-04-13,37.63595199584961,37.766247595675374,37.44982252505413,37.63595199584961,5907500
2021-04-14,38.08267312695271,38.29672843125747,37.96168966823215,38.073368072509766,4068900
2021-04-15,38.15712599397927,38.25949933906706,37.9523793038037,38.25019073486328,8007900
2021-04-16,38.35256751730539,38.41771355180138,38.18504812854639,38.33395385742188,4654800
2021-04-19,37.55219344116386,37.58011570277503,37.29160933407425,37.384674072265625,5903800
2021-04-20,37.114784738444186,37.21715808009287,36.65875900297068,36.7890510559082,10710500
2021-04-21,36.49124403552759,36.93796122098204,36.41679294638149,36.86351013183594,4639600
2021-04-22,37.40329412011168,37.49636242439551,36.92865819393892,37.04033660888672,3743100
2021-04-23,37.32883978753896,37.37537216054647,37.152011799840935,37.27299880981445,5527000
2021-04-26,37.54288856811839,37.84069999199482,37.46843393705318,37.82208633422852,5001000
2021-04-27,38.23158544774486,38.25019555811451,38.110598429185664,38.24089050292969,3068800
2021-04-28,38.57592840092343,38.9109671829161,38.37118168966288,38.68760681152344,5688500
2021-04-29,38.86442810405476,38.873736708461855,38.51077924081748,38.79928207397461,4714200
2021-04-30,38.389791030476935,38.52008308654961,38.10128465617869,38.17573928833008,5915900
2021-05-03,38.52008431357625,38.75274972117233,38.51077925935705,38.64107131958008,4530100
2021-05-04,38.10128534842377,38.19435364030393,37.83139617745214,38.129207611083984,5404300
2021-05-05,38.734133240822096,38.85512023801221,38.66898721545636,38.78997421264648,3786700
2021-05-06,39.022642897419246,39.32045433857173,38.90165589001592,39.273921966552734,5638700
2021-05-07,39.54381241683467,39.80439652528552,39.38559810085222,39.7764778137207,4056700
2021-05-10,39.77647618357968,39.77647618357968,39.366982829719326,39.39490509033203,3196200
2021-05-11,39.08778544005335,39.54381116560516,39.08778544005335,39.469356536865234,3073400
2021-05-12,39.07847924490576,39.11570300799615,38.43632051645645,38.44562911987305,6468700
2021-05-13,38.780667969610434,39.069174349643866,38.74344420298704,39.0040283203125,4225800
2021-05-14,39.236695988492336,39.56242615393892,39.17154995540302,39.49728012084961,3667800
2021-05-17,39.72064031317332,39.94399712560436,39.59965330216088,39.89746475219727,4243600
2021-05-18,40.158050537109375,40.3255699136176,40.13943687858709,40.158050537109375,2454100
2021-05-19,39.81370249251906,40.25111458476182,39.81370249251906,40.20458221435547,3924900
2021-05-20,40.13943618574812,40.25111458476182,40.102208869346114,40.20458221435547,2508500
2021-05-21,40.52101330934783,40.52101330934783,40.05568243592912,40.10221481323242,3802000
2021-05-24,40.38140897928186,40.66060676807244,40.34418166072511,40.576847076416016,2277700
2021-05-25,40.63268699660512,40.707141631780594,40.50239493524044,40.548927307128906,2814800
2021-05-26,40.86534981297248,41.09801520784255,40.79089873271399,41.01425552368164,2858100
2021-05-27,41.2003877966768,41.29345253284719,41.098014456774095,41.1817741394043,3891800
2021-05-28,41.20969772338867,41.405139372765454,41.172473954633965,41.20969772338867,3305700
2021-06-01,41.66572227551262,41.67502732987859,41.516816554310175,41.58196258544922,3325700
2021-06-02,41.69364020723741,41.93561421852575,41.637802781703456,41.907691955566406,4192400
2021-06-03,41.73086922112606,41.93561592358834,41.684336847891686,41.85185623168945,3218100
2021-06-04,42.2055066899372,42.24273400999667,42.13105560001088,42.233428955078125,1928800
2021-06-07,42.27995650282084,42.289261556677,42.10313207801588,42.24272918701172,2709800
2021-06-08,42.27065342406214,42.28926708439973,42.056601655468896,42.18689727783203,2357300
2021-06-09,42.010066986083984,42.11244033725507,41.98214827219823,42.010066986083984,4395200
2021-06-10,42.19823277553862,42.300701460731645,42.0957640903456,42.207550048828125,2963800
2021-06-11,42.272756806254606,42.272756806254606,42.01192645626699,42.11439514160156,2876200
2021-06-14,42.11439718583204,42.28207257842782,42.06782147755516,42.10508346557617,1557300
2021-06-15,42.15165750763554,42.15165750763554,41.89083070879625,41.9280891418457,1895200
2021-06-16,41.84425075081428,42.002612414252496,41.33191088157028,41.45301055908203,4158000
2021-06-17,41.322601318359375,41.45301472872137,41.164239638992015,41.322601318359375,4243600
2021-06-18,41.12697815322043,41.12697815322043,40.88477879179406,40.9686164855957,3232800
2021-06-21,41.28533513010849,41.55547919752785,41.18286644567366,41.52753448486328,1873300
2021-06-22,41.32259718482198,41.4716415751122,41.22944221995399,41.415748596191406,2557300
2021-06-23,41.33191715635847,41.480961569192914,41.20150373931573,41.22013473510742,2005900
2021-06-24,41.453012640617054,41.46232636081707,41.2853372490268,41.3878059387207,2075800
2021-06-25,41.583423979455226,41.592741252691305,41.3319109045595,41.415748596191406,2075700
2021-06-28,41.51822075126161,41.57411373485444,41.4343830526218,41.546165466308594,1868300
2021-06-29,41.32259718482198,41.44369686240108,41.173552794531766,41.415748596191406,1611900
2021-06-30,41.17355902237775,41.2760277224825,41.061776601126695,41.22013473510742,3533800
2021-07-01,41.15492074728086,41.21081372476983,40.86614569383557,41.08971405029297,2016800
2021-07-02,41.26670627998445,41.36917496974008,41.08039989438319,41.35054397583008,1653700
2021-07-06,41.20150061657331,41.20150061657331,40.83820510991795,40.977935791015625,2469400
2021-07-07,41.24807564739847,41.30396862961808,41.01519355173159,41.20149993896485,2003300
2021-07-08,40.83820339372174,41.00587878259299,40.78231041293176,40.89409637451172,3047400
2021-07-09,41.18286888192311,41.31328228673736,41.12697945328773,41.294654846191406,2096700
2021-07-12,41.14560662114702,41.331913006860695,41.07108619896079,41.31328201293945,1459900
2021-07-13,41.18286719852698,41.3691735778599,41.117660498785256,41.15492248535156,1511300
2021-07-14,41.51821933002632,41.51821933002632,41.28533723660975,41.406436920166016,1832500
2021-07-15,41.44369858495012,41.56479471406385,41.37848833008288,41.49958801269531,2435800
2021-07-16,41.42506831434451,41.51821973121175,41.14560695674523,41.20149993896485,1859300
2021-07-19,40.83820167047428,40.98724605945964,40.69847100114489,40.81025695800781,3472000
2021-07-20,40.73573406718125,41.136291539484205,40.67984108726736,41.08039855957031,1957000
2021-07-21,40.82888898664293,41.18286719852698,40.82888898664293,41.15492248535156,4084200
2021-07-22,41.41574860772488,41.50890357261881,41.3412281893083,41.397117614746094,3542300
2021-07-23,41.48095907581106,41.508907344568215,41.25739424674724,41.47164535522461,2556600
2021-07-26,41.471639090405766,41.769727853126696,41.453008098548416,41.74178314208984,3466100
2021-07-27,41.21081514510257,41.35054226339299,41.0431397603552,41.24807357788086,4152300
2021-07-28,41.313283743291976,41.43438343210278,41.01519493506453,41.37849044799805,3806000
2021-07-29,41.620687646042,41.620687646042,41.46232597612107,41.57411193847656,2469300
2021-07-30,41.49959146921324,41.72315985931126,41.49959146921324,41.6300048828125,2483200
2021-08-02,41.872202172915216,41.90946416165012,41.69520950317383,41.69520950317383,2998600
2021-08-03,42.40316907825289,42.68262686042555,42.27275568347221,42.67331314086914,2211200
2021-08-04,42.53358840942383,42.682632817617865,42.505643693355886,42.53358840942383,1684900
2021-08-05,42.61742332570145,42.86893641437134,42.56153034371967,42.859619140625,2100400
2021-08-06,42.56152726339749,42.58015825604304,42.4683758536683,42.54289627075195,1979800
2021-08-09,42.53358883807098,42.56153355442055,42.28207573042778,42.310020446777344,2051600
2021-08-10,42.41248530848996,42.43111630220416,42.21686520473887,42.32864761352539,1838900
2021-08-11,42.626737705948095,42.70126168307768,42.49632429947014,42.65468597412109,1787400
2021-08-12,42.710575103759766,42.74783709206308,42.53358598956719,42.710575103759766,1404000
2021-08-13,42.99934765193838,43.07387162415856,42.84098954121836,43.05524063110352,3240200
2021-08-16,43.15770864500599,43.29743576049805,42.99934698325009,43.29743576049805,3040600
2021-08-17,43.19496740622781,43.25086038494971,42.97140259833732,43.18565368652344,3036400
2021-08-18,43.13907873836563,43.25086114427336,42.79441069377733,42.81304168701172,2974700
2021-08-19,42.54290000842672,42.78509938059905,42.41248660194877,42.65468597412109,2719900
2021-08-20,42.75715357070817,43.1483937801205,42.67331587533428,43.12044906616211,1981600
2021-08-23,43.18565368652344,43.28812237076431,43.11112971489424,43.18565368652344,1808600
2021-08-24,43.46511460631086,43.53032130943755,43.37196318855811,43.44648361206055,2780400
2021-08-25,43.41853889743449,43.46511460631086,43.31607020580717,43.44648361206055,1998600
2021-08-26,43.53031779437134,43.53031779437134,43.35332869353344,43.3719596862793,1386300
2021-08-27,43.87498191887048,44.35937706581982,43.828406214134645,44.312801361083984,3158700
2021-08-30,44.77856448528531,44.85308845394697,44.70404407012205,44.72267150878906,1834400
2021-08-31,45.38406379611438,45.4492704984135,45.2350193975023,45.27227783203125,6349300
2021-09-01,45.430637040629655,45.60762614391477,45.412006047626186,45.52378845214844,3905500
2021-09-02,45.840511334843086,45.91503531191074,45.74735991700732,45.82188034057617,3222100
2021-09-03,46.11065634513477,46.32490745324785,46.0547633612144,46.29696273803711,2814000
2021-09-07,45.859141940957045,46.05476204885569,45.831197226542606,46.00818634033203,3047400
2021-09-08,45.80324793543792,45.86845819011287,45.486531703152586,45.66352081298828,2016700
2021-09-09,45.96161272844361,45.99887471836184,45.79393732731055,45.92435073852539,2581700
2021-09-10,46.045444828458,46.11065152613428,45.87776944771945,45.91503143310547,2017100
2021-09-13,45.96160886282508,46.01750184300152,45.83119546257871,45.998870849609375,3195800
2021-09-14,46.11065151484324,46.16654449290858,45.84982472420204,45.93366241455078,1991800
2021-09-15,46.35284798390126,46.4925786543384,46.2131208669627,46.46463394165039,2549900
2021-09-16,46.36216496239901,46.52052307128906,46.222434292850174,46.52052307128906,2805800
2021-09-17,46.222433928793805,46.231751201889566,45.81256275004319,45.91503143310547,4088900
2021-09-20,45.4958457698984,45.7380415827557,45.29090839121232,45.53310775756836,3778200
2021-09-21,45.86846162252862,45.961613044465736,45.74736193121121,45.849830627441406,2845700
2021-09-22,46.04544618858749,46.39011067984283,45.933663782626034,46.16654586791992,4092800
2021-09-23,46.595048743633214,46.697517431243256,46.52052476955368,46.6416244506836,3884800
2021-09-24,46.4087389112646,46.61367627124679,46.4087389112646,46.49257659912109,2626100
2021-09-27,46.3714827708977,46.604364871681234,46.24106936301874,46.48326873779297,3029400
2021-09-28,45.96161139995722,45.9709251204181,45.57968489808208,45.654205322265625,3586100
2021-09-29,45.74736058233853,45.75667430285804,45.53310947540125,45.616947174072266,2733600
2021-09-30,45.579681798181205,45.700781476929606,45.31885500102951,45.35611343383789,4598800
2021-10-01,45.64488770819981,45.85913879551235,45.43995034055367,45.78461837768555,3379500
2021-10-04,45.95229416091628,46.01750085964606,45.43063701757952,45.56105041503906,3722300
2021-10-05,46.05476198560013,46.19449266447798,45.998872556848006,46.101341247558594,2011100
2021-10-06,45.2815960943502,45.69146731110682,45.19775839620693,45.654205322265625,3770300
2021-10-07,46.03613315478112,46.08271241892837,45.87777502787708,45.92435073852539,1872300
2021-10-08,46.14791531533635,46.14791531533635,45.69146486026236,45.8870849609375,2315400
2021-10-11,45.81256870555981,45.91503740194276,45.72873100429185,45.75667572021485,1678300
2021-10-12,45.9429799368287,46.092024337174095,45.87777323377126,45.95229721069336,2397900
2021-10-13,46.641624772898574,46.66956948662212,46.38079796881564,46.5484733581543,2922700
2021-10-14,46.90245052616584,47.00491921218802,46.753406133815005,46.958343505859375,2693400
2021-10-15,46.99560721432802,47.19122732017537,46.93971423258645,47.04218292236328,4277900
2021-10-18,46.902450195434334,47.1073875660336,46.87450548253392,47.070125579833984,2590500
2021-10-19,46.84656140806797,46.94903009476406,46.7347754479457,46.88382339477539,2555300
2021-10-20,46.81861323672617,46.81861323672617,46.64162412975309,46.73477554321289,2304200
2021-10-21,46.32490533379578,46.47394973059881,46.19449193078047,46.418060302734375,4201700
2021-10-22,46.064079322659694,46.20380644823068,45.78462151801895,46.00818634033203,5333600
2021-10-25,46.09202022656952,46.09202022656952,45.82187616456726,45.98955154418945,2701300
2021-10-26,46.56710262617114,46.57641634590096,46.42737195573402,46.46463394165039,4097800
2021-10-27,46.35285219490136,46.41806245292842,46.222438785844986,46.25970077514648,2657600
2021-10-28,45.6914651927066,45.82187859410556,45.62625849200712,45.77530288696289,4312300
2021-10-29,45.37474611143376,45.53310778236799,45.179126006308,45.49584579467773,5119100
2021-11-01,45.87777087341215,46.07339097252003,45.75667119389359,46.05475997924805,3060300
2021-11-02,46.09202017094002,46.15722686810345,45.961606776613145,46.082706451416016,3057600
2021-11-03,46.17585927983638,46.27832796524208,45.92434620297654,46.24106597900391,1970000
2021-11-04,46.31559199897138,46.31559199897138,46.119968339322206,46.23175430297852,1421000
2021-11-05,46.57641805967212,46.60436277338834,46.43668738409362,46.56710433959961,2259300
2021-11-08,47.10739101810473,47.33095939818708,47.01423959927808,47.21917343139648,2287400
2021-11-09,46.9769730783671,46.9769730783671,46.69751529534825,46.79998397827149,2346400
2021-11-10,46.84656391817785,46.98629104556952,46.53915784161829,46.576419830322266,1977700
2021-11-11,46.70683082987468,46.85587522350956,46.69751710992816,46.73477554321289,2981100
2021-11-12,47.2936953131328,47.36821573419149,47.163281911156055,47.303009033203125,2012900
2021-11-15,47.33095969951234,47.33095969951234,47.15396702771652,47.16328430175781,2450100
2021-11-16,46.82793223350485,46.89313893602614,46.70683254875155,46.8186149597168,2329800
2021-11-17,46.79066880904803,46.79066880904803,46.55778672047811,46.69751739501953,1263700
2021-11-18,46.32490332871982,46.4180582936264,46.12928323266385,46.37147903442383,2474600
2021-11-19,46.371479686599486,46.44600365957287,46.14791487467658,46.16654586791992,2674900
2021-11-22,45.5051637470712,45.61694972053866,45.27228163259591,45.29091262817383,3324200
2021-11-23,45.73804083946399,45.89640250773843,45.700782405898245,45.86845779418945,4059900
2021-11-24,45.36543661048547,45.3933813271028,45.169816487166,45.29091262817383,3032900
2021-11-26,44.31280211277666,44.3407468253925,43.67936256782832,43.940189361572266,4065700
2021-11-29,44.499110158382216,44.54568586565606,43.87498430971687,44.13581466674805,4401400
2021-11-30,44.48047881675028,44.61089221749615,44.04265935410458,44.26622772216797,4827200
2021-12-01,44.890351769007374,45.02076872835511,44.33143615722656,44.33143615722656,5462800
2021-12-02,45.06734429015057,45.39337780370992,45.0114513077552,45.23501968383789,5386900
2021-12-03,44.741307016334325,44.75993801038002,44.33143580782541,44.46184921264648,5449100
2021-12-06,43.781833301126085,43.98677067922967,43.77251958098444,43.91224670410156,3073100
2021-12-07,44.471166063629305,44.72267559710812,44.461848789945655,44.70404815673828,4089200
2021-12-08,45.08596976830956,45.18843489325029,45.03939051192936,45.132545471191406,3148700
2021-12-09,44.90898125052416,45.08597391264216,44.881036536926025,45.02076721191406,1674000
2021-12-10,45.104602750236026,45.24433342955349,45.08597530959256,45.19775772094727,3613900
2021-12-13,44.959101089143616,44.959101089143616,44.34511947631836,44.34511947631836,6000800
2021-12-14,44.37483070122988,44.47385804386571,44.23618713282836,44.34511947631836,7180700
2021-12-15,44.03813057304004,44.22628402709961,43.6420136640558,44.22628402709961,5469300
2021-12-16,44.325312313944025,44.39463598550277,44.08764518558879,44.16686630249024,4428000
2021-12-17,43.72123796912339,43.72123796912339,43.41424717990526,43.55288696289063,2495200
2021-12-20,42.97852148724708,43.22609360692557,42.86958915016442,43.2062873840332,4373400
2021-12-21,43.60240220266012,43.73114076763599,43.50337486200231,43.6915283203125,2374100
2021-12-22,44.10744886128592,44.34511597591192,43.958904081406665,44.32530975341797,3936200
2021-12-23,44.52337040619656,44.73133008620837,44.45405051285928,44.66201019287109,2056600
2021-12-27,44.65210485899407,44.93928940646602,44.61249241569093,44.91948318481445,1253300
2021-12-28,45.10764029497151,45.23637885735842,45.01851417911146,45.04822540283203,1946900
2021-12-29,45.29579858727701,45.33540725708008,45.00861400971202,45.33540725708008,3559300
2021-12-30,45.34531598154384,45.533596599088725,45.33540826594424,45.36513519287109,2626500
2021-12-31,45.68223324145524,45.84078314579375,45.375044928121326,45.424591064453125,2502500
2022-01-03,46.09842887374764,46.20743264121244,45.85069441319233,46.15788650512695,2672800
2022-01-04,46.36598009808581,46.55425691732667,46.30652246984401,46.34616088867188,1917600
2022-01-05,46.732629672081,46.79208730496688,46.21734152745401,46.26688766479492,3413100
2022-01-06,46.31643582133665,46.53443957337385,46.17770134987755,46.32634353637695,2541800
2022-01-07,46.61371918638061,46.75244988596235,46.36598471423376,46.702903747558594,2861300
2022-01-10,46.84163108470632,46.96054256436512,46.64344276518979,46.90108871459961,3315200
2022-01-11,47.1488221914082,47.73347186266212,47.11909148701408,47.72356414794922,5960800
2022-01-12,47.90193593467,48.13976268249458,47.90193593467,48.06048583984375,2672100
2022-01-13,47.991120036123824,48.10012380366798,47.83257013245811,47.86229705810547,3043500
2022-01-14,47.56501584227395,47.78302337452528,47.52537742184137,47.58483505249024,3154300
2022-01-18,47.069547505647066,47.20827819873799,46.93081681255615,47.01008987426758,4698600
2022-01-19,46.93081507468243,46.93081507468243,46.6236229941224,46.66326141357422,4414900
2022-01-20,46.63353542502317,46.83171996600454,46.20743185768315,46.247066497802734,5786100
2022-01-21,46.05878896537404,46.05878896537404,45.503862430805285,45.523681640625,5368000
2022-01-24,44.15618903095709,44.28500822122914,43.32380114090788,44.1958236694336,7289500
2022-01-25,44.76066090747317,44.88948388651672,44.4336533823662,44.65166091918945,5691300
2022-01-26,44.52283863422223,44.80030002713876,43.9877312792021,44.11655426025391,5017800
2022-01-27,44.086828649491125,44.19582864272671,43.76972504510224,43.8589096069336,3731800
2022-01-28,44.25528651149269,44.4039287087075,44.01745975197463,44.38410949707031,4343300
2022-01-31,44.91921542379135,45.52368434867558,44.90930392822801,45.45431900024414,4882800
2022-02-01,45.53359398310488,45.563320908323874,45.06785199399222,45.47413635253906,3602500
2022-02-02,45.73178387398513,45.84078386357066,45.55341475629542,45.74169158935547,3448700
2022-02-03,44.81020900633603,45.25612799701739,44.81020900633603,45.11739730834961,3306900
2022-02-04,44.77057311474908,45.157038277896994,44.66156934460418,44.9687614440918,2895500
2022-02-07,44.55256551884881,44.76066156334134,44.463380959762304,44.5228385925293,2915100
2022-02-08,44.503019735389486,44.75075420369608,44.473292808833655,44.68138885498047,3652900
2022-02-09,45.077763973379454,45.28586001240346,44.98857941663662,45.26604080200195,2377900
2022-02-10,44.59220328729368,45.048033791444205,44.56247636140975,44.65166091918945,2899800
2022-02-11,44.364286948878274,44.53274456493277,43.720175849560654,43.76972198486328,4371000
2022-02-14,43.294071514811584,43.294071514811584,42.8778794494886,43.0067024230957,4275600
2022-02-15,44.3642895942622,44.532747220361614,44.15619354550599,44.5129280090332,4374600
2022-02-16,44.11655421894143,44.64175007793532,44.106642723416286,44.5228385925293,2855200
2022-02-17,44.41383119162885,44.45346961023302,44.136369821655,44.1958236694336,3295100
2022-02-18,44.364285058437474,44.44355811551815,44.12645832694013,44.1958236694336,2649200
2022-02-22,44.02736643749643,44.2552816762302,43.73008585567534,43.948089599609375,5999000
2022-02-23,44.18591909197313,44.20573830268235,43.383258068825626,43.472442626953125,4942200
2022-02-24,41.08428275108182,42.34277428636762,40.82664057084653,42.29322814941406,10430000
2022-02-25,42.89770207456274,43.75981697860272,42.82833672481976,43.70035934448242,6962600
2022-02-28,43.10579642159598,43.50217307315607,42.93733880176608,43.35353088378906,3961000
2022-03-01,42.818422882442256,43.04633813055394,42.03558108667092,42.22386169433594,5984100
2022-03-02,42.64996679613623,43.125616519720566,42.45177846627743,42.89770126342773,4773000
2022-03-03,42.43195746856053,42.531049739253376,41.97612697516892,42.10494995117188,8751000
2022-03-04,41.32210876508819,41.35183569070559,40.886093695351015,41.12392044067383,5170300
2022-03-07,40.75727536232004,40.8761868474404,39.71679136222897,39.81588363647461,7807400
2022-03-08,40.54917144775391,41.14373637363419,40.162706325001885,40.54917144775391,8742000
2022-03-09,41.87703118450072,42.46168465752733,41.69866585217109,42.22386169433594,6119600
2022-03-10,41.84730399916596,42.17431529668243,41.718481023162994,42.10494995117188,4431200
2022-03-11,42.57068722010646,42.67969098353972,41.678845463169054,41.70857238769531,3875400
2022-03-14,42.4914147756524,42.87787992059208,42.19413418570862,42.39231872558594,4938300
2022-03-15,42.38241128231712,43.02651860130276,42.2734075166092,42.917518615722656,7307800
2022-03-16,43.36343615063922,44.01745494269671,43.17515933084899,43.948089599609375,5536700
2022-03-17,43.948089799935175,44.18591653455273,43.78953990356604,44.0273666381836,4609000
2022-03-18,43.6805406423681,44.37419408785605,43.58144459292141,44.34446716308594,6087600
2022-03-21,43.43280707477924,43.59135697699988,43.2643456773479,43.48235321044922,6134600
2022-03-22,43.94809165469304,44.17601068421235,43.94809165469304,44.00754928588867,4109400
2022-03-23,43.28416704101654,43.55172072309856,43.165255553467205,43.17516326904297,4238100
2022-03-24,43.65081264823623,43.918366328166016,43.53190116164343,43.86882019042969,4073600
2022-03-25,43.59135685062383,43.87872594872773,43.57153764038773,43.8489990234375,2632300
2022-03-28,43.85890467155349,44.1958236694336,43.85890467155349,44.1958236694336,1961500
2022-03-29,44.830030747590286,45.01830758139548,44.75075390380201,44.9687614440918,3074000
2022-03-30,44.72102485621312,44.78047870610632,44.423744266363805,44.46337890625,7826700
2022-03-31,44.49311085238498,44.56247619928039,44.14628033778003,44.16609954833984,4635900
2022-04-01,44.81020874311776,44.99848556518555,44.730931904271706,44.99848556518555,4950000
2022-04-04,45.8606036860352,46.09843043950246,45.7317844838631,46.0191535949707,3420900
2022-04-05,45.82096610800413,45.910150662324014,45.48404710058764,45.56332015991211,4152800
2022-04-06,45.35522323092238,45.36513094559438,44.96875809654356,45.16694641113281,5385600
2022-04-07,44.978668472316976,45.275949071725215,44.879576199223536,45.09757995605469,6278000
2022-04-08,45.424589207000174,45.66241594384693,45.33540465319861,45.44440841674805,4391300
2022-04-11,45.28585965161541,45.43449805825071,45.05794440400568,45.10749053955078,3528200
2022-04-12,45.01830788308254,45.09758094727409,44.64175043282069,44.68138885498047,3853100
2022-04-13,44.51292344992963,44.67147712431751,44.36428505038248,44.60210800170898,2810000
2022-04-14,44.50301781331992,44.59220236926355,44.25528335571289,44.25528335571289,1772100
2022-04-18,44.34446987149047,44.47329285357533,44.215646889405605,44.27510452270508,3287000
2022-04-19,43.60126346088191,43.8192709878272,43.39316742886745,43.779632568359375,3465600
2022-04-20,44.21564318010907,44.38410457026118,44.02736636064747,44.31473922729492,6624500
2022-04-21,44.87957534746227,44.88948306253241,44.22555652912549,44.294921875,4675800
2022-04-22,44.16609968149381,44.24537652397209,43.73999610349286,43.79945373535156,4623600
2022-04-25,43.58144619866421,43.8688190824561,43.3733501573506,43.79945373535156,4725200
2022-04-26,43.94809330065638,44.05709707186689,43.422897435872656,43.4625358581543,6854500
2022-04-27,43.39316686644776,43.78953971560538,43.32380152334199,43.541805267333984,6348500
2022-04-28,43.91836508653398,44.225557180019294,43.68054212007197,44.16609954833984,5191000
2022-04-29,43.660721759966144,43.868817795173406,43.20488748934783,43.24452590942383,5784400
2022-05-02,43.40307542493138,43.61117145829435,43.04633720766472,43.49225997924805,5451000
2022-05-03,43.4129860759248,43.541805267333984,43.21479776128214,43.541805267333984,3693800
2022-05-04,42.71933245094954,43.54180892258957,42.49141719302212,43.4625358581543,6026700
2022-05-05,42.82833728644762,42.82833728644762,41.87703402868829,42.23377227783203,6304200
2022-05-06,41.718482971191406,41.91667130195925,41.38156394292447,41.718482971191406,3725500
2022-05-09,41.25274407388355,41.35183634760092,40.93564426183442,40.99509811401367,4486300
2022-05-10,41.12392037328091,41.15364729884959,40.39062470818783,40.67799758911133,5184300
2022-05-11,40.67799659933063,40.94555026332225,40.22216611110542,40.24198532104492,4288900
2022-05-12,39.97443405841039,40.341080013997,39.76633801173647,40.053707122802734,4279900
2022-05-13,39.79606412950532,40.16271007763979,39.736606497323535,40.10325622558594,8140000
2022-05-16,39.92488861083984,40.08343852249343,39.83570404927669,39.92488861083984,3196800
2022-05-17,41.08428397347591,41.18338003045942,40.82664178557491,41.143741607666016,5849000
2022-05-18,40.79690684906472,40.94554902906645,40.02397658536211,40.13298034667969,5430400
2022-05-19,40.09334349686487,40.61854311466198,40.053705076629655,40.400535583496094,5427400
2022-05-20,40.82664053106275,40.87618666796804,39.98434108316119,40.58881378173828,4017200
2022-05-23,40.747361540135614,40.99509599173199,40.608630852062085,40.89600372314453,2668000
2022-05-24,40.41044271621757,40.65817716892637,40.15280054865664,40.568992614746094,3486900
2022-05-25,39.96452514032271,40.41044414688337,39.95461364499192,40.35099029541016,5331300
2022-05-26,40.38071424538642,40.7969062955402,40.35098732184047,40.70772552490234,3006000
2022-05-27,40.84646064675547,40.99509906076422,40.777095297525776,40.98519134521485,3473600
2022-05-31,41.480657548536215,41.50047675845528,41.03473477567664,41.0545539855957,12570400
2022-06-01,41.34192590674109,41.41129124979581,40.90591085882265,41.06446075439453,4596300
2022-06-02,41.490565483094045,42.01576509841044,41.42120013807396,41.98603439331055,3326600
2022-06-03,41.21310565234543,41.27256328465261,40.93564426183442,40.99509811401367,3577900
2022-06-06,41.29237976637484,41.3914758227426,40.91582609256143,41.02482986450195,2519400
2022-06-07,40.78700226526061,41.13382900505012,40.77709454989289,41.07437515258789,2286400
2022-06-08,40.787003158060905,40.8662800032498,40.58881482521671,40.61854553222656,2805600
2022-06-09,40.787000630372326,40.84645826057924,40.34107785414002,40.36089706420898,4706400
2022-06-10,40.0239769634328,40.103253801549954,39.8257886482676,39.88524627685547,5674300
2022-06-13,39.26095459906176,39.478962124822,39.0627662829277,39.15195083618164,4988200
2022-06-14,39.38977898490043,39.45914433101707,39.19159066165523,39.34023284912109,4078100
2022-06-15,39.27086911900687,39.875341828721325,39.20150377003584,39.647422790527344,4475600
2022-06-16,38.597029530792526,38.69612180250202,38.4087489223655,38.52766418457031,4492100
2022-06-17,38.33938523325673,38.62675812581415,38.23038524171621,38.42856979370117,6050800
2022-06-21,39.20150104988512,39.35013945302576,39.11231649594964,39.27086639404297,3951600
2022-06-22,38.51775379590101,38.79521896888904,38.40875002581228,38.59703063964844,3664800
2022-06-23,38.82494491178357,39.0627678767458,38.745668070044246,39.013221740722656,2987400
2022-06-24,39.132137327420025,39.59787554604819,39.132137327420025,39.57805633544922,4792300
2022-06-27,39.320412528423184,39.399685587405976,39.18168184010749,39.27086639404297,3767600
2022-06-28,39.24113550556123,39.29068541983717,38.76548581350853,38.78530502319336,3049800
2022-06-29,39.0033121688444,39.14204285515616,38.92403533087899,39.03303909301758,4210300
2022-06-30,38.6663950084328,39.10240629761546,38.56729895625864,39.013221740722656,4136600
2022-07-01,38.80512689860287,39.1420459261342,38.7952191831437,39.12222671508789,2053900
2022-07-05,38.68621451075549,39.15195272904045,38.62675687900238,39.132137298583984,2593300
2022-07-06,39.62760579783687,39.89515568753683,39.48887132523412,39.7861557006836,3844400
2022-07-07,39.805972398184565,40.103256783098345,39.805972398184565,39.93479537963867,2436900
2022-07-08,39.78615485395834,40.01407009819204,39.65733187934702,39.83570098876953,1744100
2022-07-11,39.70687775063234,39.85551993420719,39.52850864239363,39.71678924560547,2993100
2022-07-12,39.508688225176165,39.79606108857052,39.47896130142076,39.60778427124024,2840500
2022-07-13,38.98349517250875,39.3501411185946,38.88440289955406,39.17177200317383,3545000
2022-07-14,38.904215846011866,39.330319396740606,38.74566595133101,39.320411682128906,2782700
2022-07-15,39.74651549029887,39.88524617652723,39.53841946095633,39.84560775756836,2315200
2022-07-18,39.92488892011679,40.03389269399704,39.60778909435321,39.63751602172852,1934400
2022-07-19,40.22216546560816,40.440172991316246,40.17261933161842,40.37080764770508,2287400
2022-07-20,40.32125962320576,40.32125962320576,39.45914475497347,39.944705963134766,7604100
2022-07-21,40.45999438462494,40.92573260541831,40.45999438462494,40.91582489013672,10321200
2022-07-22,40.75727553973394,40.96537158463239,40.57890642121298,40.74736404418945,1783100
2022-07-25,40.62844959816107,40.76718028465143,40.52935733070444,40.69781494140625,3318700
2022-07-26,40.34107542410208,40.41044076510119,40.11316019222963,40.14288711547852,1635600
2022-07-27,40.72754443882323,41.08428267241049,40.5590868174781,40.99509811401367,2013200
2022-07-28,41.29237738240878,41.68875402473944,41.25274274227797,41.659027099609375,1893300
2022-07-29,41.91667070433669,42.33286657102809,41.79775921962255,42.29322814941406,3080600
2022-08-01,42.43195669755011,42.78869491376676,42.392318277942096,42.60041809082031,2078000
2022-08-02,42.80851761437906,43.07607129835914,42.73915226447253,42.88779067993164,4361900
2022-08-03,42.67968982686437,42.93733576620186,42.56077835185425,42.85805892944336,3106100
2022-08-04,42.58060089955611,42.71933159463297,42.521143267325485,42.65987396240234,2346400
2022-08-05,42.31304670837884,42.50132353795311,42.204042940683465,42.42205047607422,1941800
2022-08-08,42.77878368363672,42.91751815312366,42.64996448930479,42.719329833984375,2988300
2022-08-09,42.65987275397487,42.68960345931196,42.52114206282784,42.55086898803711,1693400
2022-08-10,43.24452711560364,43.37335009437985,43.03643107459215,43.35353088378906,1803500
2022-08-11,43.016607873821286,43.18506925815277,42.81841956642501,42.86796569824219,2526100
2022-08-12,43.07606939820689,43.33371157504786,42.97697334547737,43.31389236450195,2028400
2022-08-15,43.22470875178691,43.37335094406583,43.21480103636137,43.303985595703125,989500
2022-08-16,43.50217193548944,43.73999489610364,43.47244123031681,43.69044876098633,1976600
2022-08-17,43.70035647595867,43.82917945136591,43.65081034084136,43.69044876098633,2913100
2022-08-18,43.67063124805732,43.67063124805732,43.44271599355814,43.59135818481445,1614300
2022-08-19,43.03643101081186,43.09588864249613,42.82833497010877,42.90760803222656,2047300
2022-08-22,42.57068767062788,42.57068767062788,42.27340708183599,42.31304550170898,1793400
2022-08-23,42.70942224855233,42.99679514860384,42.70942224855233,42.75897216796875,2381900
2022-08-24,42.86796785506085,43.05624845761769,42.8283332156895,42.967063903808594,1223500
2022-08-25,42.570690603874624,42.78869814806968,42.5013252543813,42.76887893676758,1577100
2022-08-26,42.976972784612464,43.016611205186976,42.19413476896897,42.22386169433594,2378000
2022-08-29,42.31304641345859,42.47159631623918,42.21395036164082,42.30313491821289,1881300
2022-08-30,43.25443459872234,43.36343457666912,42.76887343460782,42.86796569824219,1846900
2022-08-31,42.85806127457175,42.91751890539405,42.59050760606312,42.63014602661133,3767500
2022-09-01,42.82833497010877,42.90760803222656,42.53105059181533,42.90760803222656,3568300
2022-09-02,42.84815608918177,42.99679450482114,42.45177942055399,42.48150634765625,1634200
2022-09-06,42.70941787430982,42.82833313257634,42.48150263282392,42.521141052246094,2637500
2022-09-07,42.77878292325093,43.254436392781656,42.66978294078317,43.21479797363281,2804700
2022-09-08,43.10579651905179,43.42289632896562,42.986885035366086,43.39316940307617,2352200
2022-09-09,43.26434447256874,43.39316744582564,43.22470605308543,43.373348236083984,1307300
2022-09-12,43.8192715152186,44.07691368460485,43.7399946753288,44.0174560546875,2499200
2022-09-13,43.45262355214097,43.551719605996965,43.04633918165125,43.10579681396485,3753600
2022-09-14,43.829176573081,43.83908806753025,43.48234986990833,43.68053817749024,1838400
2022-09-15,43.403074794398265,43.5219862717171,43.15534034490955,43.21479797363281,2244000
2022-09-16,42.570685799288256,42.7688741098134,42.51123195222005,42.7391471862793,4535800
2022-09-19,42.887791316372464,43.19498342775149,42.887791316372464,43.16525650024414,2352100
2022-09-20,43.175161965435294,43.175161965435294,42.89770057615503,43.02651977539063,1876700
2022-09-21,42.749058260587454,43.06615807029893,42.481504587369415,42.54096221923828,2842900
2022-09-22,42.37249983806813,42.37249983806813,41.99594618533305,42.10494995117188,3044800
2022-09-23,41.44102044557866,41.49056658188688,41.064463005405976,41.20319747924805,4151200
2022-09-26,40.73745666526517,40.78700280301291,40.3807184252766,40.45999526977539,2603800
2022-09-27,40.78700158676791,40.836547723038215,40.26180573807245,40.35099029541016,4408200
2022-09-28,40.4302647712493,41.044645198767135,40.34108021079283,40.98519134521485,4730100
2022-09-29,40.26180704703927,40.39062624950458,39.84561117255623,40.09334564208984,3164400
2022-09-30,40.62844987835624,40.85636511918048,40.38071542787846,40.41044235229492,3098600
2022-10-03,40.370809116487344,40.69781663681905,40.22216692898248,40.598724365234375,3360700
2022-10-04,41.23292281096624,41.470745768102745,41.1338267620529,41.34192657470703,4666800
2022-10-05,41.09418997373478,41.34192441287207,40.9554592926383,41.24282836914063,1424000
2022-10-06,40.86627541736011,40.99509460614431,40.69781403030195,40.70772552490234,2102300
2022-10-07,40.50954333443905,40.60863561464806,39.964528233033136,40.03389358520508,3506100
2022-10-10,40.62845099379171,40.65817791902431,40.350989611279886,40.47980880737305,4089300
2022-10-11,40.00415710884695,40.350987599825416,39.914972557467074,40.014068603515625,3389500
2022-10-12,40.15280346939037,40.2518957456308,40.02398048617538,40.17262268066406,1996700
2022-10-13,39.56815148855112,40.55908940956641,39.37987464440435,40.44017791748047,3110300
2022-10-14,40.618543039192566,40.618543039192566,39.92488580687632,39.9546127319336,2200100
2022-10-17,40.72754317413682,40.96536991585255,40.65817782866303,40.846458435058594,2203100
2022-10-18,41.10410136142183,41.13382828713412,40.59872472367355,40.75727462768555,1824000
2022-10-19,40.420353781694814,40.5789036785386,40.28162309447247,40.37080764770508,1489200
2022-10-20,40.94555050687308,41.292377232557904,40.737454471462186,40.767181396484375,2123300
2022-10-21,40.796906822669776,41.40137947676516,40.69781455615118,41.35183334350586,2131600
2022-10-24,41.11401428089024,41.39147567749024,41.02482972053624,41.39147567749024,1476700
2022-10-25,41.12391837149155,41.51038350558393,41.114010656826885,41.47074508666992,2725800
2022-10-26,41.61939014118711,42.11485907143934,41.589663215012926,41.88694381713867,3144400
2022-10-27,41.54011137737992,41.81757653598025,41.4211998980528,41.46083831787109,2274000
2022-10-28,41.50047975158581,41.9563102722168,41.46084132888884,41.9563102722168,2843600
2022-10-31,41.66893517486948,41.88694270804896,41.60948132409532,41.81757736206055,1783200
2022-11-01,42.303133341138206,42.34277176038759,42.03557968139648,42.03557968139648,2429600
2022-11-02,41.77794211800841,42.1743187939042,41.51038842879797,41.54011535644531,2974700
2022-11-03,41.52029572952341,41.89684937543619,41.52029572952341,41.787845611572266,2352700
2022-11-04,42.53105007365868,42.69951147131446,42.30313482517087,42.66978454589844,4428200
2022-11-07,42.65987220420426,42.79860289356343,42.55086843967126,42.719329833984375,2639200
2022-11-08,42.85806225224436,43.1454351375826,42.83824304151815,43.06615829467773,2306200
2022-11-09,42.73914841262313,42.78869454664417,42.412137123854336,42.44186782836914,2518600
2022-11-10,43.42289489777124,43.61117172241211,43.05624896341681,43.61117172241211,4055400
2022-11-11,43.40307763457586,43.64090438490394,43.29407386484748,43.6309928894043,2845400
2022-11-14,43.17516020132986,43.33371010017291,42.99679109261545,43.085975646972656,2154400
2022-11-15,43.69044680891955,43.70035452344922,43.07606644463397,43.26434326171875,2502500
2022-11-16,42.897697993366286,42.91751720285416,42.68960196393515,42.7292366027832,1895800
2022-11-17,42.313046026107294,42.62023433361063,42.313046026107294,42.55086898803711,3913600
2022-11-18,42.61032756635467,42.61032756635467,42.42205073562845,42.54096221923828,1866200
2022-11-21,42.31304625056467,42.35268467113918,42.17431555868172,42.22386169433594,2041700
2022-11-22,42.39231902253455,42.540961208611535,42.39231902253455,42.51123428344727,1322000
2022-11-23,42.44186688263562,42.51123222474496,42.34277083667398,42.45177459716797,2277700
2022-11-25,42.92742623160807,42.96706465179721,42.7787840459627,42.87788009643555,1852200
2022-11-28,42.92742698202183,43.13552302146083,42.74905786818045,42.7886962890625,1380800
2022-11-29,43.10579596616122,43.214799733194965,43.04633833501704,43.15534210205078,1464600
2022-11-30,43.79945383331088,43.87872689583855,43.28416569643335,43.83909225463867,6075700
2022-12-01,44.02737000177708,44.06700842392958,43.73008939588933,43.82918167114258,2752200
2022-12-02,43.44271505044162,43.64090337443816,43.35353049364957,43.60126495361328,1922800
2022-12-05,43.15534380156039,43.24452836172493,42.95715547006941,43.056251525878906,2609600
2022-12-06,42.99679222952618,43.00670372478781,42.66978470832163,42.74905776977539,2081500
2022-12-07,42.83824157714844,42.91751841734333,42.74905702199309,42.83824157714844,1818200
2022-12-08,42.86796876461113,43.115703221545175,42.86796876461113,42.9571533203125,1653400
2022-12-09,42.62023397054709,42.62023397054709,42.39231872558594,42.39231872558594,1860900
2022-12-12,42.4914142274455,42.5607795715332,42.33286432951252,42.5607795715332,2403500
2022-12-13,43.13552403913541,43.2445278090688,42.739151161347024,42.81842422485352,4710300
2022-12-14,42.80851523801034,42.887788299162345,42.47159622282664,42.66978454589844,3022800
2022-12-15,42.21395039172465,42.21395039172465,41.7482121782967,41.8968505859375,5201400
2022-12-16,41.77793894145922,42.01576568493936,41.718481310557216,41.81757736206055,2621300
2022-12-19,42.233770160032485,42.32295471784629,42.05540104440488,42.13467788696289,1613700
2022-12-20,42.055400099950766,42.26349991692821,42.055400099950766,42.14458465576172,1369500
2022-12-21,41.678845562836784,41.78784554640297,41.56984179914286,41.74821090698242,2056100
2022-12-22,41.37165339942791,41.381561114231445,40.98518825991836,41.30228805541992,2421600
2022-12-23,40.74736134087276,40.826638179457234,40.56899223418541,40.81672668457031,1914200
2022-12-27,41.53020451154334,41.559931436950926,41.36174689406323,41.41129302978516,3388400
2022-12-28,41.49056805040036,41.65902945596428,41.39147577427666,41.431114196777344,3963700
2022-12-29,41.72839381330429,41.936489856294,41.61939004408265,41.84730529785156,2565500
2022-12-30,41.56983995018309,41.61938608235085,41.17346333258586,41.36174392700195,2733900
2023-01-03,41.61938645467512,41.76802863263571,41.43110963870229,41.520294189453125,1438200
2023-01-04,41.28247115654891,41.540113337268025,41.213105808658064,41.48065948486328,2332900
2023-01-05,41.31219550451201,41.39147234294138,41.18337631225586,41.18337631225586,1872200
2023-01-06,41.22301213491896,41.69866561889648,41.11401214914059,41.69866561889648,2343800
2023-01-09,41.87703016563114,42.07521848355393,41.76803018189496,41.787845611572266,2239700
2023-01-10,41.75811963251959,41.85721568378884,41.66893507644118,41.77793884277344,1731000
2023-01-11,41.59957073606118,41.81757827399485,41.56984381002584,41.80766677856445,1648200
2023-01-12,41.90676438808906,42.10495272264794,41.718483769200496,42.07522201538086,2033700
2023-01-13,41.81757982654397,42.114860438318246,41.81757982654397,42.07522201538086,1379300
2023-01-17,42.14458645186616,42.18422487394428,42.0355826812153,42.08513259887695,4302300
2023-01-18,42.46168718870023,42.46168718870023,42.02567587677316,42.07522201538086,2558700
2023-01-19,42.10495187252626,42.23377107427974,42.05540195479092,42.1247673034668,1502500
2023-01-20,42.07522061066485,42.29322814941406,41.976128336757725,42.29322814941406,1756600
2023-01-23,42.05540104440488,42.24368165541619,41.97612798197479,42.13467788696289,1823400
2023-01-24,41.93648772964519,41.956306939419335,41.688753277659984,41.74821090698242,7449300
2023-01-25,41.27256129551221,41.42119969892462,41.12391911197206,41.38156127929688,4235600
2023-01-26,41.48066150115064,41.87703439691829,41.35183851446529,41.54011535644531,2203700
2023-01-27,40.55908564816375,40.55908564816375,40.34107811611714,40.47980880737305,4446200
2023-01-30,40.51944611532558,40.62844987835624,40.400534637532,40.41044235229492,2479500
2023-01-31,40.479811053146,40.62845324781116,40.37081106120333,40.61854553222656,2254800
2023-02-01,40.301441995814464,40.31135349154289,39.54833086596016,39.80597305297852,9058300
2023-02-02,39.8456096156771,39.97443259323695,39.53842130474005,39.82579040527344,8586600
2023-02-03,39.78615645160308,40.03389091573479,39.65733347181877,39.69697189331055,3072300
2023-02-06,39.58796893719675,39.66724200168021,39.4591459547671,39.647422790527344,2692900
2023-02-07,39.47896406258226,39.67715238844408,39.28077573672046,39.57805633544922,3173500
2023-02-08,40.01406987885191,40.17261977745528,39.89515461980356,40.1627082824707,4936300
2023-02-09,40.26180567261854,40.28162488312002,39.81588288665493,39.905067443847656,1691300
2023-02-10,39.954614687874766,40.033891532078826,39.885249339260206,39.97443389892578,1036800
2023-02-13,39.578055685395874,39.76633629292972,39.56814797032308,39.706878662109375,1316600
2023-02-14,39.6276065457639,39.875341009895614,39.51860277672549,39.69697189331055,2369700
2023-02-15,39.92488616711023,40.113162994384766,39.88524774659101,40.113162994384766,1721300
2023-02-16,39.9942533663276,40.26180704703927,39.93479573279345,40.09334564208984,1732200
2023-02-17,40.02397807715244,40.08343570739479,39.885247386714745,39.9546127319336,4337700
2023-02-21,39.70688203450761,39.756428174335376,39.50869369506836,39.50869369506836,2098500
2023-02-22,39.13213693922384,39.13213693922384,38.92403712006298,38.97358703613281,2200200
2023-02-23,39.08258431444356,39.161861150558536,38.87448828983314,39.04294967651367,1836100
2023-02-24,38.64657305868949,38.715938400230776,38.53756929908816,38.63666534423828,3558000
2023-02-27,38.74566532371201,38.79521523635088,38.626753849659465,38.63666534423828,1854300
2023-02-28,38.54748319732544,38.62675625826106,38.42856793573023,38.448387145996094,3103400
2023-03-01,38.97358673978144,38.99340216990526,38.7853061324546,38.85467147827149,2618000
2023-03-02,38.77540062351188,39.072681233944806,38.67630456661553,38.99340438842773,3953600
2023-03-03,39.56814611975977,39.78615364244387,39.45914235841772,39.7266960144043,3975700
2023-03-06,39.87534032134652,39.98434030837485,39.766336554190325,39.82579040527344,2346700
2023-03-07,39.90506747686912,39.90506747686912,39.48887161624938,39.498783111572266,2273900
2023-03-08,39.82579050365531,39.89515585017554,39.74651744197271,39.86542892456055,1280700
2023-03-09,39.558239231430406,39.5780584430848,39.21141247779872,39.231231689453125,4299000
2023-03-10,39.21140904883428,39.32041281333724,38.94385538508915,38.98349380493164,3286900
2023-03-13,38.45829847787289,38.72585214513412,38.32947550175574,38.36911392211914,2889400
2023-03-14,38.40874602763503,38.58711512737135,38.32947297226753,38.51774978637695,1830300
2023-03-15,37.58627059155504,37.71509356239755,37.42772069672104,37.695274353027344,3297400
2023-03-16,37.764643071587024,38.34929656982422,37.764643071587024,38.34929656982422,1917700
2023-03-17,38.22047287707822,38.25019980317451,37.96283069727859,38.03219604492188,3379400
2023-03-20,38.04210317256113,38.23038378193681,38.00246475162647,38.20065307617188,2341600
2023-03-21,38.35920317689488,38.39884159803322,38.12138021032062,38.279930114746094,3308600
2023-03-22,38.35920484663584,38.65648545785797,38.17092800822504,38.18083572387695,2198300
2023-03-23,38.50784461326322,38.69612143979766,38.32947550175574,38.36911392211914,4270900
2023-03-24,38.0222839620938,38.21056457146948,37.96283011081969,38.20065307617188,1617800
2023-03-27,38.16101680066726,38.3294782090466,38.121382157632205,38.29975128173828,2604500
2023-03-28,38.0817403218612,38.14119795127777,37.92319042354479,38.0520133972168,2784000
2023-03-29,38.2402927017802,38.33938497711064,38.21056577520667,38.30965805053711,1750300
2023-03-30,38.51775259069436,38.58711793673896,38.42856803433304,38.4880256652832,1513000
2023-03-31,38.9141304128671,39.03304189823341,38.87449199103568,39.00331497192383,1563400
2023-04-03,38.94385668809645,39.142045013812215,38.94385668809645,39.132137298583984,1721400
2023-04-04,39.231230742727895,39.31050380730437,39.151953898023415,39.24113845825195,1696200
2023-04-05,39.43932220967345,39.4591414185479,39.24113390105648,39.33031845092773,1040300
2023-04-06,39.45914394308325,39.62760533923023,39.39968631265588,39.58796691894531,1040900
2023-04-10,39.488872722358266,39.59787649319594,39.42941886926717,39.56814956665039,1108600
2023-04-11,39.64742103128903,39.76633629292972,39.64742103128903,39.706878662109375,1633100
2023-04-12,40.01407009819204,40.023977813103166,39.8059702837806,39.83570098876953,1910300
2023-04-13,39.96452523727073,40.02397908888817,39.89515611017055,39.98434066772461,1563700
2023-04-14,39.91497394875786,40.00415850324639,39.72669712489444,39.79606246948242,1853800
2023-04-17,39.67715258472045,39.69697179541747,39.57805653123538,39.65733337402344,1650700
2023-04-18,39.67715238844408,39.67715238844408,39.47896406258226,39.57805633544922,1329800
2023-04-19,39.40959559073408,39.48886864671644,39.379868667256645,39.44923400878906,1153200
2023-04-20,39.47896390105439,39.578056173515904,39.41950626950074,39.498783111572266,1081100
2023-04-21,39.37987357819894,39.51860427856445,39.2906890165171,39.51860427856445,1077600
2023-04-24,39.766336554190325,39.8357019005392,39.71679041824511,39.82579040527344,932600
2023-04-25,39.88524954423376,39.88524954423376,39.63751507501491,39.647422790527344,1749000
2023-04-26,40.03388750906997,40.08343364165462,39.875337616722526,39.8951530456543,1203200
2023-04-27,40.281625956181934,40.400537442230615,40.20234911206416,40.38071823120117,1198900
2023-04-28,40.60863334759048,40.75727553973394,40.60863334759048,40.74736404418945,1835900
2023-05-01,40.81672939248894,40.9158254472939,40.727544833228464,40.74736404418945,1378700
2023-05-02,40.7770927274428,40.7770927274428,40.54917370276412,40.68790817260742,3015800
2023-05-03,40.61854056888171,40.78699817413153,40.54917144775391,40.54917144775391,1794700
2023-05-04,40.876185424619926,40.95546226535933,40.816727794065365,40.88609313964844,1658500
2023-05-05,40.79691082492011,41.05455679134827,40.79691082492011,41.02482986450195,1605600
2023-05-08,41.26265214657479,41.27256364210913,41.10410223917704,41.15364837646485,1171600
2023-05-09,40.99509645504766,41.11401171484984,40.98518874012804,41.09419250488281,2372000
2023-05-10,41.35183520143066,41.35183520143066,41.12391995409559,41.33201599121094,2021100
2023-05-11,41.153647267746464,41.153647267746464,40.96537043907399,41.08428192138672,2723200
2023-05-12,41.0842796964369,41.094191191167454,40.88609138323015,40.94554901123047,1495500
2023-05-15,41.14374000886706,41.31219762900087,41.08428237698742,41.282470703125,2835200
2023-05-16,41.01491716346435,41.08428251081927,40.9059133947272,40.91582489013672,1434400
2023-05-17,40.866280514391285,40.91582665319003,40.7572767409572,40.85636901855469,1642000
2023-05-18,40.489720499981054,40.57890505624159,40.37080901834296,40.55908584594727,2041100
2023-05-19,40.52935976857033,40.60863283127842,40.440175210443776,40.50954055786133,1657600
2023-05-22,40.8266392892217,40.92573156001814,40.76718165866715,40.88609313964844,2828500
2023-05-23,40.89600532118006,40.94555145740983,40.73745541716806,40.75727462768555,1712500
2023-05-24,40.915822732800905,40.93564194244703,40.786999760165,40.81672668457031,1478100
2023-05-25,41.06446355946122,41.07437505493333,40.94555207469152,41.03473663330078,1979100
2023-05-26,41.40137920237006,41.70857127474601,41.38155999317216,41.63920593261719,2207500
2023-05-30,41.67884866721463,41.67884866721463,41.36174884746515,41.431114196777344,2362900
2023-05-31,41.43111299105278,41.4410207063256,41.163559317151474,41.32210922241211,3298000
2023-06-01,41.43111111085158,41.74821090698242,41.38156119635234,41.74821090698242,2478300
2023-06-02,41.79775831417697,41.95630821707054,41.76803138867438,41.8968505859375,2484000
2023-06-05,41.73830042226574,41.787846557836446,41.66893507644118,41.77793884277344,2136000
2023-06-06,41.73829873291131,41.89684862839698,41.71847952345964,41.87702941894531,1364400
2023-06-07,42.11530893797496,42.12523923207135,41.966388612206806,42.02595901489258,1586600
2023-06-08,41.787680073908014,41.92667388916016,41.73803996664617,41.92667388916016,1935200
2023-06-09,41.68840006338651,41.87703398682358,41.68840006338651,41.80753707885742,906100
2023-06-12,41.90681763614396,42.00610163926183,41.86710403489681,41.97631454467773,1238900
2023-06-13,42.28408868306603,42.3734423909759,42.25430537619521,42.3337287902832,2362500
2023-06-14,42.482651393323394,42.60178840388096,42.27416067802332,42.47272109985352,1934700
2023-06-15,42.4528645620579,42.70106887817383,42.39329795006035,42.70106887817383,3061300
2023-06-16,42.88970640842077,42.909563208105226,42.77056939761134,42.82020950317383,2353300
2023-06-20,42.80035287699859,42.810279383232405,42.60178866664638,42.70106887817383,1571500
2023-06-21,42.70106815600568,42.7804953537222,42.6216447455864,42.77056884765625,1962700
2023-06-22,42.57200481191748,42.691141821674265,42.51243441339046,42.65142822265625,1913300
2023-06-23,42.294015305583855,42.30394559943297,42.15502149007561,42.27416229248047,2708300
2023-06-26,42.482652057521285,42.51243536380201,42.41315515133471,42.46279525756836,1268200
2023-06-27,42.71099853515625,42.77056893356329,42.6315713372802,42.71099853515625,2512500
2023-06-28,42.99891781161026,43.04855791821011,42.88970730471218,43.03862762451172,2878400
2023-06-29,43.01877527567233,43.078341889592565,42.93934807404878,43.02870178222656,5014500
2023-06-30,43.27690552072622,43.49532653493785,43.26697901430632,43.38611602783203,2182000
2023-07-03,43.505254804346045,43.61446531587746,43.43575789469833,43.47547149658203,2191600
2023-07-05,43.604532500122765,43.604532500122765,43.43575538282364,43.45561218261719,1602100
2023-07-06,43.41589953831158,43.52511004593035,43.12798161591615,43.2669792175293,3485100
2023-07-07,43.16769389167032,43.38611490020508,43.14783709204922,43.28683090209961,1982000
2023-07-10,43.23719071054982,43.36625801418114,43.16769380566309,43.34640121459961,1471500
2023-07-11,43.60453472372069,43.654178619384766,43.48539770618141,43.654178619384766,2441200
2023-07-12,43.74353246144199,43.99173679132178,43.74353246144199,43.94209289550781,3097900
2023-07-13,43.82295412030176,43.89245102689746,43.74353070731982,43.85273742675781,6161500
2023-07-14,44.03144660575644,44.03144660575644,43.88252628020707,43.94209289550781,2201800
2023-07-17,44.07115973142079,44.259797443962135,44.04137642409215,44.23994064331055,2125200
2023-07-18,44.27964857804559,44.27964857804559,44.14065476668098,44.21015167236328,2120300
2023-07-19,44.43849901493767,44.44842930845181,44.28957869790134,44.32929229736328,1792000
2023-07-20,44.33922149783594,44.34914800465596,44.19029738445301,44.230010986328125,2616100
2023-07-21,44.18036801680805,44.1902945229853,44.03144391306844,44.04137420654297,1574700
2023-07-24,44.12079796687213,44.21015167236328,44.04137455493407,44.21015167236328,1963700
2023-07-25,44.1902961730957,44.269723374668665,44.1803696665478,44.1902961730957,1485700
2023-07-26,44.23001014362698,44.468287963040346,44.18037003587762,44.35907745361328,2887100
2023-07-27,44.31936267163277,44.31936267163277,43.89245093922765,43.91230773925781,3350800
2023-07-28,44.21015363819949,44.23001043889128,44.14065672942696,44.18037033081055,1716900
2023-07-31,44.30943593211269,44.4384994506836,44.23000873240999,44.4384994506836,2614100
2023-08-01,44.269721520786405,44.3094351199098,44.08108760589618,44.1605110168457,1820800
2023-08-02,43.63431968081939,43.63431968081939,43.31661845808133,43.39604187011719,3042600
2023-08-03,43.2967611955588,43.39604140636699,43.28683090209961,43.28683090209961,3235300
2023-08-04,43.65417850222648,43.87259573591272,43.54496799173461,43.7137451171875,2375000
2023-08-07,43.85273612654432,43.87259292602539,43.73359911695509,43.87259292602539,1672200
2023-08-08,43.74353111415792,43.74353111415792,43.44568289763776,43.61446380615234,1604000
2023-08-09,43.79317055438234,43.79317055438234,43.57474954220572,43.6243896484375,1945900
2023-08-10,43.75345770930237,43.85273792347868,43.49532688006552,43.55489349365234,1966000
2023-08-11,43.515184730542295,43.515184730542295,43.22726680026611,43.30669021606445,4396600
2023-08-14,43.02870094303936,43.18755155589097,42.98898734300212,43.15776824951172,4010300
2023-08-15,43.09819822865156,43.09819822865156,42.869850707374354,42.91949081420898,3011800
2023-08-16,43.08827088110557,43.27690479831392,43.0088436818827,43.04855728149414,2676100
2023-08-17,43.09819637005175,43.17762356739978,42.879775364641866,42.88970565795898,2144900
2023-08-18,42.85992153424138,43.07834255478144,42.82021172011386,43.018775939941406,3385800
2023-08-21,43.2272642905336,43.336474794800985,43.12798029242813,43.28683090209961,4121700
2023-08-22,43.44568357414696,43.465540374710656,43.17762623478063,43.19747924804688,2052700
2023-08-23,43.674032505809095,43.902380018895634,43.64424541293885,43.87259292602539,2050000
2023-08-24,43.66410289950338,43.69388620554504,43.45561218261719,43.45561218261719,2257800
2023-08-25,43.38611591267869,43.5052529258882,43.237191805693776,43.445682525634766,2245900
2023-08-28,43.58467995063925,43.66410336335984,43.54496635063028,43.564823150634766,2531700
2023-08-29,43.55489170892262,43.88252321941456,43.47546829829555,43.87259292602539,2625900
2023-08-30,43.832883227755104,43.86266653340515,43.73359923009286,43.813026428222656,2136400
2023-08-31,43.76338913016973,43.76338913016973,43.58468171021206,43.654178619384766,3363900
2023-09-01,43.92223739624024,44.03144411387707,43.832883691048416,43.92223739624024,2103000
2023-09-05,44.13072854925457,44.13072854925457,43.99173473698027,44.03144454956055,1918000
2023-09-06,44.02151833370264,44.14065534682423,43.83288441398535,43.85273742675781,1930700
2023-09-07,44.170444370812966,44.25979808138323,44.0513035651876,44.230010986328125,3535800
2023-09-08,44.56756888791053,44.70656270674006,44.49807197849577,44.69663619995117,2516100
2023-09-11,45.03419222997973,45.13347244262695,44.93490823003516,45.13347244262695,2271200
2023-09-12,44.795913810348495,44.82570090357687,44.65691999960705,44.73634719848633,3523400
2023-09-13,44.82570145393114,44.86541126656103,44.73634774774354,44.78598785400391,1595300
2023-09-14,44.944836962873566,45.0044073607716,44.87534005897447,44.92498016357422,2948600
2023-09-15,44.9349075066766,44.94483780015988,44.78598719010307,44.79591369628906,2477700
2023-09-18,44.77605744576055,44.86541115171943,44.68670373980167,44.84555435180664,2468300
2023-09-19,44.795913897239046,44.80584419076687,44.64699357999747,44.67677688598633,2793400
2023-09-20,44.74627399329256,44.86541100508257,44.5377832758357,44.5576400756836,3626900
2023-09-21,44.2002265832034,44.23994018409434,44.110872874847495,44.13072967529297,4282200
2023-09-22,44.269721520786405,44.35907522516541,44.12079741772231,44.1605110168457,2600400
2023-09-25,44.18036948970497,44.33922010491764,44.15058618288304,44.3094367980957,2215000
2023-09-26,44.18037062813914,44.18037062813914,43.99173670124385,44.00166320800781,2624400
2023-09-27,44.428572595724816,44.44842939549467,44.17044177331131,44.26972198486328,5158700
2023-09-28,43.87259284019869,43.98180334348236,43.78323913635726,43.93216323852539,3781000
2023-09-29,44.16051272667463,44.21015283385224,43.84281149598109,43.902381896972656,4992400
2023-10-02,43.952022641846106,43.971879442464726,43.75345842295733,43.89245223999024,3691500
2023-10-03,43.81302671508477,43.87259332677486,43.60453221227759,43.63431930541992,3435100
2023-10-04,43.61446389453657,43.61446389453657,43.41589967888655,43.55489349365234,3419200
2023-10-05,43.743531369917065,43.90238198558446,43.70381776917586,43.842811584472656,2164900
2023-10-06,43.90238131595368,44.3292930491665,43.88252451588595,44.259796142578125,2109200
2023-10-09,43.674035213424375,43.81302903111174,43.51518459502488,43.7733154296875,2205500
2023-10-10,44.150584973541456,44.359075690178976,44.09101457423189,44.26972198486328,2824900
2023-10-11,44.40871756136264,44.47821446967124,44.26972374474545,44.35907745361328,3079500
2023-10-12,44.23001073655396,44.23001073655396,43.94209280553154,44.00166320800781,4815700
2023-10-13,44.160512317724766,44.319362931600494,44.08108890443559,44.140655517578125,2348900
2023-10-16,44.30943593211269,44.49806985046063,44.18036862624445,44.4384994506836,2316100
2023-10-17,44.33921860328766,44.547709318575095,44.289578497833126,44.448429107666016,2090700
2023-10-18,44.14065592634411,44.14065592634411,43.88252509664213,43.902381896972656,3553200
2023-10-19,44.0413761721485,44.27965020400953,44.01159286499024,44.01159286499024,3050700
2023-10-20,43.87259518601528,43.89245198651923,43.66410446166992,43.66410446166992,2283200
2023-10-23,43.34640381761238,43.41590072667249,43.15776989120599,43.30669021606445,4231900
2023-10-24,43.31661966831856,43.51518388490193,43.31661966831856,43.43575668334961,1987900
2023-10-25,43.07834012332141,43.07834012332141,42.82020930322345,42.93934631347656,2859200
2023-10-26,42.48265084249097,42.5720045460749,42.363510046180906,42.42308044433594,2968100
2023-10-27,42.91948933508197,42.9294196284851,42.61171462363824,42.65142822265625,2555900
2023-10-30,42.929422230383885,43.10812586220145,42.90956542967138,43.018775939941406,2538500
2023-10-31,42.78049636559909,42.98898708359047,42.73085625950076,42.929420471191406,3261200
2023-11-01,42.81028067691395,43.12798190815915,42.80035417038015,43.08827209472656,3393600
2023-11-02,43.40597199011942,43.51518249511719,43.34640159085774,43.51518249511719,2303000
2023-11-03,43.66410483012836,43.88252585021755,43.544967813396745,43.8328857421875,2602800
2023-11-06,43.89244972550648,43.96194663004162,43.78323922200916,43.87259292602539,3550100
2023-11-07,43.8130288248132,43.93216584122748,43.73360162233871,43.89245223999024,2395200
2023-11-08,43.99173606445224,44.0413761721485,43.90238235568,44.01159286499024,4494600
2023-11-09,43.97187909901789,43.97187909901789,43.71374448028944,43.72367477416992,2064300
2023-11-10,43.83288266073763,44.18036717981731,43.83288266073763,44.170440673828125,3539700
2023-11-13,44.041374092841465,44.1704413965961,43.94209009483895,44.1009407043457,2943700
2023-11-14,44.36900457710898,44.76613301922007,44.36900457710898,44.75620651245117,3091100
2023-11-15,44.656920173080245,44.70656027892397,44.54770966784564,44.61720657348633,3390800
2023-11-16,44.66685168053576,44.73634858806516,44.57749797266976,44.65692138671875,2457600
2023-11-17,44.736347835153786,44.785987941511145,44.67677743514655,44.72641754150391,1942000
2023-11-20,44.57749722243182,44.736347835153786,44.517926822424585,44.72641754150391,1600900
2023-11-21,44.71649039876651,44.8455539159994,44.70656010525795,44.73634719848633,3206200
2023-11-22,44.91505625936216,44.93490927251431,44.825702550987735,44.88526916503906,1864700
2023-11-24,44.776056147705695,44.86540985107422,44.75620313566578,44.86540985107422,673400
2023-11-27,44.83562926297957,44.865412570141686,44.73634904757421,44.76613235473633,2235500
2023-11-28,44.99448050030135,45.20297122790533,44.99448050030135,45.16326141357422,2917100
2023-11-29,45.341963536153074,45.45117404334566,45.29232342941936,45.30225372314453,2531600
2023-11-30,45.560385814075,45.69937963170308,44.88526973934073,45.689453125,3980100
2023-12-01,45.79866175234052,46.13621977582992,45.709308046496346,46.06672286987305,2996000
2023-12-04,46.64255674460483,46.68227034593518,46.41420921790155,46.503562927246094,4106500
2023-12-05,46.801406020662654,46.93047332763672,46.6921955137844,46.93047332763672,5326000
2023-12-06,47.14889358710927,47.1687465995901,46.93047257684704,46.99996948242188,2999000
2023-12-07,47.04960938744633,47.11910629272461,46.99996928186146,47.11910629272461,2116000
2023-12-08,46.96025784691609,46.999971448133344,46.84112083056181,46.97018814086914,1896300
2023-12-11,47.13896421778721,47.22831792489207,47.07939381728484,47.21839141845703,2536300
2023-12-12,46.93047378770543,47.059541095944766,46.781549679175626,47.0396842956543,4212500
2023-12-13,47.109181507459525,47.615516662597656,47.03968459964248,47.615516662597656,6846900
2023-12-14,47.82400484278777,48.00271224975586,47.75450793866654,48.00271224975586,4338800
2023-12-15,48.29063344648488,48.29063344648488,47.933218608221175,47.95307540893555,2937600
2023-12-18,48.09206641821864,48.15163681688304,47.95307260863231,48.11192321777344,3077800
2023-12-19,48.22113585743268,48.429626581046406,48.171495749995714,48.370059967041016,5379200
2023-12-20,47.39709781593277,47.44673792163788,47.03968299518037,47.05953979492188,5566600
2023-12-21,47.69494227342644,47.8637193904105,47.61551507440053,47.81407928466797,4118200
2023-12-22,47.99278892075825,48.04242902880275,47.88357841068186,48.01264572143555,2254600
2023-12-26,48.2608503905272,48.2608503905272,48.10199977128202,48.18142318725586,2226600
2023-12-27,48.54876717839472,48.56862019144762,48.40976957594246,48.48919677734375,2620100
2023-12-28,48.68776070037724,48.74732731377211,48.638120593449045,48.66790390014648,2786600
2023-12-29,48.53883503216656,48.58847513749922,48.37998442272367,48.45941162109375,4500000
2024-01-02,48.33034579057376,48.38991619116712,48.19135197648664,48.32041549682617,2839200
2024-01-03,48.2310669930142,48.3204169155816,48.101999681587685,48.24099349975586,2744900
2024-01-04,48.59840762898965,48.80689835319498,48.59840762898965,48.65797424316406,2338500
2024-01-05,48.89625066702806,49.015387679276046,48.70761674869398,48.73740005493164,3185000
2024-01-08,48.56861914922444,48.75725685485586,48.42962533705224,48.73740005493164,2424900
2024-01-09,48.52890971339513,48.687760326724685,48.38991590014395,48.499122619628906,2778600
2024-01-10,48.79697036743164,48.79697036743164,48.66790306180371,48.79697036743164,3357600
2024-01-11,48.90617827361642,48.94589187435832,48.58847704227604,48.8366813659668,2478000
2024-01-12,49.51179680580013,49.83942832684826,49.51179680580013,49.60115051269531,3272400
2024-01-16,49.5217254703505,49.5217254703505,48.99552975270187,49.04517364501953,5433400
2024-01-17,48.52891104296584,48.52891104296584,48.35020362466178,48.479270935058594,4190400
2024-01-18,48.657973518315934,48.79697111967965,48.56861981108796,48.72747421264648,3679200
2024-01-19,49.19409682355782,49.2635937320911,48.90617889546425,49.23381042480469,4018000
2024-01-22,49.382734240499126,49.59122496485209,49.24373663696637,49.41251754760742,3527900
2024-01-23,48.39984205993651,48.42962536619209,48.211208141488925,48.330345153808594,4543200
2024-01-24,48.90617763598804,49.03524494306776,48.80689742272509,48.84661102294922,7677200
2024-01-25,48.86646605722044,48.86646605722044,48.67782835662116,48.75725555419922,4583600
2024-01-26,48.767184458317175,49.02531907584212,48.67783075029661,48.8366813659668,2127200
2024-01-29,49.48201220205808,49.650789317714704,49.452228896306266,49.62100601196289,3077200
2024-01-30,49.00545984752224,49.18416725470942,48.94588944936077,49.164310455322266,4162400
2024-01-31,49.571367958754806,49.76000188182075,49.41251734267363,49.53165435791016,6993400
2024-02-01,49.72029277989533,49.87914339825005,49.54158536083408,49.86921310424805,5987900
2024-02-02,49.8692109655374,50.03799187065572,49.680577047861455,50.01813507080078,3042600
2024-02-05,49.73021949315631,49.82949970980382,49.62100898246555,49.75007629394531,3863400
2024-02-06,50.3259066081636,50.50461402171922,50.24648319508186,50.415260314941406,4130000
2024-02-07,50.51454477646968,50.623755284339055,50.3954039748136,50.52447128295898,3684000
2024-02-08,50.31597929178232,50.31597929178232,50.04791817576411,50.13727188110352,5477200
2024-02-09,50.27626661657788,50.37555061727887,50.07770240247328,50.35569381713867,3825200
2024-02-12,49.95856354388207,50.06777404697115,49.7699296304628,49.91884994506836,4141000
2024-02-13,49.70043387542612,49.80964059374319,49.462156064331325,49.61108016967773,5275300
2024-02-14,50.41526219098939,50.47483259349045,50.34576528172024,50.44504928588867,4100900
2024-02-15,50.60389755687577,50.71310806274414,50.50461355731483,50.71310806274414,4124100
2024-02-16,50.79253127338021,50.9315250849162,50.693251061510885,50.83224487304688,4390900
2024-02-20,51.23929922402767,51.23929922402767,51.06059181483867,51.18965911865234,5872600
2024-02-21,50.86202948098452,50.86202948098452,50.64360846452463,50.8123893737793,4185200
2024-02-22,51.26908287926908,51.358436584472656,51.14001557457563,51.358436584472656,4207900
2024-02-23,51.45771983208908,51.45771983208908,51.3187222359034,51.42793273925781,3097100
2024-02-26,51.20951591826193,51.23929922402767,51.13008871982358,51.18965911865234,2859200
2024-02-27,51.27901588893148,51.27901588893148,51.1400182833545,51.259159088134766,5566700
2024-02-28,50.723035870460336,50.74289267088199,50.445048239152,50.69325256347656,6698400
2024-02-29,51.03081169741678,51.03081169741678,50.73296347196108,50.79253387451172,8258300
2024-03-01,51.54707336425781,51.60664376680143,51.398153038845024,51.54707336425781,5002100
2024-03-04,51.6066406123462,51.6066406123462,51.48750360183871,51.53714370727539,2461700
2024-03-05,51.48750455490197,51.557001461259205,51.308797142184126,51.3485107421875,3145100
2024-03-06,51.78535025161713,51.78535025161713,51.66621323597965,51.73571014404297,4716100
2024-03-07,51.81513326496277,51.95413086759888,51.725779556916834,51.9144172668457,4421100
2024-03-08,52.07326852148646,52.07326852148646,51.85484750196145,51.90448760986328,2787700
2024-03-11,51.62649807714273,51.62649807714273,51.447790665430375,51.52721786499024,5287300
2024-03-12,51.4577231911968,51.4577231911968,51.1896620620001,51.3187255859375,6042800
2024-03-13,50.335836846356216,50.335836846356216,49.92878191310555,50.06777572631836,9900700
2024-03-14,50.52447157638081,50.70317899260537,50.28619754627968,50.34576416015625,5615800
2024-03-15,50.48475893953739,50.48475893953739,50.057847191216005,50.15713119506836,8612300
2024-03-18,50.435118533840495,50.49468893580061,50.29612471656435,50.33583831787109,3832600
2024-03-19,49.8890681418757,49.8890681418757,49.65079032911561,49.77985763549805,5776200
2024-03-20,49.87914244100174,50.11741647031228,49.76993193286049,50.05784606933594,4259200
2024-03-21,50.44504845716068,50.45497496376569,50.1571305307485,50.16705703735352,5023200
2024-03-22,50.3159799582346,50.3159799582346,50.08763243874209,50.12734603881836,3223000
2024-03-25,50.15712989408052,50.2365533078048,50.147199600304106,50.17698669433594,1710300
2024-03-26,50.50461532536541,50.50461532536541,50.375551802363965,50.39540481567383,2953600
2024-03-27,50.69325059919957,50.762747504333774,50.60389689441314,50.7230339050293,3844300
2024-03-28,51.120164060564846,51.23930107522933,51.08045045991088,51.21944427490234,3732900
2024-04-01,51.47757400019298,51.487504293792135,51.08044936406521,51.12016296386719,3611300
2024-04-02,51.3187257933267,51.36836968905439,51.16980546803616,51.199588775634766,3743500
2024-04-03,51.22936873082644,51.40807613931863,51.14994531999505,51.30879592895508,4571400
2024-04-04,51.52722030840948,51.62650052526983,51.16980546803616,51.199588775634766,4985200
2024-04-05,51.44779046446627,51.705925074730175,51.41800715839633,51.64635467529297,3754100
2024-04-08,51.90448492293692,52.06333553237808,51.86477511104959,52.00376892089844,3414300
2024-04-09,52.01369661301469,52.07326701314987,51.79527559981639,52.0434799194336,5925400
2024-04-10,51.66621369337352,51.87470441940923,51.517289582035175,51.84492111206055,12110100
2024-04-11,51.79527634895553,51.99384056498069,51.58678562641295,51.97398376464844,8662200
2024-04-12,51.61657128113154,51.63642429361275,51.22936936639651,51.298866271972656,5555600
2024-04-15,51.338579897851936,51.4477904030411,50.85210155856954,50.89181137084961,4698500
2024-04-16,50.81238752330831,50.88188442832418,50.69325051289498,50.7826042175293,3581700
2024-04-17,50.88188471636376,50.88188471636376,50.54432669553403,50.60389709472656,7476000
2024-04-18,50.60389819225156,50.792532112839815,50.45497408468895,50.70317840576172,4467100
2024-04-19,50.7329600396523,50.98116435254159,50.7329600396523,50.96131134033203,4544400
2024-04-22,51.40807770091213,51.586785114832814,51.33858079408712,51.51728820800781,3165000
2024-04-23,51.51728800526474,51.676138618424936,51.39815099221893,51.63642501831055,3852700
2024-04-24,51.63642501831055,51.64635531198783,51.51728800526474,51.63642501831055,3700600
2024-04-25,51.74563635729342,51.93427406722229,51.557002434661975,51.9144172668457,5915400
2024-04-26,51.87470170335858,51.95412890185972,51.81513130448273,51.94419860839844,2615600
2024-04-29,52.08319398032727,52.20233478165172,52.03355387342411,52.15269088745117,3995500
2024-04-30,51.98391405846328,52.132834380009086,51.96405725813101,51.97398376464844,3345200
2024-05-01,52.0931244780439,52.25197509313438,51.9541306632519,52.03355407714844,4162100
2024-05-02,52.39096987576711,52.67888780446788,52.28175936575665,52.59946060180664,6696000
2024-05-03,52.26189980489552,52.36118380297841,52.14276279449332,52.35125350952149,5585100
2024-05-06,52.00376955748236,52.14276336903265,51.8449189460967,51.993839263916016,3899600
2024-05-07,51.42793320293633,51.6066406123462,51.37829309749965,51.53714370727539,4871000
2024-05-08,51.59671456941062,51.755565180612514,51.59671456941062,51.64635467529297,5351200
2024-05-09,51.17973197480319,51.23930237729791,51.11023506554144,51.199588775634766,5793900
2024-05-10,51.27901375113432,51.27901375113432,50.87195882001541,51.00102233886719,5804000
2024-05-13,51.33858044853798,51.45772124854811,51.33858044853798,51.3485107421875,2995800
2024-05-14,51.69599394461384,51.795274154771946,51.63642354614063,51.775421142578125,3644600
2024-05-15,51.87470487671814,51.97398509362061,51.78535116658692,51.954132080078125,3750500
2024-05-16,52.18247798143098,52.19240448789266,52.11298107430708,52.15269088745117,3917400
2024-05-17,52.48032044135585,52.61931425038932,52.41082353683912,52.58953094482422,3252300
2024-05-20,52.75830971147456,52.81788011176737,52.66895600468402,52.73845291137695,3192200
2024-05-21,52.85759547491553,52.92709238392639,52.78809477860718,52.82780838012695,3564900
2024-05-22,52.937017498602415,52.946947792369976,52.82780699094364,52.90723419189453,3736500
2024-05-23,53.68163089158356,53.68163089158356,53.34407285945262,53.42350006103516,6980900
2024-05-24,53.691559474438286,53.761056379959626,53.63198907514971,53.6816291809082,3943300
2024-05-28,53.3639307099717,53.42350111233086,53.10579987434366,53.17529678344727,3911400
2024-05-29,52.90723482879921,52.90723482879921,52.8178811203025,52.89730453491211,3852700
2024-05-30,52.61931413712596,52.69874133485826,52.54981723275882,52.64909744262695,4685700
2024-05-31,52.71859564936701,52.71859564936701,52.35125431902333,52.629241943359375,7364600
2024-06-03,54.41631762299663,54.465957730579625,54.20782311147215,54.40638732910156,13613100
2024-06-04,50.64360926114767,51.16980501023287,50.47483213653556,51.09037780761719,26569000
2024-06-05,52.35125477771709,52.74838320507444,52.32147147121936,52.73845291137695,11097400
2024-06-06,53.02637045292029,53.046227252876,52.877446346901145,52.97673034667969,5544100
2024-06-07,53.80076761211231,53.80076761211231,53.56249358326404,53.60220718383789,5696700
2024-06-10,53.82062542205386,53.83055571603231,53.67170509805435,53.76105880737305,3538900
2024-06-11,53.90997956232969,53.90997956232969,53.661775233048886,53.87026596069336,4050700
2024-06-12,54.396461666621335,54.41631846742215,54.20782395266228,54.277320861816406,3813100
2024-06-13,54.326961690412766,54.34681849009256,54.11846718742355,54.207820892333984,4751000
2024-06-14,54.38652928448579,54.80351451069854,54.37660277811524,54.77372741699219,7031400
2024-06-17,54.823369923104615,54.912723627367335,54.724085925425335,54.853153228759766,5977000
2024-06-18,54.94250904174344,55.11128616333008,54.92265224144548,55.11128616333008,2481900
2024-06-20,54.654589506919535,54.68437660013694,54.42624199117164,54.5553092956543,4731800
2024-06-21,54.53545417768469,54.53545417768469,54.277319560759146,54.297176361083984,3543900
2024-06-24,54.67444601963221,54.90279353418145,54.624805914260165,54.73401641845703,3767700
2024-06-25,54.7141601682964,54.82337067358997,54.704229874743895,54.78365707397461,3265700
2024-06-26,54.942508901393104,54.942508901393104,54.73401817974312,54.82337188720703,3473700
2024-06-27,55.329707346546144,55.44884436139665,55.31978084001586,55.39920425415039,3424800
2024-06-28,55.45877213801239,55.51833874908527,55.28999123627897,55.37934494018555,3301200
2024-07-01,55.63748018851814,55.81618759839561,55.63748018851814,55.77647399902344,3618100
2024-07-02,55.73676103582059,55.81618823547149,55.60769373003654,55.766544342041016,4079400
2024-07-03,55.91546807198561,56.064392176681615,55.87575447242703,56.00482177734375,2889500
2024-07-05,56.33245607266566,56.35230908612735,56.094178250852906,56.253028869628906,3324700
2024-07-08,56.32252392661277,56.40195112703776,56.20338691327266,56.223243713378906,3936200
2024-07-09,56.40195202117216,56.5111587425417,56.362238420330094,56.4416618347168,3226200
2024-07-10,56.34238118788217,56.36223798815095,56.17360406654369,56.33245468139648,3464400
2024-07-11,56.54094323177042,56.580656830782736,56.42180622203073,56.48137283325195,3453400
2024-07-12,56.54094675359146,56.77922078791245,56.54094675359146,56.66008377075195,3727000
2024-07-15,56.72957862478096,56.78914902485213,56.64022491832289,56.74943542480469,4484400
2024-07-16,56.72957704001311,57.00756465798479,56.65015362943431,56.947998046875,4671400
2024-07-17,56.76929297766255,56.80900657823665,56.67993927001953,56.67993927001953,3052900
2024-07-18,56.86857310323825,56.987713904775,56.69979598200728,56.73950958251953,4932600
2024-07-19,56.064391913525725,56.08424871321181,55.74669069314296,55.77647399902344,5613600
2024-07-22,56.20338691327266,56.32252392661277,56.12395971284768,56.223243713378906,3625700
2024-07-23,55.77647533385718,55.78640184028914,55.121216077724,55.34956359863281,7766300
2024-07-24,55.38927702851964,55.51834054822484,55.04178870771231,55.0616455078125,8055600
2024-07-25,55.23042528733435,55.54812650785596,55.23042528733435,55.36941909790039,3780100
2024-07-26,56.471447077777086,56.471447077777086,56.31259646691361,56.4118766784668,4215300
2024-07-29,56.5210897017294,56.5210897017294,56.30266868182434,56.43173599243164,3545800
2024-07-30,56.54094519893709,56.550871705386896,56.342380984264345,56.45159149169922,3379900
2024-07-31,56.73951101738201,57.0869955624081,56.73951101738201,57.007568359375,6295600
2024-08-01,56.79907678472259,56.79907678472259,56.30266813506629,56.38209533691406,5582000
2024-08-02,55.86583010470944,56.004823921187786,55.677196180531325,55.855899810791016,4922900
2024-08-05,54.07875950087033,54.8630822889142,53.8404816826448,54.46595764160156,12499000
2024-08-06,54.48581219032651,54.892867114695626,54.426241791407634,54.67444610595703,4600500
2024-08-07,55.32970823339059,55.389278635419366,54.84322987236341,54.86308288574219,4455700
2024-08-08,55.10135798296704,55.41905920348865,55.04178758388275,55.36941909790039,4547000
2024-08-09,55.35949131732232,55.52827222874058,55.17085739260541,55.389278411865234,3662700
2024-08-12,55.379348296848,55.43891869882882,55.24035447952356,55.270137786865234,2647900
2024-08-13,54.94250774516459,55.160928755990376,54.94250774516459,55.131141662597656,3080800
2024-08-14,54.982220332443,55.03186043745376,54.86307953566049,54.9722900390625,2236400
2024-08-15,55.28999299543649,55.54812760928952,55.22049608877545,55.46870040893555,4420900
2024-08-16,55.78640335978674,56.00482438021289,55.68712314357347,55.965110778808594,2669400
2024-08-19,56.03460750856312,56.1537483123953,55.975040893944495,56.084251403808594,1631300
2024-08-20,56.292739404724266,56.35230601645957,56.16367210046896,56.18352890014648,3961900
2024-08-21,56.441661082603126,56.54094508338529,56.302667268805486,56.51115798950195,7313900
2024-08-22,56.51115949743818,56.51115949743818,56.312599065170254,56.37216567993164,3486200
2024-08-23,56.52108931748472,56.71965353538511,56.431735608794426,56.670013427734375,3138300
2024-08-26,56.91821818574928,56.95792799979311,56.72958047302679,56.77922058105469,2267300
2024-08-27,56.64022425563876,56.809005160217,56.62036745584736,56.75936126708984,2717600
2024-08-28,56.79907619599051,56.8288632900234,56.65015587501566,56.73950958251953,2497700
2024-08-29,56.809006286008696,57.007566713262975,56.809006286008696,56.858646392822266,2685800
2024-08-30,57.11677839519066,57.33519941441888,57.086995087949525,57.30541610717773,5411400
2024-09-03,57.23591735329191,57.23591735329191,56.77921852896759,56.86857223510742,4129700
2024-09-04,56.997641010702864,57.19620522805504,56.997641010702864,57.13663482666016,3587500
2024-09-05,56.90828464742949,57.02742165736395,56.799074143615705,56.828861236572266,3658700
2024-09-06,56.48137471698392,56.54094511748914,56.07431978177498,56.104103088378906,5968000
2024-09-09,56.50122954680005,56.68986346087569,56.46151594784816,56.54094314575195,2634800
2024-09-10,56.7990757343612,56.7990757343612,56.5409449077243,56.63029861450195,3217700
2024-09-11,56.63030037369857,56.73951088396354,56.20338862664322,56.71965408325195,2290000
2024-09-12,57.1465628687848,57.355053584505534,57.12670606910226,57.345123291015625,4840400
2024-09-13,57.36498185239111,57.48412265414519,57.2954849450166,57.434478759765625,3747600
2024-09-16,57.62311729934618,57.72239751494131,57.53376359039157,57.71247100830078,4502200
2024-09-17,57.72239714454568,57.72239714454568,57.45433601940197,57.5436897277832,4345900
2024-09-18,57.35505630446216,57.6529007392304,57.22598899405352,57.24584579467773,4614400
2024-09-19,57.54368759013367,57.752178306179005,57.41462407294216,57.69261169433594,6901000
2024-09-20,58.22873482505064,58.40744223793765,58.1493076249687,58.31808853149414,5085800
2024-09-23,58.76485258093191,58.81449647404426,58.635789063272256,58.73506927490234,2950300
2024-09-24,58.685431517129,58.695358023770254,58.457083991405625,58.46701049804688,7122000
2024-09-25,58.705288867191015,58.72514566795684,58.49679435279863,58.51665115356445,4101700
2024-09-26,59.06270201002357,59.06270201002357,58.67550008715722,58.774784088134766,4135600
2024-09-27,58.92370516370424,58.9435619641542,58.68543113289966,58.70528793334961,5766600
2024-09-30,58.15923633008808,58.15923633008808,57.930885029738285,58.10959243774414,4623100
2024-10-01,58.24859002706392,58.24859002706392,57.58340424421458,57.76211166381836,6259600
2024-10-02,57.80182489637259,57.83160820368393,57.38483965752645,57.59333038330078,5704700
2024-10-03,57.17634753273192,57.24584443962288,56.89835990516808,56.918216705322266,5397500
2024-10-04,56.67001209954765,56.79907561895518,56.59058489933007,56.68986511230469,5885500
2024-10-07,56.15374515102206,56.19345496276637,55.64740623148507,55.66726303100586,8277600
2024-10-08,56.74943684251606,56.77922014964701,56.55087262461568,56.670013427734375,6188200
2024-10-09,56.83878884160471,56.98771294737501,56.68986473583441,56.92814254760742,4680500
2024-10-10,56.75936201884639,56.75936201884639,56.56080159289716,56.68986511230469,3756700
2024-10-11,56.590586655629686,56.77922058105469,56.51115945294706,56.77922058105469,3524000
2024-10-14,56.84871664721076,56.90828704833984,56.75936293916584,56.90828704833984,2336400
2024-10-15,56.61044060093864,56.78914801066327,56.580657295083626,56.59058380126953,4664200
2024-10-16,56.65015475036672,56.67993805651094,56.53101395119522,56.64022445678711,1976600
2024-10-17,56.09417623562777,56.11403303567359,55.86582871604691,55.935325622558594,4600200
2024-10-18,56.32252468081083,56.32252468081083,56.094177157477326,56.15374755859375,5016300
2024-10-21,55.71690359996519,55.88568450364826,55.66726349439863,55.77647399902344,8027300
2024-10-22,55.220495281146114,55.33963607993456,55.081501469856896,55.190711975097656,4037200
2024-10-23,55.101359108012886,55.160929508313465,54.9127251880071,55.0616455078125,4904800
2024-10-24,55.021931358597286,55.04178815849935,54.912724640081954,55.01200485229492,4252000
2024-10-25,54.58509297736995,54.60494977721917,54.28724855422641,54.31703186035156,4634800
2024-10-28,54.60495029761139,54.80351451069854,54.60495029761139,54.77372741699219,5575200
2024-10-29,54.78365698714599,54.95243410429779,54.78365698714599,54.84322738647461,3473700
2024-10-30,54.66452101577697,54.74394442909552,54.56523701500706,54.59502410888672,6478400
2024-10-31,54.525523041161534,54.56523664119743,54.3071058155588,54.42624282836914,8088900
2024-11-01,54.47588414818297,54.72408847298991,54.42624404068107,54.46595764160156,5100800
2024-11-04,54.09861466424376,54.14825477024348,53.89012015936916,53.90997695922852,3944400
2024-11-05,54.20782256503877,54.356746673583984,54.20782256503877,54.356746673583984,4810200
2024-11-06,54.88293989339999,54.88293989339999,54.56523865597663,54.74394607543945,8735800
2024-11-07,54.63473334477223,54.63473334477223,54.26739201404736,54.54537963867188,5216500
2024-11-08,54.11846758948744,54.20782129506171,53.90005036598156,53.96954727172852,3607400
2024-11-11,54.07875748915437,54.20782100639869,54.07875748915437,54.14825439453125,2656500
2024-11-12,53.60220747729844,53.61213398384755,53.36392965984825,53.42350006103516,7512600
2024-11-13,52.95687560151983,52.96680210823418,52.68881447266266,52.88737869262695,7972000
2024-11-14,53.09586857425526,53.13558217507556,52.98665806564817,53.01644515991211,4823600
2024-11-15,53.01644321973316,53.01644321973316,52.55974440160792,52.6391716003418,4131200
2024-11-18,52.75831138155554,52.93701880079365,52.75831138155554,52.88737869262695,5329500
2024-11-19,52.93701829994973,53.26464982788566,52.86752139171436,53.18522262573242,4933000
2024-11-20,53.35400344736161,53.35400344736161,53.11572562859815,53.24479293823242,5344400
2024-11-21,52.7483824540148,52.8178793597182,52.51010464353365,52.80794906616211,6067000
2024-11-22,53.43342586989142,53.85041109816022,53.43342586989142,53.84048080444336,7402100
2024-11-25,54.42624274091102,54.55531004717161,54.30710572829212,54.48581314086914,9049500
2024-11-26,54.40638556602436,54.40638556602436,54.22767815467877,54.31703186035156,3555900
2024-11-27,54.58509268835399,54.60494948809807,54.28724826678746,54.4957389831543,3603900
2024-11-29,54.11846690182006,54.48581201301175,54.048969996956174,54.38652801513672,4676900
2024-12-02,54.44610017720826,54.51559708432293,54.31703286943925,54.47588348388672,3251600
2024-12-03,54.5751690669202,54.68437957763672,54.52552517128724,54.68437957763672,3636900
2024-12-04,54.68437749776519,54.80351451069854,54.66452069772674,54.77372741699219,3229200
2024-12-05,55.2006375323724,55.37934494018555,55.15099742737925,55.37934494018555,4501700
2024-12-06,55.329708188846055,55.44884520551022,55.20064087820302,55.270137786865234,4916200
2024-12-09,55.26021148695391,55.36942199734531,55.13114417582793,55.1510009765625,4922100
2024-12-10,55.17085656422399,55.19071336452196,55.04178925593589,55.11128616333008,3896800
2024-12-11,55.38927534697497,55.38927534697497,55.24035124439335,55.31977844238281,2266600
2024-12-12,55.0318611889055,55.0318611889055,54.882937084542455,54.902793884277344,7484800
2024-12-13,55.36942135790392,55.37934786450782,55.16093063354492,55.16093063354492,4824100
2024-12-16,55.11128737509336,55.26021148695391,55.11128737509336,55.1510009765625,4721300
2024-12-17,54.59999847412109,54.72999954223633,54.540000915527344,54.56999969482422,7627400
2024-12-18,54.310001373291016,54.43999862670898,53.52999877929688,53.59000015258789,7272000
2024-12-19,54.02000045776367,54.02000045776367,53.72999954223633,53.77000045776367,5978100
2024-12-20,53.13999938964844,53.630001068115234,53.130001068115234,53.41999816894531,8176400
2024-12-23,53.2400016784668,53.31999969482422,53.060001373291016,53.27000045776367,5075100
2024-12-24,53.16999816894531,53.38999938964844,53.150001525878906,53.38999938964844,1590000
2024-12-26,53.16999816894531,53.25,53.09999847412109,53.25,1586200
2024-12-27,53.0,53.119998931884766,52.90999984741211,53.09999847412109,3244900
2024-12-30,52.7400016784668,52.7400016784668,52.52999877929688,52.650001525878906,3240400
2024-12-31,52.70000076293945,52.77999877929688,52.59000015258789,52.63999938964844,2907300
2025-01-02,53.58000183105469,53.68000030517578,53.34999847412109,53.400001525878906,5788000
2025-01-03,53.310001373291016,53.459999084472656,53.29999923706055,53.369998931884766,3972800
2025-01-06,52.650001525878906,52.81999969482422,52.560001373291016,52.63999938964844,5532300
2025-01-07,52.75,52.83000183105469,52.40999984741211,52.43000030517578,5840100
2025-01-08,52.34000015258789,52.380001068115234,52.209999084472656,52.33000183105469,3481200
2025-01-10,51.4900016784668,51.56999969482422,51.150001525878906,51.209999084472656,5755500
2025-01-13,50.36000061035156,50.650001525878906,50.36000061035156,50.650001525878906,6515900
2025-01-14,51.0,51.02999877929688,50.77999877929688,50.93000030517578,4204900
2025-01-15,51.31999969482422,51.41999816894531,51.2400016784668,51.27999877929688,3905100
2025-01-16,51.2400016784668,51.27000045776367,51.040000915527344,51.04999923706055,3780800
2025-01-17,51.11000061035156,51.290000915527344,51.02000045776367,51.18000030517578,5475000
2025-01-21,50.72999954223633,50.869998931884766,50.70000076293945,50.83000183105469,7076800
2025-01-22,50.68000030517578,50.709999084472656,50.58000183105469,50.619998931884766,5556300
2025-01-23,51.0099983215332,51.13999938964844,50.959999084472656,51.09000015258789,4430900
2025-01-24,50.77999877929688,50.790000915527344,50.63999938964844,50.68000030517578,7540700
2025-01-27,50.0,50.150001525878906,49.90999984741211,50.09000015258789,6545700
2025-01-28,50.04999923706055,50.18000030517578,49.970001220703125,50.16999816894531,3214800
2025-01-29,50.56999969482422,50.59000015258789,50.43999862670898,50.52000045776367,4648200
2025-01-30,50.72999954223633,51.0,50.72999954223633,50.95000076293945,5895000
2025-01-31,51.209999084472656,51.29999923706055,50.9900016784668,50.9900016784668,7149000
2025-02-03,50.5099983215332,50.970001220703125,50.5099983215332,50.900001525878906,4275800
2025-02-04,51.34000015258789,51.5,51.2599983215332,51.43000030517578,5383900
2025-02-05,51.2599983215332,51.310001373291016,51.150001525878906,51.27999877929688,2659000
2025-02-06,50.88999938964844,50.93999862670898,50.79999923706055,50.84999847412109,5626300
2025-02-07,50.77999877929688,50.84000015258789,50.400001525878906,50.5,5697300
2025-02-10,50.40999984741211,50.59000015258789,50.40999984741211,50.58000183105469,3325200
2025-02-11,50.20000076293945,50.2400016784668,50.08000183105469,50.13999938964844,4847300
2025-02-12,49.75,50.0099983215332,49.65999984741211,49.79999923706055,8692100
2025-02-13,50.02999877929688,50.41999816894531,49.9900016784668,50.38999938964844,7071000
2025-02-14,49.77000045776367,49.83000183105469,49.56999969482422,49.59000015258789,5354200
2025-02-18,49.4900016784668,49.68999862670898,49.4900016784668,49.58000183105469,7321700
2025-02-19,49.619998931884766,49.77000045776367,49.59000015258789,49.7599983215332,3902900
2025-02-20,50.06999969482422,50.18999862670898,49.93000030517578,50.08000183105469,5752200
2025-02-21,49.810001373291016,49.810001373291016,49.27000045776367,49.29999923706055,8215100
2025-02-24,49.220001220703125,49.29999923706055,49.150001525878906,49.2599983215332,5240600
2025-02-25,49.040000915527344,49.27999877929688,48.9900016784668,49.25,9078800
2025-02-26,49.04999923706055,49.2599983215332,49.02000045776367,49.02000045776367,7363700
2025-02-27,48.720001220703125,48.810001373291016,48.52999877929688,48.54999923706055,6677900
2025-02-28,47.91999816894531,48.4900016784668,47.650001525878906,48.09999847412109,7127100
2025-03-03,48.02000045776367,48.31999969482422,47.70000076293945,47.79999923706055,6505100
2025-03-04,47.810001373291016,48.06999969482422,47.59999847412109,47.84999847412109,5565400
2025-03-05,48.43000030517578,48.9900016784668,48.43000030517578,48.93000030517578,11913100
2025-03-06,49.0,49.22999954223633,48.900001525878906,48.93999862670898,8058400
2025-03-07,48.90999984741211,49.119998931884766,48.72999954223633,49.08000183105469,5165300
2025-03-10,48.45000076293945,48.52999877929688,48.18000030517578,48.36000061035156,6237500
2025-03-11,48.77000045776367,48.810001373291016,48.34999847412109,48.65999984741211,4836100
2025-03-12,48.68999862670898,48.77000045776367,48.52999877929688,48.72999954223633,6623100
2025-03-13,48.45000076293945,48.59000015258789,48.43000030517578,48.5099983215332,5909200
2025-03-14,48.84000015258789,48.90999984741211,48.720001220703125,48.90999984741211,4968100
2025-03-17,49.20000076293945,49.459999084472656,49.119998931884766,49.43999862670898,3974000
2025-03-18,49.97999954223633,49.97999954223633,49.7599983215332,49.880001068115234,7205300
2025-03-19,50.45000076293945,50.70000076293945,50.33000183105469,50.61000061035156,10709500
2025-03-20,50.650001525878906,50.81999969482422,50.52999877929688,50.7599983215332,4600300
2025-03-21,51.380001068115234,51.52000045776367,51.290000915527344,51.470001220703125,7835900
2025-03-24,52.06999969482422,52.150001525878906,52.02000045776367,52.119998931884766,5524500
2025-03-25,51.91999816894531,52.06999969482422,51.709999084472656,52.040000915527344,10997300
2025-03-26,51.59999847412109,51.65999984741211,51.400001525878906,51.400001525878906,8790500
2025-03-27,51.83000183105469,51.880001068115234,51.70000076293945,51.790000915527344,4408100
2025-03-28,51.56999969482422,51.66999816894531,51.22999954223633,51.27999877929688,7358400
2025-03-31,50.9900016784668,51.52000045776367,50.9900016784668,51.47999954223633,4226200
2025-04-01,50.86000061035156,51.150001525878906,50.84000015258789,51.04999923706055,4158400
2025-04-02,51.33000183105469,51.66999816894531,51.31999969482422,51.560001373291016,6192700
2025-04-03,51.0099983215332,51.36000061035156,51.0099983215332,51.18000030517578,12191000
2025-04-04,49.70000076293945,49.869998931884766,49.08000183105469,49.18999862670898,14074300
2025-04-07,48.959999084472656,49.959999084472656,48.66999816894531,49.130001068115234,16810700
2025-04-08,50.18000030517578,50.18000030517578,48.88999938964844,49.15999984741211,8866900
2025-04-09,48.900001525878906,51.33000183105469,48.54999923706055,51.220001220703125,25535800
2025-04-10,50.380001068115234,50.630001068115234,49.720001220703125,50.52000045776367,10303000
2025-04-11,50.119998931884766,50.790000915527344,50.02999877929688,50.7599983215332,11175600
2025-04-14,51.369998931884766,51.369998931884766,50.900001525878906,51.02999877929688,5646600
2025-04-15,51.400001525878906,51.58000183105469,51.02999877929688,51.130001068115234,18598100
2025-04-16,51.31999969482422,51.630001068115234,51.08000183105469,51.130001068115234,7200500
2025-04-17,52.04999923706055,52.54999923706055,52.04999923706055,52.2599983215332,9225500
2025-04-21,53.040000915527344,53.130001068115234,52.709999084472656,53.0,9552000
2025-04-22,53.45000076293945,53.70000076293945,53.33000183105469,53.5,10236800
2025-04-23,53.58000183105469,53.58000183105469,53.119998931884766,53.18000030517578,7364000
2025-04-24,53.2599983215332,53.77000045776367,53.15999984741211,53.7400016784668,4285900
2025-04-25,52.59999847412109,52.86000061035156,52.59999847412109,52.84999847412109,6679600
2025-04-28,53.59000015258789,53.619998931884766,53.119998931884766,53.290000915527344,7111400
2025-04-29,53.400001525878906,53.560001373291016,53.27000045776367,53.540000915527344,4082400
2025-04-30,53.459999084472656,53.77999877929688,53.290000915527344,53.56999969482422,7088100
2025-05-01,53.650001525878906,53.720001220703125,53.4900016784668,53.540000915527344,5259300
2025-05-02,54.040000915527344,54.119998931884766,53.790000915527344,53.90999984741211,4991000
2025-05-05,54.34000015258789,54.45000076293945,54.27999877929688,54.31999969482422,3341700
2025-05-06,53.869998931884766,53.91999816894531,53.65999984741211,53.68000030517578,5075800
2025-05-07,53.540000915527344,53.63999938964844,53.209999084472656,53.220001220703125,10842100
2025-05-08,52.380001068115234,52.380001068115234,51.25,51.540000915527344,20432100
2025-05-09,52.68000030517578,52.720001220703125,52.15999984741211,52.38999938964844,12712700
2025-05-12,54.45000076293945,54.45000076293945,54.08000183105469,54.31999969482422,9393600
2025-05-13,53.66999816894531,54.130001068115234,53.66999816894531,54.0099983215332,9045900
2025-05-14,53.88999938964844,54.04999923706055,53.84999847412109,53.970001220703125,9337500
2025-05-15,54.52999877929688,54.77999877929688,54.5099983215332,54.77000045776367,7618700
2025-05-16,54.540000915527344,54.70000076293945,54.45000076293945,54.65999984741211,6707100
2025-05-19,54.5099983215332,54.810001373291016,54.5,54.77999877929688,4610000
2025-05-20,54.08000183105469,54.18000030517578,54.0099983215332,54.06999969482422,5683300
2025-05-21,54.18000030517578,54.33000183105469,54.0,54.02999877929688,5471700
2025-05-22,53.70000076293945,53.86000061035156,53.650001525878906,53.790000915527344,4063800
2025-05-23,54.29999923706055,54.619998931884766,54.20000076293945,54.58000183105469,7156600
2025-05-27,54.560001373291016,54.560001373291016,54.38999938964844,54.52999877929688,4000700
2025-05-28,54.25,54.33000183105469,54.16999816894531,54.290000915527344,5567100
2025-05-29,54.45000076293945,54.650001525878906,54.400001525878906,54.59000015258789,8197700
2025-05-30,54.34000015258789,54.40999984741211,54.09000015258789,54.310001373291016,10605800
2025-06-02,54.380001068115234,54.560001373291016,54.27000045776367,54.540000915527344,5665600
2025-06-03,53.970001220703125,54.130001068115234,53.880001068115234,53.959999084472656,5410600
2025-06-04,54.02000045776367,54.04999923706055,53.91999816894531,53.91999816894531,5175200
2025-06-05,54.27999877929688,54.33000183105469,54.13999938964844,54.18000030517578,3770000
2025-06-06,54.869998931884766,54.93999862670898,54.810001373291016,54.90999984741211,5718100
2025-06-09,55.09999847412109,55.31999969482422,55.04999923706055,55.2400016784668,9424800
2025-06-10,55.22999954223633,55.29999923706055,55.15999984741211,55.2599983215332,6390900
2025-06-11,55.40999984741211,55.43000030517578,55.2599983215332,55.33000183105469,4050600
2025-06-12,54.66999816894531,54.83000183105469,54.66999816894531,54.79999923706055,4882300
2025-06-13,54.08000183105469,54.2599983215332,53.95000076293945,54.040000915527344,6279700
2025-06-16,54.630001068115234,54.84000015258789,54.5099983215332,54.560001373291016,4772700
2025-06-17,54.06999969482422,54.150001525878906,53.79999923706055,53.83000183105469,6089100
2025-06-18,53.86000061035156,53.93000030517578,53.709999084472656,53.790000915527344,4537900
2025-06-20,54.150001525878906,54.16999816894531,53.900001525878906,53.900001525878906,7134800
2025-06-23,53.810001373291016,54.310001373291016,53.79999923706055,54.310001373291016,5797900
2025-06-24,54.58000183105469,54.83000183105469,54.4900016784668,54.79999923706055,8184200
2025-06-25,54.93000030517578,55.02000045776367,54.84000015258789,55.0,4972300
2025-06-26,55.61000061035156,55.77000045776367,55.560001373291016,55.709999084472656,5036600
2025-06-27,55.91999816894531,56.0099983215332,55.81999969482422,55.86000061035156,4846300
2025-06-30,55.54999923706055,55.709999084472656,55.47999954223633,55.68000030517578,6786600
2025-07-01,55.75,55.869998931884766,55.72999954223633,55.84000015258789,4273300
2025-07-02,55.5099983215332,55.630001068115234,55.470001220703125,55.59999847412109,3467700
2025-07-03,55.66999816894531,55.79999923706055,55.650001525878906,55.790000915527344,2774600
2025-07-07,55.540000915527344,55.59999847412109,55.290000915527344,55.36000061035156,6250300
2025-07-08,55.63999938964844,55.720001220703125,55.52999877929688,55.68999862670898,9395800
2025-07-09,55.58000183105469,55.68999862670898,55.5,55.65999984741211,8153000
2025-07-10,55.2599983215332,55.29999923706055,55.16999816894531,55.27000045776367,3542300
2025-07-11,54.95000076293945,54.97999954223633,54.869998931884766,54.880001068115234,5000500
2025-07-14,54.86000061035156,54.95000076293945,54.810001373291016,54.91999816894531,4182500
2025-07-15,55.18999862670898,55.209999084472656,54.869998931884766,54.880001068115234,4572800
2025-07-16,54.97999954223633,55.27999877929688,54.90999984741211,55.27000045776367,6105100
2025-07-17,54.77000045776367,55.040000915527344,54.720001220703125,55.0099983215332,6059200
2025-07-18,54.619998931884766,54.709999084472656,54.47999954223633,54.5,8929600
2025-07-21,54.70000076293945,54.91999816894531,54.63999938964844,54.75,7720700
2025-07-22,54.47999954223633,54.63999938964844,54.459999084472656,54.61000061035156,4075700
2025-07-23,54.650001525878906,54.84000015258789,54.619998931884766,54.72999954223633,9413000
2025-07-24,54.43000030517578,54.43999862670898,54.060001373291016,54.060001373291016,7304700
2025-07-25,53.709999084472656,53.86000061035156,53.59999847412109,53.79999923706055,5425000
2025-07-28,53.43000030517578,53.43000030517578,53.18000030517578,53.22999954223633,7839200
2025-07-29,53.52000045776367,53.540000915527344,53.31999969482422,53.4900016784668,8042200
2025-07-30,52.83000183105469,52.95000076293945,52.65999984741211,52.70000076293945,9229200
2025-07-31,52.84999847412109,53.0,52.61000061035156,52.63999938964844,7235700
2025-08-01,52.72999954223633,52.84000015258789,52.560001373291016,52.720001220703125,7302900
2025-08-04,52.869998931884766,52.900001525878906,52.36000061035156,52.47999954223633,10072100
2025-08-05,52.59999847412109,52.650001525878906,52.40999984741211,52.40999984741211,11234200
2025-08-06,52.43000030517578,52.459999084472656,51.90999984741211,52.2599983215332,12217600
2025-08-07,52.72999954223633,52.810001373291016,52.43999862670898,52.52999877929688,5790400
2025-08-08,52.040000915527344,52.15999984741211,51.95000076293945,52.119998931884766,4584600
2025-08-11,52.310001373291016,52.400001525878906,52.209999084472656,52.27000045776367,3890200
2025-08-12,52.2599983215332,52.52999877929688,52.20000076293945,52.470001220703125,8487200
2025-08-13,52.630001068115234,52.77000045776367,52.61000061035156,52.709999084472656,5237400
2025-08-14,52.369998931884766,52.459999084472656,52.2599983215332,52.40999984741211,4455900
2025-08-15,52.68999862670898,52.75,52.52999877929688,52.709999084472656,5118200
2025-08-18,53.22999954223633,53.540000915527344,53.22999954223633,53.5,9368100
2025-08-19,53.70000076293945,53.720001220703125,53.59000015258789,53.650001525878906,5349200
2025-08-20,53.880001068115234,53.900001525878906,53.709999084472656,53.79999923706055,4664500
2025-08-21,53.650001525878906,53.65999984741211,53.470001220703125,53.56999969482422,8982200
2025-08-22,53.2599983215332,54.09000015258789,53.2400016784668,53.58000183105469,5811000
2025-08-25,53.41999816894531,53.47999954223633,53.209999084472656,53.22999954223633,3967700
2025-08-26,52.58000183105469,52.650001525878906,52.5099983215332,52.54999923706055,6591000
2025-08-27,52.43000030517578,52.70000076293945,52.40999984741211,52.68000030517578,5421400
2025-08-28,52.43999862670898,52.59999847412109,52.40999984741211,52.540000915527344,4135900
2025-08-29,52.0,52.0099983215332,51.83000183105469,51.97999954223633,4761600
2025-09-02,52.11000061035156,52.400001525878906,52.09999847412109,52.34999847412109,5577800
2025-09-03,52.619998931884766,52.650001525878906,52.5099983215332,52.619998931884766,3445100
2025-09-04,52.52999877929688,52.59000015258789,52.380001068115234,52.59000015258789,5415600
2025-09-05,52.65999984741211,52.709999084472656,52.40999984741211,52.47999954223633,6731300
2025-09-08,52.77999877929688,52.93999862670898,52.7599983215332,52.88999938964844,6514200
2025-09-09,52.81999969482422,52.869998931884766,52.68999862670898,52.709999084472656,3565400
2025-09-10,53.04999923706055,53.2400016784668,53.02999877929688,53.15999984741211,3296300
2025-09-11,53.040000915527344,53.2599983215332,53.040000915527344,53.2400016784668,4038400
2025-09-12,53.31999969482422,53.33000183105469,53.119998931884766,53.150001525878906,2154600
2025-09-15,53.369998931884766,53.45000076293945,53.33000183105469,53.43000030517578,4749100
2025-09-16,53.72999954223633,53.880001068115234,53.65999984741211,53.869998931884766,4539300
2025-09-17,54.0,54.45000076293945,54.0,54.02000045776367,6512900
2025-09-18,53.88999938964844,53.88999938964844,53.65999984741211,53.7400016784668,4096300
2025-09-19,53.93000030517578,54.0,53.790000915527344,53.93999862670898,4074000
2025-09-22,53.63999938964844,53.650001525878906,53.5,53.5,2611500
2025-09-23,53.209999084472656,53.22999954223633,53.02999877929688,53.060001373291016,3227600
2025-09-24,52.88999938964844,52.88999938964844,52.65999984741211,52.7400016784668,4014400
2025-09-25,52.470001220703125,52.61000061035156,52.38999938964844,52.4900016784668,3475200
2025-09-26,52.13999938964844,52.290000915527344,52.060001373291016,52.25,4485700
2025-09-29,52.209999084472656,52.25,52.08000183105469,52.15999984741211,4562600
2025-09-30,52.04999923706055,52.11000061035156,51.97999954223633,52.060001373291016,3488300
2025-10-01,52.459999084472656,52.63999938964844,52.380001068115234,52.38999938964844,4114900
2025-10-02,52.459999084472656,52.459999084472656,52.13999938964844,52.29999923706055,4429000
2025-10-03,52.47999954223633,52.5099983215332,52.0,52.45000076293945,2969700
2025-10-06,52.79999923706055,52.83000183105469,52.68999862670898,52.7599983215332,2792800
2025-10-07,52.970001220703125,52.970001220703125,52.84999847412109,52.880001068115234,3105000
2025-10-08,52.63999938964844,52.68999862670898,52.59000015258789,52.630001068115234,2526000
2025-10-09,52.93000030517578,52.97999954223633,52.7400016784668,52.810001373291016,3259500
2025-10-10,53.29999923706055,53.380001068115234,52.75,52.77000045776367,8108600
2025-10-13,53.0,53.060001373291016,52.86000061035156,52.970001220703125,4819600
2025-10-14,52.7400016784668,52.900001525878906,52.59999847412109,52.77999877929688,3342600
2025-10-15,53.540000915527344,53.790000915527344,53.470001220703125,53.7599983215332,8336400
2025-10-16,54.11000061035156,54.59000015258789,53.93999862670898,54.06999969482422,5871800
2025-10-17,54.27000045776367,54.52999877929688,54.25,54.45000076293945,4582900
2025-10-20,54.52999877929688,54.77000045776367,54.52999877929688,54.7400016784668,8176700
2025-10-21,54.47999954223633,54.59000015258789,54.400001525878906,54.47999954223633,3190600
2025-10-22,55.369998931884766,55.5,55.130001068115234,55.290000915527344,10304600
2025-10-23,54.63999938964844,54.81999969482422,54.619998931884766,54.7599983215332,5730200
2025-10-24,54.59000015258789,54.61000061035156,54.4900016784668,54.5099983215332,5883200
2025-10-27,54.709999084472656,54.75,54.61000061035156,54.720001220703125,5337000
2025-10-28,54.5,54.66999816894531,54.40999984741211,54.540000915527344,4264000
2025-10-29,54.880001068115234,54.91999816894531,54.47999954223633,54.61000061035156,8390900
2025-10-30,54.29999923706055,54.459999084472656,54.220001220703125,54.27000045776367,5083400
2025-10-31,54.08000183105469,54.11000061035156,53.869998931884766,53.970001220703125,5978800
2025-11-03,54.31999969482422,54.33000183105469,54.11000061035156,54.2400016784668,3545100
2025-11-04,53.97999954223633,54.15999984741211,53.88999938964844,54.02000045776367,6828000
2025-11-05,53.9900016784668,54.369998931884766,53.9900016784668,54.29999923706055,4193900
2025-11-06,53.869998931884766,53.880001068115234,53.5,53.619998931884766,6626000
2025-11-07,53.720001220703125,53.77000045776367,53.47999954223633,53.75,4373000
2025-11-10,53.959999084472656,54.18999862670898,53.93000030517578,54.150001525878906,4661500
2025-11-11,54.41999816894531,54.84000015258789,54.41999816894531,54.7400016784668,6611100
2025-11-12,54.5099983215332,54.58000183105469,54.34999847412109,54.560001373291016,4417300
2025-11-13,54.41999816894531,54.459999084472656,54.130001068115234,54.20000076293945,6434400
2025-11-14,54.400001525878906,54.7400016784668,54.34000015258789,54.619998931884766,7468300
2025-11-17,54.77000045776367,54.88999938964844,54.59999847412109,54.650001525878906,3813800
2025-11-18,54.34000015258789,54.709999084472656,54.34000015258789,54.61000061035156,5360900
2025-11-19,54.77999877929688,55.02000045776367,54.75,54.83000183105469,3990800
2025-11-20,55.040000915527344,55.09999847412109,54.63999938964844,54.720001220703125,6950000
2025-11-21,54.04999923706055,54.27999877929688,53.93999862670898,54.209999084472656,5518200
2025-11-24,54.06999969482422,54.310001373291016,54.06999969482422,54.220001220703125,6743000
2025-11-25,54.0,54.27999877929688,53.970001220703125,54.27999877929688,4827600
2025-11-26,54.54999923706055,54.68999862670898,54.5,54.66999816894531,4585600
2025-11-28,54.61000061035156,54.83000183105469,54.560001373291016,54.709999084472656,3992700
2025-12-01,54.380001068115234,54.45000076293945,54.130001068115234,54.33000183105469,3578600
2025-12-02,53.97999954223633,54.0099983215332,53.79999923706055,53.880001068115234,5965800
2025-12-03,53.5099983215332,53.59999847412109,53.310001373291016,53.40999984741211,7367500
2025-12-04,53.77999877929688,53.84999847412109,53.650001525878906,53.7599983215332,4570900
2025-12-05,54.060001373291016,54.06999969482422,53.91999816894531,53.970001220703125,3027600
2025-12-08,53.33000183105469,53.459999084472656,53.0099983215332,53.08000183105469,4126300
2025-12-09,53.13999938964844,53.36000061035156,53.13999938964844,53.27000045776367,5697000
2025-12-10,53.22999954223633,53.43000030517578,53.18000030517578,53.36000061035156,4774000
2025-12-11,53.380001068115234,53.66999816894531,53.31999969482422,53.56999969482422,7105600
2025-12-12,53.369998931884766,53.43000030517578,53.02000045776367,53.13999938964844,6546600
2025-12-15,53.18999862670898,53.290000915527344,53.09999847412109,53.09999847412109,3824500
2025-12-16,52.869998931884766,53.0,52.810001373291016,52.95000076293945,5656900
2025-12-17,53.08000183105469,53.150001525878906,52.93999862670898,52.970001220703125,4459500
2025-12-18,53.2599983215332,53.43999862670898,53.2400016784668,53.27999877929688,5141500
2025-12-19,53.900001525878906,54.59999847412109,53.900001525878906,54.150001525878906,13323200
2025-12-22,54.22999954223633,54.2400016784668,54.150001525878906,54.18999862670898,5815500
2025-12-23,54.119998931884766,54.470001220703125,54.11000061035156,54.470001220703125,5630300
2025-12-24,54.09999847412109,54.130001068115234,53.95000076293945,54.0099983215332,2395700
2025-12-26,53.93999862670898,53.93999862670898,53.75,53.84000015258789,4005600
2025-12-29,53.52999877929688,53.54999923706055,53.40999984741211,53.470001220703125,5717800
2025-12-30,53.58000183105469,53.709999084472656,53.58000183105469,53.63999938964844,5833600
2025-12-31,53.91999816894531,54.09999847412109,53.91999816894531,54.04999923706055,3769800
2026-01-02,54.58000183105469,54.58000183105469,54.33000183105469,54.560001373291016,5930000
2026-01-05,54.18000030517578,54.34000015258789,54.08000183105469,54.290000915527344,4914100
2026-01-06,54.150001525878906,54.290000915527344,54.040000915527344,54.08000183105469,5370400
2026-01-07,54.290000915527344,54.36000061035156,54.15999984741211,54.20000076293945,3714300
2026-01-08,53.66999816894531,53.7400016784668,53.58000183105469,53.720001220703125,5751500
2026-01-09,53.27000045776367,53.29999923706055,53.02000045776367,53.18000030517578,6544900
2026-01-12,53.18000030517578,53.470001220703125,53.18000030517578,53.400001525878906,5252300
2026-01-13,53.130001068115234,53.150001525878906,52.93999862670898,53.040000915527344,5588500
2026-01-14,53.02000045776367,53.25,52.9900016784668,53.25,8128000
2026-01-15,53.16999816894531,53.2599983215332,53.06999969482422,53.220001220703125,4989000
2026-01-16,52.86000061035156,52.880001068115234,52.68000030517578,52.84999847412109,6317300
2026-01-20,51.93000030517578,51.970001220703125,51.720001220703125,51.72999954223633,8498700
2026-01-21,51.29999923706055,51.59999847412109,51.290000915527344,51.54999923706055,10145600
2026-01-22,51.720001220703125,51.880001068115234,51.65999984741211,51.79999923706055,6359500
2026-01-23,51.060001373291016,51.27999877929688,50.93999862670898,51.2400016784668,5884800
2026-01-26,51.25,51.540000915527344,51.25,51.43999862670898,5343000
2026-01-27,51.66999816894531,51.880001068115234,51.59000015258789,51.68999862670898,9003700
2026-01-28,51.47999954223633,51.52999877929688,51.2599983215332,51.4900016784668,7146100
2026-01-29,51.790000915527344,51.79999923706055,51.290000915527344,51.61000061035156,7128300
2026-01-30,51.720001220703125,52.2599983215332,51.45000076293945,51.7400016784668,7651900
2026-02-02,51.25,53.790000915527344,51.18999862670898,53.27999877929688,30890600
2026-02-03,53.5099983215332,53.59000015258789,52.95000076293945,53.150001525878906,16477000
2026-02-04,53.25,53.43999862670898,53.060001373291016,53.43999862670898,13915300
2026-02-05,53.06999969482422,53.20000076293945,52.91999816894531,52.95000076293945,8427500
2026-02-06,53.0099983215332,53.33000183105469,52.970001220703125,53.27999877929688,6774000
2026-02-09,53.29999923706055,53.5099983215332,53.27999877929688,53.43999862670898,3804600
2026-02-10,53.58000183105469,53.810001373291016,53.560001373291016,53.7400016784668,8443200
2026-02-11,53.540000915527344,53.68000030517578,53.34999847412109,53.52999877929688,7719800
2026-02-12,53.380001068115234,53.5099983215332,53.04999923706055,53.11000061035156,6720700
2026-02-13,52.70000076293945,52.91999816894531,52.58000183105469,52.88999938964844,8885500
2026-02-17,53.04999923706055,53.290000915527344,52.959999084472656,53.27000045776367,5935500
2026-02-18,53.22999954223633,53.470001220703125,53.20000076293945,53.31999969482422,4925200
2026-02-19,52.2599983215332,52.36000061035156,52.11000061035156,52.29999923706055,5777600
2026-02-20,52.70000076293945,53.470001220703125,52.630001068115234,53.41999816894531,12652200
2026-02-23,52.880001068115234,53.0099983215332,52.54999923706055,52.61000061035156,7613800
2026-02-24,52.630001068115234,52.880001068115234,52.630001068115234,52.66999816894531,7227300
2026-02-25,52.900001525878906,52.93999862670898,52.59000015258789,52.7400016784668,4801300
2026-02-26,52.7400016784668,52.84000015258789,52.459999084472656,52.58000183105469,7700400
2026-02-27,52.11000061035156,52.31999969482422,52.02999877929688,52.27000045776367,6836900
2026-03-02,50.970001220703125,51.2599983215332,50.90999984741211,50.95000076293945,12553200
2026-03-03,49.66999816894531,50.310001373291016,49.04999923706055,50.220001220703125,23130100
2026-03-04,50.22999954223633,50.36000061035156,50.0099983215332,50.27000045776367,9799100
2026-03-05,50.470001220703125,50.54999923706055,49.75,50.369998931884766,14965900
2026-03-06,49.970001220703125,50.15999984741211,49.810001373291016,49.9900016784668,17396400
2026-03-09,49.22999954223633,50.2599983215332,49.0099983215332,49.97999954223633,13332800
2026-03-10,50.040000915527344,50.5099983215332,49.869998931884766,49.93000030517578,12692100
2026-03-11,49.400001525878906,49.619998931884766,49.209999084472656,49.27000045776367,9911100
2026-03-12,48.97999954223633,48.9900016784668,48.40999984741211,48.52000045776367,14226400
2026-03-13,48.25,48.5,47.91999816894531,48.060001373291016,12567800
2026-03-16,48.52999877929688,48.68000030517578,48.380001068115234,48.560001373291016,10247500
2026-03-17,48.65999984741211,48.790000915527344,48.5,48.52000045776367,6081400
2026-03-18,48.20000076293945,48.41999816894531,47.650001525878906,47.720001220703125,8916300
2026-03-19,47.13999938964844,47.66999816894531,46.97999954223633,47.52000045776367,13015900
2026-03-20,47.29999923706055,47.38999938964844,46.540000915527344,46.59000015258789,14484500
2026-03-23,47.52000045776367,48.209999084472656,47.36000061035156,47.630001068115234,17894200
2026-03-24,46.5099983215332,46.7400016784668,46.2599983215332,46.38999938964844,10564800
2026-03-25,47.34999847412109,47.61000061035156,47.2400016784668,47.41999816894531,10465300
2026-03-26,47.0,47.310001373291016,46.59999847412109,46.61000061035156,6864600
2026-03-27,46.09000015258789,46.11000061035156,45.709999084472656,45.81999969482422,7911300
2026-03-30,45.41999816894531,45.650001525878906,45.209999084472656,45.41999816894531,12012400
2026-03-31,45.959999084472656,46.84000015258789,45.810001373291016,46.84000015258789,8922100
2026-04-01,46.59999847412109,47.02000045776367,46.45000076293945,46.709999084472656,13685400
2026-04-02,46.36000061035156,46.93000030517578,46.310001373291016,46.650001525878906,9115400
2026-04-06,47.150001525878906,47.38999938964844,47.11000061035156,47.25,6134200
2026-04-07,47.34999847412109,47.40999984741211,47.040000915527344,47.36000061035156,7425500
2026-04-08,49.81999969482422,49.90999984741211,49.040000915527344,49.27000045776367,16449000
2026-04-09,49.15999984741211,49.470001220703125,48.95000076293945,49.06999969482422,14452000
2026-04-10,49.5,49.59999847412109,49.25,49.34000015258789,6164100
2026-04-13,48.86000061035156,49.40999984741211,48.79999923706055,49.34999847412109,9038300
2026-04-14,49.68000030517578,49.900001525878906,49.650001525878906,49.70000076293945,5064900
2026-04-15,49.75,49.9900016784668,49.619998931884766,49.97999954223633,5616100
2026-04-16,49.7400016784668,50.130001068115234,49.72999954223633,50.0,5555300
2026-04-17,51.09999847412109,51.650001525878906,51.09999847412109,51.27999877929688,9231000
2026-04-20,50.369998931884766,50.619998931884766,50.36000061035156,50.52999877929688,7208900
2026-04-21,50.400001525878906,50.459999084472656,49.79999923706055,49.79999923706055,9955500
2026-04-22,50.060001373291016,50.150001525878906,49.880001068115234,49.97999954223633,5765800
2026-04-23,49.66999816894531,50.13999938964844,49.11000061035156,49.40999984741211,6991300
2026-04-24,49.27999877929688,49.58000183105469,49.18999862670898,49.58000183105469,6941400
2026-04-27,49.45000076293945,49.540000915527344,49.36000061035156,49.380001068115234,3825200
2026-04-28,49.060001373291016,49.25,48.93999862670898,49.22999954223633,6351300
2026-04-29,49.119998931884766,49.220001220703125,48.86000061035156,49.02999877929688,3819300
2026-04-30,49.060001373291016,49.4900016784668,48.97999954223633,49.41999816894531,4896900
2026-05-01,49.16999816894531,49.43999862670898,49.09999847412109,49.119998931884766,4534400
2026-05-04,48.77999877929688,49.02000045776367,48.4900016784668,48.630001068115234,5245300
2026-05-05,49.04999923706055,49.20000076293945,48.970001220703125,49.15999984741211,3880200
2026-05-06,49.77000045776367,50.13999938964844,49.720001220703125,50.02999877929688,5740900
2026-05-07,50.27999877929688,50.29999923706055,49.720001220703125,49.81999969482422,4898400
2026-05-08,49.77999877929688,49.880001068115234,49.66999816894531,49.84000015258789,4003100
2026-05-11,48.7400016784668,48.900001525878906,48.41999816894531,48.41999816894531,6856100
2026-05-12,47.59000015258789,47.63999938964844,47.29999923706055,47.52000045776367,9055000
2026-05-13,47.70000076293945,48.02999877929688,47.63999938964844,47.97999954223633,9073900
2026-05-14,48.18000030517578,48.459999084472656,48.09999847412109,48.36000061035156,7165900
2026-05-15,48.060001373291016,48.130001068115234,47.88999938964844,47.9900016784668,4064600
2026-05-18,47.90999984741211,48.0,47.540000915527344,47.84000015258789,3783600
2026-05-19,47.16999816894531,47.459999084472656,47.130001068115234,47.27000045776367,5910200
2026-05-20,47.5,48.209999084472656,47.290000915527344,48.02000045776367,12428500
2026-05-21,47.54999923706055,48.209999084472656,47.43000030517578,48.02999877929688,6846600
2026-05-22,48.52999877929688,48.61000061035156,48.34999847412109,48.38999938964844,4377200
2026-05-26,48.709999084472656,48.79999923706055,48.47999954223633,48.54999923706055,5168800
2026-05-27,48.68999862670898,48.880001068115234,48.47999954223633,48.54999923706055,4396200
2026-05-28,48.09000015258789,48.720001220703125,48.02999877929688,48.68999862670898,7266100
2026-05-29,48.7599983215332,48.83000183105469,48.5099983215332,48.560001373291016,10205900
2026-06-01,47.810001373291016,48.09999847412109,47.720001220703125,47.9900016784668,6386400
2026-06-02,48.040000915527344,48.20000076293945,47.93999862670898,48.02999877929688,3845100
2026-06-03,47.79999923706055,47.86000061035156,47.27000045776367,47.36000061035156,6443400
2026-06-04,47.97999954223633,48.09000015258789,47.90999984741211,48.02000045776367,3636000
2026-06-05,48.0099983215332,48.02999877929688,47.209999084472656,47.34000015258789,9482000
2026-06-08,47.43000030517578,47.47999954223633,47.16999816894531,47.209999084472656,4555500
2026-06-09,47.83000183105469,47.95000076293945,47.25,47.540000915527344,12114900
2026-06-10,47.58000183105469,47.84999847412109,47.27999877929688,47.29999923706055,8160500
2026-06-11,47.04999923706055,47.790000915527344,46.90999984741211,47.790000915527344,8260700
2026-06-12,48.380001068115234,48.54999923706055,48.209999084472656,48.33000183105469,8014400
2026-06-15,49.310001373291016,49.41999816894531,49.25,49.2599983215332,9758000
2026-06-16,49.380001068115234,49.52000045776367,49.33000183105469,49.40999984741211,7935900
2026-06-17,49.65999984741211,49.7400016784668,48.97999954223633,49.060001373291016,11245100
2026-06-18,49.84000015258789,49.869998931884766,49.4900016784668,49.58000183105469,5026100
2026-06-22,49.70000076293945,50.02000045776367,49.68000030517578,49.91999816894531,6300800
2026-06-23,49.060001373291016,49.22999954223633,49.04999923706055,49.06999969482422,6169900
2026-06-24,49.65999984741211,49.72999954223633,49.459999084472656,49.630001068115234,8565900
2026-06-25,49.52999877929688,49.650001525878906,49.400001525878906,49.43000030517578,5877500
2026-06-26,49.369998931884766,49.65999984741211,49.369998931884766,49.560001373291016,4462800
2026-06-29,49.09999847412109,49.2400016784668,48.9900016784668,49.18000030517578,5352700
2026-06-30,49.22999954223633,49.400001525878906,49.20000076293945,49.38999938964844,3939500
2026-07-01,49.0,49.33000183105469,49.0,49.209999084472656,4520500
2026-07-02,49.45000076293945,49.61000061035156,49.400001525878906,49.560001373291016,3649600
2026-07-06,49.56999969482422,49.93000030517578,49.52000045776367,49.880001068115234,6255600
2026-07-07,49.63999938964844,49.709999084472656,49.27999877929688,49.33000183105469,7892400
2026-07-08,48.650001525878906,48.72999954223633,48.41999816894531,48.650001525878906,4930700
2026-07-09,48.88999938964844,49.11000061035156,48.810001373291016,49.02000045776367,5272500
2026-07-10,49.380001068115234,49.41999816894531,49.15999984741211,49.29999923706055,3270300
2026-07-13,49.119998931884766,49.150001525878906,48.720001220703125,48.790000915527344,5523000
2026-07-14,48.65999984741211,48.83000183105469,48.54999923706055,48.72999954223633,4363700
2026-07-15,48.65999984741211,48.84999847412109,48.59999847412109,48.720001220703125,5520100
2026-07-16,48.56999969482422,48.77999877929688,48.52000045776367,48.68999862670898,3018100
2026-07-17,48.93000030517578,49.09000015258789,48.81999969482422,48.90999984741211,5864300
2026-07-20,48.93999862670898,48.95000076293945,48.540000915527344,48.54999923706055,5491900
2026-07-21,48.84999847412109,48.880001068115234,48.709999084472656,48.77999877929688,4277800
2026-07-22,48.470001220703125,48.540000915527344,48.18999862670898,48.220001220703125,5610600
2026-07-23,47.880001068115234,47.90999984741211,47.560001373291016,47.630001068115234,11380400
2026-07-24,48.09000015258789,48.43000030517578,48.0,48.02000045776367,7403900
2026-07-27,48.709999084472656,48.93999862670898,48.59000015258789,48.88999938964844,6045900
2026-07-28,48.93999862670898,49.52000045776367,48.90999984741211,49.380001068115234,8110200
2026-07-29,49.25,49.56999969482422,49.09000015258789,49.16999816894531,8751600
2026-07-30,49.650001525878906,49.84000015258789,49.58000183105469,49.70000076293945,10444100
2026-07-31,49.77999877929688,49.90999984741211,49.630001068115234,49.79999923706055,5261000
2026-08-03,50.18000030517578,50.2599983215332,50.04999923706055,50.15999984741211,5124500
2026-08-04,50.29999923706055,50.619998931884766,50.2599983215332,50.52999877929688,6289800
2026-08-05,50.45000076293945,50.4900016784668,50.25,50.310001373291016,7667500
2026-08-06,50.27000045776367,50.33000183105469,50.08000183105469,50.119998931884766,2780600
2026-08-07,50.45000076293945,50.459999084472656,50.279998779296875,50.369998931884766,4720300
2026-08-10,50.25,50.290000915527344,50.060001373291016,50.13999938964844,4086700
2026-08-11,50.150001525878906,50.22999954223633,50.06999969482422,50.09000015258789,1968800
2026-08-12,50.09000015258789,50.11000061035156,49.90999984741211,49.95000076293945,3565400
2026-08-13,50.130001068115234,50.14500045776367,49.89500045776367,49.97999954223633,2765904
