Date,Open,High,Low,Close,Volume
1999-03-10,43.181424433919474,43.20781894763213,42.468772563677526,43.12863540649414,5232000
1999-03-11,43.445379868204206,43.69612780790526,42.495177149337046,43.33980178833008,9688600
1999-03-12,43.18144869953208,43.207843228077024,41.9409058579196,42.28403472900391,8743600
1999-03-15,42.60075152961953,43.55095416596792,42.15204472912168,43.498165130615234,6369000
1999-03-16,43.68293700235415,44.05246033651304,43.207835572721294,43.8676986694336,4905800
1999-03-17,43.86770248413086,43.920491536458336,43.418995539347335,43.550968170166016,3965000
1999-03-18,43.49818534714997,44.42199389517803,43.48498808217814,44.395599365234375,4848400
1999-03-19,44.97627588799263,44.97627588799263,43.234237033176015,43.2606315612793,7160400
1999-03-22,43.4453945902117,43.55097270586227,42.65355872283239,42.73274230957031,5024800
1999-03-23,42.49517401720895,42.653541125347616,41.14905359803028,41.22823715209961,10962400
1999-03-24,41.59776516846459,42.65354601030379,40.96429666336107,42.62715148925781,8447000
1999-03-25,43.28703785740204,44.184452056884766,43.00329660315382,44.184452056884766,8133800
1999-03-26,43.81490196006886,44.31639782587688,43.524562248285264,43.70932388305664,8256200
1999-03-29,44.23721467309343,45.31938997237555,43.97326947814657,45.29299545288086,5113800
1999-03-30,45.24021400756119,45.609737342512105,44.79150710083509,44.97626876831055,4940600
1999-03-31,45.71533177678538,45.768120843502224,44.18444884199696,44.31642150878906,8256600
1999-04-01,45.6097348011778,45.66252384608657,44.50116485809362,45.240211486816406,8715800
1999-04-05,45.97265846342654,46.94265714207212,45.68891735334655,46.87667083740234,5697200
1999-04-06,46.82388149174656,47.48374453418944,46.42796366628082,46.969051361083984,7522400
1999-04-07,47.40457482584358,47.5101529434958,45.4777741786907,46.48076629638672,11923600
1999-04-08,46.401573847381165,47.074634218887546,45.4513709699604,46.85028076171875,7952400
1999-04-09,46.77109026935573,47.246191637780335,46.63911766701556,47.1406135559082,4946800
1999-04-12,46.03205112943252,47.14062116810004,45.97926207997216,46.82388687133789,10934000
1999-04-13,47.1142343902588,47.21981250653948,45.82090246582032,46.190425872802734,9962200
1999-04-14,46.771105695194045,46.82389475354076,44.34940764353826,44.60675430297852,21253800
1999-04-15,44.76510693159844,45.28639871337855,43.18143569581076,45.21381378173828,17650600
1999-04-16,45.10825632110247,45.10825632110247,43.65655702463633,43.89410781860352,17274000
1999-04-19,44.18444015551065,44.5539635498817,41.3932188016007,41.8353271484375,19460600
1999-04-20,41.65057280797564,43.12866664653498,41.25465481550439,42.78553771972656,17413600
1999-04-21,43.18144296941023,44.9234816222104,42.60076341847684,44.89708709716797,10940400
1999-04-22,45.31939329989105,46.24320155003444,45.02245493377353,46.11122894287109,13630600
1999-04-23,45.87367523538191,47.06142862179859,45.39857388081524,46.718299865722656,7064400
1999-04-26,47.03505672974661,48.14362709038037,46.88328816846937,47.79389953613281,5421000
1999-04-27,48.14359165775729,48.38114227448964,46.46094145590311,47.06141662597656,16482800
1999-04-28,46.665510507687735,46.82387762479527,45.24680508359938,45.45136260986328,7676800
1999-04-29,45.24022677687348,45.5041720906242,44.13165645912046,45.08185958862305,19148200
1999-04-30,45.715313550273365,45.95286425578865,43.76211886048109,45.37218475341797,15295200
1999-05-03,45.24022166826572,45.4249833670276,44.37580086334407,45.1346435546875,11109800
1999-05-04,45.213821377133726,45.92647355295545,44.15804037591637,44.4219856262207,15428400
1999-05-05,44.44837835503285,45.768104553222656,43.10225763287924,45.768104553222656,12642600
1999-05-06,45.34578222232547,45.74169999493017,43.68292757738571,44.10523986816406,15173400
1999-05-07,44.50116542039719,44.87068873942778,43.55096260003284,44.73871612548828,16430400
1999-05-10,45.02906036822596,45.490964563093456,44.50116985980596,45.18742752075195,10604200
1999-05-11,45.55695657582034,46.13763620772534,45.29301128859078,45.90008544921875,8800800
1999-05-12,46.11123407928037,47.00864790795555,44.76511333626761,46.85028076171875,12507400
1999-05-13,47.21980600105225,47.298989577353616,45.76810710219374,45.97926330566406,9864000
1999-05-14,45.0818322607479,45.6097225682508,44.76509807624616,45.10822677612305,12205400
1999-05-17,44.712322833158105,46.05844353238542,44.27021456429424,45.91987228393555,9906800
1999-05-18,45.87368774854559,46.13763301752456,45.18743004920025,45.7153205871582,9267800
1999-05-19,45.90008225799421,46.37518374197575,45.18743003202191,46.34878921508789,7985600
1999-05-20,46.44775218458236,46.44775218458236,45.00265235102311,45.07523727416992,5997200
1999-05-21,45.21383876665264,45.34581144256232,44.42200271119463,44.65955352783203,10958600
1999-05-24,44.73872250105266,44.81790608070054,43.23423448774293,43.52457427978516,9569800
1999-05-25,43.471765552867545,44.1052339033647,41.91448919122869,42.09925079345703,17771200
1999-05-26,42.65355522060365,43.44539102296634,41.3338288833325,43.27382659912109,26772000
1999-05-27,43.10226122538249,43.86110385258993,42.547976175944015,43.23423385620117,23334800
1999-05-28,43.49816590271913,44.18442337448533,42.9438810216772,43.94687271118164,12969800
1999-06-01,43.86769339727828,44.078849562848816,42.732729007336665,42.97027969360352,6960200
1999-06-02,42.94389250630592,43.92048993884023,41.868315604258,43.696136474609375,11996600
1999-06-03,44.02607743880328,44.02607743880328,42.81192902022717,43.07587432861328,11147800
1999-06-04,43.392607227375336,44.547367912410415,43.392607227375336,44.395599365234375,12987200
1999-06-07,44.70571677352915,45.60313042389076,44.60673732679808,45.31938934326172,11491800
1999-06-08,45.42499521499324,45.63615149722447,43.95349987319435,44.184452056884766,8134800
1999-06-09,44.34280144481905,45.04885497972912,44.31640692014952,44.92348098754883,8384400
1999-06-10,44.448374741711554,44.71231995989274,43.87429389216748,44.408782958984375,9392400
1999-06-11,44.71232277151326,44.758513187599526,43.33980755066397,43.73572540283203,16567600
1999-06-14,43.89408449105221,43.89408449105221,42.81190922699139,42.910888671875,14136800
1999-06-15,43.01647901535034,43.80831480026245,42.89110501607259,43.550968170166016,9147800
1999-06-16,44.6331460669364,45.78790664672852,44.58035701186019,45.78790664672852,15060200
1999-06-17,45.1874201044933,46.50714615894696,45.1874201044933,46.295989990234375,16278200
1999-06-18,45.87365762491908,46.63909840231992,45.79447409622244,46.50712585449219,5392800
1999-06-21,46.82389796018305,47.92586962863719,46.74471436724024,47.89947509765625,10565200
1999-06-22,47.61572780609131,48.22280194109136,46.454368591308594,46.454368591308594,10862800
1999-06-23,46.46096389721431,47.29899008879877,46.16402548287336,47.18681335449219,9607000
1999-06-24,47.167042407181285,47.193436946860736,46.03207720096484,46.24983215332031,14988800
1999-06-25,46.55994927978516,46.92947268676758,45.76811340767997,46.190425872802734,8635600
1999-06-28,46.58634964061656,47.35179107947088,46.20362892118939,47.28580474853516,7666200
1999-06-29,47.24619932636816,48.11721864355818,47.00864860349815,47.93245697021485,9000400
1999-06-30,47.97867124303044,50.62472366614352,47.41118867847253,48.67152786254883,19467600
1999-07-01,48.82984711030343,49.27855381347919,47.98522272785494,49.00141143798828,6822600
1999-07-02,48.98824683656084,49.67450460474542,48.98824683656084,49.6217155456543,3302000
1999-07-06,49.88565316292152,50.38714914709904,49.041028347464646,49.30497360229492,8794800
1999-07-07,49.27856956249504,49.595303807138826,48.93544079746428,49.38414764404297,10520000
1999-07-08,49.384165981147866,50.24858684479436,49.14661520945875,50.04402923583984,11225000
1999-07-09,50.22878265779261,50.59830601943691,49.85925929614832,50.54551696777344,4206800
1999-07-12,50.730273513593694,50.99421874519408,49.99122686511262,50.28156661987305,7816200
1999-07-13,50.04402923583984,50.2287909471536,49.648111283024654,50.04402923583984,6230000
1999-07-14,50.54550955302672,50.99421642634341,49.83285746011198,50.89523696899414,6909400
1999-07-15,51.07339927618453,51.36373901367188,50.78965816909461,51.36373901367188,6539800
1999-07-16,51.39012983520259,52.12917638650495,51.37033394543557,51.83883666992188,4913800
1999-07-19,52.05000172524786,52.05000172524786,51.10639748504623,51.31095504760742,6833000
1999-07-20,50.68408298696536,50.75666792549636,49.199391062467605,49.33136367797852,14837400
1999-07-21,49.43693989559738,49.99782349024845,49.04102206407899,49.56891250610352,10980400
1999-07-22,49.56892877940092,49.56892877940092,48.17001864877885,48.308589935302734,15148400
1999-07-23,48.67150048954657,48.87605804312248,47.87966479828496,48.381160736083984,12115000
1999-07-26,47.72129558930194,48.249186027236696,47.11422158567697,47.19340515136719,10720000
1999-07-27,48.14361953735352,48.8826663284971,47.73450434939903,48.14361953735352,13732800
1999-07-28,48.724302082392526,49.357770798523305,48.09743199872144,49.08722686767578,10161800
1999-07-29,48.169997498229314,48.56591528588599,47.56292355715573,48.03802490234375,13033800
1999-07-30,48.24920602058061,48.77709667726092,47.7279139971088,47.80049896240234,10947400
1999-08-02,47.87968195580433,48.82988512582029,47.48376396829768,47.66852569580078,9642400
1999-08-03,48.32177180055956,48.328370431148194,46.66551552281268,47.35837173461914,13005000
1999-08-04,47.35836739971128,47.71469341888146,46.46095372180118,46.50054550170898,13227600
1999-08-05,46.50717184400072,47.23962020874024,45.3986013460166,47.23962020874024,18695200
1999-08-06,46.90306693084898,47.7740861816751,46.40157099855515,46.73150253295898,12392200
1999-08-09,46.90307477062445,47.035047406445,46.03865400599983,46.13103485107422,7983400
1999-08-10,46.00566038303507,46.34219060098327,44.7123285650381,45.7153205871582,16767200
1999-08-11,46.53354524086813,47.29898642747345,45.83409036345293,47.21980285644531,13101400
1999-08-12,47.4045547813312,47.72128900036014,46.559930197254026,46.66550827026367,12715000
1999-08-13,47.64211785954835,48.75068791500598,47.56293428415852,48.697898864746094,14342600
1999-08-16,48.67151302271496,49.252192679168175,48.354778664649565,49.08722686767578,11470600
1999-08-17,49.516125339693794,49.56891438589816,48.43394989250432,49.33136367797852,11408400
1999-08-18,49.09381866455078,49.700892766316734,48.59232266743978,48.77708435058594,7035200
1999-08-19,48.32836465532652,48.67149340492742,47.88625645872536,48.19639205932617,10157800
1999-08-20,48.24918568243556,48.96183776855469,47.9852404653544,48.96183776855469,6920800
1999-08-23,49.41056044049397,50.51913070678711,49.298383687357166,50.51913070678711,9652000
1999-08-24,50.149599084225606,51.41653632424814,50.05061961234884,50.86225128173828,13891400
1999-08-25,51.17899750694027,52.15559519015677,50.62471233538496,51.94443893432617,11352000
1999-08-26,51.94442247953268,52.12918414485623,51.00081826020174,51.08000183105469,9753000
1999-08-27,51.46272609378202,51.46932472515704,50.43993823065389,50.5719108581543,9635400
1999-08-30,50.78304955970679,50.94141665812584,49.72726890357984,49.8592414855957,10141600
1999-08-31,50.202398893346334,50.73028952313968,49.09382857078033,50.41355514526367,14590400
1999-09-01,50.73028738556008,51.20538893235512,50.41355302103004,50.7764778137207,10752000
1999-09-02,49.83285976165151,50.8622461656263,49.72728166893614,50.59830093383789,14583200
1999-09-03,52.05001247339416,52.94082784914316,51.86525076583139,52.9210319519043,14195400
1999-09-07,52.81542900712313,53.34331935202192,52.604272869163616,52.68345642089844,9009000
1999-09-08,52.36673542446991,52.89462590253916,51.54850518346257,51.97081756591797,14303400
1999-09-09,51.99720964350578,52.841834368679486,51.73326441688901,52.70986175537109,12677600
1999-09-10,53.4225298739896,53.83824373046951,52.81545567087608,53.31695175170898,10251000
1999-09-13,53.26414270889605,53.36972079156978,52.39312352683779,52.67686462402344,7240800
1999-09-14,52.47231155762388,53.33673218313302,52.36673346595864,52.96720886230469,10022600
1999-09-15,53.62709034797622,53.62709034797622,51.891649870368525,51.94443893432617,16096000
1999-09-16,51.91802978515625,52.3931312270133,50.842452909840986,51.91802978515625,15371000
1999-09-17,52.39314315585017,53.58089703091982,52.31395956417886,53.475318908691406,14506400
1999-09-20,53.633655375746336,53.8448114992729,53.23773764413404,53.60066223144531,6187200
1999-09-21,53.13218375051058,53.23776186029798,52.162184866838814,52.3139533996582,12265800
1999-09-22,52.39312750425448,53.145371400411285,51.75965896012244,52.86822891235352,12441800
1999-09-23,53.42251291275024,53.52809100151062,50.36734696924686,50.67748260498047,19766000
1999-09-24,50.36074866405234,50.94142815598586,49.51612394851268,50.74346923828125,23570800
1999-09-27,51.4693196154823,51.83884293579858,50.941429157887605,51.099796295166016,12608800
1999-09-28,50.84246294909087,51.522122090396046,49.75368859651462,51.33736038208008,20622000
1999-09-29,51.33735468605258,51.70687806168483,50.30796813964844,50.30796813964844,15557000
1999-09-30,50.78307596050195,51.36375562325197,50.149607237501925,50.83586502075195,17604200
1999-10-01,50.14961710912918,50.85567092895508,49.62172640271729,50.85567092895508,19607400
1999-10-04,51.126207181281856,52.18198843438008,50.83586733667984,51.99722671508789,12434200
1999-10-05,52.18196428783479,53.00019438036027,51.2581561188544,52.36672592163086,19526400
1999-10-06,52.68347970963703,53.49511147370082,51.88504521002955,53.41592788696289,19098200
1999-10-07,53.71286266566858,53.97020930497584,52.89463232530704,53.2905502319336,22013600
1999-10-08,53.07937785857829,54.0031860261816,52.36672584357003,53.85141754150391,22523200
1999-10-11,54.00320115972107,54.63666979502572,53.871228527365936,54.61027526855469,13016000
1999-10-12,54.425512949625656,54.86102263132732,53.21136474609375,53.36973190307617,20182800
1999-10-13,52.76265780131023,53.39612642923992,51.57490412394206,51.78606033325195,22570600
1999-10-14,51.970826613566416,52.47232265503811,51.12620170161409,52.1093978881836,22130400
1999-10-15,50.78306706215494,51.5221137761572,50.26177518352835,50.5719108581543,33703000
1999-10-18,50.62469521945103,50.80945688083588,48.49333748276142,49.93183898925781,24714800
1999-10-19,50.47290964507656,50.730256157843975,49.357741423084406,50.20236587524414,26657200
1999-10-20,50.96783503318319,52.14899019513811,50.46633898676658,51.7332763671875,22486400
1999-10-21,50.888635367274766,52.577884674072266,50.51911208141281,52.577884674072266,22454800
1999-10-22,52.88803758250904,53.4225267957571,52.15558940139132,52.34035110473633,16589400
1999-10-25,52.102780730493606,52.94080671235439,51.891624577583805,52.36672592163086,13855400
1999-10-26,53.00022021347914,53.29056006524621,51.83886080641087,51.94443893432617,13542400
1999-10-27,51.81245676482301,52.05000750903258,51.053614109709066,51.8652458190918,15225200
1999-10-28,52.68345986594722,53.844818700667496,52.20835852447074,53.66005706787109,14103800
1999-10-29,54.90060813526691,55.95638906094512,54.71584647327322,55.53407669067383,19000000
1999-11-01,55.53406834864354,56.19393132807134,55.17114370995826,55.24372863769531,9681800
1999-11-02,55.534076182017166,56.220333777422326,55.065573400538646,55.27672958374024,12834800
1999-11-03,56.06195460544544,56.69542301906628,55.90358750204022,56.37868881225586,18752600
1999-11-04,57.16392973970484,57.276106445877645,56.40508731559471,57.01216125488281,20048600
1999-11-05,58.17354465558046,58.46388448825351,57.592864990234375,57.592864990234375,15134600
1999-11-08,57.804012298583984,58.95877281824748,57.61925061543783,58.75421524047852,10890800
1999-11-09,59.2293186472423,59.33489675534791,57.856803241869486,58.35829925537109,14629800
1999-11-10,58.384698152542114,59.62524101563862,58.12075286252158,59.12374496459961,16561000
1999-11-11,59.7572185984829,60.25871469096134,59.2293279748214,60.17953109741211,18501400
1999-11-12,60.49627289214692,61.024163580560064,58.59586641385958,60.97137451171875,28646600
1999-11-15,61.02412631966188,61.2352824660967,60.54902499018355,60.8525619506836,10909400
1999-11-16,61.07692607485905,62.68699197398024,60.81298084549493,62.39665222167969,19126400
1999-11-17,62.39663020374435,62.66717396837564,61.23527160435148,61.552005767822266,21683600
1999-11-18,61.97436575495777,63.43926239013672,61.60484227941714,63.43926239013672,17738400
1999-11-19,63.16210424678842,64.11230723587508,62.92455349951676,64.00672912597656,17939400
1999-11-22,64.138690814301,65.4584169627434,63.030120849609375,63.030120849609375,18841800
1999-11-23,64.56101553417237,64.61380459021012,62.713398572851,63.32047271728516,24047600
1999-11-24,63.50523365380978,65.66298629354334,62.84537046123071,65.4056396484375,18617800
1999-11-26,66.22387256146628,66.54060690612057,65.35285311366701,65.6167984008789,8045200
1999-11-29,65.48480973506997,66.03909470259777,64.45542336680406,64.53460693359375,20485200
1999-11-30,64.66659704844157,64.77217516607168,62.07993316650391,62.07993316650391,23702400
1999-12-01,62.7661888798822,63.742786436045215,62.29108736607317,63.42605209350586,23205800
1999-12-02,63.6635824166756,65.5639878619495,63.62399063656572,65.43861389160156,17229200
1999-12-03,66.98929210861712,67.72833867246318,66.64616334683146,66.83092498779297,21444600
1999-12-06,67.08827612442047,67.99228850064213,66.46140622850034,67.43800354003906,16018400
1999-12-07,67.6491597155069,67.91310493484168,66.58678020768437,67.43800354003906,23397000
1999-12-08,67.45783084394814,67.98572152843566,66.46143717697797,66.61980438232422,19563000
1999-12-09,67.56997671037067,67.9395000205055,65.24725876095167,66.93650817871094,28445400
1999-12-10,67.49080657958984,67.72835732625245,65.98631851739327,67.49080657958984,20428400
1999-12-13,67.25986551803805,68.69836749811579,66.96292703591192,68.40802764892578,16209200
1999-12-14,68.2034743273422,68.59939232846843,66.72538045647102,67.17408752441406,27760200
1999-12-15,66.40861919464841,68.46739196777344,65.82793969453621,68.46739196777344,31797200
1999-12-16,69.36483361651074,70.3150368167369,69.04809921643535,70.15666961669922,27219600
1999-12-17,71.37076860859695,71.68750278881262,70.4667564692314,70.7636947631836,23892400
1999-12-20,71.29157470287385,72.00422650479076,70.68450094568537,71.68749237060547,15392000
1999-12-21,71.89868563925945,75.54113006591797,71.48957050438113,75.54113006591797,26003800
1999-12-22,75.32998339535686,75.43556150803431,73.85188981787263,75.3035888671875,22313600
1999-12-23,75.90408838071913,76.64973403724535,75.17163999245,76.2010269165039,17543600
1999-12-27,76.28016396765095,76.30655848805497,74.24778589654052,75.75227355957031,19281800
1999-12-28,75.80509706901132,76.4385658467468,74.80210483759683,75.27720642089844,15346400
1999-12-29,76.01620813318202,78.12776947021484,75.91063006633037,78.12776947021484,16512600
1999-12-30,79.078000386556,79.18357849121094,77.28317260742188,77.28317260742188,21887000
1999-12-31,78.2333858610015,78.70848739457033,77.17760467529297,77.17760467529297,14464400
2000-01-03,81.24232313312139,81.24232313312139,76.64967718602486,80.0281753540039,36345200
2000-01-04,77.70547442125532,78.97241150421057,74.27418648825152,74.53813171386719,33786600
2000-01-05,73.90468619590582,75.69951428923497,71.15965499434361,72.63774871826172,42496600
2000-01-06,73.37677377022852,74.32697659603005,67.35882254015223,67.64916229248047,37134800
2000-01-07,70.05107243855795,76.0162353515625,69.68154907226562,76.0162353515625,28138200
2000-01-10,76.86083266799514,79.34191723900872,75.9634190997562,78.12776947021484,29675600
2000-01-11,77.49429965019226,78.44450223445892,73.48233318328857,74.32695770263672,32546600
2000-01-12,75.17160656942175,75.37616413645581,72.6377321906772,72.69052124023438,29050000
2000-01-13,74.74928083027879,77.28315475672892,73.5483301672217,77.0719985961914,25165200
2000-01-14,78.55010226452686,79.0779927367347,77.70547750899432,78.86683654785156,21898600
2000-01-18,77.75823417389282,79.76421713289345,77.23034392152424,79.28911590576172,16752400
2000-01-19,78.96582365036011,81.083984375,78.06840976079306,81.083984375,19006000
2000-01-20,80.66166045962001,81.82301944529517,79.40132201493844,80.2921371459961,25958000
2000-01-21,81.50629934335683,81.55908839733569,80.2921511018431,81.2951431274414,18698200
2000-01-24,82.2981298740694,82.4564970258476,76.83446313772163,77.38874816894531,28340400
2000-01-25,77.59992199559366,79.49372961572422,75.51475402360322,78.55012512207031,33276200
2000-01-26,78.7612501299348,78.81403917157684,75.17159529827556,75.38275146484375,23095600
2000-01-27,77.49432495201431,78.1277935483523,74.01024767215536,76.4913330078125,30739200
2000-01-28,76.01624865864599,76.41216662040976,71.58196748689164,72.63774871826172,35313800
2000-01-31,72.53214207027848,76.01621876361064,70.52615851957209,75.75227355957031,36014600
2000-02-01,75.62029458969215,78.12777381692452,74.69648645334338,77.7846450805664,26417600
2000-02-02,77.91662102721101,80.00178805334572,77.7846484306202,78.44451141357422,26169200
2000-02-03,79.65870730246905,81.61190290895769,77.94306251298579,81.5063247680664,30579800
2000-02-04,81.92865047166492,82.97783341504402,81.26878698526299,82.06062316894531,26640000
2000-02-07,82.13973780210853,83.30109656280672,81.29511324887348,83.19551849365234,17761000
2000-02-08,83.9345734999328,86.89075973640841,83.9345734999328,86.67960357666016,21999400
2000-02-09,86.20448312374076,86.31665980876093,83.40666462676693,83.6178207397461,27258200
2000-02-10,84.30411904948265,86.3628921508789,83.2417393401083,86.3628921508789,26341600
2000-02-11,86.20453544492567,86.20453544492567,82.77324652641975,84.35691833496094,24876000
2000-02-14,84.45586979658084,84.46246842692669,82.56206288732085,84.25131225585938,22814600
2000-02-15,83.56505167769792,84.99035578085513,80.9783886756719,84.85838317871094,30572800
2000-02-16,84.38330268621445,85.88779072284699,83.8818066740036,84.46248626708984,25310600
2000-02-17,85.46543540160835,87.20747330664422,84.1457097159751,86.25727081298828,30080200
2000-02-18,86.67961199079241,86.99634626116071,83.14274597167969,83.14274597167969,25271200
2000-02-22,83.61786398585839,84.4096998190578,81.29514554180678,83.40670776367188,37226200
2000-02-23,84.1919325358576,88.685600225874,83.74982426092208,88.05213165283203,32170800
2000-02-24,88.58002229251773,90.20988414489048,86.15172609141175,89.9525375366211,48868200
2000-02-25,89.68857265621335,90.7971424182972,87.73537831349417,87.89374542236328,32617600
2000-02-28,87.20751949457022,89.266292654551,84.88480105766884,87.84098815917969,38216200
2000-02-29,89.31909417324378,90.4540590223719,88.63283635749191,90.1637191772461,23978600
2000-03-01,90.58599098551149,91.69456080526426,89.95252251708133,90.90272521972656,24468400
2000-03-02,91.272301045075,91.37787918393568,88.47448036526644,88.79781341552734,32739200
2000-03-03,91.2194515093029,93.8589032312156,90.37482695829084,93.80611419677734,32017200
2000-03-06,94.38679890337102,95.62734128269383,93.1198620053392,94.545166015625,23268400
2000-03-07,96.12888004017526,96.18166910115283,91.85296610099118,93.11990356445312,39471000
2000-03-08,93.75334424651072,94.59796896945224,89.76777133513032,93.9645004272461,43512600
2000-03-09,93.93811369771542,97.55416359279468,92.1432860125666,97.13185119628906,30101400
2000-03-10,97.02628328081822,98.34600965841368,95.8715227004222,96.70954895019533,29750600
2000-03-13,92.90874464094904,96.39282256498464,92.51282669503593,94.1756820678711,37544200
2000-03-14,95.23143170571022,95.75932212536492,88.68559050199178,90.69157409667967,39106800
2000-03-15,89.95255832973402,90.3748708101553,86.04616788583711,86.89079284667969,51202600
2000-03-16,89.00231265364022,92.27523281053564,85.3070802184357,91.85292053222656,55282200
2000-03-17,91.21947870399748,93.80614216261776,91.16668965382154,93.59498596191406,31422400
2000-03-20,93.75336348699126,94.17567593513088,89.74139522966506,90.9555435180664,21167200
2000-03-21,89.63579636132157,94.5451774341148,87.47144556578907,94.38681030273438,33435100
2000-03-22,95.86492662262498,97.95009435478008,93.85894247523524,96.28723907470705,24370200
2000-03-23,96.6963742097904,99.45460298143584,95.91773546564168,97.97650909423828,19227400
2000-03-24,99.23022492473142,101.77729679738378,97.14505727768956,99.29621124267578,22063000
2000-03-27,99.66569256630672,100.9326293362174,98.92664611719216,99.45453643798828,11752600
2000-03-28,98.80791647190102,99.50737147029967,95.54819223408086,96.92070770263672,18336300
2000-03-29,97.44859593131324,97.50138498653064,92.9087371826172,92.9087371826172,27189500
2000-03-30,90.58599090576172,95.23142633682642,87.41864856639941,90.58599090576172,42328700
2000-03-31,91.33827285897242,93.43663803518636,87.84099756528254,92.48643493652344,31349900
2000-04-03,91.02147954582952,92.16964087981344,85.09591128193543,86.94352722167969,31551300
2000-04-04,87.52423454018036,87.78817975893844,74.5909188210343,86.09893035888672,66213000
2000-04-05,82.35092906023233,87.78820194049126,81.29514791843448,84.56806945800781,37631500
2000-04-06,86.46848041255299,87.73541785449517,84.2513398891542,86.57405853271484,30499900
2000-04-07,87.94656614457877,90.69159702064005,86.67962881716586,90.0581283569336,20645500
2000-04-10,90.90275630879492,90.9555453658848,83.82902265874932,84.56806945800781,26988200
2000-04-11,82.0341898437656,85.72942362051181,80.29215106329954,82.56208038330078,34497100
2000-04-12,82.45649703689243,83.40669994768889,76.22738906611566,77.70548248291016,34824400
2000-04-13,78.39171320199966,81.08395385742188,74.32695770263672,74.32695770263672,46330500
2000-04-14,72.69053867037522,74.74931209676929,65.88074964461022,67.88673400878906,60851300
2000-04-17,65.89390800321783,76.01620470629575,65.88071074545633,75.69947052001953,55398500
2000-04-18,75.58072319626808,78.55010729250701,73.79909273852472,77.70548248291016,36260900
2000-04-19,78.12781458896778,79.07801773937415,75.22441607383723,75.32999420166016,28082500
2000-04-20,76.33295649443792,76.83445240501688,72.69051251233819,73.6935043334961,21255600
2000-04-24,70.47336983469735,72.00425202586307,67.46439449344061,71.58193969726562,31190900
2000-04-25,73.06003565549439,76.43853441412998,72.63772331066494,76.41213989257812,28663200
2000-04-26,76.5441179616598,78.06180305917546,73.58793133693362,73.79908752441406,25688300
2000-04-27,70.9484699406036,78.11458213884536,69.47037681684102,77.0719985961914,37010400
2000-04-28,79.02518371038512,80.0281753540039,77.81103593126765,80.0281753540039,24828400
2000-05-01,80.87280524758731,81.8230079202091,79.60586835075827,80.76722717285156,23205700
2000-05-02,80.13374662994512,80.76721498275101,75.80504621910487,76.12178039550781,20307900
2000-05-03,75.59394080976617,76.22740958750164,72.22863792804648,75.27720642089844,26589700
2000-05-04,75.1716092472063,76.64970268746036,74.01025011557812,75.43555450439453,17750700
2000-05-05,74.43255765423413,77.96942386900979,74.35337408226154,77.23037719726562,20571200
2000-05-08,76.43855300838204,76.64970923216211,74.11583454680138,74.2214126586914,13903000
2000-05-09,74.74931118100189,75.27720179668692,71.21244405591212,72.63774871826172,19825800
2000-05-10,71.26520718900387,71.77990035203557,67.14766188475032,67.35881805419922,34847500
2000-05-11,69.8926630062402,72.00422382213868,68.30899239431632,71.47633361816406,24709700
2000-05-12,72.10980186293361,73.95741757684479,70.94844341418944,71.47633361816406,17832000
2000-05-15,71.63473301784248,74.85486471577056,69.78711646985097,74.5909194946289,17950800
2000-05-16,76.01624921364204,77.28318670053608,74.37978829307058,76.70250701904297,23758800
2000-05-17,75.38275013519524,76.43853094941366,74.11581315813314,75.11880493164062,20339400
2000-05-18,75.17159731673082,75.47513431432296,72.1098328192797,72.42656707763672,19063000
2000-05-19,70.7373627105923,71.79314424358621,68.67858872125417,68.99532318115234,28178100
2000-05-22,68.9425048828125,69.47039542555991,63.835163881731255,68.9425048828125,43879800
2000-05-23,68.73132538377193,69.78710611163325,62.713375234962406,63.1884765625,31898500
2000-05-24,63.346869990510754,67.46441653989396,61.02415142419203,67.1476821899414,49476000
2000-05-25,67.78114056357234,69.47039017263333,64.61379754658297,65.6695785522461,29632700
2000-05-26,65.6695785522461,66.93651575904184,63.9803289431851,65.6695785522461,18203200
2000-05-30,67.5700000570672,72.58496099880266,67.5700000570672,72.26822662353516,31590400
2000-05-31,71.34437579391594,73.2051891470314,69.89267743332942,70.20941162109375,29675400
2000-06-01,71.95147088396021,74.64371227433583,70.94847899342811,73.79908752441406,28993500
2000-06-02,78.2333705173793,79.3419405449535,69.68154459037832,79.07799530029297,31677200
2000-06-05,77.91665217077473,80.50331609785329,77.59991781235694,79.27597045898438,23784300
2000-06-06,78.70845884035712,80.23934100425407,76.75526435538514,77.0719985961914,23200500
2000-06-07,77.33594053343505,79.39471301179954,75.64669132041804,79.13076782226562,22524400
2000-06-08,79.92265877199556,80.13381506994007,77.38878319666149,78.76129913330078,19313800
2000-06-09,80.0281801961263,80.0281801961263,78.55008715820313,79.18355560302734,17014600
2000-06-12,79.65871167774043,79.65871167774043,76.01626561692923,76.64973449707031,16484700
2000-06-13,76.4385160248855,79.92259203154465,75.47511622001385,79.6058578491211,25187900
2000-06-14,80.13378405215136,80.13378405215136,77.28317513330012,77.81106567382812,20274500
2000-06-15,77.5998844909668,79.28913367716471,76.75525989786783,79.18355560302734,18807800
2000-06-16,80.02817009235251,80.50327136598784,78.60286627144649,79.6058578491211,21203400
2000-06-19,79.40790756624573,82.98436476259816,78.28614054893961,82.77320861816406,20042500
2000-06-20,82.98436466466144,84.19851249372456,82.08695105187567,82.45647430419922,20988300
2000-06-21,81.77024454533978,84.22493555331802,81.66466643746975,83.51228332519531,20880600
2000-06-22,83.3011245727539,83.61785888671875,79.81704711914062,80.45051574707031,21526700
2000-06-23,80.23935953776042,80.66167195638022,77.17759450276694,77.28317260742188,24888100
2000-06-26,78.60291653998355,79.75107868554744,77.70550244919798,79.3947525024414,22169200
2000-06-27,79.1967552141418,80.29212776584548,78.02219910448365,78.44451141357422,14786000
2000-06-28,78.53693020977873,80.66169004237399,78.12781496250884,79.3947525024414,19259800
2000-06-29,78.49730436905571,78.86682765794836,76.54410984205163,77.40193176269531,21355800
2000-06-30,77.54713910973591,79.3551646471821,77.1248265754419,78.9196548461914,15153100
2000-07-03,78.97242228190105,80.45051574707031,78.76126607259116,80.45051574707031,5212000
2000-07-05,79.07800688759866,79.36834669926874,76.75528839423795,77.33596801757812,16489000
2000-07-06,77.33597900005097,80.02822127240769,76.0690414601184,79.3947525024414,23594700
2000-07-07,80.23934568722008,81.92859507010893,79.76424429828259,81.03118133544922,16603200
2000-07-10,79.97538974585959,80.97838143244132,79.3947103483649,79.80382537841797,12659400
2000-07-11,79.4475363430224,80.87284098173443,78.39175512916164,80.23937225341797,14374600
2000-07-12,80.60887292111748,82.56206761534233,79.92261532584928,82.13975524902344,18252600
2000-07-13,82.72041718245762,84.25129918519615,82.03415973295415,83.19551849365234,19566700
2000-07-14,84.67365260153824,85.4126994446938,83.45950421635408,84.99038696289062,17219400
2000-07-17,85.25430184910279,86.20450459417019,84.35688814542803,85.94055938720703,13140500
2000-07-18,84.77917698999146,85.12230566398583,83.07673087671174,84.04013061523438,20684000
2000-07-19,83.03716902745107,83.56505948534968,80.793634581382,82.13975524902344,21828500
2000-07-20,82.66765842461497,84.88479868887667,82.15296514898279,84.77922058105469,19521200
2000-07-21,83.14274451167313,84.05335552299145,81.92859649658203,81.92859649658203,14411400
2000-07-24,82.72045810599076,83.61787213777241,79.60590352510151,80.23937225341797,18579200
2000-07-25,80.7672322823547,81.92859117791797,79.23635010183948,80.87281036376953,19065700
2000-07-26,80.6616490981158,81.18953947179457,78.76124375287225,80.76722717285156,20318700
2000-07-27,79.34191444552675,80.29211701373664,77.33593124597252,77.5998764038086,26141800
2000-07-28,77.86384678573059,78.44452632108181,72.6377309675697,73.37677764892578,36485600
2000-07-31,74.01024762572816,76.12180961219686,72.40018161104577,75.54113006591797,27609900
2000-08-01,75.85785784194557,76.0030277160342,74.06303030775898,74.53813171386719,15751800
2000-08-02,74.22137534781679,76.34613378149362,73.06001670083815,73.2183837890625,23578200
2000-08-03,71.15964135286637,77.07201511512234,70.36780558113567,76.38575744628906,35874700
2000-08-04,77.70545127752254,78.35211688767855,75.27715592509996,76.12178039550781,22283400
2000-08-07,76.75530463117894,78.57652747146483,76.2274139528352,77.91666412353516,15103300
2000-08-08,77.75826661615257,79.60588327030419,77.2831651907993,79.50030517578125,14832300
2000-08-09,79.13078683850547,79.76425544561826,77.17759196657438,77.38874816894531,18649800
2000-08-10,77.5471373672857,77.90346356008976,75.59394194006339,75.8578872680664,15336200
2000-08-11,75.38274553727024,76.95321940263003,74.22138671246636,76.91362762451172,21050600
2000-08-14,77.17760949493736,78.55012512207031,76.18781457152419,78.55012512207031,12539300
2000-08-15,78.33896887174217,79.38155285773739,77.70550012075773,78.55012512207031,14090300
2000-08-16,78.91965220153769,79.9754335018927,77.7055037061294,79.34196472167969,15245300
2000-08-17,78.49730353193557,80.97838844518438,78.44451449122815,80.87281036376953,14492400
2000-08-18,81.03119532267253,81.61187489827475,79.97541427612305,80.45051574707031,14706700
2000-08-21,81.08398693144633,81.80983642383396,79.71147152765883,80.66167449951172,13560100
2000-08-22,81.08398693144633,82.23214885576857,80.46371554704237,80.66167449951172,14878200
2000-08-23,79.9754527301383,82.29817214936345,79.24960291163045,81.98143768310547,21396400
2000-08-24,82.29815646252,83.35393781547087,81.13679697427405,83.24835968017578,13567700
2000-08-25,83.18234217907921,84.4228848039933,81.92860229219797,82.79962158203125,11764700
2000-08-28,82.98436235534358,84.33048273706194,82.72041718245762,83.19551849365234,12314200
2000-08-29,83.30108657027735,83.76299056741927,82.65442097427868,83.6178207397461,11162800
2000-08-30,83.03718183978016,84.04017386454547,82.57527761784877,83.51228332519531,10545300
2000-08-31,84.14571201376076,86.15169511070111,83.51224366735855,85.8349609375,15588700
2000-09-01,86.99633781628255,87.43184739576333,85.46545565810767,86.67960357666016,14071900
2000-09-05,85.83495752535873,85.94053557889545,83.97414433177391,84.04013061523438,16348300
2000-09-06,83.82901509602866,84.02697404225668,80.66167195638022,81.083984375,20964900
2000-09-07,81.77025209171757,83.97419529690104,81.5590958564904,82.87882232666016,16669700
2000-09-08,82.5752855581617,82.77324452945344,80.0414107256274,80.3449478149414,23475200
2000-09-11,79.8170820756392,81.18959803725734,77.70551905776514,78.39177703857422,27262100
2000-09-12,78.97243269099745,79.97542481742055,76.72889767136684,77.17760467529297,24256000
2000-09-13,76.22739647034017,79.28916170252835,76.01624024743064,78.97242736816406,34093100
2000-09-14,80.45053137502363,81.03121106342603,78.2465880122236,78.55012512207031,28615300
2000-09-15,78.6557152008537,79.0780277656905,76.59694144727432,77.12483215332031,24994600
2000-09-18,77.54709708541424,78.55008881082124,74.326965756476,75.91063690185547,29218500
2000-09-19,76.64972255407444,79.20999221238891,75.91067564239604,78.70849609375,27568700
2000-09-20,78.86683413909952,80.43730824595241,77.12479563401902,79.92261505126953,33123200
2000-09-21,79.18357849121094,79.80384985605876,73.48236083984375,74.11582946777344,25031400
2000-09-22,74.01024536871638,78.76125969338433,73.90466727261264,78.497314453125,33710100
2000-09-25,79.07798656931402,79.60587700035083,76.01622206930053,76.41213989257812,20560800
2000-09-26,76.66289737122946,78.12779349934213,75.1056204062088,75.54113006591797,26011200
2000-09-27,76.54413488139161,77.01923640824162,74.32699442275819,75.64672088623047,28482900
2000-09-28,74.93406593921648,78.55011632092577,74.93406593921648,77.33596801757812,29050000
2000-09-29,77.70547184474032,78.08819240919301,74.90765254598269,74.96044158935547,27198800
2000-10-02,76.22742066397105,76.22742066397105,72.63776373519678,73.27123260498047,24968200
2000-10-03,74.37978272778646,75.01325142383575,70.32822252597127,70.94849395751953,35731200
2000-10-04,70.5261788695398,73.36359063169381,69.36481963665815,72.32100677490234,37672100
2000-10-05,72.00428252240977,73.64074348882816,71.4236028246484,72.53217315673828,23443100
2000-10-06,72.26824933936797,73.1128746055695,68.6258028788739,70.10389709472656,36335800
2000-10-09,69.73434320700872,70.7901243305062,67.04210134209013,69.7871322631836,28834600
2000-10-10,69.10087082505892,70.36780810527391,65.77516046449459,66.14468383789062,35283200
2000-10-11,64.93051533571415,67.95268769585206,64.2442578565562,65.08888244628906,48462600
2000-10-12,66.93651969262248,67.20046495954924,62.84536805525794,63.45244216918945,53223600
2000-10-13,63.0828988295335,68.94248190072867,63.03010979285607,68.62574768066406,42410200
2000-10-16,68.52018488907233,69.52317680963655,67.35882582315584,69.25923156738281,27644900
2000-10-17,70.20945040181803,70.2490421971574,65.88074744471345,66.09190368652344,52101400
2000-10-18,64.82495625813803,68.57297897338867,62.97733942667644,65.8807373046875,64354400
2000-10-19,69.58916207256779,71.8854856456053,68.78412909581327,71.84589385986328,44278900
2000-10-20,71.37081990942931,74.22142958036805,71.27843904046371,72.90170288085938,40692200
2000-10-23,72.79606628417969,73.90463582150223,71.05402843981571,72.79606628417969,28989200
2000-10-24,73.00722739479758,73.48232865767045,69.5759404962713,69.6815185546875,31466200
2000-10-25,68.62573883889384,69.2592071974067,64.9437040050378,65.77513122558594,48635400
2000-10-26,66.03912686630034,67.57000990316901,62.18552473901023,67.46443176269531,69991300
2000-10-27,68.29582032667614,69.14044496453262,65.44521217391053,67.3324203491211,51046400
2000-10-30,66.03910090009525,67.46440523606853,63.9407361832457,64.83815002441406,35496700
2000-10-31,65.88071818524097,69.7343178867815,65.77514011122615,69.00846862792969,43863800
2000-11-01,67.83394737008177,69.94550993413101,66.88374421625961,68.41462707519531,45186400
2000-11-02,69.41759871273506,70.3150125363978,68.46739584062158,69.25923156738281,26594300
2000-11-03,69.99830241666152,70.89571655020846,68.95571834974669,70.15666961669922,29837100
2000-11-06,70.6317223468633,71.05403458810015,69.25920756284354,69.62873077392578,23485800
2000-11-07,68.78412761717264,69.65514688477306,67.78113573326912,69.36480712890625,24334400
2000-11-08,69.3648178620235,69.47039597140254,63.87475617431388,63.94074249267578,40338200
2000-11-09,63.13569653713437,64.98331307459232,61.65760330716802,63.92753219604492,64955900
2000-11-10,62.713403376137336,63.92755175799858,60.60184097290039,60.60184097290039,49235500
2000-11-13,59.92875376346967,62.66058640584762,57.65882519105902,60.69419479370117,75023400
2000-11-14,61.65760026765941,64.19147425126185,61.4464441023592,64.05950164794922,44829500
2000-11-15,63.82193942832638,65.93350069973503,63.17527378895748,65.35282135009766,37760900
2000-11-16,63.66356685762749,65.03608156600087,61.55200576782226,61.552005767822266,33898700
2000-11-17,61.815976761410965,63.50522633986114,59.96836003498109,61.5124397277832,49913800
2000-11-20,59.915546953904766,60.86574946066273,58.490243193767824,59.00493621826172,46862300
2000-11-21,59.28210192512868,60.07393765876797,57.80400855566865,58.91257858276367,42128600
2000-11-22,57.80401491090012,59.2293193881552,56.167554214792446,56.27313232421875,56623700
2000-11-24,57.751217074593086,59.65162275529267,57.57965267286326,59.493255615234375,19987900
2000-11-27,61.28808975219727,61.60482406616211,58.06795756022136,58.75421524047852,35416600
2000-11-28,58.22632639127519,59.07095125279867,55.16456126825256,55.2833366394043,48812700
2000-11-29,55.58686944152772,56.37870518855802,52.78904980202062,53.158573150634766,66189300
2000-11-30,52.15558588117384,54.26714806259788,51.09980479046181,53.19816970825195,74792600
2000-12-01,54.10876590758562,56.391891883686185,52.47230567038059,54.05597686767578,57112500
2000-12-04,54.161572705782376,55.20415658584008,52.15558853149415,54.90061950683594,49106300
2000-12-05,55.79801048460942,59.96834428620275,55.32290916544056,59.70439910888672,76531800
2000-12-06,59.62523196374669,61.0637335759752,57.22333018920001,57.43448638916016,63352100
2000-12-07,56.58986921955768,58.26592178273022,55.322931848970576,56.16755676269531,41481100
2000-12-08,60.04754436366699,62.079922788283405,57.11775208921994,57.43448638916016,65856900
2000-12-11,60.86578226169618,63.16210622386772,59.92877650701699,62.81897735595703,51829800
2000-12-12,62.079928797818766,62.39666312841988,60.232311869312255,60.52265167236328,31054500
2000-12-13,62.02712391798917,62.0799129596215,57.698422504138016,58.05474853515625,51661600
2000-12-14,57.86998795277758,58.859782501570805,55.11176047680711,55.21733856201172,41562700
2000-12-15,54.26713939748865,55.4284984118318,52.84183515261297,53.95040512084961,59026100
2000-12-18,55.03257410600781,55.71883162483573,52.84182894974947,54.05597686767578,42950000
2000-12-19,53.594084010819806,55.62646247367778,49.62170792432467,49.93844223022461,80489200
2000-12-20,48.40756196497133,49.30497587271889,46.24321077569781,47.07463836669922,81432100
2000-12-21,46.46756705472302,49.6217131853901,45.82090111161554,47.351783752441406,85875600
2000-12-22,48.67150019023044,51.31095247820389,48.5659220987115,51.099796295166016,57240000
2000-12-26,51.17896471473961,52.30073160508331,48.98821996418603,51.4165153503418,37082800
2000-12-27,50.41355483544055,52.52511734163701,49.78008608358161,51.99722671508789,33955500
2000-12-28,51.33734709855136,52.77584859822798,50.888640208743965,51.891632080078125,30996900
2000-12-29,51.9972152015637,52.56469749944878,48.98823929649859,49.30497360229492,49191000
2001-01-02,49.46334621139437,49.56892432497259,44.29001864606177,45.1346435546875,62514100
2001-01-03,44.07885869344076,55.11177062988281,44.05246416727702,52.73626327514648,118175700
2001-01-04,52.05000559488933,53.73925526936849,50.87544918060303,51.78606033325195,58465400
2001-01-05,51.78606033325195,51.78606033325195,47.29899088541667,47.826881408691406,68782000
2001-01-08,47.56293864854038,48.565930695512925,45.20062843264451,48.354774475097656,55576500
2001-01-09,48.7770869159282,49.938446128212206,47.82688392405947,48.354774475097656,53318900
2001-01-10,47.40457610450182,50.99423220150196,47.0878417430018,50.83586502075195,74258300
2001-01-11,50.05722130295246,53.79204693668185,49.991234984335335,52.3139533996582,65451700
2001-01-12,53.00021203446062,54.58388370879709,51.94443091823631,52.98701477050781,60793900
2001-01-16,52.84184105894504,53.14537810798493,51.15259139472302,52.35354232788086,32203300
2001-01-17,54.47829558191468,55.41530115030517,53.33013382909816,53.95040512084961,61388800
2001-01-18,54.16156401298416,56.3787040602993,52.94741589183539,56.2203369140625,54934700
2001-01-19,57.55326168678708,57.698431574096105,55.375713377151705,56.00918197631836,56292500
2001-01-22,55.63965358123492,56.58985639381768,54.68945076865216,56.06196594238281,35777100
2001-01-23,55.66604856843357,57.77761039179757,55.164552635384624,57.23652267456055,49859500
2001-01-24,57.487258644743335,58.38467223240232,56.37868891881165,56.6954231262207,53905400
2001-01-25,56.48428994555806,57.15735040986261,54.38592496860859,54.47830581665039,57151900
2001-01-26,53.68646960798407,55.69245372312998,53.211368107028456,55.36252212524414,45681400
2001-01-29,54.68944592262382,56.801007541257945,54.267133598897,56.58985137939453,31514100
2001-01-30,56.71653992164843,57.21486531392268,55.745220398635006,56.37868881225586,42439300
2001-01-31,56.80102824774292,57.42604891039337,54.30938720703125,54.30938720703125,59322200
2001-02-01,54.5205206860714,55.41582070293053,53.71812344706005,55.02729415893555,45142600
2001-02-02,54.8499369891,55.15400243491881,50.67748838345647,51.98665618896485,47471000
2001-02-05,51.68260401718028,52.28229023245063,50.77885549998444,51.94443893432617,36016300
2001-02-06,51.93598267673543,53.312718842060455,51.6572549337998,52.02888870239258,42417700
2001-02-07,51.10824115250988,51.69103428008236,49.47811838280272,51.18425750732422,61972200
2001-02-08,51.43766150575364,51.94443519446521,49.47813185048575,49.65550231933594,48269500
2001-02-09,49.19939543813623,49.49501283437706,47.29898960576187,47.6368408203125,55385200
2001-02-12,47.51014156081795,48.93755620957407,46.97802707318024,48.211181640625,50540400
2001-02-13,48.69260856084372,49.98488314344592,46.43745924592439,46.66550827026367,58914000
2001-02-14,46.79221665046469,48.77708370282333,45.71109468220351,48.52369689941406,63048200
2001-02-15,49.6639436087676,51.09136175566748,49.24163115763523,49.32609558105469,67801300
2001-02-16,47.26520394476916,48.03381239868846,46.05739019975483,46.56416702270508,66779700
2001-02-20,47.079370163404754,47.16383132302365,44.17385987590604,44.75665283203125,55298400
2001-02-21,43.54039571449998,45.66885000655882,43.008281335988514,43.498165130615234,72349000
2001-02-22,43.45595621708701,44.05563918446298,41.29371509087208,43.07587432861328,103855500
2001-02-23,42.30725274710493,43.58263466849047,40.73625023777778,43.2278938293457,93337900
2001-02-26,43.98805289391372,44.42725487232501,42.44238825278092,44.047176361083984,78342700
2001-02-27,43.5319515098093,43.98804955506384,41.302143140103226,41.38660430908203,66741700
2001-02-28,41.76667962207133,42.40859278524723,39.57910217161096,40.077430725097656,102187900
2001-03-01,39.6720351519405,41.55554841421855,38.641591676205366,41.21769714355469,101773000
2001-03-02,39.8662820293694,41.91872007876994,38.55711453506543,39.4439697265625,95927100
2001-03-05,40.11968422328631,40.84606217947869,39.77338813044906,40.16191482543945,43888400
2001-03-06,41.64000381431926,42.78869410800885,41.47107820254349,41.72446823120117,60828600
2001-03-07,42.56910659327826,42.5944443153992,41.36129243501497,41.74137115478516,55215500
2001-03-08,41.682227959723775,42.07075777326347,40.62644707703586,40.964298248291016,48965200
2001-03-09,39.908527574172176,40.00988166268,37.96589089749904,38.09258270263672,79990900
2001-03-12,37.16349747684375,37.965891816764206,35.30532195860387,35.72763442993164,80674000
2001-03-13,36.13305745243394,37.788524946203886,35.58405312068434,37.543582916259766,80024400
2001-03-14,36.06546878404583,38.168582100757135,35.73606572639131,36.95232391357422,97190000
2001-03-15,38.177037814842535,38.26994704913818,35.51646867014259,35.60093307495117,74135500
2001-03-16,35.372883260506015,36.149936436246215,34.25797891671245,34.79853820800781,77784500
2001-03-19,35.00123956733218,36.538455963134766,34.41844979814995,36.538455963134766,53248200
2001-03-20,36.6904908367833,37.00300425327098,33.95390898388375,34.08060073852539,104796200
2001-03-21,34.224188593503776,35.30530703198389,33.54004151928534,34.08060073852539,96200700
2001-03-22,34.291776157840346,36.14995193481445,33.35424504742024,36.14995193481445,130208100
2001-03-23,36.78342073001093,37.01991793783674,35.05194000087168,36.14995193481445,95277500
2001-03-26,36.71583171669324,36.741169423190605,35.094150839132915,35.31375503540039,57666200
2001-03-27,35.305307720735335,36.926988632079066,34.984349469805,36.53001403808594,69945300
2001-03-28,35.38977592090493,35.643162684374566,33.51470807165213,33.53160095214844,77863500
2001-03-29,33.261340482779296,34.30022906729764,32.433608193211576,32.89815139770508,79654700
2001-03-30,33.19375799469769,33.7681031856523,32.095746266809755,33.06706619262695,63661300
2001-04-02,33.08394931484329,33.65829439225382,31.50450196295814,31.588966369628903,69713600
2001-04-03,31.4200564648874,31.884599656545173,29.240922014653435,29.274707794189453,89015700
2001-04-04,29.316920206919903,30.24600923542245,28.37938634977075,28.75946807861328,76473900
2001-04-05,30.406478421093688,32.06194147296539,30.16153657164704,31.512937545776367,87035800
2001-04-06,31.16664015433008,31.335562448641014,29.98416476223613,30.364246368408203,86123600
2001-04-09,31.07374728123314,31.58052087432907,30.27979790419814,31.29334831237793,51638700
2001-04-10,32.01128807726214,34.17352596712808,31.909930759683217,33.61607360839844,94265100
2001-04-11,35.609380394057794,35.89655294650939,34.16507280172238,34.629615783691406,92829500
2001-04-12,34.038389284159535,36.14995193481445,33.785002410478725,36.14995193481445,79531500
2001-04-16,35.42354993939997,35.837417357042284,33.83565821853627,33.99613571166992,65229800
2001-04-17,33.74274811421267,36.06546539936892,33.70051753524352,34.84075927734375,94694300
2001-04-18,36.92698000598168,40.54197142720515,36.48777492888191,38.47264099121094,128891400
2001-04-19,38.93718975922423,41.17544606487908,38.49798783654732,40.79536437988281,110467600
2001-04-20,40.69402616459689,41.75825207449819,36.36109971445188,40.879844665527344,80598100
2001-04-23,39.68892117824521,40.30549690195389,37.91520714679328,38.13481140136719,79317600
2001-04-24,38.09255363617363,39.20745742499919,36.95231215005211,37.41685485839844,88888300
2001-04-25,37.07903537358178,38.49800550064475,36.40333285822732,38.09258270263672,68418400
2001-04-26,38.768276661153344,39.06389402988171,37.05368625656584,37.12125778198242,71110200
2001-04-27,38.13481140136719,38.4050910823905,37.3662029543344,38.13481140136719,55580000
2001-04-30,39.06388851049592,40.1787927464419,38.261494480477474,38.97942733764648,73859100
2001-05-01,39.02166263141103,40.60955800403478,38.34596350114165,40.5842170715332,54498300
2001-05-02,41.217683943376485,41.72446068707439,40.11967249834558,41.36971664428711,77566500
2001-05-03,40.45753555647415,40.45753555647415,39.0216725267935,39.528446197509766,67124900
2001-05-04,38.26149073126079,40.71090316772461,38.10101322977706,40.71090316772461,72673400
2001-05-07,40.54197084229727,41.04874418903144,39.781807600209646,39.86627197265625,45561600
2001-05-08,40.79536433229775,40.83759491458432,39.68890825524989,40.71090316772461,56970700
2001-05-09,39.73961530695361,40.49977928132254,39.22439341565795,39.31730270385742,60984600
2001-05-10,40.47441918412908,40.5842213111394,38.61624718727237,38.658477783203125,61130300
2001-05-11,38.71758284186037,39.20746332117284,38.084114538310295,38.47264099121094,48760400
2001-05-14,38.261506285295326,38.3121849378332,36.61448713067912,37.85608673095703,43108000
2001-05-15,37.92365519919348,39.10612799817349,37.653375518170165,38.13481140136719,69007600
2001-05-16,37.42531692703357,40.13656110100219,37.2141607784942,39.82405090332031,80110500
2001-05-17,40.07744537548847,41.20924267907108,39.9169646095405,40.45752716064453,73810700
2001-05-18,40.23792772910658,40.862951541849,39.77338470149448,40.57577896118164,41095100
2001-05-21,40.68558946962009,43.2025750998262,40.24638725351912,43.11811065673828,85426900
2001-05-22,43.33768615961176,43.87824534785152,42.38325953050831,42.99139022827149,77233900
2001-05-23,42.60287956763828,42.61132762110473,41.08255536450231,41.09100341796875,65618000
2001-05-24,41.36127305441408,42.22279064472515,40.770035113378526,42.14677429199219,61792500
2001-05-25,42.19744609096648,42.24812472910157,40.55887545511264,41.3781623840332,36191100
2001-05-29,40.96429378760986,40.96429378760986,38.93719342478892,38.95408630371094,66609600
2001-05-30,38.37132429254975,38.72606534107758,37.23108152572225,37.52669906616211,81397400
2001-05-31,37.61957849404598,38.72603460023223,37.41686718295041,37.78005599975586,68018300
2001-06-01,38.46420895352885,39.04699882664748,37.44221385728225,38.89496612548828,61874300
2001-06-04,39.13147614797983,39.410200710803295,38.25306541170922,38.70916366577149,41696000
2001-06-05,39.10610842007311,40.84603581482208,39.02164727028348,40.41527557373047,68146400
2001-06-06,40.60956771793443,41.29371184136141,39.75649474404744,40.10279083251953,61169500
2001-06-07,39.80717131878038,41.80048654219648,39.75649266629095,41.13323211669922,65400200
2001-06-08,41.150107418796914,41.19233800016696,39.655121639992295,39.99296951293945,56391400
2001-06-11,39.61289904140396,39.69736022116464,38.42197836364851,38.89496612548828,48809400
2001-06-12,37.89831368460464,39.52843979822392,37.3577543308219,38.683815002441406,78450500
2001-06-13,39.08077642708534,39.48619580486047,37.6026835359943,37.628021240234375,68535400
2001-06-14,37.18038439708893,37.50134272596002,35.4742419000208,35.68539810180664,91050300
2001-06-15,35.30531881680949,36.37799278516417,34.86611349907455,35.98101806640625,84589400
2001-06-18,36.01479430222971,36.46244433248378,34.96746154805276,35.49957275390625,63539100
2001-06-19,36.58915349059604,36.791864901336695,34.84922489019974,35.32221603393555,73386900
2001-06-20,34.883003777957626,36.29352887676504,34.86611089523077,36.124603271484375,83588600
2001-06-21,36.04014528189642,37.35776137156113,35.727634950715334,36.6144905090332,67212600
2001-06-22,36.842524238683104,37.33240805441821,35.97256192962122,36.53001403808594,51870400
2001-06-25,36.83407712741224,36.99455463193766,36.02323833298862,36.62292098999024,39212100
2001-06-26,35.930357156846135,37.07059989996896,35.87967848440021,36.74964141845703,55155100
2001-06-27,36.89321288439802,37.29018758609628,36.31886774142573,36.986122131347656,53289400
2001-06-28,37.50134789847981,39.15681197554003,37.45911407470703,37.45911407470703,89963700
2001-06-29,38.08413214962312,39.29194586468229,37.75472899496842,38.5993537902832,59719600
2001-07-02,38.55712446154895,39.25816138925616,38.16859459422981,38.38819885253906,50884300
2001-07-03,38.219253468582906,38.59088703852808,37.83917185046492,38.54865646362305,24758400
2001-07-05,37.8983214449364,38.16015634515981,36.69895553588867,36.69895553588867,44409800
2001-07-06,36.32731018803533,36.411774598804655,35.04348336421979,35.17862319946289,53434800
2001-07-09,35.38133101909904,36.05703018916063,35.05192787506825,35.48268508911133,45547500
2001-07-10,36.11616467782311,36.21752200072939,34.1228523238312,34.207313537597656,58620000
2001-07-11,34.1397318675143,34.71407697241748,33.675188885545275,34.629615783691406,77840200
2001-07-12,36.00635400069702,37.0199043452646,35.72762628659616,36.82563781738281,70363300
2001-07-13,36.63983143766246,37.52668699571476,36.23441184603822,36.4455680847168,62474200
2001-07-16,36.63136528465412,37.04523272565179,35.38976940563494,35.76984786987305,53390800
2001-07-17,35.32218772400634,36.656695655332186,35.0856939526771,36.57223129272461,59813000
2001-07-18,35.70228965828142,36.19217035279223,34.74786275950888,35.17862319946289,64797200
2001-07-19,35.86276070615286,36.61447610482927,35.26307799731969,36.014793395996094,76590200
2001-07-20,35.04348336421979,35.59248753527521,34.93368124121358,35.17862319946289,49012800
2001-07-23,35.67695215481956,35.812091990853474,34.249534213349264,34.30021286010742,55329400
2001-07-24,34.10595309141279,34.545158409661404,33.202204739897354,33.91168975830078,70422900
2001-07-25,33.90324801285636,34.3931320742704,33.278227298211505,34.207313537597656,68859600
2001-07-26,34.16505780731308,35.381315789909685,33.76808330615208,34.71406173706055,69199300
2001-07-27,35.1701871648558,35.6938538026084,34.88301451409038,35.43202209472656,47452900
2001-07-30,35.58403308191732,35.7276177084127,34.96745754899189,35.22084426879883,39459400
2001-07-31,35.33909785976484,36.13304392420478,35.05192533058656,35.27152633666992,55732500
2001-08-01,36.006375338515646,36.741198404447495,35.82055675233003,36.40334701538086,53864800
2001-08-02,36.98611314065409,37.16348353881239,36.16682622251253,37.08746719360352,53187300
2001-08-03,36.7665073627999,36.7665073627999,35.94722370164866,36.470890045166016,51513700
2001-08-06,35.92189838661648,36.19217811507063,35.76986563661245,35.89656066894531,31105700
2001-08-07,35.55871399547337,36.166845074126776,35.42357411377138,35.71074676513672,38407500
2001-08-08,35.347556033388734,36.023258631475514,34.03838788807596,34.207313537597656,76045200
2001-08-09,34.13129386020032,34.52826861494035,33.768104876499535,34.35089492797852,66861400
2001-08-10,34.1397313261365,34.418459044090625,33.13462901948847,34.021484375,68491900
2001-08-13,34.28330470842833,34.91677301181985,33.95390170618257,34.71406173706055,48425700
2001-08-14,35.043482034031975,35.220852456933166,34.24108788311384,34.29176330566406,51267600
2001-08-15,34.30866793039938,34.570502850485035,32.999499773948735,33.024837493896484,58935300
2001-08-16,32.6363003236864,33.43869449285735,32.12952675472989,33.41335678100586,68227300
2001-08-17,32.46736168095147,32.7714269889436,31.850786238405856,31.893016815185547,56649300
2001-08-20,31.969040767745533,32.64474304534147,31.690316316926367,32.33222961425781,49921300
2001-08-21,32.34068421494305,32.64474965704768,30.95550006490008,30.989282608032227,56445600
2001-08-22,31.63119803479636,31.960601177015448,30.862589628955902,31.83390617370605,65221400
2001-08-23,31.81701402215362,32.484268373855954,31.50450375466801,31.52139663696289,54711800
2001-08-24,31.97750114911706,33.26977629265566,31.88459188902162,33.19375991821289,58450600
2001-08-27,33.17686513154101,33.700534890802274,32.79678650309398,33.23598861694336,50927500
2001-08-28,33.210644289,33.311998354941394,32.104184727348574,32.19709396362305,65275500
2001-08-29,32.40826733655892,32.47583889768503,31.36093391501924,31.72412300109864,59060500
2001-08-30,31.082174498835865,31.51293470866572,30.19531960246149,30.5500602722168,76105800
2001-08-31,30.431844475290763,31.276469662810257,30.35582807953444,30.938621520996094,54309000
2001-09-04,30.83724666389955,31.673426542290542,29.85748213173753,29.958839416503903,74073600
2001-09-05,29.975742746230463,30.330483700605544,28.843945114384887,29.84060287475586,95461200
2001-09-06,29.342278670310147,30.00108524598216,28.531436090264748,28.632793426513672,88701800
2001-09-07,28.396284214423154,29.646328502756,28.168235137080373,28.463855743408203,95528800
2001-09-10,28.28647474555576,28.98751137594957,28.159779787033354,28.801692962646484,80371300
2001-09-17,26.394519787090992,27.70368732413325,26.25937997466057,26.3522891998291,97700900
2001-09-18,26.631024984389875,27.450310597654248,25.65126018116852,25.76106071472168,66285300
2001-09-19,25.87930665041694,26.18337213263666,23.86910007939388,25.31340789794922,116632800
2001-09-20,24.74751050259699,25.414764989393884,24.325198025685825,24.46878433227539,90840200
2001-09-21,23.15116300666627,24.468777093765738,22.973792592111664,23.80997085571289,112341900
2001-09-24,24.561694191896542,25.33874923280913,24.147828147746644,25.00934600830078,85696500
2001-09-25,25.09380822046853,25.70193925741192,24.4518946319084,25.085363388061523,83860600
2001-09-26,25.296515382241648,25.338745981145923,23.99579231526566,24.215394973754883,59759800
2001-09-27,23.98733884738936,24.31674354413752,23.1596071077533,24.054908752441406,70050700
2001-09-28,24.35897930113232,25.27117401845515,23.911327578272488,24.47722625732422,84810800
2001-10-01,24.367425094123565,24.47722560609561,23.5228003186669,24.266069412231445,53460800
2001-10-02,24.19850240579949,24.84041750569047,23.98734618653249,24.34208869934082,74133400
2001-10-03,24.00423152722602,26.698584489433298,23.928215183299,26.18336296081543,136198600
2001-10-04,26.732380928283305,28.04155064490352,26.13269795154977,26.4367618560791,127371500
2001-10-05,26.18336058131373,26.943522340508025,25.558338618820944,26.82527542114257,96443400
2001-10-08,26.293165125245235,27.323606637082573,26.1495788676865,26.90974235534668,67789600
2001-10-09,26.909743658418726,27.044883482548144,26.073565392495304,26.259382247924805,57564800
2001-10-10,26.07357185000706,27.484095523314767,25.97221615131085,27.45030975341797,73840600
2001-10-11,28.03310326098828,29.77303196254517,27.99087265437533,29.308488845825195,117232200
2001-10-12,28.995970322345467,29.39294177906696,27.990864769355923,29.181785583496094,111901600
2001-10-15,28.818594743721583,29.18178363359453,28.430068143109285,29.05509185791016,78322000
2001-10-16,29.274689428299176,29.646323104077897,28.77636076973892,29.528076171875,81346800
2001-10-17,30.29669481126393,30.4064969524155,27.2813841212418,27.408079147338867,141530300
2001-10-18,27.619222322589383,28.32870704503709,27.365835612140952,28.151336669921875,94448200
2001-10-19,27.754372052941168,28.50608762592907,27.02799419347349,28.337162017822266,73434200
2001-10-22,28.24424968615549,29.139553055904635,28.058434437330305,29.09732246398925,74104900
2001-10-23,29.40983477283731,29.899718694972925,28.717242706498435,29.249357223510746,104062200
2001-10-24,29.22402751874491,30.136224184147764,28.98753351896896,29.882837295532227,90171400
2001-10-25,29.30847351220706,31.09907671609553,28.911498929359364,31.082183837890625,118551900
2001-10-26,30.82880554736036,31.301796600605385,30.41493797302246,30.41493797302246,93823900
2001-10-29,30.40648579204611,30.53318077164117,28.751022338867188,28.751022338867188,92146800
2001-10-30,28.472297469756693,28.79325575347216,27.73747489308082,28.193572998046875,96092200
2001-10-31,28.75104043014822,29.528094009454776,28.446974865379843,28.632793426513672,106175500
2001-11-01,29.08886621286263,30.034847959450072,28.531414179546005,29.849029541015625,92716000
2001-11-02,29.789919043037848,30.27979978384195,29.468960695759776,30.06864356994629,64917700
2001-11-05,30.626071619046545,31.3862346765404,30.54161048909637,31.048383712768555,64473000
2001-11-06,30.91327179049848,32.26467363972626,30.73590132479616,32.2562255859375,107214900
2001-11-07,31.766327861156665,32.80521560626874,31.67341865092939,32.2139778137207,92562100
2001-11-08,32.5602777415986,33.278210586025565,31.46226640410771,31.884578704833984,105916300
2001-11-09,31.74943839119336,32.16330585697978,31.352463803805065,31.867685317993164,74121900
2001-11-12,31.251116501657584,32.39135865278781,30.65987851803948,32.095741271972656,112994400
2001-11-13,32.96569526362937,33.362669834467724,32.62784737571302,33.244422912597656,97931800
2001-11-14,33.751194655091346,33.98769170890382,32.72075494357468,33.48091506958008,88660100
2001-11-15,33.07551115119394,33.87790545534824,32.89814069441967,33.34579086303711,86349700
2001-11-16,33.34578552192558,33.51471112026723,32.872794490966506,33.25287628173828,64035500
2001-11-19,33.60761840495969,34.198856353759766,33.35423163318468,34.198856353759766,69196300
2001-11-20,33.85256226439682,33.979254046465535,32.50116070174935,32.619407653808594,85176500
2001-11-21,32.49271904963349,32.89813859148275,32.078851454960734,32.45048522949219,60867900
2001-11-23,32.737655530707265,33.30355581696181,32.57717798009162,33.17686080932617,27046000
2001-11-26,33.430238850103834,34.0890449210582,32.94879992672941,33.99613571166992,75267500
2001-11-27,33.827223445054585,34.60427995600135,33.10929363582146,33.95391845703125,100289700
2001-11-28,33.55693396709769,34.09749317940235,32.678523636109105,32.72920227050781,101568200
2001-11-29,32.965718159697644,33.785005575951004,32.763009930555896,33.742774963378906,83774700
2001-11-30,33.5569329124444,33.81876768229466,33.24442273177516,33.48936462402344,66018200
2001-12-03,33.18529574324082,33.447127263268875,32.8305517952859,32.915016174316406,60449800
2001-12-04,33.227538265573294,34.494475408558564,32.46737469098702,34.48603057861328,79378700
2001-12-05,34.79854028742733,36.44555919162847,34.73096876098385,36.192169189453125,115773700
2001-12-06,36.06546942855443,36.52156746514384,35.7782969487004,36.24283981323242,77702100
2001-12-07,35.87964988981057,35.98100393193799,34.747852883095845,35.24618148803711,81632600
2001-12-10,34.899895454000216,35.66850387056361,34.528261712822555,34.629615783691406,69088000
2001-12-11,35.0181348824666,35.693833913047335,34.73941044197141,34.82387161254883,66056500
2001-12-12,35.05195193444889,35.423585927572425,34.29178783261665,35.102630615234375,76093400
2001-12-13,34.38468118735826,34.62962319788887,33.5822868347168,33.5822868347168,79582600
2001-12-14,33.67518022891135,34.17350884706421,33.4217935058816,33.877891540527344,70006300
2001-12-17,33.80187577973693,34.83231878927304,33.80187577973693,34.4606819152832,62295500
2001-12-18,34.7647438569394,35.051916312232336,33.92011936748801,34.849205017089844,50850400
2001-12-19,34.25797782971193,34.899891162260474,34.05526649091441,34.21574401855469,79596200
2001-12-20,33.8694530964151,34.03837870033991,32.67008743032594,32.762996673583984,83048800
2001-12-21,33.295112208820896,33.54005420455012,33.06706631981873,33.34579086303711,56205000
2001-12-24,33.39645840190509,33.47247474693472,33.06705531410578,33.21063995361328,13660400
2001-12-26,33.252879333741376,34.038380699435024,33.075508889097804,33.52315902709961,37672900
2001-12-27,33.65830951246148,33.95393023562835,33.44715323390905,33.79344940185547,34255200
2001-12-28,34.029934936883265,34.460692179507355,33.97925628752066,34.063720703125,38240400
2001-12-31,34.04684903271042,34.16509606624166,32.86437225341797,32.86437225341797,46176900
2002-01-02,33.4217935058816,33.91167729612784,32.88123430422161,33.877891540527344,61708800
2002-01-03,34.04684564049976,35.094179166275424,34.004611799597924,35.05194854736328,85769100
2002-01-04,35.432015659676594,35.71918825828664,34.57049786384647,35.195518493652344,86876900
2002-01-07,35.56714748476365,35.66005671950791,33.87789804428654,34.806983947753906,75166200
2002-01-08,34.71407358279571,35.27997380236464,34.494472580357964,35.043479919433594,66956800
2002-01-09,35.50803958649917,35.98102757522078,34.54516749861416,34.722537994384766,85123000
2002-01-10,34.773214503124414,35.08572811609191,34.359350000313164,34.95058822631836,75548000
2002-01-11,34.925249906927455,35.13640620194392,34.18198206830185,34.50293731689453,60832900
2002-01-14,34.19885103821886,34.3593285502695,33.5315968393991,33.751197814941406,71310700
2002-01-15,33.81033158049288,34.4184625011194,33.41336009351776,34.072166442871094,66916100
2002-01-16,33.3880312422083,33.73432742580104,32.746117544081244,32.75456237792969,90942000
2002-01-17,33.34577677540009,33.75964422168121,32.94880220672095,33.48936462402344,75285900
2002-01-18,32.796774122884074,33.320440462482125,32.28155261144645,32.59406280517578,81985600
2002-01-22,32.94036465648448,32.957257537818634,31.5298428959532,31.588966369628903,81773800
2002-01-23,31.80012840070123,32.67853583768424,31.546738356083484,32.45893478393555,74968800
2002-01-24,32.88969421386719,33.37113017498475,32.74610951970406,32.88969421386719,77251200
2002-01-25,32.49271421591809,33.0670592869269,32.39980498060966,32.79677963256836,58832100
2002-01-28,33.067069412061066,33.26977760390539,32.45049033839732,32.98260498046875,47795900
2002-01-29,33.050165679403,33.27821473687863,31.681871334549232,32.0788459777832,83339800
2002-01-30,32.09574999668569,32.813679957816085,31.12442995799052,32.32379913330078,101385500
2002-01-31,32.57717935148954,32.72921207825726,32.11263634058285,32.5265007019043,69655500
2002-02-01,32.4335819873464,32.839001359439884,31.842344194798365,32.2139778137207,61207100
2002-02-04,32.06195663147222,32.15486587498087,30.921714440382992,31.18354606628418,82763300
2002-02-05,30.904825086180875,31.529848927151782,30.566973838847147,30.668331146240234,86853800
2002-02-06,31.1159806758284,31.15821127538697,30.153108829144507,30.45717430114746,98507600
2002-02-07,30.39804776521843,30.871035587964865,29.561867801167867,29.72234535217285,97725900
2002-02-08,29.95037777506696,30.60918693916212,29.536513660352423,30.5500602722168,80483100
2002-02-11,30.52475376143621,31.082206256319505,30.389613860312668,30.938621520996094,57641200
2002-02-12,30.66832592934324,31.234222967077656,30.44027685948396,30.68521881103516,51477700
2002-02-13,31.014629468690185,31.37781845815382,30.921720207852253,31.208892822265625,60984700
2002-02-14,31.377802580309712,31.732543336378782,30.406483081952583,31.14975357055664,77482300
2002-02-15,31.107523321673792,31.175091609368742,30.102418058071,30.220664978027344,79719900
2002-02-19,29.87437971717945,29.95039608173159,28.987524278729943,29.29158973693848,72437200
2002-02-20,29.477400516218346,29.70544632818776,28.65811360407639,29.68855667114257,106552700
2002-02-21,29.38450362296326,29.51964348994315,28.27804374694824,28.27804374694824,109307800
2002-02-22,28.387850803338008,28.88617975309867,27.948645354227835,28.4216365814209,99824200
2002-02-25,28.717235469908942,29.77301618571442,28.67500488567413,29.57030487060547,88994700
2002-02-26,29.75611797582413,29.925043504481785,29.029740457986744,29.46050071716309,94683300
2002-02-27,29.891268532184988,29.992622597130016,28.76791932224289,29.05509185791016,95159300
2002-02-28,29.1480012099268,29.53653107702935,28.50608776243266,28.53142547607422,95711200
2002-03-01,28.84393618192752,30.1953344781694,28.793257537573066,30.1868896484375,86081600
2002-03-04,30.15311403793793,31.445389295196097,29.899727174826943,31.37782096862793,105734600
2002-03-05,31.19198786243889,31.985933855201488,31.0906338089343,31.605852127075195,91452600
2002-03-06,31.31867736159517,32.053499759306376,30.91325477459585,31.75787925720215,86943400
2002-03-07,32.19709608895033,32.37446974354077,31.25956205663981,31.8254623413086,85496000
2002-03-08,32.29000640721231,32.965705617250514,32.20554521420303,32.66164016723633,84443700
2002-03-11,32.39135186743409,33.10083665475509,32.146413184063306,32.54338455200195,71035200
2002-03-12,31.73255236297815,32.095741271972656,31.521396170399385,32.095741271972656,82652100
2002-03-13,31.597417705446567,31.808573932620625,31.141319481473403,31.318693161010746,71376200
2002-03-14,31.301802990639384,31.58897561337878,31.023075200044413,31.13287734985352,70700500
2002-03-15,31.158208601413826,31.529845578407496,30.90482180381956,31.44538116455078,63966500
2002-03-18,31.78325117972632,32.045082962618174,31.29336695549407,31.62277030944824,78938300
2002-03-19,31.75789974195852,31.99439694058672,31.436944551373248,31.572084426879883,58947600
2002-03-20,31.1413183911659,31.318692064493103,30.440281416926386,30.45717430114746,61816500
2002-03-21,30.53319212999791,31.36936899602441,30.32203590011408,31.26801490783692,89198800
2002-03-22,31.20043020767028,31.3693557647238,30.803458853879555,30.9808292388916,58930100
2002-03-25,30.98928633275868,31.16666000996424,30.00107674912965,30.034862518310547,87421900
2002-03-26,29.916618101230465,30.76124316186809,29.899728435367948,30.3135929107666,92457500
2002-03-27,30.09398028372354,30.406490534280422,29.89971698083749,30.07708740234375,64531800
2002-03-28,30.423388532705307,30.719005951603616,30.322034449367063,30.45717430114746,59539400
2002-04-01,30.23757224486544,31.166661613203463,29.815259774345,31.03996658325196,70730500
2002-04-02,30.38960946952148,30.533197406088217,29.56187729198458,29.63789367675781,77759800
2002-04-03,29.81525497081956,29.941949980359283,28.9706301658559,29.58720588684082,85766400
2002-04-04,29.139560311123915,29.697012640370225,28.953741794045666,29.359161376953125,90521500
2002-04-05,29.57032567403471,29.70546557185247,28.869288460976744,29.029766082763672,68426000
2002-04-08,28.26959128430895,29.39294052124024,28.227357469411835,29.392940521240234,74950700
2002-04-09,29.376055151197853,29.54498078801784,28.286491398785444,28.37095260620117,80910200
2002-04-10,28.514524586465253,28.928392051000607,27.98241341747464,28.58209609985352,85748700
2002-04-11,28.430073838100448,28.590551408241893,27.77126745100704,27.872621536254883,90665600
2002-04-12,28.14289918752799,28.54831872086956,27.830388901366632,28.311824798583984,78360100
2002-04-15,28.548306506122103,28.68344629274806,28.041533111771457,28.53986167907715,69306800
2002-04-16,29.080429664240896,29.74768397312992,29.063536783029924,29.730791091918945,72064700
2002-04-17,29.899718465269977,29.98417965437449,29.266249881022627,29.578760147094727,69130100
2002-04-18,29.37604245695909,29.68855587772595,28.717236302237755,29.012853622436523,91086100
2002-04-19,29.60409693669024,29.61254498853007,29.03819989895537,29.10576820373535,62286800
2002-04-22,28.72569354373346,28.72569354373346,28.083779990203755,28.37095260620117,64625600
2002-04-23,28.37095127763968,28.66656871174001,27.619235612080217,27.881067276000977,73070300
2002-04-24,28.04999267013851,28.134457094880503,27.196922923168707,27.45030975341797,68953900
2002-04-25,27.28137072405065,27.644559517055185,27.027984018276666,27.38272476196289,103073700
2002-04-26,27.58544677690213,27.68680085419109,26.191816131723723,26.21715545654297,100193400
2002-04-29,26.386077351065047,26.647910576003376,25.811732255592155,26.28472328186035,85326800
2002-04-30,26.20870940890829,27.18847248507026,26.13269304430188,26.799945831298828,95357900
2002-05-01,26.749267964069947,26.892854247105763,25.82862678654512,26.65635871887207,109975700
2002-05-02,26.512765862033177,27.01954094774036,25.72726472083609,25.76949691772461,85852200
2002-05-03,25.735720232685505,25.769506002106635,24.899541771442383,25.119144439697266,92103200
2002-05-06,25.0262366729186,25.321855728955267,24.367430239973487,24.46878433227539,96491200
2002-05-07,24.72216612180576,24.78973603546008,24.00423478235752,24.24073028564453,101954400
2002-05-08,25.448541290955024,26.926634503687733,25.33874078970356,26.83372688293457,129741500
2002-05-09,26.66480843918352,26.93508815554613,26.0144468648146,26.14114189147949,106477200
2002-05-10,26.1918243393856,26.259394282417126,24.91644025504529,24.967117309570312,112282800
2002-05-13,25.228947619872105,26.16648020605819,25.060021987787543,25.980663299560547,93971200
2002-05-14,27.070220887970034,27.576997639241192,26.9181897957812,27.50942611694336,107284700
2002-05-15,27.09556531541914,28.40473311995362,26.90130038573832,27.712141036987305,150522100
2002-05-16,27.48409385165653,27.914851114681603,27.213814152898024,27.75437355041504,89916300
2002-05-17,28.117557230911864,28.218911293456948,27.42496522987662,27.813491821289062,82695000
2002-05-20,27.53477317743708,27.619237608992925,26.97732242811727,27.20536994934082,78144200
2002-05-21,27.3320633358993,27.52632668376896,26.183372911984414,26.462099075317383,104180000
2002-05-22,26.158024676375668,26.68169266512656,25.685035326241536,26.52121353149414,89543100
2002-05-23,26.71547235889897,27.11244529591372,26.0144340848556,27.053321838378903,94445800
2002-05-24,26.681698804181927,26.76616161031648,26.19181646179436,26.386079788208008,55874600
2002-05-28,26.58033628847149,26.622568486190044,25.752604545111208,26.267826080322266,68829400
2002-05-29,25.89619782366869,26.098907594752912,25.541455321522783,25.575241088867188,73470200
2002-05-30,25.347188175074663,25.94687095618105,25.25427893986344,25.79483985900879,92080500
2002-05-31,25.980663170921545,26.21715873247012,25.338748027570457,25.372533798217773,79907400
2002-06-03,25.338743937849657,25.549900137331736,24.316748705633486,24.47722625732422,77043700
2002-06-04,24.282963690345337,25.068465034435548,24.16471673050173,24.798185348510746,98366200
2002-06-05,24.84886302999264,25.1698197625866,24.46878120495264,25.051572799682617,95347100
2002-06-06,24.92487765574242,24.92487765574242,23.56503123326058,24.392763137817383,91129700
2002-06-07,23.33698851834928,24.316755020498,23.24408086192568,23.90288734436035,106049200
2002-06-10,23.95355451704761,24.2829576002813,23.767736071331296,23.860645294189453,73142900
2002-06-11,24.156278889017383,24.232295279121203,23.108943927691456,23.193405151367188,84609500
2002-06-12,23.00757439866152,23.61570354360199,22.66127843419622,23.53124237060547,152974400
2002-06-13,23.44678707439914,23.8268673072438,23.10049099934341,23.37921714782715,97556300
2002-06-14,22.686614545717102,23.41299051896727,22.12916250557456,23.32852935791016,122106800
2002-06-17,23.64950037282121,24.2829691328075,23.57348399274332,24.12248992919922,87618100
2002-06-18,23.911321119351943,24.62080588684539,23.88598341329444,24.511005401611328,100513400
2002-06-19,23.733959945847,23.919776843369625,23.01602846065525,23.092044830322266,93507600
2002-06-20,23.03291341845788,23.18494610546979,21.681513725121977,22.348766326904297,99913200
2002-06-21,22.26430266081974,22.619045020442588,21.664618419341245,21.808204650878903,168755100
2002-06-24,21.4956988814148,22.63594091756964,21.29298753930478,22.23896789550781,219672100
2002-06-25,22.45012506692458,22.568372012595088,21.369004841814576,21.5041446685791,136336400
2002-06-26,20.63418715502481,21.77443112484169,20.600401384781136,21.664628982543945,149080300
2002-06-27,21.960246661448444,22.171402879346985,21.13251467392474,22.13761711120605,121371100
2002-06-28,22.002477947806607,22.59371602078557,21.833553934808435,22.04471015930176,87842000
2002-07-01,21.93490278424444,22.07848904706364,20.929800555503785,20.98892402648925,64753900
2002-07-02,20.77776935033021,20.904462741717605,19.502385773576865,20.228763580322266,111629600
2002-07-03,20.144293500410217,20.904455184936523,19.950030263107784,20.904455184936523,101067000
2002-07-05,21.33522089759579,22.289646134753458,21.15784886637552,22.24741554260254,56768300
2002-07-08,22.12917250560849,22.424789924882816,21.183191930948333,21.43657875061035,97288500
2002-07-09,21.32677414749018,21.52103744615554,20.769321962019447,20.828445434570312,91039600
2002-07-10,21.10717017273928,21.14095593259657,20.12740569078932,20.1865291595459,115365200
2002-07-11,20.06828633438525,21.022711692021137,19.87402300837882,20.94669532775879,170271200
2002-07-12,21.32677714907053,21.55482624185757,20.73553911836205,20.94669532775879,130027800
2002-07-15,20.84533805315935,21.656176999638586,20.05983681688648,21.59705352783203,140207200
2002-07-16,21.32677337420112,21.977134770666744,21.031154411171865,21.27609634399414,148281700
2002-07-17,22.019371515131542,22.33188344590875,21.02271384686189,21.664628982543945,157954700
2002-07-18,21.43657127116969,21.59705039349301,20.71019522311473,20.88756561279297,114052300
2002-07-19,20.54972487187395,20.870681642518573,20.10207307053311,20.26255226135254,124116400
2002-07-22,20.144304962786293,20.69331084672505,19.502389820752253,19.764223098754883,150034800
2002-07-23,19.806456742893896,20.05984359655795,18.818245436013164,18.91959953308105,150786800
2002-07-24,18.42126330704607,19.98381924375787,18.277677051002417,19.950035095214844,186493600
2002-07-25,19.6375347737516,19.764228224286548,18.41282765959289,18.792909622192383,153915500
2002-07-26,19.054740494884022,19.29123608658269,18.590197366219765,19.14764976501465,96034200
2002-07-29,19.654419542950134,20.37235094735197,19.49394037937937,20.12740898132324,96735200
2002-07-30,20.042937635670924,20.85377793825961,19.92469072922825,20.532819747924805,117394300
2002-07-31,20.270991930835784,20.431471068033133,19.73043266153148,20.1442985534668,93831300
2002-08-01,20.051395573054734,20.18653543249112,19.13920071636207,19.19832420349121,85149700
2002-08-02,19.24056153247683,19.291238590491886,18.429720549262782,18.792909622192383,86706000
2002-08-05,18.674655726231624,18.85202616933847,17.990508445977703,18.10875701904297,84897800
2002-08-06,18.412820807425305,19.434817698202096,18.404375976727657,19.004058837890625,115364600
2002-08-07,19.595289760814747,19.73887599550409,18.54795392484924,19.25743865966797,125677100
2002-08-08,19.215216155121745,19.93314763036908,18.83513431205136,19.907808303833008,111697900
2002-08-09,19.59529857626109,20.02605586312288,19.32501725155201,19.70509910583496,93576900
2002-08-12,19.468604050174253,19.831793028916668,19.34191063249519,19.764223098754883,62870900
2002-08-13,19.62063098372649,20.161191875889,19.0462859419878,19.088518142700195,88434400
2002-08-14,19.14764427554167,20.439920799168924,18.9787186711873,20.304780960083008,102613500
2002-08-15,20.47370315216082,20.735536365979367,20.03449790827603,20.718645095825195,120307800
2002-08-16,20.38079660533784,21.115620922270217,20.042946992780323,20.862234115600582,95853000
2002-08-19,20.92135325624836,21.613945221060227,20.845336907818407,21.36900329589844,76015900
2002-08-20,21.26764990379402,21.47880607581581,20.988923821165,21.27609634399414,89981300
2002-08-21,21.44501720615821,21.83354534407062,21.115614141075355,21.749082565307617,101365500
2002-08-22,21.740634611098084,22.137607549325235,21.47035502668867,22.09537696838379,80345500
2002-08-23,21.79132309576817,21.79976953859917,21.073393176069736,21.24231719970703,75211200
2002-08-26,21.36900901184752,21.44502538061092,20.78621899932024,21.326778411865234,83335400
2002-08-27,21.478813375089043,21.54638330865896,20.39769282697608,20.583511352539062,92340400
2002-08-28,20.287893014931,20.34701650754577,19.755778359409288,19.83179473876953,115562300
2002-08-29,19.595304670466728,20.45682112311898,19.44327188147084,20.0936336517334,97028200
2002-08-30,19.950038791663705,20.270995511762592,19.74732741887137,19.84023666381836,59474900
2002-09-03,19.47705128154232,19.789563228067124,18.86892188546006,19.1223087310791,81828100
2002-09-04,19.00406085692569,19.443266205591023,18.784458182593024,19.19832420349121,82717600
2002-09-05,18.919591727160043,19.00405451386484,18.52261872393925,18.72532844543457,91576600
2002-09-06,19.139197732953487,19.61218716725146,19.088520696312905,19.2996768951416,86008800
2002-09-09,19.147646187137983,19.738884250410297,18.911150639630232,19.493942260742188,72679500
2002-09-10,19.62063552340585,19.992270920692533,19.45171151445308,19.975378036499023,74615800
2002-09-11,20.372356351831986,20.566619721324702,19.78111818877353,19.80645751953125,73902800
2002-09-12,19.62062481148632,19.645964123942537,19.1814197282046,19.26588249206543,70763500
2002-09-13,19.08852170885372,19.49394124547154,19.020951786084083,19.417924880981445,79716100
2002-09-16,19.308121987533283,19.426368935098463,18.89425606006132,19.139196395874023,58853600
2002-09-17,19.468594714605533,19.603734510126944,18.73377227783203,18.73377227783203,89139700
2002-09-18,18.590194899431065,19.04629152383586,18.395931552202992,18.522624969482425,92358300
2002-09-19,18.328360700203948,18.691548048535555,18.201665678304,18.22700500488281,86247700
2002-09-20,18.43815648091268,18.49727995005129,18.14253752422593,18.303016662597656,78116900
2002-09-23,18.11720586330996,18.176329352186023,17.57664479859826,17.754016876220703,72757500
2002-09-24,17.466830443060104,18.117191528087293,17.441491134593974,17.762449264526367,91507300
2002-09-25,18.032743256876568,18.61553493160497,17.821587016423667,18.471948623657227,98051900
2002-09-26,18.71688789059591,18.86047418984212,18.04963504891822,18.24389839172364,104453500
2002-09-27,18.201668397578874,18.75912077764153,17.998958587646484,17.998958587646484,92249700
2002-09-30,17.796252376467063,17.93983872224612,17.30636983398463,17.500633239746094,91502500
2002-10-01,17.66110897267939,18.57330392639761,17.289473514203266,18.56485748291016,102096000
2002-10-02,18.16788301659022,18.556409723494504,17.711784766578145,17.948280334472656,94829700
2002-10-03,17.787804498702798,18.074977167132488,17.466847663337326,17.51752471923828,74354800
2002-10-04,17.6864468281986,17.75401675946894,16.985408187146025,17.18811798095703,81837100
2002-10-07,17.112104125655385,17.39083033454586,16.765807975548874,17.02764129638672,79861800
2002-10-08,17.128990355625266,17.407716456174185,16.689785102943986,17.061420440673828,94103100
2002-10-09,16.841820280411522,17.34014908026931,16.75735747160622,16.943174362182617,103301000
2002-10-10,16.976953913637562,17.91448607619667,16.816474796769665,17.804685592651367,109610500
2002-10-11,18.2016623241701,18.90270078705801,18.09186181788377,18.767560958862305,124777400
2002-10-14,18.4719472650634,19.00406024303084,18.395930895211745,18.98716735839844,78890300
2002-10-15,19.798014169254778,19.95849178947744,19.578411434692853,19.89936828613281,118176000
2002-10-16,19.181427814897315,19.561509607013,18.64086847588293,19.24055290222168,97441900
2002-10-17,19.93315094961536,20.110521431921,19.071633035859552,19.890918731689453,95754500
2002-10-18,19.66286735625903,20.144303269569207,19.36724833252648,20.11051750183105,84941900
2002-10-21,19.86557445536715,20.65107572859885,19.67975597981066,20.51593589782715,85311500
2002-10-22,20.04294800780681,20.558169699920445,19.97537808187339,20.389244079589844,89947000
2002-10-23,20.14430052878944,20.80310680010728,19.992267816641053,20.77776908874512,88093500
2002-10-24,20.845346611756344,20.99737937939064,20.2034313767418,20.25410842895508,88674800
2002-10-25,20.262549643691216,20.90446471304752,20.262549643691216,20.862234115600582,71557300
2002-10-28,21.11561710439241,21.149402865036432,20.41457868096633,20.684858322143555,90272000
2002-10-29,20.53282565829177,20.66796547912429,19.738879613649143,20.20342254638672,90293800
2002-10-30,20.32167556788731,20.93825299730713,20.14430510409127,20.74398803710937,103531100
2002-10-31,20.828449643365165,21.14940800348834,20.57506282094719,20.73554039001465,81493100
2002-11-01,20.583509219615863,21.453471822806204,20.389244271112645,21.326778411865234,86658400
2002-11-04,22.00247732922336,22.65283886901696,21.791321110666537,21.87578392028809,110562400
2002-11-05,21.71530535361616,22.103833644400822,21.58861194111899,22.04471015930176,79603300
2002-11-06,22.205180995389707,22.475460603400087,21.65617372925089,22.35721206665039,116251700
2002-11-07,21.95179452832885,22.044703755635258,21.37744950678684,21.57171440124512,82711600
2002-11-08,21.529484196397643,21.850442496282408,21.08183250908208,21.17474174499512,76937600
2002-11-11,21.07338048664836,21.132503939869697,20.39767996599224,20.532819747924805,74384300
2002-11-12,20.608836493531417,21.453460953192486,20.608836493531417,21.05648803710937,88748800
2002-11-13,20.8622348761882,21.70685974387203,20.68486281625768,21.30988502502441,119341800
2002-11-14,21.60550482571705,22.31498986889415,21.554827782917016,22.04471015930176,85720100
2002-11-15,21.875778659093875,22.340323194790912,21.74908528062876,22.331876754760746,69291300
2002-11-18,22.559929942007138,22.61060859510588,21.95180060376941,22.002477645874023,76238000
2002-11-19,21.79132239896933,22.002478630009712,21.369009936888578,21.664628982543945,88139200
2002-11-20,21.588614098368254,22.59371827847019,21.57172282307647,22.58527183532715,75104700
2002-11-21,22.7457503403329,23.5143589220045,22.59371759037689,23.421449661254883,105472900
2002-11-22,23.1173845833328,23.598820526102127,23.0751523710759,23.41300201416016,73808600
2002-11-25,23.44678700182619,23.81842240231892,23.260970107076886,23.64105033874512,72666100
2002-11-26,23.463672690853283,23.53968903607477,22.720402117797352,22.84709548950196,80017900
2002-11-27,23.25252009320734,23.818418743694213,23.210287888846302,23.57347679138184,73643900
2002-11-29,23.82686802831264,23.894439567923666,22.99068955755629,23.41300201416016,34652100
2002-12-02,24.00423471219061,24.31674656879945,23.28630337484096,23.649492263793945,85136000
2002-12-03,23.269422194855903,23.294761529266875,22.74575550498613,22.94846534729004,76595500
2002-12-04,22.43324209332033,22.76264697615788,22.137622987592074,22.441688537597656,130115900
2002-12-05,22.762638037194737,22.80486863100274,22.07004437738868,22.129169464111328,84933200
2002-12-06,21.7997599723806,22.56836821178269,21.74063650950252,22.35721206665039,81727900
2002-12-09,22.14606616378417,22.42479233982628,21.284549917559463,21.30144119262696,75855200
2002-12-10,21.470358056636456,21.91800968835908,21.411234590577426,21.622390747070312,69578300
2002-12-11,21.487245816135527,22.01935849487657,21.385890176331248,21.72373962402344,64237600
2002-12-12,21.960236428617367,22.54302776953189,21.588601207208782,21.84198951721192,62296400
2002-12-13,21.554829851091107,21.59706045564412,21.12407091847435,21.14941024780273,72647800
2002-12-16,21.301433158862427,21.92645520847447,21.174739783169688,21.83354759216309,60278500
2002-12-17,21.7997597599674,22.129164438639734,21.673066396321204,21.90111541748047,62562700
2002-12-18,21.580165044683927,21.622397255290338,21.157852604584484,21.43657875061035,67130700
2002-12-19,21.25921099140133,21.77443274909061,20.95514548050349,21.16630172729492,95969700
2002-12-20,21.39433549046766,21.49569112494969,21.174732958250893,21.385889053344727,65578600
2002-12-23,21.267654469347548,21.757536829162007,21.2254222592809,21.681520462036133,45941700
2002-12-24,21.53793110686938,21.732194412567324,21.385898394238342,21.411237716674805,16772700
2002-12-26,21.56326605353052,21.884222684292176,21.259200689971607,21.352109909057617,33795400
2002-12-27,21.267656113964964,21.83355488466597,20.90446713427704,20.96359062194824,42490200
2002-12-30,20.980486032736323,21.09028657862911,20.57506640190915,20.80311393737793,57396400
2002-12-31,20.727097662749426,20.870682361965496,20.50749497589862,20.583511352539062,46015400
2003-01-02,20.87912137884428,21.58015979441285,20.651073941028123,21.45346641540528,65903200
2003-01-03,21.504151487510164,21.715307735161257,21.352120342436606,21.68997001647949,39059500
2003-01-06,21.715302429213484,22.458573141490337,21.284545206932084,22.23052406311035,67223400
2003-01-07,22.30654277197234,22.74574809266783,22.171402921142047,22.509252548217773,88726100
2003-01-08,22.28964991534017,22.779532277952235,21.8251068789128,21.87578392028809,74989900
2003-01-09,22.162956777039653,22.787978998280785,22.14606389271024,22.551485061645508,75391100
2003-01-10,22.25586323380514,23.024471653296093,22.146061110452766,22.88933181762696,82594300
2003-01-13,23.08359937564651,23.201846350856943,22.576824093182328,22.754196166992188,72870300
2003-01-14,22.72885215718137,23.075148179817464,22.678175122672005,22.872438430786133,46993800
2003-01-15,23.007584326513506,23.10049359009268,22.45013196702706,22.58527183532715,55131000
2003-01-16,22.627495711841817,22.787973239433896,22.17139761617495,22.331876754760746,68740300
2003-01-17,21.87578940945274,21.909575186176667,21.343676314006903,21.377460479736328,77289400
2003-01-21,21.461913556700903,21.580160499505656,21.1325104383198,21.14095687866211,67729600
2003-01-22,21.08182573986349,21.56326303510468,21.00581102060784,21.05648803710937,80020200
2003-01-23,21.453479340388025,21.82511487223576,21.208538874871003,21.54638862609864,78471100
2003-01-24,21.5632751633152,21.5632751633152,20.81155787593988,20.96359062194824,74519700
2003-01-27,20.65107518222706,21.140957458562,20.58350526862893,20.718645095825195,76561000
2003-01-28,20.921349780339416,21.157843615280058,20.625730875670182,20.92979621887207,65217200
2003-01-29,20.912913984269192,21.495705651654344,20.558171440338352,21.24231719970703,95717500
2003-01-30,21.38589405052588,21.47035683049821,20.684855715444428,20.693302154541016,70333800
2003-01-31,20.32167694494436,20.912915086316985,20.27944633955817,20.642635345458984,90505600
2003-02-03,20.71019764262657,20.938246693992507,20.59194909136623,20.684858322143555,53158800
2003-02-04,20.42303015077644,20.524384235681843,20.11896467407195,20.43147659301757,68235700
2003-02-05,20.5497201066038,20.997371804138776,20.279440444316204,20.338563919067383,80107700
2003-02-06,20.30477959803511,20.56661281732601,20.15274688651335,20.4483642578125,103552000
2003-02-07,20.57506214226623,20.651078508683003,19.975377652866584,20.11051750183105,72312400
2003-02-10,20.178087346868207,20.48215281133813,19.950039859509832,20.28788948059082,67572600
2003-02-11,20.48214496560652,20.78621031360353,20.20341893360707,20.397682189941406,77823300
2003-02-12,20.330123304322623,20.54972599561208,20.08518289430375,20.11896705627441,51753000
2003-02-13,20.14429578037466,20.25409626271417,19.69664419023532,20.22031211853028,77387400
2003-02-14,20.127406159467096,20.69330476230456,19.9500357490672,20.684858322143555,67510400
2003-02-18,20.86223536808364,21.402794780628643,20.84534248369308,21.326778411865234,73976800
2003-02-19,21.284543157928617,21.318327308328573,20.870675635824327,21.18318748474121,45541400
2003-02-20,21.242308706615685,21.34366436906948,20.98047552751765,21.098722457885746,59759800
2003-02-21,21.05650078680773,21.42813622516176,20.70175823451396,21.25921058654785,70228500
2003-02-24,21.225418289172502,21.29298820164644,20.87067584593593,20.896015167236328,56646600
2003-02-25,20.6510765291509,21.073388919432155,20.338564651505447,20.921356201171875,74440700
2003-02-26,20.84534986524459,21.064952607103105,20.43993016227257,20.45682144165039,60005600
2003-02-27,20.62573720577621,21.048049596057467,20.499043810890623,20.921356201171875,66424000
2003-02-28,20.95513825167905,21.30143424807688,20.879121900177697,21.250757217407227,50185800
2003-03-03,21.34366970221145,21.52104014208313,20.7439852390867,20.82000160217285,60414400
2003-03-04,20.82844195809935,20.921351177168283,20.62573225276185,20.693302154541016,56043500
2003-03-05,20.60884697880566,20.92980533892884,20.54127705209459,20.73554039001465,69096500
2003-03-06,20.63418129217126,20.845337463215184,20.465255710938624,20.684858322143555,59108600
2003-03-07,20.33855889408266,20.85378037989536,20.23720324026951,20.727087020874023,73291000
2003-03-10,20.54972344706768,20.65107914239835,20.19498092990152,20.279443740844727,55948000
2003-03-11,20.321668642516013,20.473701337384185,20.08517477138212,20.102066040039062,54934200
2003-03-12,20.06828645589043,20.473705993748247,19.882469570454106,20.46525955200196,77859800
2003-03-13,20.811563597413127,21.66463520932261,20.608853750671464,21.63929748535156,128537600
2003-03-14,21.7321860615899,21.943342167771675,21.419675926597087,21.72373962402344,89794400
2003-03-17,21.478812599824696,22.635947871817745,21.411242668693674,22.467023849487305,141040800
2003-03-18,22.635942585881832,22.77952885737933,22.314985890707707,22.745744705200195,96548700
2003-03-19,22.67817847212785,22.762641282780788,22.238973145527883,22.551485061645508,91315100
2003-03-20,22.41634333253196,22.92311693203944,22.103831442574624,22.63594436645508,92789700
2003-03-21,22.982249515510045,23.125835855182974,22.129179533270747,22.94846534729004,93304600
2003-03-24,22.357211483655785,22.467013578417724,21.934899204403543,21.9940242767334,85244500
2003-03-25,22.086946349892976,22.60216818357475,21.968699349767142,22.306549072265625,78731500
2003-03-26,22.382558129430983,22.610607221539222,22.26431116803888,22.43323516845703,67880200
2003-03-27,22.18829947509673,22.509256271155063,22.044713158466703,22.272762298583984,64113100
2003-03-28,22.07848807889552,22.32343000337295,21.91801055354172,22.02781105041504,45374700
2003-03-31,21.62239744472358,21.732197971273983,21.292992643084112,21.326778411865234,89345300
2003-04-01,21.487248675445315,21.6815119323448,21.32676956231409,21.495695114135746,73159500
2003-04-02,22.01092439566453,22.43323684475784,21.98558667975519,22.08694076538086,75843800
2003-04-03,22.5008014439226,22.67817346825657,22.22207535796388,22.36566162109375,70138200
2003-04-04,22.441682973431664,22.467022299981032,21.934907719403167,22.002477645874023,65665700
2003-04-07,22.89777628384175,22.97379263622362,22.01936581675962,22.03625869750977,83842700
2003-04-08,22.08693975184818,22.20518832764409,21.858890653164,22.01092338562012,54250600
2003-04-09,22.044705586631007,22.19673829448956,21.461914076837868,21.5041446685791,76457100
2003-04-10,21.504143055166164,21.76597785949707,21.36900323854091,21.76597785949707,57017500
2003-04-11,21.977147663036867,22.095394673217864,21.41969517076261,21.54638862609864,67974500
2003-04-14,21.62240096256387,22.078497638354488,21.52949169429409,21.9855899810791,52476200
2003-04-15,21.93490624700739,22.348772220234626,21.833552169601628,22.196741104125977,64655700
2003-04-16,22.509249853350767,22.66128257008161,22.06159975519208,22.14606094360352,70711600
2003-04-17,22.09537991140668,22.78797184145483,22.086933471894667,22.65283203125,70179900
2003-04-21,22.754191847561447,22.889331682432392,22.48391217781956,22.7372989654541,52729600
2003-04-22,22.57681295951719,23.193388470473,22.50924306257674,23.16805076599121,70757200
2003-04-23,23.22719170276397,23.438347990970914,23.02448185940466,23.336992263793945,70327100
2003-04-24,23.10893682714723,23.43834000905366,23.0329204604005,23.21029090881348,72383900
2003-04-25,23.07514835335857,23.159611152171987,22.68662173420833,22.762638092041016,63277900
2003-04-28,22.847101959022243,23.33698431639333,22.7626407612984,23.21029090881348,59666200
2003-04-29,23.34543328627688,23.70017583250948,23.15116993288609,23.421449661254883,79903800
2003-04-30,23.35386809340124,23.47211662389248,23.168051275477072,23.18494415283203,60202100
2003-05-01,23.17650478187551,23.53969370079499,22.96534858352641,23.38766098022461,66022600
2003-05-02,23.32007842207456,23.894423228057235,23.28629267537296,23.88597679138184,85004100
2003-05-05,23.92821519872441,24.249171842517026,23.7930753896545,23.860645294189453,80520300
2003-05-06,23.835311943875684,24.4096570817271,23.82686550231975,24.16471672058105,77338300
2003-05-07,23.995786123485985,24.23228160491017,23.75084581325528,23.894432067871094,70353200
2003-05-08,23.522800631385696,23.809973187738223,23.44678427170449,23.455230712890625,80249100
2003-05-09,23.68328208967938,24.054915871961104,23.649496321657,23.995792388916016,58528200
2003-05-12,23.95355877225431,24.46033234079495,23.79307961635304,24.35897827148437,67487300
2003-05-13,24.181606096630567,24.485671524826515,24.10559135057546,24.206945419311523,64934300
2003-05-14,24.38432007648863,24.4687812725138,23.95356121058528,24.15627098083496,62181200
2003-05-15,24.282961731213028,24.4772250384242,24.12248257651977,24.42654800415039,62232100
2003-05-16,24.266067996393765,24.44344002660748,24.0549118148498,24.24073028564453,70590400
2003-05-19,24.088699494303864,24.22383933236777,23.320091061192656,23.38766098022461,91334800
2003-05-20,23.44678427170449,23.61570826244521,23.15116527416584,23.455230712890625,71817800
2003-05-21,23.353875215211666,23.43833801675009,23.17650478187551,23.38766098022461,63648500
2003-05-22,23.44678730700312,23.91977679769936,23.32854033707759,23.72551345825196,62401400
2003-05-23,23.683274543710745,23.86064493633223,23.607258200874803,23.73395156860352,37922500
2003-05-27,23.590375313939017,24.679940671083163,23.565035985263385,24.57858657836914,101422100
2003-05-28,24.62925510148006,24.83196482775225,24.460329524089715,24.65459442138672,76290400
2003-05-29,24.68837911015073,25.16981492194937,24.62925564006932,24.755949020385746,97336000
2003-05-30,24.94177995434258,25.22895261919541,24.874210010318063,25.1613826751709,78093700
2003-06-02,25.406317432762886,25.50767313161576,24.7559558601919,24.984004974365234,102937000
2003-06-03,24.865752769151968,25.237386494425003,24.77284353233679,25.220495223999023,81672600
2003-06-04,25.17827111736972,25.82863276223396,25.10225473752874,25.693492889404297,87046100
2003-06-05,25.44854039228562,25.913084923621884,25.31340057505892,25.87929916381836,88747900
2003-06-06,26.360742184931365,26.580344850827856,25.372532604888367,25.44854736328125,157178100
2003-06-09,25.33874781694226,25.52456472097526,24.94177468110141,25.11069869995117,94941800
2003-06-10,25.22050582639079,25.50767848727627,25.06847305168736,25.490785598754883,69660100
2003-06-11,25.397864709209244,25.87930053496111,25.169815651434007,25.77794647216797,87338200
2003-06-12,25.879300370568348,25.972209603366693,25.558343692437173,25.88774681091309,79450500
2003-06-13,25.89620025427091,25.955323741678846,25.22050095390276,25.304962158203125,83353600
2003-06-16,25.482327499877883,26.09890314996029,25.338741235105864,26.08201026916504,71211800
2003-06-17,26.20026597687279,26.27628235021142,25.811737667475985,25.980663299560547,67571200
2003-06-18,25.89619630828948,26.377632187816364,25.71882587309282,26.115798950195312,80215700
2003-06-19,26.16648244430813,26.386085140404926,25.6597071156997,25.693492889404297,79467200
2003-06-20,25.92152945787754,25.997545800853214,25.549894182329098,25.65969467163086,71512400
2003-06-23,25.61746635098321,25.65125211129009,24.967104964019107,25.26272392272949,86509400
2003-06-24,25.11069869582903,25.44854834446729,24.941774677007,25.06846809387207,83004400
2003-06-25,25.060010545165245,25.490769260397844,24.89108499021358,24.93331718444824,94255300
2003-06-26,25.093803961302523,25.57524148749987,25.009342763613173,25.52456283569336,79187500
2003-06-27,25.54989855501237,25.820178215851826,25.14447906375317,25.19515609741211,82451900
2003-06-30,25.47388495359117,25.625917682001567,25.169819496770383,25.2965145111084,72043000
2003-07-01,25.085361105947136,25.659704706040408,24.713725685068027,25.634366989135746,105852500
2003-07-02,25.685041990761924,26.17492434754518,25.65970266487873,26.158031463623047,81972500
2003-07-03,25.929982318756547,26.26783192065363,25.73571738804599,25.82862663269043,50050400
2003-07-07,26.15802668442217,26.943527922351453,26.14958024400432,26.9350814819336,88554600
2003-07-08,26.842177420253904,27.28982915582398,26.70703757762784,27.264488220214844,81874500
2003-07-09,27.18002560535553,27.441860446369816,26.96886941092113,27.196918487548828,89588400
2003-07-10,26.901295937029246,27.019542874763264,26.46209072402618,26.69013977050781,102928700
2003-07-11,26.732371729992146,27.019544260064222,26.69858757933332,26.89285087585449,67728100
2003-07-14,27.31516403298877,27.66146004513229,27.08711496811557,27.213809967041016,84524600
2003-07-15,27.475641994399783,27.57699928389132,26.977314875683906,27.24759292602539,75059000
2003-07-16,27.41653004422198,27.450315821587463,26.799954106252702,27.163143157958984,80138700
2003-07-17,26.75770812144289,26.892847931268875,26.217148882138947,26.33539581298828,116260400
2003-07-18,26.52122255898413,26.647915976663555,26.115802978012304,26.41986846923828,80519000
2003-07-21,26.38607567950432,26.436752710896272,25.85396282240436,26.08201026916504,111325300
2003-07-22,26.2762795790014,26.60568275473237,26.065123366662256,26.470542907714844,91471500
2003-07-23,26.512767752913085,26.72392391943452,26.17491820867753,26.69013977050781,69050400
2003-07-24,26.9012943707572,27.04488062007152,26.25093302909864,26.33539581298828,82999700
2003-07-25,26.29316176943978,26.892846043056707,25.98909802417717,26.859060287475582,82709600
2003-07-28,26.909743771673803,27.019544275118403,26.69014115379081,26.9350814819336,56180800
2003-07-29,26.96886393897804,27.04488028243033,26.38607250950832,26.73236846923828,80560100
2003-07-30,26.783047232356928,26.80838655214969,26.462090569950355,26.53810691833496,56617300
2003-07-31,26.8506154595738,27.30671349395796,26.622566442381725,26.859060287475582,85544100
2003-08-01,26.766158607631223,26.850621404290564,26.436753861759204,26.5718936920166,73545400
2003-08-04,26.5381086308426,26.859065313960546,26.0482263601928,26.563447952270508,96344600
2003-08-05,26.52966363982936,26.58878711539761,25.42320565292584,25.51611328125,111041800
2003-08-06,25.642808074531967,25.98910409516484,25.423205444936563,25.49922180175781,96816000
2003-08-07,25.524569550785664,25.769511599308416,25.35564549997176,25.6005859375,67326600
2003-08-08,25.70193264297876,25.80328671572279,25.279620247559443,25.39786720275879,66677100
2003-08-11,25.406304663996792,25.84550978663211,25.36407408377905,25.67658424377441,63712200
2003-08-12,25.769507364974743,26.098910579281096,25.617474616527435,26.065126419067383,59676100
2003-08-13,26.16646257783609,26.242478899962883,25.88773660036889,26.07355499267578,57969700
2003-08-14,26.082016493225293,26.343851375052992,25.904646035529915,26.09890937805176,50271500
2003-08-15,26.18336951094957,26.428311482877508,26.12424603110324,26.32695579528809,28116300
2003-08-18,26.44520837854392,27.03644491372744,26.37763844278025,27.002660751342773,67224100
2003-08-19,27.12090455578584,27.348953652822185,26.90130190060204,27.340505599975582,68205000
2003-08-20,27.112455091460067,27.467199186822377,27.044886782145504,27.27293586730957,58233500
2003-08-21,27.526317614194543,27.720580898056905,27.25603798256106,27.56854820251465,77161400
2003-08-22,28.092208038847925,28.18511724469102,27.348940836076377,27.39961624145508,92989800
2003-08-25,27.33206748193962,27.4841002506368,27.205372434029,27.458759307861328,43044700
2003-08-26,27.26448088408745,27.52631566834261,26.86750790456224,27.48408508300781,79838500
2003-08-27,27.44186553699213,27.729038143574584,27.340508225030018,27.703697204589844,47532100
2003-08-28,27.82193629357522,27.973968996435264,27.467195468226794,27.948631286621094,55311000
2003-08-29,27.906405150845107,28.26114603281926,27.85572650113965,28.202022552490234,53148800
2003-09-02,28.286495275471744,28.624343373425525,27.98242973192106,28.60745048522949,80303100
2003-09-03,28.801713364172898,28.88617780367994,28.421634663352425,28.590557098388672,85234800
2003-09-04,28.573660043932065,28.90306321786053,28.46385791195988,28.852384567260746,63736100
2003-09-05,28.69190587670219,29.004416154789787,28.43851585567056,28.66656494140625,91024100
2003-09-08,28.717240706734035,29.164890780832376,28.67501011479813,29.13955307006836,69296000
2003-09-09,28.98752197832273,29.046645454728207,28.64967078001616,28.793258666992188,87817500
2003-09-10,28.50608941251255,28.6243363790019,27.96553001028228,28.100669860839844,111624500
2003-09-11,28.10911771037663,28.53143019146757,27.8810685839489,28.41318321228028,96914900
2003-09-12,28.15979082697364,28.582103224965447,27.914848862861287,28.565210342407227,104963000
2003-09-15,28.58210306009093,28.64122653770969,28.2442518548512,28.28648567199707,54594200
2003-09-16,28.31182119700881,29.080429568649503,28.31182119700881,29.05509185791016,87463800
2003-09-17,28.995976305304936,29.13956100136588,28.742586240745727,28.93684959411621,79794700
2003-09-18,28.86082928039052,29.443622482954307,28.71724460392517,29.37605094909668,91469900
2003-09-19,29.384504724765108,29.44362821741142,29.021315714515648,29.20713424682617,69796000
2003-09-22,28.8270509680368,28.886174457849105,28.522985465008617,28.649677276611328,97477500
2003-09-23,28.69190349358224,29.190232219838915,28.64122484918764,29.15644645690918,77826500
2003-09-24,29.147994964334544,29.15644301506355,28.0161978156958,28.05843162536621,115057400
2003-09-25,28.193578347023884,28.497643808022872,27.66990862108647,27.69524955749512,117604800
2003-09-26,27.7797130561155,28.016207002277685,27.467202738402847,27.517881393432617,106581000
2003-09-29,27.66990549173911,28.0162015116038,27.408073880370534,27.990863800048828,96862800
2003-09-30,27.805037012248462,27.838822765548137,27.33204935400016,27.38272476196289,119122500
2003-10-01,27.543213313821013,28.06687975097596,27.382732550992145,27.999311447143555,106653600
2003-10-02,27.957076666715228,28.23580436811272,27.813492012289306,28.09221649169922,83911100
2003-10-03,28.59054355018944,29.11421316101505,28.565205841338567,28.877716064453125,112862800
2003-10-06,28.95373119071851,29.09731905278252,28.76791596367725,29.088871002197266,49162900
2003-10-07,28.85238116027893,29.26624870300293,28.725686159734035,29.26624870300293,80104600
2003-10-08,29.40138351290217,29.42672121988954,28.903054869565285,29.08042526245117,71387400
2003-10-09,29.48586165624268,29.789927203059804,29.08044200114952,29.3000431060791,118216100
2003-10-10,29.367596777483563,29.5871977486968,29.25779468088342,29.57030487060547,68356200
2003-10-13,29.680103946995743,29.874367192297523,29.49428552888677,29.764568328857425,60919800
2003-10-14,29.64633628889672,29.925064086181727,29.528089304105027,29.84060287475586,62274900
2003-10-15,30.23757383057177,30.279804435440763,29.58721220522569,29.71390724182129,97045200
2003-10-16,29.64634145885788,30.00953053090451,29.61255890158947,29.95040702819824,73955000
2003-10-17,29.908164960435755,29.975736493071484,29.22401769144508,29.232465744018555,97794400
2003-10-20,29.26625792450693,29.62944693705264,29.1395628840417,29.59566116333008,75544300
2003-10-21,29.68011056089109,29.94194537002931,29.511184981511203,29.77301979064941,73455600
2003-10-22,29.468962497587345,29.50274826715357,29.088880644938104,29.19868278503418,88141400
2003-10-23,28.84393492623241,29.147997113159,28.75947052265208,28.860824584960938,95409600
2003-10-24,28.539873386930275,28.91150714710952,28.286486585808607,28.88616943359375,101778600
2003-10-27,28.953738654729094,29.09732655380876,28.751030496248266,28.894615173339844,63604500
2003-10-28,29.08043859732152,29.90817069900037,29.02975993812086,29.86594009399414,107375700
2003-10-29,29.73080302903721,29.908173519986413,29.62100086807341,29.83215713500977,74075200
2003-10-30,30.24600603785576,30.406483541073907,29.680105918741457,29.89126205444336,95062600
2003-10-31,29.933508320333225,29.97574214719084,29.612553145737984,29.71390724182129,55473200
2003-11-03,29.925064181143416,30.38960728943722,29.865940688559952,30.20378875732422,71141200
2003-11-04,30.14465659290341,30.296689307807497,29.94194845435647,30.00107192993164,60033900
2003-11-05,30.001065530151003,30.31357572323954,29.688555337062464,30.271345138549805,67412700
2003-11-06,30.229116495848466,30.381149188088106,29.84903476524935,30.35580825805664,90567400
2003-11-07,30.4740625716445,30.558523757974378,30.068639855695423,30.09398078918457,63505200
2003-11-10,30.1531058015888,30.18689156663866,29.6378841615361,29.72234535217285,68896400
2003-11-11,29.68855945786661,29.81525122952077,29.43516947058323,29.6125431060791,75607100
2003-11-12,29.70544359855976,30.37269776008341,29.68010589333304,30.24600601196289,80364600
2003-11-13,30.161538703400502,30.32201941292556,30.02639891863482,30.212217330932617,64243000
2003-11-14,30.24602280854009,30.423393287600444,29.519644783448683,29.59566116333008,90932200
2003-11-17,29.42672958258804,29.48585306368547,28.93684562836583,29.29158973693848,108063100
2003-11-18,29.45206925392948,29.53653367681584,28.565213756546505,28.61589241027832,108588500
2003-11-19,28.725689559947096,29.0550959559576,28.61589064993169,28.894615173339844,86320300
2003-11-20,28.64967495744458,29.291591683427807,28.55676892525201,28.61589241027832,117324500
2003-11-21,28.78482436038378,28.93685391101568,28.48920364829249,28.911516189575195,81787500
2003-11-24,29.156454880380167,29.773030733035604,29.114224275511177,29.71390724182129,92057500
2003-11-25,29.80681650572625,29.9419563745002,29.637890864261653,29.71390724182129,72519800
2003-11-26,29.8997081702214,30.001062206646225,29.40137959331815,29.849029541015625,72842900
2003-11-28,29.78147996249473,29.98419140658062,29.739249351390328,29.882837295532227,24802600
2003-12-01,30.16155404466401,30.414940867233096,29.95884587540404,30.32203483581543,82767300
2003-12-02,30.25445119680004,30.448714457133924,30.051743108619885,30.15309715270996,62504500
2003-12-03,30.271348477727013,30.507842355666405,29.77301979064941,29.77301979064941,107568500
2003-12-04,29.88282460137214,30.16154909385093,29.629437820394763,30.09398078918457,102334800
2003-12-05,29.78992452925171,29.984187895173346,29.52808961588496,29.59566116333008,87490200
2003-12-08,29.57874991074845,29.840584661539573,29.37603861626714,29.764568328857425,86961200
2003-12-09,29.93349469155984,29.9503875702138,29.012853747835315,29.08042526245117,109949500
2003-12-10,29.13956410462734,29.308489758327298,28.82705373957517,29.190242767333984,103504200
2003-12-11,29.13956434967569,29.891280131873746,29.13111951681466,29.815263748168945,108374700
2003-12-12,29.823691785167235,29.84902948873238,29.47739587450116,29.764568328857425,72189400
2003-12-15,30.34737080537761,30.398049455770835,29.266252039560143,29.37605094909668,106091400
2003-12-16,29.38448808834065,29.57875134304929,29.071974693299587,29.435163497924805,89854700
2003-12-17,29.401397705183587,29.561875296879283,29.19868628547281,29.485858917236328,68539900
2003-12-18,29.519640815260903,30.10243083468405,29.519640815260903,30.034862518310547,89978100
2003-12-19,30.07710208941981,30.110887868677462,29.730805907002004,29.95040702819824,89762300
2003-12-22,29.857489743931254,30.13621751511933,29.806814310615884,30.04330825805664,63580000
2003-12-23,30.06863382125716,30.42337782102252,30.009510358294115,30.271345138549805,66999800
2003-12-24,30.28318292517724,30.435275060919945,30.249383956512848,30.333881378173828,44840300
2003-12-26,30.3845753395835,30.494420371533995,30.266282177443085,30.29162979125977,25497600
2003-12-29,30.443712715196085,30.86619000837725,30.43526458756068,30.790143966674805,63296200
2003-12-30,30.86618207506684,30.90843237212243,30.671842956942587,30.89153289794922,48249400
2003-12-31,30.94224142598392,30.9591409074368,30.629609077221986,30.807048797607425,60494600
2004-01-02,30.976039017249423,31.08588403020585,30.604260111488305,30.722553253173828,55234100
2004-01-05,30.90845464371278,31.398526854884945,30.89155515736237,31.339380264282227,69717900
2004-01-06,31.330913307816346,31.618194733420395,31.22106832416182,31.550600051879883,60033000
2004-01-07,31.499924468576587,31.83790779113769,31.32248467469353,31.83790779113769,71830000
2004-01-08,31.98155125936149,32.1082958216409,31.770312471061228,32.09139633178711,76800900
2004-01-09,31.863244636525003,32.40401519114408,31.76185096334562,31.88014411926269,94296500
2004-01-12,31.98154191640019,32.404019369579835,31.83790112947775,32.38712310791016,77668400
2004-01-13,32.33640227594404,32.41244829382142,31.77028120435801,32.066017150878906,92973900
2004-01-14,32.17587661743164,32.31951736969423,31.8970400184564,32.17587661743164,68122400
2004-01-15,32.049133477318314,32.49695845711889,31.79564770051132,32.260372161865234,104427700
2004-01-16,32.42935694956066,32.64059558978377,32.2519140421064,32.58989715576172,77324100
2004-01-20,32.72509252692051,32.95323066446402,32.370213128461344,32.564552307128906,81998100
2004-01-21,32.43782282682776,32.665961069894834,32.10829088348009,32.42937469482422,112180300
2004-01-22,32.57300730351955,32.691300461282395,32.15898125134963,32.23502731323242,90061900
2004-01-23,32.28574434541903,32.496983190740934,31.922413273605454,32.11675262451172,88751300
2004-01-26,32.09137347261949,32.65749469809657,31.973080351153,32.60679626464844,84538000
2004-01-27,32.539204048291154,32.64060093293357,31.84634145279989,31.888591766357425,97191600
2004-01-28,32.057598013023764,32.15899495423708,31.263341313008567,31.347835540771484,127959700
2004-01-29,31.466110229492188,31.525256792706315,30.97603502200832,31.466110229492188,143925900
2004-01-30,31.43232620637319,31.635113598527013,31.237986945872663,31.322481155395508,84264700
2004-02-02,31.432315267084025,31.6689015500076,31.111231580797483,31.23797607421875,94507900
2004-02-03,31.18728028168568,31.4661169016022,31.12813370593004,31.204179763793945,73488700
2004-02-04,30.94223707095769,31.145027596603544,30.69720268249512,30.69720268249512,109933000
2004-02-05,30.849292180297795,31.018283751260498,30.69720331200209,30.81549644470215,96784500
2004-02-06,30.92535016266438,31.49991979176283,30.866203573484896,31.373178482055664,107174100
2004-02-09,31.550616223109337,31.584415192825965,31.30557852753452,31.36472511291504,58817700
2004-02-10,31.314036362083392,31.60976935018847,31.288685517925938,31.415430068969727,65042700
2004-02-11,31.466146302414504,31.8294742258594,31.32250218190172,31.75343132019043,92503000
2004-02-12,31.70271136771068,31.85480352260048,31.46612500376986,31.474573135375977,70556400
2004-02-13,31.5928461108294,32.08292123497029,31.060523909183868,31.212615966796875,90570400
2004-02-17,31.499916298443942,31.78720108113349,31.449221069482093,31.635108947753903,69678600
2004-02-18,31.69425126833941,31.82944389946956,31.533711026136924,31.7280502319336,70972100
2004-02-19,31.998458264085205,32.02380911644363,31.11125578951331,31.246448516845703,100843800
2004-02-20,31.263349008158027,31.38164224544204,30.883118443138745,31.145055770874023,132347600
2004-02-23,31.26333142476376,31.288679040425823,30.511322076482227,30.7986068725586,125199800
2004-02-24,30.67185481106016,30.96759088852033,30.50286322726097,30.722553253173828,124521900
2004-02-25,30.781697061293706,30.98448436505505,30.697202888600827,30.9084415435791,74457100
2004-02-26,30.81549727395659,31.12812959354065,30.68030465819757,30.984485626220703,71327600
2004-02-27,31.06052646411108,31.21261853423464,30.64650055796581,30.899986267089844,99383900
2004-03-01,30.992959041110424,31.322491075158048,30.815519210969164,31.30559158325196,79700700
2004-03-02,31.246425890746004,31.41541748335386,30.93379353953172,30.94224166870117,91536000
2004-03-03,30.84930428483812,30.950701201149176,30.595818440555245,30.77325820922852,83938300
2004-03-04,30.79015016668622,31.11968522925045,30.74790307351028,31.060535430908203,65905600
2004-03-05,30.77325966691047,31.390079655654706,30.72256442960097,30.950702667236328,118107100
2004-03-08,31.001388262308765,31.11123328106059,30.19023248517192,30.22403144836425,112599500
2004-03-09,30.25783085167889,30.40147161246587,30.012793199840004,30.131086349487305,126140400
2004-03-10,30.20714087453158,30.418379621905924,29.683269683552496,29.733964920043945,134226100
2004-03-11,29.63256314493785,30.021241560559893,29.404424973182326,29.46357154846192,152132000
2004-03-12,29.725524746530883,30.07195625604197,29.70017712149906,30.004358291625977,118369600
2004-03-15,29.877606219681542,29.911405189758568,29.412881662487685,29.48047637939453,115813600
2004-03-16,29.666352945386706,29.784646059406896,29.26077517306936,29.53116035461425,123265100
2004-03-17,29.750859612046863,30.09729097298085,29.72551199788609,29.99589729309082,91684700
2004-03-18,29.886057762871246,29.962103842603643,29.548077693253138,29.86071014404297,111249700
2004-03-19,29.810007680341496,29.96209981938382,29.33683500176282,29.3621826171875,99976700
2004-03-22,29.17628625872636,29.19318574038427,28.7538088870182,28.990398406982425,133870400
2004-03-23,29.2269770384084,29.27767547008557,28.736901868599467,28.753801345825195,125945800
2004-03-24,28.855206647363765,29.260784549648,28.73691027219005,29.083341598510746,118876800
2004-03-25,29.277692348259627,29.962103842603643,29.252341506183782,29.86071014404297,142122000
2004-03-26,29.826904478135788,30.0634940193595,29.742410285500288,29.75930976867676,78430800
2004-03-29,30.0043467183466,30.3845770634032,29.98745045700818,30.240936279296875,103864000
2004-03-30,30.13953843976035,30.367676639739454,30.012797144158853,30.342329025268555,95716500
2004-03-31,30.35077494489748,30.418372876225312,30.088841019119023,30.283180236816406,85993900
2004-04-01,30.25782174975392,30.62960056870216,30.23247092299349,30.55355453491211,93048600
2004-04-02,31.170395728520457,31.39853401137814,30.857763217899866,31.347835540771484,145964000
2004-04-05,31.271770665481487,31.68579986866033,31.237974928622062,31.643552780151367,67351600
2004-04-06,31.39854073800076,31.474586848578284,31.19575003537773,31.246448516845703,98611400
2004-04-07,31.254866267546912,31.35625989820712,30.9760297541746,31.212615966796875,91004900
2004-04-08,31.55904715952753,31.5928461108294,31.04362765677833,31.212615966796875,77176300
2004-04-12,31.280220182944905,31.466111229379703,31.24642122482112,31.40696144104004,55285700
2004-04-13,31.55061994588068,31.56751943273302,30.80705864061516,30.950702667236328,100624400
2004-04-14,30.764798152249085,31.22107442903708,30.72255106511971,31.102781295776367,113663200
2004-04-15,31.05207636654269,31.145021872746856,30.43525999829606,30.54510498046875,123565500
2004-04-16,30.58738186080142,30.688775592157505,30.24095032402357,30.49443626403809,110736600
2004-04-19,30.426826347087395,30.916901765500864,30.40147873001337,30.86620330810547,85838700
2004-04-20,30.93379558351268,31.08588770458473,30.11418840031848,30.147987365722656,119545100
2004-04-21,30.333875592750683,30.511315309526,30.122636913757287,30.409921646118164,117850500
2004-04-22,30.418397504700177,31.271801127574538,30.401498008185417,31.19575500488281,137623300
2004-04-23,31.33093878990282,31.483027752877376,31.17884660368013,31.44078063964844,91855600
2004-04-26,31.41540645136269,31.508351955820128,30.967581627971832,31.212615966796875,74392200
2004-04-27,31.221078456509098,31.42386579018782,31.00138841790284,31.15348052978516,87548500
2004-04-28,31.018291657840223,31.02674301132798,30.435273973815782,30.587366104125977,111740700
2004-04-29,30.49441366577508,30.70565232978758,29.826898713916464,30.11418342590332,156917100
2004-04-30,30.13108127684039,30.249374406572727,29.336825103461795,29.37907218933105,150829200
2004-05-03,29.573422818237603,30.01279977261252,29.480477259375004,29.65791702270508,117007200
2004-05-04,29.750855654093737,30.20713198776786,29.598763542869023,29.78465461730957,126176000
2004-05-05,29.92830420647424,30.16489379554445,29.74241630043388,30.021249771118164,97528500
2004-05-06,29.767754654025847,29.945194373167983,29.44667095516401,29.793102264404297,102733300
2004-05-07,29.64947223844324,30.114196861967898,29.497380074635508,29.548078536987305,137686000
2004-05-10,29.294578552246094,29.48892097401774,29.083339872556127,29.294578552246094,156951400
2004-05-11,29.54807701416281,29.89450843092684,29.50582668608996,29.733964920043945,120493600
2004-05-12,29.67480911830954,29.81845309802924,28.95659888945051,29.793102264404297,197765400
2004-05-13,29.624119448242084,29.953651337892502,29.50582305673557,29.58186912536621,137841700
2004-05-14,29.74241296479331,29.8353585190133,29.26923706296751,29.3621826171875,133689900
2004-05-17,29.049545857422043,29.286132161276186,28.82140768302841,29.083341598510746,150652400
2004-05-18,29.286142633233872,29.48893326851193,29.23544416860241,29.34528923034668,96686400
2004-05-19,29.708613204916624,30.00434612115951,29.26078815367824,29.31148338317871,141646900
2004-05-20,29.38751824947609,29.590308759924483,29.201630440081374,29.446664810180664,94938500
2004-05-21,29.581861606037887,29.71705422443401,29.35372668138201,29.590312957763672,111329200
2004-05-24,29.826901227073225,29.96209385450245,29.573415453549245,29.793102264404297,99861800
2004-05-25,29.70015608369197,30.48596413554272,29.531164515603816,30.384567260742188,146321400
2004-05-26,30.3000698801785,30.578903198242188,30.25782279844105,30.578903198242188,93789700
2004-05-27,30.663416384762616,30.84085615343589,30.4690771300375,30.77325820922852,110183400
2004-05-28,30.73946731976132,30.88310813903809,30.59582327723665,30.88310813903809,56379500
2004-06-01,30.64651160889739,30.88309792629188,30.511318967065275,30.840850830078125,90592700
2004-06-02,30.891554611591417,30.97604881860325,30.56201946845156,30.77325820922852,103519800
2004-06-03,30.671866980476626,30.72256544270549,30.26628895238864,30.40148162841797,97301400
2004-06-04,30.70564766670024,30.94223390302648,30.562003720898065,30.578903198242188,91233200
2004-06-07,30.79016836148577,31.34783870139294,30.70567412520379,31.30559158325196,107532600
2004-06-08,31.178847085245653,31.423881635057377,31.13659674811602,31.347835540771484,72530900
2004-06-09,31.246421457596693,31.305568023130924,30.840843626827937,30.9084415435791,98215200
2004-06-10,31.00139306850358,31.128137588500977,30.883099902237767,31.128137588500977,57101300
2004-06-14,30.93381767019933,30.93381767019933,30.502888611730413,30.688779830932617,85129900
2004-06-15,30.891535423482694,31.25486608979799,30.891535423482694,31.08587455749512,91937700
2004-06-16,31.068997186826778,31.17884224446272,30.967603484603888,31.03519821166992,64743300
2004-06-17,30.967599633852352,30.976047764967223,30.62961637080661,30.74790954589844,77844200
2004-06-18,30.671850840303428,31.12812709051812,30.63805188326991,30.790143966674805,78641500
2004-06-21,30.85773722777283,30.950682733977,30.469058950233112,30.54510498046875,65373100
2004-06-22,30.553580962818103,31.009857560223608,30.435287746434845,30.992958068847656,101524300
2004-06-23,30.90000056067645,31.42387169829556,30.849302106101504,31.36472511291504,94393900
2004-06-24,31.28024395701706,31.559077515346395,31.19574649748657,31.30559158325196,92343200
2004-06-25,31.263321549635616,31.59285334214212,31.246422070116544,31.54215812683105,81005400
2004-06-28,31.67735552435026,31.70270313583435,31.1788320846012,31.28022575378418,94033200
2004-06-29,31.347833336577207,31.76186275929901,31.33093707081121,31.575971603393555,68265900
2004-06-30,31.643554130007825,32.02378438930093,31.559056726139147,31.888591766357425,97809500
2004-07-01,31.820986211282257,31.820986211282257,31.068977225068767,31.29711532592773,122141800
2004-07-02,31.297123828751783,31.305571957784444,30.95069251997589,31.11123275756836,74056400
2004-07-06,30.925349645921308,30.925349645921308,30.2747371758183,30.4437255859375,130232600
2004-07-07,30.384577389570964,30.66341405335472,30.350778420037088,30.502870559692383,95623100
2004-07-08,30.25784540927522,30.528230802341085,30.038155262879123,30.164899826049805,108755400
2004-07-09,30.28319560532854,30.45218729616348,30.105755780413634,30.207149505615234,86014700
2004-07-12,30.05503950500326,30.15643317015079,29.776206120035923,30.08038711547852,81844500
2004-07-13,30.147995844185235,30.25784090101695,29.919857598418275,30.03815078735352,81222000
2004-07-14,29.74241627495752,30.12264666488084,29.61567173723391,29.733964920043945,119489200
2004-07-15,29.84380900727527,29.98745302693902,29.624122135330417,29.63257026672364,90405700
2004-07-16,29.9367459435216,29.95364542468637,29.25233146095739,29.294578552246094,120387100
2004-07-19,29.38753911494356,29.548082656482865,29.12560508106045,29.23544692993164,106387900
2004-07-20,29.353730859185383,30.07194114227625,29.328380023646208,29.936748504638672,117453700
2004-07-21,30.05504778625408,30.12264573047577,29.01575356820092,29.066452026367188,136086800
2004-07-22,29.134039708119467,29.666362108882364,28.939700500308447,29.46357154846192,132135800
2004-07-23,29.252334200757588,29.28613316625277,28.75381074106725,28.905902862548828,107107100
2004-07-26,28.93125357407563,29.074894341943303,28.474977211589945,28.77916145324707,112962200
2004-07-27,28.889009505648584,29.32838648051459,28.76226819303657,29.176294326782227,103474700
2004-07-28,29.074887172178588,29.260778212517145,28.56791570993192,29.04953956604004,154299800
2004-07-29,29.32838279007636,29.50582253935411,29.150943040798616,29.387529373168945,98959800
2004-07-30,29.37063133826781,29.657916137428103,29.2776890054268,29.48047637939453,83007800
2004-08-02,29.243888439234404,29.59031980549785,29.117143919986816,29.53962135314941,81249000
2004-08-03,29.43823073122747,29.51427680603012,28.88900872173641,28.922807693481445,85746500
2004-08-04,28.85520737318348,29.117141295254456,28.736910995034155,28.93125343322754,86721000
2004-08-05,29.02420394233141,29.066454272358392,28.39048767089844,28.39048767089844,109722900
2004-08-06,28.22148676640144,28.22993489472314,27.596218903470827,27.64691734313965,148808600
2004-08-09,27.72296894664533,27.84971023634676,27.58777630368236,27.71451759338379,79281900
2004-08-10,27.84971818855636,28.289095209457457,27.81591921235294,28.06095695495605,105819800
2004-08-11,27.75675614831884,27.917299578415285,27.503270423674703,27.815902709960938,121217700
2004-08-12,27.62157975491375,27.765223791222777,27.35119439353556,27.435691833496094,113691800
2004-08-13,27.58778849863833,27.663834595373483,27.334299360688963,27.47794342041016,91416100
2004-08-16,27.553977264623104,28.0440493853567,27.537077781391343,27.790563583374023,77851300
2004-08-17,27.98490013499463,28.255285394405472,27.87505833934097,28.10319328308105,89573100
2004-08-18,27.93421078097959,28.65242117279138,27.89196045643413,28.60172271728516,106608500
2004-08-19,28.50031963936385,28.60171329372236,28.229934412243736,28.449621200561523,104690200
2004-08-20,28.365142229670617,28.846766375084314,28.31444376369364,28.736921310424805,91962400
2004-08-23,28.770713055104483,28.95660416037456,28.65241988747701,28.80451202392578,83390800
2004-08-24,28.93968982695961,28.99038825417811,28.56791103042688,28.796049118041992,86610500
2004-08-25,28.787619200408987,29.235444359544456,28.643978384553392,29.19319725036621,88394600
2004-08-26,29.11714726128607,29.193193336911783,28.99040595074148,29.066452026367188,57663400
2004-08-27,29.12559691891746,29.303036677289697,29.10024607968771,29.201642990112305,58597200
2004-08-30,29.0748939245318,29.09179340696421,28.677764145486726,28.71156311035156,62355700
2004-08-31,28.745361328125004,28.82985551484439,28.432728969367325,28.745361328125,81262000
2004-09-01,28.669324882247945,29.12560137929245,28.5594798240896,28.95660972595215,96630600
2004-09-02,28.88055774001909,29.472026794191944,28.86365825581449,29.387529373168945,83054000
2004-09-03,29.1002533181569,29.29459260994033,28.77072133542637,28.84676742553711,90213700
2004-09-07,29.066439731519207,29.24387942517465,28.829850250065927,29.09178733825684,95556500
2004-09-08,28.990407837134924,29.30304029138465,28.88056278225079,28.9819564819336,101466100
2004-09-09,29.10870417584172,29.36219006411978,28.846766931447213,29.22699737548828,104397500
2004-09-10,29.243890537081647,29.73396271861775,29.125597363029733,29.6748161315918,108591600
2004-09-13,29.78465898345077,30.181788801335827,29.69171343260559,30.063495635986328,109350500
2004-09-14,29.953643680428712,30.18178182799853,29.87759763123877,30.1057357788086,76466300
2004-09-15,29.928295376107048,29.9536462101422,29.67480959848138,29.78465461730957,90128700
2004-09-16,29.793108765392965,30.05504594836328,29.68326694762071,29.843807220458984,67121000
2004-09-17,29.76775690178001,30.01279456476273,29.7086103242665,29.936748504638672,83903400
2004-09-20,29.818455349611632,30.224033262524365,29.725509806877035,29.936748504638672,110678100
2004-09-21,30.029704182741312,30.29163819349355,29.92830725285546,30.055051803588867,93688400
2004-09-22,29.945186253684923,29.96208573043718,29.463562447605227,29.53116035461425,101393400
2004-09-23,29.55652923151765,29.70017327567725,29.47203501018701,29.505830764770508,92503200
2004-09-24,29.564970050564217,29.73395843299757,29.362179479098693,29.40442657470703,103247400
2004-09-27,29.252341268537734,29.353738189522225,29.049553873063825,29.15094757080078,86017600
2004-09-28,29.19318924617104,29.311482408735607,28.922803953667188,29.2100887298584,87070300
2004-09-29,29.184749029671355,29.674821296504707,29.176297673912543,29.64102554321289,95096200
2004-09-30,29.59032915638161,29.80156793971679,29.48048408653787,29.691722869873047,74514600
2004-10-01,29.953651809379053,30.5451208832333,29.87760573955141,30.502870559692383,118252700
2004-10-04,30.72255639010615,30.9422432152038,30.629610848364056,30.680309295654297,108032600
2004-10-05,30.6127082402174,30.83239826613025,30.55356166937464,30.722553253173828,89754400
2004-10-06,30.68031128067184,31.0013917978772,30.511319668683967,30.96759605407715,87815500
2004-10-07,30.87465012512811,30.9844919318042,30.56201451867408,30.62116432189941,82374300
2004-10-08,30.4859730683757,30.621165717810417,29.99589769964546,30.063495635986328,115073000
2004-10-11,30.181801880126937,30.300095096736875,30.080404931676927,30.207149505615234,51181600
2004-10-12,29.93673872043078,30.28316994260607,29.74239956879544,30.15642547607422,97884100
2004-10-13,30.460615568745823,30.536661618874163,29.93674456966519,30.088836669921875,132442500
2004-10-14,30.156421513998072,30.232467539276804,29.852240636128403,29.95363426208496,99383700
2004-10-15,29.98744264079008,30.300074966017046,29.80999971051604,30.1057357788086,129183400
2004-10-18,30.00433880538004,30.62960667715585,29.91139649954173,30.53666114807129,108933400
2004-10-19,30.739455845226423,30.89999609329952,30.2409323953454,30.316978454589844,129973500
2004-10-20,30.27474059276076,30.612720674392413,30.12264842788983,30.460628509521484,106524200
2004-10-21,30.621165334526285,31.08588985968825,30.50286894741048,30.92534637451172,122627600
2004-10-22,30.93379658604845,30.992943165799275,30.198686792540467,30.24938201904297,114321100
2004-10-25,30.19022995646574,30.257827877188472,29.98744264079008,30.1057357788086,102863000
2004-10-26,30.122649848436204,30.283190153038543,29.91985921129572,30.26629066467285,98164500
2004-10-27,30.283188742292108,31.170390889049667,30.173343684656164,31.03519821166992,152423400
2004-10-28,30.992926972940733,31.3647057404524,30.89998147525153,31.22951316833496,111113900
2004-10-29,31.187283045340585,31.466119689966163,30.984492465317707,31.178834915161133,100779200
2004-11-01,31.246416895766096,31.415408439725955,31.094324828526783,31.29711532592773,72356000
2004-11-02,31.339388169258548,31.7280667836151,31.280241563736823,31.39853477478028,108930700
2004-11-03,31.90549896329182,32.02379536926814,31.390079127580098,31.609766006469727,140980100
2004-11-04,31.483018551539608,31.92239549185261,31.35627724889465,31.787202835083008,112513700
2004-11-05,32.12516894797525,32.24346205662646,31.77873774839149,32.07447052001953,117017900
2004-11-08,32.06602927977465,32.192770542013214,31.98153188170277,32.1082763671875,66486000
2004-11-09,32.04913891486897,32.235030020247976,31.94774523159273,32.04068756103516,85038700
2004-11-10,32.0491384265144,32.15898346195068,31.81255209472584,31.93084526062012,95122300
2004-11-11,32.03223733890821,32.42936713874299,31.98999024223889,32.35332107543945,99338800
2004-11-12,32.395569293900934,32.750448786108265,32.25192529235489,32.66595458984375,102418100
2004-11-15,32.64905353764422,32.834944628393245,32.53076037925732,32.80959701538086,82696000
2004-11-16,32.66594282538168,32.682842303197724,32.378658149000586,32.60679626464844,97197500
2004-11-17,32.80960957653584,33.22363578939987,32.80960957653584,33.04619598388672,125242500
2004-11-18,32.93633557375583,33.2574192793692,32.86028951777493,33.198272705078125,94901100
2004-11-19,33.15602957282449,33.198276670471984,32.60680763366619,32.68285369873047,118448900
2004-11-22,32.623715772057054,33.01239433072092,32.51387071043542,32.9954948425293,79882600
2004-11-23,32.96171286301194,33.080009341353424,32.62373259464178,32.94481658935547,91925300
2004-11-24,33.02928416178923,33.282769964053585,33.01238467853869,33.23207473754883,74051700
2004-11-26,33.265872736151714,33.35881828870774,33.09688111543595,33.13068008422852,31248900
2004-11-29,33.34192505099607,33.49401721581035,32.92789888708314,33.12223815917969,94765400
2004-11-30,33.206733895416605,33.2827799813085,33.0039464818701,33.05464172363281,87663100
2004-12-01,33.18138719749246,33.76440505671539,33.18138719749246,33.73060607910156,102375000
2004-12-02,33.64609925556882,34.127723224797336,33.59540080813808,33.85733795166016,122005600
2004-12-03,34.093942310978164,34.296732984822505,33.865807234869855,33.90805435180664,114227700
2004-12-06,33.89958453548344,34.16152167505906,33.72214480701931,34.026329040527344,70415100
2004-12-07,34.09392986785159,34.22067439565291,33.401067088564815,33.44331741333008,121439800
2004-12-08,33.46021038470935,33.781294126514524,33.37571618998284,33.63765335083008,10121300
2004-12-09,33.367247414390974,33.95871285801115,33.156008835028075,33.84041976928711,134346000
2004-12-10,33.66301335569757,33.857352653700886,33.57851912986939,33.73905944824219,86177300
2004-12-13,33.99252768930739,34.08547322338055,33.781289011230726,34.03477478027344,74296400
2004-12-14,34.03477808034157,34.296715226923205,34.00943046795348,34.20376968383789,91985000
2004-12-15,34.21222665693822,34.37276693384643,33.924941850775404,34.07703399658203,95179300
2004-12-16,34.08548669475043,34.178432265557824,33.64610968390947,33.75595474243164,86101300
2004-12-17,33.814820208871,33.959840052476906,33.63568092040459,33.669803619384766,97947000
2004-12-20,33.755110504560975,33.92572076248577,33.34564783801349,33.439483642578125,106397600
2004-12-21,33.601538190538776,33.874513111412284,33.50770245134143,33.84892272949219,83184700
2004-12-22,33.72950081176133,34.062188834653305,33.686849085206646,33.891578674316406,75298000
2004-12-23,33.789216289482134,34.04512992117921,33.72950321722343,33.917171478271484,45782000
2004-12-27,34.10484381636432,34.13896650251219,33.61007788369406,33.77215576171875,67157700
2004-12-28,33.84038145003318,34.12188859290071,33.78920069977863,34.09629821777344,62563100
2004-12-29,34.05364367289799,34.25837643878683,34.036585592014426,34.13895034790039,46594800
2004-12-30,34.181607269628955,34.22425898657432,34.06218116053495,34.113365173339844,41717600
2004-12-31,34.147485634953334,34.2242600294414,33.93422378961065,34.05364990234375,44112300
2005-01-03,34.19867939312274,34.369289568830226,33.58448406222315,33.69538116455078,100970900
2005-01-04,33.840384512351925,33.90010081658094,32.884972456445304,33.081172943115234,136623200
2005-01-05,32.995864221932926,33.234716384060505,32.816725100337244,32.87643814086914,127925500
2005-01-06,32.953241613487506,33.0214837540191,32.7058569390565,32.714385986328125,102934600
2005-01-07,32.893530623469914,33.15797340935289,32.59496188395982,32.8849983215332,123104000
2005-01-10,32.79115312644262,33.15796390571354,32.74850139134296,32.86792755126953,88764200
2005-01-11,32.73142805097518,32.84232512488747,32.475514480046336,32.63759231567383,106398800
2005-01-12,32.78262503296052,32.92764158733388,32.42434328865879,32.91058349609375,127754900
2005-01-13,32.91057717544963,33.140897158265105,32.42433706139956,32.475521087646484,101982400
2005-01-14,32.58640375165704,32.8593785958373,32.57787145733569,32.7826042175293,93460900
2005-01-18,32.65465958462354,33.089715662917975,32.603478813613506,33.03000259399414,91760400
2005-01-19,33.03852580008607,33.055587138780844,32.46698559734038,32.48404693603516,104981000
2005-01-20,32.11724502087832,32.25373251342479,31.83573773705957,31.861328125,120963900
2005-01-21,31.97221452368552,32.03192757829723,31.554223141403543,31.605403900146484,138569200
2005-01-24,31.665117537655185,31.73336288939193,31.102106402296894,31.16181945800781,137499000
2005-01-25,31.366558398210024,31.63953335034914,31.27272264826506,31.31537437438965,119171300
2005-01-26,31.52863658045291,31.810143833156776,31.409210444439687,31.690717697143555,107465800
2005-01-27,31.63952508157614,31.79307385879024,31.45185363073285,31.648054122924805,103654700
2005-01-28,31.75043326038485,31.79308499029608,31.238602739094887,31.494516372680664,111648600
2005-01-31,31.86984613966269,32.01486261182009,31.78453946123153,31.90396881103516,89139900
2005-02-01,31.98075726851747,32.1172447599551,31.878389209350384,32.00634765625,76610300
2005-02-02,32.10872168372014,32.18549612308774,31.8272175754519,32.05754089355469,100160500
2005-02-03,31.88691824261073,31.91250862772266,31.562759263347587,31.690717697143555,90157900
2005-02-04,31.69071793522292,32.262258234470835,31.69071793522292,32.202545166015625,99302000
2005-02-07,32.24520115446894,32.33903691847665,32.00634884908102,32.13430404663086,71551400
2005-02-08,32.12577013794056,32.424335474472734,32.091647455445994,32.19401550292969,72821700
2005-02-09,32.21962589793858,32.24521629864352,31.613962551040583,31.656614303588867,93276600
2005-02-10,31.78455019392669,31.83573421826871,31.460394468781704,31.690717697143555,110373000
2005-02-11,31.588345742786345,32.28784438504848,31.50304230021496,32.159889221191406,108684100
2005-02-14,32.159899830799816,32.36462946215891,32.15136753125721,32.30491638183594,54908900
2005-02-15,32.3305049607847,32.82527087081468,32.262259591611844,32.51817321777344,131406500
2005-02-16,32.441409677539305,32.5523068125542,32.27080270566334,32.39875793457031,80273900
2005-02-17,32.45845564549339,32.53523004810668,31.929567124222828,31.96368980407715,115628300
2005-02-18,31.972225229606035,32.048999647545834,31.784553707060205,31.861328125,69158800
2005-02-22,31.588351619539505,32.031936762495114,31.383622017632824,31.46892547607422,121232000
2005-02-23,31.59687858230987,31.622468964697347,31.30684231681985,31.51157188415528,95010100
2005-02-24,31.434815252302883,31.938113666506503,31.358040807623706,31.91252326965332,99334600
2005-02-25,31.88692988203588,32.15990493659885,31.81015544455758,32.09165954589844,79988700
2005-02-28,31.9551875268925,32.07461376445802,31.49454067846472,31.750457763671875,95731300
2005-03-01,31.87837980819375,32.15988700670707,31.84426038598525,32.10017395019531,78460600
2005-03-02,31.91250069139998,32.432860086722066,31.869848975447766,32.08311080932617,107270600
2005-03-03,32.168427321835715,32.1854886659777,31.579825592471213,31.81867790222168,89793800
2005-03-04,32.074589774909576,32.20254822180919,31.9039828512014,32.00634765625,86622300
2005-03-07,32.07458707238668,32.663191973588376,32.04046764299095,32.46699142456055,93563900
2005-03-08,32.424330028324384,32.59494015802259,32.11723569980868,32.142826080322266,89595200
2005-03-09,32.13430707414426,32.35610131071662,31.96370012800418,32.04900360107422,98063000
2005-03-10,32.083122073566074,32.13430284903113,31.631007868326137,32.00634765625,97043600
2005-03-11,32.15136795801905,32.2622650747132,31.579827537593182,31.707782745361328,102857500
2005-03-14,31.76748168533871,31.86984644632404,31.58833928596804,31.85278511047364,65576200
2005-03-15,31.92103181003256,31.972215824976136,31.554224425681635,31.59687614440918,93856300
2005-03-16,31.48598818792352,31.71631144067414,31.1618291743354,31.238603591918945,159578000
2005-03-17,31.23007092214047,31.468923191732664,31.17035785474242,31.31537437438965,100429600
2005-03-18,31.34950062570024,31.38362331213161,31.00828026962345,31.14476776123047,108899400
2005-03-21,31.22153921235448,31.34949764725586,30.92297386974217,31.20448112487793,92752500
2005-03-22,31.230078293285548,31.349504456269457,30.80355442313222,30.820615768432617,114016300
2005-03-23,30.786486771727613,31.12770709960447,30.76942542992195,30.93150329589844,97444900
2005-03-24,31.04240731527807,31.264201554109647,30.940042495727543,30.94004249572754,77566800
2005-03-28,31.05946512045216,31.23007530300131,30.974161656236863,30.99975204467773,59739000
2005-03-29,30.940023191379208,31.204469002185103,30.65851604560678,30.75235176086425,119554300
2005-03-30,30.905906195742308,31.37508160405295,30.89737715375157,31.33242988586425,114711000
2005-03-31,31.33245619320161,31.34951754562564,31.085071464233668,31.195968627929688,86578900
2005-04-01,31.40919842459068,31.46038242934531,30.820597013438466,30.88031005859375,143814300
2005-04-04,30.92298778899262,31.221553265997105,30.73531620109286,31.102127075195312,100090300
2005-04-05,31.127706822628035,31.281252389276325,31.067990499780464,31.187419891357425,66266600
2005-04-06,31.272737081297787,31.485999064463787,31.068004145645794,31.136249542236328,82168900
2005-04-07,31.16182255701594,31.52010418102964,31.14476121738502,31.51157188415528,88618000
2005-04-08,31.5627721251404,31.622485217480023,31.221551665382982,31.255674362182617,92332900
2005-04-11,31.349492427229787,31.37508280830172,31.0509271343318,31.11916923522949,70976000
2005-04-12,31.085058330406813,31.34097525451878,30.632944071615043,31.272729873657227,144848500
2005-04-13,31.187416602048643,31.22153602763961,30.692647508624365,30.760892868041992,108995500
2005-04-14,30.76089220323088,30.79501162808445,30.28318445998533,30.325836181640625,158057900
2005-04-15,30.0613903944238,30.17228420824528,29.58368270140172,29.63486671447754,170013300
2005-04-18,29.60927179631134,29.85665630093581,29.54955874403885,29.643394470214844,110084000
2005-04-19,29.873731106459143,29.941973230915824,29.643407834945176,29.84814071655273,96922100
2005-04-20,30.035814390666683,30.10405978149181,29.506925628249345,29.60076141357422,140457400
2005-04-21,29.95902581625326,30.462323946679067,29.822538353126827,30.38554954528809,124505100
2005-04-22,30.24906401592226,30.257596313354384,29.703114128515075,29.93343734741211,114996800
2005-04-25,30.11257700839929,30.24906448235569,29.98462183200657,30.180822372436523,72170100
2005-04-26,30.1040457962672,30.45379512646702,29.890783930191265,29.89931297302246,104958800
2005-04-27,29.74576078448121,30.06991969518503,29.6263346737265,29.94196128845215,112539300
2005-04-28,29.788410953128803,29.98461470101532,29.617804091845866,29.643394470214844,98181900
2005-04-29,29.85667239961801,29.90785643807164,29.30219003912034,29.8396110534668,144435900
2005-05-02,29.941959277930764,30.07844671735959,29.762820123827414,29.959020614624023,67648800
2005-05-03,29.89930987234873,30.223468786320616,29.882248534337847,30.1125717163086,103428700
2005-05-04,30.10406073568847,30.564707376000964,30.061408992130524,30.479400634765625,90480600
2005-05-05,30.49645104327601,30.64146757017636,30.308779533999544,30.50498008728028,79341700
2005-05-06,30.684114355057588,30.726766071920707,30.47085251662459,30.59027862548828,77310200
2005-05-09,30.59881449454947,30.760895610557903,30.419675291283635,30.735301971435547,66298400
2005-05-10,30.590276507657,30.675579935477494,30.38554372512376,30.51350212097168,77194700
2005-05-11,30.55616945793574,30.73530870042113,30.112584247410823,30.66706657409668,131952400
2005-05-12,30.735288174995908,30.88030788453245,30.419661636522267,30.58173942565918,116602200
2005-05-13,30.70118587525846,31.110648350361743,30.61587915912122,30.914447784423828,133273500
2005-05-16,30.914439678418763,31.17035325149099,30.8206039423315,31.11916923522949,79093200
2005-05-17,31.008270458627884,31.3409616648928,30.888844348022896,31.30683898925781,91665900
2005-05-18,31.39215704957829,31.86986496867594,31.31538262068973,31.73337745666504,128105900
2005-05-19,31.81014402231776,32.00634456895164,31.73336961240726,31.997812271118164,92619700
2005-05-20,31.946631364525533,32.15136095400277,31.86132465714489,32.125770568847656,66530100
2005-05-23,32.1257867406243,32.407294135511,32.07460269043041,32.287864685058594,93068200
2005-05-24,32.2110819542322,32.415814848243976,32.15990117131847,32.39022445678711,100830000
2005-05-25,32.27932116048608,32.31344384531202,32.066059261501394,32.25373077392578,76470600
2005-05-26,32.3987416763287,32.64612621717422,32.3987416763287,32.577880859375,84066800
2005-05-27,32.535223320510866,32.629059043648084,32.43285855623263,32.59493637084961,50076900
2005-05-31,32.57787941767999,32.62053439147574,32.347556226476954,32.48404693603516,75281500
2005-06-01,32.441395572137246,32.99587775200547,32.4328665288996,32.74849319458008,110875700
2005-06-02,32.697331907361594,32.97883605957031,32.671738254164495,32.97883605957031,75926500
2005-06-03,32.953223619596145,32.96175266221054,32.43286415893859,32.50110626220703,96998400
2005-06-06,32.518168782914486,32.577881845737856,32.38168131730137,32.509639739990234,52681400
2005-06-07,32.54376912215819,32.816744109602325,32.19401971611298,32.236671447753906,108953400
2005-06-08,32.313442476281644,32.37315554513801,32.0404675174759,32.16842269897461,79211900
2005-06-09,32.12579184067663,32.467012387899274,31.98930427261164,32.37317657470703,99383300
2005-06-10,32.33050525719895,32.33050525719895,31.886920115863408,32.03193664550781,85971700
2005-06-13,31.97221635913101,32.37314968092687,31.955155020531446,32.18547821044922,82331300
2005-06-14,32.15137342689783,32.27933191055029,31.989295501174865,32.05754089355469,62593600
2005-06-15,32.2707862998284,32.30490572438631,31.776017221384684,32.159889221191406,103952000
2005-06-16,32.19402928091323,32.41582030381093,32.12578388671732,32.33051681518555,90450100
2005-06-17,32.539684609399664,32.62506689114221,32.23230318372608,32.33476257324219,83915700
2005-06-20,32.20668915062837,32.514070576301954,32.0871526533387,32.33476257324219,67580000
2005-06-21,32.30916250335945,32.4543130964773,32.18962595440906,32.31769943237305,97845600
2005-06-22,32.44579331525026,32.531175679017984,32.12987466075562,32.283565521240234,75221100
2005-06-23,32.33477729635983,32.59946770168464,31.873708205034365,31.924936294555664,122163300
2005-06-24,31.91640271878144,31.942016766233337,31.55778976881933,31.566329956054688,142144100
2005-06-27,31.54923642916049,31.643158897135496,31.335777459081093,31.42115974426269,72780800
2005-06-28,31.549240997879764,31.81392807454792,31.50654984910676,31.720008850097656,73330300
2005-06-29,31.805389800938045,31.813926727480823,31.56631677223136,31.65169906616211,71513600
2005-06-30,31.71148588223261,31.7712541743882,31.37849018104359,31.40410423278809,87803700
2005-07-01,31.472382986036767,31.591919457438497,31.31869230648467,31.36138343811035,55254800
2005-07-05,31.250407068142955,31.754170612058807,31.250407068142955,31.68586540222168,79288700
2005-07-06,31.61756312943817,31.831022244829203,31.47241249439353,31.53218078613281,79101000
2005-07-07,31.23333784852996,31.668792990172587,31.20772054104924,31.643178939819336,119466300
2005-07-08,31.66025515140293,32.28355533010608,31.58340974541885,32.2494010925293,101320700
2005-07-11,32.33476641598243,32.582379622438125,32.274998160234595,32.54822540283203,96283700
2005-07-12,32.54822880848103,32.8385331912572,32.45430632329962,32.70191955566406,86059300
2005-07-13,32.71898313600711,32.812905582346,32.59090648061324,32.778751373291016,72135400
2005-07-14,33.01783633959616,33.19714437383345,32.889762894713336,33.10322189331055,99135200
2005-07-15,33.15445658157691,33.29960715189539,33.000765826459606,33.205684661865234,67239200
2005-07-18,33.1203040634433,33.20568637307468,33.03491849668559,33.06907272338867,58644000
2005-07-19,33.22276811410324,33.47038140650174,33.16299983761075,33.453304290771484,77860900
2005-07-20,33.24837997467034,33.78629768488763,33.21422900258039,33.69237518310547,91433100
2005-07-21,33.77774638597548,33.88874269801783,33.47890189315908,33.70090103149414,127286000
2005-07-22,33.70944208269462,33.803364556015325,33.48744617431207,33.65821075439453,71666600
2005-07-25,33.692367589621966,33.83752140251459,33.47037166400046,33.5301399230957,51872700
2005-07-26,33.63259671880728,33.752133227715234,33.46182888159924,33.65821075439453,67324900
2005-07-27,33.68384292637556,33.948530096699805,33.49599789675679,33.91437911987305,78351100
2005-07-28,33.93999307218093,34.08514368038942,33.84607055763332,34.07660675048828,66163700
2005-07-29,34.04245181390334,34.08514297678181,33.74361041662709,33.79484176635742,74725700
2005-08-01,33.84606644242818,34.008297404967976,33.743607010437046,33.85460662841797,59748300
2005-08-02,33.89728220386207,34.272968786538144,33.854591064918786,34.22174072265625,79284100
2005-08-03,34.07660465595048,34.26444967349971,34.05099061069443,34.204681396484375,61916400
2005-08-04,34.05098929462145,34.102217383153594,33.78629889440755,33.871681213378906,72035500
2005-08-05,33.82046468516084,33.97415551754433,33.66677385277735,33.70946502685547,66029500
2005-08-08,33.74360526334996,33.82045064764627,33.41914661219595,33.46183776855469,63415400
2005-08-09,33.615514205084274,33.803359121526285,33.56428614214559,33.68382263183594,62143600
2005-08-10,33.769226241809484,33.888762807016874,33.27400286350354,33.39353942871094,102317500
2005-08-11,33.4106017272936,33.760674337470434,33.38498443387777,33.666751861572266,92446700
2005-08-12,33.402059363141746,33.572827193887576,33.273985932926465,33.478904724121094,86367300
2005-08-15,33.41913236386084,33.83751333490211,33.36790430092216,33.68382263183594,63061100
2005-08-16,33.55575267557362,33.58136996929468,33.07760662112341,33.13737487792969,94596000
2005-08-17,33.23131185127803,33.444770955945934,33.120315461982486,33.33377456665039,74470500
2005-08-18,33.18862369616047,33.38500569943624,33.10324134938936,33.16300964355469,72559400
2005-08-19,33.20567660630051,33.29959907354544,33.120294321782595,33.14590835571289,52024300
2005-08-22,33.19716388511424,33.45331418255534,32.95808745132516,33.16300964355469,88056300
2005-08-23,33.162995218258985,33.23130041453882,32.966613300405754,33.06907272338867,57482900
2005-08-24,33.00076117568314,33.45329319246116,32.83853025863011,32.872684478759766,95025700
2005-08-25,32.93244300606431,33.03490237905762,32.86413784311036,32.949520111083984,52328800
2005-08-26,32.898311217974175,32.95807949771592,32.6763152156658,32.83854293823242,63840700
2005-08-29,32.6677665663362,33.17152997732402,32.6677665663362,33.09468460083008,74940400
2005-08-30,32.923919169017566,33.009301470929735,32.71899708445191,32.97514724731445,87373600
2005-08-31,32.992227325699986,33.30814577973284,32.855613676080935,33.28253173828125,93426300
2005-09-01,33.29960116220854,33.42767785414419,33.11175621593641,33.231292724609375,74884400
2005-09-02,33.29960378116488,33.32521781871628,33.07760785575915,33.10322189331055,53244900
2005-09-06,33.256939516878106,33.649703610086604,33.21424833407343,33.589935302734375,78106600
2005-09-07,33.55577000986454,33.70946082308186,33.47892460325588,33.64969253540039,57440100
2005-09-08,33.547225110299486,33.786298204236964,33.53014799542873,33.64114761352539,73529700
2005-09-09,33.64969749092083,33.88877067685451,33.56431514083819,33.829002380371094,75342100
2005-09-12,33.837526473491835,34.03390839096733,33.79483531875826,33.922908782958984,51689900
2005-09-13,33.88020028815746,34.0765821051237,33.760663813232334,33.83750915527344,66145800
2005-09-14,33.85460836761547,33.880222412647456,33.4276902457395,33.453304290771484,98644000
2005-09-15,33.521589087167,33.589897508498886,33.34228436685802,33.43620681762695,80421500
2005-09-16,33.51307088055796,33.692375701011066,33.39353433358922,33.64114761352539,71034100
2005-09-19,33.572846823938384,33.62407818025476,33.222774031928246,33.37646484375,73387500
2005-09-20,33.43622338412407,33.760682031958986,33.1373820355435,33.23984146118164,115202800
2005-09-21,33.14591172554563,33.188602872144855,32.84707044222537,32.872684478759766,116404300
2005-09-22,32.82145398440399,33.06906720096124,32.65068939365836,32.99222183227539,118686100
2005-09-23,32.87269208354335,33.19715073558412,32.79584669903702,33.086151123046875,70154000
2005-09-26,33.273992650733355,33.325220730311905,32.91537980805292,33.09468460083008,69327600
2005-09-27,33.12031167215381,33.21423418860089,32.88123528743567,33.01784896850586,64089500
2005-09-28,33.09470675731833,33.256937803598355,32.92394203489684,33.02640151977539,72044500
2005-09-29,32.98368499570642,33.47890817304818,32.82999425791481,33.47037124633789,117634600
2005-09-30,33.444761906975515,33.70945229771373,33.410610934885554,33.69237518310547,79248500
2005-10-03,33.76066718692783,33.939971917233414,33.73504989893777,33.77774429321289,81685600
2005-10-04,33.82898288660656,34.05098208030021,33.54721868799662,33.555755615234375,85348600
2005-10-05,33.56429704447424,33.58991108426351,33.0690705610408,33.09468460083008,106152200
2005-10-06,33.069066333735144,33.18006592050949,32.37745803369976,32.65922546386719,162213700
2005-10-07,32.78730387311455,32.93245443044791,32.599458909858804,32.7360725402832,91119900
2005-10-10,32.676314511007284,32.83854223007549,32.497009675648705,32.55677795410156,64012000
2005-10-11,32.65068461286339,32.65068461286339,32.274994751130585,32.39453125,114736900
2005-10-12,32.20668916581237,32.49699348384926,31.95907598866688,32.01030731201172,146109500
2005-10-13,31.993243616847863,32.368930374167775,31.8737070693882,32.257930755615234,138569600
2005-10-14,32.34331089642881,32.50553857542209,32.13838880869291,32.49700164794922,131463200
2005-10-17,32.505553330130965,32.6080127919436,32.29209421803022,32.5994758605957,64080400
2005-10-18,32.565324268988306,32.599478511412286,32.36894226074219,32.36894226074219,88070400
2005-10-19,32.206707069285606,33.01784896850586,32.11278455283853,33.01784896850586,132879900
2005-10-20,33.0519969874237,33.171533528739644,32.53115640843868,32.71046447753906,132576900
2005-10-21,33.017837982987764,33.086146429359175,32.72753685728724,32.91537857055664,110032000
2005-10-24,33.069057195780104,33.453283922959926,32.847061340701096,33.43620681762695,110820900
2005-10-25,33.37645588717785,33.46183820099876,33.10322857439914,33.30814743041992,86665800
2005-10-26,33.28252542813758,33.53013863897828,33.094680474103164,33.13737487792969,89878100
2005-10-27,33.11175525322438,33.12883236212766,32.471378326416016,32.471378326416016,132231100
2005-10-28,32.58239191189003,32.778773863008084,32.377469774086435,32.7190055847168,95243900
2005-10-31,32.82999668559241,33.34229701136359,32.80437938931563,33.18860626220703,115279100
2005-11-01,33.111778281215365,33.30816028449114,33.052009987050035,33.16300964355469,73502300
2005-11-02,33.06906847495149,33.692368375137924,33.051991363793874,33.598445892333984,101409900
2005-11-03,33.93145018815842,34.23029153916436,33.88021884636036,34.10221481323242,137054000
2005-11-04,34.1534322946469,34.34981413948611,34.016818695753315,34.22174072265625,100944500
2005-11-07,34.33274381352554,34.40105225502646,34.11074789289909,34.26443862915039,65324500
2005-11-08,34.22175546507491,34.45228836610513,34.14491007902266,34.27298355102539,78859700
2005-11-09,34.25589628799234,34.435204307076695,34.17905092470635,34.2900505065918,72458800
2005-11-10,34.30713895376003,34.74259398487336,34.08513971662254,34.665748596191406,120763100
2005-11-11,34.81089778083753,34.93897124006432,34.73405240245098,34.759666442871094,80057200
2005-11-14,34.81089778083753,34.88774315922409,34.66574395182906,34.759666442871094,53652400
2005-11-15,34.77674360972855,34.92189743896325,34.4779022806074,34.59743881225586,79543500
2005-11-16,34.69135749392922,34.819430939291664,34.5462036806341,34.81089401245117,65895700
2005-11-17,34.93044822544746,35.28052103150679,34.879216867075066,35.2719841003418,94425500
2005-11-18,35.451282102423804,35.562281728834165,35.23782303624143,35.39151382446289,108820200
2005-11-21,35.34882470054252,35.50251549762439,35.21221102059498,35.476898193359375,69731400
2005-11-22,35.408590889605804,35.750123440729496,35.31466837948056,35.60497283935547,88814000
2005-11-23,35.63057369371567,35.87818690016883,35.6134965839128,35.69034194946289,64101200
2005-11-25,35.7245016880366,35.80988399311575,35.630579198173834,35.76719284057617,22930200
2005-11-28,35.861120962633414,35.861120962633414,35.4342028559354,35.46835708618164,74716200
2005-11-29,35.66472660881527,35.73303178840271,35.297576904296875,35.297576904296875,77443000
2005-11-30,35.246347313010894,35.42565533965247,35.169501946486136,35.212196350097656,88044400
2005-12-01,35.44273752959901,35.90380983720376,35.43420060114401,35.86965560913086,91914100
2005-12-02,35.80988994142744,35.97212090800232,35.7501216665188,35.95504379272461,72929200
2005-12-05,35.912341119774574,35.912341119774574,35.54519140182696,35.69034194946289,61519900
2005-12-06,35.88675525340213,36.12583174288172,35.77575882816971,35.80990982055664,81509400
2005-12-07,35.86112515523977,35.88673920235571,35.545206631343945,35.7415885925293,83885500
2005-12-08,35.82696417787324,35.86111840568423,35.23781840520251,35.48543167114258,112043200
2005-12-09,35.48542236194609,35.6647271252256,35.331731634242054,35.62203598022461,56526900
2005-12-12,35.750118255615234,35.8098865248214,35.587890561645125,35.750118255615234,44863600
2005-12-13,35.70742251767279,36.04041804826661,35.65619118330221,35.895267486572266,76611600
2005-12-14,35.81842892064351,35.94650239522055,35.61350680134304,35.77573776245117,73581600
2005-12-15,35.861120482987744,35.920888756555925,35.5281248853574,35.835506439208984,72607200
2005-12-16,35.827795970595766,35.89626593156842,35.56246711749182,35.5881462097168,63743000
2005-12-19,35.66518012595177,35.69941674510643,35.00614316463489,35.02325820922852,75341700
2005-12-20,35.04892349243164,35.220103255755035,34.87774372910824,35.04892349243164,70257700
2005-12-21,35.10885004403734,35.44264892106396,35.04893759251891,35.202999114990234,68935000
2005-12-22,35.18586013951576,35.485422221165734,35.17729935719329,35.4340705871582,59149500
2005-12-23,35.52821633783262,35.59668953648507,35.34847908884263,35.4340705871582,38000400
2005-12-27,35.53679085951666,35.67373404478523,35.06604886421738,35.12596130371094,55656300
2005-12-28,35.143080470746135,35.288581180227624,34.98045818958076,35.08316802978516,50302400
2005-12-29,35.11742230714693,35.194453100716714,34.79218408095014,34.85209655761719,47301700
2005-12-30,34.69800592064592,34.73224252578787,34.543944462489534,34.58673858642578,60026500
2006-01-03,34.79216833653845,35.51112099618227,34.37277792466972,35.357059478759766,109350400
2006-01-04,35.4426352932045,35.72508239746094,35.36560456158752,35.72508239746094,92769400
2006-01-05,35.733657270183585,35.94763126581343,35.69942064728664,35.87915802001953,77656900
2006-01-06,36.17014708455105,36.54674324298289,35.99897057433582,36.52962493896485,110053900
2006-01-09,36.52963583607848,36.73504901560639,36.39269262806535,36.67513656616211,80768800
2006-01-10,36.51249998972203,36.73503137149101,36.41835096724906,36.70079803466797,84369400
2006-01-11,36.80352754889496,37.06885648103707,36.69226015606321,36.9832649230957,100761400
2006-01-12,36.94045574524099,37.051723092797126,36.67512692106335,36.80351257324219,82429200
2006-01-13,36.75217084917073,36.84631992589285,36.57243348360156,36.786407470703125,64572100
2006-01-17,36.5039626010216,36.62378750843201,36.37557690594824,36.546756744384766,77962100
2006-01-18,35.97328079871055,36.34131606330445,35.964723281735154,36.12734222412109,121021900
2006-01-19,36.30709721471563,36.64945683076937,36.19583311473396,36.3926887512207,111094000
2006-01-20,36.3413471371394,36.36702623998598,35.22012535070111,35.30571365356445,188569400
2006-01-23,35.39985776062863,35.47688852835179,35.160207934371655,35.314266204833984,111381900
2006-01-24,35.39986039854685,35.69086517996563,35.35706624995261,35.46833038330078,77956900
2006-01-25,35.6395075868856,35.665183421131985,35.160207934371655,35.314266204833984,99826400
2006-01-26,35.51967153573839,35.68229054327922,35.28857930503322,35.56246566772461,112600600
2006-01-27,35.7764496475952,36.28142838291583,35.72509798077256,36.041778564453125,110830400
2006-01-30,36.10169104285905,36.22151595216937,36.00754196697697,36.11024856567383,53942600
2006-01-31,36.0931172675309,36.178708789799465,35.784997582312265,35.94761657714844,100988100
2006-02-01,35.72509826473788,36.093130518166426,35.69086164326139,36.07601547241211,89168700
2006-02-02,35.95618816610581,36.01610388762947,35.44265189148482,35.45977020263672,94047400
2006-02-03,35.19443804001813,35.2885871102016,34.9034333071709,35.02325820922852,121094200
2006-02-06,34.852092140996604,35.100299542169594,34.74082472772166,34.92912292480469,58162800
2006-02-07,34.8692001877607,35.03181923236464,34.61242880735569,34.77505111694336,87327000
2006-02-08,35.02326465283594,35.22012361670166,34.82640895395452,35.17732620239258,89907800
2006-02-09,35.27146906586439,35.40841227852914,34.775051144323555,34.84352111816406,78213400
2006-02-10,34.817841522477686,35.14308284176856,34.45836358747548,35.057491302490234,102575900
2006-02-13,34.8349650229344,34.869201643749136,34.49260534475473,34.65522766113281,70643100
2006-02-14,34.723683112411344,35.10883677300273,34.58673995142135,35.00613021850586,94340300
2006-02-15,34.91200282774019,35.31427177599268,34.860647886161686,35.22868347167969,92254300
2006-02-16,35.35705746981887,35.56247063805515,35.22011426933353,35.55391311645508,103859600
2006-02-17,35.48543925252744,35.48543925252744,35.26290778006581,35.27146530151367,81770200
2006-02-21,35.27146164215087,35.3228165604602,34.7579255189898,34.87775039672852,85101400
2006-02-22,34.90343653197174,35.553919296074966,34.81784824116112,35.314266204833984,91983900
2006-02-23,35.25432610392761,35.55389141683156,35.160180363853,35.2200927734375,66517100
2006-02-24,35.25435374826974,35.33994530406438,35.1002922128234,35.314266204833984,57085400
2006-02-27,35.39985803632676,35.836363546834946,35.37418220188041,35.70798110961914,64945000
2006-02-28,35.6138350144645,35.707984101969586,35.06606206714502,35.17732620239258,117564600
2006-03-01,35.28858455879085,35.750769089011136,35.2201145904157,35.656620025634766,80962300
2006-03-02,35.56246425274819,35.81067477936853,35.44263938196124,35.68228912353516,69856500
2006-03-03,35.47688674926758,35.95618637774575,35.425531818366125,35.47688674926758,112066100
2006-03-06,35.55392372299828,35.630954500312775,35.05750243253053,35.16876983642578,99581000
2006-03-07,35.10883324567151,35.151627366997204,34.792152829882774,34.96332931518555,96441100
2006-03-08,34.88631205835424,35.16875924510793,34.66378058256505,34.98046112060547,103961900
2006-03-09,35.09172247418701,35.22010813069548,34.638098813827405,34.68089294433594,108556700
2006-03-10,34.64667566677324,34.912004647952244,34.39846500034624,34.71514892578125,124474900
2006-03-13,34.86918021704794,35.04035668596798,34.766470417717684,34.81782531738281,69169100
2006-03-14,34.78361305733502,35.45121089522196,34.78361305733502,35.408416748046875,118201000
2006-03-15,35.54535878483481,35.70798110961914,35.36562141374227,35.70798110961914,84375800
2006-03-16,35.81924643789916,35.879158896941114,35.37418338929729,35.408416748046875,101371200
2006-03-17,35.40755110521493,35.6216751435224,35.31333600559588,35.501766204833984,78219600
2006-03-20,35.604547919163544,35.69876302696127,35.45894512876619,35.58741760253906,60240100
2006-03-21,35.210567474365234,35.98141227285342,35.1848736279313,35.210567474365234,136566000
2006-03-22,35.01356538248132,35.356161900274095,34.996435066500624,35.29620742797852,112282800
2006-03-23,35.19343948364258,35.30478493768328,34.9621850486079,35.19343948364258,75158200
2006-03-24,35.31332892890097,35.544583236003135,35.13346555691247,35.37328338623047,81795500
2006-03-27,35.356157906281304,35.55315161689543,35.32190054546348,35.38185501098633,54400400
2006-03-28,35.4503720351902,35.69018989075547,35.107775565421704,35.23624801635742,100522800
2006-03-29,35.28765220850829,36.0584970054142,35.26195509485264,35.904327392578125,130669100
2006-03-30,35.98138727189402,36.22977183908512,35.792960416845766,36.015647888183594,115915600
2006-03-31,36.0841798087617,36.1355674811447,35.83579516799999,35.912879943847656,71074600
2006-04-03,36.101332743496194,36.28975977242637,35.887208594999244,35.95572662353516,80730700
2006-04-04,36.01565547539308,36.23834626091609,35.91287687214479,36.15269470214844,89952600
2006-04-05,36.22978153190046,36.54668414918176,36.152696758261975,36.49529647827149,91628200
2006-04-06,36.478185953318906,36.777958420485504,36.34971017180474,36.59809494018555,91712800
2006-04-07,36.72655289179978,36.8721556573725,36.22978359620827,36.24691390991211,116604300
2006-04-10,36.31545363876337,36.40110198357947,36.04993854219358,36.19554138183594,58981900
2006-04-11,36.30688174468059,36.34114238470515,35.72446393336086,35.904327392578125,91481900
2006-04-12,35.921443466820435,36.04135565935148,35.801534541562546,35.912879943847656,58751200
2006-04-13,35.88719032072588,36.25548392998225,35.79297522059887,36.05848693847656,63476900
2006-04-17,36.007102479525024,36.15270527108645,35.45037862023688,35.68163299560547,104072100
2006-04-18,35.77586271042793,36.45249579602239,35.77586271042793,36.366844177246094,124291700
2006-04-19,36.43536021447972,36.52957534790039,36.2297996263551,36.52957534790039,79050300
2006-04-20,36.520993833279455,36.675163395413854,36.29830628090388,36.40108489990234,81408000
2006-04-21,36.538122825721246,36.58951376699787,35.81866598421489,35.972835540771484,130181200
2006-04-24,35.930012221188,36.03279083884558,35.73301850931376,35.938575744628906,78556400
2006-04-25,36.03280353571331,36.0584973823631,35.67307661351826,35.86150360107422,77660800
2006-04-26,35.852928161621094,36.02422803934169,35.715888912899295,35.852928161621094,82537000
2006-04-27,35.690208305961136,36.39253845600783,35.54460546631878,36.19554138183594,173950100
2006-04-28,35.97283224464817,36.16126241145701,35.784402077839324,35.844356536865234,88876600
2006-05-01,35.90432386221736,36.0156692977117,35.38186385594972,35.49320602416992,92875500
2006-05-02,35.64737207708783,35.74158718488556,35.45894512876619,35.58741760253906,85148100
2006-05-03,35.6045439926444,35.66449846058131,35.356159329892385,35.53602600097656,74971600
2006-05-04,35.57029228671365,35.9642830899199,35.57029228671365,35.82724380493164,88696800
2006-05-05,36.05847997487979,36.15269505681202,35.92144074678006,36.10987091064453,80392200
2006-05-08,36.04136351643382,36.21266015141767,36.0327967243203,36.144142150878906,45079100
2006-05-09,36.05847154930664,36.126992780982,35.9471294487424,36.007083892822266,48528800
2006-05-10,35.91288400602877,35.95570816028292,35.58741455260487,35.69019317626953,92424200
2006-05-11,35.65595049678867,35.67308081899952,34.79945398989577,34.89366912841797,140989700
2006-05-12,34.73949051172381,34.79087819779195,34.41402100843806,34.422584533691406,153920800
2006-05-15,34.27698738534204,34.551065980477965,34.07999359929276,34.39689636230469,127896500
2006-05-16,34.405446235626115,34.48253101412269,34.06284976129835,34.13993453979492,132397500
2006-05-17,33.98578374219045,34.097129209761974,33.60035963696215,33.67744445800781,207897100
2006-05-18,33.82304659863531,33.968649428352464,33.40336189618494,33.44618606567383,139690900
2006-05-19,33.5746411267058,33.80589541999735,33.18921730455323,33.7031135559082,194306300
2006-05-22,33.41190857254889,33.60890553394078,33.07787564481378,33.37765121459961,169591800
2006-05-23,33.626032003821244,33.72881387772929,33.035050931578475,33.052181243896484,142243900
2006-05-24,33.000793338452425,33.43760817450569,32.7438451646246,33.274871826171875,234981600
2006-05-25,33.49757253874219,33.72882694370986,33.24918781482052,33.71169662475586,123510900
2006-05-26,33.78878699438571,33.90013245229797,33.600356722114945,33.82304763793945,91319600
2006-05-30,33.66030390629317,33.686001017016466,33.06932263604299,33.09501647949219,105606200
2006-05-31,33.15496093818734,33.45473651267717,33.00935817961724,33.249176025390625,137066200
2006-06-01,33.34339589759494,34.03715896606445,33.26631111220944,34.03715896606445,119357400
2006-06-02,34.22557069870184,34.2598313141613,33.66885040020998,33.95149230957031,128864100
2006-06-05,33.88298148773675,33.88298148773675,33.21491241455078,33.21491241455078,103190600
2006-06-06,33.27485724903883,33.360508780974534,32.84660939117593,33.189208984375,127271000
2006-06-07,33.23203125907781,33.548933741345785,32.93225908223941,32.94082260131836,130754700
2006-06-08,32.778097066829034,33.026481651227336,32.11003133926214,32.889442443847656,280562200
2006-06-09,33.0264982803486,33.18066787468549,32.641074294506375,32.67533493041992,144146200
2006-06-12,32.71813970140803,32.7695273575496,32.02437693804759,32.03294372558594,145607500
2006-06-13,32.110032805164295,32.375544443742946,31.82738758919951,31.90447235107422,207099500
2006-06-14,31.998706968385644,32.29847941029722,31.861667671043985,32.22996139526367,201876800
2006-06-15,32.418384615288666,33.22349325236439,32.37556045246583,33.10358428955078,200700400
2006-06-16,33.04015294488024,33.151573314751374,32.74017879846525,32.86016845703125,120006100
2006-06-19,32.99730774446763,33.03159144627845,32.49163458591632,32.594482421875,129450100
2006-06-20,32.645894574063526,32.98015235582799,32.51733237978223,32.637325286865234,102871700
2006-06-21,32.688756887584546,33.41727074751437,32.680187597938165,33.15157699584961,129548100
2006-06-22,33.07443206599917,33.15156873148057,32.560189809104784,32.73160171508789,143100500
2006-06-23,32.70588068628426,33.022996539760776,32.508754438476075,32.69731140136719,88050200
2006-06-26,32.714452656679875,32.90300963504934,32.62874672258747,32.78302001953125,65157700
2006-06-27,32.80018238582677,32.8516079401462,32.13166652704346,32.16594696044922,128227500
2006-06-28,32.243083611718085,32.431640707816214,32.037387933678176,32.40592956542969,91576300
2006-06-29,32.551624827355894,33.39155578613281,32.4830607029013,33.39155578613281,181997200
2006-06-30,33.528684322633566,33.545826169591024,33.15157349798849,33.22871017456055,82719200
2006-07-03,33.331556137463146,33.42583465576172,33.26299202291053,33.42583465576172,21598500
2006-07-05,33.11727502120633,33.15155869981773,32.6458858834501,32.69731140136719,93724000
2006-07-06,32.800163996902185,32.98014843190381,32.57732332259082,32.66303253173828,70615200
2006-07-07,32.4830654986511,32.71447231363905,32.200229861151065,32.303077697753906,108063300
2006-07-10,32.38878235445825,32.50877202503847,31.85739485692684,32.020240783691406,105109800
2006-07-11,31.95167662197895,32.3459326402386,31.780264657792788,32.260223388671875,136114200
2006-07-12,32.191655850742734,32.2602199752678,31.57456238265059,31.65169906616211,154458900
2006-07-13,31.403147884781387,31.74597832366132,31.12031555175781,31.12031555175781,177745500
2006-07-14,31.11173305921036,31.18030043288348,30.67462749519737,30.803186416625977,172448500
2006-07-17,30.811765014435696,31.06888617717983,30.74319762731834,30.88032913208008,134311000
2006-07-18,31.043191118606668,31.13746968998217,30.46038110417142,30.98319625854492,206964900
2006-07-19,30.95746711510219,31.565991258309666,30.93175597858396,31.38600349426269,192517600
2006-07-20,31.49743221617406,31.540285211552973,30.888911181161188,30.923194885253903,152292100
2006-07-21,30.751775131112904,30.820339259784145,30.528934356616,30.597501754760746,119343000
2006-07-24,30.717479735873383,31.2231526614906,30.68319604985507,31.206010818481445,130269300
2006-07-25,31.2745863897016,31.488854579281853,31.06031820012135,31.38600349426269,108869600
2006-07-26,31.29172123815471,31.60026791749112,31.05174194065872,31.36028861999512,107170500
2006-07-27,31.48886133727278,31.745982566056604,31.068894156995945,31.154600143432617,99698700
2006-07-28,31.30887487783788,31.831689918163736,31.283163734698554,31.80597877502441,93556100
2006-07-31,31.780259035717584,31.985954664141925,31.617413121285825,31.79739761352539,78015300
2006-08-01,31.51456021830369,31.540271350336795,31.077451356905645,31.266008377075195,98552800
2006-08-02,31.377431355486948,31.823109541673265,31.377431355486948,31.61741065979004,87370600
2006-08-03,31.300294746800432,32.00309408465827,31.266011054838387,31.814537048339844,99205600
2006-08-04,32.09737680554347,32.25165017009991,31.386004816813973,31.668840408325195,123493800
2006-08-07,31.634563365902952,31.660274508912703,31.30887472005905,31.46314811706543,69634800
2006-08-08,31.54884390732952,31.62598057290138,31.077451356905645,31.266008377075195,124139900
2006-08-09,31.703114725055443,31.97737767657352,31.22315292516267,31.30885887145996,145342200
2006-08-10,31.223181821131483,31.60886547535068,31.12033393649813,31.53172874450684,102481300
2006-08-11,31.41170993038345,31.445990347219,31.171727395700923,31.30885887145996,86903200
2006-08-14,31.574555521437823,31.94309701041104,31.45456587748796,31.51456069946289,109281100
2006-08-15,31.883101575705457,32.35449085479472,31.7888230659931,32.31163787841797,133712100
2006-08-16,32.55161004552123,33.091566584350126,32.431620430108545,33.074424743652344,135452100
2006-08-17,32.963009877272654,33.408688000868096,32.94586803373371,33.194419860839844,129492200
2006-08-18,33.10871811313787,33.28013330080248,32.80874071735661,33.245849609375,97754500
2006-08-21,32.997316506301104,33.04874207267244,32.79161751029039,32.928749084472656,66668400
2006-08-22,32.87731062057857,33.262994005022136,32.740179113828965,32.93730545043945,102058600
2006-08-23,32.96301036776529,33.14299482339384,32.5001903937441,32.68874740600586,96056300
2006-08-24,32.78302001953125,32.86872595362365,32.50018455197706,32.78302001953125,78985300
2006-08-25,32.71446299627628,33.11728820666381,32.62018774676712,32.84302520751953,73572900
2006-08-28,32.81731641851003,33.245852793984525,32.7744634348572,33.09157943725586,80035000
2006-08-29,33.065860938506304,33.220130991412084,32.72303060667216,33.194419860839844,104842000
2006-08-30,33.18583984679038,33.45153016208117,33.08298881880237,33.34868240356445,75687200
2006-08-31,33.39154782837938,33.451542649031886,33.22013265388399,33.31441116333008,61207200
2006-09-01,33.49440383911133,33.605820939928776,33.340130486239325,33.49440383911133,69388500
2006-09-05,33.51155208221576,33.837240728824526,33.29728383803414,33.820098876953125,85582800
2006-09-06,33.51154695627174,33.58868364315721,33.091583092819064,33.14300537109375,97888600
2006-09-07,33.04015747714358,33.340134934180774,32.87731481381945,32.98873519897461,115877400
2006-09-08,33.0315939093915,33.27157330101454,32.96302650065692,33.18586730957031,96627000
2006-09-11,32.92016639603508,33.55440171197491,32.84302971260285,33.39155578613281,142377500
2006-09-12,33.382973952744216,34.11148425738215,33.382973952744216,34.008636474609375,124102400
2006-09-13,34.03433723836657,34.26574713123749,33.96577316055541,34.24003601074219,116054300
2006-09-14,34.15434864884109,34.47146792843149,34.077211968599265,34.27434158325195,98116000
2006-09-15,34.55990518519268,34.697115598614296,34.30263606894644,34.396968841552734,137825600
2006-09-18,34.405540466308594,34.645661125202246,34.25117835393198,34.405540466308594,117806700
2006-09-19,34.49129382433299,34.51701974874115,33.890997174432,34.17399215698242,159060800
2006-09-20,34.47414317770003,34.76571565825482,34.465565688397845,34.671382904052734,116635500
2006-09-21,34.757159055382616,34.87721780693019,34.371256860081296,34.45701217651367,121886900
2006-09-22,34.43127517730993,34.43984939765706,34.045369834597025,34.19115447998047,100996400
2006-09-25,34.3369340618662,34.86862392090161,34.02820986263474,34.79144287109375,136473400
2006-09-26,34.74856783200241,34.98868521762329,34.64566084835832,34.96295928955078,113375600
2006-09-27,34.87721261319075,35.11733335188396,34.731427942694104,34.92009353637695,113003800
2006-09-28,34.96294918424796,35.065856138148966,34.67137675540087,35.014404296875,85943600
2006-09-29,35.07445699865319,35.10018293643328,34.83433625106973,34.86006546020508,85438200
2006-10-02,34.81717083561482,34.90292938006305,34.37123948989988,34.422691345214844,97068800
2006-10-03,34.31977898303608,34.714258411594855,34.199720310983714,34.56847381591797,116261400
2006-10-04,34.508451315427386,35.42604651513441,34.42269276743591,35.4174690246582,149209500
2006-10-05,35.41749058755154,35.6404596767234,35.31458353866397,35.58900451660156,91799900
2006-10-06,35.468928844048065,35.64044269135878,35.36602184420346,35.51180648803711,85450400
2006-10-09,35.46891870187702,35.79479459144924,35.43461528795287,35.63185501098633,62786100
2006-10-10,35.67475044512341,35.803386675854206,35.42605874845524,35.69190216064453,98181800
2006-10-11,35.5289658451321,35.871993613567255,35.305996814242675,35.62329864501953,136561300
2006-10-12,35.811957925581474,36.23216674258396,35.760506054643805,36.18928909301758,95260200
2006-10-13,36.21499896281398,36.463693799870136,36.1378179192915,36.386512756347656,80470200
2006-10-16,36.38654159157641,36.54947802531114,36.36081564713306,36.42084503173828,62017400
2006-10-17,36.16356115717818,36.18929036490625,35.811959184208675,36.01777648925781,146149100
2006-10-18,36.20641639308648,36.2835974188047,35.717604320655326,35.84623718261719,120366100
2006-10-19,35.75191553918946,36.11209486133176,35.66616027129327,35.9320068359375,108198400
2006-10-20,36.052079918658514,36.08638334805922,35.70905216736165,36.01777648925781,105454300
2006-10-23,35.94915241926911,36.51514891933629,35.86339715817903,36.386512756347656,126960500
2006-10-24,36.25788370983895,36.40367160793068,35.949159475154495,36.13782501220703,103541700
2006-10-25,36.15496962578023,36.463693799870136,36.06063687576903,36.386512756347656,125399500
2006-10-26,36.51515997105636,36.806729255550735,36.20643570352761,36.72097396850586,130260700
2006-10-27,36.63523666065319,36.72099198978355,36.08639470296426,36.1978759765625,129375000
2006-10-30,36.1549881255714,36.57519697117377,36.069232820602025,36.42940902709961,103899900
2006-10-31,36.49800789542475,36.669518467804224,36.28361640859594,36.5151596069336,135811800
2006-11-01,36.64379935472278,36.67810278412348,35.86341432830973,36.01777648925781,148960600
2006-11-02,35.8548384441941,36.13783354524087,35.79480908120373,36.05207824707031,100216400
2006-11-03,36.10352542590815,36.18070649277421,35.68331993957972,35.957740783691406,119263300
2006-11-06,36.07781210630383,36.62665398639365,36.069237883145526,36.48086929321289,101283300
2006-11-07,36.48085072065898,36.95251126677708,36.42082137504508,36.72954559326172,139706500
2006-11-08,36.52374927181594,37.04686524430512,36.420842230601046,36.90107727050781,180245700
2006-11-09,37.09829588573828,37.17547694029245,36.59233192173967,36.72954559326172,124278000
2006-11-10,36.73814084930456,36.90965476556664,36.59235287550726,36.90107727050781,82419400
2006-11-13,36.91823605966591,37.33844507141652,36.87535839022763,37.27841567993164,89146200
2006-11-14,37.30412458820287,37.70718169380555,37.081158846152334,37.67287826538086,121962800
2006-11-15,37.72433678180929,38.07593877621967,37.66430414101969,37.82724380493164,116565900
2006-11-16,37.955881348301645,38.09309181948157,37.7500672772096,37.99018478393555,113513200
2006-11-17,37.7843707128435,37.99018478393555,37.6900379005281,37.99018478393555,95162500
2006-11-20,37.87010113264511,38.144521894585374,37.74146496926844,38.06734085083008,107184100
2006-11-21,38.09307573010461,38.17025679200408,37.94729109726912,38.11880493164063,68092200
2006-11-22,38.2302729254545,38.376057495411146,37.955848946010256,38.35890579223633,69852700
2006-11-24,38.0759260671649,38.4704055835932,38.05877435714356,38.29031753540039,51762900
2006-11-27,38.17026445916783,38.256023029256845,37.4241828918457,37.4241828918457,159506300
2006-11-28,37.31269082435107,37.59568914125792,37.16690619177795,37.53565979003906,118268400
2006-11-29,37.73290124911211,37.88726337956683,37.44132869951479,37.792930603027344,139515500
2006-11-30,37.77578232012225,37.97302211108092,37.552816595537806,37.767208099365234,123457100
2006-12-01,37.73291020424532,38.03305704505519,37.0983098205049,37.44133758544922,144559600
2006-12-04,37.55282531516382,38.144544825434885,37.55282531516382,37.95587921142578,89782400
2006-12-05,38.06734886903136,38.2045592789024,37.89583503885402,38.093074798583984,84697500
2006-12-06,37.97303092827711,38.07594122938507,37.79294280837141,37.95587921142578,78207500
2006-12-07,38.02448112558756,38.14453985655196,37.47563934326172,37.47563934326172,124936100
2006-12-08,37.355564210474064,37.955857601723366,37.27838316426293,37.64713668823242,133798700
2006-12-11,37.58711160209823,38.05019466040941,37.51850476599049,37.78435134887695,72931300
2006-12-12,37.77579293123692,37.84439980198345,37.35558729765922,37.5614013671875,110985900
2006-12-13,37.81867105165555,37.82724854628145,37.40703963621608,37.630008697509766,79035500
2006-12-14,37.707176988636846,38.2217152653823,37.681447784851365,38.050201416015625,109104200
2006-12-15,38.3627201145427,38.43140725622302,38.07937705734555,38.148067474365234,99942300
2006-12-18,38.27688633908718,38.42284866127892,37.60716742010524,37.77030563354492,121588700
2006-12-19,37.47836589499014,37.83039622170367,37.24654056637286,37.65008544921875,136535200
2006-12-20,37.69301369083289,37.87332116443113,37.49553033364611,37.51270294189453,67213400
2006-12-21,37.55564434996824,37.59857424234957,37.10057831977183,37.246543884277344,102952300
2006-12-22,37.26371665286108,37.27230132123707,36.86016845703125,36.86016845703125,92858600
2006-12-26,36.86017067395795,37.023305585640365,36.817240778814266,37.01472091674805,50848600
2006-12-27,37.10058521935881,37.263723426223805,37.00613747335097,37.20362091064453,54129200
2006-12-28,37.09198679158025,37.24653699584293,36.9631938629146,37.02329635620117,69016000
2006-12-29,37.08340116758799,37.444019425190085,37.02329867054439,37.05764389038086,75152500
2007-01-03,37.31523497481565,37.83040356350261,36.508141777149625,37.1263427734375,167689500
2007-01-04,37.17785617084575,37.9591920608848,37.049066484228526,37.83040237426758,136853500
2007-01-05,37.7359485016736,37.7359485016736,37.332400343487166,37.65008544921875,138958800
2007-01-08,37.68443458301735,37.88191471115727,37.4697818426034,37.67584991455078,106401600
2007-01-09,37.78744431964945,38.02785747196567,37.46117470813425,37.86471939086914,121577500
2007-01-10,37.74454270313505,38.34557112077048,37.62433767467624,38.31122589111328,121070100
2007-01-11,38.3884846175401,38.843550527703954,38.33697007040682,38.706172943115234,174029800
2007-01-12,38.65465809111399,38.93799794814063,38.611728206757256,38.903656005859375,104217300
2007-01-16,38.93800931002144,38.98094248224605,38.74911710866613,38.877906799316406,95690500
2007-01-17,38.71478819871536,38.886511133968845,38.49155067562563,38.56023788452149,127142600
2007-01-18,38.45717368792028,38.50010356746029,37.73594057549242,37.84756088256836,189029800
2007-01-19,37.75310048587883,38.01926761471795,37.701582682552505,37.92481994628906,127544300
2007-01-22,37.95918093033312,37.97635353858154,37.35815274299886,37.51270294189453,123441700
2007-01-23,37.486964933433526,37.76172025593717,37.3495872721817,37.41827774047852,133103600
2007-01-24,37.658669496072726,38.05362967048192,37.581394394528296,38.03645706176758,117615300
2007-01-25,38.0879568573284,38.18240452287628,37.41824181120878,37.54703140258789,158337600
2007-01-26,37.6157398137848,37.63291242259128,37.169261810837,37.40967178344727,146284300
2007-01-29,37.31523778600892,37.70161343779697,37.26372321599813,37.44403076171875,104191500
2007-01-30,37.50413443025153,37.59858217863091,37.366756780429206,37.461204528808594,69605900
2007-01-31,37.418264126862894,37.94201401803586,37.2036114045436,37.83898162841797,157772500
2007-02-01,38.01071409428914,38.12233445527818,37.65009572622512,37.77888870239258,147365600
2007-02-02,37.88191835247287,37.99353870531282,37.72736810249175,37.916263580322266,98189200
2007-02-05,37.8990733933156,38.08796878355891,37.74452321499648,37.88190078735352,96347800
2007-02-06,37.95060739191342,37.97636467416865,37.46978404598897,37.83040237426758,121110200
2007-02-07,38.01928934611243,38.3369777352037,37.8819117340575,38.1738395690918,117823800
2007-02-08,38.12231898799212,38.29403851942208,37.97635345586851,38.16524887084961,89521900
2007-02-09,38.26829029897055,38.39708325335527,37.54705696016606,37.67584991455078,133472000
2007-02-12,37.66725047521264,37.68442308224581,37.42684052742794,37.52987289428711,126940000
2007-02-13,37.58998189273211,37.77887732747845,37.521294728041006,37.65867233276367,93648000
2007-02-14,37.81320942385642,38.38847692043354,37.81320942385642,38.29402923583984,133370000
2007-02-15,38.31979669473728,38.517276763916016,38.25110626614993,38.517276763916016,110452500
2007-02-16,38.3455703151242,38.49153590042984,38.26829518768976,38.38850021362305,72342200
2007-02-20,38.32838958814841,38.74052242212047,38.148082087412,38.680419921875,93629000
2007-02-21,38.5688146822454,38.8178127237544,38.4915428162687,38.80064010620117,95864000
2007-02-22,38.94657430090708,39.109709123054834,38.69757646025583,38.99808883666992,116344400
2007-02-23,38.99811066338128,39.03245589000524,38.68901344978897,38.86073303222656,113467100
2007-02-26,39.04963603684284,39.06680865346779,38.43143493971159,38.67184829711914,101623700
2007-02-27,38.09656569097442,38.19101341644629,36.97178747940409,37.083404541015625,317813200
2007-02-28,37.049070649057406,37.57282067405661,36.86017515704171,37.20362091064453,214978700
2007-03-01,36.53389871369801,37.38392507553151,36.26773139030841,37.03189468383789,231806500
2007-03-02,36.73136797832704,37.04046838198683,36.465200733773486,36.47378540039063,183359400
2007-03-05,36.19044876098633,36.74854385018424,36.11317365320933,36.19044876098633,171885400
2007-03-06,36.51673711141697,36.91170079403186,36.4909798208294,36.7914924621582,155551800
2007-03-07,36.80006950500666,36.90310191216952,36.61976197363637,36.6455192565918,119979300
2007-03-08,37.0318936212142,37.12634135596789,36.78289564328921,36.89451599121094,120900700
2007-03-09,37.203614148206526,37.21219881658253,36.619758438413065,36.86016845703125,128597600
2007-03-12,36.80866180857042,37.160692275119686,36.7743198492875,37.10058975219727,81310100
2007-03-13,36.920270754380034,37.12633882299631,36.37076027185775,36.37934494018555,171231800
2007-03-14,36.43086640058749,36.92027442748264,36.14752318746864,36.91168975830078,192586700
2007-03-15,36.834389788095365,36.97176732972687,36.67983964434254,36.825801849365234,111627400
2007-03-16,36.89197020536414,36.97788733572148,36.60845186869342,36.79746627807617,108328800
2007-03-19,36.99507787009062,37.27859626123704,36.900570647240464,37.17549896240234,95913200
2007-03-20,37.16692465085483,37.45044646466287,37.12396769411578,37.441856384277344,78755700
2007-03-21,37.49337222462629,38.18069279277559,37.244217494483735,38.16350936889648,173333500
2007-03-22,38.180717277796674,38.18931063394858,37.8800153605818,38.02606964111328,114856300
2007-03-23,38.02605387987316,38.12056109394173,37.86281623210256,37.9057731628418,68530300
2007-03-26,37.9229644461022,38.07761205072064,37.48479841795288,38.060428619384766,114237300
2007-03-27,38.000292544925735,38.00888590026749,37.759731033833184,37.79409790039063,76419200
2007-03-28,37.63085077845349,37.8284553127861,37.38169595270202,37.39028930664063,142795000
2007-03-29,37.64804225263957,37.673815765153535,37.029451733064896,37.43325424194336,124407000
2007-03-30,37.42466060704938,37.69099561746328,37.13254880916618,37.39888381958008,120418700
2007-04-02,37.51914698536965,37.59647075672836,37.201261826407446,37.450416564941406,89617700
2007-04-03,37.648043196331706,38.06902914990696,37.6222696831717,37.94015502929688,105814500
2007-04-04,37.96592873518103,38.12916972576979,37.91438170859935,38.09480285644531,85147200
2007-04-05,38.051830673513415,38.30098546025314,38.00028039016611,38.2838020324707,54220200
2007-04-09,38.41266706589288,38.44703391630546,38.12914874349718,38.18928909301758,63050200
2007-04-10,38.18070778007962,38.386905670166016,38.15493427284543,38.386905670166016,76364500
2007-04-11,38.352528729537966,38.36971215564623,37.86281255636429,37.98309326171875,114012300
2007-04-12,37.92295660384701,38.33534903841428,37.75971895601947,38.2838020324707,113801300
2007-04-13,38.2923998504117,38.42127394613654,38.05183836762336,38.36113357543945,94572000
2007-04-16,38.51575921679125,38.79068740532321,38.51575921679125,38.71336364746094,72803200
2007-04-17,38.79071107019241,38.833668011344095,38.62747010544966,38.79930114746094,81852300
2007-04-18,38.60168354382534,38.85942838098855,38.51576969057208,38.67041397094727,82002500
2007-04-19,38.498602451668006,38.87662815329286,38.42127864026693,38.790714263916016,95413000
2007-04-20,39.10859046274118,39.23746126673852,38.83366214799534,39.0054931640625,122377400
2007-04-23,39.057046141161294,39.17732688756151,38.95394882673318,39.06563949584961,85303300
2007-04-24,39.20308140169021,39.37491234638406,38.94533662335078,39.263221740722656,108143700
2007-04-25,39.39211065974909,39.795913074412304,39.2632398498425,39.78732299804688,106818100
2007-04-26,39.88183197279421,40.07943980554378,39.804511443550375,39.99352264404297,99308300
2007-04-27,39.83886920535882,40.12239088074701,39.77013876361279,40.01070022583008,96536500
2007-04-30,39.94197846622568,39.976342055866205,39.45225880434136,39.48662567138672,93290500
2007-05-01,39.4952078299588,39.64126205738796,39.22886960197139,39.452247619628906,135044400
2007-05-02,39.59830231955896,40.01928809818301,39.56393546469094,39.88182067871094,91971600
2007-05-03,39.95916313924327,40.1395875729238,39.89043267478824,40.02789688110352,98003600
2007-05-04,40.18255573728026,40.28565310143847,39.88185044882682,40.06227493286133,93591800
2007-05-07,40.08804845454935,40.19114581870756,40.010724612079166,40.06227493286133,47487900
2007-05-08,39.92478102448997,40.18252588208684,39.77872352949608,40.14815902709961,95138900
2007-05-09,39.94197330567311,40.35436582472132,39.91619652001707,40.23408508300781,116021000
2007-05-10,40.09661567395255,40.19112290279794,39.58112586967396,39.68422317504883,171196300
2007-05-11,39.72716935463017,40.19110870361328,39.6756190814529,40.19110870361328,104767900
2007-05-14,40.18253317415033,40.27704040381392,39.68422351861655,39.91619491577149,118899200
2007-05-15,39.88181991092409,40.1223846129653,39.51238769911788,39.60689163208008,179438500
2007-05-16,39.692820772301616,40.00211599889535,39.44366592005616,39.99352264404297,144420500
2007-05-17,39.94196855118429,40.0106989908088,39.77013753601699,39.80450439453125,109869100
2007-05-18,39.93338071237098,40.130985260009766,39.84746683162525,40.130985260009766,104961700
2007-05-21,40.15676476097951,40.5863407485589,40.09662110750608,40.38873291015625,112831400
2007-05-22,40.41450944018355,40.62070407755942,40.26845190108804,40.423099517822266,98029100
2007-05-23,40.54337701424067,40.6980246185593,40.20830829735177,40.23408508300781,119220600
2007-05-24,40.2598503132416,40.414497885762415,39.49520580322409,39.65844345092773,206268600
2007-05-25,39.744344272493926,40.00209232706554,39.67561386137011,39.90758514404297,87143200
2007-05-29,39.95055403566192,40.2598491719355,39.873230251593526,40.21689224243164,99702400
2007-05-30,39.933364831852735,40.55195501491825,39.82167420937631,40.54336166381836,132036500
2007-05-31,40.65507136295315,40.82690241414476,40.56056412092752,40.73239517211914,109457700
2007-06-01,40.87844364077456,41.04168130060749,40.69801927449146,40.75815963745117,125089800
2007-06-04,40.61212159017671,40.93000696069551,40.58634807503893,40.87845993041992,64782700
2007-06-05,40.76676923581402,40.87845993041992,40.380150121720746,40.87845993041992,151160400
2007-06-06,40.69801815873091,40.70661151172041,40.34576606645097,40.44027328491211,183166500
2007-06-07,40.302799778483866,40.56054459247401,39.79590022409521,39.81308364868164,221373300
2007-06-08,39.79590721086554,40.31999028185128,39.65844306744335,40.30280685424805,177587800
2007-06-11,40.27703322331942,40.54336815681243,40.17393265802824,40.22548294067383,97100400
2007-06-12,40.010694003680136,40.41449634738079,39.90759671839192,39.98492050170898,153967700
2007-06-13,40.15676450476138,40.45746638318647,39.98493345534505,40.423099517822266,147985300
2007-06-14,40.466052724675386,40.80112471493282,40.45746264782978,40.68943405151367,101531900
2007-06-15,41.06517791748047,41.15975904800538,40.97060006692264,41.06517791748047,100378400
2007-06-18,41.14256043168681,41.15975729832096,40.98779191194649,41.07377624511719,75713200
2007-06-19,40.95340319955746,41.15116225430633,40.85022199536643,41.06517791748047,109621300
2007-06-20,41.12536952494524,41.20275050989098,40.61807340606453,40.678260803222656,161889500
2007-06-21,40.66105997532637,41.09097178742336,40.480497801437664,41.04798126220703,143181300
2007-06-22,40.961997292382165,41.02218468420821,40.5320854765008,40.66106033325195,153328700
2007-06-25,40.66967127761236,40.91042420865465,40.25695618435586,40.48910903930664,136602600
2007-06-26,40.67826163238252,40.686858426451565,40.18816237126671,40.2569465637207,128211900
2007-06-27,40.213950144228434,40.89321157505952,40.15376275465776,40.876014709472656,141196200
2007-06-28,40.85882186889648,41.14256197911431,40.81583134067767,40.85882186889648,116546300
2007-06-29,41.082361708257565,41.16834601771447,40.59226262423432,40.92759323120117,124794700
2007-07-02,41.022185642778574,41.31452581560773,40.99639198281236,41.29732894897461,80863100
2007-07-03,41.34892366566919,41.54668273168901,41.305933134789626,41.5380859375,34803300
2007-07-05,41.56386888334815,41.93359325752503,41.52087836355311,41.839012145996094,73588500
2007-07-06,41.88201526467272,42.053980675549646,41.70145305923727,42.010990142822266,65804300
2007-07-09,42.04537756957286,42.114161755618014,41.89060905101261,42.03677749633789,66768800
2007-07-10,41.804601709045485,42.045354427609375,41.64123648713418,41.684226989746094,104383100
2007-07-11,41.58967395468118,41.96799850463867,41.546683423086186,41.96799850463867,99637600
2007-07-12,42.10556931361829,42.70744330358813,42.06257550293423,42.61286544799805,107667100
2007-07-13,42.67304059368721,42.96538071057196,42.62145000366062,42.90519332885742,74232200
2007-07-16,42.89658396581676,43.05995249219891,42.78480601828669,42.86219024658203,77799500
2007-07-17,42.95678538007613,43.24912552922659,42.92239164959569,43.18893814086914,124833700
2007-07-18,42.94818161863824,43.1373405456543,42.6816351706148,43.1373405456543,144915900
2007-07-19,43.343714987480695,43.55867092439142,43.25773392470333,43.26633071899414,116563800
2007-07-20,43.24054267161615,43.30073007937004,42.76764020499221,43.03418350219727,163721300
2007-07-23,43.18034356933142,43.25772782690956,42.9223938574264,43.051368713378906,107464100
2007-07-24,42.73323391378027,43.07716138851882,42.17434725737582,42.41510009765625,175496200
2007-07-25,42.63003776304069,42.7074187057822,42.18292928517494,42.47526931762695,170258700
2007-07-26,42.18293080756641,42.53545821707262,41.31450746807382,42.11414337158203,318522000
2007-07-27,42.036771017294505,42.23453003164864,41.26293182373047,41.26293182373047,246387600
2007-07-30,41.46069049071919,41.8991990354016,41.22853775060508,41.74443054199219,166517200
2007-07-31,42.10554879614863,42.12274565604901,40.78142010351065,40.86740112304688,260224500
2007-08-01,40.74703882822633,41.21134434744262,40.39451129251766,41.18555068969727,301153900
2007-08-02,41.2113533080512,41.64126519043858,41.09097850577752,41.56388092041016,177369900
2007-08-03,41.4864938433905,41.538084446574594,40.54068907811871,40.7728385925293,166048400
2007-08-06,40.81582718480569,41.28872950699581,40.43750270308022,41.2457389831543,190869100
2007-08-07,41.16836146799465,41.80462919693368,40.82443066102359,41.5380859375,167109700
2007-08-08,41.71003869939568,42.182944272831264,41.615460864675086,41.99378204345703,164831200
2007-08-09,41.43489739191872,42.10556201878312,41.00498559929881,41.02218246459961,242418200
2007-08-10,40.58367400946087,41.125363788289775,40.09357482669981,40.65245819091797,247006400
2007-08-13,40.99638067876669,41.16834601771447,40.82441533981892,40.92759323120117,116935100
2007-08-14,41.0135871252078,41.0479808570281,40.17955716838283,40.23114776611328,153529800
2007-08-15,40.13655007078974,40.4890774764686,39.388504752391256,39.46588897705078,214854100
2007-08-16,39.14775984653316,39.47449366939383,38.16756165791725,39.07897567749024,362468700
2007-08-17,39.81843185424805,40.05918141119225,39.19935781642956,39.81843185424805,223246600
2007-08-20,39.97318936191625,40.17094834068662,39.62066191628804,40.0075798034668,144715100
2007-08-21,39.96459242073792,40.52347895925871,39.8872081812499,40.428897857666016,115027200
2007-08-22,40.73844127868824,41.01358455608187,40.64386016209045,40.979190826416016,115814100
2007-08-23,41.09095702178609,41.14254432152156,40.60945478447256,40.86740112304688,118663400
2007-08-24,40.73843413993947,41.469282727453205,40.68684355448111,41.44348907470703,88189200
2007-08-27,41.32311488354176,41.44348963794789,41.13395268092296,41.1683464050293,72490400
2007-08-28,40.927590007121104,41.013574309804575,40.16234775304997,40.18814468383789,106024800
2007-08-29,40.45469257587085,41.37470340291234,40.45469257587085,41.34031295776367,113201000
2007-08-30,41.1253782767119,41.90781788624323,41.05659079105436,41.55529022216797,138930000
2007-08-31,42.010957350335474,42.18292262698149,41.79600157451915,42.0195541381836,94687200
2007-09-04,42.07115124900479,42.99116185020188,42.05395439066886,42.71601867675781,98480900
2007-09-05,42.61285138325842,42.69023562499424,42.01957110329507,42.28611755371094,114049300
2007-09-06,42.32912377239495,42.440901780803664,41.96799936364469,42.251739501953125,99222600
2007-09-07,41.72724194852693,41.78742934345222,41.22854592200783,41.46929550170898,152438000
2007-09-10,41.80461333301753,41.91639129486098,41.1081584691427,41.44348907470703,125199400
2007-09-11,41.71003182802272,42.12274994775043,41.64124766137875,42.07115936279297,103064500
2007-09-12,41.99378427279861,42.44948972597438,41.94219367660323,42.07976531982422,93993400
2007-09-13,42.38069865805096,42.4322859658974,42.07975848242669,42.28611755371094,80807500
2007-09-14,41.959394659477866,42.39790657025305,41.89920726466041,42.32052230834961,99801200
2007-09-17,42.13136383668657,42.21734489987655,41.77883622965992,41.96799850463867,84882300
2007-09-18,42.208740654489134,43.059967461660186,41.98518796167826,43.02557373046875,151452100
2007-09-19,43.240521720353385,43.49846809716884,42.973975272329945,43.1373405456543,127025800
2007-09-20,43.04276470828571,43.2147267807869,42.92238666558208,43.0169677734375,109970600
2007-09-21,43.25439608984216,43.46086243659364,43.02212268037348,43.323219299316406,86829500
2007-09-24,43.43506190338075,43.83938683397388,43.2974187454119,43.521087646484375,107226800
2007-09-25,43.37484377157634,43.93402099609375,43.32322963382965,43.93402099609375,101102200
2007-09-26,44.18349379174021,44.31253239886658,43.977027425997846,44.14908218383789,96124600
2007-09-27,44.40717292156884,44.43298327428411,44.1835039819612,44.37276458740234,73423200
2007-09-28,44.338352833925626,44.45879020731528,44.02865485568233,44.22651672363281,75546000
2007-10-01,44.260925439454205,44.87171681115349,44.20070675670482,44.734073638916016,100404100
2007-10-02,44.76847468200815,44.78568048468434,44.49318840253167,44.7426643371582,71046000
2007-10-03,44.59644513780989,44.794307057888446,44.30395289037351,44.4329948425293,106785000
2007-10-04,44.51901092718806,44.58783416179519,44.16630005400767,44.53621673583984,84129300
2007-10-05,44.88031032071667,45.50831067234112,44.78568332250857,45.43948745727539,115674700
2007-10-08,45.422269222687945,45.73196704238494,45.344844767763696,45.723365783691406,63022400
2007-10-09,45.82662670433466,45.981475713553216,45.620160264819006,45.92125701904297,93965600
2007-10-10,45.929857107802505,46.08470611305811,45.7750081025469,46.03308868408203,91777500
2007-10-11,46.273940469456974,46.40297904613732,44.974930471847706,45.30183410644531,239786700
2007-10-12,45.50830967076811,46.05888225249054,45.422280653829326,46.05027770996094,131676000
2007-10-15,46.11911636482992,46.20514212889988,45.33627009777219,45.69758224487305,121578700
2007-10-16,45.413697283440825,45.83522814665051,45.31906696836481,45.48251724243164,193676600
2007-10-17,46.127696843981305,46.16210844677285,45.319043868406425,46.06747817993164,183985200
2007-10-18,45.87823120948521,46.35998062984526,45.69757189517839,46.26535034179688,144491200
2007-10-19,46.25675621774294,46.25675621774294,45.06958172556168,45.11259460449219,245111500
2007-10-22,44.87170648249961,45.69756532582671,44.75126914472333,45.6545524597168,207052100
2007-10-23,46.11910496961925,46.63526598984985,45.88683152601397,46.60945892333984,162360600
2007-10-24,46.23095257061955,46.40300409908384,45.25024113734138,46.25675964355469,298293400
2007-10-25,46.3599910078144,46.43741550794304,45.37928286063325,45.63736343383789,233833100
2007-10-26,46.52344347473952,46.62667504529328,45.972867441217055,46.39440155029297,146690300
2007-10-29,46.61805318990316,46.73849380611177,46.31695985355972,46.58364486694336,101896600
2007-10-30,46.40300493230776,46.93637518147652,46.36859659500059,46.67829132080078,114616600
2007-10-31,46.85893739563962,47.37509840732019,46.4890208006556,47.3406867980957,148431900
2007-11-01,47.039577692976174,47.11700214700708,46.42878660099383,46.45459365844727,181974200
2007-11-02,46.81592178344727,46.9277578738814,46.11050019456437,46.81592178344727,217882900
2007-11-05,46.33417550276984,46.79872241900013,46.10190204465469,46.51483154296875,150588900
2007-11-06,46.73850695128867,47.04820163505569,46.2653554587165,47.03960037231445,131884700
2007-11-07,46.64387312027225,46.95357106225693,45.86102700322071,45.89543533325195,197908200
2007-11-08,45.71478594664271,45.87823948518224,43.70175231248153,44.50180435180664,380626400
2007-11-09,43.64152788607608,43.977032900711926,43.01353073120117,43.01353073120117,309414900
2007-11-12,42.944691382372085,43.21998089482694,41.85215099988738,41.92097091674805,283216000
2007-11-13,42.488775098491374,43.69315555416477,42.45436347823265,43.65014266967773,255625900
2007-11-14,44.209297106081,44.25230997147388,42.92749599634831,43.090946197509766,263284100
2007-11-15,43.01353352301154,43.47808047266138,42.47156208175338,42.85868453979492,251548800
2007-11-16,43.151174419208814,43.435065300664505,42.4457527692348,43.2544059753418,263623700
2007-11-19,43.15118260677538,43.40066192296597,42.50597951559652,42.75545883178711,198651100
2007-11-20,42.97911199181778,43.68453351629615,42.093034455827706,42.92749786376953,300763600
2007-11-21,42.54040507612286,43.15979801510542,42.02424046501808,42.41996765136719,212225400
2007-11-23,42.69523657630692,42.98772875116698,42.47156435229327,42.87589263916016,46463300
2007-11-26,42.98772046707661,43.33182671834128,42.06723124039427,42.13605117797852,150352100
2007-11-27,42.4973651399615,43.05653901079134,42.23928135777831,42.9791145324707,211369300
2007-11-28,43.55548423723649,44.475973154056085,43.52967389786814,44.286712646484375,216868100
2007-11-29,44.11468250744996,44.639448184041086,44.04586255470343,44.47599792480469,172087300
2007-11-30,44.91472539542885,44.94913700561811,43.83078592784139,44.14048385620117,171417400
2007-12-03,43.95122105479096,44.3297389026777,43.71894762029059,43.77056503295898,108625700
2007-12-04,43.43505911384874,43.82217821462482,43.34042883350915,43.58990478515625,113374100
2007-12-05,44.04586080027826,44.734076708692925,44.011449184439456,44.37276458740234,137614200
2007-12-06,44.41577192081091,45.05237032598454,44.39856611503975,45.00935745239258,99724500
2007-12-07,44.98354417323853,45.19861179317368,44.80288816009414,45.0179557800293,88992300
2007-12-10,45.12979661669112,45.327658468467824,45.00935925314636,45.1986198425293,75657900
2007-12-11,45.26743318729086,45.45669374908206,44.05445190294229,44.14908218383789,167064300
2007-12-12,44.94912793867252,45.10397687161694,43.779159681612896,44.5447998046875,162975200
2007-12-13,44.15768397328539,44.41576445311759,43.856587345421694,44.30392837524414,153476200
2007-12-14,43.95121966907255,44.38995617707056,43.804971978625545,43.84798812866211,128396700
2007-12-17,43.684545021213744,43.86520436197596,42.76405563632052,42.7812614440918,134377000
2007-12-18,43.22000389684208,43.24581096919071,42.30811572101163,42.918907165527344,154251700
2007-12-19,42.91889865565211,43.18558371650923,42.67802394369846,42.91029739379883,137970900
2007-12-20,43.54687996740104,43.839371989251255,43.18556803070581,43.78775787353516,167341700
2007-12-21,44.505115318053136,44.6945731284186,44.332881243638326,44.651512145996094,107573500
2007-12-24,44.7893134104167,45.12517144376093,44.73764547074283,44.98738479614258,34499800
2007-12-26,44.89263091962203,45.32321436485314,44.780678304036456,45.21126174926758,58492100
2007-12-27,45.06488640306389,45.211283267275405,44.53096031159324,44.66874694824219,65778900
2007-12-28,44.815163646256494,44.918502840629706,44.289850873460885,44.62570571899414,67545400
2007-12-31,44.41038159046523,44.5051104853616,44.10036094720124,44.10897445678711,70135600
2008-01-02,44.15205393785001,44.32428807855747,43.1703236064384,43.41144943237305,152344100
2008-01-03,43.411459817024735,43.712867171544055,43.18755768010949,43.59230422973633,114103700
2008-01-04,42.89474583279647,42.91196957358464,41.51687613557623,41.68050003051758,212617600
2008-01-07,41.68049321914916,41.852724028699896,40.84515999544119,41.482421875,235083600
2008-01-08,41.568557299545255,41.99052755195039,40.40597915649414,40.40597915649414,261669800
2008-01-09,40.56957345543273,41.30156401128266,40.0098136526597,41.26711654663086,254011800
2008-01-10,40.84516819095789,41.68911181044247,40.72460528604478,41.327423095703125,249958500
2008-01-11,41.10351548380776,41.13796296477389,40.21651420203175,40.51792144775391,211685200
2008-01-14,41.069064949651725,41.34463820670869,40.74182376007929,41.22407531738281,168048500
2008-01-15,40.79347889542671,40.92265525637664,39.91508818220462,40.08732223510742,241094900
2008-01-16,39.777335567994506,40.39737737394323,39.14868353033832,39.65677261352539,265625900
2008-01-17,39.82038038323791,40.11317741859601,38.92476553566103,39.10560989379883,254098800
2008-01-18,39.30367531174702,39.73425896465414,38.73530502131332,39.05393600463867,273063300
2008-01-22,36.8837895263036,38.55445256552322,36.79767084278184,38.046363830566406,325732000
2008-01-23,36.63405732516755,38.020537188444784,35.83317148221973,37.89997100830078,390129000
2008-01-24,38.05498063703424,38.69224586492691,37.9430312567349,38.67502212524414,250249100
2008-01-25,39.50172773371818,39.50172773371818,37.83967522976548,37.88273620605469,199299100
2008-01-28,37.90855898771747,38.27024742925833,37.52103331100204,38.17552185058594,163711200
2008-01-29,38.37361840297231,38.47695756542733,37.92581098554359,38.244441986083984,138520000
2008-01-30,38.10665610524816,39.02810492792357,38.04637465218288,38.20999526977539,220824400
2008-01-31,37.77941390241524,39.2606229202339,37.73635618831207,38.86448669433594,246824100
2008-02-01,39.18311111613156,39.510355601322935,38.64918832404532,39.26061630249024,161920300
2008-02-04,39.25199352855414,39.277827487385245,38.70084388778962,38.70945739746094,100209900
2008-02-05,38.03775756401621,38.40805976095469,37.58133995224703,37.60717391967773,188990400
2008-02-06,37.82247410546343,38.03776597523977,36.832133475548176,36.866580963134766,178285000
2008-02-07,36.45321050173148,37.71051387183368,36.29820013718823,37.12491989135742,286254800
2008-02-08,37.20241777528042,37.69328273833905,36.97851249926919,37.54688262939453,173781300
2008-02-11,37.693295349167926,38.080821314153816,37.49522725264019,37.95164489746094,119562300
2008-02-12,38.18416226561455,38.4769593100907,37.46939175391667,37.73635482788086,145412400
2008-02-13,38.22722881402495,38.64920237878185,38.02916066243495,38.56308364868164,148685900
2008-02-14,38.6233529829239,38.6233529829239,37.79663314425399,37.86552810668945,170868900
2008-02-15,37.65884963125209,37.87414147909946,37.41772381289275,37.73635482788086,100053300
2008-02-19,38.23583171577773,38.321947136879686,37.26271168888044,37.66746139526367,110507600
2008-02-20,37.25409336133593,37.96886374746421,37.23687290741515,37.83968734741211,137338800
2008-02-21,38.20136962675995,38.29609852480754,37.32297886998882,37.477989196777344,127857000
2008-02-22,37.60717017972427,37.624393917996045,36.68572153528346,37.61578369140625,157364700
2008-02-25,37.57273647129137,37.95164896371275,37.32299712431013,37.80525207519531,121444300
2008-02-26,37.58995618686927,38.30472337998303,37.34882709471541,37.95164489746094,148375900
2008-02-27,37.69329066140181,38.287494877086175,37.60717196595255,38.14109802246094,125682600
2008-02-28,37.99471664428711,38.34779525724615,37.84831971737202,37.99471664428711,129196700
2008-02-29,37.58994686467432,37.69328600134518,36.90101052662346,36.98712921142578,188724500
2008-03-03,36.96130934164702,37.02159409189887,36.37571843512187,36.74601745605469,132963800
2008-03-04,36.51349999951795,37.06464662387259,36.1862554593975,36.95269393920898,183851000
2008-03-05,37.02158409277878,37.49522545613793,36.81490249299142,37.1335334777832,183208300
2008-03-06,37.10768985583724,37.26270019407735,36.25513299551665,36.31541442871094,152752200
2008-03-07,36.10012886821218,36.720170327849175,35.63510105857673,36.229305267333984,242552400
2008-03-10,36.17764052514343,36.28959320541162,35.45425978780563,35.53176498413086,146801900
2008-03-11,36.04844472593894,36.90099806446108,35.74703435856068,36.8837776184082,196755300
2008-03-12,37.030172818026166,37.409085031671,36.68570478010128,36.78043365478516,155566100
2008-03-13,36.3671046033789,37.31439086279274,36.00541581557805,37.06465148925781,208967900
2008-03-14,37.31437376435135,37.357431464346014,35.94511787993275,36.38431167602539,309589800
2008-03-17,35.55760510425391,36.17764343971484,35.35092346903817,35.72122573852539,193130600
2008-03-18,36.37570815835681,37.32299087330198,36.26375548965118,37.31438064575195,216300400
2008-03-19,37.46938428717584,37.54688946835971,36.36709129708729,36.39292526245117,216157200
2008-03-20,36.49894388883261,37.14532426434436,36.283483763662026,37.1367073059082,128397000
2008-03-24,37.30045363109264,38.57597710281768,37.30045363109264,38.42084884643555,125018000
2008-03-25,38.52425898272757,38.84313894764871,38.16228437612933,38.63629913330078,118107500
2008-03-26,38.49841546680919,38.65354702751804,38.16229818116028,38.52427291870117,124824600
2008-03-27,38.30018649850444,38.36051506397372,37.671043395996094,37.671043395996094,143868600
2008-03-28,37.93822359298277,38.21401232187149,37.34355476275291,37.48144912719727,111822300
2008-03-31,37.61933223620343,37.93821224213793,37.44696351030424,37.67966079711914,113644800
2008-04-01,38.28292450641224,39.30851603060666,38.27430755449364,39.29127883911133,137494400
2008-04-02,39.38609427937333,39.66188285572579,38.9293167785665,39.205108642578125,132486800
2008-04-03,39.0327275419976,39.56706732772039,38.90345024961168,39.29127883911133,140033800
2008-04-04,39.4464286916869,39.94629432779663,39.12754871928967,39.52399444580078,139261000
2008-04-07,39.765320750107286,39.99801808317351,39.343020739760206,39.43782043457031,102297100
2008-04-08,39.13616180419922,39.4033334392005,38.93793896055026,39.13616180419922,97435200
2008-04-09,39.187873387306624,39.205110585140126,38.46392751659605,38.696624755859375,127182300
2008-04-10,38.72248399610192,39.50675851843731,38.72248399610192,39.24820709228516,112773800
2008-04-11,38.8000519549613,38.86899747160726,38.024394344819626,38.16228866577149,120135400
2008-04-14,38.101943136645296,38.33464031605313,37.87786619776654,37.98990631103516,89274600
2008-04-15,38.12781196932716,38.22261162987909,37.64518027282346,38.0416259765625,124232300
2008-04-16,38.51564055203984,39.19649515560316,38.4811694397992,39.10169219970703,134027900
2008-04-17,39.14479228544277,39.18788693875863,38.76558366495059,39.01551818847656,124953100
2008-04-18,40.0497290300756,40.44617487047306,39.83426890538212,40.256568908691406,133022500
2008-04-21,40.17899898165486,40.57544806875824,40.066962095503705,40.54097366333008,83303200
2008-04-22,40.291014436990935,40.30825162913003,39.58430599757937,39.93766021728516,104689600
2008-04-23,40.23070886849786,40.55820913073259,39.877354447128326,40.377220153808594,131086200
2008-04-24,40.394455514152185,41.18735033062509,39.98077254855501,40.73919296264648,166509000
2008-04-25,40.7822916393924,40.80814580198752,40.135911273230015,40.635780334472656,121945400
2008-04-28,40.7305632246994,41.04082619849586,40.61852637456338,40.71332931518555,71244000
2008-04-29,40.63575331212956,41.16147289870884,40.558187588264026,41.02357864379883,91270600
2008-04-30,41.10976871488358,41.420031641341815,40.53233420449549,40.68746566772461,132152700
2008-05-01,40.70470139994743,41.98884440217579,40.6960844468148,41.97160720825195,143596900
2008-05-02,42.36808063150811,42.39393479554476,41.66137165477988,42.03196334838867,124990000
2008-05-05,42.031934838206666,42.256011779075074,41.71305497662752,41.911277770996094,75624700
2008-05-06,41.790648378838426,42.34222578716312,41.48900222339413,42.16985702514648,139582600
2008-05-07,42.17845956071508,42.42839401579013,41.25629078007497,41.40280532836914,140008300
2008-05-08,41.57517940770935,41.97162517468513,41.42004788364752,41.71307373046875,128058700
2008-05-09,41.40280894750568,41.76478029670948,41.28215183110442,41.54932022094727,97062000
2008-05-12,41.60964745106681,42.3939219703027,41.5407019386066,42.3077392578125,89606500
2008-05-13,42.32498919043839,42.51459516014754,42.023343030659206,42.41979217529297,85448100
2008-05-14,42.58352163254136,43.03167890456108,42.2646416979413,42.32497024536133,143598200
2008-05-15,42.333603359855225,43.109261105138486,42.21294621895794,43.06616973876953,157248900
2008-05-16,43.15235095368189,43.18682536062867,42.61801079664839,43.10063934326172,146563200
2008-05-19,43.13510892377329,43.49708358089193,42.52320306340656,42.790374755859375,140048700
2008-05-20,42.6352326069601,42.6352326069601,42.13536374968725,42.46286392211914,137163700
2008-05-21,42.5145779162807,42.74727187315695,41.38556609005055,41.5234603881836,192806700
2008-05-22,41.62688773602043,41.96300494236513,41.46313925508993,41.66997909545898,153198200
2008-05-23,41.523454180085466,41.66996541159621,41.21319123375813,41.54069137573242,121698400
2008-05-27,41.6268856169693,42.32497743991288,41.61826866058424,42.27326583862305,106984300
2008-05-28,42.471487090398135,42.54043588948526,42.01471280325488,42.44563293457031,121363000
2008-05-29,42.471493743523865,43.06616572199626,42.44563958364601,42.82484817504883,143993000
2008-05-30,42.98860245217528,43.29886553937551,42.87656227342845,43.10063934326172,94153600
2008-06-02,43.023078661683485,43.023078661683485,42.19571252303437,42.57492446899414,144359900
2008-06-03,42.73866225594255,43.00583394279869,41.94576743979593,42.34221649169922,167606900
2008-06-04,42.21292436601784,43.17818428115735,42.1784499757053,42.88515853881836,174870800
2008-06-05,42.99721033633073,43.61773637978085,42.83346186938016,43.56602478027344,126653700
2008-06-06,43.186820186460736,43.27300290584183,42.247414079502846,42.25603103637695,189136000
2008-06-09,42.342226467471455,42.39393479554476,41.32525437166044,42.03196334838867,208897300
2008-06-10,41.60103910261476,42.17847062862774,41.506236126663865,41.83373641967773,162798500
2008-06-11,41.74754347284226,41.81649227578506,40.808137402535785,40.82537460327149,170366900
2008-06-12,41.11839222342077,41.46312959392323,40.50648651405517,40.86845779418945,189913200
2008-06-13,41.118403200581376,41.77340372186619,40.90294310841191,41.68721771240234,167855000
2008-06-16,41.47175246677753,42.24741001726514,41.428661111230376,42.057804107666016,136343900
2008-06-17,42.18709087425624,42.281893850207126,41.77340785091997,41.83373641967773,122932000
2008-06-18,41.59242185295176,41.7561736550842,41.22183345574307,41.38558197021485,169338100
2008-06-19,41.30801716641576,42.23880323600337,41.03222845782234,42.03196334838867,221304200
2008-06-20,41.68180143498819,41.69904737072338,40.71586453614709,40.89697647094727,197434200
2008-06-23,41.06084166999096,41.172959989805655,40.51750258622333,40.57787322998047,131488800
2008-06-24,40.38813698112366,40.85385289026275,40.02590984073412,40.370887756347656,178293800
2008-06-25,40.54337207680157,41.39719058009541,40.48300143706852,41.02634048461914,179023400
2008-06-26,40.26739727740379,40.27602353581162,39.36183425184608,39.37046051025391,190028300
2008-06-27,39.32733579812203,39.58607091109877,38.78399995675958,39.37046051025391,181351800
2008-06-30,39.24971218240114,39.52569649594337,38.93923599832859,38.95648193359375,132912400
2008-07-01,38.64601171481281,39.55157479386625,38.53389337856312,39.50845336914063,245494300
2008-07-02,39.62919394122252,39.78443369932593,38.49939421057075,38.55976486206055,199576400
2008-07-03,38.79261782342322,38.87886394639073,38.18890812246343,38.49076461791992,123118300
2008-07-07,38.84435498855058,39.20657873716131,38.15440264123088,38.72361373901367,181011300
2008-07-08,38.7667366439366,39.68092230577757,38.611496948538615,39.646427154541016,206151200
2008-07-09,39.63782253988899,39.69819319995339,38.57701956881626,38.594268798828125,168500300
2008-07-10,38.65462734382252,39.17209092217884,38.275154272358094,39.05134963989258,238811500
2008-07-11,38.6460074233307,39.04272975067818,37.81806102675118,38.430397033691406,265514700
2008-07-14,38.93060400782766,38.96510245318437,38.007791979229125,38.145782470703125,177389800
2008-07-15,37.95605447636304,38.749502482299775,37.34372171207782,38.1544189453125,283891100
2008-07-16,38.25791123504875,39.13760209248588,37.878434812259954,39.10310363769531,186047800
2008-07-17,39.33596709580292,39.51707906612573,38.79262789488045,39.3618392944336,197555100
2008-07-18,38.93062208370033,38.95649428475416,38.45627975463867,38.45627975463867,160661000
2008-07-21,38.80988214476291,38.97374490721275,38.3700382613689,38.62014389038086,128107800
2008-07-22,37.97331252130148,38.64601938231308,37.826698990154966,38.62014389038086,152524500
2008-07-23,38.680504882670526,39.57744494643104,38.5683898421657,39.12897491455078,169259100
2008-07-24,39.31009060613972,39.33596280194622,38.50801963660129,38.54251480102539,145561000
2008-07-25,38.79261580073992,39.22383652323363,38.60287763005772,39.042724609375,111616700
2008-07-28,39.03410142352569,39.25833805923774,38.12853849303512,38.30965042114258,124028500
2008-07-29,38.47352164255921,39.27559262169443,38.43902318776865,39.10310363769531,142290900
2008-07-30,39.21522123540512,39.51707448427778,38.70638055162431,39.30146408081055,165679900
2008-07-31,38.91334715291149,39.80166385187688,38.82710434638772,39.20657730102539,180473100
2008-08-01,39.24972249856119,39.284220958065504,38.29241492197292,38.70638656616211,180350400
2008-08-04,38.69774081582533,38.74086222351013,38.206149530323145,38.318267822265625,116298000
2008-08-05,38.71500598093437,39.64644456229341,38.671884555490834,39.61194610595703,151657400
2008-08-06,39.62919191846467,40.37089221599996,39.31008944974144,40.21565246582031,133463700
2008-08-07,39.97416405308091,40.40538482297371,39.74130773249778,39.90517044067383,152805800
2008-08-08,39.87930608920863,40.914233508498754,39.80168620376647,40.81074142456055,143121500
2008-08-11,40.79349161227415,41.638684080584525,40.65550107234499,41.18159103393555,157290100
2008-08-12,41.172948926139966,41.53517269134896,40.97458453286557,41.22469329833984,140549300
2008-08-13,41.15571129222411,41.50068593383833,40.75036271612519,41.13846206665039,169652100
2008-08-14,41.00047922457165,41.79392400972239,40.95735779754459,41.61281204223633,158069200
2008-08-15,41.68180737655137,41.888791534412455,41.36270159075524,41.53519058227539,123115900
2008-08-18,41.65591756451434,41.66454382059854,40.75897774901667,41.052207946777344,151399100
2008-08-19,40.84521038871179,41.04357144384018,40.319120799481375,40.54335403442383,155410600
2008-08-20,40.82799524774878,41.017733497947646,40.31053147987565,40.61238479614258,155466700
2008-08-21,40.31052289725577,40.60375318060596,40.00004338665515,40.422637939453125,118916200
2008-08-22,40.638245934298496,41.12121439879788,40.60375077179772,40.95735168457031,96515500
2008-08-25,40.67274006570106,40.71586148171096,39.99141050690394,40.09490585327149,128076500
2008-08-26,40.12077170800816,40.336382043956206,39.77579385451021,40.04315185546875,107225500
2008-08-27,40.06041254897282,40.61237464066913,39.92242202604874,40.30189514160156,108489900
2008-08-28,40.46575360779038,40.776233074236366,40.388137031132125,40.62961959838867,112808600
2008-08-29,40.19840426661567,40.63824804339807,39.603317445732,39.77580642700195,133184300
2008-09-02,40.42263666271854,40.60375189815091,39.103102074296615,39.28421401977539,162277500
2008-09-03,39.19797556265929,39.36183829976952,38.628764177489984,38.913368225097656,161682900
2008-09-04,38.68913604312031,38.73225747108216,37.654205322265625,37.654205322265625,219004700
2008-09-05,37.326462931864285,37.7576836340899,36.92111770894016,37.47307968139648,247977500
2008-09-08,37.96468697523101,38.13717598660867,36.80901487594123,37.40409851074219,311065100
2008-09-09,37.38682904627686,37.76630532392011,36.52438774610943,36.610633850097656,214180600
2008-09-10,36.96422323234422,37.240204099943824,36.61062254011026,36.9124755859375,160658100
2008-09-11,36.395031402176855,37.68006737517837,36.36915592040382,37.602447509765625,203398200
2008-09-12,37.28335587386067,37.69732751258351,36.99875181159366,37.45584487915039,172094300
2008-09-15,36.56751155528793,37.3350837674093,36.2484059132075,36.29153060913086,616772300
2008-09-16,35.77406682357178,36.94698758663195,35.73094541403776,36.57613754272461,349506500
2008-09-17,36.11042473300855,36.58476690066413,34.66152274783836,34.67877197265625,340088000
2008-09-18,35.44634742131433,36.19667396043238,34.06644221710904,35.8516960144043,423934000
2008-09-19,37.77451449156688,37.826297053165945,36.33326446935303,37.023685455322266,263394000
2008-09-22,36.88560750250237,36.97190849273228,35.211340637799374,35.2803840637207,164698200
2008-09-23,35.55656501248139,36.03122722770518,34.90066537980926,35.01285934448242,184011200
2008-09-24,35.21995623525233,35.60831380177424,34.969678871631835,35.25447463989258,159270800
2008-09-25,35.58242082362784,36.26420945664854,35.40981564800401,35.81543731689453,148586800
2008-09-26,34.78844831281105,35.80681542338397,34.71077613345649,35.45297622680664,182678600
2008-09-29,34.74529297204173,34.848858067950154,32.087184728296265,32.63951873779297,307954400
2008-09-30,32.5532232530917,33.91679765662843,32.44965813978187,33.58021926879883,195436700
2008-10-01,33.519814989070696,33.632008906024474,32.82076514182709,33.22638702392578,174033300
2008-10-02,33.01062945930325,33.01062945930325,31.621161914791685,31.716094970703125,192124000
2008-10-03,32.15622786873218,32.95021055145816,31.15512155897904,31.224164962768555,272116100
2008-10-06,30.430196855512555,30.663213516656565,28.40209363424872,30.08498954772949,394046600
2008-10-07,30.32661503544099,30.378397579009576,27.84974098105397,28.177690505981445,329365700
2008-10-08,27.573581138183908,29.446339171120467,27.4786480964828,27.953310012817383,452066500
2008-10-09,28.60920646140861,29.0666074811148,26.727814892369008,27.20247840881348,352433900
2008-10-10,26.339464629837448,28.03098906580281,25.35561720553032,27.02988243103028,472339100
2008-10-13,28.358925578101225,30.42154924102946,27.961935938410065,30.3179874420166,276998700
2008-10-14,31.19827363698952,31.19827363698952,28.643723802503988,29.00619506835937,341595900
2008-10-15,28.678252211197307,28.781814043309023,26.35672166267949,26.40850257873535,312088500
2008-10-16,26.58973561666234,27.849749931674125,25.24342032680345,27.84111785888672,494783500
2008-10-17,27.331937130186976,29.04072383708199,27.10755096370408,27.875640869140625,326571300
2008-10-20,28.27263437965483,28.704145915494426,27.3578320306648,28.6523666381836,232783400
2008-10-21,28.186334365888527,28.704146909967275,27.167966842651367,27.167966842651367,239932400
2008-10-22,27.07302706899262,27.271521926061045,25.640407647924377,26.41712951660156,289993600
2008-10-23,26.31356811523437,26.831382186257283,24.941361567762165,26.31356811523437,377966900
2008-10-24,24.36313778740232,26.106444563212964,24.242315099642298,25.46780776977539,322129500
2008-10-27,25.17438056679733,26.06329483494467,24.734238646418696,24.760129928588867,239302300
2008-10-28,25.61451864647847,27.513167943289137,24.89820974136579,27.495908737182617,327239500
2008-10-29,27.539060691787206,28.54879919981348,26.96946570772685,27.426868438720703,341316000
2008-10-30,28.194949698733087,28.53153131321644,27.59946522788462,28.341665267944336,255292100
2008-10-31,27.93604303060384,28.850848250062427,27.69439773542129,28.384815216064453,224261000
2008-11-03,28.31577879820841,28.73002934049181,28.05686932863195,28.32440757751465,128455500
2008-11-04,28.87674625871608,29.35140820867576,28.462495650087387,29.12702369689941,182487600
2008-11-05,28.937155229788136,28.9975665661708,27.54768955473062,27.60810089111328,183893900
2008-11-06,27.17659310049838,27.50454275057727,26.235897932455497,26.37398147583008,220677200
2008-11-07,26.68466041500133,27.167952638299592,26.399863006225647,26.91767692565918,176946200
2008-11-10,27.59084235941206,27.59084235941206,26.23589662858355,26.55521583557129,142584500
2008-11-11,26.30493579398981,26.546582782018035,25.64903823741499,25.97698783874512,162869800
2008-11-12,25.588625697436115,25.718078788252704,24.72560289721173,24.77738380432129,184946400
2008-11-13,24.691083071739083,26.348086929486872,23.543262802565405,26.287673950195312,317943900
2008-11-14,25.70082393143033,26.253158090272496,24.91547318204452,25.010404586791992,259407000
2008-11-17,24.58751527286854,25.22615184080324,24.38902045704122,24.48395347595215,202835200
2008-11-18,24.64793713527945,24.811911970948,23.63820013009657,24.45807266235352,252661800
2008-11-19,24.50985008238957,24.83779970688799,23.12038432980216,23.180795669555664,244180600
2008-11-20,22.895989930839843,23.68997078036923,21.98118479923786,22.058856964111328,342472400
2008-11-21,22.44722778298354,23.02545324222388,21.61872487080848,23.016822814941406,282746800
2008-11-24,23.491481231319845,24.716973736176968,23.28435594619989,24.423545837402344,225058200
2008-11-25,24.691082260190694,24.716971890093618,23.75038729839365,24.311351776123047,202968700
2008-11-26,24.06106953679152,25.338344245003405,24.00065821773057,25.329713821411133,164912000
2008-11-28,25.044924874340285,25.19163883272256,24.880950062951733,25.131227493286133,41238200
2008-12-01,24.59615080335285,24.60478122923516,23.206683511924883,23.2412052154541,149161500
2008-12-02,23.560524441567942,24.06970808274201,23.163534698868453,24.017927169799805,181743000
2008-12-03,23.413812783282346,24.77738902934252,23.36203186525329,24.6997184753418,230944900
2008-12-04,24.31135249401624,24.83779693205874,23.577782780207507,24.00066375732422,188868700
2008-12-05,23.73313184464797,25.088077653859617,23.25846986618929,24.97588539123535,212283700
2008-12-08,25.536843473496063,26.28767234916631,25.40739038935484,25.95972442626953,185782500
2008-12-09,25.61451364446334,26.606989406494733,25.519580622031462,25.899311065673828,178148300
2008-12-10,25.97699363608781,26.287680808791773,25.562742975092,25.813018798828125,162335100
2008-12-11,25.726711104841108,26.12370247808978,24.9758821352636,25.105335235595703,167161400
2008-12-12,24.760126673014984,25.76986349968692,24.570260587569607,25.61451911926269,158600100
2008-12-15,25.657661681498062,25.68355295226884,24.80326949908232,25.16573905944824,107887000
2008-12-16,25.39013581776477,26.46028410196061,25.11396873101561,26.37398147583008,169300100
2008-12-17,26.106432152501966,26.40849037439252,25.735332192415136,26.054651260375977,159813500
2008-12-18,26.05465837605993,26.235892371039427,25.338349529363445,25.59725570678711,142656400
2008-12-19,25.86777481400248,26.24805662546223,25.634419953665223,25.807275772094727,118308900
2008-12-22,25.80727347074239,25.859129552256896,24.839283941112672,25.245492935180664,95379600
2008-12-23,25.349209124724904,25.599849897762297,24.96892731150191,25.115854263305664,68764800
2008-12-24,25.23685529611942,25.245496603898346,25.046713555476003,25.18499755859375,27194700
2008-12-26,25.23685796947593,25.262785192509902,25.03807325152085,25.17635726928711,20937000
2008-12-29,25.24549730468419,25.27142617416678,24.59729040389801,24.968929290771484,52688300
2008-12-30,25.03806969684167,25.57392142596719,25.01214247748861,25.48749351501465,77089500
2008-12-31,25.46156396831713,25.99741568315549,25.45292266108003,25.70356178283692,89189700
2009-01-02,25.712200398594675,26.90490006150302,25.66034432154865,26.81847381591797,107891500
2009-01-05,26.64562636341954,27.07776432043152,26.43820034187085,26.809839248657227,91751900
2009-01-06,27.00863011335179,27.33705433020073,26.88763197795628,27.07777214050293,136791700
2009-01-07,26.559200502373645,26.70612748509306,26.092492329807964,26.30856132507324,133879800
2009-01-08,26.256702995532137,26.619698965446204,25.997420866368767,26.585128784179688,131926600
2009-01-09,26.59376316890753,26.611049078206328,25.85912850845911,25.98876953125,117137900
2009-01-12,26.023340975281474,26.05791114490644,25.23685024673204,25.51341819763184,102726200
2009-01-13,25.50477829786401,25.910987318341167,25.219567358278947,25.52206420898437,186266700
2009-01-14,25.22821452765348,25.30599949221213,24.60593481118422,24.744218826293945,136294000
2009-01-15,24.692360083423345,25.357852865033205,24.260222170452057,25.150426864624023,192567200
2009-01-16,25.4961344098594,25.582562313825136,24.80471447508378,25.42699241638184,175478100
2009-01-20,25.323277351280755,25.43563411542977,24.16514778137207,24.16514778137207,135105800
2009-01-21,24.57135431903113,25.22820393935985,24.28614345151107,25.19363212585449,149179600
2009-01-22,24.649147103173007,25.262782152099543,24.424435189228333,24.8565731048584,200602700
2009-01-23,24.450368079301622,25.36650014955297,24.32072536450825,24.977575302124023,170164100
2009-01-26,25.01214021315514,25.573919110776224,24.847927362058925,25.159067153930664,140398700
2009-01-27,25.167710566857803,25.556633665296324,25.167710566857803,25.340564727783203,110591300
2009-01-28,25.764073515021057,26.49006566770891,25.764073515021057,26.23078346252441,139722800
2009-01-29,25.91098900955364,26.273984924397883,25.47885109419027,25.565279006958008,130731800
2009-01-30,25.75541815689986,25.867774933942574,25.01214209054729,25.115854263305664,140334200
2009-02-02,24.87385347791858,25.59120219217792,24.83928166109888,25.418346405029297,126796100
2009-02-03,25.4702063420566,26.29991193825548,25.08992619025419,25.81591796875,120541100
2009-02-04,25.876425166833315,26.68020214989109,25.74678409018948,25.85049629211425,175780900
2009-02-05,25.478852844213147,26.593769533697195,25.461566930777245,26.420913696289062,217578900
2009-02-06,26.51598251817884,27.23333138545922,26.42955460616819,27.11233329772949,164513200
2009-02-09,27.12962051258988,27.371618362849865,26.95676631824031,27.22469139099121,98856900
2009-02-10,27.05183385919417,27.38025961036154,26.014703812423136,26.222129821777344,232795200
2009-02-11,26.25670162686106,26.38634433316049,25.6949226106403,26.101133346557617,169117200
2009-02-12,25.798635648875564,26.455485523160863,25.61713685474948,26.420913696289062,201151400
2009-02-13,26.343128448365967,26.602412201663817,26.178917217933623,26.299915313720703,145066700
2009-02-17,25.487489964356584,25.643059852703686,25.115851152966304,25.254135131835938,157783300
2009-02-18,25.418352205253544,25.64306412043387,24.95164411101389,25.271425247192383,161271900
2009-02-19,25.42699659150385,25.591209471155057,24.822002812878623,24.882503509521484,155322400
2009-02-20,24.60592947153556,25.193637232453188,24.53678747898497,24.951641082763672,210752400
2009-02-23,25.089928629722795,25.10721289395784,23.96636903067708,24.078725814819336,169473500
2009-02-24,24.208374034694,25.04672126779644,24.165159240116022,24.87386703491211,181337300
2009-02-25,24.72693404597193,25.2109280887797,24.320723317627955,24.70964813232422,220224700
2009-02-26,24.8738535899306,25.02078051512608,23.940435961769595,24.01822090148925,211218500
2009-02-27,23.767583478024164,24.182435448551995,23.67251261660001,23.79351234436035,204492600
2009-03-02,23.43915507107685,23.776222028625423,22.877374610529387,23.024301528930664,188180400
2009-03-03,23.21444693033647,23.473728993241547,22.83416514273057,23.007020950317383,158758800
2009-03-04,23.344085211688714,23.94907717001989,23.266300272285783,23.62065315246582,164911000
2009-03-05,23.361376809871523,23.54287394703281,22.83416801406432,22.91195297241211,199626900
2009-03-06,23.03295035903187,23.171234358868528,22.220530623635018,22.730453491210938,218421600
2009-03-09,22.54895490185392,23.171232860889724,22.151387191669084,22.246458053588867,181098800
2009-03-10,22.687235528105614,23.672509229242788,22.60945058870269,23.62065315246582,175068200
2009-03-11,23.86266162802008,24.191085792882475,23.56016468893784,23.98365974426269,173094900
2009-03-12,23.96636050825637,24.85656491458169,23.715721456984056,24.778779983520508,184395100
2009-03-13,24.77015051083672,24.92572045762453,24.476296533232112,24.83929252624512,156783500
2009-03-16,25.003503427383315,25.04671656537233,24.36393942398765,24.4244384765625,190269800
2009-03-17,24.545441318410123,25.34921836853028,24.45901337727796,25.34921836853028,169773800
2009-03-18,25.245496385791714,26.1011309143442,25.133141252407484,25.66899299621582,208033900
2009-03-19,26.0233494332416,26.040633699434206,25.46156874585524,25.651710510253903,146753400
2009-03-20,25.70278412390189,25.997123981324112,25.088132662390283,25.261274337768555,149410800
2009-03-23,25.884588422241883,26.78492273664424,25.27859569634969,26.750293731689453,179499000
2009-03-24,26.525205986283307,26.73297502976837,26.23952334509115,26.25683784484864,118757600
2009-03-25,26.4819199333112,26.88014349864749,25.676813902033967,26.378034591674805,190555200
2009-03-26,26.66371287263481,27.235078030534044,26.334745704923616,27.19179344177246,182459500
2009-03-27,26.836863207331152,26.992690419178903,26.58580788797605,26.6810359954834,156108100
2009-03-30,26.230863197781225,26.24817769562617,25.64218513186572,26.023094177246094,162919700
2009-03-31,26.222204574788563,26.793569728141787,26.204890078941204,26.2481746673584,150243800
2009-04-01,25.9192097749086,26.732971336672147,25.78935434706985,26.637744903564453,137950000
2009-04-02,27.11387848716949,27.936298841576946,27.03596491038558,27.49478912353516,212272400
2009-04-03,27.78047803821753,28.04884782013023,27.55539450396892,28.00555992126465,134577300
2009-04-06,27.693900396544347,27.98824185480853,27.399560589481265,27.936298370361328,160413700
2009-04-07,27.633301455237675,27.633301455237675,27.018650095788388,27.200448989868164,147531200
2009-04-08,27.468822689041115,27.832420551763,27.261053661201075,27.659278869628903,126126000
2009-04-09,28.178702418827907,28.576926001565504,28.07481872385356,28.516326904296875,131871500
2009-04-13,28.4297493200956,28.62886105271233,28.161379609663232,28.473033905029297,119310500
2009-04-14,28.299895024722453,28.46438108688596,27.93630051291306,28.12675666809082,124069000
2009-04-15,27.92765140503355,28.07482302265156,27.57271401685546,28.048852920532227,124808200
2009-04-16,28.438401933949063,28.940512313252547,28.144062163902635,28.776029586791992,171168000
2009-04-17,28.715434112005845,29.001118355587263,28.50766675522172,28.83663558959961,129835400
2009-04-20,28.317216651545408,28.412444753114084,27.75451024599016,27.91033744812012,123080500
2009-04-21,27.80644463735449,28.343184133654013,27.771818945982435,28.29989624023437,145490200
2009-04-22,28.13542119654684,29.027096565391343,28.040193088727804,28.38647651672364,165040500
2009-04-23,28.56826032525968,28.68945847704313,28.12675230056253,28.663488388061523,181666600
2009-04-24,28.86260439851076,29.37337047293393,28.62886365573381,29.165599822998047,141170000
2009-04-27,28.931871241229253,29.485925439811165,28.871272130860014,29.200241088867188,120749100
2009-04-28,29.018439426247788,29.35606393430968,28.87992672287872,28.983810424804688,108968000
2009-04-29,29.217540116983304,29.780249617974928,29.17425553284597,29.382022857666016,141413600
2009-04-30,29.771592972430643,30.21310435028469,29.46859755814048,29.67636489868164,144120400
2009-05-01,29.66772422340777,29.90146507587723,29.44263897181317,29.75429344177246,100112000
2009-05-04,30.022659860300188,30.377598898746264,29.884147145355467,30.34296989440918,119317400
2009-05-05,30.29101980510574,30.351618891717862,29.9793654725848,30.31698989868164,113569500
2009-05-06,30.550730598746856,30.594015188770985,29.83219385521673,30.325645446777344,178840500
2009-05-07,30.53341302499945,30.53341302499945,29.330083710630515,29.61576461791992,216484700
2009-05-08,29.840857849153505,30.07459863807152,29.33009167390372,29.633087158203125,183507300
2009-05-11,29.25217249705004,30.057278404484624,29.15694441946493,29.73696517944336,142775900
2009-05-12,29.79756279306249,29.849506278925947,29.01843031952438,29.373369216918945,147842200
2009-05-13,29.113659486166764,29.13097398210507,28.53363543064212,28.58557891845703,175548300
2009-05-14,28.65483804932015,29.174263100918072,28.6375268530962,28.905893325805664,140021700
2009-05-15,28.86261212981669,29.278150238594453,28.76738402735449,28.88858222961425,121326400
2009-05-18,29.08769056559927,29.676370308448085,28.90589328388497,29.64174461364746,114333400
2009-05-19,29.57248938580378,30.074599985020043,29.390692087081995,29.78026008605957,129086400
2009-05-20,29.89279113814671,30.33430251600076,29.589795723856547,29.67636489868164,131873700
2009-05-21,29.45129723118952,29.65906467168389,28.8366472079881,29.1309871673584,139253200
2009-05-22,29.243518728133967,29.40800481914769,28.84529515419041,29.03575134277344,83510600
2009-05-26,28.78470239550701,30.15251841028191,28.72410328623509,30.117889404296875,144857200
2009-05-27,30.03130291372902,30.464155379894976,29.80622108437971,29.91010475158692,121348800
2009-05-28,30.091914940568056,30.360284773910475,29.61577768342813,30.25640106201172,118931300
2009-05-29,30.27370035663478,30.732522880905005,30.091899824133485,30.628639221191406,111535700
2009-06-01,30.95761087976809,31.598234064544805,30.82775710478005,31.503005981445312,119126200
2009-06-02,31.329870768052587,31.849295882242604,31.260616067602587,31.54629707336425,126858600
2009-06-03,31.451078414916992,31.48570412070214,31.10479493783359,31.451078414916992,93329800
2009-06-04,31.52031744143676,31.84928625069998,31.459718358467526,31.806001663208008,89280600
2009-06-05,31.99645482873993,32.10034180264275,31.52897335338439,31.84062767028809,121958800
2009-06-08,31.641521507312003,31.98780487662112,31.269268041145736,31.745405197143555,89194100
2009-06-09,31.892574420871885,32.178255372333005,31.745402843983715,31.987802505493164,109187800
2009-06-10,32.16960117090999,32.17825676879542,31.416438663569465,31.87526130676269,133404700
2009-06-11,31.83197671252985,32.23020026331654,31.814662214356147,31.87526130676269,147909800
2009-06-12,31.74539957214165,31.78868746243728,31.33852048306219,31.72808837890625,109452500
2009-06-15,31.4250878160528,31.45106120918755,30.80178252165587,31.078807830810547,112152900
2009-06-16,31.200018721117853,31.329872530166337,30.749851584462025,30.775821685791016,110550300
2009-06-17,30.90566951966812,31.34717762174225,30.6892432671528,31.070152282714844,153421800
2009-06-18,31.01822807199673,31.217339930577715,30.79314280410224,31.00956916809082,126266700
2009-06-19,31.24704296941293,31.51574273187627,31.125695756191945,31.34238815307617,122044700
2009-06-22,31.056361642961807,31.10836571167964,30.35427695709337,30.40628433227539,137714900
2009-06-23,30.492959582405664,30.56229944193661,30.1375841228412,30.33694076538086,114903100
2009-06-24,30.59698070628504,31.09103934770322,30.57964490930096,30.848344802856445,103314600
2009-06-25,30.648983771907474,31.515753659997777,30.579640593757183,31.45508003234864,112538200
2009-06-26,31.30772352486885,31.637096967048127,31.24704990479165,31.52441596984864,87677300
2009-06-29,31.61110105452096,31.8537955818376,31.307729588910203,31.593765258789062,93817600
2009-06-30,31.680424560524443,31.836443335025827,31.299047170889526,31.5330753326416,97843000
2009-07-01,31.68910762268211,31.93180212809973,31.54175502548952,31.550424575805664,85976000
2009-07-02,31.28173636607644,31.29040261315271,30.77034182046362,30.857017517089844,113309800
2009-07-06,30.666298775563423,30.80498173137617,30.37159708115353,30.69230079650879,107632500
2009-07-07,30.70098037654844,30.76165729589376,29.912220102626232,29.929555892944336,149773000
2009-07-08,30.111593805799583,30.224271534690363,29.73021285735255,30.085588455200195,152776400
2009-07-09,30.198265949181444,30.34561525728135,30.03358084487007,30.137592315673828,97851500
2009-07-10,30.05091991686604,30.45830295090467,29.95557797651716,30.26761245727539,108482000
2009-07-13,30.29361252522657,30.857011048115893,29.88622956226361,30.848344802856445,127140300
2009-07-14,30.813665026638425,31.02169122874302,30.68365154347933,30.96101760864257,115631700
2009-07-15,31.481076265422463,32.00980632868753,31.32505744982083,32.00113677978516,160869700
2009-07-16,31.85378118075906,32.451850984030145,31.8277791521492,32.382511138916016,120142500
2009-07-17,32.37384211883203,32.56453248231165,32.21782333170571,32.55586624145508,104906500
2009-07-20,32.729221646609524,32.93724782455611,32.59920817854884,32.86790466308594,97168800
2009-07-21,32.9979279502345,33.0932731628418,32.62521664993212,33.0932731628418,130587600
2009-07-22,33.11927953259808,33.535328718563754,33.0499396548363,33.370643615722656,113808600
2009-07-23,33.335963012289334,34.228738082318216,33.27528939572459,34.10738754272461,160239300
2009-07-24,33.743339651545526,34.12471707232302,33.61332289335637,33.84735107421875,109312300
2009-07-27,34.09005505781821,34.15939491683616,33.691338469224604,34.10738754272461,94718600
2009-07-28,33.96003914748637,34.31541461354371,33.74334670948886,33.87336349487305,111564300
2009-07-29,34.0813923850635,34.17673760360585,33.804026280102924,34.09872817993164,126538200
2009-07-30,34.45409927159237,34.826810547097814,34.246073066429005,34.29808044433594,108969900
2009-07-31,34.29807653147761,34.54077098776038,34.15939351267832,34.19406509399414,78208300
2009-08-03,34.55812222031258,34.72281065191984,34.35876549836237,34.705474853515625,111722800
2009-08-04,34.54078642190837,34.835488381849004,34.471446534757,34.705474853515625,100690800
2009-08-05,34.78346915297232,34.79213539516955,34.20273173183682,34.43675994873047,118093000
2009-08-06,34.51477367592843,34.61011888435623,34.01204890394241,34.13339614868164,116937500
2009-08-07,34.601444550435104,34.73146132694431,34.315412271164426,34.566776275634766,107442100
2009-08-10,34.44543579378724,34.54077770124079,34.09872652616925,34.3240852355957,87163200
2009-08-11,34.211397298541215,34.2373993285705,33.84735234581304,34.02937316894531,91922700
2009-08-12,34.00338092150214,34.861484530440244,33.977378883992216,34.55811309814453,147240000
2009-08-13,34.766137978218865,34.80947580788731,34.35875510511367,34.748802185058594,110107000
2009-08-14,34.558101425508724,34.63611081815399,34.04670725293722,34.35007858276367,124480200
2009-08-17,33.76935111534865,33.8126889446986,33.335966208920254,33.353302001953125,131797200
2009-08-18,33.5613281935368,33.89936789133185,33.465982985140364,33.83002471923828,84496200
2009-08-19,33.43130353496999,34.150723897119846,33.405301504783644,34.06404495239258,88036300
2009-08-20,34.04671564548022,34.53210790897405,33.97737578296069,34.462764739990234,81473500
2009-08-21,34.66213078586084,34.98283473258071,34.44543830442163,34.92216110229492,114660200
2009-08-24,34.982811588452705,35.164832358887736,34.7574497052318,34.88746643066406,109904900
2009-08-25,34.96550262674185,35.329544446869164,34.887493192933825,34.99150466918945,92900400
2009-08-26,34.9135037372326,35.19086994576638,34.74015233674851,34.93083953857422,96407500
2009-08-27,34.92214520948614,35.07816398963658,34.38474571942871,35.01749038696289,121957800
2009-08-28,35.45090571432761,35.606924628979705,34.80949425337273,35.052188873291016,114300900
2009-08-31,34.79214163081435,34.844149012710886,34.48877350257939,34.69679641723633,96415300
2009-09-01,34.57545260806863,35.182192231406546,33.942710944426146,34.046722412109375,162958900
2009-09-02,33.8647101703174,34.21141955980758,33.83870812336867,34.020729064941406,92757200
2009-09-03,34.1854048606073,34.298085877356144,33.821363076985484,34.24607849121094,76783100
2009-09-04,34.30675439510209,35.00016965716434,34.254747010523126,34.98283386230469,74866600
2009-09-08,35.26020650348525,35.346882187386235,35.06951603114462,35.31221389770508,71024400
2009-09-09,35.33822671573609,35.78894768366387,35.18220779197392,35.61559295654297,99280800
2009-09-10,35.63291692122469,35.99695875140959,35.53757168766237,35.95362091064453,99289100
2009-09-11,35.97960788690102,36.07495308053635,35.72824719313795,35.988277435302734,93868400
2009-09-14,35.75424197444629,36.15295515200408,35.71957040079867,36.126953125,90435600
2009-09-15,36.10096007431381,36.36099032839959,36.03161690977676,36.23964309692383,91594600
2009-09-16,36.40433742428608,36.82038659807356,36.26565436635692,36.76837921142578,96888500
2009-09-17,36.67301752120679,36.976385513578,36.58633859019849,36.75969314575195,102169600
2009-09-18,36.90807862996598,36.97748561196919,36.6217661413324,36.82131576538086,87444200
2009-09-21,36.61308682104259,37.046891159420674,36.57838167965288,36.93410110473633,71351400
2009-09-22,37.14231528335457,37.159667847807725,36.82129780546608,37.00349807739258,75638400
2009-09-23,37.159659530266936,37.45464313095389,36.76923519161875,36.8299674987793,143924100
2009-09-24,36.97747007316202,37.03820239801801,36.24000423724591,36.50028610229492,111016400
2009-09-25,36.2313260849013,36.51763845152301,36.07515961452809,36.17927169799805,109216000
2009-09-28,36.37883249877628,37.01218644291924,36.34412735698816,36.79528427124024,84478500
2009-09-29,36.79528038519068,36.97747739583925,36.46558819235222,36.63043594360352,106686400
2009-09-30,36.77792447106775,36.960121465144965,36.092512948971006,36.65645980834961,173102700
2009-10-01,36.52630137664297,36.55233187141804,35.57193374633789,35.57193374633789,140119100
2009-10-02,35.3290134528455,35.78884482422206,35.3290134528455,35.467830657958984,145286400
2009-10-05,35.65004208665205,35.91900197868672,35.4244652779225,35.754154205322266,97054200
2009-10-06,35.95370403391943,36.56103079763273,35.93635146242309,36.387508392333984,124628000
2009-10-07,36.34411252842705,36.50896022982976,36.24000045520537,36.491607666015625,93787600
2009-10-08,36.70851751813879,36.97747404002164,36.56102234933453,36.64778518676758,107850400
2009-10-09,36.56969755434643,36.916738949145966,36.49161266132541,36.85600662231445,62828000
2009-10-12,37.00351138751575,37.194383045830286,36.68249379415757,36.93410110473633,53221900
2009-10-13,36.89938121799349,37.090256109697,36.7605640175718,36.94276428222656,70939300
2009-10-14,37.40260412230872,37.48936365112878,37.1770240519144,37.44598388671875,91004900
2009-10-15,37.24642857960624,37.41127298281223,37.19437088454276,37.35921859741211,85772800
2009-10-16,37.22042175202528,37.29850668251292,36.8560243065279,37.11630630493164,111859300
2009-10-19,37.14234586637943,37.54144524843086,36.95147080989136,37.48938751220703,83512000
2009-10-20,37.7062595897419,37.7062595897419,37.25510283271778,37.4980354309082,89847900
2009-10-21,37.48936698105594,38.018608758993295,37.35922767626647,37.42863464355469,110397400
2009-10-22,37.35922396917568,37.73229589661506,37.12496927220232,37.57612609863281,85871800
2009-10-23,37.940516125042976,37.940516125042976,37.32451493603809,37.419952392578125,117020400
2009-10-26,37.48069709660643,37.96655585812982,37.12497765634912,37.29850006103516,107068600
2009-10-27,37.24643197768298,37.40260176745779,36.59572562350915,36.73454284667969,121438200
2009-10-28,36.60439873976625,36.71718876320259,35.83222776092635,35.91031265258789,143553600
2009-10-29,36.11854384739725,36.60440250354788,36.04045894770677,36.51764297485352,85207600
2009-10-30,36.49161029526894,36.56969518322707,35.502533944578225,35.53723907470703,162796500
2009-11-02,35.5719519312913,36.0664885592215,35.259612311616635,35.68474197387695,142456600
2009-11-03,35.49387320930407,35.84959265819573,35.4331408626395,35.79753494262695,95107000
2009-11-04,36.031787828020015,36.32677491493629,35.81488565557171,35.85826873779297,107970600
2009-11-05,36.27472270685905,36.786611997200055,36.24869219401819,36.74322891235352,135204800
2009-11-06,36.54366192424872,37.00349658961086,36.508960106400906,36.96011352539063,96312300
2009-11-09,37.246437776636526,37.758326987336616,37.20305800820381,37.74964904785156,101620800
2009-11-10,37.706267904322246,37.97522775425917,37.65421350796701,37.84508514404297,72846500
2009-11-11,38.13140773252192,38.29625221438524,37.83642060573258,38.08802795410156,84676200
2009-11-12,38.11404214743844,38.31359170777965,37.78434998660071,37.87111282348633,92426100
2009-11-13,37.98390682233573,38.29624647562152,37.85376750657628,38.18345642089844,87959500
2009-11-16,38.34829865998032,38.73872317030952,38.27888838718225,38.573875427246094,87776100
2009-11-17,38.46975106343783,38.69532775878906,38.39166618626569,38.69532775878906,81884000
2009-11-18,38.57386150809294,38.59989200583125,38.21814226252199,38.478424072265625,100240800
2009-11-19,38.21814653715254,38.24417703780232,37.610820040047166,37.87977981567383,114558000
2009-11-20,37.68023680938087,37.78434890098847,37.55009421262357,37.68891143798828,70912100
2009-11-23,38.07934341078886,38.52182567909202,38.05331621018198,38.29624557495117,91621500
2009-11-24,38.27887096702411,38.30490146230927,37.9405043152792,38.16608428955078,60670000
2009-11-25,38.296231304231874,38.36564155953765,38.18344129419155,38.330936431884766,37630100
2009-11-27,37.28114291524837,38.02728684708215,37.22041057750973,37.74964904785156,61230000
2009-11-30,37.66289097981571,37.8450880001372,37.40260904940439,37.79303359985352,84819400
2009-12-01,38.079344306358,38.4350637315636,38.07066967583981,38.18345642089844,81817800
2009-12-02,38.31358904332549,38.59990142064121,38.15741925745576,38.23550415039063,81653600
2009-12-03,38.37431357528841,38.60856820650993,38.07065200314732,38.07932662963867,72460400
2009-12-04,38.56520111554632,38.808130453012026,37.879789559509184,38.27888870239258,125062600
2009-12-07,38.25287242568687,38.42639484898661,38.01861765068195,38.0967025756836,67471900
2009-12-08,37.87978695435603,38.17477397656146,37.61950506644859,37.86243438720703,86621400
2009-12-09,37.827731385639,38.2788882279579,37.58480205118419,38.24418640136719,78820500
2009-12-10,38.40902758389613,38.64328226929655,38.38300038873954,38.435054779052734,76722400
2009-12-11,38.6432865201513,38.686666286738735,38.13139733122589,38.28756713867188,66643700
2009-12-14,38.54784637106316,38.69533822915128,38.33961887237332,38.65195846557617,47965500
2009-12-15,38.53049224084516,38.75606898808425,38.32226475060135,38.435054779052734,61171100
2009-12-16,38.58254759392662,38.78209713387093,38.42637781315916,38.48711013793945,61629700
2009-12-17,38.31360667870231,38.35698645926372,37.96656181488075,38.01861953735352,90440900
2009-12-18,38.37752459728777,38.65562233736194,38.23847572725068,38.63824081420898,96442600
2009-12-21,38.83812736573612,39.220514284189896,38.82074584078941,39.07277297973633,82357400
2009-12-22,39.20314059729306,39.359571037902334,39.13361448360558,39.30742645263672,51569100
2009-12-23,39.385632784865685,39.60289686832817,39.29003605771229,39.59420776367188,73932200
2009-12-24,39.63766709800966,39.9592170715332,39.62897467659184,39.9592170715332,31770400
2009-12-28,40.054807390535146,40.23730842878408,39.92444761167911,40.16778564453125,49381400
2009-12-29,40.17648225396484,40.19386378207148,39.96791054706017,40.00267028808594,32410200
2009-12-30,39.95920530731912,40.20253999238028,39.94182378478811,40.124324798583984,57612700
2009-12-31,40.202540345397104,40.21992186808073,39.75932312011719,39.75932312011719,50079200
2010-01-04,40.2633942280202,40.40244315265156,40.211249638088,40.34160614013672,62822800
2010-01-05,40.31553550276455,40.41113226004633,40.115652880806216,40.34160614013672,62935600
2010-01-06,40.32420780454501,40.45456424154902,40.03741767580099,40.09825134277344,96033000
2010-01-07,40.15908784364599,40.211232411239,39.907060739726106,40.124324798583984,77094100
2010-01-08,40.03742036183282,40.454566955566406,39.9157530197255,40.454566955566406,88886600
2010-01-11,40.50670800898075,40.53277863283169,40.08086903336064,40.28944396972656,104673400
2010-01-12,40.04611995923258,40.09826122080448,39.5681362935767,39.785400390625,90673900
2010-01-13,39.90706721169524,40.402432396199096,39.63766185673971,40.28076171875,100661000
2010-01-14,40.202542992943805,40.42849948752494,40.16778326047391,40.315521240234375,75209000
2010-01-15,40.38503910716205,40.45456187312338,39.67241335133178,39.846221923828125,126849300
2010-01-19,39.94182769625445,40.53278625943483,39.93313859173126,40.48933410644531,84388200
2010-01-20,40.20254179643111,40.49802106234464,39.48122681255157,39.90706253051758,145680000
2010-01-21,40.02003263526869,40.28074880153643,39.36824056200638,39.53336334228516,204939600
2010-01-22,39.40301592550604,39.52468328680541,38.27324330820007,38.37752914428711,171098700
2010-01-25,38.61216315459099,38.75990110170357,38.34275456756774,38.50787734985352,154218700
2010-01-26,38.46441788244483,39.01192410181541,38.28191691438317,38.54263305664063,140816500
2010-01-27,38.47311498885136,38.977165816632905,38.24715854021556,38.84680938720703,161632700
2010-01-28,38.58609272061649,38.61216334313167,37.64751052783837,37.84739303588867,221439800
2010-01-29,38.16026230144213,38.25585902562617,37.04787128952613,37.186920166015625,212099600
2010-02-01,37.282517569622414,37.61275658531144,37.26513604534613,37.59537506103516,136827100
2010-02-02,37.65620936023268,38.0472820253238,37.395489829923214,37.93430709838867,110727700
2010-02-03,37.751792171445615,38.212394114616295,37.73441065328959,38.14286804199219,93581600
2010-02-04,37.864781052470335,37.94299624862133,37.03917694091797,37.03917694091797,151652500
2010-02-05,37.13476388485975,37.386790930024034,36.6046391744058,37.352027893066406,213618600
2010-02-08,37.29121279724105,37.52585844071861,37.0565671537635,37.082637786865234,94354400
2010-02-09,37.52584144178748,37.81262822155618,37.160836167771336,37.46500778198242,118956000
2010-02-10,37.465017873469314,37.638829797666666,37.15215707295143,37.38680267333984,94102900
2010-02-11,37.39550263643518,38.055987477136064,37.16085696791153,37.951698303222656,93050800
2010-02-12,37.612734135591246,38.13416960709284,37.50844836736484,38.02988052368164,93938500
2010-02-16,38.30800320461736,38.54264548769769,38.10811733872619,38.51657485961914,83861400
2010-02-17,38.69038116743431,38.73383331298828,38.46442470625576,38.73383331298828,82691700
2010-02-18,38.70776373801565,39.04669512378532,38.6295485478237,38.977169036865234,65752600
2010-02-19,38.87289308950336,39.15099087740585,38.77729635331429,38.95980072021485,80416500
2010-02-22,39.11621496117629,39.13359648160242,38.72514235473956,38.88157272338867,72055000
2010-02-23,38.85550948447191,38.88158342988389,38.19502810233805,38.37752914428711,95814400
2010-02-24,38.57741082082974,38.92503468667705,38.51657714158449,38.76860427856445,86591000
2010-02-25,38.36013414549463,38.84680673494061,38.09072888729653,38.7598991394043,97961300
2010-02-26,38.75121832758912,38.9858639129568,38.58609883352438,38.898956298828125,66222400
2010-03-01,39.07277587638495,39.53337803365206,39.06408677086088,39.46385192871094,77290100
2010-03-02,39.602895592543,39.84623029732232,39.49860976409282,39.58551406860352,76368500
2010-03-03,39.68111949780856,39.820168404641855,39.48123690143491,39.62897491455078,65735500
2010-03-04,39.65503729920188,39.81146768816808,39.45515476111984,39.75932312011719,54470900
2010-03-05,40.05480985568296,40.44588590113271,39.967905541221725,40.358978271484375,68136300
2010-03-08,40.376364947995526,40.53279538613036,40.3589834198486,40.437198638916016,58712400
2010-03-09,40.35028615960776,40.88910016253191,40.32421553024933,40.66314697265625,98002800
2010-03-10,40.689205567673405,41.08897057047238,40.67182404817964,40.99337387084961,102578900
2010-03-11,40.89779838014624,41.14982223510742,40.8282722717519,41.14982223510742,67510300
2010-03-12,41.28017565649683,41.30624628552536,40.932551798577926,41.15850830078125,64068300
2010-03-15,41.07159268338391,41.1758818095699,40.7674243533068,41.05421447753906,60150500
2010-03-16,41.18458162221156,41.37577508808473,41.04553273299118,41.31494140625,74950600
2010-03-17,41.3757609779953,41.62778803975615,41.30623489950159,41.42790222167969,75643500
2010-03-18,41.46266264055932,41.61040389042851,41.36706594626496,41.56695175170898,77829400
2010-03-19,41.68962651942604,41.71572829292403,41.16763751161877,41.31553649902344,86337100
2010-03-22,41.15022442887622,41.854912353532825,41.106725911762034,41.68961334228516,71902800
2010-03-23,41.75052077770764,42.02021361076528,41.55912329458965,41.97671508789063,59182600
2010-03-24,41.90714131159094,41.90714131159094,41.68094685829132,41.77664566040039,62995700
2010-03-25,42.12461123274815,42.28120857194774,41.67222260697668,41.71572113037109,76294800
2010-03-26,41.88973432013942,42.04633171832029,41.533040983999854,41.75923538208008,78067900
2010-03-29,41.96801413424029,42.107211390128136,41.84621363145461,41.95931243896485,57993300
2010-03-30,42.08982762105632,42.23772331078004,41.81143300144936,42.09852600097656,49437300
2010-03-31,41.96802254246134,42.15071835515612,41.82012356166674,41.89842224121094,59947400
2010-04-01,42.07241967561192,42.368214318476085,41.576529144740384,41.89842224121094,83728600
2010-04-05,41.99412612787361,42.38561957343623,41.88102728388321,42.289920806884766,56220300
2010-04-06,42.19422427446415,42.54221920421801,42.098525502845554,42.411720275878906,54097100
2010-04-07,42.35081435545033,42.51611009327076,42.0811181654775,42.307315826416016,77211500
2010-04-08,42.1855305553665,42.47262358321513,41.968034529922456,42.40302658081055,68314300
2010-04-09,42.41172472869978,42.67271929405428,42.30732756630317,42.65531921386719,54227300
2010-04-12,42.67270536372551,42.80320426316492,42.577006613299936,42.69010543823242,44280600
2010-04-13,42.64662109466605,42.93371412269881,42.50742377104163,42.90761566162109,59376000
2010-04-14,43.13379788326167,43.42958918576295,43.0641975871027,43.42089080810547,69004800
2010-04-15,43.38611075364533,43.66450542976592,43.38611075364533,43.61230850219727,72254200
2010-04-16,43.45570032452739,43.603596007661935,42.803212341632765,43.09030532836914,127388000
2010-04-19,42.93369864448941,43.20339481372503,42.542208594557565,43.0641975402832,98251700
2010-04-20,43.299088762277776,43.39478749942284,43.00329417415869,43.28168869018555,69543700
2010-04-21,43.57748403065448,43.66448107389319,43.255590988201874,43.52528381347656,74748700
2010-04-22,43.107704527875015,43.81239272978493,42.855408383135305,43.76889419555664,110477200
2010-04-23,43.7601939522613,43.9950900273736,43.57749811119357,43.95159149169922,77205200
2010-04-26,43.99507417785403,44.0646744648395,43.760178187364566,43.85587692260742,67361000
2010-04-27,43.68189583170469,43.873293373645176,42.81191183193973,42.92501068115234,112608000
2010-04-28,43.1511991045281,43.17730087765152,42.6118100283709,42.95110321044922,130082100
2010-04-29,43.19471737176717,43.786306900308745,43.15991720685852,43.69930648803711,84180200
2010-04-30,43.68189490035862,43.751495211844144,42.80321253956974,42.8380126953125,110897000
2010-05-03,43.0207053895231,43.64709155346858,43.003305312923885,43.43829727172852,74169700
2010-05-04,42.90760498210128,42.90760498210128,41.82882682219679,42.13331985473633,141136500
2010-05-05,41.68962342179815,42.19421563474805,41.44602901208436,41.91582107543945,128560200
2010-05-06,41.62872644352263,42.03761992040234,37.096111321793536,40.5151481628418,274356800
2010-05-07,40.210662059732535,40.71525106049216,38.52289095401692,39.50597381591797,288200400
2010-05-10,41.26334074882665,41.58523389461685,41.158943599680605,41.55913543701172,136041600
2010-05-11,41.141543068486826,42.09852411568878,41.063244377808445,41.5156364440918,113016100
2010-05-12,41.741829124952666,42.33341847081284,41.672232135353134,42.29861831665039,85462400
2010-05-13,42.11591912242436,42.44651392311886,41.52432982380266,41.62872695922852,102844300
2010-05-14,41.315534589579926,41.341633043146565,40.34985198291392,40.82834243774414,147386100
2010-05-17,40.90664681277208,41.124142806043686,40.08016137459485,40.95884704589844,120969600
2010-05-18,41.30683103354372,41.39383140605874,40.21065288965342,40.393348693847656,153072100
2010-05-19,40.24545102239093,40.56734743302668,39.62776329180608,40.07145690917969,159000300
2010-05-20,39.28847030519546,39.39286743734648,38.49678513903992,38.58378219604492,189289800
2010-05-21,37.98351572840309,39.706084304161394,37.83561998523999,39.01009750366211,190631100
2010-05-24,38.9926709288653,39.43636449438198,38.8360735902976,38.85347366333008,113038000
2010-05-25,38.00089503131528,38.94047586846935,37.60940163303232,38.88827896118164,155643000
2010-05-26,39.15796221296953,39.64515424656821,38.38367730363758,38.45327758789063,140203200
2010-05-27,39.323270858168165,39.92355852258981,39.22757210324768,39.906158447265625,110671600
2010-05-28,39.97577638162366,40.01057654762216,39.32328820342108,39.67127990722656,128535300
2010-06-01,39.52336217979039,40.23674859203224,39.26236771753295,39.30586624145508,104242700
2010-06-02,39.53205597375589,40.26284237458446,39.26236316547194,40.23674392700195,97249300
2010-06-03,40.34985211192584,40.6891452842771,40.088857619249865,40.61954498291016,98928400
2010-06-04,39.75827955931556,40.2715703824013,39.09708969293744,39.22758865356445,112849900
2010-06-07,39.42765755607471,39.549454732382905,38.470676897603866,38.51417541503906,88436600
2010-06-08,38.58379265709702,38.69689151684752,37.92260621590944,38.44459533691406,133030100
2010-06-09,38.7142968882621,39.0709902774049,38.00960849173427,38.12270736694336,101949200
2010-06-10,38.59248678090399,39.253673092304425,38.488089640940814,39.21017456054688,76892300
2010-06-11,38.80998901815594,39.61907445050132,38.80998901815594,39.58427429199219,74346800
2010-06-14,39.94966687888786,40.22806483435868,39.50597646367739,39.57557678222656,68085000
2010-06-15,39.78437500243491,40.68915931995936,39.540780501073016,40.63695907592773,76332600
2010-06-16,40.52382878021172,41.01101736522075,40.454228514511385,40.802223205566406,78399700
2010-06-17,41.02844183540779,41.04584191218246,40.57604979544232,40.932743072509766,77111900
2010-06-18,41.01032444622375,41.26309876776104,40.8447154036728,40.96674346923828,75921400
2010-06-21,41.4897166852708,41.55944889979107,40.38274604238901,40.61808395385742,95488100
2010-06-22,40.79242603922961,41.08878140897041,40.2258665522361,40.30431365966797,94493400
2010-06-23,40.34787662045186,40.50477076521823,39.82489502955906,40.1386833190918,92397600
2010-06-24,39.96435405763389,40.08638541671524,39.39779485303595,39.52853775024414,114145900
2010-06-25,39.746001153592765,39.87700447243496,39.25692920389452,39.536399841308594,88740300
2010-06-28,39.536402809667,39.78093880287568,39.13466415466617,39.39666748046875,71350000
2010-06-29,38.79406193487191,38.828996605254325,37.61504512767064,37.87704849243164,136384200
2010-06-30,37.754776969617616,38.139048313458495,37.239502289791794,37.30063629150391,101313200
2010-07-01,37.4141717828155,37.51897245123986,36.47969110477808,37.19583511352539,158695000
2010-07-02,37.25698776138426,37.39672316640485,36.75918017277624,37.0910530090332,78565300
2010-07-06,37.64123643281152,37.877040410246735,36.89889316913061,37.20456314086914,88591900
2010-07-07,37.32683434725535,38.43598157363914,37.29189968443384,38.39231491088867,72448400
2010-07-08,38.69798591813075,38.75911990866621,38.147776671758976,38.6019172668457,78264600
2010-07-09,38.5844671112729,38.9774738907602,38.497133752077545,38.9687385559082,47851200
2010-07-12,38.93379280981009,39.32679611237397,38.82898881967705,39.08226013183594,60927500
2010-07-13,39.42286815284094,39.73727348710611,39.12593015176307,39.58880615234375,93310500
2010-07-14,39.66740533032382,40.00801334024408,39.51020599008411,39.789676666259766,87687100
2010-07-15,39.71107517780376,39.94687918458731,39.29186916515076,39.82460784912109,95992500
2010-07-16,39.68486581060751,39.85080378637283,38.68925128222632,38.72418594360352,98831900
2010-07-19,38.83773552240052,39.13467358494406,38.51459478887554,39.05607223510742,81800800
2010-07-20,38.427260100751504,39.52767562866211,38.30499207893407,39.52767562866211,89061200
2010-07-21,39.946862306681744,39.96432630138784,38.91631337832676,38.98617935180664,83577000
2010-07-22,39.53641009543494,40.15648552479757,39.51021075749258,39.97308349609375,82890300
2010-07-23,39.70233134526365,40.261272575802906,39.6324653572225,40.226341247558594,81056100
2010-07-26,40.27875301811623,40.57569105995,40.09535099180662,40.558223724365234,64850900
2010-07-27,40.73288975191479,40.802759087398215,40.35735040257462,40.54075241088867,67655600
2010-07-28,40.49707620382449,40.68048150049489,40.06913828521606,40.21760559082031,51988200
2010-07-29,40.45342307508382,40.53202441950194,39.51894227564264,39.92068099975586,85669500
2010-07-30,39.58881242539118,40.25255453391627,39.36174038952867,40.00801849365234,98958100
2010-08-02,40.51454682085772,40.863886781234,40.357344171843664,40.75908279418945,68706800
2010-08-03,40.732894236802125,40.78529624418441,40.39228951770144,40.58442687988281,60856600
2010-08-04,40.76780827428423,41.038546844731314,40.61060566325714,40.994876861572266,43820600
2010-08-05,40.79401498902131,40.97741695792664,40.62808035023353,40.89881896972656,39150200
2010-08-06,40.4534208929561,40.91629360092042,40.217616872421424,40.83769226074219,71339200
2010-08-09,41.04728765960067,41.213222303972,40.86388568452404,41.11715698242188,26927600
2010-08-10,40.785285456726974,41.00362209907396,40.4184781651766,40.75908279418945,86694500
2010-08-11,40.08662154288696,40.10408554803039,39.48401008727022,39.64994812011719,92219700
2010-08-12,38.89013957968749,39.51021846151173,38.82027355436694,39.335548400878906,66000200
2010-08-13,39.18707226379926,39.35301029765096,39.047336900929,39.05607223510742,46387300
2010-08-16,38.86392365802907,39.39666561650221,38.68925367190713,39.12592697143555,55472900
2010-08-17,39.40541963691751,39.98182858113841,39.32681826581672,39.623756408691406,56927100
2010-08-18,39.54513700375322,40.01674501528975,39.39666966579906,39.78094100952149,61835400
2010-08-19,39.545152696983145,39.70235542988018,38.91634509694956,39.178348541259766,82969500
2010-08-20,39.11719929241063,39.32680063366827,38.89886261852785,39.23073196411133,65806700
2010-08-23,39.4752807159499,39.597548749426686,38.82900254128885,38.84646987915039,69612200
2010-08-24,38.40106805917046,38.53206810820148,37.96439456595835,38.12159729003906,79095800
2010-08-25,37.8508491340919,38.65432656311334,37.7897151267339,38.4883918762207,87247900
2010-08-26,38.6193964129376,38.70672975997884,37.990585653269086,38.02552032470703,91199000
2010-08-27,38.304989854146704,38.56699321876006,37.52771176212055,38.4883918762207,109568800
2010-08-30,38.30497218130192,38.645576731309205,38.0779002602624,38.08663558959961,49373200
2010-08-31,37.88578051179274,38.29625119244327,37.71111050671327,37.95564651489258,72066900
2010-09-01,38.514590873583614,39.2220029501997,38.48839153681937,39.09099960327149,83523100
2010-09-02,39.16087156320982,39.54514296485799,39.064802879909344,39.52767562866211,41816800
2010-09-03,39.96432258855781,40.19139447726326,39.78092067721601,40.18265914916992,64041100
2010-09-07,40.01674219074677,40.20014418288132,39.85080753094213,39.91194152832031,51195200
2010-09-08,40.0254841628862,40.56695822873153,40.01674882949556,40.39228820800781,66879800
2010-09-09,40.75036507860513,40.78529975319896,40.45342700766541,40.54949569702149,61476400
2010-09-10,40.59315160608139,40.759086269052645,40.39228227778364,40.69795227050781,66995700
2010-09-13,41.01237644548725,41.370448600778616,40.994909104795646,41.2656478881836,64523400
2010-09-14,41.21322798885481,41.65863665439719,41.1171626540536,41.44029998779297,91405800
2010-09-15,41.33550460712439,41.74597532737998,41.21323325968389,41.70230865478516,67108200
2010-09-16,41.62371192695054,41.90318266041087,41.5189112347914,41.86824798583984,66885800
2010-09-17,42.1413508334897,42.1413508334897,41.79994864586201,42.01004409790039,76372600
2010-09-20,42.16762617188572,42.83292588516372,42.11510479513304,42.74538803100586,84475000
2010-09-21,42.771649779053966,43.043019137279565,42.55280179888226,42.73663330078125,82272000
2010-09-22,42.56155989122711,42.911718041664926,42.3864808160082,42.62283706665039,88315900
2010-09-23,42.342710670564415,43.03427116124711,42.29894173785088,42.60532760620117,85040000
2010-09-24,43.08679451902122,43.49822648071994,43.02551734729257,43.47196578979492,79495900
2010-09-27,43.44570268099074,43.5507487782001,43.20059066836193,43.2356071472168,43859800
2010-09-28,43.34064436891256,43.36690839235283,42.53528555630747,43.21809005737305,104922900
2010-09-29,43.15681229309103,43.3581519934034,42.99048906396893,43.1480598449707,81679200
2010-09-30,43.36691006326893,43.62952693230852,42.67534974795944,42.955474853515625,122458600
2010-10-01,43.31438549798893,43.35815441974887,42.70161057528578,42.902950286865234,77675400
2010-10-04,42.78039763947359,42.93796843544148,42.19388671842467,42.438995361328125,71359900
2010-10-05,42.92046790488168,43.55950365244859,42.89420721395666,43.47196578979492,99301300
2010-10-06,43.41942160276246,43.51571521212432,42.81540260679343,43.09552764892578,81831200
2010-10-07,43.34064682308382,43.36691084801131,42.894198471573326,43.25310897827149,75693300
2010-10-08,43.27061419724194,43.6557853626495,42.964228422412575,43.55073928833008,83223900
2010-10-11,43.57700119715427,43.787096691054046,43.43693864767261,43.5682487487793,46880000
2010-10-12,43.49821658743034,43.95342071627911,43.121797852792994,43.86588287353516,88571700
2010-10-13,44.14602231945104,44.426147514462734,44.01471217332117,44.22480773925781,71122900
2010-10-14,44.251054676261376,44.32984007157586,43.91840485833859,44.13725280761719,68464000
2010-10-15,44.67999426111755,45.08267365151123,44.32108378892241,45.07392120361328,104654000
2010-10-18,45.08267943745038,45.275266709466045,44.90760040283203,44.90760040283203,72399400
2010-10-19,44.48740768432617,44.90759531620317,44.13724965475146,44.48740768432617,105739800
2010-10-20,44.60997007972305,45.1439596689161,44.53118467575432,44.811309814453125,80861400
2010-10-21,45.0914372576027,45.26651631307584,44.46115733299672,44.89885330200195,85885400
2010-10-22,44.90760495506963,45.249007270537845,44.82881954847272,45.20523834228516,47406900
2010-10-25,45.38905960987384,45.72170940042507,45.38905960987384,45.424076080322266,51413900
2010-10-26,45.1964799546971,45.65168409530408,45.01264513721879,45.546634674072266,60498300
2010-10-27,45.31029528840989,45.72173065909289,45.22275741094183,45.68671417236328,57483400
2010-10-28,45.87929077765049,45.91430725618883,45.38031764622234,45.782997131347656,61220000
2010-10-29,45.78300173426232,45.94932835436392,45.66919983724894,45.677955627441406,46668700
2010-11-01,45.8442622257591,46.17691200555768,45.502859998308544,45.71295547485352,60555600
2010-11-02,46.08937226482791,46.33448086119457,46.02809511573624,46.20317077636719,48137500
2010-11-03,46.24694962062548,46.43078109409471,45.835514412938,46.413272857666016,126225800
2010-11-04,46.921014995739874,47.14861881067066,46.83347712190855,46.98229217529297,84201000
2010-11-05,47.00855620892703,47.10484987375499,46.84222957354935,46.98229217529297,77937100
2010-11-08,46.90349746404334,47.12234542905432,46.78969558721825,47.04356002807617,39623500
2010-11-09,47.22739167119488,47.306177072429854,46.5796002233345,46.789695739746094,66828700
2010-11-10,46.85095252982337,47.06980040038157,46.48328637082176,47.02603149414063,83553700
2010-11-11,46.31697743639225,46.81595046757843,46.09812949852622,46.72841262817383,85163600
2010-11-12,46.48330103420159,46.71965720968656,45.61666506344458,45.9668197631836,99164300
2010-11-15,46.20317993816709,46.29072112519561,45.77423980946929,45.791748046875,56723400
2010-11-16,45.46785388590052,45.739226575887,44.51367658548006,45.03891372680664,101097000
2010-11-17,45.06516571973763,45.406567959080775,44.951363860171774,45.17021179199219,77836200
2010-11-18,45.66044096853352,46.21193879569879,45.63418028035829,45.89679718017578,71488300
2010-11-19,45.83552626020169,46.036866022140565,45.642938949062106,45.93181991577149,54506100
2010-11-22,45.74796116438711,46.31696701049805,45.669175790915645,46.31696701049805,69918900
2010-11-23,45.84427048343995,45.9143034346877,45.31903670650146,45.5816535949707,76818300
2010-11-24,46.02810726167653,46.61461822613845,46.0105990231225,46.50081634521485,53444200
2010-11-26,46.20318375468005,46.509572925556206,46.106890110671976,46.19443130493164,23640300
2010-11-29,46.1331478842958,46.30822690972431,45.607910808010224,46.15940856933594,89269100
2010-11-30,45.67794081543218,46.168161387224906,45.41532396386104,45.59915542602539,118862100
2010-12-01,46.27322562317205,46.79845953247941,46.25571738094771,46.562103271484375,81758800
2010-12-02,46.63212583461513,47.10483825112138,46.57960111966277,47.03480529785156,56844600
2010-12-03,46.83346601332686,47.21863724192286,46.83346601332686,47.1573600769043,38014200
2010-12-06,47.16609555906553,47.22737269770201,46.99101658895262,47.13983154296875,39312000
2010-12-07,47.70885683054879,47.72636506864039,47.113590092854096,47.166114807128906,59067300
2010-12-08,47.28866562775489,47.402467497233935,46.99978472969764,47.341190338134766,48066900
2010-12-09,47.6300649812561,47.656325665161184,47.22738557772375,47.38495635986328,51679800
2010-12-10,47.52502852118115,47.75262895289878,47.34994946789941,47.70010757446289,44696200
2010-12-13,47.88392955179655,47.918946023357854,47.50751083089887,47.53377151489258,53110200
2010-12-14,47.65633195384758,47.81390275678001,47.472500463544726,47.62131881713867,69884800
2010-12-15,47.59504437120219,47.88392522645663,47.2974110685253,47.41121292114258,76951900
2010-12-16,47.45499889172948,47.84892595439725,47.32369209707717,47.77889633178711,65519400
2010-12-17,47.838526835369024,47.96132412994562,47.724499342129896,47.82098388671875,36844200
2010-12-20,47.90869697399986,48.031494272908205,47.50521917873661,47.85607147216797,48159600
2010-12-21,48.04027633152073,48.1455307006836,47.90870586058511,48.1455307006836,35775400
2010-12-22,48.12798374845215,48.20692535525781,48.057815290166985,48.136756896972656,35766500
2010-12-23,48.0490443497591,48.12798596019256,47.899934277815866,48.01396179199219,21664800
2010-12-27,47.87363014928135,48.11922482778285,47.54909050014547,48.040283203125,29263700
2010-12-28,48.13674826086318,48.171830810723776,47.84729463918072,47.95254898071289,24160500
2010-12-29,48.0841397558687,48.15431157722174,48.00519812983482,48.05782699584961,24132700
2010-12-30,48.0578064797307,48.06657628066765,47.84729445151682,47.94377899169922,27553300
2010-12-31,47.88239911475591,47.90871187385526,47.54908966693272,47.76837158203125,38540100
2011-01-03,48.21570774112186,48.847237370582185,48.198164786695685,48.51393127441406,90994300
2011-01-04,48.68933711779888,48.72442301439448,48.171831853927145,48.47882843017578,43851500
2011-01-05,48.3297221877723,48.90862618328476,48.30340943442311,48.89108657836914,43787400
2011-01-06,48.94371490336552,49.08405517260192,48.8384605379322,49.04896926879883,46139600
2011-01-07,49.13667068077784,49.16298342849456,48.52268091491231,49.00510025024414,72261700
2011-01-10,48.89985071460269,49.2770157501243,48.7507406682676,49.18930435180664,55551800
2011-01-11,49.39105763388208,49.43491334581745,49.075291154385226,49.25948715209961,56663800
2011-01-12,49.496304977405984,49.61033248901367,49.29456605439293,49.61033248901367,51979300
2011-01-13,49.64541588753598,49.75944340107656,49.478762864650456,49.62787628173828,47364500
2011-01-14,49.64541687557102,50.01381217819698,49.5226195566877,49.99626922607422,43867400
2011-01-18,49.61911031189359,50.19801442027687,49.54894184062286,50.13661575317383,65805600
2011-01-19,50.22430509632079,50.22430509632079,49.399806682037735,49.56645965576172,67767200
2011-01-20,49.3559775092547,49.42614598737806,48.83847201743509,49.21563720703125,92357800
2011-01-21,49.46121486774464,49.548929617665685,48.81214244820679,48.83845520019531,59673300
2011-01-24,48.93493580282357,49.52260952297623,48.838451258685005,49.51383972167969,64103300
2011-01-25,49.26825604829403,49.601565475618834,49.16300167239324,49.584022521972656,55305100
2011-01-26,49.65417220773584,49.97870834061701,49.51383198708656,49.84714126586914,60547700
2011-01-27,50.00503469467644,50.30325816296114,49.92609308995473,50.15414810180664,53656100
2011-01-28,50.145379021388656,50.189238074439736,48.65426490497935,48.88231658935547,123359900
2011-01-31,48.95248380067616,49.25947706735028,48.584088534691546,49.119136810302734,70571300
2011-02-01,49.48753172639567,50.15415049721185,49.43490621805156,50.04012298583984,76952900
2011-02-02,49.93487269900249,50.145381441512974,49.855931084067024,49.961185455322266,48661000
2011-02-03,49.86469366935045,50.11906143020773,49.46998899778473,50.04889297485352,45341900
2011-02-04,50.04011712437288,50.364653323058384,49.9085500229479,50.32957077026367,47647800
2011-02-07,50.42603934247769,50.84705995640205,50.34709776824347,50.56637954711914,45627100
2011-02-08,50.583941358585776,50.934793697251166,50.48746014412988,50.89970779418945,38099900
2011-02-09,50.82075863204048,50.978641826376894,50.65410563623,50.811988830566406,62540800
2011-02-10,50.47867924305769,50.96109862515261,50.42605374252301,50.89093017578125,70194700
2011-02-11,50.74182160586547,51.29441283582217,50.67165314982571,51.25932693481445,47853500
2011-02-14,51.25932520510898,51.45229430816416,51.20669970134889,51.38212585449219,48506100
2011-02-15,51.25932564810053,51.37335315052545,51.075129691397215,51.311954498291016,39723800
2011-02-16,51.44353616522187,51.78561540109267,51.425993211334095,51.6452751159668,53061700
2011-02-17,51.39090267137097,51.72421207324276,51.35581676675793,51.62772750854492,38361900
2011-02-18,51.62772226861478,51.72420682351997,51.32072565337323,51.5136947631836,44334300
2011-02-22,50.81200688945225,50.9874330950597,49.94364901198251,50.02259063720703,92598100
2011-02-23,50.02258013779,50.198006306576616,49.23316739721398,49.61033248901367,97842900
2011-02-24,49.71559469357759,50.02258802789459,49.24194496693729,49.873477935791016,98716100
2011-02-25,50.15412873212107,50.62777817752637,50.10149990064012,50.56637954711914,54094600
2011-02-28,50.76811919367573,50.91722919962694,50.3734113161954,50.671634674072266,51402800
2011-03-01,50.89092942861823,50.89092942861823,49.73312159019881,49.855918884277344,91993900
2011-03-02,49.82960641342216,50.44359288725286,49.8120634647448,50.11905670166016,61552900
2011-03-03,50.58393578340488,51.1979256354096,50.58393578340488,51.11021423339844,64146600
2011-03-04,51.09267101714554,51.10144081891068,50.51376706735682,50.847076416015625,62328400
2011-03-07,51.05758849900428,51.10144420268497,49.70681141139462,50.16291809082031,98470000
2011-03-08,50.10151319105999,50.59270571059084,49.794519957587774,50.36465072631836,62399100
2011-03-09,50.18047388765607,50.23310275313128,49.750683197193226,50.02259063720703,84764200
2011-03-10,49.46121376623903,49.57524126560919,49.040193013920906,49.2419319152832,102894400
2011-03-11,48.96124645152374,49.69803352990108,48.96124645152374,49.54892349243164,81679400
2011-03-14,49.27702389169328,49.63664603777318,48.996343355532176,49.37350845336914,73565800
2011-03-15,47.926245954575954,48.96125666987701,47.77713588598682,48.67180633544922,101276500
2011-03-16,48.26831044147345,48.5402210875795,47.16313160286551,47.49644088745117,176507700
2011-03-17,48.25077202480468,48.45251425129005,47.478902398324365,47.93500900268555,94434500
2011-03-18,48.503318254452886,48.503318254452886,47.7918413705924,47.82697677612305,94887200
2011-03-21,48.55602616595255,48.99520875674647,47.87090239653716,48.749267578125,57423000
2011-03-22,48.81953252590412,48.84588240595761,48.55602032258177,48.66142654418945,36162100
2011-03-23,48.48574734219078,49.07425026773825,48.15196771313744,48.933712005615234,60365100
2011-03-24,49.30263491665188,49.90870564065457,49.030340524344986,49.80330276489258,69502400
2011-03-25,49.96140112000387,50.26004534794549,49.829645032410376,49.926265716552734,74131100
2011-03-28,50.14586979189955,50.154651969661,49.6276341858425,49.65398406982422,37824000
2011-03-29,49.53979261459345,50.13708114624024,49.390468806333296,50.13708114624024,47994800
2011-03-30,50.38301877255992,50.44450405674532,50.13707763581832,50.37423324584961,44935900
2011-03-31,50.28641682492048,50.48844045549579,50.19858162926093,50.444522857666016,50004300
2011-04-01,50.699236337606095,50.85734232894268,50.32153906393504,50.47085952758789,68031800
2011-04-04,50.611396785655536,50.66409989859564,50.08437905904244,50.30397033691406,48659100
2011-04-05,50.20735373424685,50.497215853017686,50.06681543897236,50.17221832275391,55349400
2011-04-06,50.55869730458031,50.70801776602886,50.00532634307126,50.29518508911133,49532100
2011-04-07,50.27763087934222,50.59383957044821,49.89993353504313,50.26006317138672,60697000
2011-04-08,50.488416718277534,50.56746969748341,49.75937555510903,50.02288436889648,42782200
2011-04-11,50.21614005780483,50.32154630098638,49.68034006643755,49.85601043701172,42451700
2011-04-12,49.62762375485187,49.75059432184977,49.32019733735711,49.51343536376953,50422800
2011-04-13,49.88234739596152,50.06680323529282,49.53978559414726,49.9350471496582,49979800
2011-04-14,49.59249468138216,49.917492193594526,49.3904711025647,49.84722137451172,53544100
2011-04-15,49.65397412436696,49.9526183688997,49.43438286664279,49.75938034057617,68530000
2011-04-18,49.25871102131179,49.42559916578259,48.59115174203542,49.40803146362305,69065000
2011-04-19,49.53978379469256,49.7154541015625,49.276271632995,49.7154541015625,38608400
2011-04-20,50.59383436477273,50.89247866789295,50.53234906860364,50.83977890014648,67397500
2011-04-21,51.33165918159661,51.35801241509527,51.0857180069238,51.24382400512695,43666800
2011-04-25,51.28773749913228,51.401925899985095,51.191116802310425,51.37557601928711,25376800
2011-04-26,51.50731839320515,51.8498801760302,51.39313001536472,51.66542434692383,49400000
2011-04-27,51.76204658512726,52.07825850209979,51.524887647397854,52.01677322387695,56465500
2011-04-28,51.85868350722839,52.02557169314504,51.71814520574664,51.93773651123047,48100000
2011-04-29,51.84110716143254,52.07826613391644,51.80597175424303,51.8938102722168,44831200
2011-05-02,51.97285813371777,52.12218193381455,51.66543170807255,51.79718780517578,48149400
2011-05-03,51.770826425781664,51.823529526466,51.23502664695726,51.55123519897461,38100000
2011-05-04,51.5775779634369,51.70933066238066,51.04177494259059,51.47217178344727,53097200
2011-05-05,51.217469564161135,51.79719038908063,51.0154459957025,51.19111633300781,72200000
2011-05-06,51.70055967663996,51.99920388317511,51.217459641252695,51.35799789428711,72507000
2011-05-09,51.44583234830216,51.75325872555356,51.243808821723206,51.55123519897461,40022000
2011-05-10,51.70057018469339,52.06948191737831,51.63029936854564,51.99042892456055,38053600
2011-05-11,51.91138771269503,52.09584697159625,51.26139926930231,51.61274337768555,61900000
2011-05-12,51.45462220374976,51.99042202766255,51.15597797613295,51.9201545715332,66100000
2011-05-13,51.79718729312625,51.88502245652894,51.28773396343989,51.305301666259766,63506600
2011-05-16,51.06815166445697,51.22625766687984,50.30397488654463,50.41816329956055,73115300
2011-05-17,50.154642467011776,50.56747510822643,50.04923960035791,50.558692932128906,63136000
2011-05-18,50.48841534049616,51.06813605528707,50.42693006398017,50.98030090332031,42351100
2011-05-19,51.13842420046896,51.24382708871459,50.8134266564407,51.129638671875,35015800
2011-05-20,51.076916938005525,51.12961668411666,50.67286656387634,50.74313735961914,44703300
2011-05-23,50.04923936330848,50.19856316183287,49.75938064370904,49.99653625488281,43700000
2011-05-24,50.11951014405216,50.12829232010274,49.68032762619551,49.689109802246094,39314800
2011-05-25,49.6276318488727,50.11951754778509,49.6012819661318,49.88235855102539,41369000
2011-05-26,49.73303093569046,50.33031947068797,49.724248759012674,50.18978118896485,40564100
2011-05-27,50.2776346456337,50.49722598548051,50.23371369710598,50.444522857666016,30127200
2011-05-31,50.91882881367394,51.26139068603516,50.65531658813718,51.26139068603516,47590100
2011-06-01,51.13840827809174,51.261378834539954,50.10193737274772,50.14585494995117,51795000
2011-06-02,50.24246523266116,50.42692102916081,49.97017094923621,50.25124740600586,50198100
2011-06-03,49.67155001754184,50.05803283931044,49.42560884055981,49.49587631225586,57773700
2011-06-06,49.3816779869497,49.65396897383747,49.0654660725156,49.09181594848633,50175600
2011-06-07,49.2235699549385,49.41680795507269,48.968843328970486,49.00397872924805,46311100
2011-06-08,48.89858628080376,48.986424806201626,48.51210682114453,48.652645111083984,46426400
2011-06-09,48.670207702689616,48.97763413253996,48.51210172428179,48.740478515625,45307500
2011-06-10,48.51209377039383,48.60871444698998,47.94994076186671,47.99385833740234,53740600
2011-06-13,48.020208212584485,48.24858496648377,47.826970210088426,47.99385833740234,37736800
2011-06-14,48.36278913231374,48.72291873039057,48.3364358978319,48.60873031616211,40565300
2011-06-15,48.14319359487252,48.44183787070174,47.589822629221935,47.68644332885742,59022400
2011-06-16,47.71279704201843,47.87090304490141,47.09794073643987,47.501991271972656,66316200
2011-06-17,47.890230654881904,48.06629498784032,47.212372226713946,47.35322570800781,70337000
2011-06-20,47.22115292216596,47.74055053116054,47.22115292216596,47.59969711303711,37402900
2011-06-21,47.76694698488108,48.67369377484703,47.56447045925632,48.620872497558594,55892800
2011-06-22,48.41840068526793,48.70010747514362,48.25994019618663,48.26874542236328,36833300
2011-06-23,47.74935325273919,48.74412899680965,47.590892745890585,48.71772003173828,80743300
2011-06-24,48.48883936321705,48.532855428821925,47.775767010860136,47.87260437011719,56298300
2011-06-27,47.92542402104451,48.88498906170469,47.81978478816936,48.63849639892578,49968900
2011-06-28,48.74413562096538,49.36917586434685,48.67371058513449,49.36037063598633,47028800
2011-06-29,49.47481500327701,49.659684499969146,49.21071524254386,49.56284713745117,65407300
2011-06-30,49.73890773948927,50.25830531746898,49.71249877460884,50.22309112548828,50347200
2011-07-01,50.24950658860256,51.05061103606746,50.10864981187781,50.98018264770508,53203900
2011-07-05,51.03300468004056,51.2882991960354,50.90975835682711,51.23548126220703,43128800
2011-07-06,51.17386633668918,51.49078742350751,51.00660056408452,51.40275192260742,49282700
2011-07-07,51.79009600684948,52.25667235920323,51.71086574341104,52.10701370239258,54799800
2011-07-08,51.65805158192607,51.97497267944394,51.38514655723876,51.96616744995117,69519500
2011-07-11,51.42035558619721,51.684455354824834,50.84813662232839,51.02420425415039,52080800
2011-07-12,51.01539261022912,51.121031825799655,50.5840271628167,50.63684844970703,84000700
2011-07-13,51.0065974355453,51.3587327011251,50.66326739862093,50.84813690185547,82378100
2011-07-14,50.98018646911498,51.21787726033942,50.06463750103804,50.2583122253418,98774200
2011-07-15,50.8217136984706,50.92735290527344,50.45197479555576,50.92735290527344,68281500
2011-07-18,50.64564805106198,50.87453692579617,50.16146469664576,50.65445327758789,59512200
2011-07-19,51.13864814724382,51.85172053696163,51.13864814724382,51.80770111083984,73904600
2011-07-20,52.09820018587916,52.10700205397773,51.49957240887984,51.58760452270508,57085500
2011-07-21,51.64043428201289,52.22145505997199,51.35872744168184,51.930946350097656,70148800
2011-07-22,51.90453521994177,52.555984402085855,51.86932102453712,52.46794891357422,43620400
2011-07-25,52.054185110395295,52.652812898681134,51.957347768435824,52.362300872802734,48916100
2011-07-26,52.32709232379871,52.67042567090287,52.22145310218759,52.49435806274414,40918900
2011-07-27,52.15103146622896,52.19504753157927,51.00659361785768,51.13864517211914,83969500
2011-07-28,51.16505377822077,51.87812612141608,50.96257719247136,51.22667694091797,61031900
2011-07-29,50.81291366965261,51.596410918367646,50.56641770057769,51.05940628051758,82860500
2011-08-01,51.67565358586142,51.78129282187767,50.20549271920432,50.82172775268555,85421100
2011-08-02,50.584027366521134,50.8129162524242,49.48360907178368,49.53643035888672,90853300
2011-08-03,49.59805196223714,50.07343345665396,48.72651922247299,50.011810302734375,103612300
2011-08-04,49.29874298784395,49.3779732448314,47.68772888183594,47.68772888183594,132830000
2011-08-05,48.1719252325241,48.444826893374085,46.05912019810388,47.388427734375,214111800
2011-08-08,45.93588086463645,46.76339456101224,44.53614807128906,44.53614807128906,204804500
2011-08-09,45.20517696630235,46.72815866496576,43.95510354027589,46.68413925170898,193707100
2011-08-10,45.62775628160765,46.69296062999352,44.72100911456376,44.77383041381836,205917900
2011-08-11,45.4164619242074,47.26516323180044,45.19637827529346,46.74576568603516,143825300
2011-08-12,47.03626909736025,47.45002735614391,46.552085830095386,47.159515380859375,90483300
2011-08-15,47.35320898247512,47.85499954223633,47.12432005733556,47.85499954223633,73554300
2011-08-16,47.38841194341458,47.84618296872797,46.81619312445798,47.45003509521485,89219200
2011-08-17,47.51166495751911,47.907812886983805,46.67534631869624,47.1683349609375,84416600
2011-08-18,45.89184536773749,45.90064723645679,44.43929187971387,44.8530502319336,130019400
2011-08-19,44.386470379351,45.48688866552939,44.00792957845892,44.04314041137695,96674600
2011-08-22,45.09955248576853,45.10835771457833,44.06956235693592,44.20161056518555,77107700
2011-08-23,44.50092407141302,46.023902893066406,44.316054566878336,46.023902893066406,75688400
2011-08-24,45.891856553460805,46.47287741864678,45.52211417113649,46.38484191894531,80197700
2011-08-25,46.35843034780277,46.56971217702415,45.46929367906243,45.62775421142578,93623700
2011-08-26,45.47809312019129,46.93064680319595,45.029123874617625,46.77218627929688,91573300
2011-08-29,47.238777187104446,48.12791408248142,47.22117008366381,48.07509613037109,45985800
2011-08-30,47.89901343855429,48.682510825884336,47.63491368615919,48.39200210571289,61617900
2011-08-31,48.68251183091354,49.06986127675287,48.06627682379602,48.47123336791992,60900400
2011-09-01,48.5944806174589,48.98182671241898,47.94303140144213,48.03106689453125,57158400
2011-09-02,47.16833128713599,48.075074885249535,46.64893371890753,46.90422821044922,58185700
2011-09-06,45.81262171125567,46.98346519565544,45.69817725216948,46.91304016113281,52992200
2011-09-07,47.58209615939439,48.11029906421213,47.45004795184807,48.10149383544922,48952200
2011-09-08,47.85501878529969,48.56808810000403,47.722967170911154,47.88142776489258,61422800
2011-09-09,47.546880195327866,47.74936015082686,46.52569198045038,46.81620407104492,63663500
2011-09-12,46.2968037403151,47.45004344943902,46.27919664267078,47.41482925415039,65973000
2011-09-13,47.59091236802863,48.14552101245841,47.36202338233655,48.04868698120117,59020000
2011-09-14,48.29516511228228,49.28113909586164,47.81978353944184,48.73533248901367,90757300
2011-09-15,49.26352440613639,49.5452312151757,48.761733942647005,49.45719909667969,83536100
2011-09-16,49.56658232058771,49.963468433715214,49.469565341329925,49.91054916381836,91902100
2011-09-19,49.29316678437738,50.1927741065059,48.88746251099764,49.928184509277344,73042900
2011-09-20,50.18395062140274,50.58083329319136,49.5930306642553,49.70768737792969,66570100
2011-09-21,49.96346782958315,50.210417690570026,48.834546969844176,48.84336853027344,79938000
2011-09-22,47.599788021727306,48.03195022144914,46.5237865731774,47.255821228027344,151885500
2011-09-23,46.85892637461111,47.96138556510067,46.823646873050215,47.7585334777832,85940600
2011-09-26,47.99665826030301,48.40236577028243,46.929478647903565,48.31416702270508,96261400
2011-09-27,49.13440333542702,49.56656884432099,48.49056753337413,48.81689453125,81148600
2011-09-28,49.02856799239797,49.36371654706846,47.97902799563031,48.09368133544922,76757100
2011-09-29,48.82571225439359,48.88744969875235,46.717810859874255,47.52040100097656,116900200
2011-09-30,46.885392165490046,47.28227821337842,46.26801424260135,46.29447555541992,104870100
2011-10-03,45.87996096182136,46.61199241614219,45.077370475332806,45.10382843017578,99149500
2011-10-04,44.64519188071257,46.11807928834013,44.18656839780502,46.02988052368164,137013700
2011-10-05,45.9152221472375,47.34400833382293,45.56243385612181,47.21171188354492,108825700
2011-10-06,47.149972338972496,48.01429991285884,46.92948050794725,48.0054817199707,71939200
2011-10-07,47.97902001683827,48.20833002278104,47.37928201429493,47.68796920776367,72525200
2011-10-10,48.49937975901316,49.33724594116211,48.411181016803056,49.33724594116211,48230200
2011-10-11,49.2049484678134,49.79586484772885,49.12557128915216,49.67238998413086,66449100
2011-10-12,50.14865922870967,50.47498617473326,49.8840697220841,49.91934585571289,85627600
2011-10-13,49.82233466798593,50.4397090915237,49.769415418352,50.37797164916992,63443700
2011-10-14,50.9953687657579,51.32169585109149,50.72195758567653,51.3128776550293,65643600
2011-10-17,51.0747368311184,51.23349124729174,50.24568860788793,50.51909637451172,65161300
2011-10-18,50.43971377191818,51.4098799186007,49.97227213231101,51.14529037475586,91434600
2011-10-19,50.86305922120789,51.02181362510383,49.989913364218864,50.15748596191406,67639400
2011-10-20,50.14868083169486,50.20159673715215,49.20497572072478,49.91054916381836,80378300
2011-10-21,50.439737611189166,50.8542635566074,50.0781309453265,50.5367546081543,60455800
2011-10-24,50.72195720913084,51.727403139172615,50.54556637368026,51.58628845214844,61449500
2011-10-25,51.41869404468802,51.43633379480744,50.46617108930776,50.57200622558594,65299200
2011-10-26,50.85423972455242,50.960074869625394,49.57538633234909,50.51027297973633,98193800
2011-10-27,51.71856193593176,52.21246483515094,51.18056134459832,51.90377426147461,104455500
2011-10-28,51.61273720055318,52.04489938055559,51.595097447265886,51.98316192626953,42950000
2011-10-31,51.5333675461624,51.71857993616693,51.0747439867897,51.11002349853516,60520200
2011-11-01,49.84879539260991,51.0747294798224,49.49600710423808,49.77823638916016,99933000
2011-11-02,50.29860463875056,50.41326135394792,49.72532779164169,50.20158767700195,65003800
2011-11-03,50.598469942755536,51.312864764144976,50.01637158014,51.242305755615234,78994200
2011-11-04,50.99536192216541,51.19821404876831,50.46618275402212,50.97772216796875,61527800
2011-11-07,50.94244270717131,51.37460827429541,50.42208173342063,51.33932876586914,65559000
2011-11-08,51.70975258309801,52.01843984510637,51.12765420014023,51.93024444580078,62906900
2011-11-09,50.924786789316585,51.004163970617455,49.94580267475177,50.10455703735352,69539000
2011-11-10,50.59847066096849,50.64256835970616,49.59302832621902,50.07810974121094,66052400
2011-11-11,50.51028442888797,51.171760123298064,50.44854696656484,51.02182388305664,54471000
2011-11-14,50.88070217343832,51.16293149490696,50.51909564502921,50.70431137084961,44617600
2011-11-15,50.554377233358096,51.47162424812657,50.50145797173871,51.26877212524414,52203900
2011-11-16,50.89833655564403,51.29522254846587,50.32505977884673,50.42207336425781,68342800
2011-11-17,50.28978200873417,50.30742176062711,48.93155139292617,49.24024200439453,101706900
2011-11-18,49.249068388598936,49.3019876530786,48.77280510159965,48.86100387573242,60417000
2011-11-21,48.19952042294727,48.27007606641581,47.4322063519304,47.92610931396485,52283700
2011-11-22,47.80263246413504,48.22597640098911,47.5115816150512,48.08486175537109,51940100
2011-11-23,47.72327042960471,47.776186335751234,46.97359590294612,47.00005722045898,48437300
2011-11-25,46.79718975917104,47.33518702754446,46.62961380600361,46.63843536376953,25448100
2011-11-28,47.77616485770177,48.32298698127926,47.74970691652283,48.26124954223633,46710700
2011-11-29,48.23479920851691,48.59640573278162,47.82027678985763,47.96139144897461,52056700
2011-11-30,49.26669686838057,49.77823618352422,49.09912091809891,49.73413848876953,66918600
2011-12-01,49.72532478687079,50.21040620186271,49.69886347607719,50.07810974121094,45362200
2011-12-02,50.57199478941982,50.57199478941982,49.89287970336731,49.93697738647461,36938900
2011-12-05,50.68666250285448,50.81895558100611,50.20157778965031,50.48381042480469,40492200
2011-12-06,50.52792096280671,50.66903563403914,50.17513260250606,50.34270858764648,38670000
2011-12-07,50.20159055197491,50.5720186667345,49.698869325431936,50.34270858764648,44576200
2011-12-08,50.016359165783086,50.40442688749853,49.398981452139495,49.49599838256836,51692600
2011-12-09,49.61949010787816,50.43972015266527,49.60185371857091,50.28978729248047,55757900
2011-12-12,49.76061413186564,50.2809751897082,49.3019939059661,49.72533798217773,55411700
2011-12-13,50.05165422477393,50.25450634036633,48.97565282825525,49.178504943847656,68557700
2011-12-14,48.99330382446575,49.02858333904008,48.1377974648962,48.41120529174805,63682800
2011-12-15,48.825719028573786,48.87863492282959,48.2083411348915,48.278900146484375,58732900
2011-12-16,48.53629858122696,49.190881105663685,48.44784303371303,48.5274543762207,60978900
2011-12-19,48.713227803161054,48.82822274924504,47.917114136985525,48.049800872802734,46733900
2011-12-20,48.82822193195089,49.535876637615495,48.80168256061335,49.47395706176758,81758800
2011-12-21,49.18204927176361,49.217432851842254,48.200180232310686,48.76630401611328,78552300
2011-12-22,48.87245091081389,49.2085881695925,48.80168375133886,49.18204879760742,40334100
2011-12-23,49.27935821355744,49.60665130615234,49.16436662635154,49.60665130615234,26594600
2011-12-27,49.5703474852905,49.95104180233805,49.51722569864168,49.79168319702149,21443500
2011-12-28,49.729702656475936,49.80938364228924,49.08340282813008,49.21620559692383,38180100
2011-12-29,49.29586657605319,49.60573507439248,49.136504669103466,49.5703239440918,28077900
2011-12-30,49.46409155819545,49.68542721464723,49.41982510236792,49.42868041992188,21832400
2012-01-03,50.38485520676395,50.63275009326491,50.24320050343275,50.37600326538086,39514100
2012-01-04,50.29632056501406,50.65931094097876,50.0749848875401,50.58848190307617,29403400
2012-01-05,50.482240573476666,51.04885935453127,50.287464100996274,51.00459289550781,41260600
2012-01-06,51.01343482956021,51.29674416451337,50.81866177260095,51.1816520690918,46325200
2012-01-09,51.314463469094015,51.332170728850585,50.84523290614565,51.01344680786133,39195500
2012-01-10,51.55349829907922,51.70400829467352,51.03114603904126,51.385284423828125,35949900
2012-01-11,51.37643206908374,51.606623045662346,51.18165898580277,51.49152755737305,37144100
2012-01-12,51.60662318452927,51.7659851295697,51.2259255799676,51.69515609741211,26188300
2012-01-13,51.42072150916466,51.52696172030984,51.06658296892683,51.509254455566406,35980400
2012-01-17,51.96077021589771,52.19981318867537,51.78370434923122,51.978477478027344,41790800
2012-01-18,52.075866835999896,52.66904830932617,51.95191937577754,52.66904830932617,48692700
2012-01-19,52.90807244747891,53.093996960791,52.810687598132766,52.99660873413086,47774500
2012-01-20,52.76642114405735,52.94349035138255,52.73101000444368,52.91693115234375,41041700
2012-01-23,52.92578365906697,53.306481276828514,52.624767016588414,52.93463897705078,40958300
2012-01-24,52.69559506659357,52.97890444512518,52.59820683447691,52.837249755859375,38440200
2012-01-25,53.35074883709154,53.63406160408456,52.97005458877868,53.501258850097656,61591800
2012-01-26,53.73145074900819,53.82883899272557,53.058591739174254,53.31534194946289,37852700
2012-01-27,53.20023208699604,53.57207432376198,53.17367289217381,53.47468948364258,45532300
2012-01-30,53.023177328327726,53.59865147295291,52.81954889891186,53.51897048950195,42797800
2012-01-31,53.7845782966472,53.88196655080576,53.24451861617879,53.58980178833008,51449600
2012-02-01,53.89966553611166,54.21838945448077,53.70488905770511,54.02361297607422,46146700
2012-02-02,54.20070026160001,54.36891421800364,53.97936450865629,54.19184494018555,46373600
2012-02-03,54.69646961417679,54.99748626005394,54.60793669722468,54.93551254272461,36453800
2012-02-06,54.73188103760138,54.908950238809226,54.59022635209793,54.89124298095703,28541300
2012-02-07,54.84700470450301,55.11260695411993,54.59910634452015,55.00636672973633,37935700
2012-02-08,55.01519448373998,55.29850387573242,54.81156606932756,55.29850387573242,41171100
2012-02-09,55.51099349787747,55.75888839784293,55.17456229269957,55.69691467285156,46856400
2012-02-10,55.298513912331416,55.45787589641542,55.1125927233384,55.30736923217773,58090500
2012-02-13,55.723484993990304,55.891702318800185,55.466738100933526,55.82087326049805,36810200
2012-02-14,55.69691462389349,55.97137210383879,55.50213812991201,55.96251678466797,51648200
2012-02-15,56.22810386623248,56.53797578513041,55.484415989116776,55.57295227050781,105709100
2012-02-16,55.59069278152046,56.39635484890557,55.44903802386975,56.334381103515625,83642300
2012-02-17,56.343212580985394,56.38747904342423,55.90939652084435,56.15729141235352,76112300
2012-02-21,56.21927738444064,56.56456059493525,55.9625271181135,56.31666564941406,38141300
2012-02-22,56.21041986348543,56.37863379163878,55.98022882778611,56.05990982055664,43174700
2012-02-23,56.13074594881167,56.493736433358364,55.85628841081179,56.4317626953125,54250000
2012-02-24,56.59112279253391,56.72392559311667,56.48488257845701,56.62653732299805,41364900
2012-02-27,56.31665429404418,56.89212844704343,56.06875939850711,56.70620727539063,42678500
2012-02-28,56.75931688939704,57.28166580200195,56.68848785746232,57.28166580200195,43717500
2012-02-29,57.32593850075832,57.51185965290805,56.83899732515527,57.0249252319336,59784400
2012-03-01,57.23740849548026,57.529573215704936,57.069191216327454,57.47644805908203,67558900
2012-03-02,57.39677160646024,57.61810729204311,57.24626496137487,57.43218612670898,33358200
2012-03-05,57.39677865038167,57.467607699571545,56.6530905204628,56.83900833129883,45788800
2012-03-06,56.281246185302734,56.414048967223295,55.98022947328917,56.281246185302734,54638600
2012-03-07,56.546843457572656,56.84786014342609,56.45831052886301,56.71505737304688,42741800
2012-03-08,57.05146992030737,57.49414114748635,56.92752251706741,57.32592391967773,43711100
2012-03-09,57.42333203851855,57.67122693094287,57.3879175175109,57.56498336791992,43117200
2012-03-12,57.54728289183712,57.64467114171676,57.2993879847361,57.591552734375,32687300
2012-03-13,57.90141222466637,58.66280746459961,57.78631335409575,58.66280746459961,61559100
2012-03-14,58.72478848629727,59.08777551534523,58.50345279028798,58.86643981933594,59926900
2012-03-15,59.04351184370704,59.158603972824544,58.74249178771069,59.0346565246582,65531200
2012-03-16,59.12601682982157,59.12601682982157,58.85109675527513,58.99298858642578,53023100
2012-03-19,59.09050987709728,59.55167329994899,58.93087742550921,59.40977478027344,60966200
2012-03-20,59.09938255890458,59.57827993257212,58.9397501010154,59.51620101928711,47290600
2012-03-21,59.525089263916016,59.85321786160026,59.44526962792787,59.525089263916016,39648100
2012-03-22,59.17032391939734,59.54279734936389,59.13484929281579,59.40090560913086,56953900
2012-03-23,59.471857499129136,59.48959819827144,59.02843474589114,59.36544036865234,45541700
2012-03-26,59.76452715483688,60.40305709838868,59.711318581572655,60.40305709838867,40855300
2012-03-27,60.447406769327486,60.74006071104609,60.4207957145387,60.49174499511719,37278200
2012-03-28,60.527231766264286,60.75781359130964,59.89757199864946,60.25231170654297,44421900
2012-03-29,59.95076398168916,60.243424667098175,59.59602437205052,60.02171325683594,53975300
2012-03-30,60.28778472648751,60.32325260683197,59.66698856290783,59.90644073486328,39480900
2012-04-02,59.84434212283991,60.6070230892798,59.73791821849969,60.5272102355957,40031600
2012-04-03,60.58040675326859,60.79325451960655,60.172458683594286,60.509464263916016,45539900
2012-04-04,60.057196499134655,60.092671141790696,59.33885359211456,59.68472290039063,54088100
2012-04-05,59.57828489842803,60.110390880378354,59.5339399140594,60.05718231201172,42979900
2012-04-09,59.31225103492116,59.84436398491661,59.20583385779985,59.60491180419922,36908200
2012-04-10,59.57828527543913,59.80886701664476,58.46085797000611,58.6470947265625,69254200
2012-04-11,59.161474716483056,59.32110721010866,58.78013080204943,58.93089294433594,62950000
2012-04-12,59.046201326020665,59.66699074621906,58.957518089720494,59.60491180419922,57407400
2012-04-13,59.40091855741356,59.59601889700054,58.67370546920586,58.70030975341797,55227500
2012-04-16,58.99294579744843,59.028420421029885,57.8577849072121,58.04402160644531,57588000
2012-04-17,58.292368810897855,59.40978948244933,58.20367883110556,59.22355270385742,47362400
2012-04-18,59.05505897748202,59.41866900569095,58.895433227844784,59.07279968261719,42536100
2012-04-19,58.85993544227333,59.56940774852304,58.19480134923643,58.40764236450195,81110900
2012-04-20,58.72691761539642,58.98410365527283,58.15933696397781,58.24802017211914,59906900
2012-04-23,57.698178791702965,57.80460271097148,57.19267701584501,57.715919494628906,70514400
2012-04-24,57.6095035862556,57.84895574638287,57.15721032409036,57.40553283691406,49661500
2012-04-25,58.59389402050216,58.9663675835967,58.50521080539807,58.93089294433594,57526900
2012-04-26,58.92202346170921,59.40978447901052,58.84220383983758,59.27675628662109,41799500
2012-04-27,59.52507547953337,59.81772936746292,59.21467412557744,59.631492614746094,46003800
2012-04-30,59.45413387857882,59.56942137862373,59.16147318681625,59.20581817626953,37787700
2012-05-01,59.14372372306611,59.9773538239434,59.05503376744427,59.3033561706543,37643800
2012-05-02,59.01070228051588,59.51620396113591,58.86880374822528,59.47185897827149,38299300
2012-05-03,59.507331541477,59.55167652279895,58.69143530746896,58.84219741821289,51297600
2012-05-04,58.30124972010614,58.84222628033088,57.37006555044697,57.3789291381836,107554000
2012-05-07,57.03304049701804,57.70704507265125,57.01530656143871,57.432125091552734,50267800
2012-05-08,57.06851429667783,57.41438354720778,56.296959554491984,57.219276428222656,72659700
2012-05-09,56.55415142883484,57.36118089098525,56.32356964933591,57.04191589355469,85715300
2012-05-10,57.29909400665616,57.31682794134205,56.71377605364586,56.92662048339844,49448900
2012-05-11,56.73151074455301,57.5208027403791,56.67829879381687,56.917747497558594,47099900
2012-05-14,56.429980789596655,56.82906194599634,56.29695260978104,56.38563919067383,46360000
2012-05-15,56.53641178866083,56.997568562639245,56.10185591931285,56.19940948486328,66908600
2012-05-16,56.39452054016471,56.5630200122646,55.70278194801484,55.81806945800781,52825900
2012-05-17,55.83578983282871,55.92447640942431,54.62967945550445,54.6385498046875,62253900
2012-05-18,54.80706782364604,54.94896301130212,53.88474741235744,53.92909240722656,79496500
2012-05-21,54.03550367247387,55.489929941936325,53.96455439930617,55.43671798706055,61473000
2012-05-22,55.59633751207654,55.82691921308764,54.97554843176994,55.37462615966797,62954800
2012-05-23,54.9046166049913,55.61409248131745,54.4257191198282,55.4810676574707,56951100
2012-05-24,55.56089270340118,55.61410128814665,54.70951813394165,55.117469787597656,83131200
2012-05-25,55.17067428439463,55.268227859930775,54.88688390995209,55.04651641845703,32078900
2012-05-29,55.56087551906492,56.00429829772291,55.23274022706394,55.74711227416992,44216700
2012-05-30,55.24159828016692,55.4721765852007,54.70062206933984,55.27707290649414,56431800
2012-05-31,55.20615054457169,55.34804573595067,54.62083245725238,55.03765106201172,55260100
2012-06-01,54.04437558679842,54.38137789909586,53.5566111297916,53.57434844970703,71430800
2012-06-04,53.72511331202163,54.06211223709713,53.246215829380255,53.98229598999024,74119500
2012-06-05,53.79605042839139,54.31042246648015,53.76944614471344,54.20399856567383,47916900
2012-06-06,54.61195351450228,55.48992876146586,54.558741560758506,55.445587158203125,58781800
2012-06-07,56.03089471759749,56.03089471759749,55.17952391400048,55.2238655090332,38414800
2012-06-08,55.13521148738538,55.826953633873934,54.94897464846681,55.756004333496094,39730800
2012-06-11,56.18166910705833,56.20827677633588,54.7804547758368,54.8159294128418,51008900
2012-06-12,55.07311606841631,55.50767194563048,54.700642501988014,55.4810676574707,48802600
2012-06-13,55.321427578923526,55.73824269616348,54.91347604579136,55.09971618652344,50840100
2012-06-14,55.090851232617325,55.52540709282825,54.80706089319098,55.30369567871094,65170600
2012-06-15,55.45746657001266,56.07079863768156,55.43080113779159,55.99079895019531,41536100
2012-06-18,55.75969389714275,56.65746865184768,55.67080685190343,56.5152473449707,32191200
2012-06-19,56.79967334223407,57.34189297571092,56.75522644179373,57.10189056396485,36476500
2012-06-20,57.2263509822044,57.39524111676887,56.71969075098136,57.14635467529297,51389700
2012-06-21,57.101905864811705,57.16412747311397,55.66191474423679,55.72413635253906,42492700
2012-06-22,55.91079599241303,56.38190335181911,55.75968397341196,56.310791015625,29504200
2012-06-25,55.84857204387825,55.8663467363561,55.06635333276829,55.22635269165039,33136400
2012-06-26,55.41301776066904,55.73301648005362,55.16413137484667,55.57301712036133,30611100
2012-06-27,55.78635052829306,56.159683519189976,55.72412892828072,55.91079711914063,35705800
2012-06-28,55.49302857662588,55.52858475054225,54.701922356515134,55.2885856628418,49793400
2012-06-29,56.35524236717639,57.03079605102539,56.18635225080259,57.03079605102539,44761300
2012-07-02,57.110797099241296,57.22634957804927,56.7730202292238,57.199684143066406,33425600
2012-07-03,57.23522274747408,57.679664611816406,57.14633573093454,57.679664611816406,15895100
2012-07-05,57.626353431630406,57.99968309753652,57.315245376708646,57.715240478515625,37016200
2012-07-06,57.44856901820007,57.50190666836394,56.57746651806664,56.995243072509766,40684100
2012-07-09,56.93302723830129,57.11969207868606,56.60413769192019,56.888580322265625,35628300
2012-07-10,57.19968100104171,57.34190568866676,56.10635414609797,56.328575134277344,47365700
2012-07-11,56.25745891250805,56.40856753735081,55.55523986679431,56.017459869384766,43432000
2012-07-12,55.57302642664136,55.72413507453175,54.98636313980101,55.49302673339844,57680400
2012-07-13,55.64413915621832,56.46191423049357,55.60858637189431,56.33747100830078,32357200
2012-07-16,56.21302351863964,56.461909944130745,55.95524635462485,56.177467346191406,27621400
2012-07-17,56.53301628122684,56.65746287903486,55.67080117962129,56.470794677734375,42467800
2012-07-18,56.36413876887652,57.40413489448103,56.34636068056954,57.23524475097656,44489700
2012-07-19,57.63522892393264,58.0530054427435,57.52856719599522,57.86634063720703,53017800
2012-07-20,57.84855644516446,57.866331136353686,57.07522513635858,57.10189056396485,40573100
2012-07-23,55.99082272969199,56.60415166702079,55.56415528800952,56.40859603881836,48657800
2012-07-24,56.50634627992911,56.58634596235464,55.59968434271388,55.96412658691406,57269700
2012-07-25,55.52858725665805,55.9552511904406,55.244144634136354,55.5908088684082,46264400
2012-07-26,56.39079673970171,56.64857389978735,55.97302358768425,56.328575134277344,41928200
2012-07-27,56.73746327392357,57.76856511343559,56.5685731559227,57.661903381347656,42621000
2012-07-30,57.804119335313686,58.05300574398715,57.42189898438058,57.617454528808594,37821300
2012-07-31,57.70634358647887,57.93745530905608,57.54634420648639,57.59968185424805,34588300
2012-08-01,58.00857355128572,58.02634824791652,57.19968583082234,57.4307975769043,30920200
2012-08-02,56.99524392216851,57.79523408844037,56.808575707105305,57.226348876953125,40534900
2012-08-03,58.15077259779782,58.55965830408117,57.94633313547851,58.31077194213867,42117400
2012-08-06,58.61301203905484,59.0130071189503,58.488568823903066,58.75522994995117,23523600
2012-08-07,59.00409627186748,59.48409427314838,58.91520926014383,59.24409866333008,28223300
2012-08-08,59.09301740201406,59.34190386263437,58.99523960939217,59.21746063232422,20723500
2012-08-09,59.2085531029745,59.47522096753381,59.10188460082167,59.39521789550781,20726200
2012-08-10,59.18190728966509,59.44856846096813,59.0307986144286,59.43079376220703,20312000
2012-08-13,59.41301008145141,59.58190023084195,59.11079274217096,59.5730094909668,19890300
2012-08-14,59.79522683322698,59.91967683887123,59.43078790056303,59.59967803955078,24218700
2012-08-15,59.55523405738049,59.83967669504536,59.546343317615126,59.750789642333984,29100400
2012-08-16,59.973012790946754,60.59522896363107,59.90190043359778,60.46189498901367,35699900
2012-08-17,60.59521981748048,60.73744451071124,60.45300190589636,60.728553771972656,22584800
2012-08-20,60.68408324217569,60.826307880053776,60.44408764281141,60.81741714477539,26924000
2012-08-21,60.97744875118169,61.22633521757731,60.33745110522292,60.57745361328125,41391000
2012-08-22,60.44408895853916,60.941861638659816,60.275198892793576,60.82630920410156,44555700
2012-08-23,60.55076556179759,60.74631429690232,60.16854526496258,60.32854461669922,28800400
2012-08-24,60.18633090934514,60.844103127677,60.08855313317667,60.70188522338867,38384800
2012-08-27,60.95964380230663,61.03964007753041,60.666310563197655,60.79964447021485,20671400
2012-08-28,60.74630683842143,60.96852775623535,60.5418673917534,60.79964447021485,27337900
2012-08-29,60.79964447021485,60.95075306673369,60.5418673917534,60.79964447021485,26672400
2012-08-30,60.53300074454291,60.55966618022869,60.088558732054864,60.186336517333984,24425400
2012-08-31,60.62189888696142,60.84411993388085,59.97301722767965,60.58634948730469,42128000
2012-09-04,60.47077801633296,60.75522062780186,59.928558228588045,60.52410888671875,32017200
2012-09-05,60.49745116768816,60.75522837684242,60.30189557580233,60.46189498901367,26129300
2012-09-06,60.83523104977263,61.821892960749885,60.81744956973564,61.80411148071289,43100000
2012-09-07,61.661890530823634,61.8218899350879,61.53744730324557,61.7152214050293,32958600
2012-09-10,61.55519797020707,61.68853188531623,60.8796444401934,60.92409133911133,25490000
2012-09-11,60.93297768483205,61.17297328942048,60.72853145884298,60.82630920410156,29810100
2012-09-12,61.04854770808154,61.16410017593161,60.630771181910085,61.00410079956055,42203400
2012-09-13,61.05742878107378,62.09742117203784,60.99520718798136,61.830753326416016,45417800
2012-09-14,62.052973207302,62.60408358070971,62.03519851599945,62.38186264038086,38880300
2012-09-17,62.41742192588316,62.43519661807456,62.18631023752359,62.40853118896485,31798400
2012-09-18,62.24854185197025,62.48854431587811,62.23965111362091,62.46187210083008,27169800
2012-09-19,62.45298751604374,62.737430105545016,62.27520665907653,62.577430725097656,36484600
2012-09-20,62.2751953360499,62.57741934711993,62.10631202969565,62.51519775390625,42520200
2012-09-21,62.82723579967951,62.8807187818253,62.47066671639848,62.53306579589844,23678500
2012-09-24,62.01600575456981,62.27451802314917,61.88229157413418,62.16754531860352,32341600
2012-09-25,62.32804554573519,62.47067592045775,61.26726103794615,61.29400253295898,41299600
2012-09-26,61.21372191518608,61.24937948013052,60.48275883628786,60.79475402832031,32770400
2012-09-27,60.946327405723146,61.77534745559435,60.839354663453655,61.63271713256836,25339500
2012-09-28,61.42767394700305,61.61487108246408,61.07110505998812,61.12458801269531,30112600
2012-10-01,61.41876419935269,61.80207460231868,60.83934054821996,61.03545379638672,37715300
2012-10-02,61.30287802233862,61.490081986167375,60.73237044006226,61.21373748779297,33254300
2012-10-03,61.38312132409439,61.72185814231439,61.14243435244772,61.60597610473633,38236000
2012-10-04,61.7040108867868,61.98926463288608,61.50789766115872,61.81989288330078,26128600
2012-10-05,62.13189385983845,62.22104118955186,61.32962230030892,61.49007797241211,25207900
2012-10-08,61.13351140048515,61.258309505685226,60.78585856442968,60.92848205566406,30911500
2012-10-09,60.76799729311514,60.91953680533136,59.81417977360209,59.956809997558594,67974000
2012-10-10,59.93900515029173,60.10837691822503,59.54678545753231,59.653751373291016,45134300
2012-10-11,60.09945546845847,60.1440291300429,59.43089135060737,59.46654891967773,30469400
2012-10-12,59.457633276022506,59.77854459909254,59.32392589223162,59.4398078918457,24891200
2012-10-15,59.66266355437612,59.95683340539615,59.30609465625967,59.87660217285156,22220100
2012-10-16,59.96576090626183,60.79478095570269,59.9479355163869,60.72347259521485,33960600
2012-10-17,60.41146446743668,60.883922264576775,60.33124001948055,60.68780899047852,33439400
2012-10-18,60.49169006888298,60.687803324672124,59.76072680702414,59.98358154296875,61707600
2012-10-19,59.912259166069695,59.96574211992724,58.4770742956804,58.54838943481445,75362600
2012-10-22,58.52165031719934,59.00301732428161,58.38793612617878,58.851470947265625,38621500
2012-10-23,58.37012535910348,58.78908662111071,58.11161300531947,58.28989410400391,52591200
2012-10-24,58.61970021302332,58.71775682179137,57.99570299350072,58.0848503112793,39872400
2012-10-25,58.48598603734094,58.58404264610899,57.91547856868258,58.0848503112793,52688700
2012-10-26,58.084850298903376,58.49490211685261,57.63022482207435,58.25421524047852,54213100
2012-10-31,58.18290543274389,58.28987814325641,57.70154523790283,57.89765167236328,38524500
2012-11-01,58.26313647644079,58.83364399534708,58.09376471892651,58.7177619934082,26945000
2012-11-02,58.985195735182806,59.02085331259338,58.040293737258736,58.09377670288086,44083000
2012-11-05,58.102668023646295,58.59295100276035,57.97786995641446,58.4770622253418,28094700
2012-11-06,58.57513313187732,58.98518499596104,58.352278414376194,58.58404922485352,29608400
2012-11-07,57.96005534027502,58.03137048630168,56.96167049984842,57.20235061645508,70737800
2012-11-08,57.36280058508098,57.49651477032545,56.3020133972168,56.3020133972168,58585800
2012-11-09,56.337668178264586,57.1488591407153,56.30201061056519,56.54269409179688,51542100
2012-11-12,56.87251924330432,56.93491828779526,56.38223957923563,56.53377914428711,32663700
2012-11-13,56.09698933776509,56.67641295908932,55.963275148077,56.14155960083008,43288300
2012-11-14,56.41789593866879,56.48029498182258,55.39276297172601,55.48190689086914,82655300
2012-11-15,55.51755912662154,55.70475965006317,55.08967853109856,55.29470443725586,55124200
2012-11-16,55.33928673101874,55.695852249348974,54.652893772604166,55.53539657592773,70873100
2012-11-19,56.14155618463261,56.89926421260361,56.12372740039287,56.85469055175781,55306400
2012-11-20,56.83685906529588,56.95274445709816,56.32875064034562,56.87251663208008,52012700
2012-11-21,56.93492840227041,57.06863920686489,56.69424487340815,56.9884147644043,19611700
2012-11-23,57.30932230198584,57.87091376459813,57.27366472961556,57.85308837890625,16462900
2012-11-26,57.71046510760529,58.13834922709723,57.5321840250596,58.10269165039063,26430900
2012-11-27,58.09377141288639,58.29880076408045,57.80851762056436,57.90657424926758,25828600
2012-11-28,57.63023541389445,58.45033920051922,57.27366648027903,58.40576553344727,37295800
2012-11-29,58.71775658728081,58.95843666175946,58.45924432892348,58.753414154052734,41136100
2012-11-30,58.76231179487144,58.8068854447456,58.48597420840718,58.65534591674805,33497400
2012-12-03,59.10998971331341,59.16347947617456,58.51274063576215,58.53948211669922,28240000
2012-12-04,58.56622138014637,58.6286204336326,58.12051191210573,58.50382232666016,49584500
2012-12-05,58.41467984151853,58.42359593485774,57.54109312189942,57.85308837890625,54076200
2012-12-06,57.67479212282652,58.37010448136862,57.5232525630484,58.22747421264648,47512300
2012-12-07,58.51274372197808,58.5751427811181,57.68372376426776,57.87983703613281,30089400
2012-12-10,57.7193821057667,58.35228879999715,57.7193821057667,58.04920959472656,33219600
2012-12-11,58.450334931538286,59.13672446780275,58.405761267721815,58.80690383911133,40750800
2012-12-12,59.11890704756642,59.11890704756642,58.521657957485246,58.68211364746094,45917700
2012-12-13,58.56621588822637,58.97627454523974,57.96896688929445,58.218563079833984,45467700
2012-12-14,57.82634541103203,58.0135425604164,57.46977649749622,57.66588973999024,39630300
2012-12-17,57.719349941862966,58.45031286599856,57.63912553846227,58.43248748779297,42302900
2012-12-18,58.72667679448788,59.413073180711805,58.56622111468108,59.32393264770508,55596000
2012-12-19,59.49329550703784,59.51112769359785,59.02976067127465,59.0654182434082,34832500
2012-12-20,59.17238415882237,59.1991324386624,58.77124837404628,59.0654182434082,40754300
2012-12-21,58.15736756389494,58.51592238435515,57.9063812412321,58.44421005249024,51152900
2012-12-24,58.29184920338863,58.390451988430286,58.19324641834698,58.32770538330078,11418300
2012-12-26,58.37253304581021,58.42631390152224,57.62853262707764,57.8167724609375,21751300
2012-12-27,57.87052582844092,57.94223816123912,57.00999835145592,57.72710800170898,52933200
2012-12-28,57.28787940467432,57.753999316829926,57.14445815627507,57.171348571777344,33082100
2012-12-31,57.10861766906258,58.489049701061965,56.99209022360412,58.3814811706543,57544000
2013-01-02,59.81568585413362,60.26387769322423,59.59158993458831,60.23698043823242,70695900
2013-01-03,60.23698504931935,60.36247822676193,59.74397809189927,59.92325210571289,47366500
2013-01-04,59.95015494308397,59.95015494308397,59.582641086972856,59.72605895996094,33972500
2013-01-07,59.57364628167182,59.84256406582836,59.38540656830758,59.74396133422852,26766200
2013-01-08,59.735002270330526,59.89635159111107,59.31370088613333,59.62743377685547,28734900
2013-01-09,59.71709132735996,60.0128927843638,59.65434473479967,59.85154342651367,25600300
2013-01-10,60.26387449077036,60.29972381779159,59.65433334844387,60.210086822509766,37528000
2013-01-11,60.183180127633,60.31763900361538,60.05768700041278,60.290748596191406,21158600
2013-01-14,59.98600585521322,60.19217715068913,59.76190989176231,60.0218620300293,36768500
2013-01-15,59.72605895996094,59.81570282430349,59.45714788353329,59.72605895996094,31675300
2013-01-16,59.80671023079996,60.17422392198295,59.69914174518212,59.96805953979492,33822300
2013-01-17,60.21010665702877,60.48799032446702,60.11150387807756,60.25492858886719,32024200
2013-01-18,60.07563096150969,60.1831994646301,59.8515350424907,60.120452880859375,31992000
2013-01-22,60.18320282077218,60.263880912327714,59.81568904929613,60.21905899047852,32123100
2013-01-23,60.55968032308014,60.7658515822939,60.47004332123867,60.586570739746094,31975700
2013-01-24,59.75294876098633,60.30870235285755,59.66330490783797,59.75294876098633,42596300
2013-01-25,59.9411775122997,60.22802000853873,59.824643260197725,60.05770492553711,39240100
2013-01-28,60.06666840013989,60.39832596326891,59.99495606908226,60.192161560058594,32926100
2013-01-29,60.1204403989318,60.33557052164359,59.72602947490744,60.20111846923828,35554700
2013-01-30,60.30868036716048,60.487961169234055,59.94116669092046,60.07561874389648,34445000
2013-01-31,60.04873138661958,60.37143000789706,59.88738207598084,59.94116973876953,34870500
2013-02-01,60.36246937285693,60.75688035203339,60.12044880582135,60.64931869506836,53120800
2013-02-04,60.29972798016036,60.47004307015738,59.57365937773489,59.591590881347656,48483700
2013-02-05,59.851551347734286,60.6582982437561,59.70813347670073,60.47005844116211,35120300
2013-02-06,60.27285003662109,60.5507336892061,60.09357599658311,60.27285003662109,43593200
2013-02-07,60.34455048889736,60.38937240950159,59.66329696112951,60.32662582397461,46017900
2013-02-08,60.631396449048026,61.07062257272454,60.62243069664414,60.94512939453125,39837200
2013-02-11,60.98099076854615,61.007881189186975,60.75689481138473,60.96306610107422,17650400
2013-02-12,60.88236723993637,60.99890147479733,60.649312447941554,60.712059020996094,22057900
2013-02-13,60.89136321149,61.160281137400105,60.74793849397343,60.92721939086914,23494700
2013-02-14,60.64932597877447,60.99891508362339,60.61346980919188,60.909271240234375,24478800
2013-02-15,60.90031464451862,61.05269824189471,60.55968443995404,60.72999954223633,25333600
2013-02-19,60.84653268482099,61.18716292138568,60.82860801709621,61.16923141479492,23436500
2013-02-20,61.15129765407581,61.17818807109746,60.219057777090526,60.228023529052734,38200300
2013-02-21,60.00393930602056,60.06668590426499,59.36750756986521,59.582637786865234,45855600
2013-02-22,59.92323355065058,60.192151326966616,59.69017193376755,60.18318557739258,21968000
2013-02-25,60.56865840094415,60.7837886169167,59.38543195479569,59.439212799072266,40927600
2013-02-26,59.51987410726663,59.77086042821488,59.12546312356834,59.66329193115234,42088800
2013-02-27,59.6633087260792,60.64037070922509,59.58263745972198,60.27285003662109,36339500
2013-02-28,60.28182836226913,60.721054639170745,60.13840362923401,60.147369384765625,28557300
2013-03-01,59.94117614383998,60.50589537198735,59.64536790291614,60.3983268737793,31617200
2013-03-04,60.20112748205036,60.67620970864326,60.12044939966543,60.66724395751953,19380500
2013-03-05,61.02579654858436,61.64429657627088,61.02579654858436,61.56362533569336,35581900
2013-03-06,61.75187825833096,61.76980976375408,61.33057678613952,61.4112548828125,29071100
2013-03-07,61.48296890065481,61.67121553933399,61.35747570077968,61.57261276245117,21775900
2013-03-08,61.77878040238017,61.86841742991109,61.40230078343024,61.64432144165039,26159900
2013-03-11,61.56362581663869,61.84150254372861,61.375386081623176,61.823577880859375,23187900
2013-03-12,61.644313837583226,61.78773853503415,61.30369043943625,61.5994987487793,27575400
2013-03-13,61.6801710843131,61.75188343428536,61.30369150525795,61.518821716308594,34297300
2013-03-14,61.73394515212062,61.85943831746416,61.59052048380537,61.724979400634766,31530800
2013-03-15,61.76900329998308,61.80494245173888,61.40063213550543,61.55337524414063,30752600
2013-03-18,60.98733904548008,61.67016918444629,60.85257580167066,61.418601989746094,36163000
2013-03-19,61.60730674423981,61.72410389609737,60.753773804806734,61.30183410644531,33125100
2013-03-20,61.73307418823242,61.86784431556202,61.445567782119554,61.73307418823242,28035400
2013-03-21,61.16705010048577,61.31978638481597,60.88852333263777,61.03227996826172,30050800
2013-03-22,61.28382111443359,61.67015833969744,61.21194282724712,61.6252326965332,28837200
2013-03-25,61.82290356661368,61.95767366105176,61.104141154096766,61.40062713623047,24909800
2013-03-26,61.63424321850362,61.75104719437952,61.499473091174025,61.73307418823242,19725200
2013-03-27,61.31078922890328,61.85884931128238,61.22094477459527,61.81393051147461,22539500
2013-03-28,61.81393472179408,62.047528947967166,61.67017810135561,61.96667098999024,23662800
2013-04-01,62.0115792301452,62.07447102720115,61.37367475866578,61.54438400268555,28112800
2013-04-02,61.84086946166806,62.236186343980734,61.78695731727333,62.029544830322266,29431900
2013-04-03,62.06552383427341,62.15536832637594,61.31081502028226,61.46355819702149,35131200
2013-04-04,61.43658449932434,61.634246449142665,61.14907807814145,61.48151016235352,32287400
2013-04-05,60.51114106679854,61.05920096019259,60.36739136041278,60.969356536865234,55610800
2013-04-08,60.99633471586643,61.31079375651253,60.81664579398095,61.29282760620117,17891600
2013-04-09,61.45455609612556,61.957690607976005,61.17602933018525,61.70612335205078,30931400
2013-04-10,61.92172036007808,63.04479279923224,61.88578121946232,62.9100227355957,55271300
2013-04-11,62.75731117339318,63.02685140651298,62.68543286393551,62.883094787597656,37233600
2013-04-12,62.73035545368313,62.88309171279264,62.3619911314371,62.838172912597656,32783700
2013-04-15,62.604576731495605,62.703407696207215,61.52642947697832,61.59830093383789,48795800
2013-04-16,61.9486838700134,62.487764219134654,61.82290028313614,62.41588592529297,27682600
2013-04-17,61.87683052593872,61.89479667730742,60.834615524526185,61.19400024414063,60204800
2013-04-18,61.35572503465246,61.391664193260254,60.08889539882849,60.34944915771485,56798200
2013-04-19,60.466249330555065,61.301815865180686,60.37639801234484,61.176025390625,43062800
2013-04-22,61.391664484896,62.02956913015416,61.16704988355043,61.804954528808594,34412100
2013-04-23,62.1553570046982,62.6225523913484,61.8319114082888,62.3979377746582,53078300
2013-04-24,62.24520710483719,62.595605390159925,62.10145730160734,62.37099075317383,44500700
2013-04-25,62.53270562106944,62.9370160290927,62.52371911741723,62.70341491699219,26437100
2013-04-26,62.55068586163343,62.685449158531135,62.23621988968638,62.50576019287109,24079800
2013-04-29,62.703398712173176,63.32333706477812,62.67644606287593,63.08074951171875,31664000
2013-04-30,63.161650449413685,63.54798797131476,62.92804926403964,63.53900146484375,30135800
2013-05-01,63.556924941249605,63.65575588197241,63.11668238556071,63.24246597290039,28537200
2013-05-02,63.35028165843277,64.1768614536698,63.29636951200168,64.0420913696289,31744200
2013-05-03,64.6620666917694,64.99449198755117,64.60816136914427,64.79683685302734,34061700
2013-05-06,64.91360027010585,65.14720130457835,64.85969497549357,65.04837036132812,19244300
2013-05-07,65.15622389199403,65.20114957024042,64.7698863650419,65.0124740600586,25838100
2013-05-08,64.97651368531696,65.38081723881797,64.86869620552622,65.32691192626953,24252100
2013-05-09,65.20109851517532,65.67728017105483,65.11125408373043,65.2370376586914,29337200
2013-05-10,65.37183910877292,65.65934554020124,65.2550351226122,65.63239288330078,20663700
2013-05-13,65.52455093580868,65.87494905407304,65.4616591416251,65.71322631835938,29730100
2013-05-14,65.73121827242515,66.25231892247623,65.70425876312311,66.05465698242188,36009800
2013-05-15,65.92885367405152,66.25229914217371,65.76713093999042,66.18940734863281,27214400
2013-05-16,66.24332126789093,66.57574639062894,66.08159852950513,66.1175308227539,27253400
2013-05-17,66.45897732138184,66.7824229345251,66.24334919751782,66.7554702758789,31114500
2013-05-20,66.6296864405525,66.87226722236424,66.3870988040463,66.6566390991211,25132400
2013-05-21,66.62066689721905,66.97106499422812,66.38706588098265,66.72847747802734,25900000
2013-05-22,66.80937334936742,67.33946056412475,65.80309738064051,66.14451599121094,59843200
2013-05-23,65.5605192619819,66.21639014256111,65.43473561763261,65.99177551269531,48222100
2013-05-24,65.5515078831151,65.97378432377573,65.3718189892855,65.95581817626953,26430300
2013-05-28,66.7284813188444,66.97106884900823,66.18042817391111,66.38706970214844,27057100
2013-05-29,66.12654478228082,66.30624059660079,65.69528853730174,66.07263946533203,32090300
2013-05-30,66.09955111060476,66.73745543257373,66.08158496766755,66.4229965209961,32390500
2013-05-31,66.17147279940323,66.67460738797752,65.7402096844148,65.81208801269531,38347600
2013-06-03,65.82107577379023,65.94685942333474,65.0753535267086,65.92888641357422,47613100
2013-06-04,66.06363755066829,66.3241912796336,65.31791551825303,65.58745574951172,35251900
2013-06-05,65.37184486116655,65.62341215396624,64.68002795127276,64.73394012451172,48654200
2013-06-06,64.82375582752152,65.05735686199402,64.21280402137992,65.04837036132812,62524100
2013-06-07,65.3179050034714,66.0097216201444,65.15618226168864,65.9378433227539,31969800
2013-06-10,66.06363656269801,66.27028498419831,65.8210558419472,65.96480560302734,25390000
2013-06-11,65.3089370727539,65.89292949340887,65.08432249413494,65.3089370727539,40278900
2013-06-12,65.68628138995125,65.71323403995532,64.45539115379042,64.5542221069336,42081900
2013-06-13,64.46438139254062,65.51557593179449,64.2846924789681,65.371826171875,28221500
2013-06-14,65.3718069910242,65.4436784225497,64.84171319854343,64.94054412841797,27690700
2013-06-17,65.4526617141577,65.94681633931182,65.2280472217586,65.56946563720703,32441900
2013-06-18,65.659337114303,66.2343499033697,65.64136410887977,66.10856628417969,24853100
2013-06-19,66.1265278345108,66.19840614181687,65.29994786456892,65.371826171875,43145100
2013-06-20,64.6171246584657,64.83275960375683,63.60186916282024,63.81749725341797,60908400
2013-06-21,63.79405337320132,63.96530268228798,62.946828635249645,63.47859954833984,51558900
2013-06-24,62.95584989027047,63.33439451812906,62.32494217717281,62.84769821166992,41492300
2013-06-25,63.45156537404735,63.55971704816329,62.91979442959105,63.30735397338867,28897400
2013-06-26,63.84814212138394,63.9923535427055,63.62281693285329,63.875186920166016,23742300
2013-06-27,64.20867489508231,64.55117364172335,64.10953124488414,64.14558410644531,23545000
2013-06-28,63.94727135454196,64.6142387133952,63.803066842072,64.23568725585938,28301100
2013-07-01,64.66832366528416,65.16404178887954,64.5691800405651,64.63227081298828,24942800
2013-07-02,64.60524879243324,65.05589924247076,64.30781784507724,64.6593246459961,23067900
2013-07-03,64.42500386661013,65.22716127324964,64.37092112617071,64.92071533203125,18847500
2013-07-05,65.29022317957264,65.44344264418456,64.76746713708421,65.4164047241211,28795900
2013-07-08,65.75890850643962,65.78594643143747,65.23615236854914,65.47950744628906,20558500
2013-07-09,65.7859317971033,66.02027188892085,65.47949288012342,65.87606048583984,26108600
2013-07-10,65.81296591515134,66.35375176909463,65.77691994284105,66.25460815429688,25598900
2013-07-11,66.96662595636583,67.62457143184314,66.92155818346939,67.57049560546875,47768900
2013-07-12,67.61555764570794,67.91298844855149,67.43530030382648,67.86792755126953,31412600
2013-07-15,67.94003568259615,68.06621721449882,67.75076338474211,68.02115631103516,19783600
2013-07-16,68.0752653794275,68.12934124053432,67.75981139566922,67.93106079101562,31747100
2013-07-17,68.13832488333222,68.26450641888607,67.91299973036062,68.1022720336914,24631500
2013-07-18,68.09329525071719,68.26453776968248,67.82290219242087,67.93106079101562,36278800
2013-07-19,67.34518557017242,67.36320855753975,67.02973171840735,67.22801208496094,37732400
2013-07-22,67.48037512875078,67.5795187400585,67.21899714224658,67.4262924194336,21135900
2013-07-23,67.55249593772857,67.56151087161234,66.87652030042089,66.93060302734375,24739500
2013-07-24,67.5885240622779,67.61556197765468,66.99366929485687,67.14688873291016,24426900
2013-07-25,67.46233707634329,67.65160934503032,67.11083045215642,67.57049560546875,23162200
2013-07-26,67.30014594711793,67.94006885027935,67.19199422490429,67.93106079101562,20885600
2013-07-29,67.79582515744556,68.08424104429307,67.62457586087523,67.80484008789062,20958400
2013-07-30,68.04820051498163,68.45378306551294,67.91300403934505,68.16536712646484,24104600
2013-07-31,68.30054172362254,68.68810116223332,68.165345291293,68.2915267944336,25007600
2013-08-01,68.76023237738639,69.08470118491967,68.68812666985038,68.98555755615234,16880000
2013-08-02,68.99457089828077,69.39113852782995,68.84134455420413,69.37311553955078,18105300
2013-08-05,69.33706860429992,69.47226509525736,69.20187211334246,69.41818237304688,15462800
2013-08-06,69.32803931720734,69.39113008307433,68.72416957585507,69.00357055664062,23675400
2013-08-07,68.80529754727704,69.01259975018314,68.38169196112834,68.87740325927734,20281200
2013-08-08,69.25590985140218,69.38209821620592,68.76921375396451,69.21986389160156,19994000
2013-08-09,69.10271748131667,69.34607250158813,68.74219585493033,68.94048309326172,18558500
2013-08-12,68.67911732658806,69.22891135763088,68.67010926969701,69.10272979736328,20515900
2013-08-13,69.19284928049431,69.64349961464895,68.69713803875126,69.49028015136719,23917000
2013-08-14,69.4632371768204,69.56238079323018,69.12975347831677,69.22889709472656,29921000
2013-08-15,68.45378810664337,68.48984096122672,67.85893319696542,68.05722045898438,39406600
2013-08-16,68.0662354960614,68.38169628692387,67.91301600565252,68.03018951416016,23825000
2013-08-19,68.03916826681757,68.61599999810909,67.89496377218302,67.9129867553711,29586900
2013-08-20,68.03917702454225,68.52588014978653,67.98510119164096,68.2104263305664,18842800
2013-08-21,67.99412697169588,68.57996692527638,67.72373401129056,67.9760971069336,30705100
2013-08-22,68.27354498557668,68.68814258540596,68.23749212345496,68.64308166503906,17269500
2013-08-23,69.129767720795,69.1928585009288,68.85938161009842,69.10272979736328,20697300
2013-08-26,69.1568238147977,69.65253520355375,68.99458937133306,69.1387939453125,27525500
2013-08-27,68.31862452488946,68.66111645934261,67.5615280429647,67.72376251220703,40068900
2013-08-28,67.64260047289875,68.27350802755322,67.64260047289875,67.98509216308594,20490400
2013-08-29,67.96708782232145,68.80529085639317,67.8679441970569,68.46279907226562,27287900
2013-08-30,68.53489736988973,68.53489736988973,67.77780130209587,68.02115631103516,26228500
2013-09-03,68.57997967141397,68.8954404759773,68.08426832037712,68.40873718261719,27241500
2013-09-04,68.64308255655644,69.25596059144456,68.43578031575925,69.1387939453125,27142900
2013-09-05,69.18383684609135,69.4542229036441,69.15679892797388,69.25593566894531,17809700
2013-09-06,69.49027083434017,69.70658104034626,68.54390938532752,69.33705139160156,27715100
2013-09-09,69.63449798247042,70.26540575793433,69.60746006014755,70.14823913574219,25161900
2013-09-10,70.55382869882308,70.58988155761105,70.22935984611107,70.49073791503906,27619400
2013-09-11,70.02204533691773,70.40058993600552,69.93190977643013,70.35552215576172,28132900
2013-09-12,70.37355371970001,70.52677317402852,70.16625155249591,70.31046295166016,18332700
2013-09-13,70.38256007335687,70.42762785360067,69.97697755667393,70.35552215576172,16932500
2013-09-16,70.95037843920315,70.95037843920315,70.00401013725573,70.16624450683594,25704300
2013-09-17,70.31948793793669,70.72507743845807,70.28344195584467,70.63494873046875,27174300
2013-09-18,70.74308856244893,71.62636625588677,70.59888402913207,71.4821548461914,31714700
2013-09-19,71.70746480602678,71.82463827064413,71.52720745852211,71.65338897705078,26435700
2013-09-20,71.82332820846817,71.90469239639378,71.37132486694975,71.40748596191406,26328900
2013-09-23,71.7058322707688,71.78719648416622,70.92838572820847,71.26287078857422,30319400
2013-09-24,71.41655031751559,71.64255205902671,71.02782704623543,71.26287078857422,21871300
2013-09-25,71.31710751721637,71.41654883317652,70.87414604422841,71.01878356933594,22746400
2013-09-26,71.3080581320675,71.74198445650491,71.28093902998233,71.57022094726562,22421700
2013-09-27,71.15436204940411,71.60636537094551,71.04587876930577,71.47980499267578,25151600
2013-09-30,70.7385378450577,71.49790030815785,70.5125361267029,71.30805969238281,28031900
2013-10-01,71.31712168908139,72.06744925969176,71.2809605763623,72.03128814697266,33129700
2013-10-02,71.54310494413185,72.1035917005946,71.4707827374221,72.004150390625,25503800
2013-10-03,71.91373356562951,72.06741304468905,70.7837252248561,71.16340637207031,42998200
2013-10-04,71.16344259841672,71.87760906098076,71.10016237500102,71.77816772460938,22852700
2013-10-07,71.14534981679817,71.73295576004263,71.11823070968364,71.18151092529297,20227100
2013-10-08,71.18150637303636,71.24478658459874,69.780299717862,69.80741882324219,43660700
2013-10-09,69.97012000171733,70.00628109738204,69.02091020733381,69.59043884277344,64526700
2013-10-10,70.34079450807042,71.22672455446805,70.32271739966636,71.06400299072266,48062700
2013-10-11,70.88315794807839,71.67868124095695,70.87411595127786,71.62444305419922,25214100
2013-10-14,71.18149684372192,72.13070678710938,71.12725864022259,72.13070678710938,31471900
2013-10-15,72.07647322173896,72.41999336104838,71.76006528889901,71.85047149658203,38684000
2013-10-16,72.18496274734743,72.70024649842003,72.13072453050607,72.6640853881836,46735900
2013-10-17,72.3386626989053,73.10707443839212,72.27538246239764,73.07994842529297,32193500
2013-10-18,73.74889928441611,74.29130215332503,73.5409746212039,74.2641830444336,39628200
2013-10-21,74.43593787572073,74.61674342561089,74.19185900465213,74.4269027709961,31176900
2013-10-22,74.71618304820423,74.94218480763797,74.0652968775108,74.5353775024414,43944800
2013-10-23,74.17379552229056,74.30939108833101,73.72179191008166,74.08338928222656,38021300
2013-10-24,74.1285887167638,74.56251519760278,74.0201053722972,74.40882873535156,23155100
2013-10-25,75.104898344175,75.28569697363844,74.58057266289516,74.94217681884766,35824500
2013-10-28,74.9512310082567,75.07779144886791,74.62578790467732,74.96026611328125,28618400
2013-10-29,75.21335237454424,75.26759746485682,74.7613490384063,75.0867919921875,36878100
2013-10-30,75.34897398964091,75.47553440430559,74.65289170898514,75.01449584960938,33535500
2013-10-31,74.82465891696816,75.30378843687329,74.56250294737606,74.84274291992188,31309900
2013-11-01,75.09586835848951,75.18626768768459,74.49018526615309,74.86082458496094,30867800
2013-11-04,75.08683302388143,75.09587502671184,74.70715166933184,74.96931457519531,16834000
2013-11-05,74.68002748255181,75.23147236826604,74.46306770855786,75.05066680908203,27975600
2013-11-06,75.36707789885128,75.39419700958238,74.78851387983032,75.0325927734375,25576800
2013-11-07,75.04162815286354,75.1501045862139,73.55905712284537,73.6223373413086,52173200
2013-11-08,73.8935441298455,74.63482973321607,73.68562634312242,74.61675262451172,31470500
2013-11-11,74.50824164545605,74.70712425257335,74.25512083531576,74.49920654296875,24822900
2013-11-12,74.27323238291031,74.72523596781986,74.23707126847425,74.61675262451172,20108500
2013-11-13,74.12857273975537,75.52978632474405,74.12857273975537,75.52074432373047,31345900
2013-11-14,75.32184913662834,75.81001365465484,75.15912763061951,75.75577545166016,31101200
2013-11-15,75.7738835739463,75.90044403076172,75.5840428887232,75.90044403076172,20511300
2013-11-18,75.88235760322557,76.0360371537689,75.0145116214772,75.15914916992188,31679600
2013-11-19,75.11393344773023,75.47553760368272,74.81561639881812,74.94217681884766,25545300
2013-11-20,75.14104826907663,75.42128817215516,74.54440046597767,74.76136016845703,32177400
2013-11-21,75.07778283242847,75.58402453677361,75.01450261938533,75.52074432373047,28125000
2013-11-22,75.64732648959664,75.95468564212868,75.59308826197991,75.92756652832031,25361300
2013-11-25,76.19878253688879,76.28013989014018,75.91854245742879,76.10838317871094,21695100
2013-11-26,76.126414671198,76.6959364937467,75.96369316518056,76.50609588623047,26621000
2013-11-27,76.65980840173371,77.05756685424213,76.5965281776737,77.03948974609375,21638100
2013-11-29,77.34681714717601,77.599937939622,77.2654598483288,77.50050354003906,16708900
2013-12-02,77.59092960311949,77.70844804100099,77.15700316850976,77.27452850341797,26354600
2013-12-03,77.22029304067208,77.4191757273516,76.91293390455101,77.21125793457031,37147000
2013-12-04,76.88581087984598,77.53669023445771,76.64172508696777,77.2835693359375,37193200
2013-12-05,77.3468187882102,77.43722498487986,76.99425669167681,77.18409729003906,39829300
2013-12-06,77.83499770506751,77.90731991699431,77.37395222531632,77.74459838867188,36842900
2013-12-09,78.0610122680664,78.22373382311997,77.92540982268395,78.0610122680664,22590000
2013-12-10,77.93445267774477,78.15141245451474,77.85309534784115,78.00677490234375,26965900
2013-12-11,77.99774059211971,78.10622393971676,76.89485069781311,77.00333404541016,36830600
2013-12-12,77.03042218169881,77.22026279088205,76.75018226771759,76.8044204711914,33662600
2013-12-13,77.1660473878832,77.202208499892,76.57844138753735,76.70500183105469,34072000
2013-12-16,77.08467970026204,77.57284434492031,77.03044148319776,77.1298828125,24902500
2013-12-17,77.12986817687333,77.31970879760205,76.83154424557449,76.97618865966797,24454900
2013-12-18,77.06658918588674,77.94347699334405,75.98178365117121,77.87115478515625,68387200
2013-12-19,77.74459700766093,77.7536390082476,77.31067064083388,77.6541976928711,44964100
2013-12-20,77.8011167125724,78.60823812123557,77.74670621008018,78.44499969482422,40475400
2013-12-23,79.08886857223496,79.27024841308594,78.85307823859542,79.27024841308594,28181800
2013-12-24,79.28839928511928,79.36095123641819,79.14329538252146,79.30653381347656,13852500
2013-12-26,79.45161970863442,79.63299262683924,79.29745203626699,79.56951141357422,15241100
2013-12-27,79.66928196829302,79.71462866492321,79.27026009747223,79.37001037597656,15827400
2013-12-30,79.25212860107422,79.36095653528893,79.0254089273284,79.25212860107422,18983700
2013-12-31,79.39721114294169,79.76902770996094,79.36999897751087,79.76902770996094,24890500
2014-01-02,79.39725007894961,79.42445533878826,78.91659845236498,79.14331817626953,29177500
2014-01-03,79.14330683959116,79.21585880139294,78.5538411770253,78.57197570800781,35723700
2014-01-06,78.59007285623078,78.68075929789458,77.9915298871721,78.28173065185547,32073100
2014-01-07,78.64450277893688,79.12514726561265,78.49939890125847,79.00725555419922,25860600
2014-01-08,79.02540534846123,79.39722891765437,78.85309619015855,79.17957305908203,27197400
2014-01-09,79.46979980071892,79.4788705275103,78.64454355507323,78.9166030883789,23674700
2014-01-10,79.10702810929489,79.26119582007965,78.51755559983751,79.1705093383789,38008900
2014-01-13,79.06167958087431,79.33374593862072,77.70136163001202,78.0006332397461,48842300
2014-01-14,78.26362273372935,79.55138863230377,78.26362273372935,79.48790740966797,37178900
2014-01-15,79.83254200051563,80.2950521393951,79.75092622720909,80.14088439941406,39835600
2014-01-16,80.07737258250067,80.26781623310218,79.95041014876634,80.14991760253906,31630100
2014-01-17,79.90508019465545,80.14087058623826,79.50605136565916,79.69649505615234,36895800
2014-01-21,80.20435046045306,80.34037672355196,79.6330124796975,80.30410766601562,26412700
2014-01-22,80.51268768310547,80.71220209869367,80.27689729023439,80.51268768310547,29376900
2014-01-23,80.26782872573635,80.27689253031824,79.67835623797829,80.2406234741211,35011900
2014-01-24,79.85064354789294,79.96853524562272,78.63542292965455,78.66262817382812,63974600
2014-01-27,78.66264596170612,78.79867913226788,77.31139881704419,77.90087127685547,63519300
2014-01-28,77.53810844866813,77.93713718573756,77.36579932694568,77.85551452636719,44378800
2014-01-29,77.18444051706113,77.7557715613995,76.8670343813176,77.02120208740234,51939300
2014-01-30,77.96435513898375,78.71706604515472,77.88273246631073,78.44499969482422,65833600
2014-01-31,77.57440212441284,78.60824325286343,77.4927794464114,78.23641967773438,45187000
2014-02-03,78.09135359842546,78.44503586557603,76.2413195523636,76.44083404541016,65596900
2014-02-04,76.83078070154974,77.3114254064308,76.59499025274394,77.00308990478516,37675500
2014-02-05,76.74914854740767,77.07562546124112,75.94202698791274,76.8035659790039,41721800
2014-02-06,77.03026271025861,77.8827238031988,77.01212126548933,77.78296661376953,32308600
2014-02-07,78.21828398318353,79.22491984361234,77.99156431946415,79.1705093383789,38359400
2014-02-10,79.14328048707426,79.66020093465404,79.08886999330805,79.62393188476562,30205400
2014-02-11,79.79626149983972,80.68500574394876,79.70557500609861,80.53083801269531,38635500
2014-02-12,80.69405302222395,80.86635523458645,80.44012122702195,80.68498229980469,32507200
2014-02-13,80.09553740320004,81.3470276886323,80.07740287106463,81.2835464477539,40454500
2014-02-14,81.256318415703,81.62814195015973,81.01146424635265,81.44676208496094,33212400
2014-02-18,81.58279144528085,81.99995473736041,81.38327706234408,81.84578704833984,29546600
2014-02-19,81.6916460696318,81.88208979226694,81.12030798279002,81.2835464477539,41749900
2014-02-20,81.33795182938702,81.81859642752097,80.993333499453,81.6644287109375,41814800
2014-02-21,81.9273737171756,82.04527231193975,81.45580009491378,81.55555725097656,31192200
2014-02-24,81.74603703397305,82.36271476313217,81.65535055711268,81.99089813232422,31500400
2014-02-25,82.10879265043914,82.2720310819086,81.63721188444518,81.90020751953125,26771700
2014-02-26,82.11789110970321,82.38087991467971,81.50121315130411,81.82769012451172,42953700
2014-02-27,81.8395075631801,82.4405284673782,81.71201806993638,82.35857391357422,28742400
2014-02-28,82.34036258929514,82.83211078752,81.53899901496025,82.26750946044922,48609800
2014-03-03,81.49343262998111,81.87590793502375,80.92883846840395,81.6573486328125,38885700
2014-03-04,82.54981155782329,82.85032549614378,82.46785005298288,82.69551086425781,33189000
2014-03-05,82.83207095665739,83.06884003772483,82.65904659576348,82.92313385009766,27203300
2014-03-06,83.11437635369712,83.17812108026939,82.54978218910108,82.85029602050781,24063900
2014-03-07,83.11437982588305,83.19634130498807,82.02161105394865,82.44050598144531,31167800
2014-03-10,82.39500846010607,82.55892453125468,81.9852148084061,82.51338958740234,18131700
2014-03-11,82.71369584694132,82.92313982217262,81.91232565258457,82.158203125,27484300
2014-03-12,81.78485216786463,82.51336940537114,81.48434523397432,82.46783447265625,27977200
2014-03-13,82.77745214455734,82.80477032361078,80.92884792028879,81.30220794677734,48542000
2014-03-14,81.03814783566902,81.39329817787414,80.71031568168627,80.74674224853516,38732300
2014-03-17,81.26580462369719,81.87594090348229,81.22027662814462,81.45703887939453,28467200
2014-03-18,81.55718119943202,82.54067726276566,81.52986302228183,82.44050598144531,31250200
2014-03-19,82.4678398435399,82.55890971490079,81.45702541080456,81.99430847167969,40869400
2014-03-20,81.73933743852216,82.46784784651636,81.5754213808836,82.22197723388672,31634500
2014-03-21,82.69294172595451,82.73858079344643,81.07742040448304,81.23258209228516,62754000
2014-03-24,81.5246495286219,81.58854004146507,79.78134727044736,80.5206527709961,77735300
2014-03-25,80.94049338170196,81.46074661092753,80.10990987767835,80.78533172607422,41723300
2014-03-26,81.18693599631236,81.36948528693246,79.73570569448549,79.74483489990234,40930400
2014-03-27,79.63529545683065,79.99125782499841,78.85948021758149,79.2975845336914,64784500
2014-03-28,79.55315151366311,80.3289667334545,79.23369204356456,79.45275115966797,39895100
2014-03-31,80.07343741156964,80.5571809708805,79.97303701659433,80.01866912841797,33924300
2014-04-01,80.41112933043821,81.47901668241217,80.05516687978024,81.42425537109375,38683800
2014-04-02,81.77109671226223,81.85324565091834,81.26910172719995,81.63419342041016,34631600
2014-04-03,81.71630592024134,81.85321612625441,80.52063784571467,80.98612976074219,30319100
2014-04-04,81.52465299653717,81.60680192428352,78.62218521447156,78.83211517333984,131213200
2014-04-07,78.33924891178216,79.0694252974726,77.53604583491483,78.08368682861328,83995800
2014-04-08,78.17496484955124,78.91427050679816,77.90114432873271,78.80474090576172,51495700
2014-04-09,79.09681278912005,80.20121005446873,78.88688281340508,80.15557098388672,45685200
2014-04-10,80.21035842983353,80.21035842983353,77.45392897184526,77.67298126220703,73659600
2014-04-11,76.97924052473176,77.98324382207552,76.58677537118555,76.76931762695312,93657400
2014-04-14,77.44478487398422,77.78249593617791,76.65984010724405,77.37176513671875,46500700
2014-04-15,77.65470762336237,78.07456062809867,76.01179850609442,77.62732696533203,84631500
2014-04-16,78.30273657909068,78.65869903564453,77.6638244277688,78.65869903564453,46970900
2014-04-17,78.35748836292588,79.06941318946242,78.15668762445793,78.67694091796875,53719500
2014-04-21,78.85949099287006,79.2610855102539,78.494399370531,79.2610855102539,25947900
2014-04-22,79.5349143158517,80.09167753155917,79.39800407266155,79.89087677001953,38593400
2014-04-23,79.89089091908654,79.91827157986498,79.14245601577908,79.18809509277344,34376700
2014-04-24,80.49326619041382,80.51151763693497,79.08766804781956,79.94562530517578,48926300
2014-04-25,79.47101983406064,79.56229100378738,78.47615224601459,78.6678237915039,44334000
2014-04-28,79.04204508492313,79.50753714676631,77.68208572695957,78.92339324951172,58623800
2014-04-29,79.16068176754995,79.69918644344128,78.77733178419902,79.55315399169922,36742700
2014-04-30,79.18806225370007,79.8452256940404,78.98726153986912,79.76307678222656,38689400
2014-05-01,79.89084429759045,80.45673648977655,79.69004361766822,80.00037384033203,37127200
2014-05-02,80.2742384455957,80.42027792905238,79.66271377659908,79.85438537597656,40074200
2014-05-05,79.37975603232917,80.29248174140314,79.18808446904899,80.27422332763672,27924400
2014-05-06,80.14644460758932,80.19208367978315,79.19720900702418,79.23371887207031,33698500
2014-05-07,79.39803429459147,79.4801832571923,78.0654551449682,79.00556182861328,67489100
2014-05-08,78.72259564907503,79.89088349062747,78.54005328516178,78.93252563476562,46556900
2014-05-09,78.88684511353841,79.2793172569308,78.35746278737359,79.22455596923828,35081500
2014-05-12,79.69919394224618,80.5571581789119,79.62617422773351,80.52977752685547,38951100
2014-05-13,80.60279276822125,80.87661322433239,80.42937964532474,80.58454132080078,30311900
2014-05-14,80.33810123263297,80.63930234057818,79.97301657717101,80.16468811035156,26483600
2014-05-15,80.14642893192071,80.28333915817953,79.0237803963938,79.53490447998047,59680300
2014-05-16,79.62620114728391,80.10082248853016,79.07856703038452,80.05518341064453,66804100
2014-05-19,79.81784945363106,80.73970424231908,79.68094618700614,80.61192321777344,32017000
2014-05-20,80.57539383531284,80.8674656725826,79.99125016077332,80.31983184814453,33716000
2014-05-21,80.46585563452975,81.13214111985155,80.42021658987349,81.08650207519531,36837700
2014-05-22,81.17783644825823,81.67070922540334,81.05005539087381,81.4425277709961,30617100
2014-05-23,81.52463496075671,82.05401738031402,81.34209266055052,82.03575897216797,22687300
2014-05-27,82.40088077006186,83.07629588489411,82.32786103777056,83.05804443359375,29725200
2014-05-28,83.03063344480213,83.14928524377476,82.73856158587209,82.80245208740234,30468100
2014-05-29,83.09449950587073,83.34093223542095,82.9302086983238,83.3318099975586,33036100
2014-05-30,83.35010210624779,83.46875392821592,82.90286850885929,83.34097290039062,29906400
2014-06-02,83.44139247554328,83.45965089145919,82.72946745282037,83.25885009765625,30409900
2014-06-03,82.9850099506485,83.35923078946469,82.87548733522422,83.22232055664062,21774500
2014-06-04,83.01239285122217,83.66955641572874,82.88461182073966,83.53264617919922,20118300
2014-06-05,83.6056602479046,84.39060478982351,83.32271755147222,84.23544311523438,35583100
2014-06-06,84.54574956591267,84.71916961669922,84.38145871873122,84.71916961669922,22680600
2014-06-09,84.73741537380732,84.86520332507688,84.42709210747978,84.6552734375,23399500
2014-06-10,84.58228664939578,84.84697793082867,84.48188626804041,84.80134582519531,20626000
2014-06-11,84.50923016822578,84.9017023164036,84.42708823568546,84.78305053710938,22878200
2014-06-12,84.60055476970597,84.69182595498958,83.72433885660209,84.01641082763672,35275900
2014-06-13,84.38145390995969,84.47273201372471,83.89771059958822,84.26280212402344,39447100
2014-06-16,84.11681658409199,84.58230174778292,83.9342672383397,84.33586883544922,25212300
2014-06-17,84.27195474267397,84.60965875168817,84.13504451252658,84.38147735595703,19977900
2014-06-18,84.46363728878495,84.97476145351068,83.95251312405921,84.85610961914062,34514000
2014-06-19,84.98388817481731,85.03864948699504,84.41799574931828,84.80134582519531,38422200
2014-06-20,84.83703794767058,84.99262358779886,84.68145928979963,84.9011001586914,25897500
2014-06-23,84.89194884181721,84.94685731052654,84.6631542458524,84.91940307617188,20837900
2014-06-24,84.91022917369276,85.63322076312379,84.58991821185755,84.8370132446289,31945800
2014-06-25,84.6448306525865,85.52340089594964,84.63568389771437,85.3769760131836,32818600
2014-06-26,85.43188322918216,85.44103696617681,84.76380705593822,85.4227294921875,22563900
2014-06-27,85.31292261943966,85.8162664973059,85.28546838747958,85.79796600341797,22877800
2014-06-30,85.77965698561434,86.15487642221048,85.72474154489478,85.94438934326172,19751900
2014-07-01,86.24639497148124,87.11581848469072,86.20978700418503,86.88702392578125,31862500
2014-07-02,86.94193846151131,87.1615792983823,86.8595757660308,87.03345489501953,18777300
2014-07-03,87.31716973048636,87.58256530761719,87.07922140443948,87.58256530761719,15291700
2014-07-07,87.48187165711384,87.59169554326488,87.15241396317039,87.31714630126953,23266400
2014-07-08,87.15241813487981,87.21648032597066,85.90777529461027,86.26469421386719,40612400
2014-07-09,86.4934994186356,87.0059970105714,86.24639737805511,86.90532684326172,29919000
2014-07-10,85.7888212757884,86.98770972793031,85.68815109319043,86.63079071044922,44245300
2014-07-11,86.85040680665051,87.18901824951172,86.58500430841153,87.18901824951172,19566300
2014-07-14,87.58256132537855,87.91202607499962,87.4361364268005,87.71068572998047,19579000
2014-07-15,87.84796546279722,87.97608986971828,86.78636223655757,87.40868377685547,39467500
2014-07-16,88.04014222367647,88.1316656317436,87.66492278317297,87.75643920898438,22052600
2014-07-17,87.51848692275708,87.82965113502487,86.31960574014224,86.59416198730469,43111500
2014-07-18,87.04263243133582,88.01271945981543,86.94196223227569,87.96696472167969,36682200
2014-07-21,87.78387789045155,88.00352565220237,87.44526647669773,87.85709381103516,29750700
2014-07-22,88.26895811215597,88.55266817767077,88.17744166422688,88.41539001464844,25770400
2014-07-23,88.72654751484261,89.08346655007347,88.56181511533164,88.98280334472656,28947500
2014-07-24,89.13837468106509,89.23904486039828,88.75400144120573,88.88212585449219,24707200
2014-07-25,88.42455346569027,88.65334810176996,88.06763439198662,88.53437042236328,29898900
2014-07-28,88.62585266038508,88.7905850140468,87.87540682309401,88.5617904663086,25603400
2014-07-29,88.75399169365348,88.95532504795123,88.333003545083,88.40621948242188,27022200
2014-07-30,88.9004150632533,89.06514742831594,88.40621796806542,88.75399017333984,35348500
2014-07-31,88.02186890130454,88.16829383134893,86.83213405175117,86.96025848388672,50047900
2014-08-01,86.7772088708901,87.25309852974652,86.06337089147722,86.63993072509766,60708000
2014-08-04,86.8229671777176,87.57341309874954,86.50264918933604,87.23479461669922,33230500
2014-08-05,86.88702175666798,87.13411680192897,86.16403013069267,86.56670379638672,50331100
2014-08-06,86.02676535696196,87.04261388943854,85.95354941283145,86.50265502929688,34431900
2014-08-07,86.90533364896781,87.07006602816995,85.92609311211531,86.22810363769531,33274700
2014-08-08,86.3653519708271,86.9510653430788,85.99927936760626,86.85039520263672,40236900
2014-08-11,87.18903655118707,87.637478960751,87.12497434728601,87.36292266845703,28277500
2014-08-12,87.27140836659676,87.55511142191895,86.87788139521918,87.3263168334961,28152300
2014-08-13,87.68322782804003,88.28724883781706,87.63747310388655,88.25064086914062,27996500
2014-08-14,88.36959539441888,88.72651429602087,88.2506247546365,88.70821380615234,25006600
2014-08-15,89.22072175725941,89.3488461481068,88.29639679218258,89.13835906982422,55205500
2014-08-18,89.60510435681388,89.90710786790501,89.47697298021497,89.82474517822266,38938300
2014-08-19,90.03523010408355,90.38300229375508,89.98032164561148,90.32808685302734,21363400
2014-08-20,90.25487790248312,90.511126685027,90.17250823251938,90.32808685302734,23435600
2014-08-21,90.37383029773692,90.55686311050154,90.23655219703636,90.5111083984375,19339500
2014-08-22,90.54772157613392,90.83142454694648,90.34638128113612,90.6483917236328,24692000
2014-08-25,91.0785211266121,91.22495297359087,90.74906343541944,90.9687042236328,24124700
2014-08-26,91.10601867400533,91.16092714739628,90.8497628395799,91.0602569580078,20100400
2014-08-27,91.08770598522123,91.18837616885216,90.88636561795938,91.07855224609376,15589100
2014-08-28,90.7673730707874,91.08768404050916,90.67585664833196,90.97786712646484,23563900
2014-08-29,91.17919679526192,91.43545254298688,90.84973210187076,91.31647491455078,17906300
2014-09-02,91.53613983771912,91.60935578493444,91.20668203976425,91.58190155029295,18326800
2014-09-03,91.82899337780124,91.82899337780124,90.87721402688668,91.0419464111328,25950700
2014-09-04,91.2524286188233,91.7191715128072,90.7307772604612,90.9595718383789,24663500
2014-09-05,91.09683381958529,91.4720532300272,90.6300910084088,91.41714477539062,30798200
2014-09-08,91.4446249268466,91.8198514259187,91.170075593575,91.59105682373048,25571300
2014-09-09,91.60017479814692,91.938793216598,90.65754245048488,90.83142852783205,36449200
2014-09-10,90.9504262245106,91.61850952390064,90.69417739151402,91.58190155029295,31080100
2014-09-11,91.188348413397,91.55442106224454,90.82227576454946,91.50865936279295,28691900
2014-09-12,91.42631964695488,91.45377388061976,90.75823637132976,91.0419464111328,30444400
2014-09-15,91.14260878308002,91.15176252163782,89.88881890867431,90.16336822509766,32972200
2014-09-16,89.82474363568387,91.1242950315646,89.7332272101898,90.95040893554688,38166900
2014-09-17,90.93211363030215,91.5178271655814,90.53858669419992,91.0876922607422,37196500
2014-09-18,91.37137489698289,91.78320921666224,91.2707117332439,91.77405548095705,30196700
2014-09-19,92.15754326284988,92.24927742360062,91.35027284982844,91.71721649169922,46918000
2014-09-22,91.49702994481906,91.50620545893368,90.46959632771268,90.8640594482422,48658000
2014-09-23,90.4971250840157,91.02001745991522,90.43291047640936,90.61637878417967,33989600
2014-09-24,90.7080924700417,91.6346233126077,90.39619501743744,91.58875274658205,35959000
2014-09-25,91.2952068705284,91.41446755251089,89.62562031257053,89.66231536865234,68642500
2014-09-26,89.95588167801876,90.78150306071991,89.79993291652724,90.61637878417967,56106200
2014-09-29,89.71735779638986,90.7447913293494,89.67148722844016,90.49710845947266,33342700
2014-09-30,90.74478009171132,91.09337956768084,90.19436833880684,90.62552642822266,41834300
2014-10-01,90.36867402277946,90.46040815448852,88.89173140600708,89.17610931396484,58164900
2014-10-02,89.1394142615081,89.45131870795764,88.03859068326817,89.17610931396484,54501300
2014-10-03,89.69902510611854,90.42373683490152,89.38712757667311,90.05679321289062,41627800
2014-10-06,90.34120282750509,90.56136626119616,89.58897134676366,89.86417388916016,36038700
2014-10-07,89.44216066476304,89.69901908326365,88.57984426076789,88.58901977539062,45154000
2014-10-08,88.63490417130804,90.59804467468436,88.12118025533006,90.31365966796876,64931600
2014-10-09,90.19440273449892,90.4237416355731,88.71745965167177,88.85506439208984,62497100
2014-10-10,88.33214625721858,88.82751897916133,86.61668925709462,86.63504028320312,77579400
2014-10-13,86.47906142179508,87.13955820768876,85.20393840414188,85.27732849121094,80835900
2014-10-14,85.80945252463344,86.38738409271882,85.04804561828153,85.28656005859375,71814500
2014-10-15,84.00224256374037,85.09389784459215,82.78215807324332,84.73612976074219,108847800
2014-10-16,82.94726881152158,84.9287597208677,82.91974927092498,84.20404815673828,93165800
2014-10-17,85.3140640258789,86.13050988514192,84.81869120134844,85.3140640258789,69546700
2014-10-20,85.30486593596433,86.6625548363658,85.13057319115823,86.58916473388672,41479300
2014-10-21,87.66250191707078,88.86424255371094,87.4423385251673,88.86424255371094,53609800
2014-10-22,89.1393974926056,89.25865814037111,88.35047151036233,88.405517578125,39178000
2014-10-23,89.29538403900206,90.23109060010216,89.13943527844114,89.7357177734375,48123800
2014-10-24,89.92836109244566,90.53381909905173,89.57059299722107,90.4696044921875,43157600
2014-10-27,90.2952914856417,90.6989300976298,89.91917241558619,90.53380584716795,29545700
2014-10-28,90.95577522851283,91.91899405007298,90.89156064040884,91.90065002441406,34495100
2014-10-29,91.5979438385854,91.8456337390661,90.9099272243764,91.56124877929688,40552800
2014-10-30,91.14843244162608,91.97405369540036,90.94661313527388,91.7538833618164,35935800
2014-10-31,93.27670246142726,93.34091706299012,92.71711507686511,93.01984405517578,54254100
2014-11-03,93.18496577356066,93.54273382948708,93.0473610600044,93.2950439453125,33481000
2014-11-04,93.00146780382546,93.22163809135708,92.35014645065682,92.98312377929688,22773300
2014-11-05,93.59776810985645,93.59776810985645,92.67123721827184,92.99231719970705,25818600
2014-11-06,92.98315205421729,93.31340058707406,92.5795134031997,93.28588104248048,24671900
2014-11-07,93.45099798513328,93.48769304133786,92.7171108587738,93.20330810546876,20931700
2014-11-10,93.24919136025042,93.65282303567496,93.00150144689232,93.5335693359375,20360000
2014-11-11,93.55190025960869,93.8271026611328,93.29503488644067,93.8271026611328,15454000
2014-11-12,93.45100453625118,94.0931505676818,93.45100453625118,93.99224090576172,22050300
2014-11-13,94.16655039038386,94.74448187823512,93.95555553038686,94.39588928222656,28027800
2014-11-14,94.36837243760412,94.68944549560548,94.0564678963544,94.68944549560548,19251300
2014-11-17,94.46926678624077,94.68025461918222,93.95554297791676,94.4050521850586,23361600
2014-11-18,94.48762522954226,95.23985652908488,94.4784497140118,95.1114273071289,26336800
2014-11-19,95.01049293035727,95.01049293035727,94.23991779896936,94.68024444580078,23760200
2014-11-20,94.27662774242852,95.18481478524949,94.20324461682952,95.1022491455078,22874000
2014-11-21,95.94619555906093,96.0379366958902,94.98297661214822,95.28570556640624,34049100
2014-11-24,95.54256557892056,96.07463338657844,95.45999995414172,96.0287628173828,17928300
2014-11-25,96.17554473876952,96.4599296955424,95.9278618397654,96.17554473876952,17526000
2014-11-26,96.2673012408392,96.85440827918372,96.16639156247987,96.7993621826172,18973800
2014-11-28,97.05622701003873,97.46903423785186,96.9920123968485,97.24887084960938,17360400
2014-12-01,96.98283005366312,97.1662983644715,95.79026503680628,96.14803314208984,35969500
2014-12-02,96.24892500884748,96.707602699891,96.04710570496974,96.53330993652344,26031300
2014-12-03,96.6801067944015,96.84523108350106,96.10217528198692,96.70762634277344,32974300
2014-12-04,96.61586496772335,97.03784758792338,96.25809694192628,96.66173553466795,31008800
2014-12-05,96.81770156704572,96.96447480954072,96.45993347730943,96.6709213256836,25622200
2014-12-08,96.42324390653832,96.84522662617807,95.47836879529416,95.98291015625,32685800
2014-12-09,94.86372497683222,96.35901175456485,94.52430096030167,96.2856216430664,46035100
2014-12-10,96.11131827538966,96.34983262938609,94.59768752595168,94.77198028564452,39330100
2014-12-11,95.04721204128052,96.35903079839343,95.028861010346,95.22151184082033,47576000
2014-12-12,94.3132741227942,95.39575340389328,94.17567645902795,94.18484497070312,46889400
2014-12-15,94.67107029982886,95.0196698157093,92.94644474357928,93.21247863769533,52968400
2014-12-16,92.6253965812068,94.00142998907135,91.69886546022836,91.71721649169922,65348600
2014-12-17,91.78142287864377,93.65282198662072,91.66216218137492,93.38679504394533,79715300
2014-12-18,94.726120347687,95.64347574559524,94.46926195609127,95.6343002319336,49840900
2014-12-19,95.73285295101276,96.44184568485888,95.4934497964253,96.05512237548828,51419900
2014-12-22,95.89857693767154,96.32213197317095,95.85253544524848,96.29450988769533,33869200
2014-12-23,96.64442255128822,96.65363225678274,95.84334677199266,95.95384216308594,30156900
2014-12-24,96.07351452052868,96.40499358014075,96.0090606492122,96.03668975830078,14291300
2014-12-26,96.31291311013013,96.92062703258142,96.2852910272814,96.71805572509766,13924300
2014-12-29,96.62598944277498,96.9114270273671,96.57073824660404,96.69964599609376,17073800
2014-12-30,96.42343329986596,96.64441704451394,95.92621460569808,96.05512237548828,18604000
2014-12-31,96.2208523877308,96.59837297959923,94.93176779285812,95.06988525390624,24367100
2015-01-02,95.53948086764052,95.94461651778116,94.32405986732702,94.7844467163086,31314600
2015-01-05,94.37007590880198,94.48057125996068,93.12703306428055,93.39405822753906,36521300
2015-01-06,93.5322007974032,93.68873065157103,91.72748505978664,92.14183044433594,66205500
2015-01-07,92.74950514653084,93.55057348674632,92.52851447859116,93.32958984375,37577400
2015-01-08,94.1214837907903,95.30007294085011,94.0201981271184,95.1159210205078,40212600
2015-01-09,95.41054238334613,95.43816446139752,93.93729932113123,94.4897689819336,41410100
2015-01-12,94.67394948986492,94.77523515665337,93.26516688355646,93.50457000732422,34129800
2015-01-13,94.41612167601326,95.4105588067012,92.7218946728103,93.4769287109375,56162300
2015-01-14,92.53775628391656,93.44011759537268,92.14182331434075,92.96131134033205,51354200
2015-01-15,93.39405689164026,93.54137699946683,91.64458582717964,91.7550811767578,51005400
2015-01-16,91.63537386521094,92.95208022586452,91.48805376101762,92.83238220214844,35362200
2015-01-20,93.39405104117056,93.80839628248036,92.34436987323808,93.56900024414062,30964100
2015-01-21,93.29277935678,94.48978782732956,92.9613003041646,94.04781341552734,40128800
2015-01-22,94.41612006484353,95.88935633056806,93.58742247007824,95.78807067871094,40887200
2015-01-23,95.77884910154629,96.29448699932917,95.50262128750124,95.99983978271484,34783000
2015-01-26,95.88935089111328,96.06430010256857,95.40134206436356,95.88935089111328,19960900
2015-01-27,94.37926915907587,94.43451331255302,93.09018505337792,93.40325164794922,45253200
2015-01-28,94.90411803328402,95.00540367352316,92.90604135755528,92.92445373535156,43591700
2015-01-29,92.85081180738396,93.99257619519796,92.04053352162975,93.817626953125,46539700
2015-01-30,93.73477874537384,94.4529812090995,92.96132507485991,93.0902328491211,42927600
2015-02-02,93.30201591714923,93.98338659924195,91.84719154799572,93.90052032470705,43624700
2015-02-03,94.24116877489688,94.8672950522046,93.62425219981348,94.80284118652344,30750400
2015-02-04,94.41613658257864,95.34611999189798,94.20435553938763,94.7199935913086,34073200
2015-02-05,94.95939776650388,95.60394362994302,94.72000164074744,95.53948974609376,23605500
2015-02-06,95.68680848353074,95.91700192600936,94.618714563402,94.95939636230467,34169300
2015-02-09,94.5910637148254,95.10669462122226,94.42532420563435,94.655517578125,22604700
2015-02-10,95.18037320062354,96.2576766678322,95.0330460470162,96.12876892089844,23686500
2015-02-11,96.23925747083526,96.69964428944324,96.0551055533702,96.4786605834961,20303600
2015-02-12,97.10477121948828,97.63882152861387,96.95745111435194,97.60198974609376,22520300
2015-02-13,97.87823083373996,98.4583156392375,97.6940719094152,98.43990325927734,29030200
2015-02-17,98.43988360238744,98.59641338809848,98.19127086042924,98.5319595336914,17675300
2015-02-18,98.41229768355448,98.7253644172925,98.28338991817598,98.6701202392578,15149600
2015-02-19,98.60565696418678,99.22258071219646,98.5780348758326,99.15812683105467,19828100
2015-02-20,99.0936558342722,99.87631197722504,98.7805891621241,99.8210678100586,28336700
2015-02-23,99.76579534405391,99.94995423691395,99.54481169756536,99.92232513427734,17868000
2015-02-24,99.79343851417023,100.115714888556,99.48958857038028,99.99600982666016,19745000
2015-02-25,99.848699301232,100.23542255772352,99.5264228958768,99.7474136352539,19472300
2015-02-26,99.8487019357927,100.30908878422414,99.57246701675552,100.25383758544922,22255500
2015-02-27,100.2169794150855,100.28144030084624,99.655314070793,99.81184387207033,27757600
2015-03-02,100.00522552834936,100.7510499282146,99.9868061215936,100.71421813964844,22988600
2015-03-03,100.41037608477131,100.51166175506803,99.60930042650084,100.24463653564452,20788900
2015-03-04,99.91314609085929,100.06046621504954,99.3146418411507,99.85789489746094,21007400
2015-03-05,100.11571782142384,100.33670152109336,99.61849922845852,100.03284454345705,15381000
2015-03-06,99.90392354439167,100.09728513406496,98.65167103750792,98.90028381347656,30990400
2015-03-09,99.10284908326436,99.4343281046152,98.69771352101448,99.18572235107422,26237100
2015-03-10,98.47670930061108,98.50433840271651,97.34416198730467,97.34416198730467,34234500
2015-03-11,97.4915167664702,97.6112218433612,96.7456923179161,96.78252410888672,25459700
2015-03-12,96.70885466949532,97.52834265035604,96.644400795437,97.41785430908205,21473200
2015-03-13,97.3257569789544,97.71248719124564,96.38657109183428,96.99427795410156,42021100
2015-03-16,97.35337668062762,98.28335277584654,97.2520910425434,98.24652099609376,25674100
2015-03-17,97.97949077690409,98.55957543019235,97.74929745060736,98.40304565429688,19603800
2015-03-18,98.136055015399,99.82107244160753,97.62962670972584,99.36988830566406,40622200
2015-03-19,99.47115517256763,99.79342447667628,99.32383507280824,99.51719665527344,31314000
2015-03-20,100.33672852752616,100.65973902686976,100.14292222792,100.161376953125,31761400
2015-03-23,100.10600252229324,100.38286563808386,99.93065095352212,99.96756744384766,17268500
2015-03-24,99.95836985828215,100.41981557941334,99.58921891425956,99.60767364501952,22445300
2015-03-25,99.76456552307788,99.85685326095468,97.2912161260232,97.32813262939452,41581400
2015-03-26,96.52518078667178,97.54959051359596,96.20217029644807,96.99585723876952,47846300
2015-03-27,96.9774393078856,97.61422964704268,96.82977328998622,97.38350677490234,33878400
2015-03-30,97.97412780254676,98.58323229979402,97.97412780254676,98.50017547607422,30570200
2015-03-31,98.22331495667628,98.42635215605628,97.42962792697335,97.45731353759766,30488100
2015-04-01,97.45730055035185,97.47576231570872,96.3221484194188,96.94971466064452,32970500
2015-04-02,97.04202124464562,97.32811529343591,96.70054893011071,97.01433563232422,19164200
2015-04-06,96.44213182179467,98.07564617179224,96.2944658478892,97.80801391601562,24451100
2015-04-07,97.75265683099336,98.4725110069686,97.64191436767578,97.64191436767578,19379400
2015-04-08,97.6788060741386,98.55555698229504,97.66958223127376,98.41712188720705,25866900
2015-04-09,98.37096341836312,99.07236265759389,98.0387290851492,99.0354461669922,23114700
2015-04-10,98.99855263026976,99.45077446416742,98.777060676405,99.44154357910156,17164300
2015-04-13,99.515332199583,100.02291799421634,99.0815723292478,99.19232177734376,17783500
2015-04-14,99.09084011162628,99.37693415770828,98.34329338051576,98.90625762939452,23755700
2015-04-15,99.1646473088817,99.73684233393098,99.04467399894736,99.52457427978516,21128600
2015-04-16,99.25697283034953,99.56152164093945,99.1185377122072,99.38617706298828,16195300
2015-04-17,98.43560472332614,98.70323704571588,97.41119465796224,97.83572387695312,46514000
2015-04-20,98.32484563390328,99.47845982562671,98.28792913483586,99.30310821533205,28945900
2015-04-21,99.87530424215964,100.05065585395182,99.6076649024619,99.7276382446289,22759800
2015-04-22,99.9860165909579,100.438238291394,99.33999564904944,100.2721176147461,21429200
2015-04-23,99.9306586810506,101.10273445594464,99.91220395501102,100.6505126953125,29473200
2015-04-24,101.71183977857726,102.15483065907068,101.54571907852988,102.01639556884766,32508100
2015-04-27,102.39479348474896,102.5886068663471,101.53650423906606,101.75800323486328,31121300
2015-04-28,101.83179473002092,102.02560804602795,100.6966426854078,101.554931640625,36849200
2015-04-29,100.99203065158852,101.58268072740066,100.36446406590012,100.91819763183594,34043900
2015-04-30,100.34598913196182,100.75205657665148,98.80475507956872,99.33080291748048,44080500
2015-05-01,99.71838999256528,100.70588322576118,99.69992822684166,100.64128112792967,32874300
2015-05-04,100.96431629413053,101.43499285971426,100.75204818303126,100.80742645263672,23507300
2015-05-05,100.4105740830821,100.59514952264628,99.11852488282776,99.16466522216795,47843300
2015-05-06,99.34000907587394,99.6261030972305,97.82646805788904,98.48171997070312,42687200
2015-05-07,98.4540597457216,99.3492655749617,98.3802267401733,99.07239532470705,29335800
2015-05-08,100.09679104282236,100.52132020220849,99.9491320939977,100.3090591430664,33023300
2015-05-11,100.37364661308632,100.57668379906984,99.8475989226294,99.92142486572266,19679300
2015-05-12,99.33079553824656,99.97682372138732,98.56480105300172,99.46923065185548,33665000
2015-05-13,99.90299457973904,100.41981151332664,99.52460572400337,99.67227172851562,20738400
2015-05-14,100.48438124086988,101.2134660606621,100.115230430783,101.13040924072266,23904200
2015-05-15,101.38881762422362,101.5272526985564,100.8812246987036,101.13040924072266,23937400
2015-05-18,100.96433579725635,101.77647781695951,100.89050278425508,101.5734405517578,17631100
2015-05-19,101.68415366175584,101.8410434773791,101.29654104394496,101.46266174316406,14212900
2015-05-20,101.53649129887732,102.13637201411474,100.99198884608276,101.52726745605467,21131900
2015-05-21,101.3519300544922,102.19176458160692,101.2042710965449,102.05332946777344,16771800
2015-05-22,101.93334334535292,102.3209630504877,101.8687412346808,101.9518051147461,13543800
2015-05-26,101.73031574746771,101.8687438159142,100.37366434787504,100.77973175048828,25488400
2015-05-27,101.08427225712978,102.5147564370756,100.86278034009533,102.4040069580078,30572700
2015-05-28,102.21020293183486,102.45015662128702,101.8595068019442,102.17328643798828,17302400
2015-05-29,102.10865787930068,102.24709293508371,101.32420195132929,101.56415557861328,30383000
2015-06-01,102.10866918452464,102.18250216126346,101.07502863348172,101.90563201904295,24570200
2015-06-02,101.52725512815542,102.08098839763724,101.02889307329164,101.58262634277344,19449600
2015-06-03,102.04407394835552,102.26556585235788,101.63799959010068,101.8871841430664,20507200
2015-06-04,101.3149985628442,101.96102665143826,100.78895084099972,101.1119613647461,31374600
2015-06-05,100.99198259652653,101.23193627599302,100.25366683252234,100.87200927734376,22641700
2015-06-08,100.82586527938012,100.89969826647416,99.64456565028028,99.84760284423828,24549200
2015-06-09,99.60763217441968,100.04139209826803,98.93391860397652,99.68146514892578,27554600
2015-06-10,100.02294585519508,101.34268055460704,99.9122034173514,101.04735565185548,30297900
2015-06-11,101.38883653617856,101.65647585218429,101.01967861613268,101.19503021240234,17593500
2015-06-12,100.65972762854032,100.87199567041584,100.2259677037816,100.3644027709961,27201800
2015-06-15,99.61685798652452,100.02292524344136,99.03543214325556,99.86603546142578,31238800
2015-06-16,99.76454015423764,100.5766889396818,99.71839981758366,100.41056823730467,16456900
2015-06-17,100.57670413665473,101.01045716402751,100.06911106905564,100.68744659423828,23296700
2015-06-18,101.05658813263526,102.33017547567478,101.00121691283825,102.1548309326172,43032400
2015-06-19,102.20475653615836,102.28801143471496,101.57574696987442,101.64974975585938,27877600
2015-06-22,102.39901733398438,102.70427355936816,102.16776390092905,102.39901733398438,19120900
2015-06-23,102.51006435787151,102.57481506389227,102.0568094157261,102.48231506347656,18127900
2015-06-24,102.36204071962008,102.79679132091582,101.9272830610284,101.9550323486328,15815900
2015-06-25,102.35277863244517,102.45453071527828,101.5850154828116,101.75151824951172,18326700
2015-06-26,101.73305252898454,101.96430605104258,100.69703420953743,101.07628631591795,32311700
2015-06-29,99.95698448629908,100.51199838724126,98.64346664296512,98.6897201538086,50874900
2015-06-30,99.42972569867946,99.64248196571992,98.73596538836183,99.04122161865234,34809900
2015-07-01,100.02176675219064,100.2252709724931,99.36500762313084,99.8275146484375,21293000
2015-07-02,100.11427261557672,100.19752049164182,99.55001348681182,99.85526275634766,20499400
2015-07-06,99.22622906683551,100.19749639782346,99.01347984096276,99.62398529052734,24311000
2015-07-07,99.73499528719012,99.9662487549361,97.89421965997502,99.87374877929688,44230800
2015-07-08,99.16150124585204,99.28175758648612,97.9497351242422,98.13473510742188,39691500
2015-07-09,99.43899520808108,99.5314951875131,98.06997151768049,98.0792236328125,28381000
2015-07-10,99.38349146637373,99.9477504860663,99.022736625232,99.57774353027344,26415800
2015-07-13,100.43799926396213,101.40925951152204,100.42874714999628,101.32601165771484,25780700
2015-07-14,101.4647848596899,102.26954249876064,101.40927922240132,101.9920425415039,21977200
2015-07-15,102.18627462534252,102.50077592679442,101.81626769746757,102.10301971435548,28631500
2015-07-16,102.9447906207335,103.5645481968944,102.7412864477146,103.54605102539062,29838900
2015-07-17,104.37855864856525,105.07231903076172,104.20281081736978,105.07231903076172,35926800
2015-07-20,105.29432147113155,105.81232693550056,104.97056805590094,105.43307495117188,26539000
2015-07-21,105.47008457756762,105.63658736628727,105.06308324970549,105.36833953857422,35468900
2015-07-22,103.75880361300698,104.68381747862844,103.75880361300698,104.17506408691406,35575000
2015-07-23,104.27680803844996,104.61905862534974,103.51829701013006,103.78654479980467,25698300
2015-07-24,104.34157083450792,104.52657079175194,102.611792299363,102.76904296875,30844700
2015-07-27,102.18628465776992,102.630287368975,101.6960284295537,101.91802978515624,35994800
2015-07-28,102.37127793623203,103.000287617172,101.557268313902,102.79678344726562,33553500
2015-07-29,103.01878471693844,103.407288801351,102.62102851890796,103.18528747558594,26714100
2015-07-30,102.9447754400662,103.85128491327852,102.32501795529734,103.675537109375,25438100
2015-07-31,103.99930760548853,104.05480617824342,103.342548617805,103.5552978515625,22081700
2015-08-03,103.57380981526052,103.8605618723021,102.54704379884542,103.23155212402344,25001800
2015-08-04,103.18529808439231,103.37029803200112,102.61178695513196,103.03729248046876,22132300
2015-08-05,103.61077763772316,104.52653914623642,103.4905213503559,103.83277893066406,28989900
2015-08-06,103.92531352125218,104.0640670220742,101.7052786799887,102.16778564453124,42125400
2015-08-07,101.91801979074604,102.27877460470933,101.19651016281946,102.03826904296876,30006800
2015-08-10,102.68581365520548,103.42582067515852,102.6765615384831,103.20381927490234,21500800
2015-08-11,102.65805791853842,103.05581422506648,101.31678336987554,101.88104248046876,36123300
2015-08-12,101.17803610296158,102.4360557986048,100.10502345508782,102.23255157470705,41889000
2015-08-13,102.33426434464762,102.82452753978394,101.84400820680584,102.06600952148438,22510500
2015-08-14,101.82553322491066,102.37128804601484,101.62202903490704,102.2232894897461,17924900
2015-08-17,101.97351874064252,103.10203669922154,101.7145160073218,103.07428741455078,21224900
2015-08-18,102.93555465425904,103.01880958232528,102.4082969674949,102.54705047607422,13984400
2015-08-19,102.23252760305174,102.77828944437888,101.27976446666068,101.87177276611328,42511400
2015-08-20,100.92826844410652,101.2520219016587,99.0412392178503,99.0504913330078,57747300
2015-08-21,97.65372038412086,98.48623433323068,94.72142791748048,94.72142791748048,97763400
2015-08-24,87.16403216711208,94.84164059551637,78.38564827022392,91.07683563232422,150829900
2015-08-25,94.41616205822513,95.0359196352506,90.66060813842216,90.73460388183594,75088300
2015-08-26,93.3893755050967,95.48916040328844,91.51159895999172,95.3041534423828,104103800
2015-08-27,96.68244205653043,97.78321076858168,95.5354268875238,97.7184600830078,69377700
2015-08-28,97.20047328018056,98.05148447051302,96.98771695394905,97.69998168945312,49919600
2015-08-31,97.1542161436476,97.69072594001928,96.24770640509898,96.48820495605467,39549400
2015-09-01,94.08315406735296,95.5446775855506,93.0841374556258,93.47264862060548,73155500
2015-09-02,95.165414493895,96.12742966538065,94.07389795868004,96.1089324951172,43963600
2015-09-03,96.48815672942364,97.14491547301256,95.36889123198678,95.63714599609376,45131800
2015-09-04,94.323688118332,95.1376979789059,93.97217824659757,94.49944305419922,49379600
2015-09-08,96.31244869343682,97.28370904281311,95.91469243875056,97.16345977783205,37343500
2015-09-09,98.31046935015938,98.33821863606909,95.822179873257,96.07193756103516,47146700
2015-09-10,95.96092036174822,97.75544921864925,95.84992323314457,97.1171875,47686700
2015-09-11,96.67317435519128,97.6536865234375,96.3956674492794,97.6536865234375,29106100
2015-09-14,98.01447080613627,98.0329750359972,96.987704825029,97.3577117919922,19718800
2015-09-15,97.58896086268832,98.80997885848888,97.22820602692649,98.50472259521484,30020200
2015-09-16,98.52322785642608,99.15223756129475,98.18097018880928,99.05973052978516,31329100
2015-09-17,98.95800951509884,100.57678415724976,98.64350105768632,99.09675598144533,56139800
2015-09-18,97.57601157498316,98.84635895831384,97.52037091423128,97.6872787475586,48384000
2015-09-21,98.2251251374278,98.8000316529864,97.11241060834212,97.9933090209961,35772600
2015-09-22,96.49111445308374,96.82493014510364,95.6287584277764,96.52820587158205,47359700
2015-09-23,96.78785942047011,97.04749940547086,96.10168571770517,96.60240936279295,21775100
2015-09-24,95.6658722705612,96.61168597780664,94.83133284489357,96.25005340576172,38284300
2015-09-25,97.27929723196024,97.37202224337192,94.8405876924902,95.4340362548828,44700000
2015-09-28,95.02604865915988,95.09095687723756,92.43898041098088,92.71715545654295,44077500
2015-09-29,92.94899115998088,93.89480490823098,91.56736904087306,92.23500061035156,49315500
2015-09-30,93.55167610966626,94.4603980562306,93.19004367033548,94.3583984375,41411400
2015-10-01,94.52531740513892,94.79422487945214,93.2735050412238,94.78495025634766,39339100
2015-10-02,93.4682455875646,96.44476318359376,93.1715212903598,96.44476318359376,59370900
2015-10-05,97.1587616348467,98.08602602468028,96.94549478688586,97.8263931274414,32853500
2015-10-06,97.59457855224608,97.9191196788568,96.60240592262709,97.36276245117188,33051500
2015-10-07,97.9747461728992,98.16019619713018,96.7043915760757,97.9469223022461,37389300
2015-10-08,97.57604628729554,98.5033107857706,96.63023253714962,98.3364028930664,50188900
2015-10-09,98.38273209700633,98.96691308189732,98.1138246248995,98.78145599365234,23916200
2015-10-12,98.96692652283195,99.20801015859576,98.61456154454322,99.0225601196289,16162000
2015-10-13,98.45692667959828,99.45837385221424,98.2900188174956,98.38274383544922,26999600
2015-10-14,98.3827308734494,98.87417977087364,97.81709914164972,98.22509765625,30902600
2015-10-15,98.5867564143714,99.84783663710444,98.45693995683708,99.83856201171876,38393800
2015-10-16,100.05182194489323,100.31145482362196,99.56964053485528,100.25582122802734,27091100
2015-10-19,100.12601078888738,100.89563484710708,99.90346224424157,100.83072662353516,23776300
2015-10-20,100.65454511936194,100.86781195201053,99.96836442653652,100.31145477294922,23404700
2015-10-21,100.82145901444451,100.9234515875987,99.6623785410048,99.699462890625,30195200
2015-10-22,100.58964001241422,101.813628674011,100.3021832526728,101.73017120361328,42778700
2015-10-23,104.4656065833395,105.00341453755338,103.91851693017496,104.57687377929688,53170900
2015-10-26,104.5026783565055,104.84576867650652,104.10395444522074,104.64176940917967,25918000
2015-10-27,104.36359259074456,105.00340010294342,104.33576872111443,104.85504150390624,31390500
2015-10-28,105.01265620034864,105.72664642333984,104.16884249871376,105.72664642333984,42221900
2015-10-29,105.24450219807528,105.73595116453068,105.13322793088209,105.5597686767578,24913300
2015-10-30,105.60614171454029,105.78232421397648,105.05905911550391,105.08687591552734,27199200
2015-11-02,105.36504340663112,106.4035820043746,105.14250194799516,106.27376556396484,22176900
2015-11-03,106.06048754542788,107.02484326143772,105.90285431310474,106.64466857910156,20418400
2015-11-04,106.99702098253933,107.0712038202313,106.20884778684018,106.6539306640625,28633000
2015-11-05,106.74667500607656,107.0063078933472,105.81013602745116,106.36649322509766,25004100
2015-11-06,106.1624916979315,106.56121564482729,105.48559269530766,106.440673828125,29924900
2015-11-09,106.04196513270315,106.18105621780468,104.66034305615214,105.3094253540039,33479800
2015-11-10,104.75306237935833,105.14251173684563,104.43778879867853,105.04051208496094,35452100
2015-11-11,105.32794112505827,105.83793928441928,104.7344925802371,104.91067504882812,22748800
2015-11-12,104.48414992724553,104.9941481626437,103.81651844616636,103.89070129394533,31196900
2015-11-13,103.4549093687058,103.56618366560998,101.7951049141722,101.85073852539062,52836000
2015-11-16,101.74874644218087,103.3343680400989,101.51693029498,103.3158187866211,33980600
2015-11-17,103.49194287475876,104.1224827220235,103.12103583381536,103.38066864013672,30579500
2015-11-18,103.79797172758448,105.4670432827512,103.69597208496998,105.36504364013672,32966500
2015-11-19,105.42065918549952,105.92138265505002,105.23520211837132,105.43920135498048,26188100
2015-11-20,105.93996245482292,106.23668679316197,105.83796280028768,106.15323638916016,22727600
2015-11-23,106.19032760059672,106.57978406782723,105.39288663780422,105.84724426269533,20696200
2015-11-24,105.1610603147046,106.0048672505335,104.6325128086082,105.75450897216795,26374400
2015-11-25,105.9121524948226,106.0419689590772,105.62470276318268,105.84724426269533,14159900
2015-11-27,106.07902477761982,106.2088411982954,105.63393485354338,105.99556732177734,8828000
2015-11-30,106.31082731661428,106.31082731661428,105.38356324420502,105.72664642333984,25041600
2015-12-01,106.15321248014484,106.78375244140624,106.0233889790497,106.78375244140624,28639400
2015-12-02,106.8672186839844,107.33085086916438,105.96777111282074,106.12540435791016,22395500
2015-12-03,106.41284444528212,106.59829446050227,103.70522753160172,104.32649993896484,42754300
2015-12-04,104.64179183076676,106.94141078091994,104.42852496883916,106.76522827148438,40037300
2015-12-07,106.83940777510551,106.90431600163063,105.77305227550768,106.28305053710938,25892100
2015-12-08,105.17032357870626,106.63540298718458,105.1332321548183,106.29231262207033,30792600
2015-12-09,105.82868467288516,106.41286577943067,104.03906407680734,104.67887878417967,48509200
2015-12-10,104.91995547369385,105.85649438427797,104.60468193743785,105.15177154541016,30154600
2015-12-11,103.93707566727348,104.21525785042718,102.66672781455632,102.73163604736328,56022200
2015-12-14,102.87071331890608,103.55688698417748,101.42417606509352,103.5105209350586,53098500
2015-12-15,104.46557745419742,105.04047667158098,104.01121294918072,104.14102935791016,48428000
2015-12-16,104.84577652597868,105.8657658645114,103.7516043438706,105.68959045410156,44944100
2015-12-17,106.1532239446799,106.1532239446799,104.13178741595028,104.15032958984376,45668800
2015-12-18,103.82665020647968,104.05917428773265,102.15248107910156,102.15248107910156,53746100
2015-12-21,103.11980615453383,103.30582262448354,102.35712727402252,103.28722381591795,26432800
2015-12-22,103.83593548081484,104.11496716924805,103.28718214858571,103.96614837646484,26540300
2015-12-23,104.50559701072515,104.81253042280836,104.31958063156144,104.73812103271484,25656900
2015-12-24,104.7381569883714,105.00788579800326,104.67305052370662,104.71955108642578,11468600
2015-12-28,104.46841506655603,104.68234033564548,103.71503934198356,104.66373443603516,19183600
2015-12-29,105.28689362675226,106.54252925261986,105.22178717249828,106.31000518798828,27725700
2015-12-30,106.217002541618,106.25420724792076,105.33341382916204,105.35201263427734,19520100
2015-12-31,104.97998007222138,105.1752994588313,104.02197484826954,104.04058074951172,29886800
2016-01-04,101.79903525517314,101.93855111672676,100.5620125927787,101.84554290771484,50807600
2016-01-05,102.34778129582152,102.47799418926094,101.19446405561364,101.66880798339844,38795200
2016-01-06,99.90164219734922,101.27818068152368,99.90164219734922,100.69222259521484,41891100
2016-01-07,98.5437061304782,99.790038938117,97.48339685177838,97.5392074584961,61386300
2016-01-08,98.24607807126348,98.85994508821844,96.63701530755829,96.73932647705078,69344000
2016-01-11,97.42758024246451,97.71590780346558,95.5487889772439,97.03694152832033,50024100
2016-01-12,97.96705700836004,98.66462931899308,96.80443649063834,98.1623764038086,46734200
2016-01-13,98.56231703018535,98.80414408203472,94.62800612047307,94.77682495117188,69870700
2016-01-14,95.1488604342803,97.64151896208097,93.6327988265064,96.79512786865234,78445700
2016-01-15,93.58630881078078,94.8140358600543,92.55390116751975,93.79092407226562,91443900
2016-01-19,95.06516448045934,95.2139833298102,92.89803788528226,93.99555206298828,56563800
2016-01-20,92.51668454026088,94.7117124813812,90.45186951970936,93.70720672607422,86675000
2016-01-21,94.10715017727723,95.1953612176012,92.84221855745596,93.80021667480467,61660100
2016-01-22,95.68831281372952,96.55330272910948,95.36278050064509,96.51609802246094,42229800
2016-01-25,96.17195883162648,96.7207122424688,95.00003550681888,95.08374786376952,38881500
2016-01-26,95.48371543083232,96.34869841192908,94.6466271148492,95.93946075439452,36143900
2016-01-27,95.38137059131915,95.7906081044723,93.14913823493346,93.54907989501952,54524700
2016-01-28,95.10235135695513,95.13955606231534,93.2514616157346,94.8698272705078,47641500
2016-01-29,94.84193232838604,96.8881415976812,94.8140305713796,96.85093688964844,54245100
2016-02-01,96.38586241894666,97.474080318175,96.01382963213992,97.11134338378906,32750300
2016-02-02,96.6649319430663,96.70213665552428,94.72102651955888,95.00936126708984,44928100
2016-02-03,95.6418075017271,95.6418075017271,92.89801906528328,94.55359649658205,61572900
2016-02-04,94.30246161464832,95.2976643541322,93.41887298376814,94.5442886352539,49321600
2016-02-05,94.2094507972356,94.24665549907346,90.88900744097408,91.26104736328124,70749900
2016-02-08,89.55895707742452,90.2658321220839,88.21031343326712,89.86589050292969,91673100
2016-02-09,88.66609011040936,90.9448234158807,88.52657423340509,89.58688354492188,73778400
2016-02-10,90.61927661342006,91.79119985840543,89.86590093253645,89.9310073852539,59421700
2016-02-11,88.78699544132063,90.51697519510212,88.5358725527074,89.8008041381836,76839200
2016-02-12,90.81459577062512,91.26104508546491,89.96821188717097,91.16802978515624,49186500
2016-02-16,92.51671162037312,93.2235870361328,91.94004916329624,93.2235870361328,40565900
2016-02-17,93.9025352812838,95.46509757684544,93.66070822114123,95.33488464355467,41766500
2016-02-18,95.6324920622927,95.65109086422808,94.12573364697248,94.24665069580078,38991500
2016-02-19,93.79091878374297,94.81403051384214,93.5863035337956,94.52569580078124,28257900
2016-02-22,95.40928391353695,96.1533567251898,95.31627569908932,96.0603485107422,23979100
2016-02-23,95.50229155666592,95.76271739399009,94.41408055238772,94.47918701171876,29869700
2016-02-24,93.37237423324692,95.5022957770172,92.79571192792304,95.38138580322266,40739100
2016-02-25,95.57669748358278,96.32077026367188,94.7210034971765,96.32077026367188,29389300
2016-02-26,97.05553880616532,97.07414470430152,95.96732793554058,96.1998519897461,30925000
2016-02-29,96.10686638811605,96.82303752121516,95.33488464355467,95.33488464355467,27553900
2016-03-01,96.24635469304722,98.3948745727539,95.94872420280184,98.3948745727539,37699800
2016-03-02,98.27399132942438,98.4507048242297,97.66942723606496,98.4321060180664,29209800
2016-03-03,98.32976794804594,98.35766969769526,97.53918762500908,98.24605560302734,25474600
2016-03-04,98.35771173537648,98.91576825508584,97.6322375501469,98.2833023071289,31655400
2016-03-07,97.78102209884956,98.3483814132165,96.98113870797393,97.6787109375,25861200
2016-03-08,97.00904558640536,97.85542951773924,96.70211210859428,96.8695297241211,28898500
2016-03-09,97.23228804604638,97.51131273577536,96.69283037806804,97.49271392822266,31047400
2016-03-10,97.90195139262984,98.4600078267636,96.08825911160446,97.3438949584961,44236100
2016-03-11,98.39488727929468,99.04595184326172,98.08795380082242,99.04595184326172,31454000
2016-03-14,98.67391371621554,99.44589535339976,98.6460119624017,99.21337127685548,25374900
2016-03-15,98.85992578895969,99.28776918873626,98.54368939151644,99.17615509033205,26524600
2016-03-16,98.9343604699162,100.32020217290813,98.90645161613008,100.05977630615234,31693100
2016-03-17,99.77143556076072,100.23648375076272,99.39940268561688,100.00395965576172,29623700
2016-03-18,100.24462860870948,100.41254284559326,99.62894781821632,100.16067504882812,37682300
2016-03-21,99.98340990700818,100.64573617398246,99.92744087848402,100.55245208740234,17288600
2016-03-22,99.98343475547676,101.09353487789164,99.9647807803726,100.86032104492188,18840300
2016-03-23,100.66443230557502,100.73905533054564,99.80619990575316,100.03009033203124,20912900
2016-03-24,99.54499402992649,100.08605184367438,99.3770797814227,100.05806732177734,19017300
2016-03-28,100.33791865518344,100.356579747676,99.7408918036076,99.91813659667967,13892300
2016-03-29,99.7315710692406,101.58795126360874,99.56365681787771,101.52265167236328,29963900
2016-03-30,102.12902744108992,102.65142426493824,101.8025223090618,102.01708221435548,23807200
2016-03-31,101.94242798509168,102.3249020815878,101.70921415565392,101.8677978515625,21447200
2016-04-01,101.25213164521514,102.98724335583752,101.11220190394774,102.9499282836914,26389000
2016-04-04,102.94991061274496,103.02454074422724,102.31556872938764,102.55811309814452,17163000
2016-04-05,101.76515071430342,102.14762468871572,101.43865288073133,101.56925201416016,20107900
2016-04-06,101.67190787073712,103.27642029459705,101.67190787073712,103.23910522460938,25056000
2016-04-07,102.64209985994997,102.82867524900738,101.31744662469738,101.75588989257812,28567200
2016-04-08,102.39022371279869,102.63276102330263,101.3267689909804,101.6812515258789,22898000
2016-04-11,102.11966155059032,102.63272764869764,101.2987444062258,101.30807495117188,25772100
2016-04-12,101.38271841266514,102.35288881818364,100.76703047340246,102.15699005126952,28564100
2016-04-13,102.9405783830254,103.62156586669916,102.8099792136284,103.46298217773438,25356700
2016-04-14,103.48165110355168,103.85479469165244,102.61409528599432,103.47232055664062,17199700
2016-04-15,103.38834248097535,103.60289518922325,102.94989940265975,103.21109771728516,21353300
2016-04-18,102.91258062972996,103.7987901819818,102.84728105342846,103.76148223876952,17126100
2016-04-19,103.9574074800979,103.9574074800979,102.50214822448156,103.12716674804688,42481400
2016-04-20,103.12714416634998,103.6868558572787,102.77265463896956,103.21109771728516,18078300
2016-04-21,103.155174635419,103.59361790904602,102.7540464400925,103.22047424316406,20216000
2016-04-22,101.8771427946706,102.35290106675107,100.86033377084615,101.66259002685548,39074000
2016-04-25,101.35474602038444,101.67191345702324,101.16817066019492,101.66259002685548,14351900
2016-04-26,101.87713154102384,102.04504578808498,100.86032262951908,101.16815948486328,19118300
2016-04-27,100.13271506508455,100.58981942600582,99.52636462860946,100.35660552978516,33059800
2016-04-28,100.4684972147442,101.0562005165794,98.94794587625378,99.1438446044922,29818200
2016-04-29,99.14386430275944,99.34909361610492,97.83786540456948,98.62146759033205,67502800
2016-05-02,98.8733261939868,99.69424337093076,98.4628747226356,99.55431365966795,24813800
2016-05-03,98.84535108269527,99.2931247779286,98.36959286597016,98.63079833984376,38569400
2016-05-04,98.03376028056002,98.39758039612708,97.75390796020532,97.99645233154295,27474500
2016-05-05,98.35093417069768,98.56549402037363,97.77256132484511,97.9684600830078,20788100
2016-05-06,97.483374597195,98.50951395900448,97.39009049468883,98.49085998535156,30758500
2016-05-09,98.50017731425712,99.22781034983846,98.45353882445242,98.7707061767578,19289600
2016-05-10,99.12522746759318,100.17002107310688,98.94798264503382,100.12338256835938,21178900
2016-05-11,99.9741088060658,100.27262224130754,99.19051370747682,99.21849822998048,20966300
2016-05-12,99.4517014927793,99.57297011643364,98.08040309902248,98.78004455566406,29196300
2016-05-13,98.69609632204568,99.30244659015278,98.22033811306692,98.4162368774414,21059300
2016-05-16,98.56548986940015,100.0114112474566,98.47219865000488,99.64759826660156,18311900
2016-05-17,99.563659886184,99.85284278245128,98.1363851470538,98.39759063720705,29932700
2016-05-18,98.17368710411962,99.2837871583498,97.98711889605178,98.75205993652344,27524400
2016-05-19,98.36958231866996,98.61212667412886,97.52068775024487,98.23898315429688,27334600
2016-05-20,98.63081017342115,99.72224934527974,98.57483400660016,99.32112121582033,29549600
2016-05-23,99.43301264346798,99.78750210416273,99.0971913857808,99.1904754638672,15729800
2016-05-24,99.74088462270436,101.2987512289655,99.71290010310176,101.17748260498048,29931300
2016-05-25,101.55996130658208,102.21295718409375,101.38271651820553,101.90511322021484,37951700
2016-05-26,102.00773738791092,102.3342353571154,101.76519298916388,102.2036361694336,21885900
2016-05-27,102.26892391279208,102.74468210828806,102.25026993833708,102.7353515625,19870000
2016-05-31,102.8752748594917,103.08983469649807,102.40884723889762,102.93124389648438,24366100
2016-06-01,102.61405391876752,103.1737655167188,102.53010038177842,102.9405517578125,19571500
2016-06-02,102.73536216883892,103.164474796817,102.17565035482932,103.1551513671875,15696600
2016-06-03,102.95924920692153,103.00588770490296,101.99840220249878,102.67005920410156,20269900
2016-06-06,102.85665226171916,103.31374947654106,102.6794074343478,103.04322052001952,12502400
2016-06-07,103.09919567955988,103.2018103628387,102.73538257234334,102.7820281982422,12184300
2016-06-08,102.959228515625,103.17378122088934,102.5767544765848,102.959228515625,14568700
2016-06-09,102.5394611227056,102.90327414962424,102.34356234798956,102.79133605957033,17571600
2016-06-10,101.85845793230654,102.0543566632646,101.2707546223122,101.625244140625,32965000
2016-06-13,101.04688080636592,101.6159230805504,100.64575276254932,100.77635192871094,25154700
2016-06-14,100.50582305105596,101.14016490832124,100.03939542415856,100.77635192871094,24588500
2016-06-15,101.01888688951452,101.15881658798996,100.3192455142574,100.4871597290039,24605700
2016-06-16,99.99276470368558,100.87897441682304,99.34909225105903,100.7856903076172,32079900
2016-06-17,100.5770939094236,100.717396315507,99.37050463482932,99.60433959960938,29208800
2016-06-20,100.7641768158154,101.2411950564224,100.15620441589626,100.23103332519533,20562800
2016-06-21,100.36196900262972,100.75481002792326,100.17489675053038,100.54903411865234,22804100
2016-06-22,100.60517094974396,101.19443973342906,100.22168524970456,100.3058624267578,22724200
2016-06-23,101.08219568752426,101.7556416437738,100.6612955329073,101.73693084716795,18714200
2016-06-24,98.11715825937148,99.61370069232238,97.331469022024,97.54660034179688,68012700
2016-06-27,96.90120957308466,96.90120957308466,95.17083223243756,95.61044311523438,48222600
2016-06-28,96.6673842474458,97.75238203543948,96.62062153070114,97.7056121826172,28260600
2016-06-29,98.4726054688098,99.64178060428875,98.42584274503784,99.43600463867188,31356700
2016-06-30,99.60434652404548,100.65192980807514,99.26762358046729,100.58645629882812,36300800
2016-07-01,100.53968322725991,101.4656748604732,100.50226877516349,101.09153747558594,19902800
2016-07-05,100.55840458595952,100.69870701204196,99.9317213676016,100.4742202758789,21167900
2016-07-06,99.99720310157184,101.3440878527598,99.67918378993276,101.29732513427734,24579300
2016-07-07,101.39085035432048,101.82110586797708,101.11960091691316,101.59662628173828,19161700
2016-07-08,102.13911206112503,103.2241097474497,101.97075059724972,103.1679916381836,29457900
2016-07-11,103.5140804047434,104.14075651822232,103.50473214232956,103.75727081298828,20218500
2016-07-12,104.3932720887182,104.56163353241956,104.14072635512812,104.2810287475586,21906100
2016-07-13,104.52424774801842,104.58972126429666,104.01916327841003,104.0285186767578,21107800
2016-07-14,104.72067671400758,104.93580807682946,104.47748628996516,104.73938751220705,20871000
2016-07-15,104.98254383115156,105.03866907525324,104.3371641806351,104.5709991455078,17999300
2016-07-18,104.63647705658146,105.45021820151683,104.61776626240068,105.26315307617188,20713900
2016-07-19,104.89837235446552,105.20703623748511,104.69259643245248,104.8796615600586,18936700
2016-07-20,105.45021538717911,106.30137809775952,105.31926837571704,106.1049575805664,24997900
2016-07-21,106.179782771955,106.38555869262622,105.57181754316088,105.8617706298828,18885400
2016-07-22,105.93659436885476,106.4229679553874,105.60922684560424,106.30137634277344,20003400
2016-07-25,106.21719028730762,106.33878903398644,105.95529627304045,106.31072998046876,12968100
2016-07-26,106.27334405536116,106.81583588649252,105.89920659052396,106.4323501586914,21223800
2016-07-27,107.33024018143284,107.4518317843285,106.72226789480209,107.17123413085938,27646100
2016-07-28,107.33964180283802,107.66700944090324,107.0029187648054,107.54541778564452,16939700
2016-07-29,107.788584102258,108.06918896840487,107.44251285489877,107.77923583984376,22385300
2016-08-01,107.85407096957752,108.62104961109264,107.72312391878803,108.34980010986328,13990100
2016-08-02,108.1907705020632,108.28430307001906,106.83453042650936,107.52667999267578,21278400
2016-08-03,107.44249159983092,107.89145073355571,107.37701809549286,107.88209533691406,15011300
2016-08-04,107.84469418219618,108.29365334156388,107.59214841098432,108.19076538085938,12835300
2016-08-05,108.74260746053363,109.47217136487096,108.62100871909315,109.2289810180664,23196600
2016-08-08,109.28511635421326,109.31318254702389,108.76132826565484,109.10740661621094,12358200
2016-08-09,109.19159334277325,109.70603321482896,109.12611982597323,109.35995483398438,13276500
2016-08-10,109.42540925811404,109.4534683124071,108.78937786185614,109.07933807373048,14688400
2016-08-11,109.45347262966597,109.78084730553624,109.22899305039029,109.54701232910156,12969800
2016-08-12,109.3599321589769,109.63118156835756,109.2383405490104,109.621826171875,19379000
2016-08-15,109.7621328982288,110.34204618968582,109.72471844690156,110.0895004272461,11777800
2016-08-16,109.88374861780424,109.89309688002194,109.46284132743196,109.48155212402344,14161400
2016-08-17,109.50959416467204,109.71537007873204,108.90162181933393,109.6779556274414,15980300
2016-08-18,109.57507714711804,109.86503024960116,109.38800487448576,109.70602416992188,10036300
2016-08-19,109.50959416467204,109.92113885671512,109.21028569042392,109.6779556274414,18743000
2016-08-22,109.51895560148527,109.94921827505324,109.31318679874649,109.76214599609376,14500600
2016-08-23,110.1923691686834,110.37944139269744,109.91177153677592,109.95853424072266,11997900
2016-08-24,109.88371962426427,110.0333702771198,108.8829063530313,109.24768829345705,17728700
2016-08-25,108.96711172231176,109.40672267103264,108.83616469112826,109.06999969482422,24266300
2016-08-26,109.10738941270232,109.93984126622324,108.57424601060376,109.2289810180664,23896000
2016-08-29,109.25707096294686,109.66862287604812,109.23836730147788,109.37866973876952,11184900
2016-08-30,109.20094839541838,109.51896057998904,108.649101203577,109.02323150634766,19843300
2016-08-31,108.85487022901036,109.02323172001834,108.45267373027336,108.91099548339844,16169800
2016-09-01,108.9483832567849,109.32251346865496,108.41523985518606,109.19156646728516,20944700
2016-09-02,109.73407745581844,109.9585570350941,109.13546048703184,109.54701232910156,18088200
2016-09-06,109.73406839594054,110.22979736328124,109.4908780424252,110.22979736328124,18525200
2016-09-07,110.33267964530096,110.4823374354892,109.87436515098284,110.2952651977539,17546900
2016-09-08,109.9679144923416,109.99597354826707,109.35994211500656,109.64990234375,20125300
2016-09-09,108.73326096268168,108.97645132938791,106.87193660107796,106.89064025878906,50813300
2016-09-12,106.29201619030248,108.95773324046652,106.28266079403484,108.8080825805664,39646000
2016-09-13,108.2655979227718,108.58361007666625,107.31155432501106,107.83534240722656,45863900
2016-09-14,107.9476106939235,108.939068974495,107.91954449497226,108.34980010986328,28221800
2016-09-15,108.37785276202531,110.20176298152538,108.3684973635443,110.0334014892578,38521400
2016-09-16,109.91523556426652,110.09339767728028,109.4370150868882,109.98087310791016,27596500
2016-09-19,110.26215316886666,110.59971965985804,109.28696903261869,109.50263214111328,16222900
2016-09-20,109.89648766909988,110.159045020988,109.52142004574388,109.70895385742188,18078600
2016-09-21,110.1778120291561,110.94671221843532,109.53080812031426,110.7873077392578,31546800
2016-09-22,111.43429557277388,111.79061985529934,111.321778139519,111.66871643066406,22614400
2016-09-23,111.5843237318461,111.5843237318461,110.79667311587338,110.9560775756836,22213400
2016-09-26,110.32782126314552,110.45909635372291,109.86835129216868,110.02775573730467,16403900
2016-09-27,109.95277579729044,111.17176012791111,109.84963003379728,111.1155014038086,20238400
2016-09-28,111.25612153263292,111.368638946619,110.731014036194,111.3030014038086,14794300
2016-09-29,111.11547170558929,111.32176317743934,110.01838395506576,110.49659729003906,27207500
2016-09-30,110.78729807773932,111.64996511165886,110.67477349133196,111.32177734375,25543200
2016-10-03,111.1811269251594,111.30302319883222,110.73103571921276,111.1623764038086,19216400
2016-10-04,111.4905700504486,111.73436976458368,110.57163706883634,110.99359893798828,21239700
2016-10-05,111.32177547242394,111.74373014493412,111.2748884403865,111.38741302490234,14481300
2016-10-06,111.24675101947538,111.56556707551717,110.78728818542886,111.33114624023438,11987100
2016-10-07,111.4342948562972,111.59370647564478,110.54349846362474,111.0873565673828,19984200
2016-10-10,111.6593285486376,112.0344032976407,111.6124415222788,111.79060363769533,19687300
2016-10-11,111.6968321373291,111.71558265472667,109.70894105727751,110.196533203125,27774400
2016-10-12,110.29970350185415,110.47786564961471,109.7652242125296,110.10279083251952,14267800
2016-10-13,109.35263675365113,110.0090122484805,108.715011778407,109.70895385742188,22821000
2016-10-14,110.25281583418226,110.6935281765964,109.77459529731196,109.8402328491211,21313300
2016-10-17,109.74647553155609,109.9902752398504,109.3995300679818,109.5401840209961,14182700
2016-10-18,110.84353040216986,111.03107133486208,110.45908400957222,110.51534271240234,19276700
2016-10-19,110.43098030874036,110.6654011787762,110.30908403174632,110.50599670410156,13702900
2016-10-20,110.39348301825352,110.61852505803104,109.73710026746268,110.37472534179688,18132200
2016-10-21,110.4591199427284,110.8529452985637,110.09342394745886,110.7873077392578,15707800
2016-10-24,111.49996036358446,112.19384422481028,111.48120268535888,112.11882781982422,19143000
2016-10-25,112.1844516552182,112.203209331148,111.59371363466032,111.7624969482422,20341800
2016-10-26,111.04046076821852,111.6124481849528,110.67476483344824,111.0029525756836,20463700
2016-10-27,111.48116762243043,111.57493452219248,110.33719284504797,110.49659729003906,19099800
2016-10-28,110.17780919880866,110.7497966954765,109.46516774896791,109.802734375,35369300
2016-10-31,110.20595021231836,110.20595021231836,109.64334149409125,109.69960021972656,18749400
2016-11-01,109.8871122547888,109.90586277373733,107.92735036570744,108.8744125366211,23498700
2016-11-02,108.79938681802668,109.05256530282416,107.7304284807729,108.00235748291016,26960100
2016-11-03,107.82420464022503,108.18052888589726,106.82088375838288,106.94278717041016,36205200
2016-11-04,106.68021302156804,107.40223308166672,106.38015468793036,106.56769561767578,26997500
2016-11-07,108.2930409574988,109.21197372772954,108.1148859974202,109.09944915771484,26591200
2016-11-08,108.98692174077851,110.30905133584004,108.73374326996658,109.81208038330078,20777900
2016-11-09,108.52747224063374,110.4966059049855,108.39619713994072,110.31845092773438,70234400
2016-11-10,110.85293683414316,111.00296246369076,107.08344541909776,108.53685760498048,72825400
2016-11-11,108.06802669075743,108.8181763753566,107.68357301006206,108.58375549316406,41115200
2016-11-14,108.61187296327644,108.7150187124651,106.92403993469564,107.48664855957033,35906000
2016-11-15,108.30244394673,109.35265203921384,108.14303946912614,108.97757720947266,31796600
2016-11-16,108.4618250580154,109.69956672174004,108.4618250580154,109.6245574951172,16538100
2016-11-17,109.5682974345372,110.44034323156198,109.34325543484066,110.42159271240234,20598600
2016-11-18,110.55286070767517,110.7403945030511,109.9058569519034,110.00900268554688,16428700
2016-11-21,110.28095396086124,111.25614563239694,110.24344576342249,111.15299987792967,20268500
2016-11-22,111.59370818967416,111.76249149502058,111.2186333829091,111.49056243896484,18850600
2016-11-23,111.1248691696905,111.24676544441914,110.5528816851166,111.04047393798828,22926000
2016-11-25,111.17174038641902,111.44366942788932,111.04046528418598,111.39678955078124,7162800
2016-11-28,111.25612503535152,111.65932914072562,111.0310830463387,111.1436004638672,13479000
2016-11-29,111.24675304404464,112.06254014109936,110.92794413615708,111.52806091308594,18553000
2016-11-30,111.66869306164456,111.70620124953244,110.14027196347932,110.1777801513672,30405300
2016-12-01,110.14027199858856,110.14965083405237,108.1055010942214,108.27428436279295,39796600
2016-12-02,108.33991886457152,108.92128502978058,108.03986052374384,108.4899444580078,32876800
2016-12-05,109.05256924009646,109.76520338802452,108.55559108820604,109.33386993408205,21419700
2016-12-06,109.64333021211309,109.78398416568648,109.1369802716232,109.59644317626952,27293300
2016-12-07,109.37138305150664,111.12485345423322,109.04319531676,110.98419952392578,26622400
2016-12-08,111.03108096217566,111.46241441383532,110.81541065936798,111.1811065673828,18578400
2016-12-09,111.59370637549794,112.09067744595072,111.58432753814314,112.05316925048828,21863100
2016-12-12,111.5562004317824,111.7812424551426,111.08735870997376,111.54682159423828,23259300
2016-12-13,111.88435747506608,113.56281123659625,111.88435747506608,112.95331573486328,54477900
2016-12-14,113.09400028290602,113.4596962522289,112.39073770283022,112.71892547607422,28746000
2016-12-15,112.86895773872806,113.56284147808788,112.59702868388072,112.89708709716795,22762300
2016-12-16,113.1745200182799,113.40023472093226,112.25287676201135,112.47858428955078,26283900
2016-12-19,112.59142024975048,113.63532723206984,112.43154441374774,112.93938446044922,21138700
2016-12-20,113.29674055436152,113.57887306196166,113.16507728245942,113.37197875976562,11461800
2016-12-21,113.41901681022584,113.494255028601,113.0334334974981,113.287353515625,7079300
2016-12-22,113.2967867930954,113.3249993378585,112.52561281074684,112.9676284790039,16645000
2016-12-23,112.77950483512704,113.0898571005482,112.67605407998664,113.04283142089844,9007500
2016-12-27,113.28735833475923,114.28423965774655,113.2403398276082,113.62592315673828,16110600
2016-12-28,113.87047255458018,113.973923341602,112.666689405723,112.7419204711914,17975200
2016-12-29,112.7137098444932,112.97703651590152,112.22467562260832,112.58204650878906,13267500
2016-12-30,112.79832774958972,112.80772714624496,111.1055035870954,111.42526245117188,41749000
2017-01-03,112.16823004521476,112.8453597914187,111.81085920143504,112.42215728759766,22307600
2017-01-04,112.54439836534398,113.24034116044308,112.53499896887016,113.03343963623048,19749100
2017-01-05,112.94881814864227,113.74820469568554,112.94881814864227,113.6729736328125,20644300
2017-01-06,113.79520572678256,114.97077603387744,113.5036665866588,114.66983032226562,24074300
2017-01-09,114.76388074873196,115.25292204112328,114.6886425229622,115.0460205078125,18909200
2017-01-10,115.0930252492529,115.64789812903648,114.82969866567208,115.2999267578125,16176600
2017-01-11,115.346971529571,115.61029815673828,114.75447944333216,115.61029815673828,20686000
2017-01-12,115.1964807927878,115.50683306853,114.3594753279885,115.4315948486328,19622500
2017-01-13,115.48804949979308,116.024109364083,115.48804949979308,115.8266143798828,16930800
2017-01-17,115.5256333109009,115.7043222805236,115.14005000948129,115.4786148071289,14538500
2017-01-18,115.64792108761785,115.82661009414038,115.3563819086496,115.71375274658205,12499700
2017-01-19,115.8830256166109,116.28742210976289,115.41279746992775,115.65731811523438,12710700
2017-01-20,116.16516731550368,116.45671366840229,115.6008949302256,115.91124725341795,22091000
2017-01-23,115.83600474356798,116.17456959725234,115.27173237913154,116.00528717041016,17434200
2017-01-24,116.231015604795,116.96457770324014,116.03352060044529,116.785888671875,17640900
2017-01-25,117.51944060623885,117.9896688451443,117.41598981967056,117.96145629882812,15036200
2017-01-26,118.12131357220832,118.32821511275488,117.87679291746124,118.0836944580078,16052200
2017-01-27,118.337630268528,118.42226790028391,117.92382715742026,118.30941772460938,15053000
2017-01-30,117.9143942580654,117.9143942580654,116.73882402316843,117.3877410888672,25006700
2017-01-31,116.97395230290483,117.1808538374392,116.47551161067878,117.15264129638672,19091100
2017-02-01,117.9802622713344,118.19657041828086,117.42539639348044,117.96145629882812,22861900
2017-02-02,117.75454330305668,118.21536492345082,117.42538500277516,117.85799407958984,15101400
2017-02-03,117.98024797058152,118.31881283556405,117.86739779899578,118.1965560913086,16957200
2017-02-06,117.99904352289802,118.35641430482522,117.88618619302606,118.33760833740234,11630100
2017-02-07,118.58213757946407,119.01475381402324,118.46928740967694,118.77023315429688,17541100
2017-02-08,118.61035683301732,119.1370100902638,118.38464214410098,118.9677276611328,12569100
2017-02-09,119.08996207332083,119.6636409103036,119.02413042850864,119.40031433105467,17542700
2017-02-10,119.66365529806065,119.96460102125948,119.45675376802794,119.79531860351562,13915700
2017-02-13,120.16209840930516,120.62291998771616,120.11507989932733,120.4724578857422,19120200
2017-02-14,120.51946072286565,120.88623808034755,120.13387739774102,120.87683868408205,16333500
2017-02-15,120.79219646375296,121.64801504867084,120.7263576417334,121.5915756225586,17891400
2017-02-16,121.66685867725332,121.91138656318503,121.24365610190048,121.55400848388672,15098300
2017-02-17,121.37527764591484,122.09003355836911,121.35646450342313,122.08061981201172,15563700
2017-02-21,122.31575584589368,122.75777149742324,122.24993136067953,122.68253326416016,18479600
2017-02-22,122.56964688794866,122.8141603111664,122.36274539514078,122.72952270507812,12110900
2017-02-23,122.91763969917328,122.91763969917328,121.77969557379376,122.26872253417967,17489000
2017-02-24,121.71386528472338,122.50384521484374,121.67625334290966,122.50384521484376,18624500
2017-02-27,122.27813534403438,122.6637115309543,122.07123380460192,122.65431213378906,12008700
2017-02-28,122.62612441368304,122.68254950854518,121.93959517581446,122.27816009521484,16598600
2017-03-01,123.05872821181455,123.83929441167464,122.82361410697747,123.61359405517578,25813800
2017-03-02,123.58535854226037,123.60415733499076,122.84239007292936,122.99286651611328,19951400
2017-03-03,122.90824508849452,123.25620935274814,122.5790796194476,123.21859741210938,13722700
2017-03-06,122.81420611493002,123.15277101577296,122.45684241698184,122.94586944580078,12026200
2017-03-07,122.70134832400788,123.27502730514004,122.52265931099896,122.73896026611328,15500900
2017-03-08,122.81418417601986,123.34083740542422,122.69193461576656,122.95526123046876,15776000
2017-03-09,122.92706682795831,123.21860602652312,122.39099977235752,123.04931640625,20855300
2017-03-10,123.61358452527786,123.76406098482698,123.03050618230628,123.56655883789062,21922600
2017-03-13,123.51952554271786,123.80166529943872,123.45370106461,123.77345275878906,10731600
2017-03-14,123.49132443708712,123.53835012593244,122.97407056023968,123.4725112915039,14019700
2017-03-15,123.72644420360238,124.5258378999462,123.33145422959844,124.23429870605467,22709100
2017-03-16,124.46940902327876,124.46940902327876,123.86751750736532,124.14964294433594,18457300
2017-03-17,124.30417599498902,124.43611314112496,124.04030170271712,124.10627746582033,21234500
2017-03-20,124.0685709355146,124.50208691163476,123.88952468153671,124.2193603515625,10105200
2017-03-21,124.69057212778044,124.8036570048928,122.25914660936893,122.33454132080078,35841900
2017-03-22,122.37227916736458,123.286420519641,122.21205637442668,123.16390228271484,29177900
2017-03-23,123.00367946088215,123.34294852487152,122.64555812109532,122.85289001464844,20311700
2017-03-24,123.2486940613974,123.72931921457612,122.63613174577316,123.10733795166016,22967600
2017-03-27,122.23088723947608,123.52200202531318,121.94816063921608,123.30523681640624,18472400
2017-03-28,123.30525591863956,124.42672916602848,123.03196260342922,124.05918884277344,23721900
2017-03-29,124.1439747550368,124.68115669660736,124.01203760132898,124.634033203125,13710000
2017-03-30,124.58693710039948,124.9733296998044,124.47385219523684,124.84139251708984,16092400
2017-03-31,124.66232953213844,125.0958456273932,124.5209734032913,124.75657653808594,19841400
2017-04-03,124.8602206250403,125.161785107124,123.98376963946404,124.68115997314452,23700300
2017-04-04,124.32303898695189,124.8979111118414,124.27591549211078,124.87905883789062,13400000
2017-04-05,125.05811997498463,125.79320048112584,124.13455986882008,124.3701629638672,32011200
2017-04-06,124.4926835321268,124.76597680032457,124.1157099448706,124.43612670898438,18832200
2017-04-07,124.3984341848671,124.74712216391386,123.9272279947729,124.3701629638672,16743100
2017-04-10,124.49266154984154,124.9355964491114,124.07799786711492,124.41726684570312,15619300
2017-04-11,124.30418675852334,124.4926807379568,122.98481518291916,123.8801040649414,33778400
2017-04-12,123.86127862084022,123.96494457995526,123.24871619520805,123.38065338134766,15955200
2017-04-13,123.2110180386758,123.93666532540526,122.87174895628095,122.89058685302734,23683000
2017-04-17,123.23927384842688,123.9272308755363,123.1921503523077,123.90837860107422,13325500
2017-04-18,123.49367218700516,124.07797745292656,123.40885855132962,123.71985626220705,12841100
2017-04-19,124.25710816450616,124.67175763292208,123.74819730314876,123.91783905029295,17764800
2017-04-20,124.41727734553044,125.22775250832936,124.22879775931294,124.9544448852539,21977900
2017-04-21,125.06758664825256,125.11469577576511,124.6057992820101,124.92621612548828,22454900
2017-04-24,126.3115332995852,126.55655534768648,126.09478247318512,126.43405151367188,22469900
2017-04-25,126.84871289349856,127.57436007698604,126.73561362874234,127.3481903076172,19384400
2017-04-26,127.39529818514023,127.7062959950727,127.09373370222104,127.16912841796876,25398500
2017-04-27,127.4801411498235,127.93249511718749,127.4047464252506,127.9324951171875,16136500
2017-04-28,128.44143425993107,128.48855777597427,127.95138995730052,128.15872192382812,22771900
2017-05-01,128.58273727866103,129.46860714674864,128.52619484113555,129.29896545410156,24815500
2017-05-02,129.4592046193353,129.57230390136368,129.12936886194376,129.5157470703125,18345100
2017-05-03,129.22360859349106,129.27073209858827,128.75240230266874,129.10110473632812,23827600
2017-05-04,129.08220146477848,129.51570302823978,128.69580900772928,129.14816284179688,14630100
2017-05-05,129.47802866899892,129.619384765625,128.99740356039942,129.619384765625,19330700
2017-05-08,129.68534882076304,129.902099609375,129.42147454417378,129.902099609375,13279900
2017-05-09,130.10002157994376,130.6466224424467,129.9869223248969,130.35447692871094,28426100
2017-05-10,130.42984008789062,130.47696357295058,129.9680673224817,130.42984008789062,20499400
2017-05-11,130.07177663128215,130.36392220402138,129.4686332094766,130.3262176513672,27232100
2017-05-12,130.38274409903667,130.64661838583498,130.2696448475016,130.61834716796875,19738600
2017-05-15,130.67486741763463,131.1083689380302,130.5523492409687,131.03297424316406,20481300
2017-05-16,131.3722580044891,131.5984421146108,130.9858799222932,131.57958984375,21786000
2017-05-17,130.53351307338997,130.7785494569467,128.21518703558178,128.23403930664062,55642200
2017-05-18,128.1869475316577,129.78904584634228,128.0455770338463,129.35552978515625,41319900
2017-05-19,129.81728595905764,130.44870043375832,129.7324723087403,129.902099609375,36730100
2017-05-22,130.19427447442447,131.06130658461302,130.147165355889,130.99533081054688,19509700
2017-05-23,131.38179011242312,131.39120906490072,130.78806536449122,131.12733459472656,19687500
2017-05-24,131.52307583078252,131.79638348707795,131.1555355599599,131.73040771484375,15891900
2017-05-25,132.22987208505404,133.19113669071692,131.9471455092625,132.85186767578125,23928600
2017-05-26,132.8801772318815,133.1440516107303,132.70111653621802,133.08750915527344,13851600
2017-05-30,133.02148563324425,133.36075462430745,132.93667198049593,133.20054626464844,20306400
2017-05-31,133.6717873997938,133.6717873997938,132.4749338618734,133.15345764160156,33229400
2017-06-01,133.42676137794422,133.72832589556492,132.86130813480457,133.67178344726562,20120700
2017-06-02,134.1429898240027,135.226772811092,133.92623897861418,135.19850158691406,37222900
2017-06-05,135.18904880663356,135.40579962083407,134.9817169391126,135.17019653320312,15727500
2017-06-06,135.00997000174164,135.45290489732326,134.43509797003372,134.6330108642578,22393000
2017-06-07,135.0100076700485,135.27388201592302,134.38802635767198,135.16079711914062,18842400
2017-06-08,135.4623629226617,135.51890536558713,134.56705964276898,135.30215454101562,25417400
2017-06-09,135.46233278209846,135.61310780299468,130.15654757370248,131.91885375976562,109783700
2017-06-12,130.8068514565022,131.44768502261715,129.55344116740605,131.2120819091797,104454000
2017-06-13,131.94715795708743,132.46548766492572,131.25920091581426,132.27700805664062,51193000
2017-06-14,132.81414213537343,132.81414213537343,130.6371722920183,131.7021026611328,60093800
2017-06-15,130.37337528522698,131.25924556357484,129.57233308252316,131.11788940429688,55145200
2017-06-16,131.04980364003004,131.14430739630848,130.06703090327855,130.54896545410156,48087400
2017-06-19,131.81524097484106,132.85471013075025,131.61678886713003,132.73187255859375,39626500
2017-06-20,132.59958511032468,132.7696745693164,131.64514619293064,131.69239807128906,40935100
2017-06-21,131.99478442182124,133.06261631417144,131.9097396921426,132.99647521972656,35743400
2017-06-22,133.20439850728758,133.45008813731562,132.61850105221805,132.9586944580078,24099100
2017-06-23,132.8074813539149,133.63906835867255,132.4389397348519,133.46897888183594,21654300
2017-06-26,134.2343974834238,134.4611834307743,132.55233441741257,132.84527587890625,34411100
2017-06-27,132.34445635322106,132.50510122833612,130.42614804197842,130.4355926513672,65957800
2017-06-28,130.91753541695482,132.4295093297276,130.1615628798203,132.3161163330078,57427200
2017-06-29,131.76800936212143,131.76800936212143,128.75352094986658,130.01979064941406,88769400
2017-06-30,130.3883062667833,131.0403446233619,129.64177858356473,130.0670166015625,68898300
2017-07-03,130.66232120081966,130.8135069641603,128.61171738947374,128.69676208496094,32797000
2017-07-05,129.10315378989043,130.31272695019314,128.66847109563292,129.9630889892578,42116600
2017-07-06,128.9708234717831,129.51891341981914,128.32824420672094,128.79127502441406,48430500
2017-07-07,129.22599545714286,130.53007227408736,129.21655084950137,130.180419921875,36970400
2017-07-10,130.26546773726443,131.34274410387724,129.9347190483516,131.03089904785156,24853500
2017-07-11,130.8418795684591,131.5600588614994,130.35048614730303,131.3994140625,31517700
2017-07-12,132.52401169570808,133.10989473152586,132.25941842667734,132.9586944580078,36045800
2017-07-13,133.119305571897,133.5729062773824,132.86417139671553,133.25160217285156,31073600
2017-07-14,133.84696600764033,134.47065626539197,133.4217278934462,134.30055236816406,34544800
2017-07-17,134.44225354171124,134.83914324875212,134.1115049095549,134.3666534423828,25343200
2017-07-18,134.2722029438713,135.292783060534,133.84696483340775,135.26443481445312,25748500
2017-07-19,135.66133763677018,136.2566796998345,135.60464113919295,136.0582275390625,33752300
2017-07-20,136.40788162400332,136.49292637139857,135.62354641977046,136.23777770996094,36139400
2017-07-21,135.7369190622158,136.18106079101562,135.46288122195088,136.18106079101562,39697100
2017-07-24,136.16212431036564,136.89920733797223,136.00147948837406,136.80471801757812,26712700
2017-07-25,136.35109927531093,136.7763516280111,136.08650614252753,136.45504760742188,28120900
2017-07-26,136.79534358200323,136.97489214679928,136.57800214952883,136.8992919921875,18610600
2017-07-27,137.79701612028975,137.92931276809696,134.47068186495449,136.0393524169922,80665900
2017-07-28,135.22665779368063,136.152734252345,135.00930198927568,135.92593383789062,38013200
2017-07-31,136.31335561694016,136.48344508399188,135.056530573143,135.34947204589844,33848600
2017-08-01,135.812500891007,135.85029373933995,135.24550723127842,135.6613006591797,20149400
2017-08-02,136.54014338393887,136.56849162582978,134.7635766561186,136.02984619140625,41769700
2017-08-03,136.16216978617533,136.23776991928747,135.2549970273316,135.5006866455078,27112800
2017-08-04,135.80309458435747,136.04878421593304,135.1888488765408,135.7463836669922,29472900
2017-08-07,135.99203117385676,136.60626220703125,135.80303811897585,136.60626220703125,17933900
2017-08-08,136.34167739575977,137.466205607148,135.98258047602323,136.37002563476562,30810400
2017-08-09,135.24546541839254,136.2566004344786,134.9336204438775,136.19044494628906,36169500
2017-08-10,135.41561612098724,135.51010545494918,133.13821120955464,133.2705078125,63331700
2017-08-11,133.45005981987669,134.5745881842638,133.14765933700846,134.28164672851562,45862500
2017-08-14,135.34942718281852,136.2188067044996,135.31163434241705,136.0109100341797,34161000
2017-08-15,136.3511125009788,136.36057152615274,135.736881472991,136.1054229736328,25509200
2017-08-16,136.44563842257162,136.9842838522228,135.88810377799263,136.34169006347656,31913000
2017-08-17,135.81247103354542,136.02036770179137,133.55397033691406,133.55397033691406,70191000
2017-08-18,133.62957649218043,134.37610407526316,132.9113827259667,133.45947265625,60751900
2017-08-21,133.45004302244442,133.7429844413199,132.46725599607532,133.28939819335938,37111500
2017-08-22,134.0076299294564,135.46290740445124,133.96037803910548,135.32115173339844,36294200
2017-08-23,134.64073549362033,135.14157369964968,134.54624615279835,134.8391876220703,25702300
2017-08-24,135.1415518029042,135.2927520268198,133.68628930064534,134.44227600097656,38160800
2017-08-25,134.96202155428514,135.30220043879194,133.97923449044086,134.15878295898438,26380400
2017-08-28,134.56514119176057,134.88644533835554,134.13990309153922,134.57460021972656,15362100
2017-08-29,133.42169691741958,135.33056010285668,133.29884493234653,135.103759765625,24498300
2017-08-30,135.21716369259133,136.918130311683,135.1321189664488,136.6913299560547,33642700
2017-08-31,137.07880545962269,138.16554118225935,137.00320532436743,138.1560821533203,38480700
2017-09-01,138.33561313381634,138.52460623836808,137.59852993258988,137.96707153320312,22293600
2017-09-05,137.56071279287198,137.85365421609544,135.69910148224548,136.7291259765625,44794300
2017-09-06,137.07874196601247,137.45674246720247,136.15266597177526,137.1448974609375,30722700
2017-09-07,137.40007678311406,137.81587026159946,136.96539408778804,137.4662322998047,22721100
2017-09-08,137.2866948442261,137.35285036623625,136.13381807726867,136.27557373046875,27890100
2017-09-11,137.34332398064143,138.08040687419276,137.3055311432065,137.8441619873047,27126300
2017-09-12,138.23160796516788,138.35445992130994,137.52287329987507,138.17491149902344,30256700
2017-09-13,137.93871457353146,138.3828562717545,137.71191421084885,138.36395263671875,28450900
2017-09-14,137.8252911938562,138.24107013816928,137.4661943036473,137.55123901367188,35296400
2017-09-15,137.52291975545188,138.52459611368874,137.29611939501677,138.0237579345703,46422400
2017-09-18,138.18381820836254,138.6194523253564,137.42617669307455,137.84288024902344,24858200
2017-09-19,138.08910090018043,138.27850765711042,137.61557678245083,138.0796356201172,20871200
2017-09-20,138.03231703258714,138.18384825875972,136.59279928557365,137.65350341796875,34236200
2017-09-21,137.55873904693942,137.56820432582236,136.32757360420635,136.81057739257812,28841800
2017-09-22,136.37491620988277,136.876850509313,136.23286478581994,136.677978515625,21702400
2017-09-25,136.13818783291114,136.21395342806312,134.57556397897898,135.23849487304688,54947700
2017-09-26,135.92983565684875,136.18554273337912,135.11537357488612,135.58889770507812,29628800
2017-09-27,136.308628595633,137.32197701759873,135.96770514615758,136.81057739257812,33249400
2017-09-28,136.47914248381616,136.90531136422916,136.16661478463027,136.7632598876953,24149400
2017-09-29,137.0378675577334,137.85232956344498,136.67799907902938,137.74815368652344,43102400
2017-10-02,137.9565229923624,138.4300471384682,137.25570205383423,137.8712921142578,27351300
2017-10-03,138.05121480170106,138.32585241068506,137.7481524530764,138.16485595703125,19715200
2017-10-04,137.89971151786224,138.5910527706261,137.7671253262252,138.29747009277344,26381100
2017-10-05,138.7993661855404,139.72746927037142,138.65731475192592,139.65171813964844,31562400
2017-10-06,139.17824026982154,139.84117126464844,139.17824026982154,139.84117126464844,23561100
2017-10-09,140.0210984922844,140.1726152393534,139.50021903133046,139.68016052246094,13704800
2017-10-10,140.15372642484894,140.2957779334168,139.16878779606282,139.7843780517578,19223100
2017-10-11,139.71802987254608,140.22944402990464,139.53808838943138,140.20101928710938,12439100
2017-10-12,139.99266779878783,140.49460217416055,139.80324660363652,139.9453125,14513500
2017-10-13,140.51351770794813,140.64610385989164,139.9547628141009,140.485107421875,18409900
2017-10-16,140.83553822528705,141.00599995769107,140.5324758777135,140.96812438964844,21809400
2017-10-17,140.9208041813852,141.16703156199432,140.70298709658437,141.14808654785156,13138200
2017-10-18,141.29011245504174,141.30905746381802,140.76923309475083,140.9775848388672,17218200
2017-10-19,140.15367814339922,140.475671085773,139.47180223554312,140.45672607421875,27680300
2017-10-20,141.0249475167381,141.14805395320843,140.66506458519015,140.83554077148438,30173300
2017-10-23,141.12915190785367,141.1386171892458,139.71804463661903,139.91693115234375,29297100
2017-10-24,140.19157736091358,140.44728448219053,139.63282225770394,140.15370178222656,20289500
2017-10-25,139.87899804256747,140.333577073171,138.58154680170827,139.623291015625,36179100
2017-10-26,139.53812177535,139.88853954502846,139.14036314157536,139.17825317382812,28230200
2017-10-27,141.51742824528807,143.49677028277767,141.29961117064394,143.23159790039062,60165100
2017-10-30,143.12735915111375,144.13122765085868,142.99477301814375,143.55352783203125,31733400
2017-10-31,144.0176173958844,144.30172027686274,143.60091390270577,144.09336853027344,26319300
2017-11-01,144.67107659063362,144.73737690045394,143.47780107114488,144.04603576660156,29481600
2017-11-02,143.88504925909527,143.94188429892662,142.78648415281046,143.7714080810547,31017400
2017-11-03,144.29228108050222,145.1730290723575,143.79981191310648,145.1540985107422,26199200
2017-11-06,145.04041990706892,145.7033651796395,144.99307905972083,145.6465301513672,28693900
2017-11-07,145.53289452636932,145.9211877548731,145.2203668876328,145.73178100585938,21333100
2017-11-08,145.65602358364768,146.35683003937655,145.48554738440993,146.31895446777344,17373500
2017-11-09,145.11620080735685,145.62761496011782,144.05551138060753,145.55184936523438,40594500
2017-11-10,145.2108849795326,145.65599873668864,144.95517794970092,145.54234313964844,20150800
2017-11-13,144.99305820661573,145.91169594565542,144.99305820661573,145.72227478027344,12522400
2017-11-14,145.21090057641564,145.37189703447407,144.49114915495298,145.19195556640625,25173800
2017-11-15,144.5669371708624,144.89840990194335,143.74300966038575,144.51011657714844,24808000
2017-11-16,145.23933195196628,146.68831473566485,145.21092165823185,146.35684204101562,34790600
2017-11-17,146.39471016633496,146.49888604471371,145.65601373812518,145.79806518554688,28725800
2017-11-20,145.90223475150168,146.03482091362844,145.47606597686618,145.68441772460938,21143900
2017-11-21,146.37574844776842,147.3322762539161,146.30946259680758,147.26597595214844,20147800
2017-11-22,147.3985523019184,147.58795901453277,147.11443500759384,147.44590759277344,17299000
2017-11-24,147.5974999445164,148.0331341190847,147.51225460530793,147.98577880859375,8280600
2017-11-27,147.938439643482,148.26989791909168,147.57855662060268,147.91949462890625,22653400
2017-11-28,148.25092350695073,148.3929894118798,147.45540646226095,148.29827880859375,25227300
2017-11-29,148.12777424996267,148.16564980984433,145.01197838261243,145.71279907226562,71986300
2017-11-30,146.32841425755845,147.218641890329,145.9874763226848,146.9345245361328,56595500
2017-12-01,146.03487238511835,147.01981089447565,144.19759602607488,146.3095245361328,59015800
2017-12-04,147.22813154177206,147.3891280148097,144.4816828672214,144.62374877929688,51319100
2017-12-05,144.59532392401087,146.36631402767023,144.04604864033692,144.71844482421875,40604200
2017-12-06,144.17861177166165,145.59918395935253,144.00813559471882,145.37188720703125,28647800
2017-12-07,145.36246065761617,146.2810987398109,145.21092944902887,145.86439514160156,32666200
2017-12-08,146.9345459431741,147.2944289409749,146.2810947193725,146.5083770751953,28081700
2017-12-11,146.57466643645208,147.69217647118475,146.56518670512762,147.6448211669922,20821500
2017-12-12,147.5784937366841,147.88154158670596,147.13338001409704,147.44590759277344,20310300
2017-12-13,148.0426149909446,148.20361148720332,147.51225574050108,147.73008728027344,24418500
2017-12-14,147.9857688121908,148.36459681971684,147.4649037844102,147.6259002685547,24594700
2017-12-15,148.20355923331135,149.46313491373866,147.95731748400854,149.3021240234375,49816200
2017-12-18,150.28819766154604,150.67730293545085,150.0129856879487,150.55392456054688,26844500
2017-12-19,150.26921255272575,150.42106063196545,149.24425973940265,149.66183471679688,31415000
2017-12-20,150.18379009609365,150.2122597982931,148.91209512775686,149.50048828125,38972600
2017-12-21,149.70927305309525,150.18378738923818,149.34863752369756,149.51947021484375,18638700
2017-12-22,149.2917239168668,149.40560274328948,148.9500729565679,149.34866333007812,23330400
2017-12-26,148.51350722604948,148.73177977346353,148.00102361608575,148.54197692871094,21918700
2017-12-27,148.55147378767467,148.9595636932453,148.41861033770445,148.5609588623047,22388200
2017-12-28,149.0354227013617,149.06390687765025,148.56090847227034,148.74122619628906,25393800
2017-12-29,148.87410095912924,148.90257065656473,147.7637393160665,147.8206787109375,33186000
2018-01-02,148.57989703799612,150.44948430869886,148.20977650872643,150.41152954101562,32573300
2018-01-03,150.55388256377776,152.00589502864932,150.52541286689996,151.87303161621094,29383600
2018-01-04,152.3950357580371,152.594323682689,151.92052139130303,152.1387939453125,24776100
2018-01-05,152.86008222143158,153.77114179852424,152.57537067320357,153.666748046875,26992300
2018-01-08,153.66671000596813,154.34052668726702,153.6097706066243,154.2646026611328,23159100
2018-01-09,154.56829018979715,154.7296233211107,153.8090788615048,154.2740936279297,24782400
2018-01-10,153.59078589830892,153.9419363291216,152.9074841444912,153.9134521484375,34004000
2018-01-11,154.17920735829233,154.97638798249324,153.9419501857781,154.96688842773438,20473500
2018-01-12,154.83406415385898,156.26710710617485,154.63477618791546,156.10577392578125,37762700
2018-01-16,157.14015020065744,157.93733071306508,155.1946387626656,155.65966796875,41231800
2018-01-17,156.399933132272,157.57671945599563,155.64070727375525,157.33946228027344,33849900
2018-01-18,157.09269353508145,157.72854092104998,156.72257298262136,157.367919921875,26432200
2018-01-19,157.83301100131408,158.11772259811292,157.10225461510484,157.86148071289062,38937600
2018-01-22,157.8044955737479,159.5507049560547,157.62417779864558,159.5507049560547,26081400
2018-01-23,160.0442377725754,161.01225133342462,159.9683137206429,160.86988830566406,37989700
2018-01-24,161.21151692580287,161.56266742738686,158.90538390265752,159.82594299316406,54287400
2018-01-25,160.92678269682423,160.98372209446012,159.25648313402783,159.7689666748047,28925000
2018-01-26,160.6610768899374,162.23646815092565,160.3479101337086,162.2174835205078,32038200
2018-01-29,161.8758389773778,162.19850527322117,161.08814338621008,161.42979431152344,37277800
2018-01-30,159.9588324801318,160.78448303301843,159.26604540105487,160.10118103027344,44987700
2018-01-31,161.0027143300407,161.32539509596234,159.7594890409905,160.7654571533203,42449200
2018-02-01,159.5316976401055,161.07860425768223,158.8863507259362,159.39883422851562,38037900
2018-02-02,158.77244731786638,159.15205286896364,156.08669532483393,156.2195587158203,68478100
2018-02-05,154.7581602841673,157.30155095964778,149.94657648038825,150.06045532226562,105372200
2018-02-06,147.8681632655768,154.22665282430347,147.1943609804752,154.03684997558594,118537900
2018-02-07,153.543367598764,155.21366760268853,152.03441523878914,152.04391479492188,91028300
2018-02-08,152.4329824046019,152.60381509764878,145.62844848632812,145.62844848632812,94184800
2018-02-09,147.68787305920688,149.2253097271727,142.4777136563609,148.14341735839844,113836600
2018-02-12,149.66182442812078,151.7971390221584,148.4850380974874,150.77218627929688,63050600
2018-02-13,149.90861432369132,151.85411202160608,149.6808421701014,151.55043029785156,31785600
2018-02-14,150.65830931052557,154.62524240950876,149.94653777047583,154.3879852294922,52107400
2018-02-15,155.77354609474344,157.2540283203125,154.1602004510086,157.2540283203125,51633900
2018-02-16,156.7415911830944,158.26002848825388,156.28604695862003,156.55178833007812,62256300
2018-02-20,156.00135453785245,158.18410913370153,155.9349155727637,156.86495971679688,36785600
2018-02-21,157.63362422123407,159.1710456069011,156.32396038542925,156.4188690185547,41161800
2018-02-22,157.10222015969532,157.93737013219928,156.00135776443034,156.3999481201172,37074400
2018-02-23,157.6621324787558,159.59814453125,157.01678547390586,159.59814453125,50096900
2018-02-26,160.3478884355362,161.7144775390625,160.21502500265052,161.7144775390625,39266700
2018-02-27,161.76194163339252,162.02766851520525,159.63612657889087,159.7120361328125,42209900
2018-02-28,160.62311554510174,161.1450842525325,158.58270952999823,158.68710327148438,42936300
2018-03-01,158.77250507884906,159.50326123563298,154.6916787553548,156.0962371826172,76809900
2018-03-02,154.2171661876865,157.80449357190852,153.70469705323865,157.52928161621094,57445100
2018-03-05,156.78904673630015,159.68357284963142,156.20063906203413,159.27549743652344,38540200
2018-03-06,160.05368878300442,160.49024836844137,158.94332691175526,159.9492950439453,29480900
2018-03-07,158.72505095747482,160.45229015197168,158.44983900459735,160.3194122314453,34609400
2018-03-08,160.98375380624395,161.315905184892,160.3384067168491,161.2020263671875,25828400
2018-03-09,162.35036505482176,164.33383178710938,162.1131078529396,164.33383178710938,38310500
2018-03-12,164.81781918047375,165.58653014124118,164.44769855191797,165.20692443847656,37635000
2018-03-13,165.58653236739377,166.2793337817458,162.5401581870243,162.95773315429688,55638900
2018-03-14,163.81183390042762,163.93521225738388,162.21745825732407,162.92922973632812,40536400
2018-03-15,163.04313756193665,163.73592447526937,162.18900302233456,162.78689575195312,28810400
2018-03-16,163.06209746382893,163.42271847690358,162.22694768002614,162.30287170410156,31176700
2018-03-19,160.74113326830454,160.85519684268178,157.45215999669804,158.83999633789062,71395100
2018-03-20,158.90649374917228,159.7334834911441,158.37417784608604,159.36276245117188,34075700
2018-03-21,158.94452668037468,160.41789589406866,157.9749429844916,158.66885375976562,43863500
2018-03-22,156.4730902384057,157.57575324202094,154.55293769825153,154.7525634765625,66607300
2018-03-23,154.5718803252085,155.22777463919178,150.5984980990498,150.67454528808594,80110400
2018-03-26,153.7259061671567,156.46354750424757,151.2924536473075,156.27342224121094,57481500
2018-03-27,157.43317371305596,157.43317371305596,149.88565638125357,151.21646118164062,78889100
2018-03-28,150.35140413393094,151.88181985894275,148.3266887729247,149.4768829345703,89369700
2018-03-29,150.28487061387816,153.71642313568822,148.88753389833772,152.2145233154297,68692600
2018-04-02,151.1308798129423,151.84380613499707,146.27347455849497,147.82289123535156,85549400
2018-04-03,149.11560716120778,150.1137065266538,146.80573373400634,149.486328125,64090000
2018-04-04,146.59661014822154,152.3095190753245,146.42550035183382,151.84375,65768700
2018-04-05,153.35516465008624,153.59280669265354,151.59660773328036,152.70877075195312,43054900
2018-04-06,151.02632176238703,152.5282216716804,148.17461637868348,148.88754272460938,59870900
2018-04-09,150.17082391356064,152.92748156631413,149.67653868301932,149.9331817626953,41810400
2018-04-10,152.29058142941804,153.73543506500795,151.20693395046368,153.24114990234375,48296800
2018-04-11,152.2810389769893,153.99206482034174,152.18599084956597,152.35708618164062,41622100
2018-04-12,153.27911384546206,154.7239814915032,153.1935661932375,154.19166564941406,30467900
2018-04-13,154.96160390709775,155.18973095081097,152.72776324062582,153.39315795898438,44604900
2018-04-16,154.4673763160705,155.12327088084407,153.49779241577374,154.56243896484375,28180800
2018-04-17,156.12134663541283,158.23160947343288,155.80765734819133,157.889404296875,35536100
2018-04-18,157.88942617319097,158.74493198085923,157.13846897122735,158.21261596679688,29573900
2018-04-19,157.41411894612946,157.78484000922327,156.21639358496373,156.7582244873047,34705700
2018-04-20,156.35903021605165,156.47309380367113,153.73545166460042,154.27728271484375,49197100
2018-04-23,155.0281144859733,155.63647735848087,153.06044648603273,153.88743591308594,33040600
2018-04-24,154.61941258869177,154.85705461670668,149.6099145768728,150.6270294189453,70256800
2018-04-25,150.89320987137924,151.43502623384376,148.7354158733935,150.80764770507812,52089300
2018-04-26,152.75633315114143,154.49587499731723,152.26203354073357,153.98257446289062,43005500
2018-04-27,156.2449470997711,156.28297796410496,153.20313065668446,154.07765197753906,51043400
2018-04-30,154.43881950682237,155.39888818517628,152.60421530411213,152.9844512939453,35615300
2018-05-01,152.58524117992545,154.75253593677365,152.2240205522766,154.7335205078125,36513500
2018-05-02,154.99964865641638,155.4844477222008,153.64034309008522,153.82095336914062,38646800
2018-05-03,153.0415138076478,154.37230377807907,151.3495032004468,153.80197143554688,60337100
2018-05-04,153.1365673404412,157.08142020024212,153.02248927510283,156.72019958496094,41543200
2018-05-07,157.4521598335246,158.53580730255655,157.32858129172817,158.0225067138672,32500200
2018-05-08,157.68979102484846,158.20309157797644,156.71070673489274,157.86090087890625,26040200
2018-05-09,158.14603827057883,159.69546919048074,157.58520647295916,159.58140563964844,29122700
2018-05-10,160.09468792903593,161.34944486367772,159.9711094266645,161.23536682128906,27067600
2018-05-11,161.0453431539081,161.46359569156996,160.37994798241286,161.0833740234375,24688800
2018-05-14,161.4540561765778,162.37610872854123,161.0928355260493,161.35899353027344,21821700
2018-05-15,160.0851838142164,160.1707314656655,158.72586383272184,159.57186889648438,49361600
2018-05-16,159.78105455766763,160.99778106872938,159.70500733766076,160.62705993652344,22941200
2018-05-17,160.0661717834902,161.22586609833644,159.2296671617601,160.00914001464844,27480200
2018-05-18,159.39131692315374,159.9426483861053,158.9445630784674,159.1822052001953,26217900
2018-05-21,160.41791931840174,161.12134516197605,159.39130369718092,160.07571411132812,22954600
2018-05-22,160.80759898489003,161.0737568846641,159.58137255411071,159.8665313720703,19477700
2018-05-23,158.64986897895798,161.23541633107354,158.63086805315788,161.21641540527344,26557800
2018-05-24,161.16888427734375,161.45405771444976,159.54340583900594,161.16888427734375,27696500
2018-05-25,161.14984928966103,161.9103068614792,160.84567496364684,161.33045959472656,27460500
2018-05-29,160.5984925095392,161.52054481253543,159.65743928603132,160.6175079345703,41220500
2018-05-30,161.19736793966027,162.05287357539893,160.85516278446067,161.7677001953125,22665800
2018-05-31,161.7676650170365,162.73724849667485,161.24486418917465,161.66311645507812,35670900
2018-06-01,162.4711759165766,164.2962658042905,162.4236445878524,164.2012176513672,45543300
2018-06-04,164.61943551512775,165.72209838686854,164.51488691104595,165.68408203125,20459600
2018-06-05,166.0738084099322,166.47304538985048,165.46544522560114,166.19737243652344,24779300
2018-06-06,166.368487684185,167.19547756194655,165.53198283939994,167.16696166992188,25036600
2018-06-07,167.19546863700637,167.23348498950233,164.971142150679,165.80763244628906,39600300
2018-06-08,165.02821079090344,166.2354369417254,164.61945876153564,165.8171844482422,31780300
2018-06-11,165.69358440190547,166.6726687462439,165.6650685087324,166.26393127441406,22319700
2018-06-12,166.492018541267,167.3000073330357,166.311422762602,167.13841247558594,22511800
2018-06-13,167.39511003230024,168.38369483940536,166.75821640611383,167.1289520263672,37858600
2018-06-14,167.89893121316777,169.09664239011403,167.77535265758092,168.82098388671875,35916000
2018-06-15,168.18402081420746,168.5642567882159,167.404562450399,168.23155212402344,49615700
2018-06-18,167.17232130344814,168.2773298395365,166.64838669744054,168.1344451904297,31633200
2018-06-19,166.0101579401089,167.69625507965182,165.47670249241824,167.6581573486328,38236000
2018-06-20,168.42971409843088,169.54425773177852,168.27729414799876,168.84886169433594,33038000
2018-06-21,169.27758326908864,169.4490594010899,167.0580161011254,167.3819122314453,43469400
2018-06-22,167.94390756422948,168.01058221404955,166.41021619155347,167.01036071777344,30073200
2018-06-25,165.49576395370013,165.7434501095498,161.7615608360984,163.24761962890625,77799700
2018-06-26,163.84769375655108,164.85745047377875,163.24754929664297,163.9143829345703,39008100
2018-06-27,164.60981644925585,165.35284569476022,161.57101027403095,161.68531799316406,52843500
2018-06-28,161.48523534502942,163.62859170633732,161.1518185412664,163.07608032226562,46407700
2018-06-29,163.85725043410412,164.72412272478533,163.27616197432067,163.51431274414062,36408500
2018-07-02,161.98059363326098,164.65742004027462,161.62813520530406,164.6097869873047,31770000
2018-07-03,165.2289818947576,165.2289818947576,162.5426490834559,162.70458984375,25512700
2018-07-05,163.76195171701335,164.85743912867724,162.92365659712536,164.7240753173828,31626200
2018-07-06,165.10513639959862,167.41043360064867,164.80029650413766,167.28659057617188,37005600
2018-07-09,168.15349050385478,168.82983051354014,167.48667129164082,168.79173278808594,27362100
2018-07-10,169.10612136746428,169.29663909723322,168.3345151137788,168.9156036376953,23902500
2018-07-11,167.59141638115744,168.67739760994658,167.46758789191804,168.05819702148438,30280600
2018-07-12,168.80124010682118,170.95413208007812,168.68693240401728,170.95413208007812,27930100
2018-07-13,170.9446259116505,171.37329440586524,170.46832435461857,171.0970458984375,28049800
2018-07-16,171.13510244841058,171.42088622097776,170.4016086926868,170.6873779296875,21405300
2018-07-17,168.87742044975153,172.08768718168784,168.87742044975153,171.7257080078125,31034100
2018-07-18,171.74483900744372,171.8877382208304,170.87798106941688,171.4019012451172,23220800
2018-07-19,170.7826453519579,171.3542129015085,170.34445616146016,170.54449462890625,31094100
2018-07-20,171.05890484310052,171.63045784543183,170.31586122960712,170.5063934326172,35897300
2018-07-23,170.00156845004372,171.12563321579265,169.31569300344165,171.04942321777344,22184700
2018-07-24,172.811692761709,173.42135802635232,171.0493716111979,171.75430297851562,36900300
2018-07-25,171.83049309619955,174.25961854244716,171.74474779947502,174.15484619140625,35026600
2018-07-26,171.79237694268866,172.3448882835523,171.28749864657547,171.51612854003906,40873500
2018-07-27,172.60212383348795,172.71643153146874,168.22967995892014,169.20132446289062,59456100
2018-07-30,169.2108817106454,169.30613329277722,166.01013493252654,166.81031799316406,60193000
2018-07-31,167.46760587280997,168.73456957353076,166.53405902748807,168.0867919921875,47285100
2018-08-01,168.4773650769626,169.22991504200175,167.7533920387244,168.72503662109375,37101900
2018-08-02,167.5342676217507,171.22085073444023,167.4580576453689,171.0207977294922,47178200
2018-08-03,171.3446857569597,171.55425956610426,170.59213583180767,171.54473876953125,28934400
2018-08-06,171.43037920996764,172.60207639896544,171.22080546422004,172.554443359375,24808800
2018-08-07,173.04034361455382,173.50712435641526,172.66882899489087,173.18324279785156,29895700
2018-08-08,172.9450824213977,173.70716774994588,172.47830170546436,173.39280700683594,22680700
2018-08-09,173.28799438476562,173.97386962515083,173.03078753572956,173.28799438476562,18852900
2018-08-10,172.11630313811284,172.63071689825577,171.31612010629968,171.96389770507812,33818500
2018-08-13,172.2782395781548,173.38324789062736,171.6971512300968,171.7733612060547,26089200
2018-08-14,172.43061443718494,173.04981493127346,171.50658862885123,172.84976196289062,20913000
2018-08-15,171.47807562813702,172.02106636217243,169.67765638384355,170.73504638671875,58528000
2018-08-16,172.04963864214633,172.4116324550537,170.96367173899336,171.29708862304688,27711800
2018-08-17,170.84939791445865,171.76388889032435,169.82058466493075,171.33522033691406,36092600
2018-08-20,171.71617925300706,171.78286842753775,170.5159049315439,171.18272399902344,24939000
2018-08-21,171.69718520115208,172.84030599555848,171.59239828042328,171.81149291992188,26258700
2018-08-22,171.44948898697984,172.67835503357375,171.23039436040003,172.47830200195312,18042400
2018-08-23,172.17351324607523,173.42142115330057,171.9448832377732,172.2306671142578,25776200
2018-08-24,172.80218065456782,173.97389282556088,172.76408292971763,173.83099365234375,23136100
2018-08-27,174.70736467603294,175.60281372070312,174.43111623284815,175.60281372070312,29343600
2018-08-28,176.06957438576578,176.25057124049303,175.48848610585637,175.86000061035156,20277000
2018-08-29,176.16486027661435,177.9843354379703,176.0981856272052,177.8890838623047,29175600
2018-08-30,177.5461148512521,178.63208146388385,176.9840681511593,177.57469177246094,29315500
2018-08-31,177.35558971149723,178.30819255116083,177.16507205067768,177.80331420898438,28653200
2018-09-04,177.26033909116484,177.5651644429834,176.08864166210842,177.04124450683594,29063500
2018-09-05,176.7268844971946,176.7554614198,174.1548597137432,174.75498962402344,42623300
2018-09-06,174.83122734551787,175.04080116826546,172.02105140394372,173.1927490234375,46091400
2018-09-07,171.9448514962013,174.01199838210894,171.8876976385695,172.52593994140625,46629500
2018-09-10,173.51665277045296,173.6119188968329,172.1639580821644,173.10704040527344,26132000
2018-09-11,172.41160896057508,174.72642709571065,171.96388442211753,174.44064331054688,30116500
2018-09-12,174.18344586631616,174.30727435897944,172.43064548542796,173.92623901367188,36204000
2018-09-13,175.01222263846867,176.11724559636994,174.93601265493396,175.78382873535156,31133200
2018-09-14,175.9076513652223,176.18389980486083,174.57399861145873,175.2694091796875,31224100
2018-09-17,174.97409772477894,175.09794075601255,172.5830696235149,172.74501037597656,33071200
2018-09-18,172.88789927201168,175.0217203877177,172.8021539670965,174.1739044189453,31877300
2018-09-19,174.20248334725107,174.61211014257728,172.90694285398865,174.04054260253906,31843400
2018-09-20,175.24084024319873,176.2029639633519,174.82169263107116,175.96481323242188,33295800
2018-09-21,176.44112608050273,176.6887976238487,174.78359165346043,175.00270080566406,38605400
2018-09-24,173.73342471799975,175.55617380824745,173.01768691874548,175.48936462402344,34945600
2018-09-25,175.413039889339,175.8615701323632,174.81181540151408,175.72796630859375,25277500
2018-09-26,175.88066387368593,177.49346228074404,175.508480746036,175.85203552246094,36210600
2018-09-27,176.56777990126224,177.97062740962937,176.47234235252927,177.3407745361328,33113300
2018-09-28,176.8445136197437,177.77020244574223,176.52004927459822,177.30258178710938,28076800
2018-10-01,178.3332565771614,178.9631094454242,177.2167071625457,177.6652374267578,27371300
2018-10-02,177.51249094452072,178.62904003060964,176.85402447968963,177.26437377929688,25618600
2018-10-03,178.00878220038044,178.42868408893722,177.17853091455876,177.4552764892578,29128700
2018-10-04,176.7395372122956,176.85406517482411,172.78866470558526,174.04837036132812,80557300
2018-10-05,174.0293206765544,174.61145486977912,170.27884574335835,171.92027282714844,83325600
2018-10-08,171.31902890901233,172.38785952004653,168.8473362784083,170.87049865722656,66864500
2018-10-09,170.9945568212107,172.75051161739958,170.58420739584471,171.42401123046875,49097900
2018-10-10,170.35515710754913,170.4601325813882,163.66539881791252,163.8848876953125,114471100
2018-10-11,163.20734743583267,165.478612689942,160.14398251983823,161.8522186279297,143084500
2018-10-12,166.21342632340668,166.87190752661826,163.12143332813156,166.35658264160156,102078400
2018-10-15,165.7744937801832,166.08940573031455,163.7227024868624,164.343017578125,64885300
2018-10-16,166.07030250792363,169.53446444426254,165.76491397882927,169.12411499023438,71979700
2018-10-17,169.94483683603073,170.11660697081734,167.45406794953362,169.19091796875,66987600
2018-10-18,168.55146862494348,168.60872531667974,164.5624304422792,165.26861572265625,82486200
2018-10-19,166.60469930599197,168.02663718289213,164.51474229829896,165.115966796875,82923700
2018-10-22,166.10841271970705,167.2440522661113,164.7055655814102,165.96527099609375,52909300
2018-10-23,162.84469420697212,166.17526663634257,161.10784439207467,165.35455322265625,77567000
2018-10-24,165.1636228372818,165.4403683143098,157.50044519911393,157.7867431640625,102997400
2018-10-25,160.2394352436221,164.2189369825618,159.52369720650933,163.2455291748047,83481100
2018-10-26,157.65319926340118,162.1957584761046,156.72751041014314,159.0465087890625,130970900
2018-10-29,161.48002073208022,162.10032109089713,152.77663791690307,155.773193359375,111871900
2018-10-30,155.3151328297283,158.4548301829979,154.60893282072365,158.34031677246094,92584000
2018-10-31,160.91694164174905,163.42680022614132,160.8405945278133,162.0621337890625,73828600
2018-11-01,162.30079227808596,164.37165960856362,161.06971448735487,164.1998748779297,52706800
2018-11-02,163.6940030130767,164.66741048487646,160.53521589603793,161.64222717285156,75966800
2018-11-05,161.85215629245374,161.90941297807413,159.44727356435376,161.24139404296875,39573500
2018-11-06,161.25097998610875,163.36956535524274,161.0124006838344,162.4629669189453,34410400
2018-11-07,164.40974128064505,167.55899047851562,164.01846779278142,167.55899047851562,51169600
2018-11-08,166.7764568302091,167.29179623631433,165.69808837247743,166.49017333984375,40296500
2018-11-09,164.9346472496807,165.33545873557202,162.3866220139767,163.6844940185547,50602700
2018-11-12,162.5393447858962,162.844718778469,158.5884568137034,158.7316131591797,62578400
2018-11-13,159.47593571882095,161.7376626506746,158.41664312509383,158.86517333984375,64128100
2018-11-14,160.43981824223104,160.99332401820797,156.74661498721613,157.65321350097656,75270700
2018-11-15,157.3669043163001,160.8406184270585,155.9926997464329,160.4111785888672,73254300
2018-11-16,158.84609331094535,160.6211238662309,158.20670254126247,159.84812927246094,65390700
2018-11-19,159.08467805787518,159.2755385900055,154.1603976955966,154.65664672851562,67280500
2018-11-20,151.13521089316822,154.00771499586523,149.95186688006103,151.88912963867188,102652800
2018-11-21,153.97912585961436,154.57079801685313,151.9559629705051,153.04388427734375,42965800
2018-11-23,151.82230066178548,153.49235555067887,151.82230066178548,151.93682861328125,23503700
2018-11-26,154.06494317431637,155.5250470607413,153.4160000238374,155.44869995117188,42012600
2018-11-27,154.59939834961597,156.36489113076803,153.81685119550178,155.97361755371094,36608100
2018-11-28,157.09970053537265,160.99331665039062,156.0022415260549,160.99331665039062,70141000
2018-11-29,160.31576512631446,161.5277375875994,159.19921565600396,160.46844482421875,44885700
2018-11-30,160.68791060463403,161.7281127012205,159.8862732104074,161.63267517089844,36722800
2018-12-03,165.20183995584654,165.39270047065605,161.76629244238015,164.4574737548828,50771700
2018-12-04,163.59860331975884,164.05668609579874,157.9585992963802,158.1494598388672,70594700
2018-12-06,154.96201118914894,159.2850663709174,154.3798771913399,159.26597595214844,71715500
2018-12-07,158.56935619238033,159.48549258878705,153.51147190487214,154.00772094726562,80432200
2018-12-10,153.72141743209775,156.29807097833648,152.12770944401038,155.62051391601562,73960800
2018-12-11,158.15898149350411,158.19716233510798,154.8188713776666,156.13583374023438,59058300
2018-12-12,158.41663861594972,159.9435518007928,157.42415523900806,157.51004028320312,53780000
2018-12-13,158.5407152904601,159.19919646422443,156.53664341915334,157.55776977539062,46378500
2018-12-14,155.7541206362639,156.32670223399666,153.35877508298088,153.72142028808594,56547400
2018-12-17,153.06296022076958,154.28448527210514,149.0357398115539,150.23817443847656,74834100
2018-12-18,151.40241123225184,152.643026449507,149.8659600260093,151.18292236328125,63642100
2018-12-19,150.95386295647324,153.37783640161246,146.3349719605854,147.47061157226562,81856500
2018-12-20,147.10794630024532,148.74937255538657,143.51971994992658,145.33291625976562,99002100
2018-12-21,146.05829974535897,147.05078356169562,140.01746807993132,140.82864379882812,141129400
2018-12-24,139.8054722547742,141.62385629536584,137.29801298538547,137.33628845214844,56163300
2018-12-26,138.84845327162458,145.98801945500065,137.90097098790972,145.91146850585938,98982100
2018-12-27,143.91124014199363,146.60054150918495,140.7625600246789,146.47613525390625,85824300
2018-12-28,147.5288757633308,148.90702658842767,145.20325719852,146.39956665039062,77856600
2018-12-31,147.83511113274702,148.323200043211,146.15071298776763,147.63412475585938,53015300
2019-01-02,144.50460955430984,149.0601504687191,144.39933374351912,148.22752380371094,58576700
2019-01-03,146.0454634848242,146.677103775796,143.06904498934412,143.38487243652344,74820200
2019-01-04,145.79658719151638,150.25643126771405,145.2223675537972,149.51950073242188,74709300
2019-01-07,149.89277583759414,152.03656750998306,149.40468686635924,151.2996368408203,52059300
2019-01-08,152.68732806443367,153.2328520645258,150.4478407662721,152.66819763183594,49388700
2019-01-09,153.26162973039544,154.58236032975762,152.62040947511687,153.9124298095703,46491700
2019-01-10,152.74481281029264,154.43877665885435,151.8834611518182,154.35264587402344,38943400
2019-01-11,153.44341096123568,153.950644913533,152.9265971887994,153.78794860839844,30176600
2019-01-14,152.48637558994992,153.08932017088273,151.77815520287623,152.428955078125,30710200
2019-01-15,153.12758745377633,155.6159165912541,153.04145669064593,155.40536499023438,40874200
2019-01-16,155.6637810544146,156.74524947906446,155.31924334588638,155.37667846679688,33812200
2019-01-17,154.8789961774419,157.30032514508738,154.63016908867726,156.6016845703125,39329000
2019-01-18,157.7023013308278,158.88904560430458,156.78354381871904,158.15211486816406,57183200
2019-01-22,157.01315775730708,157.08972328398752,153.85489914779936,154.98422241210938,56711700
2019-01-23,155.7786516962595,156.48685761844143,153.43388785010106,155.18527221679688,38106100
2019-01-24,155.6924405908805,156.41980585157904,155.09907596526406,156.1901092529297,32417800
2019-01-25,157.4438866386681,158.53492025768935,156.90794234909788,158.056396484375,36515900
2019-01-28,156.0179341454894,156.1136301620447,154.80247936845396,156.10406494140625,33491200
2019-01-29,156.19015023573968,156.2284403139193,154.07508342297606,154.6301727294922,30784200
2019-01-30,156.38153183352674,159.13783288668083,155.89344294010724,158.5635986328125,41346500
2019-01-31,159.53982269031394,161.73146974433024,159.31970584410604,160.93711853027344,37258400
2019-02-01,160.1427426036707,161.35819688613475,159.81734999368328,160.25758361816406,32143700
2019-02-04,160.28631021456695,162.24826049804688,160.14275893181377,162.24826049804688,26718800
2019-02-05,162.4683682930715,163.87522919931902,162.4013825659757,163.68382263183594,28156400
2019-02-06,163.72211877873093,164.00922133890978,162.4588091004017,163.19573974609375,27970000
2019-02-07,161.76974557192358,162.1717037889361,159.77908492334726,161.0041046142578,42036200
2019-02-08,159.59727272902524,161.34867181121624,159.41544592884546,161.31996154785156,29020700
2019-02-11,161.90373981878855,162.29613283736984,160.7648508447238,161.16680908203125,21434100
2019-02-12,162.3440212821193,163.7891581877216,162.05690402445654,163.54989624023438,29722100
2019-02-13,164.27722855947448,164.76533222282603,163.48289183543358,163.6647186279297,26094100
2019-02-14,163.0808605356084,164.44944582255474,162.5353511467688,163.8656463623047,30326800
2019-02-15,165.10982252409204,165.14809799483174,163.78909243111275,164.5547332763672,32521700
2019-02-19,164.04751555959265,165.37781100110416,164.01880530284956,164.88014221191406,19487700
2019-02-20,164.99497644870618,165.64577631600045,163.9613780417197,164.85142517089844,32593000
2019-02-21,164.41117043065594,164.86098388789807,163.37757206442376,164.24847412109375,25207400
2019-02-22,164.60260656347867,165.5787845096046,164.51646118897312,165.4639434814453,27735400
2019-02-25,166.72725967556727,167.1579281512652,165.952038895247,166.06689453125,32608800
2019-02-26,165.6649616642176,166.76556067090533,165.38740965507415,166.2391815185547,21939700
2019-02-27,165.47345467698045,166.33480591712663,164.38242145550032,166.13381958007812,25162000
2019-02-28,165.61711253479857,166.3444635521044,165.28213998806893,165.7510986328125,25085500
2019-03-01,166.9473761719753,167.14834797863188,165.74148691848933,166.89952087402344,31431200
2019-03-04,168.00012653646002,168.23938843255485,165.0619980461768,166.92823791503906,38063500
2019-03-05,167.0526580810547,167.56945734898517,166.22959657776752,167.0526580810547,22319900
2019-03-06,167.2153114695887,167.244021721356,165.83716097122328,166.10513305664062,27194600
2019-03-07,165.68406304628496,165.74148356130948,163.45414055805298,164.066650390625,39407400
2019-03-08,162.22913801039343,163.90397135779668,162.0664416661951,163.81784057617188,39303200
2019-03-11,164.4973678114018,167.33980072577955,164.4686575478941,167.22494506835938,30518400
2019-03-12,167.66515301024216,168.57434520994866,167.26319481468937,168.1436767578125,33953500
2019-03-13,169.01463446986548,170.2874950960964,168.7753725380584,169.40701293945312,42426100
2019-03-14,169.52178536618587,169.72275711233377,169.07197198696423,169.1198272705078,23751500
2019-03-15,169.78023100310554,171.19667190384507,169.66538996919195,170.68943786621094,38192000
2019-03-18,170.61659826483336,171.61374759410555,170.2714334400803,171.0959930419922,32935100
2019-03-19,171.79583625686124,172.58205039772133,170.94251448175984,171.67120361328125,36893300
2019-03-20,171.6807944454211,173.406617957894,170.89459489693823,172.35194396972656,50105000
2019-03-21,171.83420804436545,175.29543777148464,171.8150281632561,175.04615783691406,42428500
2019-03-22,174.28871874912508,174.75853077551466,171.0192437068216,171.201416015625,70794500
2019-03-25,170.57818967680672,171.4698566083006,169.63856572947253,170.8754119873047,46336500
2019-03-26,172.19854058215552,173.2436172650398,170.7987019584131,171.67120361328125,33248100
2019-03-27,171.93012790047325,172.31363782113496,169.32221947606973,170.56863403320312,37096700
2019-03-28,171.0096428255937,171.60408744984255,169.9358035998636,170.96170043945312,30368200
2019-03-29,172.28485076528983,172.4190806813959,171.23017668876798,172.25608825683594,35205500
2019-04-01,174.02985245028017,174.74894447434386,173.32035768304806,174.5380096435547,30969500
2019-04-02,174.72975707701949,175.37214411484393,174.28870758763705,175.19955444335938,22645200
2019-04-03,176.18711894546908,177.29931806009,175.65979652712446,176.206298828125,31633500
2019-04-04,176.25424070950274,176.8966277919592,175.12286171550144,176.13919067382812,28530800
2019-04-05,176.64735904774597,177.15551624417415,176.43642421564766,177.050048828125,25674700
2019-04-08,176.7623843190479,177.644468661495,176.06247227242537,177.5006561279297,22697500
2019-04-09,176.8966365485889,177.4814986421595,176.50352940062274,176.87745666503906,25631900
2019-04-10,177.10758334794744,177.8842004396119,176.9158283893828,177.82667541503906,24563000
2019-04-11,178.1238618193163,178.1238618193163,177.0787850707442,177.40476989746094,20654100
2019-04-12,178.19099384686652,178.28686399705362,177.43354212158255,178.17181396484375,24989100
2019-04-15,178.18139690017048,178.40192896890673,177.01167280412844,178.20057678222656,21073000
2019-04-16,178.85252359604098,179.20728553386638,178.2676616228278,178.81417846679688,27195700
2019-04-17,180.01268786900548,180.18526291754927,178.9100860456281,179.43740844726562,29651600
2019-04-18,179.73464851846364,180.05103611292537,178.61285216369927,179.6675262451172,28580900
2019-04-22,178.8813177265544,180.2427967084832,178.74707318654106,180.17567443847656,17936000
2019-04-23,180.63588738090905,182.68769577404592,180.3770248190848,182.46717834472656,33665600
2019-04-24,182.6205659482613,182.8506806052225,181.8343518427811,181.8918914794922,24977100
2019-04-25,183.253394521628,183.33968204316645,181.64262096976185,182.6301727294922,29517500
2019-04-26,182.3425502114839,182.8315421395432,180.8180786674548,182.79318237304688,26359500
2019-04-29,182.79312628719327,183.43552782420284,182.49590402288248,183.1478881835937,21716200
2019-04-30,181.6713873379341,182.02614931729232,180.4537354948896,181.7289123535156,31495300
2019-05-01,182.9178243119512,183.43557873473665,181.01942556498724,181.14405822753903,34797100
2019-05-02,181.08650837485283,182.02613230809348,179.16893000818325,180.3578338623047,44110100
2019-05-03,181.8535483452661,183.3684370579944,181.52756352390955,183.2342071533203,30386200
2019-05-06,179.3415565509073,182.36173724753647,179.06349943777826,182.11245727539065,38371800
2019-05-07,180.12774277251498,180.89477714558967,176.90621010957233,178.56492614746094,58818100
2019-05-08,177.9800736636015,179.456602841524,177.33768654768969,178.1143035888672,37165300
2019-05-09,176.12960592065252,177.76914219522283,174.58595443592696,177.155517578125,55351700
2019-05-10,176.52267006745535,178.22931357512277,173.56959774532177,177.37599182128906,58526400
2019-05-13,172.86011783675673,173.7901446355621,170.72202177711526,171.22059631347656,67185800
2019-05-14,172.12183804840484,174.144883807616,171.4890336770963,173.09979248046875,43360600
2019-05-15,171.9588460656495,175.98575771393865,171.92048630549672,175.54470825195312,40944500
2019-05-16,175.62141990434432,178.40191742400344,175.41048510526804,177.3088836669922,39281200
2019-05-17,175.55430477670856,177.932097847623,175.34336998663144,175.49676513671875,44702300
2019-05-20,173.051873028242,173.71342530639242,171.94925663806615,172.53411865234375,38608300
2019-05-21,174.0202524484931,174.81604929793028,173.46415291647807,174.33665466308594,31613800
2019-05-22,173.3682884007851,174.56677502683866,173.30116612734352,173.56004333496094,24332600
2019-05-23,171.5657416931125,171.64244658466518,169.83991820808254,170.9041748046875,45351300
2019-05-24,171.82461793245724,172.43824243155638,170.6069515594148,170.81788635253906,25903300
2019-05-28,171.2972882411834,172.25607747621078,170.15632671070676,170.17550659179688,24763800
2019-05-29,169.12084527771316,169.7057073401858,167.8744162526117,168.7756805419922,42178800
2019-05-30,169.2262760450138,169.96454774794478,168.526364098837,169.4851531982422,30354800
2019-05-31,167.49091196551578,168.0661767909194,166.70469768517728,166.78140258789062,45446200
2019-06-03,166.33073931484896,166.78137139026825,162.29424514561848,163.1092071533203,75842300
2019-06-04,164.94052534199912,167.75936828005223,164.3077208804027,167.70184326171875,47797800
2019-06-05,169.3030047814615,169.33176728809914,167.19367139158075,168.94825744628906,34412700
2019-06-06,169.2358535145439,170.7027996215559,168.48799921018323,170.29052734375,29913200
2019-06-07,171.20141500724603,174.27913509635215,170.9808975647131,173.57920837402344,45888300
2019-06-10,174.7393294697173,177.2321872098846,174.70098433939006,175.60223388671875,41385300
2019-06-11,177.43357398501868,177.7595588881291,175.24753520068316,175.84197998046875,41260300
2019-06-12,175.36252687441157,175.72687142716387,174.4996225052164,174.8256072998047,27758100
2019-06-13,175.55429433128242,176.29255142266442,175.20912966168996,175.86109924316406,23715800
2019-06-14,174.95984095638872,175.5638828057934,174.4421012497286,175.11325073242188,22844100
2019-06-17,175.49678926869683,176.65693077364816,175.30503433224874,176.16795349121094,20379500
2019-06-18,178.24849543682683,179.98390146774724,177.7882661085458,178.72789001464844,48177300
2019-06-19,178.96761085951607,179.8017528531289,177.9225340535013,179.39906311035156,31672900
2019-06-20,181.90152490324715,181.93987004180207,179.44702639670814,181.0673828125,40922000
2019-06-21,180.8564141722194,181.9494332913061,180.4153646964647,180.79888916015625,39980400
2019-06-24,181.160173363198,181.3427484199394,180.7085449583033,180.8046417236328,19375200
2019-06-25,180.67972103007668,180.78542160828488,177.43184386541384,177.70089721679688,33921100
2019-06-26,178.88282902727437,180.00709083593625,178.23902173491115,178.52728271484375,22595700
2019-06-27,179.1711342927423,179.63236659920048,178.71950579976698,179.20956420898438,19709200
2019-06-28,179.641952987828,179.83413187501878,178.79636295172676,179.44017028808594,21179200
2019-07-01,182.88027054106408,183.1204978733244,181.01610409675376,181.8616943359375,31025600
2019-07-02,181.80401757909,182.6015739740037,181.28513306287329,182.5823516845703,18035800
2019-07-03,183.04356028292136,183.9564208984375,182.85136675350097,183.9564208984375,15792100
2019-07-05,182.69764571513463,183.91798967412703,181.9865677266779,183.5816802978516,21415600
2019-07-08,182.39014949309225,182.44780169172185,181.5445448137008,182.2940673828125,17598800
2019-07-09,181.42925192774777,183.4375485064157,181.27550294677448,183.2069396972656,19193500
2019-07-10,184.32157525886427,185.54191915743263,183.98525123693275,185.0326385498047,28374500
2019-07-11,185.3113461658196,185.78218229268697,184.3119923810964,184.8981475830078,23736100
2019-07-12,185.0999094256245,185.9743254914676,184.92693817742708,185.9647216796875,20211900
2019-07-15,186.39714830655805,186.59894567459727,185.87826382951528,186.5605010986328,15606100
2019-07-16,186.3298638072173,186.5028203856879,185.0326308194582,185.5995635986328,20190900
2019-07-17,185.59955182469344,185.9262720004796,184.66746900035545,184.6866912841797,16765100
2019-07-18,183.81231548873484,185.25367929714213,183.23577876275849,184.8981475830078,28877000
2019-07-19,186.16653582944213,186.2530141301926,183.35106451909897,183.54324340820312,29387900
2019-07-22,183.9564577164881,185.39782150177737,183.9564577164881,185.0038452148437,18954900
2019-07-23,186.0128016328023,186.23380663971645,184.7732205743177,186.214584350586,23786700
2019-07-24,185.5035077352861,187.5310265560907,185.4842854475237,187.5214080810547,20422900
2019-07-25,186.8871974394708,186.916023536602,185.38816707710816,185.74371337890625,23434700
2019-07-26,186.9256135373044,187.90574475427283,186.82951677909512,187.6558990478516,20431200
2019-07-29,187.4829661936106,187.55022220301925,185.83020144703028,187.0121154785156,20451700
2019-07-30,185.58035582441013,186.9352263415794,185.44582915382924,186.20494079589844,18705000
2019-07-31,186.7046208199777,186.8295290190649,181.9192981262481,183.6297149658203,41627500
2019-08-01,183.94683573597283,187.35806622862552,181.83283849028868,182.7168731689453,63251600
2019-08-02,181.34273141372884,181.6021809259413,178.93085531814333,180.0262908935547,55214000
2019-08-05,176.25956726018694,176.33644175555173,172.19492545558137,173.6651153564453,75040000
2019-08-06,175.26983939149946,176.6151211239685,173.9918430060054,176.09622192382812,41897200
2019-08-07,174.1840106270161,177.2973469767386,172.85795127076514,177.04751586914062,49990600
2019-08-08,177.84504268125502,180.9583931757361,177.3549843608632,180.9007263183593,38418100
2019-08-09,180.0359527634574,180.6509340802168,177.79703251245397,179.19996643066406,33608900
2019-08-12,178.09486041834188,178.63296708178729,176.3267914777907,177.14356994628906,24642900
2019-08-13,176.9898201468422,182.26520084780643,176.8264673863877,181.025634765625,40241900
2019-08-14,178.11412286002533,178.68105574666748,175.28904757769303,175.61575317382812,51000500
2019-08-15,175.84636184251275,176.41329468141151,174.07829265223072,175.41395568847656,36685000
2019-08-16,177.00907189252038,178.68104434387138,176.90337130495033,178.2294158935547,32781400
2019-08-19,180.8046367881197,181.4484440437913,180.17043334379576,181.06407165527344,22494100
2019-08-20,180.61245321295604,181.26586426292823,179.61309969118943,179.66114807128906,19902900
2019-08-21,181.237094848159,181.8328538932546,180.6125096984498,181.25631713867188,20418500
2019-08-22,181.5926460455536,182.05389309343656,179.24802487024473,180.6701812744141,24243700
2019-08-23,179.44020334516634,181.0833499950092,174.46268567478748,174.9527587890625,55372400
2019-08-26,176.94180427835482,177.64326382855788,175.92324295995627,177.59523010253906,27598900
2019-08-27,178.8347939032368,179.13267337945953,176.5286179189306,177.220458984375,28012800
2019-08-28,176.6439198586321,178.15253950625265,175.75988525488654,177.8546600341797,21792400
2019-08-29,180.0647397806459,181.09291946486803,179.38248792840503,180.5740203857422,25358900
2019-08-30,181.5445204149713,181.5829649837636,179.12304042410955,180.1416015625,26319800
2019-09-03,178.9405476554581,179.86301245832664,177.79706313617598,178.392822265625,27964200
2019-09-04,180.11279385523477,181.1217512855877,179.5938947597123,180.968002319336,21592100
2019-09-05,182.96671649268063,184.8116603185695,182.89944581363864,184.2831573486328,33932600
2019-09-06,184.5906896010898,184.65794563031287,183.6970362928004,184.10061645507807,19487800
2019-09-09,184.67715683843383,184.75403134029847,182.78416438416392,183.7162475585937,24407600
2019-09-10,182.7264813519693,183.28381039974656,181.5253449547708,183.18771362304688,23744700
2019-09-11,183.5336371346748,185.00382687695733,183.1108347869291,184.90773010253903,25063600
2019-09-12,186.04160276964504,187.09860859532188,185.42662156078995,185.67645263671875,28689900
2019-09-13,185.40738868468247,185.83979480237755,184.7731852254989,185.013412475586,27669800
2019-09-16,183.82189153406284,184.57139936844496,183.639316481171,184.18702697753903,20319000
2019-09-17,184.20626374743028,185.0710906982422,183.81228751413727,185.0710906982422,20953400
2019-09-18,184.68676468114683,185.0711371988539,182.67846776143145,184.9942626953125,29781300
2019-09-19,185.32091906369607,186.4547846992461,184.9461651225202,185.3016967773437,26039400
2019-09-20,185.5611743240376,185.7533532296341,182.7264951451344,183.3414764404297,29086100
2019-09-23,183.28750429143565,183.97113193483568,182.67128297130228,183.4223022460937,22485900
2019-09-24,184.260017155432,184.6644111136788,180.19680182825104,180.98634338378903,40820700
2019-09-25,180.803423629638,183.49939839384203,179.29176135279093,183.0179748535156,34704900
2019-09-26,182.77724182056053,182.9409240422044,180.9959690518192,182.34396362304688,26826000
2019-09-27,182.6809212429508,182.7772118007516,178.84879505087542,180.08123779296875,40773500
2019-09-30,180.81299711441144,182.0839619636476,180.43748744384192,181.79510498046875,26307700
2019-10-01,182.459491937009,183.50899155719225,180.01386721663323,180.3123474121093,32367600
2019-10-02,179.089523616551,179.1184078482357,176.22024396480728,177.21197509765625,48544300
2019-10-03,177.19270557479604,179.2917193587623,175.06482225240302,179.15692138671875,39392500
2019-10-04,180.12938410249393,182.0550777345173,179.93681767766688,181.79510498046875,31887600
2019-10-07,181.27522212739763,182.6906084967784,180.9285965942456,181.246337890625,21216000
2019-10-08,180.11013519154167,180.88041563464185,178.38664573914636,178.53106689453125,32379300
2019-10-09,180.04274511909645,181.0922447023817,179.50353851991184,180.27381896972656,20147400
2019-10-10,180.3219725621928,182.39208759283,180.1679135267549,181.66995239257807,25177700
2019-10-11,183.7400476391958,185.47317473298205,183.6341339086901,184.0096435546875,40976700
2019-10-14,183.7496752688081,184.57772408412708,183.5667320306052,183.99038696289065,14975000
2019-10-15,184.5585198976133,186.76344792220144,184.4429829502569,186.3301696777344,23234200
2019-10-16,185.6946755467636,186.33978128255893,185.2806436913252,185.86798095703125,20457100
2019-10-17,186.9848839782711,187.27374101590027,185.6465272394059,186.35903930664065,19045200
2019-10-18,186.02200869043125,186.4745478857893,183.6245294340414,184.568115234375,27700800
2019-10-21,185.5502272335956,186.3301308494928,185.00139746425907,186.2049560546875,15801200
2019-10-22,186.93667301391537,187.19664572563383,184.6643543104435,184.72213745117188,22392300
2019-10-23,184.34670222614807,185.11696811084207,184.04820730016723,185.0784606933593,14828400
2019-10-24,186.3975285744829,186.9945036452963,185.5791175214065,186.8789520263672,18998500
2019-10-25,185.91607573573148,188.4676284425328,185.87756833009365,188.371337890625,21507100
2019-10-28,189.247521769158,190.47996436945496,189.247521769158,190.2296295166016,18818700
2019-10-29,189.9119436324828,190.2007859729921,188.72763126887875,188.7565155029297,18569700
2019-10-30,189.1223586497329,189.988929548004,188.0343371106053,189.6711883544922,21764300
2019-10-31,190.2200512408789,190.30670394495164,188.66024380005337,189.7578887939453,26801800
2019-11-01,190.5762753445332,191.4909916313388,190.28743303488653,191.4813537597656,22131900
2019-11-04,192.75231736515008,193.0796817750849,191.48135244392927,192.6656646728516,19015900
2019-11-05,192.90637390019543,193.09894033344315,192.13609347532764,192.7715759277344,15048900
2019-11-06,192.55011484234885,192.5693758936639,191.4043247050812,192.3382873535156,19725500
2019-11-07,193.3011396797029,194.22547917446408,192.4249601605252,192.9833984375,17832400
2019-11-08,192.63680130200345,193.77295368017536,192.12647888882643,193.75369262695312,15258800
2019-11-11,192.7715782267075,193.5707281996221,192.5116054581903,193.49371337890625,10147600
2019-11-12,193.6573984843942,194.6972748821614,193.3589183010484,194.0521545410156,14778300
2019-11-13,193.3781912756816,194.2832698219291,193.2530311540095,194.100326538086,15774600
2019-11-14,193.3685439634302,194.0714180840633,192.78120676896205,193.9462432861328,16945400
2019-11-15,195.1209424865624,195.3712921142578,194.495097801083,195.3712921142578,18427900
2019-11-18,195.06313727093217,195.8334176792596,194.27361050400725,195.5253143310547,18365900
2019-11-19,196.2667177062129,196.2667177062129,195.06315902518696,195.81417846679688,16923300
2019-11-20,195.3038625643524,195.8911997637172,193.16634126121323,194.6394958496093,36629000
2019-11-21,194.42767321400208,194.56248588819105,193.59963895972027,194.2062225341797,17883600
2019-11-22,194.68765431700336,194.80320594383429,193.2819059688232,194.33140563964844,17189600
2019-11-25,195.1690674470661,196.6711062892679,195.1401832148605,196.63259887695312,17752800
2019-11-26,196.757797993892,197.25846787524867,196.46894094426008,197.0081329345703,14780600
2019-11-27,197.51840767707304,198.39460186082528,197.27769595792424,198.3849639892578,16963100
2019-11-29,197.88431339798845,198.18279360800275,197.38362885983744,197.4799194335937,9854600
2019-12-02,197.4895237602885,197.5569154019812,194.28324189310047,195.4579162597656,28007000
2019-12-03,192.77157341801524,194.0040162050076,191.8279729311953,193.926986694336,31104100
2019-12-04,194.9187412659735,195.3712805132966,194.62988423910448,194.9091033935547,15300100
2019-12-05,195.60232330971,195.60232330971,194.34099634101923,195.29421997070312,14962300
2019-12-06,196.71920885922523,197.52799656912228,196.5651498596616,197.38357543945312,16555300
2019-12-09,197.02736635315748,197.95169115207392,196.40150705142744,196.48817443847656,13984100
2019-12-10,196.5844662066126,197.26809402705857,195.8815920247133,196.32449340820312,21799800
2019-12-11,196.76740421362143,197.56656894889943,196.45928613607296,197.36436462402344,18780800
2019-12-12,197.1621800728165,199.6174428085048,196.8925840939521,198.8375244140625,32612000
2019-12-13,198.73159126824484,200.185499467989,198.3079509798493,199.49224853515625,32519400
2019-12-16,200.8017288979086,201.7453147695116,200.7343225611408,201.49497985839844,21296600
2019-12-17,201.754910033438,201.91860691668725,201.27348663814857,201.6104888916016,15996100
2019-12-18,201.78384845565125,202.32304041322945,201.55275989159816,201.7645874023437,15443300
2019-12-19,201.8512197934241,203.0932858070157,201.83195874205475,203.02589416503903,17865900
2019-12-20,203.98870518780583,204.62418754438585,203.4206291532305,203.8442840576172,27672600
2019-12-23,204.56609135534583,204.7108256248316,204.2090703414609,204.3827514648437,23774700
2019-12-24,204.56610338319297,204.6529439499904,204.0257424470344,204.4889068603516,7089000
2019-12-26,204.8169560927,206.31260725265145,204.78800924062665,206.2933044433593,17067500
2019-12-27,207.01704144269883,207.0363442553709,205.56963969066325,206.11965942382807,18134100
2019-12-30,206.01349670445111,206.1389428894481,203.75555371688924,204.76873779296875,21815500
2019-12-31,204.11256273429407,205.2994278671312,203.79413263061,205.1546936035156,18170900
2020-01-02,206.88190641736827,208.5802001953125,206.4766357813758,208.5802001953125,30969400
2020-01-03,205.8205149384768,207.91442086514243,205.8012121274127,206.66964721679688,27518900
2020-01-06,205.0485393510555,208.0301828131006,204.7976617328625,208.0012359619141,21655300
2020-01-07,208.0784639349501,208.5609311593145,207.316172198896,207.97232055664065,22139300
2020-01-08,207.94338641269968,210.49081292411944,207.6153122137721,209.5355224609375,26397300
2020-01-09,211.262754970482,211.7162753487501,210.07588969641512,211.31100463867188,23547000
2020-01-10,212.1408497914396,212.160137879814,210.39430602726887,210.7706298828125,21898500
2020-01-13,211.6390662141864,213.2312021034663,211.3013332807121,213.20225524902344,22756900
2020-01-14,213.09610728748868,213.45314302414909,212.03468829206147,212.36276245117188,24418100
2020-01-15,212.47853181229763,213.44346612091272,211.7548310808363,212.4495849609375,25742100
2020-01-16,213.51103254704745,214.5242165820705,213.0575122144536,214.4856109619141,18805000
2020-01-17,215.4505435208304,215.7207239647326,214.3312161253897,215.5470428466797,24325200
2020-01-21,214.948791489808,215.99092245639343,214.85230687962647,215.4505615234375,21146300
2020-01-22,216.54090919161345,217.25495114843167,215.74965600043456,216.01983642578125,20736400
2020-01-23,215.8944142556631,216.8110989327432,214.89087429805969,216.714599609375,26496100
2020-01-24,217.72776292407227,217.9593524439156,213.8969727852332,214.890853881836,37436500
2020-01-27,210.0372647740361,211.5908097151276,209.564441627189,210.4521942138672,42264400
2020-01-28,211.93817883387928,214.1768335804762,211.37851514723005,213.6847076416016,26731900
2020-01-29,214.87157741970216,215.112811011052,213.0864576779516,214.03208923339844,28924500
2020-01-30,212.6522626394122,214.89090294746305,211.98645550110223,214.7944183349609,39568100
2020-01-31,215.6917982913768,215.720745147228,210.63553642921312,211.38819885253903,52015800
2020-02-03,212.4206643835468,215.07423406045405,212.27593010884425,214.5821228027344,25408600
2020-02-04,217.51556391248832,219.8700067804745,216.7725601200128,219.49368286132807,30691200
2020-02-05,222.13757108960488,222.1761619900103,218.8953906774789,220.21734619140625,38534800
2020-02-06,220.7673537643358,222.17616458717416,219.9857591893376,222.11827087402344,22467100
2020-02-07,221.1243272008424,222.35944181232256,220.52605797822747,221.1629180908203,25884900
2020-02-10,220.4296134839448,223.84547473179325,220.3717197765841,223.83583068847656,21478900
2020-02-11,225.070928757218,225.8139323016973,223.28579438669365,223.87440490722656,30198000
2020-02-12,225.1963543914202,226.1612886174885,224.6366907734532,226.05514526367188,24471300
2020-02-13,224.4823367833513,226.69203006669883,224.2121563309873,225.7657012939453,22773200
2020-02-14,226.12271767078667,226.624487667914,225.36042599376344,226.4122009277344,23438500
2020-02-18,225.3121583747013,226.9235968840241,225.0709248004244,226.4990234375,24394500
2020-02-19,227.84996534832143,229.14297391496584,227.5797848933131,228.670150756836,22230500
2020-02-20,228.1683843621788,228.64119277356423,223.748983243612,226.5472869873047,42604000
2020-02-21,225.41835817220684,225.8043260981896,221.27879547967115,222.1954803466797,66017200
2020-02-24,213.9066555585697,216.386544090002,212.5364504464528,213.6268310546875,84522600
2020-02-25,215.4215888312775,216.13564553488905,207.210002996527,207.81790161132807,97743000
2020-02-26,209.11093782002143,212.55574593078725,207.36439420882164,208.8889923095703,79537700
2020-02-27,203.5046572644277,208.8310992278008,198.29401744016377,198.4291076660156,121822600
2020-02-28,191.6745477497892,199.90543610737936,191.22102745328831,198.5834808349609,148173700
2020-03-02,201.5555015878146,208.9758494576776,198.7185921044033,208.8311004638672,112933900
2020-03-03,209.49691486810363,211.90925094519767,200.3396818189116,202.13446044921875,131953500
2020-03-04,205.83982033147527,210.67413654065027,203.95818640798947,210.5679931640625,73086200
2020-03-05,205.23190494704355,208.7732125154249,202.73272832317943,204.17047119140625,78705500
2020-03-06,197.49311102092256,201.81601277255984,195.79483187085464,200.72564697265625,89828400
2020-03-09,186.69549335154025,194.10619679349955,185.373538007626,186.7823486328125,116424000
2020-03-10,194.0579706556772,197.13611395181965,186.88849993138504,196.9527740478516,100599200
2020-03-11,192.35964911661964,193.7105511805669,185.9717743532249,188.3744659423828,89168800
2020-03-12,175.70485227626233,184.09013222549325,170.73544739403957,171.1021270751953,137820700
2020-03-13,180.51026584484305,187.6604177891488,171.88375088162442,185.595458984375,134882000
2020-03-16,168.04331081509645,178.20406832166154,163.22829784175232,163.36338806152344,92054400
2020-03-17,169.31706231199337,177.9242765097897,163.82658250789734,175.753173828125,121257100
2020-03-18,165.5924116849053,172.9355638876313,160.9510790522312,170.40744018554688,114156300
2020-03-19,169.52933009561525,177.05582149372006,165.61169871799729,171.4302520751953,120896500
2020-03-20,175.3671781508033,176.45754397954283,164.13534264435782,164.71429443359375,118983900
2020-03-23,165.27804414127883,168.45945171990107,159.48576469527103,164.83323669433594,124639800
2020-03-24,173.97131867334846,177.76192084536183,172.07601020978743,177.5975341796875,94881800
2020-03-25,178.33244069107238,183.2544202977152,174.03899919930456,176.2824249267578,88754900
2020-03-26,177.80055736478263,186.3584300991781,177.54914511996395,185.56549072265625,79887600
2020-03-27,180.7595957246045,184.22142479981977,178.56453707972298,179.18341064453125,58845000
2020-03-30,180.8852576849833,186.13602426947764,180.18902327869563,185.70086669921875,49356900
2020-03-31,185.3914709047743,188.80494712957645,182.9546500421454,184.1150360107422,62659300
2020-04-01,178.67091844015954,181.4655216403552,174.88998035897993,176.2921142578125,53715400
2020-04-02,175.2573693500019,183.8249060546297,174.9962777749051,179.86990356445312,56465300
2020-04-03,179.42515588841167,180.8949861177396,175.30576540761382,177.31710815429688,47487600
2020-04-06,184.1923500936626,191.1256703505276,182.94493881527453,189.99429321289065,64763500
2020-04-07,195.68988142713013,195.9703169617347,189.5301560762846,189.9169464111328,69904500
2020-04-08,191.60921023275824,194.5295264142873,189.694572688958,193.9493408203125,45940400
2020-04-09,195.67057303429524,196.51185021730672,192.46015684446024,194.2297515869141,68252600
2020-04-13,193.3981292632808,196.7052355030701,192.18939095538525,196.3281097412109,42853900
2020-04-14,200.3894966362266,205.4855422145785,199.6062364596613,204.86666870117188,63959600
2020-04-15,201.59822272188296,204.8376475607957,200.2831147423823,202.5168609619141,47036000
2020-04-16,204.7022665010816,207.29379453080304,202.76828507408675,206.2107696533203,64657400
2020-04-17,209.03438245972688,209.36315576375395,205.0793939507048,208.1834259033203,62863200
2020-04-20,206.3171197963169,208.75394029632267,205.55320369682727,205.71759033203125,38249100
2020-04-21,203.64824764106075,204.1897600730919,196.908321271094,198.1267242431641,72932800
2020-04-22,202.1978047221044,205.3405251724401,201.4532175916709,204.00607299804688,40089100
2020-04-23,204.79892923405623,207.3614631339805,203.164727541856,203.57086181640625,43278500
2020-04-24,204.00599191924232,207.22607213304727,202.5845146693165,206.78125,34231900
2020-04-27,209.05368201331044,209.479160201164,207.41946568046583,208.4444732666016,36451700
2020-04-28,210.1464168820134,210.1464168820134,204.23810337134472,204.51852416992188,46862800
2020-04-29,209.05369391477743,212.70891709291465,208.03835086416044,211.7709350585937,48716400
2020-04-30,212.68962390255064,212.7766495334856,210.17545667096348,211.6839599609375,43359500
2020-05-01,207.4194885157066,209.51785639581223,204.6925678779444,205.71759033203125,48795000
2020-05-04,204.4798582249158,208.3381416427717,204.1510701757507,208.11573791503903,32841000
2020-05-05,210.2624805715109,212.8733527638339,209.6919595443765,210.4752197265625,37783100
2020-05-06,212.1577253849692,213.74358933127684,210.9103140405689,211.7709350585937,36455200
2020-05-07,214.4978942871093,215.3778446517877,213.14409839010585,214.4978942871093,38624800
2020-05-08,216.1707598849452,217.57289335778523,215.1360728207483,217.43751525878903,31852300
2020-05-11,216.1127612111596,220.4061876114149,215.8806781266428,219.3811798095703,35714100
2020-05-12,219.98069819428463,220.57056305394377,214.75894007063687,214.78794860839844,41054100
2020-05-13,215.3101475737896,217.19577644197017,209.5565559995538,212.0997314453125,65521200
2020-05-14,210.7749533394312,214.5462109755828,208.86031598223929,214.50753784179688,51549300
2020-05-15,211.5582307246136,215.9580414970441,211.1230878471441,215.9000244140625,55747200
2020-05-18,218.81068069687527,221.13145275357965,218.0274204966153,219.92271423339844,42398100
2020-05-19,220.18382031122587,222.2628595552177,219.2265087837908,219.37155151367188,36237300
2020-05-20,221.9243566253143,224.10975020660536,221.9050126806709,223.75196838378903,37417000
2020-05-21,223.8003281910067,224.47721872460824,220.80265114277665,221.31515502929688,43642900
2020-05-22,220.90900589344216,222.28213081383024,219.99036774837128,222.07907104492188,28762400
2020-05-26,225.6569758602928,225.86005042250423,221.23782077910764,221.4795684814453,33055300
2020-05-27,221.1411019564052,222.80432711383244,216.54789620591745,222.6882781982422,55665600
2020-05-28,221.5472216329888,225.76330132819297,221.4892045565809,222.398178100586,42784300
2020-05-29,222.7753387937141,225.8890502602244,221.20880370946887,225.656967163086,50691800
2020-06-01,224.78667073682183,226.71097283896603,224.341848510459,226.33384704589844,25776000
2020-06-02,226.75933125151207,227.91005260674,224.3515189681753,227.8520355224609,33383400
2020-06-03,228.461261441626,229.6313269060732,227.58131094914515,228.8770751953125,37228700
2020-06-04,228.52892625612952,229.94072449159285,225.96639190953192,227.27183532714844,38716100
2020-06-05,228.4225410172492,232.367864786568,227.85202005376,231.7779998779297,47365600
2020-06-08,231.63295356434315,233.70231314163112,230.05676870388527,233.5766143798828,32937300
2020-06-09,232.7160198860044,236.1198170306861,232.53228926496288,235.2688751220703,35046300
2020-06-10,236.9610452740505,239.6396133199252,236.4388620964621,238.0924224853516,58084400
2020-06-11,234.16648545279315,235.54927515401133,226.23716418976267,226.2951812744141,72919400
2020-06-12,231.1977970642872,232.4645524883764,224.0904244524196,228.09376525878903,72034800
2020-06-15,224.7673247465952,231.54592436473544,223.8293425701695,230.86903381347656,45307400
2020-06-16,235.73297339807888,236.3228382695731,231.20746435522284,234.83367919921875,48890100
2020-06-17,236.3325138713741,237.3962095105312,234.71764122291327,235.5782623291016,34749300
2020-06-18,235.2591807723477,236.4582546534172,234.4855999511244,236.2165069580078,30578600
2020-06-19,238.5856234502923,238.84671508404108,234.44690422357667,236.1778259277344,49422100
2020-06-22,236.04604341260253,239.13611021087408,235.75545356636687,239.0101928710937,24068700
2020-06-23,240.608518743907,243.28204904570225,240.0563832034432,241.0444183349609,32767400
2020-06-24,240.28881887909816,241.519036687711,234.5736589229055,236.0751037597656,46032400
2020-06-25,236.1622984838512,238.6227195055004,233.58562674080025,238.3224334716797,36940800
2020-06-26,238.0803047835078,238.25467350406603,232.171397144484,232.69448852539065,52824600
2020-06-29,232.45229134740373,235.2420722812537,229.91437466943896,235.2323760986328,34377800
2020-06-30,235.16457284673368,240.3857158289955,234.98052274916483,239.84326171875,38909200
2020-07-01,239.8820087346067,243.6404620033965,239.3395546093724,242.64273071289065,34689200
2020-07-02,245.0934436677293,246.3042839151856,243.82448545331744,244.28944396972656,31956500
2020-07-06,247.44735885729844,250.81833463299475,247.4279812709001,250.29527282714844,34589000
2020-07-07,250.04340004637635,252.7072490260396,248.2707130799958,248.5709991455078,36578200
2020-07-08,249.89806648137417,251.874136498383,248.464420973567,251.84507751464844,30426300
2020-07-09,253.7630787973084,254.6348779384561,249.5590446424804,253.96649169921875,40312900
2020-07-10,253.8212430368928,255.9523342695244,251.1380309698618,255.70046997070312,32885300
2020-07-13,258.5483029012783,261.33808359357937,249.61714395012007,250.4405212402344,64108100
2020-07-14,247.9123785214488,252.62014286424304,244.8416880652214,252.2132873535156,72230500
2020-07-15,253.6274817734124,254.46055541035847,249.4234471000148,252.72662353515625,54523900
2020-07-16,249.9368196552838,251.6416923865172,247.61201201548653,251.0023651123047,47594100
2020-07-17,251.45767228482893,252.1551176161374,249.1135015612203,251.2930145263672,35137900
2020-07-20,251.93227759467155,259.0520248785669,250.6827116178389,258.4223937988281,40610100
2020-07-21,259.991691017624,260.0013872022392,254.88679762542333,255.7295379638672,43243800
2020-07-22,256.2235452413886,257.56031787936155,254.32492605858337,256.63037109375,29865500
2020-07-23,256.2234933295278,256.9306051168329,248.51284132576825,249.9271240234375,51363500
2020-07-24,246.0815079880136,248.88097038245672,243.44673289391983,247.55389404296875,54054500
2020-07-27,249.2006350853051,252.35848655129203,248.41601291957087,251.9710235595703,36445700
2020-07-28,251.1864054204408,251.7094967264927,248.4741348733786,248.7647247314453,31302400
2020-07-29,250.3049425830365,252.49415166966088,249.83030256609203,251.63201904296875,27556900
2020-07-30,249.6656337584708,253.5112646591604,248.5129111505524,252.949447631836,41774500
2020-07-31,257.57964536570734,257.6184005335109,252.67816607292343,257.4634094238281,53686300
2020-08-03,259.60426706834136,261.6869073284094,259.4783348955136,260.9410400390625,32081600
2020-08-04,260.4372668904667,262.00654112835355,259.6913997284412,261.90966796875,24911300
2020-08-05,262.3939360268414,263.013870876457,261.50274457620185,262.55859375,21612100
2020-08-06,262.36488719222217,266.36550835066623,261.7255599540695,266.0361633300781,28048200
2020-08-07,265.49364364673687,266.26859908550324,260.8149702788895,262.9654235839844,44969400
2020-08-10,263.25605010082427,263.4594925602236,258.3158452119872,261.841796875,35088400
2020-08-11,260.6793189624383,261.9676693324029,256.3396871348302,256.88214111328125,43104300
2020-08-12,259.0424135235388,264.292601930558,258.9939621615096,263.3432922363281,38773400
2020-08-13,264.11817104349865,266.22017320636945,263.00420390284296,263.9438171386719,31895700
2020-08-14,264.5637365798614,264.83496360319526,262.2389292996389,263.6338195800781,30799500
2020-08-17,265.3484468272583,267.1986148217318,263.67266234692346,266.6949157714844,24803000
2020-08-18,267.7603802302478,269.73645021696643,266.2976757611271,269.2618103027344,23529500
2020-08-19,269.22306611149605,270.2789152960766,266.93701383549336,267.4504089355469,31999400
2020-08-20,266.656140618478,271.644797632191,266.249285198018,271.16046142578125,27723400
2020-08-21,271.3541317497515,273.49488890540846,270.7051084078228,273.03961181640625,34748900
2020-08-24,276.31375110447743,277.0402552703963,272.4584250218504,274.7445068359375,36418500
2020-08-25,273.96955686116684,277.09837884113364,273.52397590762297,276.9046325683594,34866600
2020-08-26,278.1542565246572,283.0654323833306,276.87560194106163,282.8135681152344,42216700
2020-08-27,283.7919317388994,284.6443681132464,279.66537818196184,281.9320678710937,49482700
2020-08-28,283.1719153673276,283.9952926035419,281.8157802755482,283.3656616210937,28021000
2020-08-31,283.8888256925662,287.45353300882533,283.4529112905165,285.6421203613281,36321000
2020-09-01,288.2962061963474,290.6404058523058,286.52354913422124,290.524169921875,36216200
2020-09-02,293.77902870613644,293.9921378633261,287.5892260849039,293.2753295898437,50836800
2020-09-03,288.76120622222834,289.26490515458613,275.5000806360954,278.4060974121094,110083300
2020-09-04,276.61405721893505,279.8784781117177,263.28511702709073,274.6960754394531,123959000
2020-09-08,263.6920093124931,269.5040438756413,261.2122102638062,261.4931335449219,99568600
2020-09-09,267.0048962419782,271.27671585926885,264.4475867084462,269.1747131347656,64837900
2020-09-10,272.13881576518094,273.3593524010816,262.0839919170373,263.8082275390625,69667500
2020-09-11,265.56148651398627,266.5979728970853,258.538612831365,261.9774169921875,71809000
2020-09-14,265.7649004314528,268.5353183979086,264.40876521360366,266.53985595703125,38525200
2020-09-15,270.28862900192365,271.66415666642484,266.510812967776,270.31768798828125,41849900
2020-09-16,271.11190859296613,271.5768522070147,265.6582808148541,266.0069885253906,42321000
2020-09-17,259.1682602925586,265.803671415116,258.3255201270873,261.8515014648437,81570800
2020-09-18,263.27546343707536,263.56605331431973,254.40242125963064,258.50958251953125,86251100
2020-09-21,254.2474003059607,259.2651153411882,251.9613184809172,259.1295166015625,57168600
2020-09-22,261.53180320911434,264.5249968214277,258.1899017871474,263.9438171386719,41128900
2020-09-23,263.6242050074077,263.8082551403804,255.0030259952784,255.884521484375,48837300
2020-09-24,253.2012990739136,260.282292127732,253.03661175477384,257.07598876953125,70631700
2020-09-25,257.57965033529524,263.86632399265034,256.0200725875754,263.0526428222656,55242400
2020-09-28,267.9153590640591,268.5159606933594,263.1592043100047,268.5159606933594,58438300
2020-09-29,267.9541391799654,269.00998848798474,266.7432987494569,267.3051452636719,27050000
2020-09-30,267.4988666375904,272.2841104669219,267.2276395589112,269.13592529296875,49380800
2020-10-01,272.9622253346809,274.018074786312,271.07330218155147,273.4078063964844,50020200
2020-10-02,267.3729437344513,273.39808721175547,264.8737819632803,265.7165222167969,75497400
2020-10-05,267.6829044021858,271.7028886034737,267.57636463690346,271.3832397460937,28184600
2020-10-06,270.69546812594973,272.3809483565957,265.6583606750467,266.53985595703125,49704200
2020-10-07,269.1843835919814,271.94507624343674,268.59347806439814,271.1507873535156,27539700
2020-10-08,273.5530312216248,273.62084537233886,271.52850981288265,272.59405517578125,25443300
2020-10-09,274.24078463381176,276.836848712834,273.85332164876587,276.75933837890625,30201100
2020-10-12,281.44765310350897,288.1411805354327,280.40150029360404,285.302978515625,79370700
2020-10-13,287.10480757675845,287.74410530374576,283.9275339387028,285.2933654785156,64240000
2020-10-14,286.09734020611853,287.06601240619915,281.1668022550917,282.910400390625,36949100
2020-10-15,278.20266684333313,281.60268615345586,277.56333964583695,281.0118103027344,42514200
2020-10-16,282.6585288236038,284.0824781032304,279.1228812973695,279.4716186523437,40570700
2020-10-19,281.3895370951052,282.34854253581545,273.9307799741185,274.9091186523437,36756800
2020-10-20,275.6453864849861,278.60952134905114,274.0858382762635,275.5000915527344,32195400
2020-10-21,275.7519606576001,278.31893637761823,274.80265114764507,275.2869873046875,29306100
2020-10-22,276.1200228725149,277.0209105638656,272.02255802845445,275.2772827148437,32196200
2020-10-23,275.84876113085744,275.98438942316955,272.9524408240638,275.8197021484375,24658500
2020-10-26,273.5337311592959,276.362238158819,268.08979672017267,271.6835632324219,38421100
2020-10-27,272.68126816050136,274.6283090553703,271.4220059225621,273.804931640625,30559100
2020-10-28,269.3006577514768,269.9109261712041,262.8783541900254,263.1302185058594,53413500
2020-10-29,264.4474801551285,270.73415254967745,263.98250691050856,267.7312927246094,43246300
2020-10-30,265.74564804787144,266.6174475100461,258.70340860947897,260.9410400390625,65838300
2020-11-02,263.3335682160116,264.951234387495,258.60644270616984,261.52215576171875,39987400
2020-11-03,263.44013680710646,268.14790002845734,262.3552284523277,266.0458679199219,43604100
2020-11-04,274.70575403278974,279.7234690871296,273.0396366154898,277.9217529296875,75728200
2020-11-05,284.3343764088737,286.1361222422199,282.8523089860315,285.1674499511719,52054200
2020-11-06,284.5087549740563,286.1070584804433,280.7503014293423,285.38055419921875,40959800
2020-11-09,288.32530190451445,289.7686437219522,279.0938561409173,279.54913330078125,86537100
2020-11-10,276.23628364657446,277.6795958660681,271.82880709067126,274.5411071777344,69024900
2020-11-11,277.0693669206462,281.1571656536971,274.502390958768,280.6825256347656,36102900
2020-11-12,281.6511637574786,282.92012208911024,278.251114568853,279.3650817871094,34414600
2020-11-13,281.0797164422533,282.4358520497761,278.85175192275096,281.8158874511719,24806900
2020-11-16,281.51554881549146,284.3150260486792,280.9052805155767,284.0147399902344,30168400
2020-11-17,284.20846558476273,284.5378106410221,282.4745337765864,283.1138610839844,21843500
2020-11-18,282.56176059311866,284.1794270021254,280.9343684385514,281.02154541015625,28069600
2020-11-19,280.4694025203273,283.53041071580213,279.801016229081,283.2204284667969,22718400
2020-11-20,283.14291540781056,283.8888120349206,281.19590409077864,281.2830810546875,25907300
2020-11-23,282.2807289522488,283.5787459671064,279.0453678146442,281.2926940917969,26875600
2020-11-24,282.3582195611219,285.7389052750996,280.5565036536402,285.244873046875,24516800
2020-11-25,286.3105113640674,287.63758783613304,285.3612017599633,286.9982604980469,23326800
2020-11-27,288.9646482388764,290.766394193567,288.5674890254149,289.6427307128906,17163100
2020-11-30,289.9624154672609,290.57268385708966,285.54527134088045,290.233642578125,27836200
2020-12-01,292.5099957388558,295.580700148202,291.4056950513416,293.95330810546875,27521300
2020-12-02,292.7812643215923,294.6701875289278,290.9407924763781,294.3311462402344,23620000
2020-12-03,294.6410798606101,296.2975012915029,294.0211153709579,294.74761962890625,22828700
2020-12-04,294.7960385433814,296.0940854857261,294.11798564616987,295.9487609863281,19332100
2020-12-07,296.13280909167764,297.9926729683618,295.94875898444985,297.62457275390625,20851000
2020-12-08,297.1499514704541,298.9323051185966,295.39665681151627,298.63201904296875,18341500
2020-12-09,298.4189011189299,298.69979481909945,290.8051209953174,291.87066650390625,48839300
2020-12-10,289.8363613918177,294.1663267212679,288.7514534047428,293.04266357421875,27519500
2020-12-11,291.3863711550603,292.5197309824504,289.1196810618188,292.393798828125,26760400
2020-12-14,293.5852508614624,296.4622093940941,293.5174662526388,294.51519775390625,28804800
2020-12-15,296.7721080967041,297.6632995605469,294.58289938451566,297.6632995605469,25709000
2020-12-16,298.0605155236534,300.0850373345108,297.0143327553648,299.3004150390625,25461900
2020-12-17,300.8986760631826,301.489551966405,299.69753189169325,301.257080078125,23730500
2020-12-18,301.8964086719276,302.2063908986977,297.97326817060343,300.3465270996094,41173400
2020-12-21,297.3973631952513,300.3183610169851,294.621953268842,299.7846374511719,37095500
2020-12-22,300.6871579747628,301.5217119401252,297.77587362376966,300.5998229980469,26176300
2020-12-23,300.648373802603,301.0074275167308,298.9307264613216,299.08599853515625,21201300
2020-12-24,299.3478768571178,300.85202816241014,299.2702556605994,300.4056396484375,16785000
2020-12-28,303.01619467615234,303.90900161906035,301.1820712281084,303.4334716796875,22497700
2020-12-29,304.76293275220297,305.384020951037,302.8026786529743,303.7051696777344,25871900
2020-12-30,304.8696860401446,305.1899142726101,303.0937860874924,303.7148742675781,18138100
2020-12-31,303.61789034040464,304.94737234171106,302.54072916800163,304.462158203125,21611400
2021-01-04,305.79155655946084,305.966256109057,296.15521351065706,300.1630859375,45305900
2021-01-05,299.17328947709655,302.9094436130417,299.17328947709655,302.6376953125,29323400
2021-01-06,297.9214865515366,302.657181369342,296.931660352125,298.4455261230469,52809600
2021-01-07,301.10447226511286,306.50005089493783,301.07536060260054,305.6654968261719,30394800
2021-01-08,307.955616408928,309.94501156793547,305.7624396631824,309.5956420898437,33955800
2021-01-11,306.6359360476084,307.8101459644931,304.47187033960773,305.1220703125,32746400
2021-01-12,305.16078959774694,306.24766425141934,301.9972143626177,304.63677978515625,29266800
2021-01-13,304.89885464410844,307.4898814906033,304.29719386672366,306.69415283203125,22898400
2021-01-14,307.14049162666987,308.14003137848067,304.57854724429166,305.0540771484375,23500100
2021-01-15,304.8405860696371,305.8013004189801,301.3955485198215,302.6376953125,35118700
2021-01-19,304.9570636604137,307.5578041442249,303.8604750494848,307.0531921386719,24537000
2021-01-20,310.6728966508946,315.1368426570693,307.150237563624,314.1955261230469,30728100
2021-01-21,315.5346831419662,317.45614139482274,314.15669185783963,316.7088928222656,25130600
2021-01-22,315.67053151647127,316.80591568878657,315.1076666936056,315.79669189453125,21609400
2021-01-25,319.1835564070513,320.5518637811298,311.9053445971359,318.4071960449219,39080600
2021-01-26,319.1253371802444,320.0084304450032,317.54353438815554,318.8730163574219,25498100
2021-01-27,316.611897036331,316.6215811795314,307.97506282722816,309.9838562011719,55264000
2021-01-28,311.1871598518047,316.7671208529013,310.5660717164288,311.81793212890625,42836300
2021-01-29,310.1294121394821,311.235714435012,303.51111472813875,305.25787353515625,55259000
2021-02-01,308.7029249278173,313.9723729785077,306.6747333830526,312.885498046875,35646000
2021-02-02,315.8549744562765,319.1447105842034,315.6899886351456,317.9898986816406,33930800
2021-02-03,320.0665767609733,320.4353441471031,316.67007868994455,316.7283020019531,24824500
2021-02-04,318.1257625951368,320.56151710841505,316.8059649139539,320.47418212890625,22350900
2021-02-05,321.42522112926486,322.5703192674995,319.785195145218,321.5610656738281,22732000
2021-02-08,323.2496370050291,323.8706956486756,321.6096109896816,323.7154235839844,20462800
2021-02-09,322.7837962138844,324.9090361637729,322.7740824558569,323.6474914550781,17597500
2021-02-10,325.0836305966017,325.539732891193,319.7559909376321,322.9098815917969,28068700
2021-02-11,324.4431230232305,325.09332269927614,322.2984858134742,324.68572998046875,22046100
2021-02-12,323.8414956197697,326.66544444457844,322.7934464879868,326.50048828125,20346800
2021-02-16,327.2962838649213,328.18909077277544,324.4529365592832,325.6174621582031,27080800
2021-02-17,322.63823695362333,325.7339050132803,320.40626413257564,324.0550537109375,31360300
2021-02-18,320.46452538587374,323.996868746866,318.6497997171961,322.6382751464844,32236200
2021-02-19,323.98715273983385,324.1133131474082,320.2122023472819,321.23114013671875,39157700
2021-02-22,316.84478199958846,318.10632671280536,312.7010645779116,312.90484619140625,47256900
2021-02-23,307.62567744455066,313.6423429188487,301.80310941720904,311.97320556640625,97241900
2021-02-24,309.31420922120384,314.8553743878626,306.6164205834435,314.5448303222656,58206300
2021-02-25,311.8858391005568,314.4477533739853,302.035972157012,303.5789489746094,110182600
2021-02-26,306.5096737454074,309.67324872222144,301.6866456522158,304.8502502441406,104739800
2021-03-01,309.82858676351515,314.3604992835473,308.5379303464416,314.0208435058594,49164500
2021-03-02,314.66126235235896,314.7388835576029,308.7319618013117,308.9842529296875,48370000
2021-03-03,307.8876737724334,308.8289900952509,299.95929378040034,300.0175170898437,86301100
2021-03-04,299.6487739285468,302.81237886774767,291.2351496528969,295.107177734375,139131600
2021-03-05,297.7273481302888,300.45424889515215,288.6538685115001,299.5517578125,121523700
2021-03-08,299.0082847367922,300.89091751487416,290.6529134776161,291.0701904296875,88409800
2021-03-09,298.37749497943514,304.4523836677571,297.84377143149953,302.5503234863281,80391100
2021-03-10,306.81047285777106,307.1113031223056,300.9976195084077,301.6866149902344,76798100
2021-03-11,306.4320580789124,310.4011052935316,305.5392808474941,308.63494873046875,53484800
2021-03-12,304.57856513949434,308.819361034418,302.18163603796603,306.1312561035156,69315600
2021-03-15,306.45144023031384,309.5665055519443,304.8114146812217,309.4015197753906,42955700
2021-03-16,311.5947507990918,314.6127975485344,309.66360838343024,311.0998229980469,54925900
2021-03-17,308.06238098379487,314.2731142716138,306.34470446712464,312.3807678222656,78258700
2021-03-18,307.499625364563,308.47976747120003,302.3563669750398,302.8124694824219,82718100
2021-03-19,302.6474505114344,305.4228906780731,300.502812392977,303.8799133300781,78446200
2021-03-22,306.275026373792,311.6482714100857,306.275026373792,309.5786437988281,56194800
2021-03-23,310.66685717260526,311.98829200966463,307.4118112528378,308.2279968261719,53455400
2021-03-24,309.5980522025797,309.63692665692946,302.88392094777663,303.0296630859375,64803700
2021-03-25,301.183569771648,304.0208122934493,298.67671568016254,302.5050048828125,78729000
2021-03-26,302.29114110628734,307.3631741488765,300.8919871848112,307.04254150390625,63519600
2021-03-29,306.508186738678,308.0045121611311,303.6126478940597,306.95513916015625,54608000
2021-03-30,304.99238280868605,305.9834588710033,302.70899076791363,305.4101867675781,44635700
2021-03-31,307.1980797488735,311.64824126196385,306.85799497643245,310.0838928222656,55032500
2021-04-01,313.9121484469208,315.50564499647913,313.65950901183203,315.36962890625,55685600
2021-04-05,317.8570885839044,322.4335693371832,317.61417515205807,321.6659545898437,42172500
2021-04-06,321.35502909319854,323.3954780790689,320.6651336373876,321.4424743652344,33537200
2021-04-07,320.9663764505816,323.0554557758428,320.0335971350939,322.2198181152344,32046400
2021-04-08,325.0765072684589,325.76637319412697,324.2797440007736,325.5817565917969,29940800
2021-04-09,324.2214639989232,327.7582984037376,323.48302720373306,327.5542297363281,36664900
2021-04-12,326.51453186474566,327.5444824593808,325.241667834536,327.1266784667969,25833000
2021-04-13,328.65213334600145,331.4116262566293,328.4383683489273,330.9452514648437,30374000
2021-04-14,331.18816484572426,331.31448456932304,326.15500586820826,326.97119140625,42564300
2021-04-15,329.8472514057743,332.3152598721394,326.6893771806176,331.92657470703125,36342800
2021-04-16,332.4512931924365,332.5290420904946,330.4399630035412,332.3152770996094,40860100
2021-04-19,330.74122393979405,331.8974645861227,327.350132293735,329.2740173339844,34533100
2021-04-20,328.6132918560866,329.89585219892405,324.9015676206734,326.8740234375,38081800
2021-04-21,325.5914363777287,329.8570103749385,324.5031889727736,329.6723937988281,36598100
2021-04-22,329.2837691370076,330.2651193071861,324.5420938684504,325.6983642578125,45936100
2021-04-23,326.32992548717107,331.1104454433761,326.32992548717107,329.7987365722656,36381900
2021-04-26,330.0416423916849,332.22786332972856,329.2934500263865,331.9460754394531,30812000
2021-04-27,332.2375993362722,332.4513643729262,329.55585482941194,330.508056640625,33187200
2021-04-28,330.1776009932666,331.1881290202285,328.739543018456,329.3905639648437,33615700
2021-04-29,332.66513020900504,333.0829342558484,327.350182362288,330.5760803222656,37708900
2021-04-30,328.12748248561445,330.6149137077244,327.4958838275435,328.40924072265625,38263400
2021-05-03,329.6141140387122,330.3622767552804,326.21332589564315,326.6602783203125,29729700
2021-05-04,324.1048387023454,324.42550106130835,316.9631773518331,320.78179931640625,65147000
2021-05-05,322.83194266093653,323.6967286893843,318.9259054517287,319.7032165527344,46219300
2021-05-06,319.4408977324828,322.2684137156212,317.19637993239184,322.1129455566406,46814300
2021-05-07,324.8919406963409,327.10731061292523,322.2879151132997,324.7267761230469,53324500
2021-05-10,323.3469386960708,323.5218292571474,316.32187130096383,316.52593994140625,60700500
2021-05-11,310.6376607081933,316.8853860973373,309.9769137393265,316.088623046875,71963600
2021-05-12,311.1526683630165,313.4749052369799,307.0425626251222,307.9073486328125,91164900
2021-05-13,310.8515397545792,313.2612225343855,307.9171258949411,310.2879638671875,69877800
2021-05-14,313.45563655852567,318.0515417373547,312.95035741994275,317.1382141113281,44370000
2021-05-17,315.42790681967466,317.1185745622135,312.338055547961,315.2141418457031,39395000
2021-05-18,316.1664594524912,317.39072313577907,312.8142418199266,313.0863037109375,36528500
2021-05-19,307.68384085880683,313.74694999804194,307.33403013403495,313.4457397460937,66319100
2021-05-20,314.93242996409725,320.3639712349336,314.7089685641255,319.5089111328125,46466100
2021-05-21,321.06357916019977,321.48138320510816,317.3810323655102,317.74053955078125,50330400
2021-05-24,320.03361797772294,324.2117472478319,317.63363182600995,323.0846252441406,32475800
2021-05-25,324.60034962891825,325.3193638580735,322.35583201667487,323.5315246582031,31280300
2021-05-26,324.2020129306778,325.1250662561818,323.5121470301397,324.65869140625,25444900
2021-05-27,324.2117677106488,325.0571018536406,323.2401138170907,323.44415283203125,27931700
2021-05-28,324.64894153321643,326.05785131144694,324.1436922653949,324.4643249511719,29927400
2021-06-01,325.7955162529955,326.2716467918246,322.0352206878219,323.3858337402344,31145400
2021-06-02,323.8036604941181,324.8627596813174,322.2976088179456,324.0174255371094,22047900
2021-06-03,321.18005797338645,322.4529217076234,318.97441516614265,320.6456604003906,37057800
2021-06-04,322.4433040394962,326.5339580391528,322.3752811601444,326.0870056152344,38736500
2021-06-07,325.55260407382696,327.11698216036723,324.8627381568233,327.0586853027344,32611900
2021-06-08,328.8076693181053,329.6724555104515,325.5332004644364,327.21417236328125,27282800
2021-06-09,328.5841556688603,329.3614667936216,327.1072230182878,327.2918395996094,21485300
2021-06-10,327.6319628649627,330.8092602680265,327.1850103982906,330.702392578125,33702100
2021-06-11,330.7120481305423,331.57683418036817,330.06105673917364,331.5671081542969,21222800
2021-06-14,331.99458852527647,334.75408113772795,330.80916997004954,334.744384765625,27827700
2021-06-15,334.39457636584274,334.70551263059326,331.8391226851063,332.55816650390625,35963800
2021-06-16,333.0246004757765,334.09342554312184,327.8845734311439,331.3436584472656,55399500
2021-06-17,330.3331574569754,336.5614621350719,330.2845866259421,335.5509338378906,59722700
2021-06-18,333.8893783462485,335.0359226391547,332.1695322543703,332.917724609375,55414900
2021-06-21,333.1094170875713,335.3079118215076,330.8914774193861,334.98687744140625,32992600
2021-06-22,334.7825427926649,338.5569374570642,334.4809830868212,338.1094665527344,28941600
2021-06-23,338.0510901901736,339.4227147815621,337.43823349115786,338.2748107910156,27188500
2021-06-24,340.2106844969663,341.89357650208746,339.6659295524635,340.3663330078125,32581600
2021-06-25,340.9305468413678,341.1737420832244,339.3449091145559,339.9480285644531,28682800
2021-06-28,341.23203487970994,344.218478947172,341.1736704088792,344.082275390625,39130300
2021-06-29,343.90720192915234,345.3566358503896,343.0706246741043,345.32745361328125,29426000
2021-06-30,345.1717907003328,345.5609267614072,344.1990099214737,344.7826843261719,32724000
2021-07-01,344.432585316632,345.4248112767706,343.0804054395295,344.9189758300781,29290000
2021-07-02,346.815792604702,349.1991173877625,346.5823347175793,348.87811279296875,32727200
2021-07-06,349.481246256875,350.6680400425914,346.78662439075447,350.38592529296875,38842400
2021-07-07,352.5844459954386,352.8860056968473,349.16997556649414,351.1252746582031,35265200
2021-07-08,346.0570830851468,349.8606601338512,344.77303480273366,349.0046081542969,50890000
2021-07-09,348.42096049265064,351.6603079434124,347.83728599436506,351.18365478515625,35184500
2021-07-12,352.5844800936528,353.01250610225594,351.00854996002107,352.5552978515625,25717700
2021-07-13,352.17589901746976,355.522267982775,351.6992458343561,352.5552978515625,39723000
2021-07-14,354.899573864902,355.541612696832,352.3606304579578,353.1875,35336400
2021-07-15,353.09997122571923,353.3042468731419,348.7029831874876,350.7069091796875,53391600
2021-07-16,351.5629489321896,352.5454669666396,347.51617754392333,347.86639404296875,47262000
2021-07-19,344.4131166849665,345.5123640143754,342.4578469740218,345.0162658691406,64404600
2021-07-20,345.95011731510454,350.47354310009524,344.16991143194593,349.02410888671875,42183700
2021-07-21,348.596070329508,351.7186889648437,348.3723200166827,351.7186889648437,30259900
2021-07-22,351.9228944250572,354.05328672232565,351.9228944250572,354.0435791015625,30252200
2021-07-23,355.36656660065574,358.46000254973995,354.0144166690524,358.17791748046875,31960800
2021-07-26,357.4871802095635,358.84909697820405,356.62142079889423,358.4599609375,28438100
2021-07-27,358.19731473782406,358.19731473782406,350.35670457892274,354.5104675292969,57933100
2021-07-28,355.64874640632365,357.4483972284658,353.35296776478486,355.8724670410156,42066200
2021-07-29,355.3081991132016,357.67204941160026,355.3081991132016,356.5047302246094,25672500
2021-07-30,352.57470051486854,355.2304029743744,352.5455182762769,354.646728515625,36484600
2021-08-02,356.31016802102414,356.8938424675399,353.9657626135782,354.6759033203125,27334100
2021-08-03,355.33745188221,356.9425346372398,352.1467313053729,356.8258056640625,35558500
2021-08-04,356.7868163925877,358.2946444999458,355.6778616771782,357.34130859375,29602200
2021-08-05,358.15844650154094,359.84136806061525,357.44833548012485,359.60791015625,21443900
2021-08-06,358.34330996498073,359.3160909045656,356.92305810552386,358.0320129394531,33332100
2021-08-09,358.4892370994956,359.2188228366064,357.39001952592776,358.69354248046875,25960200
2021-08-10,359.2091235641305,359.5009459909908,355.6681864546511,356.85498046875,35130800
2021-08-11,358.11955502519976,358.615653069736,354.9093604200938,356.2420654296875,34249800
2021-08-12,355.7362706828641,357.8861082863585,354.3840909023711,357.52618408203125,25969200
2021-08-13,357.8763573210079,359.1117782999788,357.38022959301173,358.7810363769531,19336200
2021-08-16,357.6623963503767,358.9756269252052,353.8004546682882,358.9367370605469,34856900
2021-08-17,356.183728364188,357.1565092853994,353.3432246989245,355.7751770019531,44793900
2021-08-18,355.2401125324258,356.640919366294,352.0202102136237,352.3509521484375,38541900
2021-08-19,350.41512328504285,355.72649847904336,350.16219076111844,354.0533142089844,48499400
2021-08-20,355.1234258544651,358.1196079285091,354.81212881278674,357.72076416015625,39486000
2021-08-23,358.76160274815857,363.761711084544,358.7518951257561,363.071044921875,34034700
2021-08-24,363.664328546299,364.7830203992149,363.1973831291476,364.1799011230469,21732900
2021-08-25,364.4328799707882,365.1722028869527,363.6838197467014,364.5982360839844,20441900
2021-08-26,363.74225242568974,364.42318125334026,361.8453177686198,362.2830810546875,29133300
2021-08-27,362.9154047521604,366.3104008483986,362.4290142656199,365.8045654296875,27104700
2021-08-30,366.5925420840125,370.3961195255284,366.5730674635179,369.9097290039063,27295700
2021-08-31,370.1529092840911,370.22098139230286,368.0614063762248,369.608154296875,29628200
2021-09-01,370.6684478607396,372.292975362787,370.0166715859791,370.220947265625,28138300
2021-09-02,371.5731411382523,371.9038830992487,368.82989173085343,370.0458679199219,25453400
2021-09-03,368.8979495780037,371.5828341834488,368.8785046485857,371.1839904785156,24605400
2021-09-07,371.29097041204267,372.36103523459263,370.1333588794996,371.7092590332031,23970200
2021-09-08,371.534158274516,371.534158274516,368.1489001406612,370.41546630859375,32949200
2021-09-09,370.6392652350587,371.74822003890034,368.8979790881083,369.1411743164063,29399000
2021-09-10,370.8532559905493,371.5731043233424,366.00879664599177,366.3395385742188,40249400
2021-09-13,368.6742402764313,369.1022662665238,364.0340858632373,366.0866394042969,48741800
2021-09-14,367.5750444595705,368.3046302692142,364.0925012571172,365.04583740234375,41826600
2021-09-15,365.5029670855358,368.110012693083,363.2071887944287,367.7597961425781,34097900
2021-09-16,366.42711865989975,368.5866935418709,364.50103139146495,368.01275634765625,35193100
2021-09-17,367.536109825172,367.5847369984565,362.6138405372607,363.6546936035156,60912300
2021-09-20,357.8543224639495,359.5975388955157,351.4950225586661,356.1403503417969,76203200
2021-09-21,357.97122509015963,359.1690828510137,355.448932811139,356.57861328125,41927500
2021-09-22,357.49402829718525,361.3699992426312,356.39356246705603,359.9092102050781,46972900
2021-09-23,361.0680727340456,364.2623299533164,360.4253220489707,363.2300415039063,44652000
2021-09-24,360.9609867483435,363.9897049876901,360.5909154149349,363.5709228515625,36056800
2021-09-27,360.52278078602615,361.54532132203445,358.1173467523428,360.6688537597656,43338100
2021-09-28,356.11113975261696,360.6200833019486,349.9563419053026,350.4627380371094,97701600
2021-09-29,351.7287920176929,353.8712647405764,349.2649290684883,349.88818359375,58076600
2021-09-30,351.53404863767764,353.1993399840683,347.76521730224164,348.60272216796875,61384600
2021-10-01,349.2259637636525,351.8066850595702,345.11627617776213,350.7646484375,56375500
2021-10-04,349.1480469939881,349.47915560995733,341.1624180751223,343.4022827148437,76766000
2021-10-05,344.46379528915065,350.28748511975874,344.2398266509391,348.0378723144531,47232900
2021-10-06,344.8241354962824,350.5407153415428,343.91845335494315,350.2680358886719,56806500
2021-10-07,353.31618131220625,356.1306492666676,352.78057052577225,353.48175048828125,39411200
2021-10-08,354.5627386698424,354.7964851494315,351.18344515914026,351.7190856933594,41822300
2021-10-11,350.18038033681086,353.7057766351292,348.933841385526,349.0215148925781,34847200
2021-10-12,350.47253401065484,350.91075291923903,347.1614179154173,347.8041687011719,43905100
2021-10-13,350.1122043879703,351.2613513537217,348.0865601813886,350.5893859863281,40120800
2021-10-14,354.1828719438457,357.26027073096054,353.5206547885975,357.0460205078125,43433900
2021-10-15,358.26336581135484,359.41251265828066,357.23107732583475,359.295654296875,40419900
2021-10-18,358.00043181770434,363.12294165828496,357.3966437582866,362.90869140625,34513500
2021-10-19,363.9799290049962,365.7036493408783,362.9573885840173,365.6549682617188,29091000
2021-10-20,366.1126920790637,366.7262282342256,363.697510154571,365.17779541015625,31390300
2021-10-21,364.37920970487227,367.6026817027361,364.0773156908001,367.4078979492188,25469300
2021-10-22,366.1516305037976,367.11574170095486,362.6554791813564,364.3207702636719,36275800
2021-10-25,365.7426172617712,368.9660893516635,363.7948985503037,368.0506591796875,32597800
2021-10-26,370.29044114977336,372.7055925983246,368.0310809974088,369.2094421386719,47191300
2021-10-27,369.6575857954076,373.1342714359224,369.3946544225328,370.0666198730469,45760500
2021-10-28,371.96558899795286,374.4294519539126,371.1962317932567,374.1762390136719,38007000
2021-10-29,371.0988072921813,376.1823538189164,370.74823222404666,376.0167846679688,37310100
2021-11-01,376.4550542803628,377.4289135949788,374.371010801395,377.3023071289063,30765300
2021-11-02,376.6888818155056,379.35727733199394,376.6402007233855,378.8800659179688,25135300
2021-11-03,379.366954369954,383.3208215418656,378.3249472974304,382.9020690917969,33748900
2021-11-04,384.16804775184016,388.76466508058655,383.62268889248287,387.8102722167969,40265300
2021-11-05,389.5827187862258,390.5078673750393,386.7779989872117,388.1803588867188,43383800
2021-11-08,388.1510966837499,389.1736370301284,387.0116682602248,387.6544189453125,29256300
2021-11-09,388.7257311225047,389.1250170525933,383.6227172527673,384.9861145019531,50490700
2021-11-10,382.2106493224034,385.0250878979675,377.399780886825,379.3280334472656,54937400
2021-11-11,382.307982488832,382.4832700438079,380.0388734989367,380.3797302246094,32243000
2021-11-12,381.5288632455621,384.91790445067977,379.931749380963,384.3822937011719,34730600
2021-11-15,385.5607128988306,385.882073452676,381.85031063254206,384.294677734375,33716900
2021-11-16,383.5642223992066,387.5278370148919,383.3694683646207,387.03118896484375,27872900
2021-11-17,387.3526066729908,389.2711110299696,386.2716369198881,387.2357482910156,28703300
2021-11-18,389.2808006923199,391.7543819923216,387.0604026086429,391.24798583984375,45721500
2021-11-19,392.88408448146737,394.7051967758908,392.0562980604122,393.429443359375,45191700
2021-11-22,394.968147228853,398.0260501607681,388.754919765361,388.8620300292969,61715400
2021-11-23,387.7031365607054,389.7677433739756,382.6488338112949,387.0896301269531,70098700
2021-11-24,384.6062835167824,388.6185794667373,382.2787750183622,388.336181640625,46954400
2021-11-26,385.7554086026322,387.1480500448215,379.5811439582013,380.9737854003906,51533300
2021-11-29,385.5411376542932,390.25461267338414,384.81074324538775,389.2417907714844,54447100
2021-11-30,388.35569496486977,390.7026999549179,381.50946378503824,383.5253601074219,81332700
2021-12-01,387.8687011708482,390.0112036312193,376.5329937782519,377.00042724609375,77766500
2021-12-02,375.715012025759,381.4997402769782,374.2931853682721,379.7175903320313,84416600
2021-12-03,381.0809397961717,382.0840138429691,368.9953404301028,373.1147766113281,105349100
2021-12-06,373.6017271586941,377.4679505875156,369.3848988532897,376.10455322265625,67588800
2021-12-07,382.7559977665685,388.0440477142543,382.7170350650487,387.4305114746094,56005300
2021-12-08,387.7616102364316,389.3684723018924,385.8625725191767,389.1639404296875,39204000
2021-12-09,387.9369397812112,389.7385858095231,383.2429298341032,383.4377136230469,49973700
2021-12-10,386.2521255589691,387.86873579248993,383.0773342806232,387.6058044433594,52545800
2021-12-13,387.5959541531477,387.9173146062508,381.6359407188289,382.0060119628906,50166400
2021-12-14,377.17568792916825,379.8927636467685,373.601641008293,378.05218505859375,75199200
2021-12-15,377.7989633010962,387.0311597752371,373.8450970872778,386.6708068847656,73858000
2021-12-16,387.6349580457265,388.0634585086273,375.1403267785627,376.7277221679688,82591400
2021-12-17,373.3094911519789,379.0163223910711,371.7902729452207,374.8482055664063,80492500
2021-12-20,370.1198644646356,372.0018061718152,368.0721421488305,371.21197509765625,65336800
2021-12-21,374.4883615195796,379.8319376180265,370.7342381114431,379.5198974609375,48899500
2021-12-22,379.2274085434833,384.3467006061864,378.5643454753264,384.1419372558594,37042200
2021-12-23,384.4929594328093,388.5103800543108,384.3272085449706,387.0379943847656,29595500
2021-12-27,388.3348913826721,393.4346923828125,388.3056394738212,393.4346923828125,32820700
2021-12-28,394.33178321247823,394.5072946711263,390.7336495212335,391.6112365722656,33113700
2021-12-29,391.7477364133884,393.01535875380046,389.1734495120229,391.5527038574219,32248500
2021-12-30,391.3381810335833,393.5224325868595,389.79753096522217,390.3825988769531,23850100
2021-12-31,389.7097280198748,391.0748664766359,387.4474815727928,387.9447937011719,34752900
2022-01-03,389.11494751871527,391.9330102493387,386.9989900897427,391.6794738769531,40575900
2022-01-04,392.22554806353065,392.2645605283282,383.4983912453861,386.5992126464844,58027200
2022-01-05,384.9122539075164,386.0336464702579,374.4689062551625,374.7224426269531,75739800
2022-01-06,372.8990259695072,377.7062782112444,370.66603102709007,374.4591674804688,70814300
2022-01-07,374.4688727948862,376.15581200805264,368.6280142727688,370.4026794433594,72652300
2022-01-10,365.4881493903502,371.1632565479226,360.1153218117544,370.64642333984375,91770500
2022-01-11,369.91519684692526,376.3801368933797,367.8284911278639,376.2143859863281,68295700
2022-01-12,378.7885880822106,380.4852879183951,375.4244998316744,377.7062377929688,54576400
2022-01-13,379.0908590373564,379.77344317810594,367.3213860700656,368.2574768066406,77994000
2022-01-14,365.7319082284901,370.880451143912,365.527115162317,370.5489196777344,80121200
2022-01-18,364.727654753558,366.8533728528349,360.5639445252238,361.3245239257813,75450900
2022-01-19,362.8846844846439,365.3614551806784,357.09256854445846,357.3558654785156,81791500
2022-01-20,360.58338359048287,364.5617911440568,352.1779996318426,352.7142944335937,88610700
2022-01-21,350.5203533238867,353.1628747001155,342.6512632495949,342.9340515136719,143388900
2022-01-24,337.2980294800405,345.16712126556564,325.8308036738565,344.5040283203125,198685800
2022-01-25,338.0390718156495,342.2905078911243,333.17328614629656,336.51788330078125,124398400
2022-01-26,344.123690517999,347.9948515994439,332.2956833689828,335.9913330078125,146559500
2022-01-27,340.70104092392484,342.524479086712,331.5838203522021,332.6076965332031,95255700
2022-01-28,334.4896757779031,343.2558447119424,329.5361642262604,343.04132080078125,108167900
2022-01-31,344.4064573705001,354.5962678146219,342.7682614012825,354.0111999511719,94326400
2022-02-01,355.3568189163636,357.0730099109139,350.19854489470055,356.419677734375,74433000
2022-02-02,360.554226724109,360.8857582944778,355.22041017223074,359.3158264160156,78777100
2022-02-03,349.6038284857746,352.9191741669903,343.68494357597973,344.747802734375,95384800
2022-02-04,345.2645621512683,352.4023254239312,343.207108479274,349.09674072265625,86318300
2022-02-07,349.69146081291944,352.0609541488417,345.03046929383225,346.2883605957031,58198100
2022-02-08,345.14754076770663,351.271188035829,344.01641741782544,350.1790771484375,64720900
2022-02-09,354.703612204326,357.6776655865055,353.10442839013047,357.59967041015625,55766400
2022-02-10,350.569053870578,357.3655236304993,347.6632656935463,349.5061950683594,112468500
2022-02-11,349.5061985407709,351.1053819155982,337.19064157192065,338.4192810058594,101569100
2022-02-14,337.8634589252005,342.2416920189608,335.32821470648094,338.83856201171875,80254400
2022-02-15,344.1237159267621,347.49756507878647,343.0608568798403,347.2635498046875,55128800
2022-02-16,345.0110204438952,348.1995971865706,341.9784340259493,347.1757507324219,58947100
2022-02-17,343.9579074658108,344.6599829891484,336.4301092602764,336.84942626953125,61801400
2022-02-18,337.7854761541738,338.175511451522,330.69648716812225,333.0074768066406,80001500
2022-02-22,330.0626987465813,335.4745397892179,326.0257866533956,329.66290283203125,85967100
2022-02-23,332.8222278657884,333.6608023252314,320.9064656967874,321.218505859375,86215400
2022-02-24,310.9019001294283,332.5492030316279,310.33635336792406,332.01287841796875,130614100
2022-02-25,332.81245572798264,337.36620055902915,328.99006802157845,337.1614074707031,78842100
2022-02-28,333.9826002608115,339.8624712556977,332.82222509405494,338.165771484375,77515500
2022-03-01,337.1419251517255,339.41390247219204,330.46246240395885,332.98797607421875,67407000
2022-03-02,334.53834589900805,339.91117330085154,331.76905676987656,338.5752868652344,70609000
2022-03-03,341.21785544182995,341.3251322678193,331.87637988452127,333.73883056640625,71089400
2022-03-04,331.37905306401075,332.8124558940744,326.58156219940497,328.9022827148437,76936300
2022-03-07,328.89258994129545,330.0529652120573,316.56727033709245,316.77203369140625,89933800
2022-03-08,315.9822371257894,324.9141876219053,311.9745765337124,315.2996826171875,116153900
2022-03-09,323.490485951838,328.0052185200381,320.89670787410046,326.6498107910156,64723400
2022-03-10,322.58365182906795,324.231578638448,318.57596215253807,323.0224304199219,69362700
2022-03-11,325.99649214897937,326.3085322987516,315.83590423569774,316.3234558105469,66228400
2022-03-14,315.0850067193687,318.4588544413332,309.5464293561692,310.2485046386719,79802600
2022-03-15,312.8911131338504,320.76020293767067,311.2821988385406,319.9801025390625,76471000
2022-03-16,323.90005210036475,331.9641450771997,320.22389388851906,331.8471374511719,105243000
2022-03-17,329.9457391281935,335.92312784795433,328.6488646743437,335.8646240234375,67810000
2022-03-18,334.20689044402786,343.031593029685,333.04651515402674,342.7390441894531,85446300
2022-03-21,341.903345410692,344.12932822908505,337.39277383630923,341.7861633300781,73799100
2022-03-22,342.2840616925666,349.3720723502091,341.9033167948213,348.5031433105469,63345900
2022-03-23,345.6230963393139,349.1866175882123,343.4361443131073,343.4947204589844,70615500
2022-03-24,345.4179830590096,351.1782278397328,343.26034931867883,351.12939453125,53555300
2022-03-25,351.07094402621954,352.1253744140427,346.5311132089546,350.8366394042969,57584200
2022-03-28,350.8267545724076,356.3624378514923,349.5868532851872,356.2648010253906,56833900
2022-03-29,360.16024102965406,363.0208181122891,357.38752814675536,362.39599609375,68073000
2022-03-30,360.5313071002708,362.19104395337257,356.90920984872275,358.3931884765625,68757700
2022-03-31,358.5396530113968,358.89113969104164,353.1113781818224,353.9510192871094,67011400
2022-04-01,354.2145612530259,354.9955963044331,350.0945372985119,353.2773132324219,54527800
2022-04-04,354.116910666194,360.5605538710006,353.853318050364,360.55078125,45950200
2022-04-05,359.0961285250943,359.80884465763893,351.40281060290806,352.54510498046875,62738700
2022-04-06,347.2242010427976,348.32743469763415,342.254793079728,344.8908386230469,90077100
2022-04-07,343.8949877151884,347.9076322076177,340.4291035387786,345.7109375,63777400
2022-04-08,343.97305469649973,344.7248015959363,340.24354867652124,340.8781433105469,61956100
2022-04-11,336.6409865518988,337.55871907554007,332.4721593012214,332.8138732910156,66107400
2022-04-12,337.56858807236847,339.45285717276306,330.031481876206,331.4080810546875,72790200
2022-04-13,331.7496613145582,339.1989009456193,331.02720246097056,338.1445007324219,61367800
2022-04-14,338.2324132046599,338.7498556618064,330.1973812886287,330.41217041015625,73519400
2022-04-18,329.3577046709753,332.9602857065273,327.8346656732138,330.6659545898437,58560600
2022-04-19,330.021699135056,338.632750858376,328.996586699006,338.0567321777344,56515700
2022-04-20,338.867043723454,339.32591008631806,331.9059566801375,333.1263427734375,65500000
2022-04-21,337.0119760512291,339.6284760109033,325.3060451924478,326.2335205078125,75801000
2022-04-22,326.38973999892653,327.61012580245654,317.261248229607,317.6908264160156,82562100
2022-04-25,316.0605277266985,322.0843376561741,314.7913081321544,321.7719116210937,101755900
2022-04-26,319.711843701303,319.897344756738,309.3531918474593,309.6265869140625,105819600
2022-04-27,309.72413274416107,315.2305275853698,307.5372110002012,309.2555236816406,111204200
2022-04-28,314.22497868466263,322.07450941557096,309.9975450915038,320.2390441894531,99450000
2022-04-29,316.0311428189028,319.4775113894947,305.1941101284399,305.8287048339844,91977900
2022-05-02,305.41861632748777,311.1690884730308,302.31396202752575,310.9347839355469,115511800
2022-05-03,310.9542672345056,313.5610241228178,308.4939804615532,311.2666931152344,78185500
2022-05-04,311.7451265203297,322.4650067004025,306.4535500868213,321.7913513183594,116083400
2022-05-05,317.46628361196514,317.54437519110047,302.2846668598275,305.5845947265625,154607400
2022-05-06,303.5831986023181,307.6251010794672,297.8815296423368,301.9234619140625,139572800
2022-05-09,296.290220154795,302.02114833001974,288.7140539539708,290.11016845703125,113387300
2022-05-10,297.29580154636386,298.5161875435893,289.5439073084213,293.6346435546875,124124600
2022-05-11,291.3695773616615,296.8857156817509,284.0570345685375,284.9259338378906,140326100
2022-05-12,280.6399944217165,288.743346062006,278.1894496427652,284.2523193359375,120910900
2022-05-13,288.7140999650767,295.82162832513137,287.1129388965029,294.7867431640625,83684900
2022-05-16,293.03904738876395,295.09907421815444,290.09060587056706,291.3695678710937,59190400
2022-05-17,297.2371907429363,299.29718776465,293.42956303991457,298.9164428710937,62715300
2022-05-18,294.3961591068997,295.0893300011447,282.9831070369367,284.2425537109375,79477100
2022-05-19,282.43634384173583,287.4155240239087,280.76683456184287,282.7194519042969,79920700
2022-05-20,286.18537544979034,286.83948559714514,273.5714538721931,281.8407897949219,91764200
2022-05-23,282.88551754422724,286.9079056408805,280.4838058758091,286.52716064453125,63648400
2022-05-24,281.3038656764981,282.0165520480936,275.5631650354643,280.4349365234375,73491100
2022-05-25,278.9412089113161,286.4392839457674,278.7361923837449,284.3597412109375,67144500
2022-05-26,283.55912528633024,293.79085205707304,283.2759873968097,292.2384948730469,59462200
2022-05-27,295.37245560043664,301.92347892682784,295.2553033183494,301.77703857421875,66985600
2022-05-31,301.7477632296397,303.95420082268697,297.1200393299747,300.9764709472656,60968300
2022-06-01,303.114589743024,305.24293574413247,296.5342780648201,298.75048828125,65341700
2022-06-02,297.62766553503485,307.10761315281087,296.2120062287022,306.931884765625,59291300
2022-06-03,301.70868029341625,303.1145672232682,297.6960657856228,298.9457397460937,60914700
2022-06-06,303.38786560723,304.949965162191,298.37939824777334,299.9414978027344,51785000
2022-06-07,296.61234962090106,303.30984292834245,295.5188886224399,302.5287780761719,44900300
2022-06-08,301.72816192899205,304.3349190093893,299.5021795052735,300.3515930175781,38342100
2022-06-09,298.6626341896184,301.72822838598177,292.1408984338965,292.3068542480469,55900500
2022-06-10,286.69298982151594,287.88408740305573,281.54785466721813,281.9969482421875,85963500
2022-06-13,273.1224312118994,275.65106783972647,268.0260972554114,268.88525390625,94442000
2022-06-14,271.0818923712916,272.0582011258689,266.8642314008186,269.37335205078125,64697500
2022-06-15,272.8001991675697,280.0346206567708,270.0567442180036,276.10009765625,86051400
2022-06-16,269.06095913223686,269.5198254950081,262.9004525180718,264.9604797363281,81910300
2022-06-17,265.7317064975655,270.62302283386526,264.1012875818511,268.1822509765625,82703400
2022-06-21,272.66917493745404,277.2666581686188,272.5615888744379,274.9483337402344,51633700
2022-06-22,272.4442100928576,278.9589289945945,271.847531276866,274.5473327636719,67472900
2022-06-23,277.03187006399634,279.4871248933807,274.1951384635695,278.6361083984375,57457800
2022-06-24,281.46312746316545,288.60390057068963,281.22837246135714,288.1832580566406,58422300
2022-06-27,289.54288937850583,290.1102237972035,284.93564432833216,286.0703430175781,54151500
2022-06-28,286.6083631766049,289.20054888684166,277.16887868740486,277.354736328125,61609800
2022-06-29,277.2178015426309,279.11548405278097,274.7136487182414,277.60906982421875,57302700
2022-06-30,274.6255809015795,277.745995054914,269.76399774105533,274.16583251953125,79313600
2022-07-01,272.8647809750396,276.36667095240887,270.9866522046453,275.97540283203125,56675100
2022-07-05,272.2388051238385,280.81748124390344,270.7128381263423,280.7001037597656,61829300
2022-07-06,281.0815576445144,284.60303076653474,279.35994192889393,282.4999084472656,63194700
2022-07-07,283.3118676841151,289.2494607611048,283.3118676841151,288.545166015625,56620100
2022-07-08,285.7084186791416,290.27655827441725,284.7693689215917,288.9071044921875,59895500
2022-07-11,286.4909389716613,286.7159025039574,281.85434982141885,282.7347106933594,55273900
2022-07-12,283.9868328073994,285.9040681050536,278.4013718871522,279.9958190917969,55797100
2022-07-13,274.4788760005273,281.766340561705,273.9115116547737,279.418701171875,73939400
2022-07-14,276.81666751477024,281.2869818073733,273.69625380521563,280.4164123535156,63741800
2022-07-15,283.40968932244186,285.61060664821235,281.7956594020621,285.50299072265625,63818100
2022-07-18,288.2907755191097,289.6993647524937,281.9130180498433,283.0868225097656,59519600
2022-07-19,286.71587946993753,292.0861370758545,285.1116710980115,291.79266357421875,55172600
2022-07-20,292.213369886789,297.6031517796827,291.43080356302335,296.4195556640625,67769400
2022-07-21,296.8792877305796,300.73334083918394,294.2186220797438,300.6746520996094,55049400
2022-07-22,299.74536757149906,301.81911599965474,293.5730196199814,295.4022216796875,57127700
2022-07-25,295.4314896638859,295.9010293165727,291.7143977652748,293.7196655273437,40582400
2022-07-26,292.0176800525801,292.2720178037585,287.13654456306267,287.94842529296875,50074100
2022-07-27,292.51660523027056,301.80936763757944,291.94924091362884,300.1170959472656,69304400
2022-07-28,299.90187735893403,303.6287615828274,296.1456487652403,303.0516357421875,55139900
2022-07-29,304.5971771053359,309.48810428309446,303.1690048760981,308.578369140625,57501000
2022-08-01,306.80789179268976,311.8553328130037,305.7123287529665,308.3925476074219,46358800
2022-08-02,306.0937160901119,311.60087351372823,305.03725939100264,307.4729309082031,48676500
2022-08-03,309.1554987459406,316.6679856702518,309.0968100072378,315.8463134765625,53735700
2022-08-04,315.92459656663465,317.6364213240486,313.77257635942954,317.3233947753906,38973700
2022-08-05,312.2270182736027,316.7657832691667,311.4444818490799,314.7311706542969,53894000
2022-08-08,315.6506238359034,319.3481631577194,312.2465281698477,313.7138061523437,43878500
2022-08-09,311.81616067728,312.0704984432241,308.53926334826303,310.1630249023437,39764200
2022-08-10,317.5092422769354,319.1134808986532,315.0344340436592,318.82000732421875,51459600
2022-08-11,321.1480808935425,323.1533492388953,316.306050701014,317.0103454589844,45897700
2022-08-12,319.06449632800343,323.37829738524425,318.0080692648529,323.18267822265625,40928400
2022-08-15,322.2338843720022,326.2933482748461,322.2143015565841,325.7944641113281,38266600
2022-08-16,324.8162311302888,327.12476412329613,321.97949953153403,325.03143310546875,41186900
2022-08-17,321.8914609008007,324.19996400230184,319.2405571039314,321.3240966796875,47842200
2022-08-18,321.27522114148155,323.2804893080499,319.66122117182294,322.0968933105469,41937200
2022-08-19,319.05480785905405,319.71017548902813,315.0540025158643,315.8169860839844,51770600
2022-08-22,311.5520826820988,311.7868376502083,306.6904995384798,307.5023803710937,51098900
2022-08-23,307.26756931724447,310.08474782774795,306.4947945524689,307.2480163574219,39497100
2022-08-24,306.7687305733845,309.9576247545967,306.1622603589617,308.1382141113281,38057100
2022-08-25,309.9185349050491,313.60631377449624,308.8718989856273,313.58673095703125,38098300
2022-08-26,313.2932350092391,314.49641386047045,300.6453042939879,300.7333374023437,69047700
2022-08-29,297.9748197468803,300.5181076546154,296.6640549459984,297.7694091796875,48321900
2022-08-30,299.4225058063858,300.03876727950114,291.9296033390162,294.45330810546875,51184500
2022-08-31,297.3586141124348,298.25855794816766,292.63399106743503,292.7415771484375,50044000
2022-09-01,290.2472138209721,293.24045917695395,286.559465092028,292.8687438964844,57990700
2022-09-02,295.7445286454748,297.1237734476508,287.1169274668483,288.73095703125,64666800
2022-09-06,289.2103060421024,290.12980272881055,284.5247895026237,286.6572265625,57005400
2022-09-07,287.1364901269248,293.4457667153973,286.87236101943734,292.4480285644531,49260400
2022-09-08,290.3743402363653,295.28482016854514,289.00488665486586,293.9642639160156,55649800
2022-09-09,296.2238812009647,300.8898448162096,293.9642752414733,300.3909606933594,56125200
2022-09-12,301.7702083943868,304.2939136960637,301.4571818889825,303.9613342285156,45905700
2022-09-13,295.21627534302405,296.4096624565351,286.4028471716784,287.2929992675781,79562200
2022-09-14,288.4375060148532,290.4525654242087,286.6669929401463,289.5722045898437,54907200
2022-09-15,287.65502914475366,290.06135721657967,283.14557827874484,284.74981689453125,65299400
2022-09-16,281.4435640505583,283.39993526463087,279.3893683054109,283.0086669921875,79920400
2022-09-19,280.3617623634722,285.36925788340324,280.3029681624726,285.21246337890625,52613800
2022-09-20,282.7038191627206,285.23208949962674,280.6361532559087,282.93902587890625,51271100
2022-09-21,283.7818302351829,288.0543993806844,277.73559567975656,277.8727722167969,82931000
2022-09-22,276.3440731262478,277.35341375740364,273.2278599044853,274.4527893066406,62757100
2022-09-23,271.9832547222794,272.2772556596518,266.5641693943949,269.98419189453125,74815200
2022-09-26,269.51386225226963,273.8844019315968,268.0733440969204,268.8670959472656,71176700
2022-09-27,272.23802072833854,274.5898784508138,266.6523324701532,268.9748229980469,69780100
2022-09-28,268.9552175757997,275.6090406552918,267.4755235954847,274.3253173828125,79652100
2022-09-29,270.3271394183976,270.70933165301625,263.44794834472293,266.41717529296875,81216000
2022-09-30,265.59403371024285,269.6706014623193,261.74286368510326,261.899658203125,78482400
2022-10-03,263.67340566048995,269.64125800806374,262.16428429157975,268.0439453125,61267400
2022-10-04,273.39436874587614,277.1769653939,273.39436874587614,276.4714050292969,66696900
2022-10-05,272.6986300712985,278.1177155177025,269.896006487799,276.3244323730469,55766300
2022-10-06,275.3248703546536,278.4802890818558,273.8255582519906,274.1489562988281,53489400
2022-10-07,269.5040378040313,269.631435237861,262.3700506590773,263.7027893066406,71354700
2022-10-10,263.898763004657,264.29076431482383,258.3523093129113,261.0667419433594,60393000
2022-10-11,259.3910346837709,262.26226172093607,255.79462918161028,257.4801330566406,66522500
2022-10-12,258.1170858027284,260.03776649485417,256.69618581479585,257.3919372558594,50580200
2022-10-13,250.04234566116216,264.7513047312672,249.16038768549487,263.4283752441406,112894100
2022-10-14,265.7606508158974,266.35840191000744,254.92247966216505,255.5104217529297,77244300
2022-10-17,261.48805623327024,264.81985734029354,261.39005592605,263.9477233886719,64576500
2022-10-18,270.98367401573574,271.6500281704402,263.34990861800145,266.03497314453125,69781000
2022-10-19,264.5160840058095,268.1908713282143,262.6934038485347,265.0648498535156,53115400
2022-10-20,264.1730989565768,269.3276102316729,262.5464194120329,263.7125244140625,60605500
2022-10-21,262.6052155695883,270.4349529450525,261.4684777560904,269.89599609375,77897700
2022-10-24,270.16058119288914,273.79616260261975,266.5151907800213,272.865234375,63963600
2022-10-25,273.80595824255005,278.89186630999666,272.32623430491844,278.5096740722656,59014500
2022-10-26,272.8749900661592,278.2842959663853,271.8656497110148,272.3556213378906,63492400
2022-10-27,271.238547119804,272.6986532432841,266.8777869462493,267.39715576171875,57760300
2022-10-28,266.7699703460856,276.0500344201058,266.60336682977663,275.57965087890625,62651300
2022-10-31,273.3257903097287,274.1489390687213,270.45453379748034,272.375244140625,47742000
2022-11-01,275.854045800663,276.412620672854,269.2296193583907,269.5921936035156,45895900
2022-11-02,269.56284222469026,272.63007013502187,260.2827761728716,260.35137939453125,79803100
2022-11-03,257.73496457481303,259.19507090542635,254.8833252344142,255.26548767089844,70038900
2022-11-04,260.2044179862712,261.2627438958154,253.883769923715,259.3714599609375,78313200
2022-11-07,260.4199606963149,262.76203979625734,258.28369124402815,262.2230529785156,47333800
2022-11-08,263.7419702874569,267.3775517798265,260.19455020333703,264.1339416503906,63213800
2022-11-09,262.3896162277174,263.17355887160835,257.7544738532385,258.0386657714844,64862100
2022-11-10,270.47414115766946,277.372919982146,268.357460186923,277.0789489746094,99256700
2022-11-11,276.8928205948977,282.8508935557488,275.55030284476703,282.1845092773437,66961800
2022-11-14,280.1265863075021,283.40940244818376,278.7350835242502,279.71502685546875,55290700
2022-11-15,286.34920208500887,287.37816041700336,280.23436591621817,283.5857849121094,73985400
2022-11-16,281.62592831354385,283.67400628713096,278.89187804590483,279.71502685546875,48859800
2022-11-17,275.24651625310764,280.5774109212069,275.0897217151635,279.0976867675781,55462100
2022-11-18,282.11588544171383,282.2138558453895,276.6575941907729,279.1074523925781,53588600
2022-11-21,277.7159613293996,278.8722873963505,275.4033091954977,276.2362670898437,40083500
2022-11-22,276.9712634610998,280.37163892107486,274.8349637620275,280.2148742675781,41873400
2022-11-23,280.23440760281903,283.6544004051931,280.0580249729799,283.0272521972656,46390000
2022-11-25,281.4299487090741,282.1355091564797,280.6754030536472,281.1653747558594,15498800
2022-11-28,279.1858733965793,281.20455444225104,276.10886661944375,277.039794921875,38714200
2022-11-29,277.26514873258185,277.66692905835674,273.57077340362,274.94268798828125,35618900
2022-11-30,275.20725662426463,287.5839445614341,274.35471078820217,287.47613525390625,74718100
2022-12-01,287.7995518716553,289.8182326891553,285.0459135748084,287.8289489746094,51547300
2022-12-02,282.7528813238132,287.5644070798879,282.57646878094204,286.68243408203125,53583200
2022-12-05,284.5559457689536,285.82986012151235,280.41077476341746,281.87091064453125,41482100
2022-12-06,281.7141152004968,281.8512917138545,274.6389232639916,276.0304260253906,53937600
2022-12-07,274.8447397211787,276.9026269405661,273.1886329036409,274.9035339355469,45614300
2022-12-08,276.2558592349817,279.127086341808,274.17838392348284,278.1569519042969,42594900
2022-12-09,277.1377547831242,279.9110109941769,275.9422227932472,276.3832092285156,47860500
2022-12-12,276.55966844795495,279.9110885300564,275.52093068276344,279.8522644042969,35732500
2022-12-13,290.7002039468558,290.9256016950821,280.1756213891042,282.86065673828125,80667700
2022-12-14,282.2726715576062,285.5652967825722,277.5101612050546,280.7635803222656,64984400
2022-12-15,276.6674125419887,277.3337967956044,270.1410156832372,271.3365478515625,60554100
2022-12-16,270.66035208547504,272.19884034206814,267.1423293130172,268.7494506835937,68300400
2022-12-19,269.019623198064,269.10802565667643,263.7349008400756,264.9725952148437,44167900
2022-12-20,263.8035811583909,266.5147089019975,262.2221099593451,264.7662353515625,51064200
2022-12-21,265.8074644041287,269.91342607935576,264.9626801012188,268.60699462890625,46394700
2022-12-22,265.59143612286385,265.7191385524282,257.8116902008382,262.0355529785156,60278400
2022-12-23,260.7683362617008,263.2928269048441,258.86269266105694,262.6248474121094,39373600
2022-12-27,262.0158729122166,262.12394033758375,258.3715875212446,258.9118347167969,38009000
2022-12-28,258.509073898544,260.7683271720997,255.129996496244,255.49343872070312,47139000
2022-12-29,258.3027833668978,262.6641502137133,257.60536636441543,261.7211608886719,45893600
2022-12-30,258.9511022085316,261.6916977675201,257.64467062067865,261.5639953613281,37858300
2023-01-03,263.89202824546896,265.36546227249795,257.48751246640285,259.7958984375,42335300
2023-01-04,261.917684377458,262.71333646732893,257.8804589796899,261.0335998535156,47754900
2023-01-05,259.3637501022572,259.5307225443291,256.6329862583549,256.9472961425781,45396700
2023-01-06,258.6859086561472,265.1591919339073,255.7292080932525,264.03936767578125,54659700
2023-01-09,266.03340799810394,270.4144400254255,265.1395510811122,265.7485656738281,45568700
2023-01-10,264.7171732050925,268.10608378456925,264.20639348493586,267.9980163574219,35247800
2023-01-11,269.0687142240768,272.7424668315669,268.28286475115624,272.6343994140625,44077000
2023-01-12,273.1943879918694,275.13933225738026,268.891954602076,274.10791015625,60600000
2023-01-13,271.60300092594355,276.2394077827865,271.2690261495424,275.99383544921875,44802900
2023-01-17,275.7973594990596,277.84053805638007,274.6284328189318,276.5537414550781,36269700
2023-01-18,278.0959421055457,279.6479761696121,272.75231526276207,272.9585876464844,47754500
2023-01-19,271.3280039696785,272.4674633746698,269.0392826492269,270.2769470214844,44150400
2023-01-20,271.8878846332952,278.0075282572097,270.82699532060246,277.6735534667969,60613600
2023-01-23,278.5183243060803,285.0701773331729,277.72267234899215,283.8423156738281,52799900
2023-01-24,282.22153210361853,284.4218505095714,281.70091998159967,283.26275634765625,44875100
2023-01-25,278.74426745370937,283.2529724484398,276.2001413661606,282.6341552734375,50872000
2023-01-26,286.0623569097901,288.32161082834824,283.4101631992241,288.1448059082031,51596300
2023-01-27,286.82843901140603,292.97757883767446,286.7105691067763,291.01300048828125,56441900
2023-01-30,287.7420439480691,289.16637565404983,284.7559055770718,285.129150390625,49405800
2023-01-31,285.16843467338794,289.5003345452613,285.0603972278785,289.402099609375,46705100
2023-02-01,289.19583193314384,298.05607171572416,287.1231856674667,295.5905456542969,67562200
2023-02-02,302.1227241909579,308.1244973652682,301.29760478441443,306.19921875,83070600
2023-02-03,299.53932549956994,306.8573933607601,299.14641574356017,300.7573547363281,76170800
2023-02-06,298.1346258491221,300.4921141010617,296.8674642975824,298.21319580078125,40802300
2023-02-07,298.0855345313347,305.5214725237731,296.9657401974093,304.391845703125,67584000
2023-02-08,303.07552942331165,304.01851869676693,298.29178563789054,298.9793701171875,56720900
2023-02-09,303.37023129139857,303.5175686946116,294.88326711832184,296.3370361328125,49137800
2023-02-10,294.1760155124564,296.22899658819284,291.98549954330554,294.3921203613281,50050100
2023-02-13,295.79683645937,299.6965269013132,294.6180770903373,299.1071472167969,39636700
2023-02-14,297.52569847422205,302.27014384724765,295.58075435852487,301.3173217773437,64079100
2023-02-15,299.5000738577565,303.7926743384244,298.8124891680649,303.6257019042969,43100600
2023-02-16,298.9892646268092,302.9675248690793,297.78103782351855,297.9283752441406,59498600
2023-02-17,295.7378609837291,296.5826154333962,292.820460423188,295.8262634277344,58230700
2023-02-21,291.99537657114183,293.4393432868049,288.68506586348246,288.82257080078125,46526700
2023-02-22,289.40207750954767,291.11125135049537,287.3785638886052,289.03863525390625,51389200
2023-02-23,292.6927676603464,292.84993755834523,287.36874603259605,291.5631408691406,69294400
2023-02-24,286.5927498996396,287.7813116176916,284.9130135302651,286.68115234375,74332000
2023-02-27,289.8441226093777,291.2389566843378,288.1447512602392,288.734130859375,48995000
2023-02-28,288.1054655277622,290.8755287965995,287.77149073307226,288.3608703613281,48243100
2023-03-01,288.0662079200304,288.72432505115296,285.0604046615051,286.0426940917969,58287000
2023-03-02,283.547628651663,289.21542703528627,283.2627563653812,288.4099426269531,53565900
2023-03-03,290.15840712543456,294.6081757868611,289.64759758083574,294.3724060058594,60511500
2023-03-06,295.610232065279,298.6160358171122,294.51007251913074,294.7065124511719,56736300
2023-03-07,294.7556564334853,295.67901108374326,290.48269054807423,291.0917053222656,65955800
2023-03-08,291.51401880216014,293.14462282777646,289.65750739650804,292.5454406738281,50876300
2023-03-09,293.0463705042288,295.64946128035666,286.6614896876432,287.476806640625,71456700
2023-03-10,287.6437723436789,289.1368713159624,282.2903134622696,283.4395751953125,98593600
2023-03-13,281.6518296683692,289.25473947061863,280.13909571042,285.54168701171875,97123600
2023-03-14,289.0975903942777,292.65347321952765,288.2528359008066,292.1033935546875,73602500
2023-03-15,289.4905101030698,293.9697475146975,288.04654343898625,293.6357727050781,83631500
2023-03-16,292.7222531344649,301.7396629996078,291.9266010861932,301.376220703125,98198100
2023-03-17,301.2878029379541,303.6747589614534,297.9971274856197,299.9518737792969,89923700
2023-03-20,299.33411136370137,301.3410626238647,297.12053833750207,301.01641845703125,56359500
2023-03-21,302.9544746352989,305.7681570175095,301.4393987245314,305.31561279296875,49757000
2023-03-22,305.24674630503034,310.1461313695426,300.9967095272802,301.1639404296875,75791900
2023-03-23,304.90242937887336,309.06392675002587,302.0395384791688,304.73516845703125,74576000
2023-03-24,304.3121309910328,305.9550769566184,301.98050598304,305.8567199707031,57195200
2023-03-27,306.5551860856842,307.6373830341869,302.9052595817998,303.7611694335937,50287400
2023-03-28,303.18069291109964,303.21020600548724,299.83571542187406,302.1476745605469,48585900
2023-03-29,305.8468671210992,308.27687909765626,305.0302879825297,307.6570739746094,53274300
2023-03-30,310.13624352829544,311.1987751028633,307.7455925207638,310.5691223144531,58354800
2023-03-31,310.7954455899421,315.9702962118408,310.49046686740064,315.7341613769531,62138100
2023-04-03,313.6091341359782,315.2324448165052,312.28101452245835,314.966796875,47126800
2023-04-04,315.4094944682387,316.4228175752134,312.68432153191435,313.9042663574219,45875400
2023-04-05,312.9500273772441,313.8944767528624,308.98527351332626,310.8053283691406,62795700
2023-04-06,309.1524733096397,313.39269239889046,307.75547979393593,312.9007873535156,46916500
2023-04-10,309.96906798292446,312.7729328863309,308.17852632267164,312.7237243652344,45134700
2023-04-11,312.6844174942277,312.74347373443186,310.20522632246366,310.716796875,40113600
2023-04-12,312.6745039478416,313.26479595734065,307.50950140584746,307.9718933105469,62813300
2023-04-13,309.7328931526092,314.4748646204521,308.55233915122227,314.0026550292969,54613800
2023-04-14,312.4482393474442,315.1733824574707,310.5002845828092,313.4123840332031,56278300
2023-04-17,312.99920811309613,314.03222683385826,310.92338300909137,313.67803955078125,43007000
2023-04-18,315.7931825919775,316.2162437370312,312.49744289892294,313.6976623535156,46746900
2023-04-19,311.2873283359622,314.6126109678501,311.1594282311205,313.5500793457031,38960100
2023-04-20,310.5789795342484,314.1010061038637,309.8706351373399,311.159423828125,62462100
2023-04-21,310.7954817382341,312.26134931858826,309.0147876904133,311.484130859375,59002300
2023-04-24,311.2577783622758,312.5957454038067,308.66050583672256,310.8347473144531,44043100
2023-04-25,309.2016843984731,309.87066806010336,304.87292596789285,304.9712829589844,57121600
2023-04-26,308.3654202618704,309.84113531671335,306.2994131803903,306.8208312988281,55400500
2023-04-27,310.58889329416763,315.6653275241942,309.94939264300683,315.1636047363281,65430400
2023-04-28,314.92739162767475,317.42627733061755,313.7960161792962,317.3377380371094,59712600
2023-05-01,316.8753983835549,318.39047437701817,315.8915882622026,316.9737854003906,41013400
2023-05-02,316.9048889666333,317.2295630967691,312.4678960271113,314.2092590332031,56519400
2023-05-03,314.5732710641641,317.2492356655561,312.04487196912623,312.1531066894531,59882100
2023-05-04,311.9267837489298,313.0778546133292,310.01819002322304,311.0512084960937,50224500
2023-05-05,313.31399138756706,318.5183550178332,311.09057104176145,317.6624450683594,51806100
2023-05-08,317.20000459500784,318.7937718464658,316.1178076886179,318.4494323730469,36465800
2023-05-09,316.7868659803596,317.6526237097807,316.1178822888989,316.4327087402344,31768800
2023-05-10,318.87250163596127,320.7319170011194,316.39331117258314,319.8760070800781,60446600
2023-05-11,320.4269487294922,321.4599372836662,318.87251202066807,320.9188537597656,44278500
2023-05-12,321.4501292703223,321.8731904664601,317.7116625879941,319.767822265625,48432800
2023-05-15,320.23999202108706,321.73537236272665,318.7150685578748,321.499267578125,33375600
2023-05-16,320.7811146668355,323.5751317119794,320.74175385676267,321.8633117675781,40019200
2023-05-17,322.92583823591684,326.339660701836,321.7452840546371,325.7592163085937,47486100
2023-05-18,326.1527531040823,332.02610131442736,326.1330877081576,331.8096618652344,64213500
2023-05-19,332.0260347726971,332.7343791895953,329.99938852891864,331.0619201660156,61554900
2023-05-22,330.8061650087656,333.1869987970139,330.79631729968287,332.1736755371094,43015900
2023-05-23,330.45192802444745,331.6029688162419,327.60870294794546,327.9628601074219,48216700
2023-05-24,326.00511301581014,327.5201888136506,324.22441932796124,326.28057861328125,62891200
2023-05-25,333.6493740514875,335.48909414755377,331.2193618866053,334.219970703125,66862800
2023-05-26,335.24310659517005,343.59564392222364,335.14471959006306,342.7593994140625,63007000
2023-05-30,346.9996556777156,348.19990521349973,342.88733662134945,344.3138732910156,72652200
2023-05-31,342.7299012055345,344.9238084183942,340.90002892973666,342.3560485839844,65105400
2023-06-01,342.1003287370982,347.6391548961203,341.0476446264342,346.31103515625,50488600
2023-06-02,348.0720499712707,350.0691835521868,346.3110512633068,348.9082946777344,53372100
2023-06-05,348.6918438424343,351.7121483782044,348.12124713372924,349.1542358398437,47266200
2023-06-06,348.5442530530429,350.05932906589874,347.2161033675169,349.0951843261719,41390400
2023-06-07,349.38050818718546,351.3382808051396,342.5430155410741,343.17266845703125,69225900
2023-06-08,343.4677420224423,347.8948870176242,343.2414849377276,347.4324951171875,47153900
2023-06-09,348.888520211822,351.8694630982026,347.31441831942885,348.7606201171875,53196900
2023-06-12,350.4233151841649,354.7520735362464,349.44935281140937,354.6536865234375,44606500
2023-06-13,357.40829727494645,358.21499855319024,354.2010674804952,357.3787841796875,57097800
2023-06-14,357.3886794044212,360.2614180680653,354.5848446759908,359.9761047363281,69525600
2023-06-15,358.7070124731328,365.7510969088772,358.0872372843925,364.26556396484375,71138800
2023-06-16,366.685694780993,366.81359489534935,361.53053956140593,361.9732360839844,80932000
2023-06-20,360.51916403560494,362.8539874538742,358.48973768510257,361.4550476074219,49204700
2023-06-21,360.3122140702021,360.74568664113366,355.6031530175192,356.5292053222656,53378300
2023-06-22,355.27810832341714,360.89349995663713,354.8741892831053,360.7359008789063,47603000
2023-06-23,356.8346400266191,359.4650293113664,355.46528385567143,357.1597595214844,48922900
2023-06-26,356.62778399956727,359.4256337248402,352.28322644860583,352.37188720703125,52685500
2023-06-27,353.91861543396186,359.1596721529209,353.18960689065034,358.4306335449219,49428100
2023-06-28,356.60815081905434,361.0807546091883,356.52932119980176,359.1301574707031,46498000
2023-06-29,358.83446950352044,359.47484719964973,356.76565870417534,358.4108581542969,46151000
2023-06-30,362.09540934626006,364.9917810585607,361.7801811143737,363.9376831054688,58712500
2023-07-03,364.5780329650448,365.4252558192242,363.494351354722,364.7947692871094,19432900
2023-07-05,363.2283427115424,366.48921845817017,363.1889279109318,364.7848815917969,34460900
2023-07-06,361.0707999102178,362.4500171283131,359.110312159269,362.0066833496094,49374700
2023-07-07,361.7801685299418,364.9819372104598,360.57827262266767,360.8048400878906,47133700
2023-07-10,360.5289768648785,361.60279715578974,358.01683206358047,360.9230346679688,48498800
2023-07-11,361.3466822765827,363.159372253432,359.20887280974875,362.7062072753906,38214100
2023-07-12,366.8143135072111,368.6368647386652,364.8045795508427,367.2872009277344,61975400
2023-07-13,370.469253637395,374.3507848464876,369.8880130841644,373.5232543945313,46960000
2023-07-14,373.9566996187592,377.178160434744,372.5676210839724,373.4444274902344,55148500
2023-07-17,374.1636191010514,377.8087217935126,373.6809004983381,376.9319152832031,40868900
2023-07-18,376.2915097139544,381.38479749666817,374.36060553509486,380.0154113769531,55262000
2023-07-19,381.0794688843304,382.22225770365327,378.5968472867821,379.92681884765625,54093000
2023-07-20,376.9319221520703,378.3998304858376,370.14418774504543,371.1687622070313,71941700
2023-07-21,373.552754474554,374.28179291434526,369.6219778746088,370.0554504394531,60499600
2023-07-24,371.0308030549652,371.976547851103,368.7846403737097,370.6466064453125,40380100
2023-07-25,371.3559236001478,374.8236745721694,371.3362011667305,373.1587524414063,38894400
2023-07-26,372.11449390159294,373.6119257048615,369.61218004173713,371.9174499511719,47075700
2023-07-27,377.38508348516143,379.0007295454255,369.7402356055219,371.0307922363281,63940200
2023-07-28,375.0896135085504,378.8135151673084,374.5773413985291,377.7889709472656,56902900
2023-07-31,378.0944366637032,379.1682570919701,376.6659431220096,377.9860534667969,44019900
2023-08-01,376.6363654968615,377.86781500087017,375.040411750016,377.1092529296875,41060600
2023-08-02,373.6316149484404,373.6316149484404,367.5925821871892,368.8338928222656,72687100
2023-08-03,366.4202770315307,370.3707767884127,366.2527866651259,368.2428283691406,47666400
2023-08-04,370.1737018320144,372.4888327932019,366.0163273181001,366.5187683105469,61702800
2023-08-07,368.331452688402,369.7205312440297,365.9966293948918,369.62200927734375,37230400
2023-08-08,367.1098866903734,367.1295790590286,363.3465698139682,366.4793701171875,44726500
2023-08-09,366.76507711480446,366.9227062590879,361.691511170966,362.4500732421875,51150900
2023-08-10,365.4646799160487,368.8043555265516,361.5930096715528,363.1199951171875,72035300
2023-08-11,360.5585501893892,362.5387305940395,359.277854743056,360.8048400878906,48707200
2023-08-14,360.0068229125234,364.9720351284761,359.28767573081944,364.8538208007813,42130800
2023-08-15,363.87848840704106,364.6764952394383,360.3122159262002,360.9821472167969,45539900
2023-08-16,360.4403276665938,361.9771741931818,357.0612375513833,357.1597595214844,53190500
2023-08-17,358.5586468611587,358.90345870261405,352.8447337287181,353.25848388671875,62604300
2023-08-18,349.98781279310265,354.0762191631118,349.4459569685998,352.8152160644531,61191400
2023-08-21,354.283121023296,359.17936585914424,353.820094768871,358.4996032714844,50696500
2023-08-22,361.11024382191454,361.1201050387357,357.2976809330937,357.9873046875,44530200
2023-08-23,359.1694610384177,364.7257754169815,358.95272473149464,363.6322326660156,51770600
2023-08-24,367.1098801079145,367.20837201410944,355.6524693888543,355.8593444824219,66842500
2023-08-25,356.69672425690334,360.3122429567423,353.25849699524684,358.6177673339844,69960500
2023-08-28,361.5437061348115,362.2530222379247,358.8443784951762,361.317138671875,40910000
2023-08-29,361.1201000665317,369.56292504226593,360.7950106274471,369.208251953125,58492400
2023-08-30,369.316645612465,371.8485130682303,368.3117635519822,371.2672424316406,41731500
2023-08-31,371.3460266732662,374.08476889792274,371.27705829230825,372.3804321289063,35730700
2023-09-01,374.7546850777069,375.178296466728,370.4987886258223,371.98638916015625,39801200
2023-09-05,371.17859447087113,373.6809084267045,370.2525419848072,372.4593200683594,32344200
2023-09-06,371.6810248213159,372.0258367055114,367.1690069344536,369.1787109375,42998700
2023-09-07,364.7159313717215,367.3167671772476,363.6716645886593,366.5384826660156,52060700
2023-09-08,366.4892021383954,369.2870515634828,366.0852831280039,367.05072021484375,35800100
2023-09-11,370.0850536990267,371.8878825130161,368.1147345269495,371.3756103515625,39936600
2023-09-12,369.7008672273138,371.3559583609784,366.9719857005597,367.2576904296875,41391000
2023-09-13,367.4941045172016,370.2624007396776,366.36117692807545,368.6565856933594,46300700
2023-09-14,370.41016993691466,372.6563327530281,368.3413587082817,371.6711730957031,48039400
2023-09-15,370.3313883804284,370.73530746731313,364.37115412530136,365.30706787109375,69811200
2023-09-18,364.3658449604861,366.8027128907005,364.0797266716834,365.6878662109375,36903500
2023-09-19,364.36580670286224,365.7075486878588,361.8795916828219,364.9084167480469,37621700
2023-09-20,365.9739503427575,366.3291067165045,359.57098915058174,359.6499328613281,45514200
2023-09-21,355.96007335750306,356.74935990446664,352.8918065855037,353.0595092773437,69734800
2023-09-22,354.8057846398653,356.9466585342557,352.7931415827631,353.1088562011719,51589700
2023-09-25,352.14199901740113,354.8748604610111,351.1554133948887,354.7860412597656,39168000
2023-09-26,352.20117225061057,352.7438123778778,348.47188000827015,349.4584655761719,53657700
2023-09-27,350.6127486787911,352.1912914503278,346.6466558254277,350.2773132324219,56066000
2023-09-28,349.3597814278286,355.3385173339511,348.50145684914673,353.2074890136719,56453300
2023-09-29,356.6902048230615,358.08129428246383,352.23081815961984,353.46405029296875,64829600
2023-10-02,353.73045655362665,357.81490582520684,353.118778217494,356.4139709472656,51625100
2023-10-03,353.967202787342,356.1672996536703,348.5409816435932,350.15899658203125,60478500
2023-10-04,350.997572535324,355.77264355913144,350.5338760666792,354.9241943359375,54786700
2023-10-05,354.91432088361586,355.3188246231154,350.3760508678176,353.87841796875,45897400
2023-10-06,350.87921181377783,361.0015911236225,350.08995526640047,359.8078308105469,75049100
2023-10-09,357.43995789204183,362.1854323130541,355.9403585893951,361.642822265625,45304800
2023-10-10,361.9782975937797,366.2995478998786,361.4751593460634,363.6456298828125,46968800
2023-10-11,364.9774670886413,366.42774907655473,363.2509423462777,366.24029541015625,38215100
2023-10-12,366.7435237436509,368.72654058462217,362.5702552725793,364.9676513671875,49587900
2023-10-13,365.599051399512,366.1811333197935,358.9790400127656,360.3800048828125,52469900
2023-10-16,361.7020378785472,365.5102742669237,361.5540560479042,364.4546203613281,44201100
2023-10-17,360.9028796797804,364.95776219420605,358.7817266393666,363.2608337402344,50999100
2023-10-18,360.7648011295695,362.974743432088,357.163739288283,358.4956359863281,54280500
2023-10-19,359.91633718178207,361.1100974828906,354.34213383776466,355.1412658691406,72274200
2023-10-20,354.6380842451997,355.2103208068794,349.6163666883233,349.8432922363281,72559700
2023-10-23,348.5212507897234,354.44076459522245,346.40994308049073,350.89892578125,60665200
2023-10-24,352.7142361062721,355.0820355824691,351.01730762849365,354.3125,47082100
2023-10-25,351.9150806660202,352.09265884053417,345.05829899300005,345.640380859375,71190500
2023-10-26,344.4367673738444,345.37403575758646,337.7575935549891,339.0500183105469,78621400
2023-10-27,341.7829193020605,344.1605947475445,339.4644365972766,340.6779479980469,63476700
2023-10-30,343.1641297345773,345.83779896296323,341.80266660493623,344.5157775878906,55298500
2023-10-31,344.5453147631418,346.538206922003,341.97031057999595,346.1632995605469,47671900
2023-11-01,347.0019012416459,352.7339613805183,346.90323665636424,352.1716003417969,58992700
2023-11-02,356.6901905197439,358.8014681911074,355.4668038189394,358.564697265625,58162400
2023-11-03,359.8571802042655,364.069890844329,359.6302546252222,362.7774658203125,53280500
2023-11-06,363.5468898848361,364.8195936403246,361.9880980054648,364.2572326660156,38848700
2023-11-07,365.30304404912414,368.5686400191632,364.09940839705934,367.7004699707031,50777400
2023-11-08,368.07533166550337,368.77582909897967,365.6483395905833,367.9372253417969,35663400
2023-11-09,368.6279228809004,369.7723358829942,364.6125115565848,365.1058044433594,53859400
2023-11-10,366.83230317460567,373.4621603005488,366.29953846489246,373.3141784667969,58309800
2023-11-13,371.73567523506745,373.2056784551848,370.2064491668843,372.1500244140625,40733500
2023-11-14,378.5627469096064,381.0785582197308,378.03985775316687,380.1610107421875,67792600
2023-11-15,382.0553135858859,382.5486064375139,379.0856809844594,380.4471740722656,54141400
2023-11-16,379.6776098911324,381.0095065120626,378.4147814902083,380.7727355957031,45343500
2023-11-17,380.0426283266564,381.8776931882072,379.1349864405498,380.8615112304688,46571900
2023-11-20,380.8713547801415,386.15946919608456,380.8713547801415,385.4984436035156,44429600
2023-11-21,383.791706349746,384.00875640443104,381.5126958296553,383.2589416503906,43337000
2023-11-22,385.3308050878148,387.7972694723159,383.8213300888284,384.82763671875,44121000
2023-11-24,384.4231100031308,385.0150674417227,383.28854247561634,384.2850036621094,15718800
2023-11-27,383.7916666197874,385.90294410752415,383.07144830647866,383.9495239257813,34139700
2023-11-28,383.199750263669,385.5379535243204,382.8445637601163,384.9558715820313,35491100
2023-11-29,387.42227323636894,388.8528342946489,384.2355911433141,384.5809020996094,38811700
2023-11-30,384.847306736307,385.31100318364287,380.6444724541138,383.6140747070313,52834400
2023-12-01,382.5485730876191,385.301155390036,380.89111647661264,384.7091979980469,40490100
2023-12-04,380.9108308206259,381.4139991114221,377.5268494374432,381.13775634765625,51186900
2023-12-05,379.2336950637311,383.2885478750258,379.0560867539073,382.09478759765625,42933000
2023-12-06,385.03477448943374,385.1334390770235,379.53951524832127,379.8847961425781,41994100
2023-12-07,382.8642689449048,386.0213247004298,381.7691433071723,385.1925964355469,49593500
2023-12-08,383.4562520350247,387.353247228677,383.2687983557027,386.9093017578125,46687500
2023-12-11,386.4850628203195,390.48075287034135,386.2778882587971,390.21435546875,41198000
2023-12-12,390.253816019453,393.44049849740657,389.1192485473324,393.3221130371094,39221200
2023-12-13,394.2593986620565,398.935805554361,393.4898629695481,398.3241271972656,55408100
2023-12-14,399.5474578161859,400.8497279607916,394.96968605777766,397.9787902832031,55447800
2023-12-15,398.7581450262859,401.0865026077212,398.1563422857,399.902587890625,62896600
2023-12-18,400.2961186538319,403.3210986947053,399.9699083298868,402.4215087890625,46610000
2023-12-19,402.8762353017246,404.5963135772039,402.6884071948224,404.4776916503906,35711900
2023-12-20,403.6769655756174,405.7727000758011,398.28932174752657,398.4672546386719,54042400
2023-12-21,402.4017101602885,403.46936781901707,399.84135305832086,403.10357666015625,45568900
2023-12-22,404.3195040486344,405.2784048126473,401.82835317280114,403.7066040039063,34314000
2023-12-26,404.56668786685634,406.8502506310856,404.46782619778907,406.1780395507813,22722500
2023-12-27,406.4608724639589,407.2916928416781,405.60035082369023,407.0048522949219,31980500
2023-12-28,408.16212774935417,408.40939682298944,406.4510148934812,406.80706787109375,27029200
2023-12-29,406.78726205839257,407.14334518944673,403.1276680111543,405.0464782714844,42662100
2024-01-02,401.4067282499002,401.6539973287687,395.8678948464025,398.1922302246094,58026900
2024-01-03,395.56125728435336,396.61957611570585,393.543563467669,393.9787292480469,47002800
2024-01-04,392.10939718203656,395.2249813820951,391.7335433716032,391.9511413574219,39432800
2024-01-05,392.119274319021,395.1952868342146,391.0213840335171,392.4159851074219,44922800
2024-01-08,393.6424359840438,400.8132385944402,393.49408058756745,400.52642822265625,42473800
2024-01-09,397.519638814638,402.2474220769775,397.3218114911748,401.3176879882813,39132900
2024-01-10,401.634210585262,405.0465056264735,400.7440479738248,404.0376586914063,33962800
2024-01-11,405.3135834357692,406.708184634018,399.8241918872311,404.8783874511719,54536200
2024-01-12,405.916910564091,406.7576314623148,403.6914888721999,405.0860900878906,39595000
2024-01-16,403.8497045100903,406.62900624283634,402.3858608543528,405.0464782714844,43903000
2024-01-17,401.73313165435087,403.137603088809,398.5186336985363,402.7617492675781,54386000
2024-01-18,406.0355572000258,409.06212800530994,404.6904280351043,408.47857666015625,59562500
2024-01-19,410.68427610584496,416.73741843300735,410.10072469160826,416.57916259765625,70325100
2024-01-22,418.7847792861086,420.09036718235046,416.51978621850566,417.1231384277344,44880600
2024-01-23,417.81545577614327,419.07160187962575,415.9757885155932,418.85400390625,33003800
2024-01-24,422.7707426217244,425.15441993814665,420.68377609813024,421.1783142089844,46948000
2024-01-25,423.6806495099356,424.3532442388944,419.348521282841,421.692626953125,44367200
2024-01-26,419.8035122509151,421.5541662899098,418.5275954785165,419.1803894042969,37137000
2024-01-29,419.6353712499051,423.6708192677647,418.9825773004216,423.4729919433594,38694700
2024-01-30,422.43443846942944,423.0080893672837,419.7441500782244,420.6540832519531,36739000
2024-01-31,416.2527513453786,418.2506745304422,412.2371041320946,412.4151306152344,64010600
2024-02-01,414.2152424490925,417.7660224895652,413.2459368782287,417.271484375,51008600
2024-02-02,419.1704994430535,425.5401528586583,418.1715529635228,424.3236083984375,59602400
2024-02-05,424.3829062146113,424.91698559705344,420.3573590845796,423.7696838378906,39889200
2024-02-06,424.9170516631162,425.52040389751744,420.5750224334973,422.9191284179688,35846100
2024-02-07,425.7082994648084,428.1018470140082,424.4027116102208,427.2710266113281,37712700
2024-02-08,427.38972210735005,428.8238947375223,426.7072872671858,428.0623168945313,29889900
2024-02-09,429.1997442306421,433.0670359352017,428.4084953155892,432.2757568359375,36943900
2024-02-12,432.16693951301227,434.3429191374264,429.9019466563552,430.58441162109375,33203300
2024-02-13,422.6124754072149,426.5588797664576,420.6837647532125,423.86859130859375,64491700
2024-02-14,426.5489985051181,428.9128748543656,424.1949923923031,428.4875793457031,45092700
2024-02-15,429.17993746154207,430.2283557686696,426.61820366394,429.7634887695313,38796100
2024-02-16,430.1393938823627,430.2382773620696,425.1544410261166,425.8665771484375,53716500
2024-02-20,423.8686441630712,425.3819297228063,418.8738208289966,422.652099609375,53999500
2024-02-21,419.9122750360683,421.049736776596,417.0241895287662,420.960693359375,49779000
2024-02-22,429.74372759451074,434.3231554336822,428.972249331563,433.2846374511719,53887800
2024-02-23,434.8473413485419,435.7770753828448,431.0295217395952,432.0086975097656,39853900
2024-02-26,432.8197982334862,433.8088745410654,431.59332308682286,431.78125,33043200
2024-02-27,432.8890057637283,433.20548721652256,430.2778300347507,432.81976318359375,33713200
2024-02-28,430.67342304327576,431.8998980010677,429.5557621583517,430.5151672363281,32938800
2024-02-29,433.4428899377364,435.2825572489929,430.2679334863053,434.2044677734375,42495200
2024-03-01,435.0946617864891,441.70168427871766,435.0353196227552,440.7422790527344,43853000
2024-03-04,440.7422442825303,441.1675700013541,438.9223476417633,439.1696166992188,34325700
2024-03-05,436.1232794281308,436.1331798494727,428.9129051911213,431.2866821289063,57917100
2024-03-06,435.5100811773009,437.1618216857246,432.11755673185337,433.9967956542969,46234500
2024-03-07,437.5871757691186,441.8401920365986,436.04418888052,440.5840759277344,44526700
2024-03-08,440.9400483443204,443.739150830233,433.5516480898913,434.2242126464844,72096000
2024-03-11,432.7307448633055,433.8681764747113,430.68334985224834,432.612060546875,45860000
2024-03-12,434.92653598478176,439.1696516154351,431.6922371382258,438.8135986328125,55300900
2024-03-13,437.8146034192605,437.8344042624904,434.3231654051672,435.4408264160156,37928700
2024-03-14,436.6771926733909,437.2014019124932,431.6230271967828,434.3429870605469,52195200
2024-03-15,431.3065006408254,434.0759021509928,428.0128597254418,429.1799926757813,73069800
2024-03-18,434.5112345408061,436.799019433192,433.0355416540417,433.2732543945313,47323800
2024-03-19,431.2627591956044,434.7588137847426,429.1631195603212,434.3527526855469,43004100
2024-03-20,435.5510934029567,439.83944301231867,433.8476316393224,439.5027160644531,43653500
2024-03-21,444.563615836014,445.01918405535713,441.3844913649991,441.5825500488281,39345700
2024-03-22,441.067552100128,443.1869582956942,440.2158060824554,442.087646484375,28253900
2024-03-25,439.2848288821818,441.9687913921321,438.284561554117,440.4832153320313,27789200
2024-03-26,442.0083622979453,442.929442378249,438.8292381553122,439.0570373535156,34142000
2024-03-27,442.1470854064944,442.2461298625254,437.6804433893789,440.5525512695313,41359200
2024-03-28,440.50303286410514,441.35477889519336,439.3838940102981,439.7404479980469,36839600
2024-04-01,440.6912445565858,443.2266256093839,438.75998333884166,440.6714477539063,38729000
2024-04-02,435.8482222344713,437.1852468167658,433.8179469153706,436.8683166503906,44259700
2024-04-03,434.7389650407956,439.730509011245,434.72908175290553,437.8487854003906,39949800
2024-04-04,442.0380888457556,442.6521523298876,430.9259788696009,431.1537780761719,57267700
2024-04-05,432.5799469665105,438.9085155947938,431.7678247864334,436.2344665527344,54744600
2024-04-08,437.1654288806128,438.2449438725227,434.9766885841394,436.36322021484375,28144900
2024-04-09,438.7005000586426,438.9778063771881,433.233591111265,437.9775390625,39443600
2024-04-10,432.7978721582389,435.0163229753848,432.08479436356697,434.1546936035156,61502200
2024-04-11,436.0265234674991,442.0381321210691,433.7486218511492,441.0873718261719,45474600
2024-04-12,436.85843750519206,437.9874596754413,432.67901534686695,434.0556335449219,53665000
2024-04-15,437.80917209382505,437.898303031709,426.0731150198092,426.9149475097656,63453600
2024-04-16,426.7565009348942,429.5890151660871,425.5680581541315,426.95458984375,47619000
2024-04-17,428.9353146694585,428.95511146869296,420.8141538134236,421.7451171875,56880500
2024-04-18,422.3889011950564,424.12207335388047,418.7640917959925,419.3385314941406,46549400
2024-04-19,418.1599960129177,418.684898402186,409.09798710711,410.6627807617188,75231000
2024-04-22,413.2971739563557,417.12995547253286,409.9595844753255,414.7926635742188,47807700
2024-04-23,416.7239047204478,422.1809307549363,414.84218098500753,420.9825744628906,44384700
2024-04-24,424.08247343018746,425.597759857493,420.1209371262123,422.4087219238281,48440300
2024-04-25,415.2086376543736,421.2301901579361,414.1192392784341,420.3685607910156,57392200
2024-04-26,423.50802682708354,428.39061298823793,422.8147761196788,426.85552978515625,41874900
2024-04-29,428.9650653893637,429.58901220141706,425.8453615532208,428.5887145996094,30022200
2024-04-30,427.0041197471969,428.4005650240207,420.4279847151419,420.5072021484375,43665900
2024-05-01,419.0810362812296,426.0038418646144,416.6149894826864,417.4667053222656,52251700
2024-05-02,421.21033183967234,423.6962055209441,416.58525516971946,422.7949523925781,36559000
2024-05-03,430.2624725378874,432.2828645726998,428.4599662149089,431.29248046875,48515300
2024-05-06,433.0949260544609,436.10570198110287,432.3224277167705,436.0165710449219,30227200
2024-05-07,436.462257752822,437.72003460073387,435.353002241703,436.0859069824219,30996100
2024-05-08,433.4614278631959,437.2347889142976,433.34255638141855,435.8284301757813,24896700
2024-05-09,436.0958073735544,437.3536144949182,434.2437939852255,436.7791748046875,24580100
2024-05-10,438.2845688117729,440.0375377110357,436.2641768738253,437.8091735839844,27116600
2024-05-13,439.72061959803295,439.8196640512159,437.40312446934496,438.8193664550781,22994200
2024-05-14,438.3935394766879,442.17681419663,438.2053640696036,441.6419982910156,34478300
2024-05-15,444.117964477458,448.792578951752,442.60267791185663,448.54498291015625,41464700
2024-05-16,448.3567806347768,450.3177520473984,447.4654409832668,447.6338195800781,34780400
2024-05-17,447.76253432284136,448.366684331453,445.2172701938097,447.4159240722656,35803700
2024-05-20,447.6338263078033,451.19918496742906,447.4456509067077,450.53564453125,24474200
2024-05-21,448.68358337149255,451.6051980861737,448.4854944785114,451.4170227050781,23167700
2024-05-22,451.674582383685,452.4272839916617,448.7232268055725,451.3279418945313,25120000
2024-05-23,456.12139940247897,456.1511097174414,447.50507559800815,449.2976684570313,40899200
2024-05-24,450.9119918653778,454.8141076936755,449.2085299798056,453.5464172363281,29669500
2024-05-28,454.7645430799666,455.3191557327866,452.29849645495904,455.2597351074219,26216800
2024-05-29,451.1001126309045,453.8335519029306,450.9614443641163,452.0508728027344,29739200
2024-05-30,451.1199762239304,451.25864451125,445.8808356553034,447.20794677734375,30536800
2024-05-31,447.4357559057489,448.129036909429,438.7996047963007,446.37603759765625,55941300
2024-06-03,450.198860450723,451.1991277345812,443.59298589680577,448.772705078125,32997500
2024-06-04,448.51521739030295,451.19914968810446,446.7919588246173,450.0007934570313,23767400
2024-06-05,453.5761340823465,459.1519713379204,450.0404554895681,459.07275390625,33817400
2024-06-06,459.7561086538658,460.0730388200298,457.7456301374567,458.9142761230469,21966800
2024-06-07,458.5478635750326,461.2615064868881,457.3990143288135,458.50823974609375,25829700
2024-06-10,457.3791938933102,460.7167834859618,457.0919740405648,460.3602294921875,20660800
2024-06-11,459.0826602839929,463.63843324942377,457.5871706013784,463.5195617675781,22053300
2024-06-12,467.4513734442813,471.9180153282366,466.7581227209805,469.5906066894531,34532600
2024-06-13,473.12634000798266,473.78991071888055,469.8580842460955,472.1359558105469,25859000
2024-06-14,471.9378145079992,474.65148746022913,471.4723327778962,474.5821533203125,23372600
2024-06-17,474.8495642886325,482.1784007715685,473.54228021347495,480.3957214355469,37054500
2024-06-18,480.346222311964,481.22764848166815,478.7813984423256,480.5442810058594,24438600
2024-06-20,481.7426539314576,482.1585983337423,475.0080238231674,476.8402404785156,33918700
2024-06-21,476.5629196665965,477.8999442244528,474.0671626562886,475.5626220703125,37456800
2024-06-24,474.3345941263354,476.07052108362217,470.0096706376766,470.1485290527344,37751000
2024-06-25,472.2415535989698,475.8225082162818,471.2991811880129,475.5249328613281,29014700
2024-06-26,474.7015868097137,477.0525531837629,474.2849813160983,476.5069580078125,22737100
2024-06-27,476.2589609792496,479.2150072811932,475.4455479987456,477.7369689941406,26222100
2024-06-28,478.5305295833342,483.28201754649774,474.612282824473,475.2570495605469,34881600
2024-07-01,476.1796388241986,478.60991833266274,472.4300379129382,478.0445251464844,24898300
2024-07-02,476.5466697612256,483.1233578470698,476.417710344301,483.0638427734375,26723600
2024-07-03,482.3099405032558,487.22014593921017,482.3099405032558,487.0911865234375,18064900
2024-07-05,487.9343020498171,492.6064163941929,487.6366964457199,492.1699523925781,28495900
2024-07-08,492.5370618394464,493.8960398899425,491.51534598400906,493.3405456542969,22109400
2024-07-09,494.85818889737385,495.9791065216588,492.249333953524,493.76702880859375,25614500
2024-07-10,495.69144940318296,499.4708079197951,494.38208751798817,498.9153137207031,28046900
2024-07-11,499.0244593137064,499.2327620763541,486.783697768007,487.9740295410156,49966600
2024-07-12,488.5493686532913,495.6021772983237,488.0831470637036,490.8407897949219,37109400
2024-07-15,492.6163875480378,496.9810282035096,490.11666357712943,492.16009521484375,31151400
2024-07-16,493.6182771718583,494.4316902312629,489.1842224249224,492.34857177734375,25950600
2024-07-17,484.3533794143371,484.8691868130836,477.826307363986,477.8957214355469,56268800
2024-07-18,481.625531081522,481.8040763172065,472.43998717609486,475.6340942382813,49347400
2024-07-19,475.2967731478929,477.8163554927697,470.1286793186739,471.418212890625,42042900
2024-07-22,477.2906394842837,479.4630304930446,473.86837138221824,478.4413146972656,40300000
2024-07-23,477.5385992995722,480.5343021568422,476.2788232872308,476.75494384765625,23282500
2024-07-24,470.0096721923519,470.3766919067032,458.790626641636,459.6536254882813,58818600
2024-07-25,459.9908707311392,464.17693566447775,451.9659322987188,454.5846862792969,59256800
2024-07-26,458.92951431196497,462.1831364163313,456.0726694842939,459.2469482421875,39992100
2024-07-29,461.964875633635,464.1471959279414,457.90776995790696,460.16943359375,28218500
2024-07-30,462.1037466972394,462.8080285631104,450.4978233175342,453.85064697265625,41317200
2024-07-31,464.1074903666836,468.9879381584773,462.659239832893,467.2817687988281,44552100
2024-08-01,467.9662010175527,471.7257007264771,452.31310213687846,455.9635009765625,56653900
2024-08-02,447.2640403973027,449.9224810667855,440.8956555322436,445.1412353515625,66323200
2024-08-05,421.2945574349509,438.7331994932411,420.0447106916132,431.8688354492188,87483500
2024-08-06,433.7139000662552,443.4747652427256,431.0653583196362,435.9953918457031,63164400
2024-08-07,442.8994023141215,445.3892270566972,430.87687390170487,431.2736511230469,54929200
2024-08-08,437.5131289308338,445.3793510484239,433.6345683136623,444.4667663574219,47890100
2024-08-09,443.1474028666421,448.4246278308147,442.0264852411968,446.7879028320313,33574000
2024-08-12,447.7600208217018,450.7160368465025,444.9428329294768,447.7500915527344,27795000
2024-08-13,452.15439894866176,459.127863960262,452.0155102685008,458.8600158691406,40084500
2024-08-14,459.7825763186971,461.3696852946636,454.71365393980193,459.00885009765625,34733700
2024-08-15,464.9903709262572,471.0016356542181,464.6134219380081,470.6048583984375,38280600
2024-08-16,468.8193073837925,472.5788376604757,467.8571066619658,471.2099304199219,38383600
2024-08-19,471.3488586060215,477.43946708331714,469.5633154274319,477.3997802734375,23737700
2024-08-20,476.48713027188967,479.0562983925834,474.7015873379223,476.3978576660156,29209300
2024-08-21,477.1815214231533,480.4748301983497,475.4654529623726,478.619873046875,25658800
2024-08-22,480.94105627106063,481.6354391866517,469.99975748455006,471.0314025878906,37739600
2024-08-23,475.3860556663014,478.8579094947316,471.4579095251975,476.1399536132813,36061500
2024-08-26,475.5943896395711,476.51690353621575,469.4343071814681,471.5174255371094,27452600
2024-08-27,469.8807062950141,473.9973269818552,467.9166180602349,472.926025390625,27510000
2024-08-28,472.4597852663623,473.1838953869333,464.1273423400533,467.55950927734375,37372400
2024-08-29,469.474017424249,474.0866174099052,465.5954568847616,466.8750915527344,41081500
2024-08-30,471.21988258054085,473.0649105007143,466.7263126612224,472.4399719238281,33466500
2024-09-03,469.3946718201247,469.5236009683504,455.7155586156468,458.0962524414063,44985200
2024-09-04,454.9815125974433,460.7150301818237,454.04906940273753,456.9058837890625,32505100
2024-09-05,455.27903680936527,461.6176336949727,454.2573211179129,457.3323974609375,34452400
2024-09-06,456.6281350612839,457.51099244826287,444.5857774590215,445.0817565917969,50624400
2024-09-09,449.41656247911686,451.7972560136181,446.2026277211483,450.8052978515625,32981200
2024-09-10,452.5710357784829,455.4774965444328,448.5933036625266,454.9715881347656,29680300
2024-09-11,456.2115530037745,465.595470202267,447.6509478882776,464.85150146484375,57843000
2024-09-12,464.8812332254474,470.2279027858919,463.0957204635057,469.41448974609375,40067800
2024-09-13,468.6804395051492,472.69785826290064,468.4522782122762,471.5174255371094,29111800
2024-09-16,469.3847403668008,470.0493354611843,466.11129015562886,469.434326171875,22585600
2024-09-17,472.4598133335985,473.75927624673307,467.1825880669746,469.6823120117188,30084400
2024-09-18,470.8825973200617,474.9793594981901,467.0436934318543,467.6488037109375,39909200
2024-09-19,478.7289317416037,482.3198458494959,476.625985203916,479.472900390625,52782500
2024-09-20,478.6099190548314,479.8002810455393,474.4536116289575,478.5603332519531,34577700
2024-09-23,479.7394898731133,480.9215814970044,478.3984582486053,479.8288879394531,24843000
2024-09-24,481.2394174064224,483.09698124372767,476.9779581260297,482.1433715820313,25952600
2024-09-25,481.5175252200048,484.54726755271423,481.3387291034352,482.5903625488281,26549900
2024-09-26,490.0901931881352,490.41801640583714,482.5705094037965,486.2161254882813,32020200
2024-09-27,487.2392614802521,487.3783453414164,482.3320991127466,483.5141906738281,22851100
2024-09-30,482.5506239403687,485.163145041189,479.7096512380656,484.8254089355469,30281100
2024-10-01,484.45789556530616,484.7558891089586,474.22634938914285,478.0706176757813,42735400
2024-10-02,477.1666675287949,480.6632868155441,474.5442333784376,478.7461242675781,23744000
2024-10-03,476.5507811119696,481.3288028328077,475.80576695198806,478.3884887695313,25337200
2024-10-04,484.2095239323109,484.6366580868301,479.18316441320445,484.0803833007813,30686600
2024-10-07,482.16321764841706,483.3353659172032,477.6732465009889,478.8950805664063,24975100
2024-10-08,481.4380421027617,486.7325955637371,480.6334293107615,486.0471801757813,28272000
2024-10-09,485.74920714012944,490.447773778929,484.7061994960775,489.8716125488281,24995000
2024-10-10,487.58691507255554,491.18284505079606,486.275682942402,489.3153381347656,25750400
2024-10-11,487.4776527786812,491.10341258908966,486.9114650593824,490.0802307128906,20644500
2024-10-14,492.4742082900232,495.5138635907322,491.96761928304056,494.1927185058594,26060100
2024-10-15,494.5205546447263,495.1861140140683,485.43138730099,487.58697509765625,34784500
2024-10-16,487.91470906379936,488.4213283685863,484.3287222996869,487.6465148925781,22996800
2024-10-17,493.1397531110063,493.1894085935661,487.92465422473487,487.9842529296875,27210700
2024-10-18,490.7755832902001,492.27555480613046,490.0206259209049,491.182861328125,25335000
2024-10-21,489.97096880094847,492.93116924698734,488.0438631229109,492.1265563964844,30336500
2024-10-22,489.4544555633244,494.1430793049816,488.69949816726046,492.6629638671875,26685800
2024-10-23,490.30873810325465,490.9643542322551,481.8255013194498,485.1134948730469,39346600
2024-10-24,488.83855437960295,489.7226524208326,486.186320885323,489.0471801757813,22024900
2024-10-25,491.8484255582351,496.9542401306092,491.1431236657781,492.0272216796875,38762100
2024-10-28,495.14634485652994,495.20594356524737,491.808695909538,492.106689453125,20477800
2024-10-29,492.4245661860894,498.01714406315233,490.5670023757053,496.8350524902344,28014100
2024-10-30,496.0701694991744,497.023779122654,492.5934368006454,493.0801696777344,29756000
2024-10-31,489.1067461640381,489.1564016466418,480.5341120892308,480.6334533691406,41245200
2024-11-01,482.27250423331776,487.4876034037089,481.9745106923199,484.1896667480469,33655800
2024-11-04,483.5837266285996,486.1267058425176,481.0308041919489,482.7791137695313,23291600
2024-11-05,484.3684401369943,489.60342550753097,484.2790420788911,488.9378662109375,24353600
2024-11-06,497.2323769880433,503.0434934464757,496.27876735997705,502.218994140625,43082200
2024-11-07,505.0202233472017,510.9108245933028,504.96062464380856,510.12603759765625,32853100
2024-11-08,509.6293527001951,511.4968595467081,509.003536010704,510.7220764160156,22924500
2024-11-11,511.94396128418833,512.1525870902249,507.5235618132748,510.4241638183594,24167500
2024-11-12,510.3545731007717,511.2386104698655,506.4407327396311,509.500244140625,25835300
2024-11-13,508.993692609422,511.5564976376752,506.5599675883879,508.84466552734375,24567400
2024-11-14,508.50691430007294,509.3810387475879,504.3944217545597,505.3083190917969,28679500
2024-11-15,499.59653880271634,499.98393038226766,491.2027009075782,493.2688903808594,51461100
2024-11-18,494.8185638874519,498.8019161327518,493.4278767926792,496.6959838867188,27080800
2024-11-19,494.1132725868944,500.5998613443361,493.7755061565385,500.1130981445313,24523000
2024-11-20,499.8150995018464,500.1329794832273,493.2589688807076,499.8250427246094,29565500
2024-11-21,502.87458895036497,503.5898037198209,494.25229945698686,501.62298583984375,34526700
2024-11-22,501.0667855255596,503.1627443485037,499.4376731861755,502.42767333984375,23826600
2024-11-25,506.51028341338935,508.0499975204078,500.9077927392111,503.2222900390625,26375200
2024-11-26,504.7023906900349,506.7487241855674,503.8580655412627,505.9242248535156,26557100
2024-11-27,504.79177253466,504.8612841455914,498.5932345398961,501.9408264160156,24957400
2024-11-29,502.5666793592157,506.9473662694866,501.9508058356558,506.3513488769531,15334000
2024-12-02,507.61289470197977,512.8279935185523,507.2254728102631,511.8644104003906,25147200
2024-12-03,510.53332774826833,513.712066617979,509.9571665497168,513.4338989257812,18597900
2024-12-04,516.8609754862974,520.0397143539412,516.145730442112,519.7814331054688,26086200
2024-12-05,519.8310926249068,520.5562202670988,517.9536425774054,518.341064453125,18169600
2024-12-06,519.0066933159925,523.2184973917406,518.8775526658897,522.9801025390625,23762600
2024-12-09,522.05625826133,522.8509279284456,517.7550260804971,518.9073486328125,20674400
2024-12-10,520.1390419811773,521.8873514458777,515.7086696162847,517.1390991210938,24350000
2024-12-11,521.5099406153433,527.0826322868602,521.1026928624702,526.397216796875,32168600
2024-12-12,524.172087298011,525.4436072298987,522.5231493050896,522.9999389648438,23577500
2024-12-13,526.9336318983244,529.6255775680266,523.7946049815864,527.003173828125,28780400
2024-12-16,529.5361568963015,535.5658114467504,529.4566717517013,534.59228515625,31979900
2024-12-17,532.7943729529336,533.9069225697383,530.5792169420574,532.2380981445312,28579100
2024-12-18,531.5924949709128,533.3109750076851,511.5863655730192,513.03662109375,54703200
2024-12-19,517.7252440498319,518.2914620886642,510.4141862887627,510.75189208984375,46441800
2024-12-20,507.04664991259176,521.331058004988,505.9043010570096,515.2119750976562,60530000
2024-12-23,516.9283129789839,520.6096547422801,513.5255874709457,520.2315673828125,29672800
2024-12-24,522.1817089140545,527.3753394867748,521.5449237989343,527.2858276367188,17558200
2024-12-26,525.6541636548213,528.5594126577853,523.6542961736733,526.9276733398438,19090500
2024-12-27,523.3557601634299,523.7935423499296,515.2468608204825,519.9231567382812,33839600
2024-12-30,512.9087076093017,516.7392559298054,509.24725408886206,513.0081787109375,34584000
2024-12-31,514.2917011100618,515.0478150719294,507.6851925636333,508.6502990722656,29117000
2025-01-02,511.70483525262233,514.0330543562292,503.1581839494331,507.6553955078125,36389800
2025-01-03,510.7596665964024,517.0279260529678,509.9438576684863,515.9633178710938,29059500
2025-01-06,521.3758536522039,525.2561381071918,519.3959047599175,521.8931884765625,36109700
2025-01-07,522.9378882230591,523.335833378113,510.6900071781392,512.5803833007812,36690300
2025-01-08,512.4809392152073,514.3116206247583,507.9936868197137,512.6699829101562,30777800
2025-01-10,508.8990985985744,508.9985697107834,501.3772485549007,504.6307373046875,40532500
2025-01-13,498.6709265319041,503.4665814430954,497.1784956229263,503.0089111328125,31694200
2025-01-14,506.1728767537031,507.58572476161,499.0589618879038,502.5313415527344,33737200
2025-01-15,510.4412484499944,515.236872995838,508.8791331149936,514.0927124023438,34957600
2025-01-16,516.3611892710602,516.44080259186,510.3616484408425,510.4909973144531,28229000
2025-01-17,520.2116841905068,521.4255596709942,510.5208417683664,519.1072998046875,51837900
2025-01-21,521.8334628963586,523.3159346639001,517.4357831491008,522.15185546875,23628000
2025-01-22,526.8977897673428,531.1263442087582,526.5893564607029,528.8280029296875,33593000
2025-01-23,526.3704605822451,530.0717211689421,525.7834717090722,529.9523315429688,23096600
2025-01-24,530.3303669169458,531.0964401539385,525.4849461020708,526.9574584960938,19878300
2025-01-27,508.42153200479015,515.3762512683116,507.5758149688551,511.6153564453125,60771700
2025-01-28,512.6201673808628,520.3609385993179,509.1975535777298,519.1769409179688,33194200
2025-01-29,519.8237453870555,519.9530942793344,514.2918029729001,518.2019653320312,26649000
2025-01-30,521.0674092489711,523.4453032843132,515.5951619544196,520.4107055664062,27431300
2025-01-31,524.2611216563674,528.8379462917052,518.5600549193936,519.6544799804688,38755200
2025-02-03,510.8790043064367,518.2217697288138,508.4712326155503,515.49560546875,40580800
2025-02-04,516.0129890744747,522.4602714517823,515.614983190396,521.823486328125,26046800
2025-02-05,519.1868804659659,524.3506939252882,517.9929235736566,524.1914672851562,21134100
2025-02-06,524.6989858456699,527.136635565115,523.0871650426626,526.9276733398438,19434500
2025-02-07,527.4649102497111,529.4149811581992,519.5550140724782,520.2813110351562,29605500
2025-02-10,524.5595601596075,527.68372994529,524.0919609808617,526.579345703125,20852800
2025-02-11,523.306019618235,527.2459985319832,523.1766707420592,525.3257446289062,19325500
2025-02-12,519.6644316230244,526.5196788561027,519.3162220342847,525.6341552734375,25009400
2025-02-13,527.3056301742746,533.5141325782865,526.5196384823547,533.19580078125,28714800
2025-02-14,533.3052931830399,536.1210299534633,532.966982109474,535.4345092773438,17862600
2025-02-18,537.0064842826905,537.2751412860282,533.3351017214825,536.6483154296875,20565000
2025-02-19,535.8523280383527,538.0810150531318,533.7529898884638,536.7975463867188,19666900
2025-02-20,536.0115349648631,536.3796630770588,529.7732148425396,534.5191040039062,26550800
2025-02-21,535.6632745780284,535.6831930883143,523.0572259266131,523.4253540039062,47093800
2025-02-24,525.2162949415896,526.400292568826,516.908453766449,517.2467041015625,39268400
2025-02-25,516.6199080719186,516.6995213959628,506.86937096397327,510.7297973632813,48940000
2025-02-26,512.9287296094318,517.0378342798732,508.78968643898986,511.9635925292969,34457600
2025-02-27,515.5154989416602,516.4507580909494,497.5267143835209,497.74560546875,52448000
2025-02-28,497.6063054446295,506.21265072070776,494.4224407770984,505.6057434082031,47654000
2025-03-03,508.93885561166286,510.4511747502602,491.08937854664106,494.5418701171875,44587200
2025-03-04,491.68635636601033,501.19811409825184,485.2788502299198,493.0494384765625,67875400
2025-03-05,493.6961873600139,501.08868829896096,488.7811121667995,499.4768676757813,46323700
2025-03-06,491.1988293432897,496.0641384820351,483.74663380211234,485.7365417480469,57574300
2025-03-07,484.7017992368597,490.7909129209113,478.1052492912749,489.3084411621094,54714700
2025-03-10,481.0105123404904,481.527877477655,466.2951345184157,470.3446044921875,76668000
2025-03-11,469.96649132071,476.3938851576426,464.65344101869744,469.2202758789063,68760800
2025-03-12,476.74214541675576,478.6325518771569,469.4093395543602,474.5134582519531,46971100
2025-03-13,473.8468663020031,473.8767137089589,464.0764102439584,465.9767761230469,46563300
2025-03-14,471.3395542793586,478.1350765220873,470.73261656970107,477.2396240234375,43563000
2025-03-17,477.1898651106022,483.3884393542646,475.3890008308422,480.33392333984375,41744400
2025-03-18,476.9908983924578,477.1898709733085,470.0262204273719,472.1454772949219,39072300
2025-03-19,474.40401064913135,482.8810077328089,472.4737974749432,478.4634399414063,40430300
2025-03-20,474.4736793716476,482.10495972485467,473.77719941007575,476.8416748046875,36780500
2025-03-21,471.6877671830669,479.1797694014654,470.52368803573967,478.4136657714844,42234900
2025-03-24,486.0025586791713,489.75914861467663,482.6744601047364,488.91217041015625,34567200
2025-03-25,489.639545469345,491.8615821216475,488.67299966529646,491.7021484375,26035200
2025-03-26,490.5462802575752,491.4032325143907,481.1000700784772,482.6545104980469,34627100
2025-03-27,480.69152170184447,484.84664994408064,478.5392125885613,479.9043273925781,33469800
2025-03-28,478.10077374160966,478.8082359990657,466.382656576976,467.2695007324219,46363800
2025-03-31,460.2745390190723,468.1862267806507,455.70086298518777,467.2496032714844,53000300
2025-04-01,465.6353253704141,471.94279304476703,462.7656103358645,471.01611328125,41156200
2025-04-02,464.4595575234652,477.85168326885497,464.2004739785432,474.4538269042969,49894500
2025-04-03,454.8140043600852,458.4310779026491,448.5364593153614,449.0545959472656,70456300
2025-04-04,436.57922963452495,438.8012662497565,421.1643371582031,421.1643371582031,117088400
2025-04-07,407.2042370577914,441.5614201479207,400.9565835810788,422.1806945800781,161557000
2025-04-08,436.5991608457656,441.5614317044957,408.3302272191484,414.577880859375,101248100
2025-04-09,414.0896201649672,466.16343342206665,413.9501042914269,464.3399658203125,142876900
2025-04-10,451.9442914367033,453.96705879904806,431.0888571820337,444.590576171875,108384100
2025-04-11,443.06604289719394,454.1663741146707,439.75786224337,452.78131103515625,52483800
2025-04-14,462.8054576620582,463.3933522712816,451.0176127444343,455.850341796875,43941200
2025-04-15,456.9065795217768,460.7328968756089,454.52507867632215,456.3585205078125,35404200
2025-04-16,447.43041565591307,451.0076233213972,436.2005738134235,442.5976867675781,48980600
2025-04-17,445.5770765238,446.1549970317344,439.78774529191,442.51800537109375,44837000
2025-04-21,436.6688946094812,437.51584230875216,426.40556828000206,431.5671081542969,44149300
2025-04-22,437.2568260974721,445.9856002161295,436.06108861931057,442.8966674804688,52304400
2025-04-23,456.5378601430672,461.7292918835912,451.26669636006665,452.9407043457031,55801100
2025-04-24,454.8538775624891,465.9940433908054,454.2061687513021,465.6851501464844,45956100
2025-04-25,465.30650394037264,471.4046976673071,463.7321457882604,470.8765869140625,38697100
2025-04-28,471.34492884890216,473.1185867567387,464.3698648773637,470.7271423339844,33550800
2025-04-29,468.4951374553907,474.722873222181,467.91718654726753,473.8360290527344,30613100
2025-04-30,465.4659581608863,475.5000933242452,460.7826887017505,473.7762451171875,46810600
2025-05-01,481.6879595225004,485.4445187613678,479.0274574431888,479.964111328125,43316500
2025-05-02,484.8068330037864,489.1612611202772,483.1029025512637,487.0886535644531,39218100
2025-05-05,482.87372581995743,487.2879376271539,482.37550695931134,484.198974609375,28309500
2025-05-06,477.851682965364,483.3221164592232,476.48656811897325,479.6950988769531,32786300
2025-05-07,480.3626833864985,484.0694329267226,475.0815756262524,481.5783386230469,38006300
2025-05-08,486.7897334740293,490.9448922772597,482.4452794741909,486.5505981445313,39577600
2025-05-09,488.46373075344206,489.789009962343,484.4680361370782,486.2317199707031,27767400
2025-05-12,505.1839413174901,506.08075957729017,499.69359025194126,506.0408935546875,45090600
2025-05-13,507.34623920694446,515.5469326874095,506.60888501619945,513.7533569335938,53269600
2025-05-14,514.9291670405382,517.3803650369858,513.9127810511419,516.8323364257812,47014500
2025-05-15,514.6800738473207,520.0707756057274,513.334846321635,517.4003295898438,50153300
2025-05-16,518.8052131652029,519.8415472706685,515.2578974745052,519.6522216796875,48394600
2025-05-19,512.4081714236444,520.6686798199481,512.4081714236444,520.1505126953125,52536200
2025-05-20,517.6194881585196,519.0743091661009,514.819500517199,518.4166870117188,42517600
2025-05-21,514.4309376384672,521.1369442471234,509.418826553865,511.21240234375,71292800
2025-05-22,511.8301907509696,515.8658123150946,510.4750499996911,512.1690063476562,55607200
2025-05-23,504.37683685319297,510.0166779867416,503.77896814055566,507.4259338378906,58368100
2025-05-27,514.3113346789697,519.8515257666644,512.7568943253785,519.3632202148438,47226300
2025-05-28,520.3198331572289,521.8144897137478,516.543356152141,517.0614624023438,46637200
2025-05-29,524.4551068947912,524.6045360691892,515.4771928839561,518.077880859375,58513300
2025-05-30,517.589644720194,518.8252178409589,510.10638723489177,517.2608032226562,67662800
2025-06-02,515.3974267063834,521.58532672364,514.1319313645083,521.34619140625,44762800
2025-06-03,521.6949026792081,526.8564424978958,520.8280067740416,525.4215698242188,44070300
2025-06-04,526.1290501987006,527.9525481163902,524.0962784813655,526.8863525390625,41359300
2025-06-05,528.2913461648635,531.1511175724819,520.7981150051966,522.9205322265625,61031200
2025-06-06,528.1120196484558,529.9055954761677,526.3284179293108,528.0322875976562,42467000
2025-06-09,528.251567558544,530.4536562468535,527.1255879414605,528.8095703125,33688700
2025-06-10,529.2777972976213,532.9945512832284,527.0059509616149,532.3070068359375,40664800
2025-06-11,533.7119535961438,534.8678553808483,528.221572163124,530.5133666992188,53701000
2025-06-12,529.1981197879245,532.735461425523,528.9490103653087,531.7589111328125,34104900
2025-06-13,525.8002306481651,529.9753069836088,523.8571649976662,525.0828247070312,55814400
2025-06-16,528.6102414640853,533.4628885796845,528.5604317387102,532.38671875,37622100
2025-06-17,529.8158873625565,531.4301114980193,526.0293756198878,527.1952514648438,42180900
2025-06-18,528.2116221164397,530.6529067451564,525.5212888702348,527.1055908203125,43983500
2025-06-20,530.3639576995934,531.6593145894406,523.0102423618315,524.9533081054688,61643500
2025-06-23,525.5229332044729,530.8698234247422,522.3706802794006,530.3511352539062,50666100
2025-06-24,535.5782888900031,539.3789778904177,534.9598085403529,538.4612426757812,45442000
2025-06-25,540.7355939583459,541.9825398600767,538.0621492513585,539.8377685546875,44804200
2025-06-26,542.0224539142,545.3343497414623,540.196968838495,544.8854370117188,43811400
2025-06-27,545.922987304897,548.6462981008426,543.2096009334672,546.7509765625,57577100
2025-06-30,549.9131598811205,551.4493754022211,547.6686571277671,550.292236328125,45548700
2025-07-01,548.3869215848855,549.3645687252039,543.3293009206998,545.6536254882812,56166700
2025-07-02,544.8255458862538,549.6537471519974,544.7856655368287,549.4542236328125,36538300
2025-07-03,551.8284721476665,555.8386700313663,551.8284721476665,554.8610229492188,26443500
2025-07-07,552.1676854094138,552.9856893302406,548.2373089969742,550.6813354492188,45349300
2025-07-08,552.0279766846955,552.656442328,549.7535179973017,550.9905395507812,36153300
2025-07-09,553.1252961239118,556.2676245184426,551.7486628164066,554.8909912109375,43045500
2025-07-10,555.5294408217566,555.9384123345195,551.399540909487,554.0929565429688,34710900
2025-07-11,551.9481827978439,554.4320895669904,550.7012367582291,552.8460083007812,39618600
2025-07-14,552.6365273151346,555.5893176048168,550.2823076862738,554.8511352539062,36453300
2025-07-15,558.881207037374,559.4298511098242,555.2999512724816,555.3598022460938,43277700
2025-07-16,555.9184813380132,558.841315448374,550.2124247955553,555.9284057617188,52314700
2025-07-17,556.6566959464612,560.9361929372504,555.8486773290106,560.4274291992188,40423800
2025-07-18,561.7441739242998,563.350225741294,558.6118309954545,559.8887329101562,50484700
2025-07-21,560.7167515850907,564.6770230188278,560.6867956545606,562.7916259765625,39595200
2025-07-22,562.921259039647,562.9711246996918,557.2451587250212,559.8787231445312,43270600
2025-07-23,560.9661767273466,562.4724365095674,558.2129099278791,562.4325561523438,40215300
2025-07-24,563.7492795819054,564.8565530178993,561.9137482789852,563.6295776367188,42275500
2025-07-25,563.5497827933865,566.313034745678,562.8914220636111,564.9862670898438,30630800
2025-07-28,566.3528450456176,567.6496566103068,565.4849755661548,566.7518920898438,31498700
2025-07-29,569.3655332995753,570.7122106355441,565.1458874865731,565.8740844726562,45463300
2025-07-30,566.7918454902335,569.2258866472484,563.6694876691353,566.6322631835938,43433800
2025-07-31,573.1362622854951,573.2260691874027,562.4923482714106,563.6295776367188,64613600
2025-08-01,557.4647130315702,557.6542512690211,550.3321571804888,552.5267944335938,69400800
2025-08-04,557.6840912908586,562.94123486933,557.5843599698458,562.7217407226562,47669800
2025-08-05,564.0086701757624,565.1757946176326,558.3624644272935,558.9011840820312,48666600
2025-08-06,559.7391099978526,566.3728874107766,559.2603021929511,565.9339599609375,41823700
2025-08-07,570.2732989674302,571.9192921000312,563.7293285635382,567.8492431640625,44463000
2025-08-08,569.0562817589437,573.3657343884216,568.7570268998204,573.146240234375,35255500
2025-08-11,573.285909687358,575.39073988548,570.1735373972913,571.4503784179688,33112900
2025-08-12,573.754745111433,578.9320673642603,571.0912854904631,578.6328125,42143300
2025-08-13,581.336189461128,581.8948188134602,577.5255153167782,578.922119140625,41209300
2025-08-14,576.867214657275,580.4583950264449,576.4980626010837,578.4732666015625,45425000
2025-08-15,578.3834553032891,578.4233965447576,574.1638092686386,575.9295043945312,49480200
2025-08-18,575.0316052093148,576.3583727113783,573.8345249533343,575.699951171875,29831000
2025-08-19,574.9817743394825,575.1513419461467,566.8616474345037,567.88916015625,53752600
2025-08-20,566.941450640785,567.0611525811408,557.4746467271129,564.5173950195312,76781100
2025-08-21,562.9712019127612,565.1059882525514,559.609440091839,561.9038696289062,46436900
2025-08-22,563.2904178641013,572.5876551514443,561.8938747848422,570.5725708007812,51502100
2025-08-25,569.0063962953644,571.8892890383006,567.7693747773127,568.9265747070312,34044700
2025-08-26,568.4378222244122,571.5202387152399,567.410309470112,571.2109985351562,34103000
2025-08-27,570.1935457073605,573.0066024398417,568.9764946916996,572.0888671875,36927100
2025-08-28,572.707329573353,576.5878402039835,571.0613973569876,575.6701049804688,46787900
2025-08-29,573.2560108987077,573.6251629601264,567.1509676530454,569.0064697265625,56030400
2025-09-02,559.938570005311,564.5871576131589,558.1728750960445,564.238037109375,65876800
2025-09-03,567.8392715420716,570.30326864531,565.3453793937941,568.67724609375,54230200
2025-09-04,569.3455646209001,574.1936761101587,567.6397814409955,573.8245849609375,47526300
2025-09-05,579.0717573630119,579.7002230398967,570.1336870891607,574.652587890625,68342500
2025-09-08,576.9569100864685,579.4209069942706,576.3584003727692,577.4556884765625,46371400
2025-09-09,578.2537612972826,579.5206779783559,575.6301819149563,579.0917358398438,44007600
2025-09-10,582.3138007742962,582.3437567038031,577.1364785105435,579.28125,49308000
2025-09-11,581.8150406027271,583.4510484301161,580.1990033956353,582.6530151367188,44745800
2025-09-12,583.6105864506874,586.423703827438,582.6728806584372,585.2266235351562,50745900
2025-09-15,587.0023615482407,590.3441526771844,586.8527036647196,590.2344360351562,44360300
2025-09-16,591.1620945578748,591.4114837468736,589.0472791060467,589.735595703125,36942100
2025-09-17,589.6558208790498,590.3042571762861,582.942282862292,588.5585327148438,69384800
2025-09-18,593.4565071541567,596.678657118695,591.5113200438022,593.8655395507812,61069300
2025-09-19,595.8705968632576,598.583922026821,594.3941714550525,597.8856201171875,58196100
2025-09-22,596.9708269829692,602.0942306490323,596.9508332125652,601.4251098632812,57154800
2025-09-23,601.5949151722127,601.7946700200599,596.2118359493293,597.4302978515625,64635500
2025-09-24,598.8085103543956,599.1281059107118,592.5964822123717,595.3329467773438,49850300
2025-09-25,591.4379907146171,594.354216296693,587.7427395490681,592.7662963867188,70920200
2025-09-26,593.585214360816,595.5327174506845,590.2994696097071,595.203125,54337400
2025-09-29,598.3391106571707,601.275330198043,596.6412858554952,597.9595947265625,48332900
2025-09-30,597.659966987958,599.9370624727763,595.3329480316206,599.5974731445312,46533800
2025-10-01,596.4015613877941,603.0130380816322,595.5726732971928,602.4737548828125,46899600
2025-10-02,606.2788672228089,606.378714165839,602.1541765957764,604.9505615234375,43765400
2025-10-03,605.7296019230981,606.5485541284623,600.6161947999731,602.4038696289062,46482100
2025-10-06,607.6670775886568,608.5758798079479,605.1902273252953,606.9280395507812,41962100
2025-10-07,608.2363844032766,608.9254990082667,602.2541015785323,603.732177734375,58209500
2025-10-08,604.6309888518371,610.9628579603992,604.481218431623,610.6532592773438,50629800
2025-10-09,610.6931491958702,610.8229867928995,606.6982962574127,609.9141845703125,45551000
2025-10-10,610.6132994204178,612.3909772904724,588.2920219287263,588.741455078125,97614800
2025-10-13,598.9083327066105,602.1741444216893,596.4614731416003,601.2353515625,65872600
2025-10-14,594.5439886761187,601.9144974152143,589.3706613014698,597.2305297851562,69203200
2025-10-15,603.232804101606,605.9193452011472,595.1631839173533,601.445068359375,62805500
2025-10-16,604.3313635356964,607.5272581453062,594.7337437778706,599.2179565429688,70982000
2025-10-17,597.1806072651552,604.7308770883808,595.6026232431807,603.1528930664062,72024900
2025-10-20,606.3587502275053,612.0114401498232,606.2888329883251,610.7530517578125,45761700
2025-10-21,610.8529979566828,611.9315643975107,608.5359758597962,610.5933227539062,44538200
2025-10-22,610.034035159382,610.6232418416384,598.9682752728291,604.7108764648438,61478800
2025-10-23,604.1316243630486,610.5833341066889,603.7421725102494,609.7943725585938,42844300
2025-10-24,615.1973511503762,617.6242169779957,614.3384724044602,616.305908203125,47632500
2025-10-27,623.7164465731967,627.7412294550786,623.2270868116484,627.2818603515625,54098600
2025-10-28,629.5488872669928,633.8633359425862,628.4403301580431,632.1055908203125,61195700
2025-10-29,634.77220425535,636.190360053584,629.4390484873167,634.9519653320312,67422800
2025-10-30,631.3565662863019,632.6848720357782,625.1346019679808,625.2444458007812,61628600
2025-10-31,633.3539723359148,633.3839629929544,625.883616641787,628.2605590820312,66305100
2025-11-03,634.2927319253315,635.001840248536,629.0394906897283,631.2666625976562,37154300
2025-11-04,622.478029730703,626.1432903257465,617.6642245044198,618.4531860351562,63830800
2025-11-05,617.6941518361581,625.7937017112316,616.4158305661566,622.47802734375,48688500
2025-11-06,620.9899080817669,621.2395864016282,609.5147022540025,610.8829345703125,72115100
2025-11-07,607.5272307243642,609.1651350193971,597.899620744235,608.9553833007812,81835400
2025-11-10,618.1235878797521,623.5066669290842,616.0962316788492,622.4280395507812,55919900
2025-11-11,619.7714893858831,621.9186863012081,616.7254261621581,620.7702026367188,44868800
2025-11-12,624.0359942081623,624.0559270220305,617.0150110236092,620.2808227539062,47444400
2025-11-13,616.74538060573,617.324651379383,605.3001653620098,607.6171875,71333600
2025-11-14,598.7785201159286,612.5607508498654,596.4015776914192,608.0765380859375,80087300
2025-11-17,605.5198574697043,611.6918983068232,599.098138309288,602.8832397460938,63850400
2025-11-18,598.8484631892511,601.5350044005672,590.5791487748494,595.542724609375,83327300
2025-11-19,596.3017594726007,605.3800292662713,593.824969985886,599.09814453125,73111500
2025-11-20,610.8330032979317,613.239936406368,583.997582698434,584.9163818359375,117743200
2025-11-21,586.7140389774793,596.2118116612933,579.992718365408,589.3107299804688,103344200
2025-11-24,594.5140557410294,605.8993502749281,594.3941540703303,604.3812866210938,60168100
2025-11-25,602.7334243546638,609.4747385807095,596.5513870928105,608.1065063476562,57560900
2025-11-26,611.7218691656304,615.3971266508202,609.6046019291258,613.4796142578125,42393600
2025-11-28,615.3172117702823,618.5231032781257,614.6280971828623,618.4531860351562,23034400
2025-12-01,612.8404314452031,618.642953131189,611.7318743402105,616.3758544921875,40957600
2025-12-02,618.6629362671166,622.9473941962435,616.7953473526289,621.1996459960938,54541800
2025-12-03,618.8227062993094,623.4167629201941,617.2347863490129,622.7177124023438,47841600
2025-12-04,624.125857327544,624.1358542129962,618.7427783380717,622.138427734375,47067800
2025-12-05,623.576610658964,628.1107470640665,622.9074898206164,624.6751708984375,53614200
2025-12-08,626.4029681537079,628.0308756502869,620.8900514312259,623.4767456054688,43462400
2025-12-09,622.2083743789747,625.0646797487918,620.2009509200387,624.2457275390625,37156000
2025-12-10,623.0472575003708,628.4004070267185,620.1909521392804,626.8024291992188,55031400
2025-12-11,623.0173402820615,624.9748403012362,616.9251525569541,624.7750854492188,58272800
2025-12-12,621.2795807165155,622.7376631081598,610.5733425467316,612.8304443359375,75158700
2025-12-15,617.5743367162205,617.6242601897563,608.5359935678383,609.75439453125,49538200
2025-12-16,607.4773301066649,612.7205746597449,606.1290306476157,610.9628295898438,55152800
2025-12-17,612.2711370165166,612.8604046495489,599.5076134954934,599.6373901367188,70654300
2025-12-18,609.015347513387,612.1413249643276,606.1390483830863,608.3262329101562,78875800
2025-12-19,611.1625683957468,616.825255296648,611.0826542701337,616.2559814453125,60369800
2025-12-22,621.3499755859375,621.6500244140625,617.77001953125,619.2100219726562,43703100
2025-12-23,618.2000122070312,622.4099731445312,617.780029296875,622.1099853515625,41120400
2025-12-24,621.989990234375,624.280029296875,621.719970703125,623.9299926757812,18468700
2025-12-26,624.6599731445312,625.52001953125,623.1400146484375,623.8900146484375,28959800
2025-12-29,620.0999755859375,622.780029296875,618.72998046875,620.8699951171875,32458300
2025-12-30,619.8400268554688,622.1799926757812,619.219970703125,619.4299926757812,31226800
2025-12-31,619.6500244140625,619.9600219726562,614.0499877929688,614.3099975585938,40746500
2026-01-02,620.0599975585938,622.8499755859375,610.1500244140625,613.1199951171875,61859200
2026-01-05,619.3200073242188,620.8099975585938,616.719970703125,617.989990234375,46828400
2026-01-06,619.22998046875,624.02001953125,618.5399780273438,623.4199829101562,43137500
2026-01-07,623.0399780273438,627.9400024414062,622.5599975585938,624.02001953125,44880300
2026-01-08,623.030029296875,623.4199829101562,617.7999877929688,620.469970703125,50435900
2026-01-09,621.4099731445312,627.8900146484375,619.0599975585938,626.6500244140625,49688700
2026-01-12,622.3099975585938,628.8499755859375,622.260009765625,627.1699829101562,37388700
2026-01-13,627.27001953125,629.469970703125,623.7000122070312,626.239990234375,44481400
2026-01-14,622.239990234375,623.4500122070312,614.5599975585938,619.5499877929688,72598700
2026-01-15,626.5999755859375,630.0,620.75,621.780029296875,53934900
2026-01-16,625.5,626.0800170898438,618.8800048828125,621.260009765625,61058100
2026-01-20,610.530029296875,615.0599975585938,607.0499877929688,608.0599975585938,81988900
2026-01-21,609.469970703125,620.4199829101562,607.8599853515625,616.280029296875,79837900
2026-01-22,622.3499755859375,622.4600219726562,617.780029296875,620.760009765625,42254800
2026-01-23,619.72998046875,625.4000244140625,618.6500244140625,622.719970703125,43645800
2026-01-26,623.2100219726562,627.6099853515625,622.1199951171875,625.4600219726562,35983000
2026-01-27,628.9099731445312,632.0399780273438,627.3400268554688,631.1300048828125,38997200
2026-01-28,635.4600219726562,636.5999755859375,631.8099975585938,633.219970703125,50691700
2026-01-29,632.6500244140625,633.6699829101562,618.27001953125,629.4299926757812,79944000
2026-01-30,625.7100219726562,628.260009765625,619.2999877929688,621.8699951171875,65650700
2026-02-02,618.7000122070312,628.489990234375,618.6599731445312,626.1400146484375,49020300
2026-02-03,628.2999877929688,629.97998046875,610.9600219726562,616.52001953125,81234000
2026-02-04,615.02001953125,615.0999755859375,600.469970703125,605.75,81850700
2026-02-05,600.2100219726562,604.8099975585938,594.760009765625,597.030029296875,89354500
2026-02-06,600.1900024414062,611.4099731445312,598.77001953125,609.6500244140625,78019300
2026-02-09,607.5399780273438,616.4600219726562,605.0700073242188,614.3200073242188,56797600
2026-02-10,615.3099975585938,617.02001953125,611.010009765625,611.469970703125,53938900
2026-02-11,616.3800048828125,617.52001953125,607.6900024414062,613.1099853515625,58575100
2026-02-12,614.7100219726562,615.8099975585938,599.5700073242188,600.6400146484375,81378900
2026-02-13,600.4299926757812,606.47998046875,596.4199829101562,601.9199829101562,69237500
2026-02-17,598.3800048828125,603.9500122070312,593.3400268554688,601.2999877929688,69013800
2026-02-18,602.1099853515625,609.77001953125,600.719970703125,605.7899780273438,64250700
2026-02-19,602.8099975585938,605.8200073242188,600.75,603.469970703125,60960800
2026-02-20,600.1199951171875,610.3499755859375,599.22998046875,608.8099975585938,74127300
2026-02-23,606.6099853515625,608.010009765625,599.0499877929688,601.4099731445312,63859100
2026-02-24,602.4000244140625,608.989990234375,599.72998046875,607.8699951171875,55023700
2026-02-25,611.0700073242188,616.8300170898438,611.0,616.6799926757812,55710700
2026-02-26,615.5900268554688,615.5900268554688,603.97998046875,609.239990234375,96178900
2026-02-27,602.97998046875,608.3200073242188,602.1900024414062,607.2899780273438,68125200
2026-03-02,598.8599853515625,609.9199829101562,597.989990234375,608.0900268554688,75264600
2026-03-03,596.3300170898438,603.9600219726562,591.8699951171875,601.5800170898438,97015500
2026-03-04,604.1599731445312,612.8800048828125,603.4299926757812,610.75,70943900
2026-03-05,607.4000244140625,612.760009765625,602.260009765625,608.9099731445312,89602400
2026-03-06,600.3099975585938,606.0,598.3300170898438,599.75,86302300
2026-03-09,594.22998046875,609.27001953125,591.3300170898438,607.760009765625,93068200
2026-03-10,607.780029296875,613.2899780273438,605.4199829101562,607.77001953125,64078900
2026-03-11,608.9500122070312,612.4299926757812,605.030029296875,607.6900024414062,60114800
2026-03-12,602.760009765625,604.1400146484375,597.0499877929688,597.260009765625,71836600
2026-03-13,599.72998046875,603.5999755859375,592.5700073242188,593.719970703125,63145500
2026-03-16,600.0399780273438,603.8599853515625,599.1099853515625,600.3800048828125,49077200
2026-03-17,603.1400146484375,605.9000244140625,601.8699951171875,603.3099975585938,47106600
2026-03-18,601.489990234375,603.1599731445312,594.5599975585938,594.9000244140625,56128000
2026-03-19,589.510009765625,595.7999877929688,587.0800170898438,593.02001953125,75597600
2026-03-20,591.0599975585938,591.1699829101562,578.5399780273438,582.0599975585938,91964700
2026-03-23,590.52001953125,595.0800170898438,585.9600219726562,588.0,89936100
2026-03-24,584.8099975585938,587.9299926757812,581.9299926757812,583.97998046875,57750900
2026-03-25,589.1400146484375,591.3699951171875,585.6900024414062,587.8200073242188,60475500
2026-03-26,582.5999755859375,584.6300048828125,573.4299926757812,573.7899780273438,81492100
2026-03-27,570.8099975585938,571.02001953125,561.5700073242188,562.5800170898438,82702200
2026-03-30,567.3800048828125,568.0499877929688,555.5999755859375,558.280029296875,70602600
2026-03-31,564.2899780273438,578.6400146484375,564.2100219726562,577.1799926757812,95878000
2026-04-01,581.47998046875,587.739990234375,580.4199829101562,584.3099975585938,79435100
2026-04-02,573.969970703125,586.0499877929688,571.9199829101562,584.97998046875,50941700
2026-04-06,586.22998046875,590.6099853515625,584.6900024414062,588.5,35108500
2026-04-07,585.6400146484375,588.97998046875,578.4000244140625,588.5900268554688,49948200
2026-04-08,608.7100219726562,609.9000244140625,602.1199951171875,606.0900268554688,63086000
2026-04-09,605.9299926757812,610.5,603.030029296875,610.1900024414062,37837500
2026-04-10,611.8400268554688,613.6699829101562,609.5800170898438,611.0700073242188,34038500
2026-04-13,609.47998046875,626.739990234375,608.1099853515625,617.3900146484375,32972100
2026-04-14,620.219970703125,628.5999755859375,620.0999755859375,628.5999755859375,49921100
2026-04-15,629.0800170898438,637.8300170898438,628.2000122070312,637.4000244140625,50102400
2026-04-16,639.2100219726562,642.1799926757812,635.260009765625,640.469970703125,42320600
2026-04-17,645.5900268554688,650.0,644.0700073242188,648.8499755859375,53488900
2026-04-20,648.0399780273438,648.760009765625,642.52001953125,646.7899780273438,37138500
2026-04-21,648.4099731445312,650.2000122070312,642.2100219726562,644.3300170898438,39580500
2026-04-22,650.1500244140625,655.3300170898438,648.52001953125,655.1099853515625,37368400
2026-04-23,653.5499877929688,656.9199829101562,645.52001953125,651.4199829101562,40099800
2026-04-24,658.510009765625,664.510009765625,656.530029296875,663.8800048828125,45423700
2026-04-27,663.385009765625,664.4199829101562,660.6900024414062,664.22998046875,31899468
