Date,Open,High,Low,Close,Volume
2002-07-30,36.61165468911573,36.67883272053248,36.50864791870117,36.50864791870117,6100
2002-07-31,36.70122620730879,37.08190061175596,36.678835806164,36.96097946166992,29400
2002-08-01,36.96543773058914,37.18040322587007,36.96543773058914,37.17144775390625,25000
2002-08-02,37.24309930169102,37.664074753653125,37.117698796342616,37.5521125793457,52800
2002-08-05,37.637206308729965,37.81634647756984,37.55211395974776,37.71781921386719,61100
2002-08-06,37.56111406633271,37.574548995796405,37.27001139961886,37.39540863037109,64900
2002-08-07,37.44018586399897,37.68202479956226,37.33270303157673,37.48497009277344,40300
2002-08-08,37.43123038497114,37.51631939459733,37.33270303157673,37.48497009277344,40900
2002-08-09,37.61930290809554,38.01340866088867,37.61930290809554,38.01340866088867,35900
2002-08-12,38.20152696419379,38.828512927533126,38.12986947305944,38.24631118774414,32100
2002-08-13,38.416475736349526,38.72549255175548,38.23285947536876,38.71653366088867,75400
2002-08-14,39.16887924001796,39.36593392413828,38.85090681043478,38.86434173583984,130000
2002-08-15,38.68519747967175,38.7389405926289,38.44783804354056,38.52397155761719,87100
2002-08-16,38.712073806016114,38.74789913400382,37.98655709939474,38.09403991699219,85000
2002-08-19,38.089573407499934,38.2194466604511,37.937302912425785,38.21049118041992,47300
2002-08-20,38.344852726586055,38.644910893966994,38.33589382846867,38.63595199584961,40800
2002-08-21,38.37171248546292,38.55980829458743,38.349318662883405,38.429931640625,40000
2002-08-22,38.31348841630914,38.31348841630914,38.09403991699219,38.09403991699219,34400
2002-08-23,38.15672239901489,38.492609051882326,38.15672239901489,38.47021865844727,20100
2002-08-26,38.380645744863,38.609049619038245,38.36721082582016,38.506046295166016,23900
2002-08-27,38.24628394320027,38.37168104654216,38.15671214308835,38.264198303222656,301800
2002-08-28,38.53292824849341,38.59562683495034,38.44335639868587,38.45679473876953,18100
2002-08-29,38.85538760202451,38.90017182719644,38.67176783695702,38.76581573486328,135700
2002-08-30,38.850870167561055,39.02105142354459,38.716514206596045,38.998661041259766,78100
2002-09-03,39.16648596656645,39.598270416259766,39.130503071212566,39.598270416259766,102100
2002-09-04,39.5937473742617,39.71518871360095,39.50828890817229,39.58924865722656,66300
2002-09-05,39.83661415124191,39.8725970132279,39.30138023162266,39.80513000488281,648400
2002-09-06,39.566773680628266,39.6657248956815,39.22044442794197,39.33738708496094,140000
2002-09-09,39.35534970110561,39.503776414970325,39.24740455989226,39.27888870239258,83800
2002-09-10,39.20692952671566,39.58024401542468,39.1304685152494,39.46780014038086,336000
2002-09-11,39.13048991480408,39.26542401125488,39.01804597826728,39.26092529296875,177700
2002-09-12,39.34639468915269,39.64324497950439,39.34189596961958,39.5667839050293,43400
2002-09-13,39.72866702225153,40.00303032610813,39.6612000172596,39.93106460571289,155100
2002-09-16,40.11998068334623,40.12897811666658,39.98505006717939,39.99854278564453,73000
2002-09-17,39.86808544699403,40.17393281226258,39.74214890215053,40.074981689453125,75400
2002-09-18,40.10197580255351,40.281883215060745,40.039004090359256,40.083984375,196600
2002-09-19,40.34487677137245,40.3763609314371,40.14697780733014,40.35387420654297,109900
2002-09-20,40.23241107945429,40.26389522248041,40.05699893523531,40.164947509765625,113500
2002-09-23,40.47980721087029,40.5877524026082,40.37635730479779,40.524784088134766,163200
2002-09-24,40.61471967185302,40.90257565105857,40.57423810178545,40.7856330871582,251900
2002-09-25,40.52477148795522,40.64171407769506,40.14696171858531,40.29088973999024,127200
2002-09-26,40.0525098123619,40.26840013160171,39.85460749346312,40.19643783569336,429000
2002-09-27,40.2683934176692,40.497779846191406,40.245906705234745,40.497779846191406,298200
2002-09-30,40.77664870720663,40.88459386699157,40.515778092171146,40.659706115722656,297800
2002-10-01,40.25471207439443,40.31792018217162,40.09217595594352,40.1553840637207,257500
2002-10-02,40.2908156153134,40.39917528926249,40.11021960331401,40.38562774658203,91000
2002-10-03,40.31793906014156,40.41275126620103,40.09219472821376,40.28633499145508,29900
2002-10-04,39.911601331760245,40.50756627144915,39.911601331760245,40.41275405883789,131000
2002-10-07,40.58884417197141,40.615932397946125,40.39018799592692,40.48048782348633,433800
2002-10-08,40.40820415507244,40.8687207203296,40.34499606659758,40.493988037109375,530900
2002-10-09,40.7694222826792,40.80553875308264,40.61139851575237,40.701698303222656,402900
2002-10-10,40.71074564223066,40.71074564223066,40.3089208722464,40.381160736083984,97100
2002-10-11,40.22762583900158,40.281805700638245,39.75807737190251,39.90255355834961,421800
2002-10-14,39.95669832310663,39.97927410677128,39.76255829516592,39.84382629394531,18300
2002-10-15,39.279517414251664,39.414965403859135,38.89575270314446,38.9002685546875,297100
2002-10-16,39.09892734570999,39.09892734570999,38.77837072782953,38.91833114624024,125200
2002-10-17,38.43973234977553,38.62935670163589,38.40812829113214,38.44424819946289,233400
2002-10-18,38.38560094065821,38.55265314411655,38.05149997832992,38.54362487792969,459100
2002-10-21,38.60228634108267,38.647434525079085,38.1507976119472,38.16885757446289,134900
2002-10-22,38.30879863403104,38.30879863403104,38.024362118354,38.06048202514648,205000
2002-10-23,38.26366003570698,38.46682853416886,38.006311663515696,38.07403564453125,127800
2002-10-24,37.99725521485232,38.48937578557339,37.96113532583181,38.40810775756836,339600
2002-10-25,38.53452871602017,38.62934085305147,38.44423242682349,38.548072814941406,146100
2002-10-28,38.62938302771519,38.66550296066181,38.46684677404176,38.49393844604492,97800
2002-10-29,38.746747514236745,39.2298401285818,38.72417170873347,38.99506759643555,125000
2002-10-30,38.99505770897099,39.13501802276734,38.8596097994637,38.98151016235352,31900
2002-10-31,38.85062213809124,39.21632705343882,38.83707457731904,39.15763473510742,512700
2002-11-01,39.139008343578695,39.424726383972846,38.662808149485016,38.99388122558594,125100
2002-11-04,38.76713937197125,38.88958903365428,38.66282758156299,38.82155990600586,342500
2002-11-05,38.821549793913526,38.821549793913526,38.59025220419851,38.6718864440918,73800
2002-11-06,38.57211628587737,39.0619182898721,38.50862336943168,38.82608795166016,118500
2002-11-07,39.4791752010013,39.78757095336914,39.38846853259571,39.78757095336914,147900
2002-11-08,40.09142059097202,40.20480130335593,39.88733323261813,40.109561920166016,294700
2002-11-11,40.159431198329166,40.32723236083984,40.0914021102369,40.32723236083984,70000
2002-11-12,40.43157620550591,40.43157620550591,40.07782881856741,40.095970153808594,494300
2002-11-13,40.114065503964326,40.22291340002167,39.891840438026165,40.18209457397461,104700
2002-11-14,39.7512875873228,39.7512875873228,39.347652435302734,39.347652435302734,118000
2002-11-15,39.247851323128735,39.56078306505629,39.12086553223155,39.5063591003418,110700
2002-11-18,39.46553896217375,39.74218805184821,39.43832871076418,39.683231353759766,32200
2002-11-19,39.88730293245722,40.01429214034857,39.68775538311792,39.828346252441406,51800
2002-11-20,40.00070262413676,40.00977501621849,39.370306318503246,39.43833541870117,307400
2002-11-21,39.22970658192949,39.22970658192949,38.93945238229339,39.05736923217773,323200
2002-11-22,39.15257900445037,39.17978923383868,38.94849190373692,39.02105712890625,184800
2002-11-25,39.00297135965357,39.17530882467459,38.91226815913835,38.94854736328125,288200
2002-11-26,39.09365718177444,39.465545674738834,39.07098312177764,39.43833541870117,377800
2002-11-27,39.11636133754954,39.15264401037506,38.53131621363607,38.54945755004883,325600
2002-11-29,38.622015489183454,38.835168365918406,38.61294309266382,38.79888916015625,31700
2002-12-02,38.43395885182,38.90777762972465,38.33828440761484,38.83488082885742,284900
2002-12-03,39.04442291748107,39.04442291748107,38.78018091391388,38.88952255249024,113800
2002-12-04,39.13554361994991,39.18110234610098,38.97608634046714,39.08998489379883,129000
2002-12-05,38.85312267348098,39.30871745806854,38.84401230719067,39.19026184082031,206400
2002-12-06,39.63670428565332,39.67770610440921,39.07176832426165,39.25856018066406,440500
2002-12-09,39.2722106382997,39.56834750307082,39.25854337123302,39.47723007202149,400300
2002-12-10,39.45902992496296,39.60481998898634,39.40891426458843,39.58203887939453,151600
2002-12-11,39.70506122089844,39.93285847004197,39.61849715393265,39.84629440307617,163800
2002-12-12,39.66404347190839,39.91006484095255,39.66404347190839,39.80983352661133,135800
2002-12-13,39.700493565861926,39.709607399872574,39.42258071899414,39.42258071899414,425800
2002-12-16,39.59116944419328,39.59116944419328,39.10823682885989,39.126461029052734,115700
2002-12-17,39.317813393122194,39.34059103643016,39.03534350399929,39.126461029052734,290600
2002-12-18,39.39983305686149,39.49550753129655,39.295044741482975,39.43172454833984,191000
2002-12-19,39.5455709200359,39.85992849853271,39.477231107003625,39.78247833251953,134400
2002-12-20,39.74149715402329,39.89184064962605,39.705048771370286,39.80983352661133,41900
2002-12-23,39.800715021388505,39.818939208984375,39.2950051123053,39.818939208984375,74200
2002-12-24,40.09230239312468,40.12875077497295,40.01940562942812,40.04218673706055,46600
2002-12-26,40.04676228742624,40.11965560913086,39.96931204689301,40.11965560913086,13500
2002-12-27,40.34287825829264,40.561561584472656,40.21986584589618,40.561561584472656,140200
2002-12-30,40.502329998802765,40.65723037719727,40.37931760334048,40.65723037719727,274900
2002-12-31,40.72867407877047,40.90267178030403,40.44020916943594,40.55467987060547,109400
2003-01-02,40.15630361467379,40.24788223295635,39.47405950196241,39.50611114501953,192100
2003-01-03,39.44662268027509,39.62519677773902,39.300100254320846,39.59772491455078,311200
2003-01-06,39.45577346287141,39.5107206751805,39.29093531931386,39.49240493774414,35600
2003-01-07,39.464927758550594,39.721341061356696,39.45576814438223,39.63434219360352,69800
2003-01-08,39.780858958176594,39.89990947195641,39.7350713739132,39.83122634887695,160100
2003-01-09,39.45577776759563,39.45577776759563,38.92921161230208,39.06657791137695,237500
2003-01-10,39.34128774794079,39.34128774794079,38.97498361876304,39.167293548583984,145200
2003-01-13,39.16731145567385,39.31841368105991,39.10320811642582,39.23141479492188,53300
2003-01-14,39.377903826152746,39.50611039595033,39.35958810284351,39.36874771118164,98900
2003-01-15,39.50614134903286,39.69845135440423,39.46950987371362,39.56108856201172,129600
2003-01-16,39.55188261033634,39.6526173027658,39.20389448259088,39.61598587036133,57900
2003-01-17,39.88159893402717,39.94570225901892,39.80375968130422,39.81291580200195,97700
2003-01-21,39.78082007880021,40.04181289672852,39.74419214320868,40.04181289672852,107500
2003-01-22,40.14715623942628,40.24789099478316,40.07389332885116,40.238731384277344,107100
2003-01-23,39.982289444697614,40.15628349219471,39.97313333414107,40.04181289672852,110700
2003-01-24,40.174638415237936,40.495158491375065,40.174638415237936,40.27995300292969,285300
2003-01-27,40.24790883885036,40.31201216734013,40.064754974578406,40.13343811035156,150500
2003-01-28,40.13343811035156,40.19296163155795,39.881601110306455,40.13343811035156,454700
2003-01-29,40.21583183414347,40.238723869397056,39.826632301160586,39.91362762451172,221400
2003-01-30,39.92734668087942,40.24786647936167,39.88155913634358,40.21123504638672,108600
2003-01-31,40.2479151603884,40.3898577681429,40.08307700599028,40.32117462158203,182300
2003-02-03,40.2834780936451,40.393758192061405,40.11806145165031,40.37997055053711,55200
2003-02-04,40.605113923304,40.61889805607587,40.48564559656629,40.55916213989258,56900
2003-02-05,40.54077498616834,40.7567321855929,40.17318184919027,40.20994186401367,223300
2003-02-06,40.361555080443466,40.55454333033581,40.33858270934131,40.536163330078125,120900
2003-02-07,40.32943974759595,40.674057281691375,40.26511142168194,40.62810897827149,247200
2003-02-10,40.4902257747657,40.61888230491803,40.29264510185247,40.34318923950195,76600
2003-02-11,40.25130658669306,40.393750811379526,40.17319416047635,40.334014892578125,259100
2003-02-12,40.34321813492058,40.494847150844265,40.28348219911637,40.47646713256836,121300
2003-02-13,40.55919591877787,40.97733365778274,40.51324760272823,40.697044372558594,440200
2003-02-14,40.57296909518442,40.60513325550852,40.25591986796788,40.34781646728516,829700
2003-02-18,40.23294831957403,40.425936808035566,40.13185994600631,40.39836502075195,213200
2003-02-19,40.61430170878597,40.75674241995977,40.54997341950562,40.67403411865234,62100
2003-02-20,40.59133676495384,40.848653497103214,40.59133676495384,40.811893463134766,486700
2003-02-21,40.69244005453142,40.76596014947703,40.53161922887673,40.572975158691406,250400
2003-02-24,40.83943142473529,40.84862317922016,40.71996666144935,40.76591491699219,168200
2003-02-25,41.078417628675794,41.19329015923382,40.894620878656674,40.95435333251953,358500
2003-02-26,41.069199537857074,41.23921203613281,40.963518840638265,41.23921203613281,334000
2003-02-27,41.10598211760088,41.34951129899016,41.03705790450571,41.30815887451172,695700
2003-02-28,41.20704052212832,41.602201983761,41.16109224869794,41.57003784179688,213100
2003-03-03,41.51008455658835,41.71763357182991,41.46857616108143,41.62077713012695,204100
2003-03-04,41.570057377316,41.71764870184655,41.519322529616,41.648468017578125,83100
2003-03-05,41.79603063001954,41.80064032656761,41.5285204384339,41.78680419921875,126000
2003-03-06,41.76377658792539,41.82373435784053,41.53777460831571,41.62540817260742,166000
2003-03-07,41.84218808976523,41.87447358753474,41.53316925127771,41.76839065551758,263800
2003-03-10,41.88367210061671,41.98514175415039,41.823714359371024,41.98514175415039,147200
2003-03-11,41.96667949901286,42.045090082806745,41.84676405340286,41.91133499145508,82800
2003-03-12,41.934433746213685,42.13737318306934,41.91598438660358,42.063575744628906,454800
2003-03-13,41.57926529428512,41.68995785866483,41.288692474365234,41.288692474365234,830200
2003-03-14,41.46396973009095,41.56543940529659,41.33482778668524,41.491641998291016,590900
2003-03-17,41.749959599988685,41.749959599988685,40.984330237724514,40.99355316162109,724400
2003-03-18,41.03045358650125,41.14114627210824,40.59229254678321,40.60612869262695,415200
2003-03-19,40.606062357336434,40.61989848057707,40.2785945381867,40.30626678466797,398400
2003-03-20,40.50462685574252,40.56458461320396,40.01573132251504,40.241729736328125,206700
2003-03-21,40.08952877694169,40.14949005858512,39.68826675415039,39.68826675415039,843400
2003-03-24,40.17255106019807,40.40316272359628,40.05724522849896,40.31553268432617,373800
2003-03-25,40.42621545834387,40.50462256029101,40.08029804743765,40.2693977355957,606400
2003-03-26,40.24177005968787,40.42626025370441,40.24177005968787,40.35246276855469,309500
2003-03-27,40.47235114707573,40.52769921885101,40.27863817414486,40.38010787963867,191600
2003-03-28,40.55073527075971,40.62453265792619,40.45849205565472,40.47232818603516,253400
2003-03-31,40.725994398109954,41.01656363623881,40.725994398109954,41.00272750854492,643800
2003-04-01,40.94622269563028,41.12686750992963,40.71462641741278,40.88600540161133,289800
2003-04-02,40.59883239403196,40.62198990387406,40.42744985858066,40.45987319946289,312200
2003-04-03,40.41355312951111,40.56640753102589,40.36260166233952,40.43671417236328,245600
2003-04-04,40.32558657003063,40.4367554485429,40.24221167808771,40.32095718383789,184900
2003-04-07,39.9364841778589,40.23292729009116,39.797524922927245,40.228294372558594,485400
2003-04-08,40.32093578952012,40.57105679875188,40.29314181769826,40.55253219604492,194700
2003-04-09,40.48306255552784,40.69613087803443,40.37652662733376,40.672969818115234,102400
2003-04-10,40.64516424279177,40.69148281150608,40.45988643405428,40.48304748535156,53300
2003-04-11,40.21439929564688,40.44599569876253,40.10786339530619,40.41820526123047,450000
2003-04-14,40.344070717756416,40.34870363277914,40.16342590453597,40.30701446533203,207100
2003-04-15,40.45065595318588,40.54329316348484,40.316329524534254,40.52476501464844,128500
2003-04-16,40.54324200069614,40.714624510747605,40.515451579452666,40.69146347045898,97700
2003-04-17,40.872119117770936,40.94623163925026,40.66831675146186,40.75632095336914,106200
2003-04-21,40.52007157675674,40.68218820545962,40.41816868617851,40.66829299926758,148000
2003-04-22,40.83041930709173,40.88137076445921,40.58492784916378,40.6451416015625,299900
2003-04-23,40.659058894138994,40.76559478119141,40.57568405806152,40.7285385131836,42700
2003-04-24,40.94623420064303,41.21951618946425,40.94623420064303,41.09445571899414,199000
2003-04-25,41.1083575355545,41.27047429511584,41.07593418364224,41.18709945678711,529700
2003-04-28,41.265826733278985,41.265826733278985,41.12223815917969,41.12223815917969,80500
2003-04-29,41.006453953340646,41.117619224833525,40.90918389904933,41.052772521972656,177500
2003-04-30,41.126866171451866,41.46499474767289,41.09907574981141,41.43257141113281,293400
2003-05-01,41.536447177063785,41.72270998893422,41.350187917860985,41.45262908935547,231200
2003-05-02,41.47122010185452,41.475877645134034,41.10335234139398,41.12663650512695,231500
2003-05-05,41.12199260848706,41.38276182870915,41.07077027340768,41.34550857543945,77700
2003-05-06,41.36878725257672,41.62955646055952,41.21977779915753,41.55039596557617,260600
2003-05-07,41.90898834326175,42.06265548649426,41.82517022446847,42.03471374511719,306900
2003-05-08,42.18835308462472,42.32805104143693,42.03934358860279,42.13713073730469,437400
2003-05-09,42.04867896182496,42.1976885297187,42.00211058531514,42.17906188964844,110000
2003-05-12,42.43980427690065,42.46308845227986,42.24888753892336,42.444461822509766,364700
2003-05-13,42.32800111509502,42.54685933137738,42.29540543730802,42.53754425048828,227800
2003-05-14,42.76108584672682,43.296589636244825,42.66329875427538,43.18948745727539,1426500
2003-05-15,43.1196118926958,43.57129738795905,43.1196118926958,43.324501037597656,810300
2003-05-16,43.52944097363567,43.65982383519329,43.282640782639845,43.64119720458984,703900
2003-05-19,43.82280219809674,43.88333608276239,43.36645863220744,43.4921875,817800
2003-05-20,43.37575325597206,44.13476943969727,43.36178417784596,44.13476943969727,606600
2003-05-21,43.88799548097027,44.54457091174807,43.82746159374961,44.13013458251953,1799600
2003-05-22,44.28378193463335,44.56317417454302,44.19065237221849,44.52126693725586,576200
2003-05-23,44.595780497537234,44.80066984684426,44.5352466228174,44.633033752441406,690600
2003-05-27,44.52592454631807,44.56783178366654,43.82744216918945,43.82744216918945,846400
2003-05-28,43.72500678213791,43.83676299140836,43.45026847487684,43.75294494628906,730500
2003-05-29,43.91125708434996,44.14408452689123,43.80415489760844,44.13476943969727,508300
2003-05-30,43.981130626253794,44.11617105568367,43.757618127841454,44.05097961425781,722200
2003-06-02,43.90038538910586,43.90038538910586,43.53096330065204,43.72736740112305,478600
2003-06-03,43.84427945581725,44.227729700638285,43.82089690755613,44.07809066772461,389400
2003-06-04,44.17162330780136,44.28852893911599,43.97989992763725,44.20903396606445,394100
2003-06-05,44.51763286857044,44.60180500889522,43.86296463012695,43.86296463012695,820900
2003-06-06,43.8161720952202,44.02660409799026,43.66653322483069,44.02192687988281,276800
2003-06-09,44.28385973018032,44.368031942668885,44.08278186521749,44.316593170166016,282200
2003-06-10,44.4615206331994,44.85899879861293,44.45684341214531,44.844970703125,534800
2003-06-11,45.008643358141214,45.17231043863586,44.75144968331049,44.78886032104492,633600
2003-06-12,44.943171668189365,45.23309872778179,44.89641015991301,45.13957214355469,315400
2003-06-13,45.32662547223395,45.49029254849922,45.24713054485863,45.44353103637695,478400
2003-06-16,45.59318699680455,45.668008298206864,45.01333618164063,45.01333618164063,789300
2003-06-17,44.87774984751394,44.9058060670803,44.61120505859961,44.65796661376953,691600
2003-06-18,44.45218924799302,44.45218924799302,44.05003365293135,44.08744430541992,657600
2003-06-19,43.93776044265186,44.18092586810065,43.722654761784106,44.00322723388672,817700
2003-06-20,43.90975132388684,43.97989540900414,43.50291848434756,43.83960723876953,561700
2003-06-23,43.87233695179681,44.157586924139565,43.73672601677517,44.101470947265625,819900
2003-06-24,44.0266653671791,44.50831604003906,43.96119849325699,44.50831604003906,292900
2003-06-25,44.62053650041938,44.65326993154345,43.699319637486525,43.79752349853516,1002800
2003-06-26,43.605795187668654,43.605795187668654,43.0773830826266,43.20831680297852,1423800
2003-06-27,43.27841903039515,43.27841903039515,42.81079701415175,43.053958892822266,735900
2003-06-30,42.983878224864725,43.26445113457393,42.87164977451667,43.25510025024414,541900
2003-07-01,43.256457135942966,43.41605601573477,42.95603276581876,43.04052734375,449000
2003-07-02,42.81052394491158,43.21891511444009,42.76827843496482,43.14850234985352,338800
2003-07-03,43.04523157262869,43.04992671204624,42.52887725830078,42.52887725830078,559100
2003-07-07,42.37869001536112,42.52420719102346,42.25664138793945,42.25664138793945,465400
2003-07-08,42.449089234176206,42.47256135624726,42.073556769097394,42.29418182373047,389600
2003-07-09,42.49602693526152,42.57113485557993,42.298874016439854,42.4303092956543,270400
2003-07-10,42.57113282561262,42.59929650371768,42.303567139586775,42.41622543334961,718000
2003-07-11,42.38807216968782,42.61808395385742,42.34582306080733,42.61808395385742,389500
2003-07-14,42.5664261676242,42.65561589928024,42.07354044609782,42.1298713684082,465900
2003-07-15,42.0312876543944,42.181499839841706,41.026742992714105,41.14409637451172,3171100
2003-07-16,41.031453375557646,41.646384178618966,40.90940481036681,41.37881851196289,1205400
2003-07-17,40.99390738745578,41.32719075060464,40.92349460226252,41.25208282470703,1030600
2003-07-18,41.14415686518738,41.28967412652868,41.04558030930977,41.167625427246094,550800
2003-07-21,41.07370800677615,41.12064867108671,40.20529318233008,40.29447937011719,1267600
2003-07-22,40.35551534618826,40.538586488801805,40.10672654116699,40.49164581298828,1576900
2003-07-23,40.74509615073895,40.86244953414391,40.5573300210228,40.627742767333984,1374700
2003-07-24,40.32263569958986,40.407130304973904,40.15834162838259,40.27099990844727,701100
2003-07-25,40.36020816243074,40.66063276793823,40.08794724451963,40.16305160522461,1273500
2003-07-28,40.0128253962838,40.03629751535241,39.618519581597454,39.62321472167969,1268500
2003-07-29,39.51524906667616,40.06446228698766,39.08338928222656,39.08338928222656,2139300
2003-07-30,39.308743363748654,39.768770846863525,39.22894381077697,39.52467346191406,1963400
2003-07-31,39.28523108973474,39.29461778732066,38.599887563015805,38.93786239624024,4706400
2003-08-01,38.71527279900175,39.04065201029906,38.65868761285309,38.90861511230469,3061200
2003-08-04,38.89450232064152,39.24345779418945,38.83319685252262,39.24345779418945,1858700
2003-08-05,39.23874488255996,39.2764707745613,38.57384312529695,38.68230056762695,2413000
2003-08-06,38.90392633808314,39.502809439313054,38.842624476614944,39.44622421264648,2549700
2003-08-07,39.516948377019226,39.63483903017533,39.20571532577326,39.61125946044922,1796400
2003-08-08,39.7715599196139,39.98376509865941,39.4461844014528,39.45090103149414,2399100
2003-08-11,39.39903635594846,39.40846602008243,39.09723673536768,39.25284957885742,1355000
2003-08-12,39.33776416776255,39.44622518444255,39.045397562147286,39.068973541259766,1534200
2003-08-13,38.76243606090546,38.833171155452725,38.28616052627564,38.314453125,2258100
2003-08-14,38.40409203898129,38.71532174951549,38.154164223528326,38.69174575805664,1612300
2003-08-15,38.76244003786677,38.90391024147592,38.62097343199435,38.66812896728516,515100
2003-08-18,38.80959066592217,38.95105724079274,38.67283712513213,38.847312927246094,655300
2003-08-19,38.92750591435302,39.44622421264648,38.90392633808314,39.44622421264648,1086500
2003-08-20,39.531084013314704,39.54994694445847,39.01707903342177,39.2339973449707,503600
2003-08-21,39.167994452354286,39.35190360693132,38.86619462957466,39.13970184326172,783600
2003-08-22,39.11612701530588,39.54053419186328,39.0925510374482,39.314186096191406,413200
2003-08-25,39.29060444501628,39.39434881577633,38.78603249446888,39.00766754150391,648200
2003-08-26,38.88034565030045,39.314186096191406,38.81904379058476,39.314186096191406,837200
2003-08-27,39.267023855818856,39.267023855818856,38.95579434932028,39.134986877441406,409100
2003-08-28,39.24814944485822,39.60182132875094,39.24814944485822,39.5405158996582,557200
2003-08-29,39.58297783998773,39.60655381851939,39.31890025717026,39.44622421264648,651100
2003-09-02,39.61294204579893,39.62241745069775,38.85980997770813,38.86928176879883,868700
2003-09-03,39.068226892151,39.068226892151,38.78402255613295,38.93086242675781,639900
2003-09-04,39.07295390289004,39.17716165871165,38.91664588296523,39.14874267578125,562900
2003-09-05,39.503981402705776,39.83081044015149,39.3950359810196,39.82133865356445,838000
2003-09-08,39.61292227532688,40.00133056474048,39.40924453735352,39.40924453735352,621100
2003-09-09,39.56082821853264,39.75977191952344,39.2766275777265,39.693458557128906,599900
2003-09-10,39.74086306514394,40.119796413828986,39.70296864613223,40.09611511230469,1285900
2003-09-11,39.9113600810258,39.96819806118977,39.693472724844064,39.8355712890625,859500
2003-09-12,40.271340080572685,40.44186122361091,40.0013488730635,40.110294342041016,1375300
2003-09-15,40.02506310154232,40.209793872906126,39.84033233017851,40.04874801635742,367100
2003-09-16,39.96346318354993,40.02503886544882,39.74083812881087,39.98714447021485,655200
2003-09-17,40.12925282078901,40.52713319054888,40.01557323140176,40.48450469970703,1223900
2003-09-18,40.56976961668608,40.56976961668608,40.18136099891484,40.5129280090332,615000
2003-09-19,40.56977814454692,40.749771185901935,40.4939893184121,40.560302734375,869300
2003-09-22,40.2618631476072,40.34712370823678,39.897139624462994,40.23817825317383,1126400
2003-09-23,40.20504229174651,40.517665713123286,40.09136269025012,40.5129280090332,632100
2003-09-24,40.51763470574381,40.96761867708442,40.42289876548863,40.86341094970703,1005300
2003-09-25,40.87766619425305,41.07660645317804,40.8066150692626,41.06713104248047,846800
2003-09-26,41.18076475168361,41.44128041152742,41.12392319730384,41.4365463256836,1869700
2003-09-29,41.218667626521984,41.422345405677085,41.04815014085933,41.10498809814453,743000
2003-09-30,41.20920587361323,41.80129216490077,41.19025867863508,41.78708267211914,1623900
2003-10-01,41.619188895604125,41.82371762619016,41.54784098885918,41.628700256347656,931900
2003-10-02,41.30524637588912,41.59539177619495,41.09596384617157,41.43843078613281,1194100
2003-10-03,40.92951722519482,41.00086153143661,40.47764938852539,40.56802368164063,1451200
2003-10-06,40.48713402580085,40.80581711776327,40.46810768209957,40.74398422241211,507200
2003-10-07,40.64410654181257,40.70118558911019,40.25407545754142,40.27310180664063,594200
2003-10-08,40.16849426890074,40.42059089600955,40.120930168488826,40.26362609863281,811800
2003-10-09,39.916354851090574,40.01624043446891,39.78793156643385,39.97819137573242,1385600
2003-10-10,40.19224246260063,40.30164306247148,40.09711434620382,40.21602630615234,256600
2003-10-13,40.12088441079639,40.19223229449644,40.05905151367188,40.05905151367188,116300
2003-10-14,39.8355094226307,40.00198545264571,39.7403812994522,39.78318786621094,337100
2003-10-15,39.55486627314749,39.62145666386424,39.40741301178543,39.58816146850586,465600
2003-10-16,39.70706315433419,39.84499776458541,39.35983881040716,39.43118667602539,564900
2003-10-17,39.51680206511871,39.80694738105025,39.483506879466056,39.735599517822266,354500
2003-10-20,39.69282530420171,40.025781091240376,39.67855644441124,39.86881637573242,281600
2003-10-21,39.96865607185332,40.13513195952483,39.88303938263623,40.01622009277344,429700
2003-10-22,40.23980830673985,40.43006817688269,40.14468018612103,40.40628433227539,798000
2003-10-23,40.43009161425246,40.43009161425246,39.96395484362776,40.11140823364258,1055600
2003-10-24,40.430075035057904,40.715463074230094,40.26835647679246,40.55849838256836,1412200
2003-10-27,40.50141445888865,40.58703121557696,40.33493844002388,40.477630615234375,346900
2003-10-28,40.358747888576,40.75829425216733,40.22556697701478,40.69170379638672,2200300
2003-10-29,40.56322509647304,40.596520281961816,40.24454208838005,40.32540130615234,926600
2003-10-30,39.954420153822696,40.216027927820505,39.859292033589945,40.14468002319336,936300
2003-10-31,40.30165676152943,40.53472326615747,39.830762627258615,40.52045440673828,887400
2003-11-03,40.38575878093196,40.39531279873613,40.13740897487594,40.32844924926758,957700
2003-11-04,40.42876621058093,40.581597783130285,40.40010778562085,40.557716369628906,246500
2003-11-05,40.50992680419475,40.50992680419475,40.24247266377054,40.28067779541016,275100
2003-11-06,40.0084729717182,40.080113561838,39.87952282453598,39.90340423583984,861600
2003-11-07,39.6979999141684,39.9224682121822,39.66456815541839,39.879486083984375,725700
2003-11-10,39.92723350279845,40.04185612148025,39.736193375803865,39.84604263305664,553900
2003-11-11,39.855599625650335,39.87948101191517,39.81261750291918,39.85082626342773,99900
2003-11-12,40.05142503844412,40.18992909096961,40.01799327706133,40.14216995239258,321400
2003-11-13,40.40485103885271,40.77260409428073,40.37619628162577,40.7630500793457,920400
2003-11-14,40.7391921893646,41.0544056038902,40.69142937898392,41.035301208496094,484800
2003-11-17,41.14034464489323,41.35526256538324,41.04959974150096,41.09736251831055,695000
2003-11-18,41.059189202466925,41.364852290240734,40.96844422073077,41.35052490234375,632200
2003-11-19,41.27407503003332,41.36959694762917,40.86333989384258,40.891998291015625,553900
2003-11-20,41.19291853606696,41.30754128912306,40.97800041861282,41.28843688964844,373300
2003-11-21,41.35051423750449,41.51767312617592,41.31230545043945,41.31230545043945,516900
2003-11-24,41.15948032155409,41.22156687730909,40.95411261400627,40.97321701049805,573800
2003-11-25,41.04960428782709,41.32183538436577,41.04960428782709,41.197662353515625,298700
2003-11-26,41.12127034820927,41.26455149588929,40.75352074672392,41.0305290222168,613800
2003-11-28,40.76306948291385,40.7869508878301,40.657997131347656,40.657997131347656,311300
2003-12-01,40.50822923924655,40.58982076381278,40.22025678316261,40.431434631347656,1106600
2003-12-02,40.508262185396845,40.604251861572266,40.31627917127459,40.604251861572266,589100
2003-12-03,40.56102888019046,40.69061521743037,40.29225138606103,40.4410400390625,1446100
2003-12-04,40.441075600033074,40.63785556839727,40.40747884144543,40.532264709472656,561500
2003-12-05,40.94020945284393,41.38656825616077,40.85381730827389,41.1801872253418,1163800
2003-12-08,41.17056781208918,41.17056781208918,40.8393974610903,40.89219284057617,436200
2003-12-09,41.012213477974925,41.13220240407991,40.48906351780748,40.604251861572266,939200
2003-12-10,40.82981870627314,40.84421678696545,40.58024343014247,40.67143249511719,555700
2003-12-11,40.56103067043237,40.97858951245541,40.49383720937651,40.96419143676758,510500
2003-12-12,40.99779484095213,41.21857391489845,40.99779484095213,41.040992736816406,553100
2003-12-15,41.036185501775535,41.21856723021325,40.88259992473088,41.01698684692383,690000
2003-12-16,40.98819933829429,41.20897842298886,40.92580278142707,41.15138244628906,462800
2003-12-17,41.386558119033495,41.58813851973222,41.37215638032418,41.42975234985352,533100
2003-12-18,41.42016450513484,41.80412673950195,41.42016450513484,41.80412673950195,708100
2003-12-19,41.74177335198575,41.78976821899414,41.568988901336645,41.78976821899414,477600
2003-12-22,41.81372902292921,41.91931616851869,41.588149327528,41.67454147338867,483700
2003-12-23,41.53052466483631,41.61211617353803,41.20415496826172,41.20415496826172,446600
2003-12-24,41.45375756543092,41.59294509887695,41.35776426903546,41.59294509887695,138900
2003-12-26,41.70812368647139,41.77531714742603,41.70812368647139,41.74652099609375,80500
2003-12-29,41.61216263171337,41.64575938820385,41.35778666660374,41.37218475341797,187800
2003-12-30,41.180159404285305,41.34334242168874,41.08416616307647,41.20415496826172,393900
2003-12-31,41.16559685291271,41.262035806623295,41.13184285122297,41.20417022705078,171400
2004-01-02,41.030595479535066,41.030595479535066,40.543573763351446,40.717166900634766,867100
2004-01-05,40.50980670791533,40.68821916237323,40.45676417310062,40.61106872558594,626400
2004-01-06,40.76537706609802,41.17524822682556,40.74608853538117,41.05952072143555,690500
2004-01-07,41.03538361873834,41.32470404174286,40.9341216546322,41.22344207763672,252000
2004-01-08,41.13183015692683,41.29577706341883,41.07396459521305,41.208980560302734,513300
2004-01-09,41.89373240751979,41.98535201719624,41.47421878197271,41.92748641967773,1623000
2004-01-12,41.75874073899652,42.13485814517782,41.75874073899652,41.89375686645508,863200
2004-01-13,41.797274955728106,42.17821502685547,41.73940938377757,42.17821502685547,465700
2004-01-14,42.187865874989576,42.39521295058566,42.02391890675154,42.38557052612305,1180300
2004-01-15,42.40966190681653,42.58325491080768,42.24089195263322,42.544681549072266,1537200
2004-01-16,42.76167979305356,42.81954536596705,42.245723724365234,42.245723724365234,751800
2004-01-20,42.192698989669175,42.40004611471772,42.192698989669175,42.2360954284668,629600
2004-01-21,42.31325642229027,42.34218738618189,42.16377487030097,42.33736801147461,570500
2004-01-22,42.40966107784112,42.665231207933495,42.29393363707883,42.64594268798828,443600
2004-01-23,42.70384086476462,42.867791584193306,42.076979988839305,42.13484191894531,1021300
2004-01-26,42.096261886654645,42.12519284714527,41.79247208585678,41.87926864624024,639500
2004-01-27,41.82141205360988,42.144486749955846,41.82141205360988,42.13966369628906,576100
2004-01-28,42.07216160020688,42.36148231955473,41.40190052346787,41.76837539672852,1823800
2004-01-29,41.575494465692856,41.7490876363193,41.479051771504494,41.68157958984375,814500
2004-01-30,41.9033820152083,42.05768660924189,41.758719848777936,41.970890045166016,526200
2004-02-02,41.85854792925852,42.06675138812703,41.82465451474993,41.88275909423828,335600
2004-02-03,42.08613161951347,42.12002504371686,41.93118972399709,42.09581756591797,350900
2004-02-04,42.02318997523902,42.05708340124175,41.87309104495643,42.01350402832031,645700
2004-02-05,42.04737919066507,42.16358833857482,41.75686370910024,41.84886169433594,971400
2004-02-06,42.192624845798434,42.34272366131912,42.13936326078719,42.30883026123047,798200
2004-02-09,42.39600939666335,42.43474578857422,42.31369733443198,42.43474578857422,272400
2004-02-10,42.35726404637086,42.3911574556422,42.14421764860555,42.19747924804688,203200
2004-02-11,42.13451016896058,42.70585855755842,42.08125229084714,42.512184143066406,1335100
2004-02-12,42.53642554694303,42.60905535739607,42.250752971694816,42.33306503295898,256700
2004-02-13,42.512184143066406,42.657439953935416,42.4008180300411,42.512184143066406,513600
2004-02-17,42.54123977130692,42.55576498476071,42.38145503510908,42.48313522338867,644100
2004-02-18,42.657465221974746,42.69620160545961,42.4589477212983,42.541259765625,990900
2004-02-19,42.38146698917689,42.5848274230957,42.3524165540754,42.5848274230957,668900
2004-02-20,42.48799183784033,42.52672821555958,42.22168385865089,42.28947067260742,1009800
2004-02-23,42.31370275988437,42.55095672607422,42.27980933614297,42.55095672607422,504000
2004-02-24,42.63326094057393,42.79788504153631,42.54126294644488,42.62841796875,940900
2004-02-25,42.715569516077856,42.78335633967782,42.62357152943298,42.69620132446289,572300
2004-02-26,42.53643107110114,42.58969269274336,42.38633215234912,42.56064224243164,399100
2004-02-27,42.715553975130895,42.98670117088087,42.58966262248834,42.9286003112793,836000
2004-03-01,43.00445919505858,43.09196559183842,42.80027883890506,42.91209030151367,771900
2004-03-02,42.83916452347541,42.8780533643632,42.4891389925014,42.63984298706055,676000
2004-03-03,42.48424194103623,42.605778278825895,42.34812183615095,42.56202697753906,718000
2004-03-04,42.48913265484273,42.75651055017869,42.45996139228093,42.751651763916016,421600
2004-03-05,43.64131882142252,43.75313401809505,43.51978233803892,43.578121185302734,2789800
2004-03-08,43.78229712406024,43.90869609241383,43.75312955790124,43.83577346801758,1309400
2004-03-09,43.87462832231062,44.16631486021662,43.84546078121869,44.12742233276367,829000
2004-03-10,44.005893944666525,44.20521540225401,43.9864513864106,44.098262786865234,878900
2004-03-11,44.26357382553109,44.26357382553109,43.82604189089528,44.16147994995117,1337100
2004-03-12,44.04968074779055,44.14690844518882,43.86008414156468,43.889251708984375,442100
2004-03-15,43.957291893064536,44.06424453707155,43.86492673514712,43.96215438842773,756200
2004-03-16,43.894086240624695,44.32675552368164,43.77741233628261,44.32675552368164,1374200
2004-03-17,44.46776202236177,44.47262451943924,44.19065903292259,44.25385665893555,1936500
2004-03-18,44.098308326322105,44.26845870424418,43.94760423573399,44.02052688598633,1842100
2004-03-19,43.9816006608833,44.044798264615984,43.855201744420725,43.96215438842773,366700
2004-03-22,44.03993772624946,44.22953796386719,44.03993772624946,44.22953796386719,947200
2004-03-23,44.18577940957616,44.307315826416016,44.11771931286562,44.307315826416016,562200
2004-03-24,44.31701561055355,44.35104563955352,44.20033804627224,44.282981872558594,327400
2004-03-25,44.10316323399074,44.21011594141788,44.069133164263874,44.112884521484375,514000
2004-03-26,43.98646049492224,44.04479559976226,43.55864994477813,43.64615631103516,1378600
2004-03-29,43.29125265424993,43.37875898128147,43.21833009689109,43.35445022583008,2454000
2004-03-30,43.41280849031399,43.47600609024722,43.30099335766612,43.32530212402344,1021000
2004-03-31,43.38847573179565,43.57320964337072,43.36902947126223,43.53432083129883,1647300
2004-04-01,43.426000882165006,43.4650414321853,43.21614256650515,43.39183807373047,1309200
2004-04-02,42.52311495005613,42.52311495005613,42.17172769868883,42.318138122558594,2603700
2004-04-05,42.12780742039987,42.16197022940667,41.92771203149344,41.98627471923828,1422700
2004-04-06,42.16685660858437,42.21566009521485,42.06924591185606,42.21566009521485,1695400
2004-04-07,42.11805725097656,42.3620784315188,42.093653643535255,42.11805725097656,659600
2004-04-08,42.054641235908775,42.17665191865666,41.96191564898035,41.99607849121094,893700
2004-04-12,41.87893899044009,41.908224081669175,41.77645047981319,41.84477615356445,311700
2004-04-13,41.44943938122783,41.53728715835225,41.37135081335374,41.390872955322266,1449500
2004-04-14,40.9857801116376,41.36645238096024,40.9857801116376,41.356689453125,2529200
2004-04-15,41.32251767562137,41.3859655223689,41.08337812413311,41.1126594543457,1184800
2004-04-16,41.3274071850884,41.42013638010326,41.19563745001047,41.26884078979492,986900
2004-04-19,41.41040320273597,41.43968828315479,41.14198207593219,41.18102264404297,682100
2004-04-20,41.12732757538396,41.20541613936843,40.80522155761719,40.80522155761719,1618700
2004-04-21,40.85888440675436,41.151708916320665,40.85888440675436,41.00529479980469,763600
2004-04-22,41.11757405644687,41.28350669267403,41.063889092145565,41.24934387207031,1024300
2004-04-23,41.04927285681411,41.161520595574565,40.87357718239127,41.01511001586914,963200
2004-04-26,41.039459740893776,41.13707039815834,41.02481907317056,41.0833854675293,515800
2004-04-27,41.19077856733482,41.263985670717936,41.03460515106921,41.23958206176758,1033400
2004-04-28,41.14198525685024,41.20542944297048,40.80523473201221,40.85403823852539,1215700
2004-04-29,40.87353673393051,41.08339504162249,40.51238652655363,40.6539192199707,2504900
2004-04-30,40.717366307520265,40.8979432859724,40.639277757876,40.819854736328125,831500
2004-05-03,40.71452855295367,40.94480386548812,40.71452855295367,40.87131118774414,668800
2004-05-04,40.974194594398135,41.10648214628708,40.51364776180191,40.59203720092773,3950900
2004-05-05,40.79290089426197,40.79290089426197,40.4205409251624,40.47933578491211,2236600
2004-05-06,40.44994475273145,40.49404184105352,40.356857544925695,40.37155532836914,3163200
2004-05-07,39.90610267953265,39.93060147624845,39.73462231649677,39.842411041259766,1756400
2004-05-10,39.92081275103907,39.98450440295414,39.73953133529138,39.74932861328125,958700
2004-05-11,39.73952057066822,39.94039648798248,39.73952057066822,39.93059921264648,766000
2004-05-12,39.88162751433456,39.9012258138848,39.65625267649699,39.66604995727539,1945700
2004-05-13,39.63173471464013,39.64643249770142,39.44555656587777,39.5141487121582,1187000
2004-05-14,39.70519876215372,39.8766790043111,39.55331679595561,39.83748245239258,4086400
2004-05-17,40.11188766909203,40.20987539173672,40.01879671598517,40.190277099609375,1735600
2004-05-18,40.02857346348936,40.13146537888544,39.9648818502352,40.03347396850586,674200
2004-05-19,39.881623931214456,39.90611899995645,39.75913737352522,39.90122222900391,319200
2004-05-20,40.04820149979677,40.224582431533975,39.98941034787961,40.20988464355469,1745900
2004-05-21,40.35684411331558,40.36174088083917,39.974683181018506,40.04817581176758,1461900
2004-05-24,40.14126393732419,40.21475656296655,40.018777473917,40.175559997558594,314800
2004-05-25,40.190290294396064,40.33237515547284,40.18049301411188,40.29317855834961,645300
2004-05-26,40.37156277938338,40.53324590308517,40.33236619097221,40.50874710083008,505500
2004-05-27,40.68026215687093,40.86154372920635,40.58227434036268,40.827247619628906,1122800
2004-05-28,40.67533434932569,40.91051018432379,40.54305051200951,40.71453094482422,612700
2004-06-01,40.51388336644243,40.52863833797386,40.18433940791795,40.34173202514648,662000
2004-06-02,40.34169559499215,40.39579961010664,40.21381678884212,40.238407135009766,906600
2004-06-03,40.23349179624307,40.35645478614292,40.13019958249846,40.322025299072266,1173600
2004-06-04,40.35151882712805,40.395783684298216,40.05640852173356,40.08591842651367,568200
2004-06-07,40.04658734201924,40.13020127807614,39.94821844695615,40.09577178955078,377200
2004-06-08,39.938384602222186,40.17447523522789,39.87936475837074,40.1695556640625,1294200
2004-06-09,40.0613607005525,40.09579020489077,39.84002870873998,39.99742126464844,589400
2004-06-10,40.01709104589174,40.13513451065621,39.91380254515608,40.076114654541016,336200
2004-06-14,39.93836092117633,39.96787457813554,39.72194870115162,39.756378173828125,892200
2004-06-15,40.2384156762713,40.63681839509383,40.2384156762713,40.597469329833984,1567400
2004-06-16,40.356464782116994,40.499098583501336,40.32695110550853,40.44007873535156,494700
2004-06-17,40.37612952060991,40.71058903602785,40.31710968129281,40.70567321777344,552800
2004-06-18,40.705682885563135,40.74994777556408,40.51386085715791,40.617149353027344,394500
2004-06-21,40.64170595092915,40.70072950777296,40.57284701087677,40.64662551879883,731900
2004-06-22,40.54332181987831,40.62201611346373,40.50889236283543,40.52364730834961,362700
2004-06-23,40.47451910715368,40.66634117025352,40.42041506345531,40.60240173339844,302900
2004-06-24,40.95158173166784,40.99092702356424,40.77451478427405,40.84829330444336,1087900
2004-06-25,40.784380106576535,40.89750775421415,40.75978975015735,40.88766860961914,253200
2004-06-28,40.71550376396459,40.75977239071996,40.42039334488157,40.46957778930664,573100
2004-06-29,40.528623049604604,40.74503547132287,40.41549538964482,40.725364685058594,401500
2004-06-30,40.83846400472282,41.19259798481837,40.77944417639511,41.14341354370117,1730800
2004-07-01,41.161159262663936,41.264864192708735,40.953749402574346,41.22042083740234,1099300
2004-07-02,41.80813237071383,41.822946838958,41.610597336234285,41.6550407409668,1293300
2004-07-06,41.76365750120656,41.7735325509312,41.551308139310144,41.58587646484375,351600
2004-07-07,41.58096938412931,41.68961385389278,41.546401031719824,41.60072326660156,303500
2004-07-08,41.63034376899704,41.74886326141529,41.59577542672228,41.62540435791016,715200
2004-07-09,41.60565211976107,41.68960327321074,41.52663660992593,41.66984939575195,2152900
2004-07-12,41.78344439745388,41.80813769278249,41.69949322160521,41.729122161865234,1297800
2004-07-13,41.5809547544522,41.61552309469929,41.45749585818878,41.60564804077149,307100
2004-07-14,41.64017240324331,41.66486566348311,41.55622134668807,41.620418548583984,241400
2004-07-15,41.625382556637135,41.66982593014176,41.56612095763288,41.66489028930664,562700
2004-07-16,41.90195163838318,42.22294554518402,41.90195163838318,42.2180061340332,2970600
2004-07-19,42.17851344252645,42.2575252037636,42.15382014782672,42.247650146484375,978300
2004-07-20,42.129125833396095,42.16369418453833,41.778502909619775,41.86739349365234,1091500
2004-07-21,41.68467037604363,41.75874271181082,41.57602592669558,41.75380706787109,662800
2004-07-22,41.76858687833564,41.90192073975248,41.76858687833564,41.81303024291992,154700
2004-07-23,41.86738855989408,41.96121854522344,41.86738855989408,41.95133972167969,209200
2004-07-26,41.89701609546575,41.89701609546575,41.70935989874365,41.75380706787109,712000
2004-07-27,41.67972257197253,41.71429091092572,41.190826416015625,41.190826416015625,961200
2004-07-28,41.09699322109911,41.25008102904443,41.008102675399805,41.19575881958008,495200
2004-07-29,41.12166389306157,41.30932371891362,41.12166389306157,41.28956985473633,519600
2004-07-30,41.5167552933207,41.79330200070014,41.48218695489828,41.7735481262207,578400
2004-08-02,41.89251262259185,41.94704755700186,41.80327398286822,41.82806396484375,714800
2004-08-03,41.887542709069,42.056106220265605,41.84292529230529,41.996612548828125,509500
2004-08-04,41.981775766617695,42.19991563158357,41.89253707480641,42.0164794921875,481300
2004-08-05,42.08092112811232,42.18503228735619,42.07100740065081,42.13545608520508,623100
2004-08-06,42.83947785527384,43.062572791996026,42.69570413380379,42.84443283081055,1240900
2004-08-09,42.710555009566114,42.80474866860535,42.67089253080108,42.695682525634766,322100
2004-08-10,42.7650601204263,42.85429874414417,42.54196166992188,42.54196166992188,860100
2004-08-11,42.54695215436403,42.77004698883796,42.502334700438176,42.72542953491211,898400
2004-08-12,42.63617417847518,42.81465148925781,42.58163923449044,42.81465148925781,697500
2004-08-13,42.96836751439724,43.082396232281866,42.89400128816148,42.953495025634766,637500
2004-08-16,42.86918954723049,42.89893450704796,42.646091001336046,42.80473709106445,729400
2004-08-17,42.83450639053269,43.057601261074176,42.81467514699654,43.04768753051758,182000
2004-08-18,43.14681018398224,43.161682660762985,42.83447682432555,42.83943557739258,365300
2004-08-19,42.88407927206665,43.00802169770846,42.80475430409302,42.94357299804688,372900
2004-08-20,42.92373520014615,43.00801512892874,42.834496516016905,42.90390396118164,875400
2004-08-23,42.69073247795109,42.72047745188095,42.6213250171661,42.656028747558594,1007200
2004-08-24,42.61140156987728,42.70559901743385,42.52216287809275,42.680809020996094,1044200
2004-08-25,42.79484796290289,42.953494143818006,42.760144229028434,42.829551696777344,588200
2004-08-26,42.91381025804214,43.07245635986328,42.85432033387261,43.07245635986328,478000
2004-08-27,43.04766810483802,43.14682049535232,42.95347068615457,43.04270935058594,304400
2004-08-30,43.13195825812612,43.24598693847656,43.09229577953273,43.24598693847656,259100
2004-08-31,43.28065588156329,43.62769283432322,43.25090715531308,43.51366424560547,1721100
2004-09-01,43.653057688509314,43.653057688509314,43.3792950575367,43.55848693847656,1388900
2004-09-02,43.48881600929189,43.48881600929189,43.13043212890625,43.13043212890625,867000
2004-09-03,43.04085095624218,43.13542556762695,42.80690563180646,43.13542556762695,958100
2004-09-07,42.926331593266845,43.095570037193575,42.90144615574745,43.09059143066406,475500
2004-09-08,42.93630292812404,43.463921466864335,42.89648165791883,43.4539680480957,584800
2004-09-09,43.41413432527023,43.59332619223012,43.234942458310336,43.289695739746094,284800
2004-09-10,43.49379037194998,43.56845431252128,43.33450907092856,43.35441970825195,711700
2004-09-13,43.4042046075304,43.56846455589324,43.36438712108789,43.5435791015625,152900
2004-09-14,43.48383945835998,43.643120768561936,43.39424348402351,43.5883674621582,695700
2004-09-15,43.553522030367205,43.553522030367205,43.39424073027307,43.48881530761719,642500
2004-09-16,43.58338135055931,44.04131836142936,43.55351729677671,43.98158645629883,1103400
2004-09-17,43.86713181839946,43.99654913757049,43.7476717224705,43.762603759765625,765400
2004-09-20,43.93182854641507,44.086131279978645,43.896985871172745,44.05128860473633,727200
2004-09-21,43.9815844070905,44.26032568958173,43.85216718412022,44.1806869506836,1018500
2004-09-22,44.20060348233626,44.70333281996898,44.12593954383105,44.63862609863281,2541200
2004-09-23,44.63363634649191,44.73816431527573,44.45942306518555,44.45942306518555,2391000
2004-09-24,44.47437701998396,44.54406236686839,44.34993835803797,44.514198303222656,1984300
2004-09-27,44.59877974351939,44.74312893076584,44.58384772372899,44.70828628540039,1420800
2004-09-28,44.63862800707308,44.77302006407561,44.409661370749554,44.52912139892578,1161100
2004-09-29,44.150830273615234,44.23545143941316,44.08114493535773,44.09607696533203,1970700
2004-09-30,43.87208461822881,43.98656983274825,43.78248864960317,43.92683792114258,1945700
2004-10-01,43.7323965564864,43.797369030060445,43.62743926233032,43.70740509033203,1999300
2004-10-04,43.48253828678892,43.78241709854737,43.48253828678892,43.772422790527344,1106200
2004-10-05,43.74743130072832,43.83239626497945,43.69245307370324,43.772422790527344,501700
2004-10-06,43.70744626637046,43.71744438751621,43.49253241972828,43.57250213623047,531300
2004-10-07,43.48248843065645,43.57245235234979,43.352539696396825,43.38253021240234,2128600
2004-10-08,43.96731928250997,44.08726997657672,43.857362890797205,43.95732116699219,1534500
2004-10-11,43.95731637385384,44.03228697940713,43.847363807294194,44.00230026245117,60800
2004-10-12,44.15223208654336,44.17722355629395,44.0622719470322,44.10225296020508,757900
2004-10-13,43.98231696516874,44.262203216552734,43.95732548708195,44.262203216552734,648000
2004-10-14,44.2321979943559,44.48709647421229,44.187217928408494,44.47210311889648,717100
2004-10-15,44.38716747803353,44.47713149009944,44.07229534238557,44.317195892333984,746400
2004-10-18,44.30717149052635,44.37714302869843,44.16722841418221,44.337158203125,613600
2004-10-19,44.14724784555908,44.47711321213155,44.11725731175149,44.452125549316406,505400
2004-10-20,44.61206541308566,44.78699432243232,44.58207487636607,44.75700759887695,1127100
2004-10-21,44.70205285216801,44.9319600841084,44.70205285216801,44.787017822265625,1649200
2004-10-22,44.731994157422896,44.89192962646485,44.66702168389917,44.89192962646485,491500
2004-10-25,45.016916375751705,45.02691068253272,44.88197226179771,44.92695236206055,246800
2004-10-26,44.9569076608508,44.98689818655491,44.79197692871094,44.79197692871094,503700
2004-10-27,44.91694443444776,45.00690842085781,44.34217473311494,44.352169036865234,2351800
2004-10-28,44.35214346491027,44.562061854278056,44.24218712123242,44.49708557128906,839200
2004-10-29,44.537084171238405,44.72700639707609,44.4421211517379,44.70201873779297,1169300
2004-11-01,44.53941994405858,44.66488309883057,44.36377229314411,44.42399215698242,923500
2004-11-02,44.40392470637718,44.529387870430334,44.31860684490879,44.48923873901367,709300
2004-11-03,44.17808709720602,44.53942160907015,44.16303213068364,44.50931167602539,1066600
2004-11-04,44.594626822603615,44.71507038663143,44.53942272475089,44.55447769165039,2285100
2004-11-05,44.032562261199885,44.12791551552741,43.92215403594336,44.06769180297852,1838000
2004-11-08,43.91212844848633,43.96231297237499,43.86194392459766,43.91212844848633,454100
2004-11-09,43.86192977165243,44.0275420929972,43.86192977165243,43.887020111083984,373000
2004-11-10,43.81677354598119,43.89707184428854,43.61603545788001,43.7214241027832,1303400
2004-11-11,43.88702991082242,43.88702991082242,43.626068115234375,43.626068115234375,309700
2004-11-12,43.83180087594013,44.218229492373325,43.82678510708446,44.09778594970703,1125900
2004-11-15,44.13794708251953,44.163041251127055,44.03255846626652,44.13794708251953,763200
2004-11-16,44.06768800501752,44.13794708251953,44.01248389714701,44.13794708251953,520900
2004-11-17,44.10786638502852,44.544479937962144,44.10786638502852,44.51436614990234,1249400
2004-11-18,44.43904508185147,44.69498712702036,44.36878603076615,44.64982223510742,891500
2004-11-19,44.61467657485474,44.67991600474579,44.2081735504928,44.29349136352539,1244500
2004-11-22,44.33870421762433,44.59966987723665,44.31361386920684,44.524391174316406,511500
2004-11-23,44.41398128389232,44.76527677946306,44.4039459106619,44.57959365844727,746300
2004-11-24,44.61974280903642,44.61974280903642,44.5294091346277,44.57959365844727,309700
2004-11-26,44.308580123825344,44.33367046423351,44.27847018380248,44.28850555419922,697100
2004-11-29,43.8970554705042,43.962294941919126,43.74649813175323,43.81675720214844,1546400
2004-11-30,43.63106536865235,43.74147355098649,43.47548846225815,43.63106536865234,1754500
2004-12-01,43.68901160416267,43.71420865128362,43.42697999894109,43.56303405761719,2489800
2004-12-02,43.421946538341466,43.48745733317914,43.34132289523463,43.38667297363281,2881500
2004-12-03,43.91575529366693,44.17275045857573,43.80489448352871,44.0618896484375,2233700
2004-12-06,44.08711902093431,44.26852706921077,44.066962143955685,44.21309661865234,1314100
2004-12-07,44.21309372299377,44.28868104558037,44.09215631357377,44.26852416992188,784300
2004-12-08,44.5507076708216,44.9588737487793,44.52551062015723,44.9588737487793,2639700
2004-12-09,44.84300634176783,44.98410070447271,44.63136479771052,44.661598205566406,1428900
2004-12-10,44.82282832016055,44.87322243553592,44.68173402398445,44.772438049316406,1445000
2004-12-13,44.75731081541836,44.99414926161193,44.74723430143431,44.86817169189453,677400
2004-12-14,44.71700552258635,45.06974509118619,44.69684864627799,45.04454803466797,1568200
2004-12-15,45.32672781422897,45.47790243492727,45.27129737627494,45.45270538330078,2511500
2004-12-16,45.29651880511319,45.29651880511319,44.77245137439359,44.78253173828125,1998200
2004-12-17,44.58592713585838,44.78748791848513,44.56073011576729,44.721981048583984,1319800
2004-12-20,44.78253171540016,44.89842898832244,44.75733465022625,44.80268859863281,230500
2004-12-21,44.87822722571559,44.96893118729005,44.79760361794302,44.938697814941406,245200
2004-12-22,44.953827907661285,44.953827907661285,44.69683263246871,44.78753662109375,511600
2004-12-23,44.716986676712445,44.74218372261142,44.63132287190299,44.64139938354492,738600
2004-12-27,44.51039418151406,44.53055105325452,44.19292825726448,44.2937126159668,1322600
2004-12-28,44.27354335470231,44.29874039845929,44.041745161348736,44.258426666259766,1253500
2004-12-29,44.27860742996568,44.34411439674783,44.12743277489156,44.21309661865234,567500
2004-12-30,44.24331943039583,44.570858002040445,44.213082202521456,44.51039123535156,626400
2004-12-31,44.70009217219934,44.84172361786723,44.66468431078237,44.791141510009766,1056400
2005-01-03,44.60397092245344,44.93781582776378,44.5938560473934,44.88723373413086,1168000
2005-01-04,44.87707257375367,44.8922468002765,44.41676712036133,44.41676712036133,1935400
2005-01-05,44.50786549075849,44.79113218227153,44.48257637167994,44.65455627441406,1094100
2005-01-06,44.6595940108461,44.78605112248883,44.62418617395273,44.68488311767578,1057400
2005-01-07,44.8973776494336,44.95301914138672,44.68998593230494,44.786094665527344,738700
2005-01-10,44.836650393961634,44.87711761140946,44.75066045125971,44.85688400268555,379400
2005-01-11,44.96819533884934,45.160408954446986,44.88726085280694,45.11994171142578,844100
2005-01-12,44.9530196929289,45.24134203696508,44.91761182117598,45.180641174316406,722000
2005-01-13,45.39813979998262,45.61564636230469,45.3880249209023,45.61564636230469,1876700
2005-01-14,45.47401597748711,45.72693041133391,45.42848937262733,45.61058807373047,1043800
2005-01-18,45.4234436865972,45.7724630565564,45.38803581256746,45.76234817504883,1251600
2005-01-19,45.92921046890469,45.94944020452585,45.66111823237932,45.893802642822266,655800
2005-01-20,45.737027342925394,46.0405237726125,45.701619490448,45.9848861694336,1064200
2005-01-21,45.82805845728214,46.05568358352175,45.78759125361755,46.03544998168945,606300
2005-01-24,46.07596700973626,46.28335877577769,46.03044424694831,46.2327766418457,561400
2005-01-25,46.21250116002505,46.23273476710539,45.7825476222742,45.79772186279297,1942200
2005-01-26,45.95452464466528,45.9899324900692,45.84324174220559,45.88370895385742,709800
2005-01-27,45.78760312966982,45.878652431948375,45.69655382739127,45.79772186279297,463900
2005-01-28,46.141653454725,46.33386679989409,46.11636049862971,46.25799179077149,1128000
2005-01-31,46.19732434348307,46.40977141723138,46.17709073753098,46.3895378112793,1313900
2005-02-01,46.427644029375855,46.45810712231822,46.22962617777011,46.3159408569336,948200
2005-02-02,46.30574195848973,46.43775503120702,46.24989042286845,46.42252349853516,760300
2005-02-03,46.2346871537296,46.42763034881832,46.2346871537296,46.39716339111328,505800
2005-02-04,46.95061048674224,47.18924835794608,46.94553201376729,47.0420036315918,3483900
2005-02-07,47.08769529339293,47.43295783282674,47.067385276515694,47.392337799072266,1064600
2005-02-08,47.40754964069112,47.78835355184683,47.38723963391429,47.66141891479492,1383800
2005-02-09,47.44308681567156,47.849275292594186,47.41261987144279,47.78834915161133,2125800
2005-02-10,47.46848037699252,47.56495195007582,47.09275489963669,47.14352798461914,1240000
2005-02-11,46.94555856404472,47.209585075704815,46.91509545644628,47.11311340332031,1275200
2005-02-14,47.16895228711089,47.32635013221594,47.082637589714,47.260345458984375,295000
2005-02-15,47.016623338883655,47.14863654307252,47.001391791042735,47.02170181274414,900200
2005-02-16,46.97089827115656,47.00136134710672,46.6104043353736,46.84396362304688,1189700
2005-02-17,46.59008518856831,46.78302442130592,46.50884517031841,46.54946517944336,1146400
2005-02-18,45.97573519646851,46.17882755257211,45.93003670472833,46.13313293457031,2655800
2005-02-22,46.01633780668583,46.07726781983597,45.899560123652925,45.930023193359375,914600
2005-02-23,46.27532158354565,46.29055313026908,45.91482744071019,46.08238220214844,1115000
2005-02-24,46.28546220945718,46.37177685961407,45.98081588745117,45.98081588745117,798500
2005-02-25,46.14836825349094,46.275302923320936,46.01128051451959,46.204219818115234,588800
2005-02-28,46.255012530926656,46.255012530926656,45.64064893320836,45.7066535949707,2797300
2005-03-01,45.60580833041166,45.76879520330338,45.55996620801928,45.6923942565918,1648500
2005-03-02,45.55992676304736,45.69744912524652,45.54464736411639,45.63123321533203,1139300
2005-03-03,45.6465444933765,45.73822482909643,45.55995470314859,45.60579681396485,1600600
2005-03-04,45.83500126794448,46.18134881311408,45.77388362732888,46.099857330322266,1567000
2005-03-07,46.273033333522704,46.3443398446144,46.22210066644484,46.28322219848633,889800
2005-03-08,45.906298139264806,45.97760462896152,45.809527266626255,45.84518051147461,680400
2005-03-09,45.42242438475259,45.53447853117269,45.0455181625399,45.09645080566406,2549600
2005-03-10,45.19829583293477,45.49880489872152,45.02002971894763,45.3714714050293,1357700
2005-03-11,45.152528209312585,45.26458248063689,45.02519451661058,45.04047393798828,1017900
2005-03-14,45.00990397063399,45.33078339800509,44.974250700926085,45.31040954589844,805000
2005-03-15,45.47844592973247,45.4835403591991,45.02513885498047,45.02513885498047,963900
2005-03-16,45.096455492342365,45.51410942682397,45.096455492342365,45.30018997192383,2097800
2005-03-17,45.508993571525664,45.62614210505532,45.39184892390617,45.4478759765625,1025300
2005-03-18,45.27984932763239,45.32059703060106,45.162700653076165,45.16270065307617,722700
2005-03-21,45.16262702886327,45.16262702886327,45.01491976083067,45.03529357910156,893100
2005-03-22,45.3002000254693,45.35622711693619,44.58713113163767,44.6533432006836,2544900
2005-03-23,44.582079478758,44.90296292613897,44.582079478758,44.867305755615234,1951700
2005-03-24,44.9844183195056,45.05572483139625,44.91311180761496,44.95895004272461,746800
2005-03-28,44.81632304318895,44.82141747413916,44.67880449483104,44.68389892578125,382200
2005-03-29,44.86217126323942,44.964036580651374,44.8163291502651,44.94875717163086,1135000
2005-03-30,44.92327121235376,45.20340655381231,44.90290126562154,45.172847747802734,1095600
2005-03-31,45.43259771274246,45.52937243000908,45.25942599332913,45.49881362915039,2410900
2005-04-01,45.76976638082638,45.836227826105336,45.24320763913392,45.65218734741211,2805300
2005-04-04,45.64196777343751,45.83623492007975,45.585732957337925,45.6419677734375,754800
2005-04-05,45.62153232105855,45.68288047561774,45.46305446384902,45.5244026184082,733300
2005-04-06,45.70845074138028,45.72378680747614,45.6010904780653,45.68288803100586,402800
2005-04-07,45.652232327453305,45.79537419628903,45.29948707901999,45.314823150634766,973000
2005-04-08,45.27390901100131,45.498848385956286,45.161439323523815,45.47328567504883,438600
2005-04-11,45.48351538577397,45.81581114836198,45.46817931832446,45.71867752075195,1460200
2005-04-12,45.61644234798378,46.214572483734734,45.560207490743295,46.14300155639648,1931500
2005-04-13,46.18897248680562,46.23498456028482,45.9078023278633,46.030494689941406,1001700
2005-04-14,46.05098563120693,46.07143502673025,45.836272828697126,45.95896530151367,1461800
2005-04-15,46.28610963497115,46.58261977490066,46.12251850609972,46.56727981567383,2807300
2005-04-18,46.71042905717623,46.720651797126514,46.49060309520066,46.531497955322266,3510800
2005-04-19,46.69510818165215,47.05296663130088,46.6848854375237,46.98139572143555,1733600
2005-04-20,46.63374372309856,46.91491391858355,46.6132943433745,46.8637924194336,1617900
2005-04-21,46.6746206181718,46.73596482828737,46.36788396631974,46.37299728393555,1288500
2005-04-22,46.65932303324014,46.8178048206877,46.56730273419134,46.76156997680664,876300
2005-04-25,46.85872516022998,46.94051885239858,46.78204089234924,46.89962005615234,818300
2005-04-26,47.02740630592388,47.05808234050937,46.69511055022393,46.82802963256836,549300
2005-04-27,47.05806913870368,47.13474945284963,46.93026341469886,46.991607666015625,684900
2005-04-28,47.05807834957403,47.36481136715948,47.00695292970818,47.33924865722656,1062000
2005-04-29,47.3238694816224,47.51302322197905,47.14494237605172,47.25741195678711,1445100
2005-05-02,47.27797450084071,47.3344108108262,47.052229260898734,47.247188568115234,1358200
2005-05-03,47.23693094662182,47.4780672046947,47.15997198340562,47.37545394897461,1884900
2005-05-04,46.91883552674312,47.05736244280504,46.71361684476248,46.95988082885742,2211500
2005-05-05,46.84190078103221,47.11894690464644,46.79572381756507,47.06764221191406,1757900
2005-05-06,46.65205050278515,46.79057350933571,46.59048254748735,46.718746185302734,850600
2005-05-09,46.69308815404701,46.811088489493216,46.68795651337262,46.764915466308594,327800
2005-05-10,46.872673887265606,47.098419189453125,46.8624106020954,47.098419189453125,495500
2005-05-11,47.27279401054752,47.46775311630392,47.19583512970192,47.24201202392578,1058700
2005-05-12,47.200982214366505,47.44211829327018,47.0573276773922,47.42672729492188,657000
2005-05-13,47.56528850756914,47.72433417100097,47.49346118122602,47.61146545410156,1698100
2005-05-16,47.73457617036185,47.74996717424484,47.549876295178,47.55500793457031,824800
2005-05-17,47.69354716848824,47.811551429039646,47.66276515021191,47.68841552734375,856300
2005-05-18,48.07316916728306,48.12447771038497,47.88846937213456,48.006473541259766,1092300
2005-05-19,48.07320090384173,48.07320090384173,47.85771897201086,47.88337326049805,948800
2005-05-20,47.84230726144589,47.97570245812332,47.821784622396045,47.939788818359375,806800
2005-05-23,48.021867458783554,48.34509407709566,48.00647646063393,48.31430816650391,905600
2005-05-24,48.49904713551593,48.56061509212261,48.31947882161604,48.4477424621582,1695400
2005-05-25,48.52982010653689,48.56060603624692,48.08859686650584,48.10911560058594,1923300
2005-05-26,48.01678719791816,48.26305517468946,48.01678719791816,48.093746185302734,978300
2005-05-27,48.09376060541018,48.21689658786444,47.99115120099616,48.14506530761719,650600
2005-05-31,48.33997635678143,48.765812361551646,48.33997635678143,48.74015808105469,1979000
2005-06-01,49.02287288439408,49.35243811265646,49.01772625147531,49.33699035644531,3823200
2005-06-02,49.29574759568555,49.53262211743671,49.29574759568555,49.455379486083984,1703400
2005-06-03,49.898268564757615,49.94976237940351,49.02285800087254,49.048606872558594,5558100
2005-06-06,49.17736238723636,49.3730405300373,49.10011967103965,49.30609893798828,1088700
2005-06-07,49.67686948080157,49.73351388729164,49.46059298078225,49.69746780395508,1503100
2005-06-08,49.59447356286685,49.6665657257237,49.46059036254883,49.46059036254883,1272400
2005-06-09,49.26489097640267,49.439974688124586,49.1413050161281,49.419376373291016,612700
2005-06-10,49.2030941054578,49.2030941054578,48.8477800921331,48.86322784423828,1464800
2005-06-13,48.652106850242966,48.67785179673341,48.492470895604434,48.5697135925293,1616700
2005-06-14,48.43068442023684,48.48732880804232,48.18350855265593,48.250450134277344,1984500
2005-06-15,48.09079878002532,48.33797454833984,48.05990328225808,48.33797454833984,1996800
2005-06-16,48.30193066647941,48.62119463438592,48.18349137182892,48.57999801635742,1370300
2005-06-17,48.461589893724735,48.64697085034147,48.41524269020658,48.57487869262695,555900
2005-06-20,48.31223185033695,48.50790990905936,48.19894310575648,48.492462158203125,453000
2005-06-21,48.600613895599366,48.847789764404304,48.56971838527143,48.8477897644043,503100
2005-06-22,49.17219777469041,49.48116462246525,49.053762381927925,49.439971923828125,952200
2005-06-23,49.33184818717741,49.4245386615585,49.19796107335412,49.38849258422852,996300
2005-06-24,49.55838889586483,49.666527055955015,49.44510017708697,49.6356315612793,928000
2005-06-27,49.6871456216969,49.85192820836539,49.615053485574855,49.76953887939453,1203600
2005-06-28,49.59963600998091,49.6253849009115,49.38851003352096,49.42970275878906,982400
2005-06-29,49.676850807788384,49.68200136882282,49.22884628723856,49.35243225097656,1682400
2005-06-30,49.362731450639295,49.80558539290795,49.3369825751968,49.79528427124024,2159400
2005-07-01,49.625827272667166,49.73950639047551,49.08326928031419,49.19178009033203,2222700
2005-07-05,48.75257544885609,48.95409611633187,48.71123686520354,48.72674179077149,1076100
2005-07-06,48.89725185149968,49.00059830070188,48.793909344561406,48.99542999267578,854100
2005-07-07,49.31063888906564,49.37264677006196,49.067779616327535,49.09878158569336,1678000
2005-07-08,49.2176499210737,49.2176499210737,48.737099480689096,48.89728164672852,1259300
2005-07-11,48.62858859960436,48.90761826907926,48.5459113898638,48.89728164672852,982000
2005-07-12,48.75255117717066,48.845560972951375,48.602701842731605,48.62337112426758,743700
2005-07-13,48.59750552618743,48.62333915442503,48.49932748900919,48.55099868774414,886600
2005-07-14,48.62340776806095,48.64407706517382,48.36504746754812,48.42705535888672,874300
2005-07-15,48.313331402642696,48.587192436516126,48.313331402642696,48.556190490722656,1064700
2005-07-18,48.49419100857798,48.55619885310562,48.106650850370485,48.19449234008789,1204500
2005-07-19,48.17384055784657,48.42703242862819,48.11700100326612,48.36502456665039,1226900
2005-07-20,48.31849732553592,48.69570078829878,48.147978747555264,48.6285285949707,1884500
2005-07-21,48.30302450344407,48.33402646577643,47.88964660844829,47.96715545654297,3824200
2005-07-22,48.10668009392422,48.37537697461971,48.07050981486114,48.33920669555664,1614900
2005-07-25,48.26167986424248,48.421861905860574,48.12733147390228,48.16350173950195,305100
2005-07-26,48.19450569139708,48.26685016785208,48.14283444444075,48.24101257324219,340500
2005-07-27,48.09116120830261,48.19450369794074,48.06015924986382,48.16350173950195,593300
2005-07-28,48.25135457584281,48.659564207579066,48.25135457584281,48.59239196777344,578900
2005-07-29,48.4683776507443,48.4683776507443,47.9774908795208,48.1118392944336,1699500
2005-08-01,47.97439179063263,48.02625520658886,47.72544185434776,47.932899475097656,1760300
2005-08-02,47.85507963805547,47.9536228514046,47.69430193789478,47.777286529541016,1071400
2005-08-03,47.84473870951391,48.0573838919916,47.84473870951391,48.010704040527344,591100
2005-08-04,48.02103892917094,48.12476965590793,47.818768958187086,47.91212463378906,1046800
2005-08-05,47.559461371469126,47.64763350307381,47.48166825082343,47.538719177246094,1041600
2005-08-08,47.54911625007894,47.63728447292552,47.42464323212342,47.4505729675293,836600
2005-08-09,47.55943943760104,47.637236479291374,47.34161088640565,47.62686538696289,1474800
2005-08-10,47.72026953569602,47.76694543398594,47.47650707060172,47.57505035400391,909300
2005-08-11,47.73064961396533,47.94847842746462,47.55949670753302,47.90699005126953,881600
2005-08-12,48.036636531090494,48.46192292849701,48.01070284126641,48.39449691772461,1765100
2005-08-15,48.36855515035804,48.3893013056704,48.25964080266156,48.27001190185547,954300
2005-08-16,48.58641630641303,48.70051825840044,48.49306052359854,48.60716247558594,1311000
2005-08-17,48.49817886799856,48.61228065720924,48.22329944322095,48.2855339050293,1278200
2005-08-18,48.46709228334842,48.65380371591952,48.37373656706287,48.6434326171875,833900
2005-08-19,48.4204387309547,48.669384784558815,48.410063670514255,48.63826751708984,439200
2005-08-22,48.51379329947029,48.648641383402826,48.33745288864682,48.586402893066406,599300
2005-08-23,48.61228952170836,48.8716103783213,48.57079723498895,48.80937194824219,491800
2005-08-24,48.89237243387333,48.9234936400212,48.67454377545756,48.8560676574707,998200
2005-08-25,48.89754064474254,49.06869336171075,48.7834388334304,49.01164245605469,812400
2005-08-26,49.08949530019191,49.20878081529046,48.856103887166704,48.99613952636719,874600
2005-08-29,49.18281890160606,49.20874862591824,49.01166610206403,49.05834197998047,550100
2005-08-30,49.182841102509805,49.45253330725464,49.125790143576594,49.36955261230469,1392700
2005-08-31,49.43174346841754,49.789607538818,49.42655989994978,49.78442001342773,1310800
2005-09-01,49.6043783375514,49.82817330523135,49.40660761035998,49.484676361083984,1899000
2005-09-02,49.38057598643592,49.59396360845948,49.33894276691756,49.52630615234375,621400
2005-09-06,49.4482079476928,49.531478307850726,49.17236867539052,49.17757034301758,965300
2005-09-07,49.01624575409721,49.01624575409721,48.58947460916678,48.71438217163086,1090200
2005-09-08,48.86530956726807,48.91215238069082,48.7143777896117,48.76642227172852,373100
2005-09-09,48.901769749198216,49.08913317117054,48.860132550817305,48.92258834838867,426300
2005-09-12,48.74563269016697,48.77165295921909,48.50101913077638,48.58428955078125,917300
2005-09-13,48.7977031484924,48.98506665656578,48.73524732222007,48.83933639526367,450400
2005-09-14,48.82889147414559,48.86011737786353,48.59989092490587,48.65193939208984,346400
2005-09-15,48.58431046803434,48.58431046803434,48.08988146501856,48.251220703125,2225800
2005-09-16,48.03777438575069,48.1314560083239,47.81918128592119,47.93368148803711,2145500
2005-09-19,47.97534787322675,48.11066673732029,47.933710688776365,48.03780364990234,886100
2005-09-20,48.03259506708822,48.29802713827575,47.81920748790563,48.1627082824707,1848800
2005-09-21,48.547865242541526,48.61552668780576,48.4697964822516,48.61032104492188,993000
2005-09-22,48.59468736225591,48.63632057534491,48.46977581076773,48.56345748901367,761700
2005-09-23,48.42817749366283,48.45419777425038,48.19917678833008,48.19917678833008,656800
2005-09-26,47.93895360348793,48.07947424684144,47.93374795869897,47.9805908203125,680900
2005-09-27,48.02217447362529,48.17310625068861,47.85042808038859,48.04819869995117,827800
2005-09-28,48.08462573242924,48.41250951144413,48.01696830935161,48.37087631225586,712800
2005-09-29,48.19395806434831,48.19916370735034,48.06905042749479,48.152320861816406,657100
2005-09-30,48.183534394634194,48.24078453599817,47.881670734849735,47.98575973510742,1391800
2005-10-03,47.96069185915275,48.1749166460836,47.60016245350645,47.61061477661133,1370900
2005-10-04,47.74126454223043,47.83008940062321,47.65766186158177,47.76738739013672,783200
2005-10-05,47.90319477856383,48.05994766441332,47.84571898617845,47.97634506225586,1215800
2005-10-06,47.913669000770525,47.93456966260356,47.7778206784463,47.793495178222656,340000
2005-10-07,47.59490393818866,48.04425785280112,47.526979829753024,47.98678207397461,1337800
2005-10-10,47.99203474815251,48.05473671962245,47.87186095249272,47.95545959472656,159700
2005-10-11,47.98679291437051,48.02859421503114,47.78301655663922,47.85616683959961,679100
2005-10-12,47.77782296987637,47.77782296987637,47.36504384826281,47.39116668701172,1105700
2005-10-13,47.15604800245707,47.28667417420903,47.0672231624004,47.21875,1376600
2005-10-14,47.33888524351767,47.39113487233304,46.93133255781023,47.14556121826172,1042600
2005-10-17,47.24483436429313,47.34411144961531,47.08808547769044,47.13510894775391,1058200
2005-10-18,47.26576204039581,47.27621436398081,47.14558822392232,47.18738555908203,878200
2005-10-19,47.37022330439826,47.47994868630167,47.20824432373047,47.20824432373047,904800
2005-10-20,47.17169648185541,47.3388977300016,47.09332002476359,47.33367156982422,810300
2005-10-21,47.459031862999005,47.793434051849786,47.417230592795526,47.77253341674805,1252800
2005-10-24,47.71510556719871,47.76213303998484,47.281425922848165,47.40160369873047,939100
2005-10-25,47.45385923336868,47.57403702416151,46.988830540392726,46.99405670166016,632900
2005-10-26,46.73800613661465,46.868632206293725,46.58648340381127,46.6491813659668,2895800
2005-10-27,46.81642150878906,46.91569867995044,46.65967248665461,46.81642150878906,1197400
2005-10-28,46.879100565096245,46.962699205372736,46.56559868787228,46.821624755859375,750400
2005-10-31,46.905231449421706,47.046309909549855,46.80595829619844,46.910457611083984,547700
2005-11-01,46.9351203064658,47.05058249729699,46.75667764679065,46.85639572143555,647100
2005-11-02,46.75142943845837,46.914123967968784,46.62022313940843,46.63596725463867,781100
2005-11-03,46.6517023636613,46.693689332235245,46.31056525116898,46.32106399536133,962900
2005-11-04,46.40502658301754,46.52048872627068,46.11112585771652,46.2475814819336,1888700
2005-11-07,46.44700862496081,46.48374621173194,46.36828408070934,46.40502166748047,1121600
2005-11-08,46.65171420281614,46.87738921105019,46.65171420281614,46.85639572143555,1396800
2005-11-09,46.59397218346885,46.67269675004217,46.3735466003418,46.3735466003418,1140300
2005-11-10,46.56250899170367,46.9613774071122,46.51527262472506,46.94038391113281,1695200
2005-11-11,47.02431431628623,47.07679601001725,46.940344407135896,46.966583251953125,193700
2005-11-14,46.90889500551264,46.94563262506768,46.51003056580076,46.614994049072266,1230100
2005-11-15,46.57820887720148,47.05055207790219,46.57820887720148,46.91934585571289,839800
2005-11-16,47.129279645027296,47.46516727512017,47.103036797262135,47.41268157958984,1822300
2005-11-17,47.32348622170062,47.70661037058787,47.26050976178926,47.528167724609375,1003100
2005-11-18,47.42844315667541,47.4704261192846,47.265744661711246,47.30773162841797,734200
2005-11-21,47.412686965665976,47.58063480388766,47.407441598794186,47.44942855834961,503300
2005-11-22,47.42847355933801,47.58591877926767,47.41797480888264,47.51244354248047,1026900
2005-11-23,47.54392309143958,47.59640882591833,47.16080285598065,47.3287467956543,768300
2005-11-25,47.44943708589682,47.51766290436319,47.41269548661004,47.50191879272461,421500
2005-11-28,47.50714720908916,47.83254008187125,47.50714720908916,47.73807144165039,883400
2005-11-29,47.80109283151248,47.81683695102471,47.25002462398711,47.28676223754883,889200
2005-11-30,47.39169821367896,47.39169821367896,47.13978045659638,47.23424911499024,1642800
2005-12-01,47.43983633682647,47.44510855577971,47.0076068777297,47.16046905517578,1214800
2005-12-02,47.055044070403575,47.20263804818372,46.9917935300225,47.1762809753418,746200
2005-12-05,47.09721617062719,47.09721617062719,46.83366151491968,46.96543884277344,431100
2005-12-06,47.12885690581046,47.50310412519122,47.08141496507229,47.44512176513672,968800
2005-12-07,47.33441117411967,47.39239351201317,47.1868172094207,47.26588439941406,386600
2005-12-08,47.42932219626485,47.62962239068207,47.3344423101668,47.57164001464844,976200
2005-12-09,47.42933250866378,47.44514515619705,47.160505436014645,47.19740295410156,817400
2005-12-12,47.3080691387714,47.3080691387714,46.98653207972734,47.10776901245117,440500
2005-12-13,47.29224838732903,47.34495851452637,47.11302912902817,47.28170394897461,598700
2005-12-14,47.5452963414626,47.872105823902814,47.51367104434934,47.76668548583984,635000
2005-12-15,47.67176539614051,47.67176539614051,47.4345638031155,47.65068054199219,724300
2005-12-16,47.87733796949711,47.93004809440534,47.73501620856767,47.80881118774414,684500
2005-12-19,47.75610252218327,48.01965717630296,47.73501766727071,47.85625457763672,469800
2005-12-20,47.74555343286013,47.86151810305264,47.65067361375026,47.79826354980469,236000
2005-12-21,47.71917373542703,47.74553079216299,47.59266871044332,47.71390151977539,193100
2005-12-22,47.924796641391175,48.13036903267562,47.91952844168495,48.09347152709961,692700
2005-12-23,48.06708916537588,48.51513118042314,48.01964724625199,48.38862609863281,2295800
2005-12-27,48.47823792238725,48.80504308062148,48.38863031587299,48.78396224975586,519500
2005-12-28,48.71145115472139,48.82789773581892,48.56324788359226,48.6479377746582,1295700
2005-12-29,48.71144686727615,48.76437602541554,48.53148692195499,48.75379180908203,740600
2005-12-30,48.98139061670136,49.00785317654138,48.53677680608847,48.64263916015625,1099500
2006-01-03,48.478540991082106,48.82788061186116,48.42032175918712,48.57910919189453,1392700
2006-01-04,48.45209072888152,48.73261889890399,48.38857331674523,48.6955680847168,387600
2006-01-05,48.63205404744444,48.76967309750532,48.536779941746325,48.63734817504883,453400
2006-01-06,48.57381057301368,48.642622088566654,48.425607367568,48.54734802246094,1193700
2006-01-09,48.53676426121195,48.57910919189454,48.45207843808164,48.57910919189453,413600
2006-01-10,48.499754524611454,48.526221138257945,48.18217535204492,48.18746948242188,698900
2006-01-11,48.29856505433416,48.31973751264462,48.03391538280356,48.10801696777344,394600
2006-01-12,48.23506591837507,48.44149241716565,48.16625843152322,48.430908203125,626600
2006-01-13,48.47854412974415,48.85435036608948,48.47325404174247,48.7114372253418,491000
2006-01-17,48.69555844459396,48.960208218749365,48.65850763774161,48.92845153808594,454300
2006-01-18,49.09783646656615,49.10312655551498,48.75908501499209,48.91258239746094,622100
2006-01-19,48.732621577575074,48.92846391374985,48.67439828947544,48.76967239379883,490600
2006-01-20,48.86494131272103,48.9496311912375,48.72203219051908,48.89669799804688,842600
2006-01-23,48.58974297509894,48.960251370172365,48.552692135591606,48.880855560302734,720400
2006-01-24,48.69556831807219,48.79613654487761,48.56853753142676,48.64263916015625,300500
2006-01-25,48.4361885347348,48.46794520604757,48.05509232604607,48.11331558227539,1204500
2006-01-26,47.928101494022,47.95456406272997,47.66345157751881,47.90692901611328,764100
2006-01-27,48.0604264522736,48.0604264522736,47.7216748822085,47.90692901611328,1091400
2006-01-30,47.79577006038152,47.901628397346165,47.76400932870276,47.859283447265625,308500
2006-01-31,47.82226611758403,48.02340275221326,47.74287029013773,47.991641998291016,676100
2006-02-01,47.88591811894735,48.05058276072922,47.72656236377539,47.82748794555664,622300
2006-02-02,47.82744786983173,48.02398592951532,47.73183530736157,47.917747497558594,658500
2006-02-03,47.80624881433664,48.33742935671816,47.71063615460453,48.25775146484375,1524600
2006-02-06,48.326760690913176,48.44892982780699,48.27895238108977,48.35331726074219,755100
2006-02-07,48.40113967029836,48.40113967029836,48.07180649834111,48.12492370605469,280500
2006-02-08,48.273651472238114,48.273651472238114,47.96025712314049,48.01337432861328,261700
2006-02-09,47.88061244891159,48.28431078474023,47.83811703406945,48.23119354248047,1119200
2006-02-10,48.44365439822007,48.53926703930885,47.93372166327498,47.96559524536133,938000
2006-02-13,47.93368471702872,47.9974277794845,47.89119339464021,47.97086715698242,218700
2006-02-14,47.753114292824776,47.91246596633186,47.657501667686745,47.80091857910156,836100
2006-02-15,47.88056505951919,48.05585543281144,47.742457124266345,47.917747497558594,720300
2006-02-16,47.91246313328721,47.965584407233,47.80622869056409,47.92840194702149,427800
2006-02-17,48.23111730446699,48.37453403713081,48.23111730446699,48.310791015625,731400
2006-02-21,48.28431078474023,48.33742802699999,48.22056766247703,48.23119354248047,433300
2006-02-22,48.40111902588181,48.57640533131384,48.38518022304122,48.56047058105469,559000
2006-02-23,48.50208592357328,48.50208592357328,48.30023881012688,48.43834686279297,288300
2006-02-24,48.57112788812749,48.57112788812749,48.31084662348506,48.36396789550781,485700
2006-02-27,48.523285326605546,48.523285326605546,48.193956366836446,48.28425598144531,446200
2006-02-28,48.33738795083479,48.57110848610477,48.294892571225255,48.52330017089844,744200
2006-03-01,48.384709404969065,48.43801739699592,48.17682124991649,48.23012924194336,713600
2006-03-02,48.00626093886788,48.02758332883741,47.65445167144576,47.89432144165039,1640000
2006-03-03,47.69713024353728,47.73444343571185,47.56386826193768,47.61717224121094,1253300
2006-03-06,47.43056555468464,47.435893101254486,47.17470098030178,47.20135498046875,872700
2006-03-07,47.12141694814503,47.30798282762012,47.07344054094792,47.23335647583008,1692900
2006-03-08,47.21201839222408,47.37726182101827,47.1480512261603,47.21735000610352,1184700
2006-03-09,47.206702464406,47.26533803607405,47.05211814517488,47.23335647583008,282100
2006-03-10,47.07876791997728,47.15872588022294,46.9135244511455,47.05744552612305,1086900
2006-03-13,46.98280936333608,47.05210407875913,46.91351464791303,47.02012252807617,1740100
2006-03-14,47.14802494624302,47.435870932842384,47.14802494624302,47.3345947265625,904400
2006-03-15,47.142748327438376,47.19605229361298,46.98816397874967,47.07878112792969,971000
2006-03-16,47.180032522215406,47.617131283217205,47.13738774874464,47.50519180297852,1048000
2006-03-17,47.36127090454102,47.44122884517412,47.30796696639555,47.361270904541016,703500
2006-03-20,47.56382451052934,47.56915205677308,47.43056265151016,47.43589019775391,576000
2006-03-21,47.521179962893015,47.521179962893015,47.10007199839424,47.19068908691406,817200
2006-03-22,47.30795625575945,47.430558945883305,47.24398910436933,47.29196548461914,205500
2006-03-23,47.34526817996429,47.37192217572453,47.08940364788381,47.1427116394043,613400
2006-03-24,47.19071424218716,47.59583165017125,47.17472346119841,47.489219665527344,954800
2006-03-27,47.46788153485596,47.46788153485596,47.22800771959076,47.31329727172852,467100
2006-03-28,47.12144385437932,47.137434643632,46.8229342099397,46.87091064453125,1094900
2006-03-29,46.817524666088055,46.918800842933614,46.572323504358586,46.646949768066406,1071700
2006-03-30,46.44973041497637,46.5296883044383,46.15655284255836,46.3218002319336,1152000
2006-03-31,46.3644941887744,46.44977971237449,46.2685454329546,46.30585861206055,1167700
2006-04-03,46.11216272429874,46.38504856106274,46.05865673805455,46.320838928222656,1549700
2006-04-04,46.39038989582794,46.49740593578302,46.2084687512711,46.27267837524414,749100
2006-04-05,46.39034751322377,46.43315389009754,46.28333565328013,46.33684158325195,638600
2006-04-06,46.17098408782533,46.17098408782533,45.88739891056432,45.98371124267578,2022100
2006-04-07,45.710829284841545,45.81784118143443,45.42724408485242,45.53425598144531,1956500
2006-04-10,45.561022893102496,45.64128387762511,45.459358707224304,45.61988067626953,1527100
2006-04-11,45.79112585802168,45.85533141301019,45.65735884213513,45.78042221069336,1237300
2006-04-12,45.801807253143096,45.87136868644553,45.48076735882368,45.50217056274414,1902000
2006-04-13,45.21320931501701,45.28811844765782,45.09014197868333,45.18110656738281,3219400
2006-04-17,45.23462494811459,45.464704228000535,45.132960776324175,45.34698867797852,1465400
2006-04-18,45.45402756350926,45.62524916999992,45.34166376696024,45.427276611328125,2680300
2006-04-19,45.18646046131686,45.26136960416544,44.977784408775534,45.14900588989258,1830300
2006-04-20,45.17042242045055,45.21858064492304,45.00990453077668,45.11156463623047,1378200
2006-04-21,45.22929340474833,45.40586680894117,45.07947503109788,45.37376403808594,1303000
2006-04-24,45.4486597659042,45.6894386405041,45.40050154163824,45.55567169189453,991500
2006-04-25,45.50214166640994,45.534244410781774,44.97777370897019,45.015228271484375,2067400
2006-04-26,44.86542136140903,44.988488716342246,44.80121585643707,44.94033050537109,1544900
2006-04-27,44.81191841174328,45.106207270030815,44.75841245993895,44.99919128417969,1864200
2006-04-28,44.92962400349252,45.05803907582847,44.81726030491837,45.031288146972656,809400
2006-05-01,44.94535117899909,44.950724066954834,44.64990791443674,44.69287872314453,1795500
2006-05-02,44.72508567631802,44.8754936642115,44.72508567631802,44.811031341552734,1097900
2006-05-03,44.811085166697374,44.8164580579502,44.553243762974944,44.714393615722656,1114000
2006-05-04,44.789549088077024,44.80029485891984,44.63914108276367,44.63914108276367,977800
2006-05-05,45.12260811404376,45.16558301012812,44.84864827439551,44.9077377319336,1685900
2006-05-08,44.98296361141934,44.99907818070431,44.87015752811095,44.93461990356445,666400
2006-05-09,44.88088149561461,44.95071262801796,44.762702580538445,44.9077377319336,341300
2006-05-10,45.01518736839461,45.13336221770203,44.77345658508616,44.98832702636719,1320200
2006-05-11,44.832544023991325,44.832544023991325,44.63378815762297,44.76808166503906,1189800
2006-05-12,44.48338759214177,44.59082487519351,44.34909406206206,44.39744186401367,1804700
2006-05-15,44.39746899719138,44.70903116098036,44.39746899719138,44.574737548828125,1433500
2006-05-16,44.62840910400855,44.929225179975774,44.62840910400855,44.9077377319336,1677600
2006-05-17,44.5371336321902,44.6284523010254,44.43506917977696,44.62845230102539,1440800
2006-05-18,44.88091781084304,45.24619652650074,44.87017202897121,45.235450744628906,2177700
2006-05-19,45.18711113129003,45.58461903208988,45.165623663906885,45.353633880615234,2619500
2006-05-22,45.57380779948237,45.740334407969634,45.38042906738109,45.45026016235352,2652000
2006-05-23,45.14949077844536,45.42344665527344,45.13874499995386,45.42344665527344,1394900
2006-05-24,45.55774093106399,45.65980533680666,45.40733281627294,45.4449348449707,1226300
2006-05-25,45.50937752511045,45.5147504121172,45.22467598843277,45.26764678955078,678000
2006-05-26,45.25156531912168,45.39123179525064,45.235450744628906,45.235450744628906,398400
2006-05-30,45.22468544300802,45.28377491749937,45.12799394823243,45.21393966674805,482200
2006-05-31,45.305279339269134,45.35362715829393,44.89702981444619,44.94537353515625,880700
2006-06-01,44.97880238912772,45.21609782485473,44.95183503489847,45.14598846435547,1561100
2006-06-02,45.69071419253217,45.78239664813435,45.57206437250952,45.72846603393555,2041900
2006-06-05,45.73922632379704,45.74462061675702,45.577434566756864,45.66911697387695,1102900
2006-06-06,45.65832720190458,45.93876868366705,45.62057127020788,45.88483810424805,2188000
2006-06-07,45.69608249761059,45.895626068115234,45.65293638493508,45.895626068115234,1324100
2006-06-08,45.97112592523789,46.262355989874045,45.90101658388897,45.9873046875,3496700
2006-06-09,46.03044807063197,46.28392630343203,46.03044807063197,46.22999572753906,657200
2006-06-12,46.208436345043424,46.26776123046874,46.12753839995067,46.26776123046875,528700
2006-06-13,46.30012512207031,46.34866554164925,46.13833332430277,46.30012512207031,1448300
2006-06-14,46.11131667517818,46.143674177213896,45.79312359946274,45.83626556396485,1439100
2006-06-15,45.67450390499052,45.75539771315212,45.52349664356984,45.5720329284668,1734600
2006-06-16,45.679898496035854,45.71226013706655,45.39945699982107,45.46956634521485,1184600
2006-06-19,45.41563447638177,45.45878058677391,45.291594552303806,45.40485000610352,1233700
2006-06-20,45.37249533489844,45.40485697998286,45.23766680519391,45.32935333251953,611400
2006-06-21,45.437195072647135,45.437195072647135,45.34011840820312,45.340118408203125,476000
2006-06-22,45.21609302339739,45.24845466796415,45.065085730886295,45.08126449584961,745500
2006-06-23,45.097420585632406,45.15674543168311,44.95180355818515,44.98955535888672,675500
2006-06-26,44.98958937100635,45.01655672673951,44.82779758052978,44.90330123901367,526100
2006-06-27,44.96801094423871,45.16216436135889,44.96801094423871,45.12441253662109,429100
2006-06-28,45.1028339991803,45.1028339991803,44.8655386073542,44.88711166381836,381300
2006-06-29,45.07588736261791,45.20532163442388,44.95723756569522,45.03813552856445,1609300
2006-06-30,45.03272297272048,45.51810643846815,45.03272297272048,45.47496032714844,1219000
2006-07-03,45.42460027157071,45.45708376461988,45.33256095415952,45.43001556396485,716800
2006-07-05,45.15388888905254,45.16471534208197,44.91025032398766,45.0672607421875,1289200
2006-07-06,45.11599109455276,45.3650408262526,45.11599109455276,45.3433837890625,451400
2006-07-07,45.5870052056842,45.727773841876825,45.52203824333091,45.63573455810547,1356900
2006-07-10,45.5762072195902,45.695318899169415,45.505824922865614,45.6790771484375,480400
2006-07-11,45.79816875996236,45.944352726996506,45.79275759870735,45.82524108886719,423800
2006-07-12,45.65742255891482,45.92271414000492,45.624934925045245,45.83609008789063,641000
2006-07-13,45.85770674291751,46.04720471023218,45.846880293960936,46.01471710205078,1347400
2006-07-14,45.92270504902158,46.10678783564397,45.92270504902158,46.04181671142578,1343900
2006-07-17,46.00393963667664,46.12305135530465,45.9389684817904,46.11222076416016,514100
2006-07-18,45.85773693346155,45.88480926965988,45.69531530824728,45.71697235107422,621000
2006-07-19,45.65742018345679,46.1825921548844,45.60869080051727,46.15010452270508,1267400
2006-07-20,46.00391292063488,46.36124373834446,46.00391292063488,46.28544616699219,1320200
2006-07-21,46.345009524917,46.38290831675344,46.128443229855165,46.198829650878906,652100
2006-07-24,46.24214316453863,46.29628370497037,46.1338579530167,46.171756744384766,393900
2006-07-25,46.14467357361912,46.22588229259946,45.96600613054813,46.0363883972168,948200
2006-07-26,45.97141980571124,46.22046950669449,45.94976277119222,46.2042236328125,717100
2006-07-27,46.28004172922476,46.28004172922476,46.085132480098416,46.13385772705078,295500
2006-07-28,46.37203308057693,46.50197106866472,46.34496077317549,46.39910125732422,769800
2006-07-31,46.35580205069172,46.45866775512695,46.3179032899724,46.45866775512695,375100
2006-08-01,46.37821817674495,46.47606268512731,46.22601652974658,46.45431900024414,577800
2006-08-02,46.40542643861719,46.62829208374024,46.313014686067326,46.62829208374024,477400
2006-08-03,46.546775065262686,46.76964495721959,46.48698090630782,46.63918685913086,500500
2006-08-04,46.965328077167904,47.008815486611205,46.90553392598027,46.92184066772461,1246000
2006-08-07,46.927288120252015,46.959901611030695,46.84575024611676,46.949031829833984,1127600
2006-08-08,46.95445947541776,47.05774104775987,46.79682070870173,46.84574508666992,844400
2006-08-09,46.61200080868028,46.7587656336943,46.590257103643445,46.69353866577149,372400
2006-08-10,46.66635880975621,46.66635880975621,46.44892590279183,46.62287139892578,539000
2006-08-11,46.45978429115532,46.49239776477707,46.39999015805789,46.42173385620117,450800
2006-08-14,46.39454041484605,46.40541433451507,46.30756979342004,46.34018325805664,662300
2006-08-15,46.62828206244352,46.79679050038333,46.62828206244352,46.731563568115234,1093800
2006-08-16,47.05773714970461,47.09578759733323,46.99794299668995,47.04686737060547,838900
2006-08-17,47.16644694546501,47.16644694546501,46.976194725812014,47.03055191040039,922300
2006-08-18,47.13926254224152,47.24254407871569,47.10121210467524,47.16643905639648,1050700
2006-08-21,47.23171744459096,47.334999084472656,47.22084765748327,47.334999084472656,676400
2006-08-22,47.29147842793309,47.41650370141329,47.2751716851287,47.35127258300781,749300
2006-08-23,47.32408817099263,47.42193276726903,47.21537379610223,47.37301254272461,801700
2006-08-24,47.51434516101792,47.53065190274316,47.42193337926214,47.4599838256836,1206700
2006-08-25,47.42190592909908,47.61215805107892,47.40016223698922,47.53062438964844,569000
2006-08-28,47.51433339344613,47.57412338256835,47.42192163457739,47.57412338256836,582300
2006-08-29,47.42738160683895,47.63937759399414,47.28061674926558,47.63937759399414,1345600
2006-08-30,47.742618643805656,47.76436233520508,47.65021106574693,47.76436233520508,1180500
2006-08-31,47.69371303377488,47.94375936230001,47.69371303377488,47.87853240966797,1272400
2006-09-01,47.81850822582491,47.97131721362822,47.73664507843524,47.89491271972656,893400
2006-09-05,47.75851402440729,47.82945992200688,47.567502635688406,47.59478759765625,2271300
2006-09-06,47.42013347434507,47.52928161621094,47.32735713738561,47.52928161621094,1853400
2006-09-07,47.44194929844125,47.654791024027006,47.338255681046434,47.622047424316406,1716100
2006-09-08,47.74752723624262,47.80755989445508,47.660209655761726,47.66020965576172,540300
2006-09-11,47.74758628056916,47.74758628056916,47.4528812750224,47.616607666015625,557600
2006-09-12,47.5620037062327,47.86762166941092,47.48014056217213,47.85670852661133,820800
2006-09-13,48.04227747805352,48.04227747805352,47.84035303943105,47.87855529785156,797000
2006-09-14,47.83487763889868,47.9549430272562,47.70935359732515,47.76938629150391,672800
2006-09-15,47.894889239415456,47.99857862245853,47.72570437409042,47.73116302490234,1047200
2006-09-18,47.463770109161416,47.68752493461051,47.463770109161416,47.654781341552734,871400
2006-09-19,47.94952432715503,48.18965530395508,47.93860701162635,48.18965530395508,1229600
2006-09-20,48.233247105519794,48.28782528217552,48.1022686417527,48.260536193847656,827400
2006-09-21,48.21691291721963,48.72445954429494,48.21691291721963,48.70262908935547,1698600
2006-09-22,48.74626393896166,48.95364690441711,48.74626393896166,48.94273376464844,1428600
2006-09-25,49.03008788143904,49.28659057617188,49.01371607773003,49.28659057617188,2607600
2006-09-26,49.117429726303,49.1720038154739,49.01919470030096,49.079227447509766,2200000
2006-09-27,49.253825470981326,49.27019726754455,48.915459741655226,48.93729019165039,1165400
2006-09-28,48.80631139889855,48.893629034687685,48.71898959937685,48.85542678833008,1796800
2006-09-29,48.9482497920959,48.97008026095361,48.620796922966456,48.795440673828125,1398000
2006-10-02,48.81948723842287,49.01125767987563,48.74825941167816,48.92907333374024,1211900
2006-10-03,48.98388495070439,49.00580217901167,48.846905408996754,48.86334228515625,854900
2006-10-04,48.94552717371296,49.23044275976187,48.94552717371296,49.219486236572266,1155500
2006-10-05,49.06057712650255,49.06057712650255,48.73730333997173,48.87428283691406,1241600
2006-10-06,48.81404277888369,48.81952313274949,48.33735649968863,48.36474990844727,2472400
2006-10-09,48.271613032976695,48.54557224903251,48.22230238062388,48.49626159667969,834900
2006-10-10,48.18939817620227,48.27706708411112,48.01406454066817,48.11268997192383,1398700
2006-10-11,48.1893863284663,48.23322077164368,47.89899045791064,47.97022247314453,1521600
2006-10-12,48.01407558133418,48.090783803251405,47.93189118662614,47.99763870239258,586400
2006-10-13,47.82779297414617,47.866147091195,47.729167504551306,47.75656509399414,1414100
2006-10-16,47.88803393725758,47.97569864332977,47.87159706613671,47.97022247314453,897600
2006-10-17,48.1510425840632,48.24419184090482,47.94831555629354,48.00858688354492,730800
2006-10-18,48.04693311987008,48.15103470239596,47.9702249305214,48.10720443725586,499600
2006-10-19,47.99214892907445,48.08529819193385,47.866130095068286,48.01954650878906,797300
2006-10-20,48.00309621538628,48.0524068287489,47.97022247314453,47.97022247314453,280700
2006-10-23,47.75109855679309,47.7839723294083,47.60315821945174,47.77849197387695,1200600
2006-10-24,47.762055087569344,47.805889571247256,47.75109855679309,47.77849197387695,243400
2006-10-25,47.81679875769392,48.20034383969065,47.794885717837936,48.15650939941406,558400
2006-10-26,48.29900726179097,48.50173439216566,48.29900726179097,48.4688606262207,1558300
2006-10-27,48.775654349967205,48.79209539999874,48.60032077217093,48.6934700012207,1601500
2006-10-30,48.7044251855418,48.830448150634766,48.677027616522686,48.830448150634766,901200
2006-10-31,48.90168621007077,49.24139690769246,48.841414889843,49.2085189819336,964600
2006-11-01,49.28828297009579,49.56879998197691,49.20027598738646,49.48079299926758,1440100
2006-11-02,49.299314992937525,49.37631905653895,49.21681363651224,49.27731323242188,853300
2006-11-03,48.771240748584106,48.86474499799948,48.56773199355097,48.69423675537109,1534100
2006-11-06,48.59527654278202,48.8372917175293,48.59527654278202,48.8372917175293,528000
2006-11-07,49.106766700972535,49.23327567659763,49.01876392365361,49.06276321411133,525900
2006-11-08,49.08478435097416,49.2387924194336,49.00227882961229,49.2387924194336,706300
2006-11-09,49.21129608154297,49.2772971451362,49.16179108744269,49.21129608154297,729600
2006-11-10,49.31030570091877,49.52481756705839,49.31030570091877,49.425811767578125,738100
2006-11-13,49.41477966308594,49.41477966308594,49.2112708926328,49.41477966308594,462400
2006-11-14,49.68983167017343,49.71733491708023,49.56882829443988,49.607330322265625,916400
2006-11-15,49.53030063492669,49.53030063492669,49.35978814587524,49.420291900634766,1803200
2006-11-16,49.50279064887385,49.53029387779576,49.10676765225829,49.19477462768555,1494400
2006-11-17,49.2607462445411,49.62376850677784,49.23324722844505,49.47525787353516,1752000
2006-11-20,49.50278347152455,49.56878869352497,49.42577947739218,49.552284240722656,857200
2006-11-21,49.579801234974845,49.71730900502889,49.480795472679766,49.67330551147461,605100
2006-11-22,49.70079608511218,49.78330156541105,49.65129111837164,49.75579833984375,770300
2006-11-24,49.915317375057306,49.99782287115635,49.84381484985352,49.84381484985352,533400
2006-11-27,49.62932583925874,50.02534484863282,49.56882206079761,50.02534484863281,784500
2006-11-28,50.18482021563972,50.19032169985992,49.92080772271102,50.12981796264648,1466300
2006-11-29,50.21782952961856,50.25083004516012,50.00331778579181,50.01431655883789,1206400
2006-11-30,50.201343441828456,50.39935500032783,50.12984089986112,50.34435272216797,1428600
2006-12-01,50.395172641501865,50.6822640682705,50.32340189088256,50.47246551513672,1156000
2006-12-04,50.40619769781178,50.58286765773944,50.36202915479384,50.56078338623047,460700
2006-12-05,50.43930730504842,50.52764015320712,50.24055313151277,50.323368072509766,1833700
2006-12-06,50.2571347719198,50.33994974504056,50.17984192024563,50.2240104675293,936100
2006-12-07,50.23503113347734,50.29023969022767,50.102529754848,50.18534469604492,739200
2006-12-08,50.15773867292393,50.22399146878731,49.7933588260326,49.82096099853516,2090300
2006-12-11,50.03628158569336,50.09701226737658,49.97003299632495,50.03628158569336,727700
2006-12-12,50.09148788080643,50.22398925454867,49.93689803060732,50.14117431640625,802800
2006-12-13,49.8596183224404,49.88170259256174,49.58909338470569,49.693992614746094,1217900
2006-12-14,49.58907641275268,49.6332449378786,49.4676150747276,49.51178359985352,687600
2006-12-15,50.00867341639093,50.052841945437656,49.467619465925495,49.53939437866211,1162100
2006-12-18,49.53388878108914,49.60013738461309,49.46211384441262,49.55597305297852,441400
2006-12-19,49.41794866756432,49.58357438568563,49.41794866756432,49.48971939086914,930700
2006-12-20,49.49522087296477,49.51178301665631,49.440012323278864,49.48417663574219,336800
2006-12-21,49.52834397694425,49.79335090610394,49.46761331009812,49.73262023925781,770700
2006-12-22,49.59461112273427,49.60565115074744,49.25231128431734,49.351688385009766,1433200
2006-12-26,49.38479282226877,49.51729837800369,49.3351063979745,49.500736236572266,496200
2006-12-27,49.45807338240199,49.48577336713536,49.13677215576172,49.13677215576172,840700
2006-12-28,49.24756527530611,49.28080187409677,48.782231760116574,49.025978088378906,1080200
2006-12-29,48.94284910584467,49.053644737229085,48.86529427708618,48.98716735839844,775500
2007-01-03,49.42482964191967,49.5577802513003,49.11461014455696,49.3361930847168,1870400
2007-01-04,49.42484752847689,49.66305307913519,49.42484752847689,49.635353088378906,1697000
2007-01-05,49.19222181190454,49.52460083230351,49.16452179919273,49.41934585571289,1298400
2007-01-08,49.36950776217493,49.50799942016601,49.33073026699463,49.507999420166016,414200
2007-01-09,49.56893608779649,49.56893608779649,49.42490358008536,49.507999420166016,481500
2007-01-10,49.341757455792525,49.37499406738134,49.23650255052704,49.28636169433594,519600
2007-01-11,49.18668377636152,49.19222462450639,48.89308222111506,48.99833297729492,1293500
2007-01-12,48.83211199292756,49.21434572351693,48.69362046953663,48.77117538452149,846300
2007-01-16,48.87642288208008,48.88195949914939,48.76562714431526,48.87642288208008,702800
2007-01-17,48.86535540374047,48.89859202152154,48.64930893531048,48.726863861083984,724200
2007-01-18,48.715772232140026,48.90411864670235,48.62713564192817,48.87642288208008,918300
2007-01-19,48.8321325821889,48.8321325821889,48.67702268681968,48.74349594116211,882500
2007-01-22,48.83210266786266,48.9318167147196,48.81548436445736,48.85979843139648,432000
2007-01-23,48.76008092304534,48.77670345169568,48.51079793681222,48.53849792480469,1096800
2007-01-24,48.56064752282982,48.58280243715838,48.4720109598198,48.5329475402832,463700
2007-01-25,48.44433574723899,48.45541743649337,48.12857522630688,48.18397521972656,1397000
2007-01-26,48.07318051955799,48.23937205063015,48.00116644352069,48.14519882202149,1576800
2007-01-29,48.22832078869289,48.25047995524462,47.973496712991285,48.03997421264648,1015300
2007-01-30,48.134099101140464,48.14518078648797,48.06208505208016,48.09532165527344,1295100
2007-01-31,48.02883196894122,48.53294286302423,48.02883196894122,48.49970626831055,2078000
2007-02-01,48.75283224864951,48.81401697438093,48.39128729940973,48.44134521484375,986200
2007-02-02,48.43578144868962,48.60820879919433,48.43578144868962,48.50252532958984,814700
2007-02-05,48.613750744206754,48.64712266992547,48.48025879769942,48.56925201416016,395500
2007-02-06,48.50247990640989,48.85290192749884,48.4802347960322,48.83621597290039,770500
2007-02-07,48.89187985792783,49.01424928983334,48.85850367600465,48.98087310791016,836200
2007-02-08,48.94193141850692,49.11992213902356,48.897436921102894,49.01980209350586,980200
2007-02-09,48.88629124660952,48.90297720715036,48.69717803563754,48.74167251586914,878300
2007-02-12,48.66381932074346,48.75281680038304,48.57482608473728,48.63044738769531,467600
2007-02-13,48.66383187382208,48.66383187382208,48.502527083091,48.52477645874024,1310600
2007-02-14,48.68051894834815,49.053190694379005,48.68051894834815,48.98644256591797,2262500
2007-02-15,49.24227360478606,49.27008636870432,49.13103103637695,49.13103103637695,893800
2007-02-16,49.27565021561284,49.34796171122863,49.21446976770832,49.30346298217773,1476700
2007-02-20,49.22559774470829,49.42027440118678,49.22559774470829,49.41471099853516,847400
2007-02-21,49.24226325023367,49.336819837861455,49.21445473579489,49.33126068115234,379800
2007-02-22,49.1755206256027,49.19776574024635,48.997525759404006,49.06427383422852,485200
2007-02-23,49.242283709030325,49.47033653778573,49.22003434205666,49.41471099853516,735700
2007-02-26,49.58712144246935,49.74842610170155,49.56487208495825,49.742862701416016,763400
2007-02-27,49.91531653614047,50.760775597899645,49.83744586514071,50.37141799926758,3243200
2007-02-28,50.148908279683326,50.32133550352312,49.99872617071279,50.14334487915039,1701900
2007-03-01,50.40745670262537,50.4912094222012,50.05570039221521,50.11153411865234,2423900
2007-03-02,50.22879876925377,50.51914103499865,50.06687794025016,50.36280059814453,1619800
2007-03-05,50.51912469069507,50.53028973122322,50.2846162412044,50.446537017822266,1505200
2007-03-06,50.28458799960614,50.45209333233115,50.245503989948645,50.29575729370117,837400
2007-03-07,50.29579455911807,50.5302987908131,50.23996082678697,50.49121475219727,915400
2007-03-08,50.41303763639787,50.48562104943072,50.31253523228471,50.446537017822266,574700
2007-03-09,49.904941691900994,50.19528386793759,49.79885889589995,49.91611099243164,1534700
2007-03-12,50.10036907730103,50.23995552331398,50.07245008416232,50.11153411865234,594400
2007-03-13,50.37953315370592,50.44094726015208,50.239946732118376,50.41303253173828,553800
2007-03-14,50.33487975951828,50.55263430252408,50.16178964750384,50.18412399291992,1698100
2007-03-15,50.117143756651735,50.22881126520117,50.06689039591481,50.17856216430664,394900
2007-03-16,50.06689026933553,50.20647678459063,50.05572522244577,50.16739273071289,623800
2007-03-19,50.01659918303572,50.08359792781815,49.983095550805686,50.0612678527832,693900
2007-03-20,50.200844014880055,50.22317408536188,50.078007328040336,50.08917236328125,768400
2007-03-21,49.904944645010666,50.30136964050664,49.51968895070628,50.11153411865234,1513400
2007-03-22,49.96074979318923,49.96074979318923,49.59782442013032,49.7150764465332,1484300
2007-03-23,49.79887020896927,49.80445060066231,49.56994635432536,49.575531005859375,1679700
2007-03-26,49.48059626242882,49.84351755071807,49.41359324651843,49.63693237304688,763600
2007-03-27,49.49180423667733,49.58672206334665,49.447135520652985,49.55322265625,619800
2007-03-28,49.64254906904076,49.754216574471336,49.36337604562204,49.45270919799805,816900
2007-03-29,49.43594212340959,49.50852555044506,49.313105354702806,49.38568878173828,823000
2007-03-30,49.49735715394485,49.648108649062685,49.257268284060544,49.29076766967773,2015100
2007-04-02,49.37819446173556,49.43984048932861,49.32215378454996,49.372589111328125,579600
2007-04-03,49.32775919528338,49.411822356265816,49.30534634294271,49.31094741821289,617000
2007-04-04,49.41182449354928,49.507094084822896,49.26051421774002,49.36138916015625,576900
2007-04-05,49.37258951689987,49.38380021780685,49.15402788113991,49.17644500732422,436400
2007-04-09,48.913048309794185,48.92986008524681,48.828985156901496,48.85140228271485,1283900
2007-04-10,48.97471802569711,49.064386572322746,48.929883752384285,48.99713516235352,674400
2007-04-11,49.01951875385424,49.081164768565706,48.91303849651102,48.963478088378906,476200
2007-04-12,49.03632022661721,49.07554911177338,48.91302822308983,48.97467422485352,495100
2007-04-13,48.98587366506042,49.01949719443181,48.76170682612195,48.8233528137207,557800
2007-04-16,48.98032961932911,49.1372453202849,48.98032961932911,49.092411041259766,833600
2007-04-17,49.25489635105868,49.40621086404948,49.22687387809621,49.36697769165039,1254200
2007-04-18,49.52391835607442,49.63039439167135,49.51831300400168,49.613582611083984,450800
2007-04-19,49.6864074376632,49.71442562876352,49.42861271552025,49.52948760986328,1305900
2007-04-20,49.56874539302292,49.56874539302292,49.35018370714486,49.4006233215332,664500
2007-04-23,49.395010327201085,49.64719553323187,49.33896964537535,49.57994842529297,419000
2007-04-24,49.56873615510198,49.77609137448904,49.56873615510198,49.76488494873047,881300
2007-04-25,49.63602462593009,49.75931677955074,49.37823388455647,49.591190338134766,569000
2007-04-26,49.55752480806444,49.55752480806444,49.23248291015625,49.23248291015625,2048400
2007-04-27,49.32213878400448,49.34455590318684,49.19324141761304,49.22126388549805,428700
2007-04-30,49.501522932185225,49.73689651489258,49.456688647203045,49.73689651489258,485700
2007-05-01,49.8235088141962,49.85725558353052,49.55914767761542,49.77288436889648,487200
2007-05-02,49.74470520019532,49.76720445048609,49.66033408442823,49.74470520019531,443900
2007-05-03,49.70537161849683,49.70537161849683,49.50288249815896,49.63224792480469,427000
2007-05-04,49.78967254420633,49.85717025865855,49.77842507077641,49.83467102050781,262000
2007-05-07,49.89098127312559,49.97535245211144,49.8741078955877,49.9697265625,210200
2007-05-08,50.06534995931614,50.06534995931614,49.857234954833984,49.857234954833984,488400
2007-05-09,49.862855150046336,49.86848103906457,49.64349268259088,49.66036605834961,634900
2007-05-10,49.72221165506753,49.82907774209408,49.67158726328131,49.77845764160156,519500
2007-05-11,49.85723139165466,49.89097814461427,49.57037111760946,49.604122161865234,1238400
2007-05-14,49.62662331016775,49.654744174935466,49.47475433349609,49.474754333496094,315200
2007-05-15,49.60414032146945,49.6153878128082,49.30603245106864,49.4578971862793,382400
2007-05-16,49.41847308304439,49.49721831433191,49.40159971795324,49.42409896850586,599500
2007-05-17,49.272234937890055,49.33973269617516,49.16536885138907,49.22161483764648,397000
2007-05-18,49.13166364120154,49.21603484490949,48.86730253885554,48.89542770385742,856500
2007-05-21,48.89542861652601,49.06979262715878,48.839182576770064,49.04167175292969,821100
2007-05-22,49.03600834813937,49.047255830966925,48.75477407321112,48.78852081298828,920200
2007-05-23,48.84477806603276,48.84477806603276,48.546670352516784,48.64791488647461,914500
2007-05-24,48.63102210857471,48.70414146286532,48.349787881050254,48.6928939819336,1598200
2007-05-25,48.59731390166165,48.71543185590871,48.55794125024596,48.58044052124024,754900
2007-05-29,48.65916210687031,48.69290885126448,48.27668326898791,48.57479095458984,1055700
2007-05-30,48.81661573816241,48.81661573816241,48.59162759923481,48.67599868774414,612000
2007-05-31,48.687323252056,48.698575037028256,48.39484121225672,48.58607864379883,1725900
2007-06-01,48.50588670933982,49.03668159931512,48.30260209338151,48.330833435058594,1694300
2007-06-04,48.46633423732357,48.5736201730788,48.37598365126332,48.5510368347168,877700
2007-06-05,48.500239330751846,48.52847498094111,48.21225206981174,48.24613571166992,1145400
2007-06-06,48.200911662411976,48.30255386891324,48.14444472727816,48.2234992980957,1129200
2007-06-07,47.78872579569011,47.8339010963105,47.28051874224903,47.35957336425781,5010400
2007-06-08,47.2127666287204,47.50075385108883,47.07159701299241,47.3200569152832,5307600
2007-06-11,47.14496291794061,47.370834969529966,47.01508939627869,47.18449020385742,2043800
2007-06-12,46.81748932052509,47.10547220947326,46.41656385585562,46.50126647949219,9043900
2007-06-13,46.6989219397624,47.29748422943925,46.67069059257445,47.05467224121094,8751200
2007-06-14,46.9473687920062,47.26923535540162,46.89654979638557,46.93607711791992,3384700
2007-06-15,47.10548420609557,47.280537488367465,46.98125423421083,47.25794982910156,5827200
2007-06-18,47.22406032124573,47.23535630355355,46.43915756889547,47.16194534301758,17704600
2007-06-19,47.33133897189654,47.68708478031285,47.27487199870959,47.602386474609375,4620100
2007-06-20,47.44424391433678,47.47812752405812,47.20143220073167,47.21837615966797,3031700
2007-06-21,47.17322388478123,47.26357016906683,46.98687901899087,46.99252700805664,850400
2007-06-22,46.896514852768846,47.30307943925849,46.84004359995064,47.29743576049805,2118900
2007-06-25,47.51766264700653,47.63059654296231,47.41037243014214,47.55718994140625,1323500
2007-06-26,47.59675905985849,47.61369872832183,47.41606208265664,47.56852340698242,2187800
2007-06-27,47.77745435497511,47.850861018450416,47.54593407237856,47.61369705200195,6109300
2007-06-28,47.613678145985205,47.7604957227944,47.53462352189269,47.602386474609375,3612500
2007-06-29,47.9129235273688,48.16703119151743,47.79434167402646,48.09362030029297,1962200
2007-07-02,48.07438471014683,48.39182257858241,48.07438471014683,48.346473693847656,2811700
2007-07-03,48.32375115797689,48.37476535900159,48.01765297771856,48.05166244506836,1387500
2007-07-05,47.79096083366053,47.85331446921054,47.45652253817205,47.5132064819336,4586800
2007-07-06,47.35449366553351,47.36016335779562,47.207111939675016,47.32048416137695,1437800
2007-07-09,47.541554316735976,47.57556382069861,47.43385178791024,47.490535736083984,795400
2007-07-10,47.88729867755251,48.29542541503906,47.85895456084837,48.29542541503906,2258000
2007-07-11,48.15376281579853,48.23312123422902,47.79664993286133,47.79664993286133,1191300
2007-07-12,47.92700753750212,47.94401228817726,47.54155066493746,47.63224411010742,1941200
2007-07-13,47.870286623375904,47.92697485324421,47.58119740963033,47.76258850097656,725900
2007-07-16,47.90996513208282,48.24440751995698,47.90996513208282,48.22173309326172,952000
2007-07-17,48.10272333972621,48.23309596253504,47.89865770647943,48.119728088378906,734200
2007-07-18,48.14241540599109,48.488193136780325,48.074392068477216,48.30113220214844,1836800
2007-07-19,48.12538563036892,48.32945121209987,48.06870170760056,48.289772033691406,1021000
2007-07-20,48.39749578777212,48.79429210643489,48.36348628106413,48.72626876831055,1459900
2007-07-23,48.57325338444561,48.73197028567831,48.57325338444561,48.64694213867188,777900
2007-07-24,48.75459272698502,48.83962078326932,48.59020630475712,48.82828140258789,1351600
2007-07-25,48.78860217510802,48.96999334348597,48.74892299217242,48.92464447021485,881100
2007-07-26,49.168400101727,49.57653140176303,49.11738585157626,49.332786560058594,2866400
2007-07-27,49.34414894267226,49.63323847768692,49.23077668164827,49.47452163696289,5367800
2007-07-30,49.42348432660329,49.51984746002637,49.26476755985762,49.332786560058594,1803900
2007-07-31,49.38945119508392,49.7408984159999,49.287418409960296,49.689884185791016,2467600
2007-08-01,49.65632867473459,49.81566526736478,49.55958487926923,49.58234786987305,2154700
2007-08-02,49.62785127118272,49.76442481107026,49.50265705062141,49.70751953125,2079400
2007-08-03,49.66770666665606,50.03759765625001,49.66770666665606,50.03759765625,1577600
2007-08-06,49.90669477664397,49.91807843861292,49.60509285839108,49.67338180541992,1298400
2007-08-07,49.753066435767934,49.91240302297674,49.46284374243968,49.63356399536133,1890800
2007-08-08,49.445789198896776,49.445789198896776,48.85965612404373,49.03037643432617,6453000
2007-08-09,49.36614614853515,49.4287433382417,48.7800127736466,49.09868621826172,2637500
2007-08-10,49.21813430723185,49.33763671675035,48.92791603051344,48.98482131958008,1496400
2007-08-13,48.89376931050701,49.16692077585076,48.88238998934884,49.1270866394043,1312600
2007-08-14,48.95068271065012,49.38317079344328,48.94499521992624,49.25797653198242,1314700
2007-08-15,49.30919904327965,49.36610434711844,49.081573486328125,49.081573486328125,1101700
2007-08-16,49.434387033802,49.84979960646486,49.37178990505623,49.58803176879883,2410200
2007-08-17,49.166940299682935,49.45716303280688,48.96776953836139,49.38887405395508,2114400
2007-08-20,49.48559394451692,49.66200164311246,49.41161750288547,49.41730499267578,1048700
2007-08-21,49.56526291278814,49.74167495545348,49.5368124386517,49.65631484985352,1517200
2007-08-22,49.536810761742124,49.68476364207192,49.40023286076747,49.57664489746094,1137800
2007-08-23,49.55956127326156,49.89530979774984,49.52541897441662,49.747352600097656,1618800
2007-08-24,49.94653183294314,50.12294387102492,49.82702942484625,49.99205780029297,1614600
2007-08-27,50.23673592180911,50.35055079821172,50.16275950834261,50.25380706787109,1585400
2007-08-28,50.32213553608039,50.498543306130976,50.236775397102136,50.33920669555664,1298900
2007-08-29,50.35625854854258,50.5155950980276,50.168471524704,50.202613830566406,2686700
2007-08-30,50.42455000943849,50.62372070619938,50.34488173073414,50.538360595703125,1806800
2007-08-31,50.413180487845175,50.76030851740347,50.38473000409582,50.57820892333984,2763200
2007-09-04,50.75646551959186,50.92787953509731,50.39648780426474,50.60218811035156,931000
2007-09-05,50.71646460853936,51.053581864844425,50.693608536346645,51.00786972045898,1271500
2007-09-06,51.03071113466933,51.133561250319055,50.82501090336989,50.87643814086914,1768400
2007-09-07,51.2821546440199,51.71069632628191,51.247872704431394,51.59642028808594,2852200
2007-09-10,51.71070063245166,52.15066821143066,51.71070063245166,51.996395111083984,2495200
2007-09-11,51.92780394307924,52.15064518929002,51.82495380180119,51.95637512207031,3925400
2007-09-12,51.939248992019,51.962105069869466,51.66498041716445,51.762115478515625,4458300
2007-09-13,51.596418180199656,51.61355914929364,51.185017484539,51.299293518066406,2020600
2007-09-14,51.7564104705446,51.76212122112745,51.207877619331086,51.37358093261719,1357200
2007-09-17,51.32215381221699,51.6478453298086,51.28787187121311,51.6192741394043,1285400
2007-09-18,51.31068785653995,51.56209582636616,50.85357532337706,51.23069381713867,3132800
2007-09-19,50.687916737242375,50.85933517783934,50.49364657329438,50.75648498535156,3854700
2007-09-20,50.38506140693923,50.447914519756,49.7679604952929,49.796531677246094,5903200
2007-09-21,50.0422426255681,50.356503915741946,50.0422426255681,50.2193717956543,2217600
2007-09-24,50.299356202275945,50.44220340464949,50.230792335121066,50.36220932006836,1943600
2007-09-25,50.56793401073344,50.63650227028448,50.18510437011719,50.18510437011719,2513500
2007-09-26,50.06507831286169,50.35648340443328,49.9565130673646,50.23078155517578,2646400
2007-09-27,50.41931567274334,50.72786595926508,50.36789280466368,50.57930374145508,1802900
2007-09-28,50.945012091878816,51.042147112255634,50.407905387337614,50.69359970092773,1254700
2007-10-01,50.87433736626246,51.04068762003328,50.72519500488664,50.98332214355469,1399400
2007-10-02,50.90874997218985,51.26439577284129,50.86859676698494,51.14393615722656,887800
2007-10-03,51.24147258672393,51.298833708019785,50.89730148257576,50.994815826416016,1164600
2007-10-04,51.05790828381406,51.23572905153701,51.00054716935883,51.18983840942383,1128700
2007-10-05,50.65632607577077,50.73089939608846,50.31215532285146,50.63911819458008,2184700
2007-10-08,50.3465821519953,50.76532631727712,50.3465821519953,50.59897613525391,280100
2007-10-09,50.57033172947791,50.68505395721572,50.35235336985462,50.535911560058594,901000
2007-10-10,50.467022827545854,50.72514973585171,50.35803377114815,50.56453704833984,855500
2007-10-11,50.20318814214838,50.53015115652018,50.16303494306308,50.512943267822266,1533400
2007-10-12,50.20318643529956,50.581777479263934,50.18024550206261,50.26628494262695,1133900
2007-10-15,50.18024526890192,50.31791274953552,50.13435464990062,50.27775955200195,553300
2007-10-16,50.27778264361461,50.46707825165706,50.21468410760047,50.29499053955078,855500
2007-10-17,50.346587674337705,51.02345894119984,50.346587674337705,50.84563827514648,2377000
2007-10-18,51.1152385189624,51.2471685648717,51.06361048368104,51.126708984375,1374100
2007-10-19,51.41352025797701,51.96993193865438,51.40204979223015,51.889625549316406,2561800
2007-10-22,51.95847663373701,51.998629840122206,51.66592934357565,51.89537811279297,1866500
2007-10-23,51.77487630555071,51.92401416410334,51.68309512210198,51.82649993896485,1046600
2007-10-24,52.03302149765128,52.42308291154978,51.94697770204426,52.21084213256836,2829300
2007-10-25,52.2337821232489,52.30261802800635,52.02727878534533,52.033016204833984,3062200
2007-10-26,51.83795627433895,52.1993347083666,51.82074402630951,51.91252517700195,1366500
2007-10-29,51.912553490790266,52.19362575944561,51.90108302888064,52.113319396972656,881000
2007-10-30,52.0444796986052,52.20509239832506,51.86665474417147,52.08463287353516,1439600
2007-10-31,51.91255705617644,52.02727918862599,51.48234249493741,51.61427688598633,2498500
2007-11-01,51.82973270853962,52.4346835541333,51.82973270853962,52.28488540649414,2563400
2007-11-02,52.11209234460095,52.7400900153101,51.97381936216601,52.45201873779297,1927700
2007-11-05,52.52112850196696,52.65363875510118,52.313716944732455,52.4289436340332,1021500
2007-11-06,52.19844979603157,52.51532956610182,52.129315588462354,52.1754035949707,575800
2007-11-07,52.163914316830656,52.29066630170266,52.037162331958655,52.26762008666992,1456100
2007-11-08,52.22725864626101,52.39434030724229,52.10050673823292,52.1754035949707,2179600
2007-11-09,52.4519749726365,52.76885047613776,52.38859899281321,52.61905670166016,887200
2007-11-12,52.9993277154786,52.9993277154786,52.6305970036906,52.8092041015625,460600
2007-11-13,52.67092129641277,52.71125107644673,52.526885739774826,52.61330795288086,1116600
2007-11-14,52.400114800327934,52.72275731955819,52.38283124307922,52.67090225219727,684400
2007-11-15,52.78040184275454,53.327735325382505,52.71126317727441,53.16641616821289,1312900
2007-11-16,53.16064996550813,53.40839133908744,53.126082832884016,53.24131393432617,1333800
2007-11-19,53.31619521262172,53.82319872338061,53.241298315369,53.58698272705078,1343900
2007-11-20,53.63311658667592,53.74834775277591,53.46603908816512,53.529415130615234,1367800
2007-11-21,53.81170302363255,53.9154088352818,53.7195181263364,53.84050750732422,1297800
2007-11-23,53.83473781643873,54.042149395694494,53.75983650438605,54.0018196105957,437400
2007-11-26,54.28409642050846,55.5170398688469,54.22648310337023,55.067649841308594,4427000
2007-11-27,54.71046250191556,54.87754426652642,54.1516038675038,54.54338073730469,3100300
2007-11-28,54.480029789293376,54.5549311225341,54.06520651343692,54.17467498779297,2088100
2007-11-29,54.62980217989179,54.97548661413527,54.53762171538103,54.64132308959961,1594500
2007-11-30,54.08828282634497,54.38211687612674,54.00762318846301,54.3763542175293,1952100
2007-12-03,54.81360888367428,55.010278637440486,54.53595253419485,54.80782318115234,1272700
2007-12-04,54.8946013343637,54.98715052603643,54.46076624122573,54.80204772949219,1721200
2007-12-05,54.50124837576812,54.64586004969525,54.11947143826544,54.14839553833008,1866000
2007-12-06,53.98066750689793,53.99223450372767,53.52947960614029,53.67409133911133,2270200
2007-12-07,53.32119998217996,53.4195348306604,52.85844100444173,53.07246780395508,2171000
2007-12-10,53.00887060359487,53.03779471225995,52.494053244391765,52.75435256958008,2242500
2007-12-11,53.060879488749016,53.92854891336926,52.97411166364801,53.78971862792969,2892400
2007-12-12,52.89893218163937,53.593070649527874,52.79481163211593,53.23443222045898,2225400
2007-12-13,52.99148299259997,53.11295622520725,52.58078651668112,52.655982971191406,1222100
2007-12-14,52.51716453478926,52.59236100001646,52.34941450017741,52.41304397583008,1354900
2007-12-17,52.67912115121048,52.950991704956,52.59813899646029,52.88157653808594,2046200
2007-12-18,52.979949339114,53.39065052084942,52.95681534677925,53.222900390625,1417100
2007-12-19,53.44849972178221,54.11949589719313,53.14770483268073,53.92861175537109,2252400
2007-12-20,53.94593376537393,54.29878656152542,53.807103397145525,53.81288909912109,1659400
2007-12-21,53.7376558154458,53.7492227982759,53.02038372372712,53.02616500854492,1767600
2007-12-24,52.76589501641766,52.91050665397057,52.68491285244379,52.777462005615234,550300
2007-12-26,52.65021588060648,53.003068715223215,52.22216656490019,52.314720153808594,674700
2007-12-27,52.78050506504207,52.94312478465947,52.56562247539695,52.88504409790039,468600
2007-12-28,53.22767946932681,53.7677968433161,53.14056290624483,53.709720611572266,1967800
2007-12-31,53.88393709918597,54.17432262304959,53.7793981333578,54.03493881225586,1647600
2008-01-02,54.15694313926394,55.0164869210052,54.12790279148016,54.81321334838867,2959600
2008-01-03,54.59251618322074,54.81320773861222,54.40086054170642,54.73770904541016,1256700
2008-01-04,54.882877418925645,55.051301595626846,54.70864428966715,54.749298095703125,2420200
2008-01-07,54.6970145464943,55.045476270432864,54.609898007776856,54.98740005493164,1315500
2008-01-08,54.84805096725474,55.0048572914507,54.55185632051347,54.92354965209961,1604800
2008-01-09,55.05129610476272,55.34749062258644,54.95256607579884,55.0280647277832,2203500
2008-01-10,55.09780248891952,55.14426084873536,54.19179579300884,54.28472137451172,2681800
2008-01-11,54.313742999559416,54.75513053364888,54.24405326271096,54.70866775512695,1872900
2008-01-14,54.70865277688403,54.91192626953125,54.592500293314096,54.91192626953125,906100
2008-01-15,55.26620060888505,55.53915940567515,55.21392888631094,55.52754592895508,1435300
2008-01-16,55.56823402702582,55.69019554703228,55.01650270829142,55.12684631347656,3505100
2008-01-17,55.150040574973126,55.92246744580961,55.13261814540938,55.84115982055664,2940500
2008-01-18,55.492704518803805,55.62047049440409,55.3010489090027,55.457855224609375,2676800
2008-01-22,55.99214807603115,56.11410948446376,55.3474917522215,56.05022430419922,5423500
2008-01-23,56.90394785515094,57.00848681849757,55.68432513912971,55.92244338989258,7636600
2008-01-24,55.49269390237301,55.60884637830962,54.78995680087783,54.80157470703125,5676700
2008-01-25,54.70286300986388,55.75405789179983,54.66801371064609,55.72501754760742,4371100
2008-01-28,55.56822099182914,55.75406770694824,55.38237427671006,55.51594924926758,1633500
2008-01-29,55.33586487613406,55.35909624982111,54.9293269139395,55.138404846191406,3100200
2008-01-30,54.993264621657886,55.0397229824845,54.35441231226539,54.77837753295898,3468000
2008-01-31,55.34752646389512,55.42302516477005,54.95840618617134,55.16748428344727,11441000
2008-02-01,55.36505606038526,55.59817297516974,55.1086270094888,55.49909973144531,4163700
2008-02-04,55.00953822822584,55.16689399095247,54.85801160946458,54.92794799804688,1729600
2008-02-05,55.60398987700015,55.72054608555951,55.231000227674656,55.34756088256836,2594600
2008-02-06,55.14935988032291,55.27757426103536,54.99200869711329,55.17850112915039,1339800
2008-02-07,55.09112706694541,55.09112706694541,53.6458106434223,53.989654541015625,5419700
2008-02-08,54.34516055764118,54.6249016782928,54.25191203531255,54.60741424560547,2832800
2008-02-11,54.9454598027177,55.19023062163786,54.62492785784695,54.8347282409668,2960200
2008-02-12,54.38596880665483,54.57829059564509,54.17616402709006,54.50835418701172,2897700
2008-02-13,54.15865745265904,54.44422321580636,53.84977956345205,53.93136978149414,3697500
2008-02-14,53.5001253566514,53.67495969400766,52.83574509276066,53.1387939453125,7505000
2008-02-15,53.38935591680709,53.65743860077927,53.30193658704116,53.54670715332031,3687800
2008-02-19,53.11546935412798,53.44183026438767,52.82407441387215,53.00473785400391,2911600
2008-02-20,52.81243599480363,53.37191390991211,52.77746556825388,53.37191390991211,2550100
2008-02-21,53.66330189838219,54.112048222186864,53.64581891056748,53.93721389770508,4197200
2008-02-22,53.9022307211296,54.11203541793042,53.54090386823207,53.62831878662109,1959700
2008-02-25,53.58754129387034,53.69827282201302,52.82991692530241,53.08051681518555,3460900
2008-02-26,53.01053447867023,53.231992896731626,52.87649537832532,53.09795379638672,2618900
2008-02-27,53.28446438797047,53.36605459323307,52.80657699443259,53.14459609985352,2494400
2008-02-28,53.81479891373554,54.10619376454762,53.727384015557966,54.08871078491211,3410900
2008-02-29,54.57825214231126,55.05031034057375,54.50248664142217,54.9162712097168,3822000
2008-03-03,54.792259392903325,55.102282144700325,54.54658149104312,54.77471160888672,2036900
2008-03-04,54.950216951700895,55.05550815421019,54.12543512157554,54.24242782592773,3401100
2008-03-05,54.43546103835179,54.43546103835179,53.52294020718278,53.59313583374024,3871200
2008-03-06,53.71013986738462,54.07281068363121,53.6223964241037,53.87977600097656,1342600
2008-03-07,54.56998143268594,54.605077001625126,53.66330722403609,53.94993591308594,3601300
2008-03-10,54.2307099694844,55.06133783721964,54.17221586635631,54.74546432495117,3579000
2008-03-11,54.400381149056365,54.41792894505375,53.93826984891883,54.27754211425781,3309200
2008-03-12,54.47640834184882,55.383082900733456,54.38281863425404,55.324588775634766,4752900
2008-03-13,55.58782737553715,55.681421567508536,54.5524672880498,54.8917350769043,5763500
2008-03-14,55.347968266158986,56.04405570201037,55.347968266158986,55.57024765014648,6174800
2008-03-17,55.91539061186035,56.336555493531904,55.751605260725,55.99728775024414,3329300
2008-03-18,55.74573481264317,56.24879215186836,55.540998749636,55.78083038330078,4022300
2008-03-19,55.64043517091101,57.01506652052767,55.64043517091101,56.70504379272461,5206400
2008-03-20,56.74016777288177,57.17888041030096,56.6641258556761,56.845458984375,3905900
2008-03-24,56.43604584170421,56.43604584170421,55.68730519239751,55.74580383300781,5596200
2008-03-25,55.79252201381789,56.0499014078754,55.73402791411766,55.97970581054688,2038200
2008-03-26,56.02657767153059,56.27225589594295,55.70485746227242,55.74580383300781,1652000
2008-03-27,55.35967155078227,55.780836294562334,55.30117743921606,55.35382080078125,2405700
2008-03-28,55.622917248167376,55.89784458030032,55.4240363048979,55.891998291015625,1745500
2008-03-31,56.21957876872688,56.34241780728578,55.96219918537469,56.09088897705078,2546300
2008-04-01,55.69490240605362,55.71840042465732,55.08984299282201,55.17795944213867,3821800
2008-04-02,55.21322651928898,55.72429854621956,55.21322651928898,55.29546737670898,3794200
2008-04-03,55.51281916652137,55.61268242166741,55.28959462882013,55.418827056884766,2839100
2008-04-04,55.90638883420743,56.13548894918362,55.80064997485,55.92401123046875,1745200
2008-04-07,55.583280366392856,55.67726793863715,55.160325086824,55.63027191162109,2231800
2008-04-08,55.91226596790171,55.94751076137474,55.37182488629714,55.43644332885742,1305200
2008-04-09,55.548077554665866,56.18251100453385,55.54220640772025,56.01215362548828,2883600
2008-04-10,55.988658547319545,56.10027309025888,55.55395611544856,55.82417678833008,1846500
2008-04-11,56.1590176510374,56.34699745016705,56.08265239825696,56.200138092041016,1987700
2008-04-14,56.00627048484333,56.217748273101286,55.800668324534485,55.87116241455078,3195300
2008-04-15,55.46580232690357,55.55979440131835,55.16033704863309,55.17795944213867,2821600
2008-04-16,55.10162640830409,55.25435689570056,54.29683560804304,54.63755035400391,4691100
2008-04-17,54.61990683586008,54.73739247025514,54.18520012866106,54.54353713989258,2020000
2008-04-18,54.04424193693368,54.56118524636366,53.93850302343757,54.49656677246094,2199700
2008-04-21,54.28507864998826,54.79614619127214,54.22046019367572,54.713905334472656,2805800
2008-04-22,54.5787981811988,55.025247273572845,54.5787981811988,54.901885986328125,1799700
2008-04-23,54.68454593509701,55.00176267193053,54.35558242214006,54.71979522705078,1221100
2008-04-24,54.19698681968446,54.31447253090148,53.93263724675727,54.25572967529297,3213600
2008-04-25,54.12647923091515,54.1910977005377,53.75051967045203,53.9384994506836,1742000
2008-04-28,53.76813865041588,54.24983708669489,53.69764903843776,54.10297775268555,1883900
2008-04-29,54.26746568166261,54.54943760712197,54.13235758876111,54.30858612060547,1269100
2008-04-30,54.29091044158565,54.74911044927167,53.95607162967761,54.69624328613281,2827500
2008-05-01,55.088940241392805,55.21274831837264,54.46399845060817,54.699825286865234,3226500
2008-05-02,54.11026905740401,54.48169784548275,53.9687747323387,54.01004409790039,2730800
2008-05-05,54.15743533176694,54.16333224056818,53.73294785854752,54.01004409790039,1309300
2008-05-06,54.24582530580472,54.28709463662456,53.52655597035634,53.62088394165039,4037500
2008-05-07,53.49124148056899,53.9039352357624,53.42638896217794,53.85087203979492,3876200
2008-05-08,53.90980599574472,54.35787199888826,53.89801218101745,54.33429336547852,2829500
2008-05-09,54.67031937720021,54.75285804934101,54.36374331094557,54.53471755981445,2064300
2008-05-12,54.68800566063816,54.923832366198205,54.44628205048354,54.452178955078125,1947400
2008-05-13,54.139747442450776,54.26945244395792,53.83317116652055,53.85675430297852,2123300
2008-05-14,54.2399832368702,54.24588014666883,53.48534071151937,53.880348205566406,2600900
2008-05-15,53.75061843731278,54.4345157223866,53.70345217668241,54.36966323852539,2164300
2008-05-16,54.16921301492793,54.76467473128061,54.11025743365062,54.1456298828125,1902600
2008-05-19,54.39324083927849,54.39324083927849,53.82725926331772,54.21636962890625,1348200
2008-05-20,54.499420166015625,54.53479264620145,54.18105435026381,54.499420166015625,1466000
2008-05-21,54.269427379893656,54.63495458111685,54.15740865795944,54.51114654541016,1762100
2008-05-22,54.19868891649837,54.19868891649837,53.55606098497957,53.868534088134766,2855900
2008-05-23,54.13973561906849,54.41683178940638,54.06308931781277,54.1043586730957,1802000
2008-05-27,53.874450892774135,53.9805727782343,53.6386284788842,53.73885345458984,1985800
2008-05-28,53.379203360899126,53.44995276391322,53.14337651554178,53.26128768920898,3250700
2008-05-29,53.06673139622593,53.11979007166355,52.55380837688224,52.87807083129883,3302400
2008-05-30,53.137463140818994,53.320231250795445,53.09619379302203,53.22589874267578,2514600
2008-06-02,53.24188988035994,53.63241482795176,53.02887463099206,53.43123626708984,3076400
2008-06-03,53.28920302049684,54.08801216195111,53.1412760705049,53.81582260131836,2447700
2008-06-04,54.07624071426094,54.07624071426094,53.19459629273726,53.33660507202149,2813000
2008-06-05,53.14720144942482,53.27145956214564,52.92826790927509,53.01702499389648,2632200
2008-06-06,53.51406475192839,53.89867128140475,53.377969946490055,53.70341110229492,3864800
2008-06-09,53.53773361002084,54.0761854599116,53.36613777463037,53.70341110229492,1812000
2008-06-10,53.63835008234074,53.67385113030288,53.07622457481323,53.35432815551758,1935300
2008-06-11,53.28330138025536,53.67974461346229,53.08211833477645,53.23004531860352,2265400
2008-06-12,52.99336758338156,53.04070530732077,52.55550492287848,52.697513580322266,4413100
2008-06-13,52.64425289528632,52.981526219697365,52.47265706155114,52.5850830078125,1983600
2008-06-16,52.72708883818053,52.76850820864806,52.43715324490781,52.5969123840332,1756800
2008-06-17,52.75076789814985,52.82176996732909,52.41940835594329,52.70343017578125,1712200
2008-06-18,52.83359708435698,53.2359586228554,52.71525279987341,53.14720153808594,2590000
2008-06-19,52.9697276251666,53.105822527160655,52.679791807985175,52.83363723754883,1700500
2008-06-20,53.21820221822539,53.295122608846,53.07027526477413,53.14127731323242,4580900
2008-06-23,53.30104559842341,53.508142448437866,53.15311863207413,53.25370788574219,1594100
2008-06-24,53.47859953205037,53.73303430542923,53.33659079078995,53.6087760925293,3118400
2008-06-25,53.6383379309597,53.70342618039524,53.1413008002132,53.63241958618164,3251600
2008-06-26,53.84545823188677,54.105811342663344,53.72120002384603,53.993385314941406,4052300
2008-06-27,54.27739351558152,54.69750578303312,54.11171143256348,54.62649917602539,4144800
2008-06-30,54.67971046317529,54.92230827154536,54.48444583965719,54.63828659057617,3743000
2008-07-01,55.04330970951465,55.090813706720056,54.44352700450341,54.50885009765625,3805100
2008-07-02,54.60982863874297,54.85924173425226,54.55638491713302,54.79391860961914,2413700
2008-07-03,54.46134507825201,54.81171483052142,54.36039284802601,54.67512893676758,1405100
2008-07-07,54.67511329457448,55.31646468663473,54.38413155454517,54.92452621459961,3528400
2008-07-08,54.93046905657111,55.31052815569876,54.882960536514695,55.28083419799805,2176600
2008-07-09,55.19177565939057,55.60746399073097,55.17989626097341,55.52432632446289,1582000
2008-07-10,55.42338953910478,55.67874230829075,55.19179104271103,55.518402099609375,2723600
2008-07-11,55.53618741218095,55.66683357837479,54.55041052931615,54.72856521606445,5466000
2008-07-14,54.85918703042005,55.38177150638038,54.80574336210243,55.20955657958984,4135400
2008-07-15,55.269016263918864,55.48280029372205,55.04929253032488,55.19181823730469,4541400
2008-07-16,54.6810927177568,54.77610529079524,54.164447410365945,54.19414138793945,3435900
2008-07-17,54.1941423314594,54.4019865860979,53.77844929151746,53.915035247802734,5899900
2008-07-18,53.89720250966772,54.1584904000162,53.62403521982047,53.71310806274414,3475200
2008-07-21,53.71312214698983,53.980354337822696,53.59435530484051,53.92097091674805,3657200
2008-07-22,53.82596267952617,53.89722551494608,53.46371786147269,53.65374755859375,2675200
2008-07-23,53.57653082340552,53.66560820387628,53.29742381224023,53.546836853027344,2871900
2008-07-24,53.653711801798906,54.18817138460141,53.653711801798906,54.06940460205078,2613300
2008-07-25,53.772480927495465,53.94469139598949,53.44586549277476,53.52900314331055,3765300
2008-07-28,54.01001668011313,54.31881756380451,53.86155593659368,54.06940460205078,1275900
2008-07-29,53.83779554651695,54.03376024586476,53.629946922206976,53.84967041015625,1349100
2008-07-30,53.49933506857072,54.21194967166183,53.46370592414869,53.90314865112305,1667500
2008-07-31,54.467304601524354,54.6632739649336,54.20007241578506,54.4376106262207,3898700
2008-08-01,54.21827027269697,54.569909059972,54.134830406322166,54.55799102783203,1804800
2008-08-04,54.28982899457405,54.61763196775306,54.24215228249496,54.4328727722168,2029900
2008-08-05,54.44475291825298,54.59375333923733,54.00967423537261,54.02755355834961,2191200
2008-08-06,53.88450903074004,53.88450903074004,53.53286570792627,53.80702590942383,3139500
2008-08-07,54.015650370672766,54.772575327414096,53.89645180994408,54.68317413330078,2765600
2008-08-08,54.76656991240705,54.879811636859344,54.557970325623856,54.832130432128906,1035400
2008-08-11,54.70101778068979,54.70101778068979,53.99773581802757,54.30765914916992,3939400
2008-08-12,54.7188923449424,54.850013393101975,54.65333182086263,54.81425476074219,1315000
2008-08-13,55.01097543530039,55.040772801070375,54.51033149074964,54.623573303222656,1940300
2008-08-14,54.98716138982583,55.18979994467797,54.87391952262276,54.97523880004883,2605300
2008-08-15,55.2314583969239,55.54733846714672,55.17185915582856,55.45198059082031,1964900
2008-08-18,55.47583803610397,55.749998266067,55.4043161968011,55.67251968383789,1262200
2008-08-19,55.69039851319435,55.74403648184702,55.36259576987708,55.45795822143555,1944700
2008-08-20,55.65460061654626,55.85128213989473,55.51752286182155,55.61288070678711,2500000
2008-08-21,55.8036439022119,55.8036439022119,55.27916398332706,55.51160430908203,2267000
2008-08-22,55.49369795082283,55.52945658440206,55.21357652877101,55.4758186340332,1990000
2008-08-25,56.09566994261596,56.22082972785893,55.93474697078131,56.03010940551758,2028300
2008-08-26,56.00031073430191,56.14334984751625,55.85131033179032,56.07778930664063,1270900
2008-08-27,55.72020555301032,56.19700879940611,55.69040819206856,56.17316818237305,1555300
2008-08-28,55.970515632931374,56.26851644993866,55.83939454590711,56.17911529541016,1886500
2008-08-29,56.03609445403175,56.1195389001436,55.7321367708105,55.92881393432617,1739100
2008-09-02,55.61773776919198,56.47311934707617,55.533989937509446,56.44919204711914,2916000
2008-09-03,56.3893958441952,56.760262308038165,56.383417439375975,56.68848037719727,2105000
2008-09-04,56.82604525022465,57.16101837237901,56.71239169935092,57.14307403564453,3049800
2008-09-05,57.436189334125984,57.60965890373257,57.07131041752934,57.11318206787109,4167800
2008-09-08,56.76627837125443,57.352481842041016,56.562898397135285,57.352481842041016,5426200
2008-09-09,57.322523577292166,57.95059814897567,57.149054058351126,57.920692443847656,3890200
2008-09-10,57.41226727768389,57.81902241317262,57.31655803937234,57.56180953979492,2407900
2008-09-11,57.896781978338,57.9386536286268,57.424227888697146,57.53189849853516,3592000
2008-09-12,57.54982981967992,57.62161173122142,56.67650376575783,56.790157318115234,4138200
2008-09-15,57.59168358597439,58.72222210078919,57.46606870251331,58.63249588012695,5889900
2008-09-16,60.24162451222709,60.33135081230062,58.56675335342108,58.62058639526367,6684400
2008-09-17,59.170863308399895,59.44602043995214,58.459045459000095,58.91365051269531,4371300
2008-09-18,58.59068256421753,58.9136945418776,57.97456890010783,58.05233383178711,4188300
2008-09-19,56.14412385752265,56.83799729148249,56.04841465909191,56.209922790527344,7169200
2008-09-22,55.58787347012486,56.20398712158203,55.39047650499696,56.20398712158203,4726300
2008-09-23,55.99458846581337,56.28768993522912,55.70746539927711,55.98860549926758,2236000
2008-09-24,56.20992127281571,56.6764921934034,55.98859718016986,56.233848571777344,1014900
2008-09-25,56.58087372768649,56.58087372768649,55.71951240216204,56.12028503417969,1881200
2008-09-26,56.269730478431846,56.70041268066997,56.269730478431846,56.52694320678711,1992800
2008-09-29,56.92774340308302,58.57869114319298,56.92176499884278,58.17193603515625,4799800
2008-09-30,58.0462611543517,58.195803251957614,56.58672882134592,56.75421524047852,1358100
2008-10-01,57.624259887879525,58.14026257636576,56.97025456415087,57.468257904052734,1767800
2008-10-02,57.942292083224345,58.110292198210736,57.64229056998871,57.930294036865234,931900
2008-10-03,58.42833168811629,58.6743352888427,57.29432558477518,58.44033432006836,1903100
2008-10-06,59.24427218554912,59.91627693542379,59.1722747829018,59.50227355957031,2906200
2008-10-07,58.99226991242279,59.80227270548527,58.7882711756822,59.32227325439453,1972000
2008-10-08,59.80831546398951,59.9643175680964,58.00830597519889,58.470306396484375,3386300
2008-10-09,58.4222307450287,58.620228042451885,57.732227123719454,57.97822570800781,1785400
2008-10-10,57.96627460912146,58.14627729178271,57.306272402127526,57.57027053833008,2200000
2008-10-13,57.066264664077984,57.57026480104892,56.55626321757418,56.8322639465332,1532100
2008-10-14,56.550270482342135,57.156274662624114,56.34027039343015,56.466270446777344,2100000
2008-10-15,56.4722956512988,57.02429742647109,56.05229071810729,57.00629806518555,1449500
2008-10-16,56.99427090853845,57.162270978442585,56.50827005236457,56.7122688293457,1063200
2008-10-17,56.81427544390221,56.94027550220382,55.81226713285052,56.32227325439453,1691800
2008-10-20,56.06423276628239,56.964236479383295,56.016231469613,56.77223587036133,1146800
2008-10-21,57.05427695048692,57.594280508073496,56.844276838553,57.07228088378906,1243700
2008-10-22,57.67230163243958,58.49430297842078,57.51029822629664,58.23030471801758,1069800
2008-10-23,58.770258810273,59.33426277642856,58.09225745134122,58.66225814819336,1802000
2008-10-24,59.29231938069379,59.43032213863807,57.87031006863726,58.03831481933594,1495400
2008-10-27,58.66224457289908,58.92624714747907,57.77424340365797,58.08024597167969,1534100
2008-10-28,57.70825942303976,58.14026209612569,57.09025737924189,57.234256744384766,1505500
2008-10-29,57.46230284745183,57.60630690735219,56.65830077914934,56.94630432128906,1745800
2008-10-30,56.70026677326998,56.88026945123255,56.28026662823498,56.430267333984375,1326000
2008-10-31,56.7842609797069,56.95226102049443,55.5902567661174,55.69825744628906,2282500
2008-11-03,55.85490991050389,56.08984714612917,55.63201873486871,55.84888458251953,1111600
2008-11-04,55.99946463315936,57.053671432569686,55.77657354101806,56.89704513549805,1608800
2008-11-05,57.162085432715074,57.63195957273373,56.86690891326304,57.571720123291016,1931700
2008-11-06,56.987421201755225,57.25850577704215,56.51152145916437,57.15609359741211,919700
2008-11-07,56.93920682754408,56.93920682754408,56.35487898498736,56.78258514404297,1277100
2008-11-10,56.50549328673551,57.2886156771538,56.433203156983176,57.0597038269043,1352100
2008-11-11,57.3548481724467,57.71628942565356,57.20424726727927,57.22834396362305,696000
2008-11-12,57.5777805119526,57.87295721116753,57.32477191262552,57.59585189819336,1199400
2008-11-13,57.17412503049055,57.37894003820747,56.1741328982976,56.21630096435547,1631900
2008-11-14,57.29463345247562,57.50547389149368,57.101864394519566,57.33077621459961,1059300
2008-11-17,57.63799329623306,57.84883369799665,57.403056191985634,57.58377456665039,490300
2008-11-18,58.05965941105372,58.43315131109829,57.80665099294685,58.3247184753418,924800
2008-11-19,58.71630632025732,59.860874599782136,58.55968002618083,59.81870651245117,2090400
2008-11-20,61.33677145865929,62.91507149961216,60.90303986902477,62.9090461730957,5459800
2008-11-21,62.198199286430686,62.63795613170255,61.11387048711431,61.99940490722656,3249300
2008-11-24,61.53556655586252,61.61990274412296,60.84280107002807,61.029544830322266,1587300
2008-11-25,62.61988350085974,62.93313610227796,61.85483257089292,62.824703216552734,2632700
2008-11-26,63.0837438742528,63.62590836129596,62.70422643533384,62.9090461730957,2577600
2008-11-28,63.40297721566361,63.83670853149725,63.21623357533648,63.68610763549805,986400
2008-12-01,65.12768419216673,66.73547888781282,64.75293390838324,66.125,4031600
2008-12-02,65.61728081616891,66.7113082790458,65.39364343544771,66.37886810302734,3289300
2008-12-03,66.65087397552348,66.9772685893184,65.61729333757019,66.56625366210938,2951000
2008-12-04,67.17070076115668,67.99273078266921,66.71133456966486,67.87789154052734,2825400
2008-12-05,67.66630697324308,68.30096379110735,66.74152475001128,66.77779388427734,4557600
2008-12-08,66.77784941720492,67.24326142227447,66.30034615350476,66.63278198242188,2119500
2008-12-09,66.83828359306249,68.01692753296172,66.63881935355234,67.950439453125,2055500
2008-12-10,67.31576638293578,67.78722381591797,67.16465799485368,67.78722381591797,2414900
2008-12-11,67.80535268834531,67.95646106885852,67.01354625012388,67.92019653320312,2416900
2008-12-12,68.02294912520128,68.03503576659914,66.69319260980795,67.92019653320312,2547100
2008-12-15,67.90809003875175,68.86914152107325,67.72676278971088,68.69385528564453,1707700
2008-12-16,70.39232635498047,70.6582785763092,68.88728819915382,70.39232635498047,4015100
2008-12-17,72.99744019194337,73.21503664597714,72.08474882184514,72.3023452758789,6407500
2008-12-18,72.9793184813791,74.43600580877839,72.80403216741013,73.8194808959961,4442000
2008-12-19,73.40241306570768,74.33928231764268,73.30570148252203,73.8980484008789,2668500
2008-12-22,73.97662348941726,73.97662348941726,72.97326617167502,73.32987976074219,2221400
2008-12-23,72.61665233067706,73.43868239554416,72.47158955789533,73.2331771850586,1746400
2008-12-24,72.97325906864248,73.32987262299777,72.9067710141929,73.07601165771484,717200
2008-12-26,73.49309177447203,73.72277953307412,73.25736299909013,73.31781005859375,454400
2008-12-29,73.64225033267283,73.9939973468258,73.14495458494,73.2298583984375,1416000
2008-12-30,73.07216054313558,73.93939611230441,72.81744916316116,73.9272689819336,2590500
2008-12-31,73.63014440956518,73.98795277996027,72.07760717214443,72.3808364868164,2738000
2009-01-02,72.80532280434709,73.04790242961172,70.5614242553711,70.5614242553711,3464200
2009-01-05,70.10659696298178,70.44621684645662,68.28722158525608,68.7420654296875,5395200
2009-01-06,67.69285873015897,68.68744970193188,67.31685302057325,68.05066680908203,4109300
2009-01-07,67.89907006736262,68.33572077951762,67.55945490320188,68.3175277709961,2565600
2009-01-08,68.31143431935487,68.4812418328943,67.91723566183394,68.2629165649414,2603600
2009-01-09,67.59584603716306,68.74205192988144,67.48061747192462,68.36605072021484,2727900
2009-01-12,67.6625955941335,69.1666151753048,67.6625955941335,69.07564544677734,2462800
2009-01-13,68.83302776498815,69.18477474420163,68.5055396767801,69.14838409423828,1767400
2009-01-14,69.53046300074202,70.37343988558042,69.53046300074202,70.28853607177734,2494800
2009-01-15,70.4704507105546,70.90710141509548,70.09444953590734,70.40373992919922,2827200
2009-01-16,68.7845279289651,70.40377115403146,68.74814189641893,69.3182144165039,2994800
2009-01-20,68.09920994752937,69.5183202920946,68.06282392646158,69.30606079101562,3268300
2009-01-21,67.88087610121384,68.55404516847116,66.95299566442931,67.11673736572266,2838100
2009-01-22,67.07429202888558,67.17738883707298,65.42472459024718,65.82498931884766,4016600
2009-01-23,65.44899212404194,65.69157641945556,64.70305085226498,65.30950927734375,2676200
2009-01-26,65.1518021458629,65.38832046476081,64.46650607148032,64.73941040039062,2240900
2009-01-27,65.37623637804076,66.46179315797089,65.27313490361347,66.26166534423828,3420800
2009-01-28,66.2919874774276,66.5952167746467,64.11480334431218,64.60603332519531,4348100
2009-01-29,64.01778417269576,64.47262823521926,62.865516249166674,63.1202278137207,3724400
2009-01-30,63.40523930877525,63.59930584762576,62.73206999000072,62.92007064819336,2630000
2009-02-02,63.257575119391525,64.26707146377876,62.87445552826285,64.09071350097656,2700200
2009-02-03,63.42783938001061,63.750146920386825,62.48523782939863,62.56429290771485,2846400
2009-02-04,62.48524675458629,62.55822389552455,61.79806274279236,62.34537506103516,2305400
2009-02-05,62.7832470741569,63.17244932753769,62.15687484261146,62.40012741088867,2279500
2009-02-06,62.18117584527298,62.55213482051009,61.96833167251111,62.20550155639648,1667500
2009-02-09,61.84060244521061,62.43656590995404,61.457478435365125,62.40616226196289,2257300
2009-02-10,63.312307334208434,63.829216029930905,62.910939987630805,63.76232147216797,3782800
2009-02-11,64.28529868022295,64.76572101729764,64.17583530418499,64.58936309814453,2774200
2009-02-12,64.449485787197,64.57110967910995,63.69540281044368,63.981224060058594,1818400
2009-02-13,63.21502976615464,63.21502976615464,62.1690514182543,62.27851486206055,2466800
2009-02-17,63.579843944009085,64.25486702888618,63.45821544603636,64.21837615966797,2813900
2009-02-18,64.49815637790788,64.80222085962859,63.42785274280314,63.67110061645508,2768600
2009-02-19,62.44874077836983,63.281874169224416,62.1690021192836,62.58860778808594,3219400
2009-02-20,63.40961778130711,63.95085693654925,62.8197364649612,63.196773529052734,4272000
2009-02-23,63.00215149541657,63.780555725097656,62.740655889540406,63.780555725097656,2688700
2009-02-24,64.27924818198557,64.875216780077,63.71368789672852,63.71368789672852,4197100
2009-02-25,63.99947411296949,64.15150631415742,62.6555100112267,62.97781753540039,3908100
2009-02-26,62.55823591144825,62.79540586548286,62.01700143791732,62.31498336791992,2611100
2009-02-27,62.37574113839248,62.64331916770977,61.54868599291385,61.95613098144531,3267700
2009-03-02,62.33550605439931,62.98191070556641,62.25622685206236,62.981910705566406,3302000
2009-03-03,62.34155504467255,63.15870708140485,62.085428528615765,62.56108474731445,3084900
2009-03-04,61.89031797758133,62.3537801400112,61.68908192968113,62.274505615234375,3178400
2009-03-05,63.43311102137215,64.29905399737673,63.07942098317781,64.00634002685547,4562400
2009-03-06,63.579471588134766,64.62225727755866,63.47579924395773,63.579471588134766,3125900
2009-03-09,63.73195087281687,63.756344101514095,62.88430594885213,63.2075080871582,2070500
2009-03-10,62.46363340368568,62.65877490097397,61.90260218054941,61.99407577514648,2602600
2009-03-11,61.76832560480515,62.66475677490234,61.54879125080047,62.66475677490234,3101500
2009-03-12,62.6037648762114,63.40262301201023,62.39032537661962,62.96355438232422,3558900
2009-03-13,62.65871300332335,63.34780471715751,62.40259091349497,62.64651870727539,2504000
2009-03-16,61.48174094645363,61.86592392650584,61.28659972050957,61.65858840942383,3265600
2009-03-17,62.03056321652336,62.40255182219031,61.21950578760801,61.32317352294922,3076200
2009-03-18,61.664712143528114,65.902939492926,61.53055162555541,63.6466178894043,8578800
2009-03-19,64.40882629550032,64.43321951603491,63.55508218691395,63.725830078125,3650900
2009-03-20,63.79907098787524,64.03079982662068,63.286822169943775,63.372196197509766,3479700
2009-03-23,63.59779993151167,63.67707444720775,62.792841874515545,62.82332992553711,2097000
2009-03-24,62.31719608818262,64.12835318800578,62.15864237725468,63.42096328735352,5477100
2009-03-25,62.98799780949124,63.250219302766695,62.39037510881656,62.56722259521485,2549600
2009-03-26,62.46962556526512,63.45752566265281,62.29887763003921,63.292877197265625,2385300
2009-03-27,63.51242107213781,63.988077434890215,63.15262673843216,63.76244354248047,1853900
2009-03-30,64.29905399737673,64.56127528153073,63.384329236727545,64.00634002685547,2300100
2009-03-31,64.05519922749424,64.51866160206824,64.03080598119709,64.46377563476562,1094600
2009-04-01,64.89913393418817,65.16821875793518,64.53830896713666,65.0520248413086,2383400
2009-04-02,64.75854738995739,64.8686291574531,64.11640296858812,64.25706481933594,1766300
2009-04-03,64.15919664054941,64.31208767667783,62.78317731539353,62.94218063354492,3316800
2009-04-06,63.321325225397175,63.35190062013596,62.51406108367111,62.67306900024414,1418100
2009-04-07,62.70975468457739,63.18065677316252,62.673062348440325,62.83206558227539,1312600
2009-04-08,63.03389121267153,63.51702725530957,62.96050186469762,63.38859939575195,1007800
2009-04-09,62.66697152204322,63.10118145546064,62.36730643168599,62.59358215332031,1088800
2009-04-13,62.96663595407248,63.30299805820624,62.948289778549466,63.168453216552734,946600
2009-04-14,63.14401745774147,63.73111865821951,62.94831705758212,63.49872589111328,1336000
2009-04-15,63.68214745592299,63.78611686535159,62.91769257817842,63.38859939575195,1152500
2009-04-16,62.899340887809664,63.26627826375338,62.85653160504727,62.88711166381836,1055600
2009-04-17,62.66701322108673,62.81378739033343,61.99429322401704,62.19610595703125,2582800
2009-04-20,62.764816347328015,63.23572327552692,62.65473463243793,63.13787078857422,1714400
2009-04-21,63.62713035215903,63.73109513070506,62.51408386230468,62.51408386230469,909100
2009-04-22,62.65477759270976,62.72205005715036,61.83528344896666,62.13494873046875,2278100
2009-04-23,61.98201773830476,62.22664430017595,61.73127889513788,62.12879180908203,1688300
2009-04-24,61.63951533169936,61.75571394558703,61.21753482093801,61.50497055053711,2830000
2009-04-27,61.81074598099227,61.88413530827436,61.193065307485774,61.76793670654297,2294600
2009-04-28,62.07370903308808,62.12263524375806,60.59983843121169,60.75884628295898,2332500
2009-04-29,60.95458958491419,61.2053330926027,60.02501425381492,60.2207145690918,3752600
2009-04-30,59.92107945057341,60.15347223310995,59.56025404346399,59.982234954833984,2778100
2009-05-01,59.575555392184434,59.679836024846665,59.238171368819366,59.56941986083984,2772200
2009-05-04,59.722761944274495,60.00493548211673,59.37311161694412,59.76570129394531,2246700
2009-05-05,59.78405364277179,60.01102126289726,59.35466050203088,59.692039489746094,1369000
2009-05-06,59.57549032991889,60.11529949773939,59.501878074293074,59.55095291137695,2045900
2009-05-07,58.85167871017828,59.317875827122535,57.86406941027786,58.09716796875,5755200
2009-05-08,58.28730563408161,58.51427326129054,58.05420716183808,58.23823547363281,2193400
2009-05-11,58.91914442006704,59.164509307160365,58.75965349942819,59.06636428833008,2167400
2009-05-12,58.99886312951714,59.51413479526112,58.76576471120914,59.281036376953125,2304800
2009-05-13,59.72273680050062,60.07238698062534,59.64912451203999,59.92516708374024,1917500
2009-05-14,59.86992484951867,60.26864967651507,59.68590124631286,60.158233642578125,1704600
2009-05-15,60.11529412661916,60.14596706706456,59.78404602595008,60.13983154296875,2306600
2009-05-18,60.12144467460292,60.18278589078879,59.11543375304328,59.20744323730469,2234700
2009-05-19,59.005027438029,59.17678474373331,58.71058299965334,58.89461135864258,1624300
2009-05-20,58.84553664642147,59.60004730404056,58.78419541995677,59.51416397094727,2825700
2009-05-21,59.83926119438657,59.89446687558699,57.87630984888187,58.01739883422852,4771700
2009-05-22,57.55120670586245,57.962198000244726,57.26289784322465,57.373313903808594,4483400
2009-05-26,57.69231553263057,57.72298381108435,56.5084114074707,56.5084114074707,3633100
2009-05-27,56.58200211012886,56.79056786945156,55.441037659813205,55.50851440429688,7490200
2009-05-28,56.29367762548674,56.4225002328974,55.34901282472232,56.31208419799805,9824300
2009-05-29,56.250740424258446,57.80270049517684,56.21393663792407,57.765892028808594,4746700
2009-06-01,56.82737747338528,56.85199461889215,55.73809578233884,56.05810928344727,6987000
2009-06-02,56.378149497705856,56.47661342294698,55.86735409324339,56.35968780517578,5063600
2009-06-03,56.59358330741688,56.99360414115988,56.2058734074635,56.88898468017578,6727200
2009-06-04,56.26737523445577,56.44584608951262,55.53503012150565,55.7135009765625,5438600
2009-06-05,55.33195913277459,55.94121860456255,55.110409380262006,55.288875579833984,8439600
2009-06-08,55.63961116828016,55.83654356373199,55.06727566036724,55.14727783203125,4084000
2009-06-09,55.504279229984455,55.57812602353496,54.92578763920558,55.14118194580078,6046300
2009-06-10,54.69193132104201,55.03656220962088,53.88573449919687,54.2734489440918,12142000
2009-06-11,54.00882365680779,55.09195071518112,53.96574479306844,54.876556396484375,10692800
2009-06-12,55.03039355798852,55.78735587285926,55.03039355798852,55.368873596191406,6606800
2009-06-15,55.71964949865866,56.09505285473404,55.682726117812464,55.86734771728516,4518700
2009-06-16,55.97815864772626,56.882819623683964,55.87969467023655,56.83974075317383,5376000
2009-06-17,56.89509870090296,57.43666675193192,56.51969528198242,56.51969528198242,7197200
2009-06-18,56.15657143939224,56.35965934515391,55.45499930606998,55.66423797607422,6794000
2009-06-19,55.59040390296219,56.43351892970579,55.51655245807418,56.4273681640625,4750700
2009-06-22,56.88896663092107,57.17821244501568,56.65510591557102,56.97512435913086,3952300
2009-06-23,57.09203782506773,57.73206988021419,56.975112187615416,57.64591217041016,5356900
2009-06-24,57.63360149315664,57.89207460263289,57.02434210789328,57.067420959472656,6550400
2009-06-25,57.36898069804243,58.15671105956802,57.0305006074291,58.11363220214844,7140000
2009-06-26,58.23054448071464,58.40285985694709,57.97822218320151,58.21207809448242,4050400
2009-06-29,58.50751770438016,58.69214412615813,58.20596559770476,58.29827880859375,4334900
2009-06-30,57.96591217039098,58.53209256826472,57.73205157913415,58.19976806640625,3743700
2009-07-01,57.67685746881531,58.0905096808903,57.56572653165566,58.0843391418457,3379900
2009-07-02,58.23866721058141,58.41153645059313,58.03492644471036,58.22014617919922,2645100
2009-07-06,58.06584866179001,58.214021752535416,57.65836677431808,58.10906600952149,1886700
2009-07-07,57.80033345641888,58.578245232874494,57.79415820762122,58.49798583984375,2592400
2009-07-08,58.72643321048054,59.76982434365869,58.58443072531311,59.57843399047852,7912900
2009-07-09,58.868408203125,59.10302050431616,58.31275368758503,58.868408203125,5241400
2009-07-10,59.03514813878481,59.473496809839865,58.917841906271136,59.41175842285156,3981900
2009-07-13,59.46724076618195,59.64010989902498,58.99802118394333,59.07828521728516,2604300
2009-07-14,58.5041382750404,58.73257057779518,57.84969875739273,58.096656799316406,3629100
2009-07-15,57.20762042524348,57.41753172111334,56.59639814774,56.60257339477539,4664200
2009-07-16,57.30025607429543,57.5286932328457,57.10886570734047,57.21382141113281,4225200
2009-07-17,56.73839117991984,57.02239126222522,56.33090972900391,56.33090972900391,3845700
2009-07-20,56.09012874308202,57.1026524464276,56.05926193269104,56.62726211547852,4436500
2009-07-21,56.46054065224858,57.84967373816282,56.36176030440004,57.7570686340332,3895300
2009-07-22,57.6645090082323,57.74476840510917,57.02241970221254,57.23850631713867,1986700
2009-07-23,57.26937200074321,57.29406828425926,55.917279917829774,56.18893432617188,3818800
2009-07-24,56.18279195637371,56.46061706542969,56.0407894206389,56.46061706542969,1765300
2009-07-27,55.70733077597322,55.97280975572498,55.52828637471447,55.812286376953125,2755900
2009-07-28,56.00988648840852,56.689017758734,55.83084197626499,56.30623245239258,3324800
2009-07-29,56.90511996390584,56.9792088304124,56.14572910113934,56.61494445800781,2910200
2009-07-30,56.5161634260696,57.51016666728288,56.32477307750128,57.41755676269531,4040700
2009-07-31,57.94233363461387,58.56590189993756,57.59041980375493,58.53503036499024,5697000
2009-08-03,58.1125253852135,58.149696828566704,57.36916268473644,57.64792251586914,4029300
2009-08-04,58.00100349609902,58.05675828168381,56.78684225412911,57.18949890136719,3832200
2009-08-05,56.563837699268326,57.45587654014098,56.29127395158911,56.33463668823242,4458300
2009-08-06,56.30987767512393,56.92315223696897,56.01252971188012,56.52669143676758,3228500
2009-08-07,56.01254543862123,56.328476852112615,55.888653176092426,56.055908203125,3543200
2009-08-10,56.06828478455882,56.76828485433063,56.006338670397824,56.755897521972656,3150100
2009-08-11,57.23287816783878,57.53022608242932,56.98508902671078,57.41252517700195,3677800
2009-08-12,57.57982738757698,57.65416560878291,56.42761095292269,56.79929733276367,4729200
2009-08-13,56.86743935655484,57.70372425640652,56.68159616717063,57.60460662841797,3922300
2009-08-14,57.79660499138375,58.35412471301664,57.74085018350929,57.82757568359375,4410400
2009-08-17,58.19929994102208,58.69487864326127,58.14974585174917,58.68249130249024,3569700
2009-08-18,58.639091447830864,58.70722886827701,58.23643459760195,58.34174346923828,2557900
2009-08-19,58.95503565970784,59.07893265701308,58.48424124850951,58.82494735717773,3518200
2009-08-20,59.08506530360975,59.388609101014175,58.71338413306704,59.30807495117188,3282700
2009-08-21,59.24619998069885,59.30195482259412,58.07540028896831,58.08778762817383,6258300
2009-08-24,57.91428891243403,59.14084243774415,57.89570555580853,59.14084243774414,4460200
2009-08-25,59.07891530658154,59.52493018733215,58.79395938574679,59.47537612915039,3359700
2009-08-26,59.58066224965315,59.80986799518861,59.413407324013335,59.74791717529297,3225800
2009-08-27,59.58064668076866,59.85321509329642,59.30188696881637,59.51250457763672,2514000
2009-08-28,59.12224692432682,59.78507995605468,59.04171276059681,59.78507995605469,2072500
2009-08-31,59.69222869760248,60.00196421192121,59.32054702565776,59.84090042114258,2899800
2009-09-01,59.54692218113938,60.019222204179975,59.12433894815654,59.696067810058594,3304200
2009-09-02,59.9571208929554,60.69042746933897,59.8079704175416,60.56613540649414,4345000
2009-09-03,60.180786664711285,60.35479540679564,60.00057162188885,60.19321823120117,2703800
2009-09-04,59.93222314065738,60.03165198441038,59.074625064359466,59.16784286499024,3643000
2009-09-08,58.7141872512486,59.26727350189045,58.639612066202695,58.75147247314453,2468900
2009-09-09,58.34755463446726,58.68313598632812,58.117617946732246,58.683135986328125,3182400
2009-09-10,58.99387732513905,60.10005060320879,58.98145048953195,59.76446914672852,4417300
2009-09-11,60.16836714590482,60.7028107797866,60.031648345434505,60.09379196166992,4826200
2009-09-14,59.67116958774151,60.0751099401578,59.44123788438599,59.49716567993164,2119500
2009-09-15,59.15543708354088,59.51587210429051,59.08086186825338,59.19272232055664,2187900
2009-09-16,59.24864973680779,59.62773211451075,58.78878109908432,59.29836654663086,3732300
2009-09-17,59.4661568658676,60.11246114014394,59.14300235810156,60.04410171508789,2832000
2009-09-18,59.783057286677135,59.98813544672391,59.45369191880066,59.50962448120117,2813300
2009-09-21,59.72095567349936,59.963319218054025,59.26108699168491,59.64638519287109,3050200
2009-09-22,59.44126831180623,59.88870987021606,59.35426631336579,59.770633697509766,2068000
2009-09-23,59.62149744713646,60.01922228563016,59.1616242503592,59.95086288452149,5712000
2009-09-24,59.96950507348822,60.33615573025995,59.76442687160538,60.1248664855957,4658400
2009-09-25,60.5039422968572,60.938952308144295,60.13728693769789,60.88924026489258,3854500
2009-09-28,61.10056388537903,61.47964628345259,60.97006080852265,61.42371368408203,4263300
2009-09-29,61.10053028157217,61.62875808536111,60.9948856690651,61.36775207519531,3123200
2009-09-30,61.24965358097624,61.60387724893535,61.12536640463166,61.31180191040039,2744800
2009-10-01,61.690238649443685,62.375961860946845,61.59049942619736,62.15154266357422,5754400
2009-10-02,62.51309872653424,62.53179953102855,61.64035805371888,61.72140121459961,4827700
2009-10-05,62.008153114096,62.12659787466888,61.57178043391117,61.72762680053711,2910100
2009-10-06,61.56553742388997,61.59047340818137,61.07929762033923,61.11669921875,3936200
2009-10-07,61.50942463643955,61.92086120548438,61.46578785693954,61.833587646484375,3591000
2009-10-08,62.1577595782143,62.18893075159588,60.89228793819648,61.185279846191406,5871600
2009-10-09,60.854877331967785,60.91097972849074,59.53329872659123,59.78265380859375,8135900
2009-10-12,59.86373125157237,60.0507488741213,59.59567519581528,59.87620162963867,1939700
2009-10-13,60.23149918408787,60.37487516299306,60.00708005914194,60.18786239624024,2886500
2009-10-14,59.5395562982649,59.90735149656784,59.15929072534407,59.29643630981445,5421000
2009-10-15,58.95355247502175,59.48342907235168,58.82887730719804,59.02212524414063,3736900
2009-10-16,59.34007466341448,59.55202347692707,59.05331786839798,59.50215148925781,3716800
2009-10-19,59.58941526593938,59.975915972577184,59.4585048869299,59.96968078613281,3163800
2009-10-20,60.4808818853232,60.62426269696254,60.181659396071296,60.29386901855469,2912400
2009-10-21,59.94474042103796,59.97590683640477,59.53953897284539,59.93227005004883,3355200
2009-10-22,59.45848847391712,59.73901471383231,59.427322062405935,59.6392707824707,2572200
2009-10-23,59.14685008696664,59.483479030074776,59.14061965257972,59.19048690795898,2996200
2009-10-26,58.87249452832482,58.91613129816798,58.31768213058268,58.42365646362305,4127400
2009-10-27,58.57950975000123,59.29016851868701,58.54833858665201,59.22159576416016,4476300
2009-10-28,59.30890348210755,59.720340246297205,59.19669388787897,59.50215148925781,4585400
2009-10-29,59.10937953540037,59.25899063920649,58.56703274453274,58.85379409790039,4645300
2009-10-30,59.28395294551578,59.85123596497261,59.1405769612059,59.707855224609375,5118000
2009-11-02,59.7316286926152,59.77540626235992,59.287597693376746,59.443946838378906,3463800
2009-11-03,59.58778736317896,59.637820236380335,58.78728047754659,58.84981918334961,4470700
2009-11-04,58.543368185469696,58.83105000997215,58.0367985348672,58.31196975708008,5349500
2009-11-05,58.08057610008721,58.31196975708008,58.0367985348672,58.31196975708008,2852000
2009-11-06,58.39954547737216,58.44332305802677,57.82418162551197,58.36827850341797,3381100
2009-11-09,58.33699175284606,58.599657169211945,58.24318131231618,58.43705749511719,1697800
2009-11-10,58.818547571022506,58.849814535756046,58.10559588409835,58.33073425292969,2549900
2009-11-11,58.55586483681218,58.8873289459692,58.46205919132963,58.57463073730469,1771100
2009-11-12,58.31199263720276,58.53088054918878,57.8179286236351,58.46834182739258,3431300
2009-11-13,58.68096025232716,58.824798788856505,58.44330650630932,58.73724365234375,1594200
2009-11-16,59.19376205722842,59.69407624544633,59.11245748273904,59.42515563964844,5175700
2009-11-17,59.406448623549096,59.91302334370063,59.29387699367093,59.7441635131836,3174400
2009-11-18,59.6878197530093,59.7441031253588,59.25003951424712,59.39388275146485,2413600
2009-11-19,59.5628019524904,59.92553331504889,59.35642459297945,59.50026321411133,2969800
2009-11-20,59.412686426680295,59.64408492309807,59.15627148972561,59.487735748291016,4136300
2009-11-23,59.12496932417363,59.47518974042952,58.999887195942726,59.41265106201172,3219300
2009-11-24,59.4814864573085,59.850468256876304,59.40643712811227,59.78792953491211,2895200
2009-11-25,59.71910226815128,60.181899050158805,59.39389823211516,60.06307220458984,2789300
2009-11-27,60.28828430175781,60.388345361454746,60.09440794685506,60.28828430175781,2249100
2009-11-30,60.163158552621645,60.49462280014301,60.03808112550272,60.43207931518555,3115800
2009-12-01,60.07886227044452,60.18551741194883,59.721250194467096,59.75889205932617,3979100
2009-12-02,59.78401255181378,60.20436283575833,59.59579357773936,59.80910873413086,2193900
2009-12-03,59.24442534074445,59.50165269721672,59.12521973428387,59.18795776367188,3947300
2009-12-04,58.529206953446206,58.75506771043894,58.29080050400067,58.56057357788086,6108100
2009-12-07,58.51663579373254,58.81150972151603,58.403705455147445,58.635841369628906,2774200
2009-12-08,59.00601834237512,59.20678290643325,58.57939304542599,58.72369003295898,2378600
2009-12-09,58.78012554028853,59.00598614995475,58.146460786135975,58.453880310058594,3494300
2009-12-10,58.15275520059465,58.22176845334253,57.68848335727186,57.7825927734375,4446300
2009-12-11,57.61947396920453,57.88298130946313,57.28695815817321,57.77632141113281,3053400
2009-12-14,57.93948072832468,58.033590210311466,57.75126655095819,57.84537124633789,2380400
2009-12-15,57.45012340738565,57.71990139886639,57.39993103999211,57.58815002441406,2993900
2009-12-16,57.67590174656065,57.87666614225675,57.31829001714569,57.5190544128418,3301600
2009-12-17,58.03357958918016,58.49157643150421,57.83909020551419,58.46648025512695,4428900
2009-12-18,58.47275402671031,58.6609729669152,58.12769235180999,58.21552658081055,3789500
2009-12-21,57.75752606226763,57.84536028571712,57.18032836914063,57.18032836914063,3524000
2009-12-22,56.96700385208568,57.010920952864,56.7285926307705,56.86034393310547,3078800
2009-12-23,57.06737979287378,57.33715761800028,56.77878103823223,56.87289047241211,2336000
2009-12-24,56.672144719942594,56.69096565570338,56.25806498678028,56.28316116333008,1698900
2009-12-28,56.12630844116211,56.23296359164616,56.02592853088471,56.12630844116211,3170900
2009-12-29,56.20057230736668,56.597236046407616,56.16279137721158,56.49649810791016,2617000
2009-12-30,56.61616686206223,56.96876192225336,56.57839070705967,56.86801910400391,1919100
2009-12-31,56.515405803095554,56.73577462355745,56.068370537678575,56.59725570678711,3242400
2010-01-04,56.565766882658544,56.72947147778889,56.40206709120775,56.54687881469727,2829100
2010-01-05,56.69800002623557,57.06318059421448,56.66651670659318,56.912071228027344,2841600
2010-01-06,56.77352998378151,56.83019897611917,56.112423764363776,56.15019989013672,4099600
2010-01-07,56.17539997304094,56.43984252858501,56.112438146056085,56.244659423828125,2793200
2010-01-08,56.35798222437816,56.38946073021667,55.8857614036932,56.21946334838867,2910700
2010-01-11,56.03059483499705,56.26355892623471,55.89207590527091,55.91096878051758,2181300
2010-01-12,56.767281089436416,56.91209288606755,56.56579545293751,56.86801910400391,4321200
2010-01-13,56.6224276823429,56.84279644941286,56.175392525235615,56.20687103271485,4755000
2010-01-14,56.4713318298785,56.993919372558594,56.376886677550296,56.993919372558594,4188800
2010-01-15,57.31502852349424,57.50391882009112,57.28355000984796,57.34651184082031,4142800
2010-01-19,57.11983465914553,57.37168673932821,56.930944398088805,57.18279647827149,2496000
2010-01-20,57.49762710269014,57.78095777301256,57.46614378212974,57.76206970214844,2800500
2010-01-21,57.64244630454594,58.17133152779931,57.58577728566565,58.02651977539063,4363100
2010-01-22,57.98242255879577,58.120941445206135,57.780941852293125,57.925758361816406,3666900
2010-01-25,57.63610353794251,57.87536026530854,57.6046202405916,57.66128921508789,2419500
2010-01-26,57.93832055888397,57.99498953191563,57.49128560937998,57.68017578125,3138100
2010-01-27,57.76832767100477,57.98239873208605,57.52907093150034,57.64869689941406,3325700
2010-01-28,57.377990665708985,57.73687838824598,57.33391690342128,57.61725234985352,3058200
2010-01-29,57.554291312875534,58.15243592413254,57.45354853843905,58.12095260620117,4930600
2010-02-01,57.9472159769642,57.95985573171644,57.53019566256599,57.593379974365234,3598500
2010-02-02,57.61228600307084,57.78288398254165,57.52382707732303,57.75761413574219,3047500
2010-02-03,57.37849627982691,57.47959494492904,57.03729551608175,57.08784484863281,5343700
2010-02-04,57.492230227366406,58.01666870940238,57.43536584337802,57.99139404296875,6095000
2010-02-05,57.73239394826104,58.39583651743634,57.631295183060345,58.11782455444336,6875800
2010-02-08,58.04828777742811,58.2252056965751,57.909279463626405,58.19361114501953,3386000
2010-02-09,57.96617888650368,58.26947037442645,57.587068142091205,57.612342834472656,4790000
2010-02-10,57.70076000104557,57.87767789875457,56.99308358955841,57.06258773803711,5068000
2010-02-11,56.9930776111934,57.043626953993865,56.4749588991153,56.75297546386719,5087500
2010-02-12,57.06259365394375,57.13209780962822,56.835126384549405,56.98677444458008,2833800
2010-02-16,56.69612337568816,57.14473804395872,56.69612337568816,57.09418869018555,2440900
2010-02-17,56.81618826588252,56.92360205779013,56.28543436187802,56.443397521972656,4368200
2010-02-18,56.52549135839183,56.5507660222428,55.92523375904112,56.21588516235352,5121800
2010-02-19,56.38648049021166,56.55708325809422,56.17165308846207,56.519168853759766,3502500
2010-02-22,56.3106865086946,56.43705505793248,56.18431313880557,56.2854118347168,3382600
2010-02-23,56.449737551311614,57.20796394760301,56.42446767669159,57.16373443603516,5474500
2010-02-24,57.21426012971297,57.42276784322778,56.98047291073792,57.30271911621094,4423200
2010-02-25,57.61226971274126,57.68177382341168,57.43535191127055,57.62490463256836,3707700
2010-02-26,57.78923993429821,58.1683505414301,57.75765019575142,57.92192840576172,4349100
2010-03-01,57.890267530834535,58.01703722980496,57.65573826818983,57.896602630615234,2415200
2010-03-02,57.60498529025824,57.85852933417016,57.4908907122954,57.820499420166016,2260600
2010-03-03,57.687431152777336,57.7318010295063,57.49093183930288,57.67475128173828,2156100
2010-03-04,57.65568938485119,58.11206765173114,57.5732896339784,57.97895812988281,2374700
2010-03-05,57.57331700109297,57.59867189863302,57.12327845064945,57.218353271484375,3823200
2010-03-08,56.98378348748276,57.02815331380479,56.85700910088527,56.9203987121582,2850400
2010-03-09,57.03450974859096,57.04718477294482,56.66687117498181,56.93309020996094,2573700
2010-03-10,56.723919127440006,56.857028652178144,56.5337647360784,56.78730392456055,3216200
2010-03-11,56.66053904407904,57.13593231595751,56.64786401798048,56.99648284912109,2621000
2010-03-12,56.90141618104109,57.459214175368295,56.87606612307307,57.35145950317383,3099100
2010-03-15,57.26904306444671,57.3451077305001,57.078888653239055,57.27538299560547,1936800
2010-03-16,57.40216079776541,57.738104657880186,57.38948576958897,57.73176956176758,3932600
2010-03-17,57.87753858793174,57.978958129882805,57.72541411095507,57.97895812988281,3481200
2010-03-18,57.94726751942222,57.98530226838912,57.68738838722487,57.78880310058594,2750300
2010-03-19,57.84585189819335,58.048686157682376,57.59864779556455,57.84585189819336,2976300
2010-03-22,57.90289316293629,57.99163284369268,57.820493412505336,57.90923309326172,2452300
2010-03-23,57.72541265262317,57.88387705595594,57.6239979491841,57.63667297363281,2910000
2010-03-24,56.94577517749016,57.20565916364501,56.45136693021574,56.58447647094727,8049300
2010-03-25,56.49572254881489,56.56544726725006,56.01399428538021,56.22316360473633,8268400
2010-03-26,56.12174325588043,56.489381764055366,56.09004844671232,56.381622314453125,4110700
2010-03-29,56.27387706811354,56.31824690676533,55.97596322175878,56.16612243652344,3245100
2010-03-30,56.10909496865119,56.38165403863108,55.95063050554548,56.34362411499024,3254600
2010-03-31,56.55277957569667,56.742933966668495,56.38163530427699,56.73025894165039,4263900
2010-04-01,56.47702956694701,56.64244748843687,56.260717930652696,56.59154891967773,2912400
2010-04-05,55.97447029970158,56.0762626711446,55.61182617863537,55.64999771118164,5652000
2010-04-06,55.859885077127416,55.89169303214479,55.57358435825216,55.7390022277832,3584600
2010-04-07,55.6372251020712,56.57246571580141,55.5417963487966,56.45158767700195,6389900
2010-04-08,56.55336428437992,56.70605510123701,56.292517674497134,56.47701644897461,3797600
2010-04-09,56.37523543247862,56.66153137792845,56.24799386871304,56.61063766479492,2311300
2010-04-12,56.73151258885821,56.979637022387614,56.68061402455622,56.90965270996094,2939600
2010-04-13,57.18964526523651,57.22781679839987,56.95424281815821,57.09421157836914,3090900
2010-04-14,57.10686726618453,57.176851558798646,56.6933250427246,56.69332504272461,3570100
2010-04-15,56.52798772545731,56.94153053814642,56.4198317932961,56.75702667236328,3698000
2010-04-16,56.87787641451633,57.25324261383173,56.77607922923673,57.170536041259766,8303900
2010-04-19,57.17691853153143,57.27871089659567,56.95423832840867,57.03058624267578,3211500
2010-04-20,57.16414653977135,57.25321660945696,57.03054143524293,57.234130859375,2285000
2010-04-21,57.43138598637625,57.78767130045351,57.425027302414975,57.704959869384766,4162200
2010-04-22,57.832211071306666,57.95308917786629,57.469567043712566,57.53318786621094,2841400
2010-04-23,57.39316864860354,57.48860222536541,57.1768570716331,57.32954788208008,4776000
2010-04-26,57.5840595234097,57.67312960402491,57.22141566548911,57.393192291259766,4753900
2010-04-27,57.80036315806243,58.481115739004665,57.70492955524807,58.2011833190918,13199200
2010-04-28,57.97853375239329,58.1185024628568,57.56499601287848,57.704959869384766,8379500
2010-04-29,57.80675523195168,58.0357940502012,57.59043863517954,57.94672393798828,4067200
2010-04-30,58.07396191676106,58.64019538906153,57.96580605215463,58.61474609375,6924800
2010-05-03,58.365736248688805,58.74879633829252,58.276355723477046,58.538116455078125,4211800
2010-05-04,59.25315243674018,59.67452188646012,59.09354368230796,59.59152221679688,11054800
2010-05-05,60.05122463836464,60.55558912565153,59.5979361456859,59.94269180297852,12219100
2010-05-06,60.11509425137507,63.843555557937805,59.87248562289379,61.7941780090332,19578200
2010-05-07,61.21325261183265,62.62419583362046,60.82380619418071,61.02172470092773,18740600
2010-05-10,59.47662584997173,59.97460452897584,59.431930709722295,59.75753402709961,10240100
2010-05-11,60.0001752093312,60.02570834499253,59.36812050698731,59.60434341430664,7729100
2010-05-12,59.46385959229124,59.54047357683284,59.12548968459616,59.15102767944336,5530800
2010-05-13,59.540481567382805,59.72562840171654,58.86373679029656,59.54048156738281,6849700
2010-05-14,60.08949240215786,60.97053077927657,60.07033526430765,60.57469940185547,9796500
2010-05-17,60.47253859379252,61.10458761462266,60.31292991079407,60.35123443603516,6302200
2010-05-18,60.58753086915148,61.398341823612014,60.5045311354961,61.277042388916016,9904100
2010-05-19,61.2514671352169,61.89628310111176,61.24508142015527,61.48130416870117,14121200
2010-05-20,62.50922108702647,62.930585977052495,62.26661248376412,62.77736282348633,17666900
2010-05-21,63.594513346269856,63.68389386026357,62.47725205047576,62.84115982055664,18670600
2010-05-24,63.03907586128037,63.12207553565003,62.50279275399751,62.62409210205078,7721100
2010-05-25,63.62006072060819,63.7732837856562,62.82201682012608,62.93054962158203,12952700
2010-05-26,62.70709501707052,62.82201352755187,62.1835784406273,62.75178527832031,12644800
2010-05-27,61.81965394736064,61.92180100083936,61.213137855990745,61.32805633544922,7653200
2010-05-28,61.602653586390126,61.78780050663558,61.302588056022586,61.60903930664063,5805500
2010-06-01,62.28549945030626,62.32393386122664,61.65770971008064,62.04206848144531,5536200
2010-06-02,62.13171995153452,62.25984273409406,61.38222000125281,61.45268630981445,5656400
2010-06-03,60.99147299380183,61.43989554083482,60.92100666337359,61.00428771972656,8499500
2010-06-04,62.09969478413159,62.74669652777269,61.94594744044846,62.64420318603516,7479600
2010-06-07,62.47130304661868,63.15674477648061,62.34959238329788,63.12471771240234,5288200
2010-06-08,62.73390968621296,63.10545857188472,62.62500894339459,62.81078338623047,5510800
2010-06-09,62.52250811952778,62.855622585259546,62.27267471392204,62.74031448364258,5598000
2010-06-10,62.26619138099128,62.32384780514744,61.55512643647312,61.61919021606445,6075100
2010-06-11,62.19580987281781,62.65704234495842,61.8883248163153,62.40080642700195,6266700
2010-06-14,61.70251875950671,62.16375099547078,61.638459812819335,62.080474853515625,5310400
2010-06-15,62.20858489841096,62.29826838993533,61.52955135190248,61.82422637939453,4920100
2010-06-16,62.25984811534468,62.27906531254349,61.747366715580526,62.17656707763672,4011100
2010-06-17,62.23423767350098,62.92608625390238,62.182988544422514,62.682655334472656,5650900
2010-06-18,62.70825704878165,62.84918965870008,62.50326549455051,62.58013916015625,4171700
2010-06-21,61.7922339033882,62.490489975764085,61.76020685733707,62.40080642700195,5740900
2010-06-22,62.57374211514457,63.16309231979377,62.40718492256632,63.14387512207031,5658900
2010-06-23,63.169532648131735,63.78450773314767,63.14390807533263,63.5731086730957,9137800
2010-06-24,63.6435585278936,63.79730103744547,63.00295903614352,63.19514083862305,6184600
2010-06-25,62.983753263150426,63.63076023569971,62.8812598673116,63.451393127441406,5148300
2010-06-28,63.80373388497006,64.05997476149368,63.688425734903845,64.04716491699219,5436000
2010-06-29,64.26491949808783,64.78380335031098,64.16242615484909,64.74536895751953,7334200
2010-06-30,64.9631830618948,65.206609057806,64.57241706359967,65.18098449707031,7205700
2010-07-01,65.26455279835059,65.96494289076996,65.14246532757937,65.28382873535156,12893400
2010-07-02,64.96894662134294,65.18099163387696,64.3585193574896,64.7633285522461,6297600
2010-07-06,64.78901034406762,65.38016148759526,64.73117767659217,65.296630859375,6620400
2010-07-07,65.19388453900535,65.22601437551543,64.47421836117259,64.53205108642578,5727800
2010-07-08,64.14005687566157,64.35852886390333,63.96656859580321,64.12078094482422,6260600
2010-07-09,63.87017325468202,64.02438557766396,63.72880991598135,63.754512786865234,4286000
2010-07-12,63.82520535747782,64.15290598699511,63.6388631884837,63.72882080078125,4062100
2010-07-13,63.516790615951,63.54249349723796,63.08627838462191,63.18266296386719,5842500
2010-07-14,63.43321912217258,63.92798578727596,63.22117416470534,63.81875228881836,5417300
2010-07-15,64.08866046148316,64.6348331581693,64.06295758251497,64.45491790771484,6996100
2010-07-16,64.45488083413531,64.98177729411228,64.42917796995106,64.76973724365234,7512400
2010-07-19,64.61555365019899,64.7376410929637,64.24287418158285,64.37138366699219,4305800
2010-07-20,64.68624056079999,64.83403089304404,64.37138886449935,64.4677734375,5076600
2010-07-21,64.54486290987775,65.72074365550993,64.51916493825821,65.56010437011719,7894200
2010-07-22,65.2259545457932,65.23237658534467,64.7825887007285,64.80186462402344,5759700
2010-07-23,64.76973725809518,64.87897075416254,64.05649870936338,64.11432647705078,6259100
2010-07-26,64.01798357180597,64.13364408467693,63.61317422791922,64.00513458251953,4856400
2010-07-27,63.47179436689118,63.72881820684642,63.33685795393713,63.38826370239258,5328000
2010-07-28,63.285488083413405,63.73528128391321,63.14412464617989,63.59391784667969,5507200
2010-07-29,63.03480054347212,63.62595143013728,62.91914016109696,63.57455062866211,6305500
2010-07-30,64.38421260363687,64.64766333969982,64.15931862304721,64.56413269042969,7683200
2010-08-02,63.973634496438784,64.03165425692119,63.657764434814446,63.65776443481445,5769200
2010-08-03,63.947841856901846,64.24437852521284,63.77379242984679,64.02519989013672,4363500
2010-08-04,64.14125271626888,64.14770045041622,63.53529357910156,63.53529357910156,3820400
2010-08-05,64.03809317683324,64.13478949296987,63.71577540183043,63.831809997558594,3704200
2010-08-06,64.32817969757582,64.59892543799762,64.13478707260096,64.52801513671875,6042400
2010-08-09,64.29591729860132,64.45063329689886,64.21211648815591,64.28947448730469,2578500
2010-08-10,64.5022493799711,65.11465627257526,64.12191666111805,64.42489624023438,11251000
2010-08-11,64.6634291618549,65.35963715305026,64.6634291618549,65.28872680664062,6778300
2010-08-12,65.48211518495073,65.71418449986274,65.02442429114691,65.1275634765625,7590100
2010-08-13,65.5079143811986,66.0429585420892,65.41766573149742,65.9398193359375,7843600
2010-08-16,67.17749846951449,67.61585102552198,67.08724984782305,67.5900650024414,7976200
2010-08-17,67.59005038469317,67.59649811861411,67.04211103773231,67.2032699584961,6756800
2010-08-18,67.68673806411756,68.10575218815035,67.35797253071593,67.38375854492188,7721600
2010-08-19,67.55139449761889,68.7246316032252,67.45469813192213,68.4345474243164,13128500
2010-08-20,68.59564114803678,68.86638677991634,68.22819432425864,68.35712432861328,7040300
2010-08-23,68.1057808903456,68.45388485156025,67.84792555779607,68.37007904052734,6360100
2010-08-24,69.00180390544232,69.70445443722,68.76328693285487,69.4659423828125,9812100
2010-08-25,70.13632282772954,70.48442156282793,69.02110159122618,69.24028015136719,13299800
2010-08-26,69.33700095087758,69.93651223302652,69.16295150943137,69.89138793945312,7039900
2010-08-27,69.47236254568804,69.8333617538094,67.81564958194478,67.91234588623047,13514000
2010-08-30,68.46675878318341,69.23387685878343,68.21535124748226,69.21453857421875,5535300
2010-08-31,69.76246991934481,70.03966344195396,69.37568951802913,69.98164367675781,8397000
2010-09-01,69.19414263633509,69.21354338187913,67.94629437812684,68.53466033935547,12480700
2010-09-02,68.0174285459527,68.08208784440666,67.50018868800426,67.81053161621094,8167600
2010-09-03,66.41392708125608,67.20272255582711,66.40099325846845,66.96996307373047,9210700
2010-09-07,67.9462774837921,68.39240079697161,67.76524336621483,68.3406753540039,6018400
2010-09-08,67.94635021053448,68.02393845803306,67.47436860349279,67.79764556884766,6698400
2010-09-09,67.04758957942349,67.13810666616172,66.36224451331653,66.459228515625,8588900
2010-09-10,66.11010643497525,66.40105358552493,65.85148400514633,66.15536499023438,6910300
2010-09-13,65.81913256495584,66.62732424707558,65.7997318210241,66.4786148071289,7054800
2010-09-14,66.61442518349956,67.1252031851088,66.57563354101204,67.11873626708984,5978100
2010-09-15,66.43335650549697,66.76310009415647,66.03895856860105,66.12300872802734,7919100
2010-09-16,65.64456847508025,65.83206956033636,65.20491194860652,65.47000122070312,17116200
2010-09-17,65.83855837206755,66.0519222572301,65.50881463434479,65.735107421875,9203600
2010-09-20,66.04543298926781,66.23939605602078,65.74801900733098,66.1165542602539,5277800
2010-09-21,66.38161732358861,67.25446317626965,66.11653307080542,67.03463745117188,12664000
2010-09-22,67.5971565575947,67.93336213831938,67.1445662405756,67.63594818115234,8229400
2010-09-23,68.15319459983174,68.1855193093569,67.39672339134196,67.82991790771484,7412200
2010-09-24,67.21571087453385,67.31269489995717,66.91829681396484,66.91829681396484,8942500
2010-09-27,67.58424327833444,68.17907137353899,67.55191855981094,68.08209228515625,7061600
2010-09-28,68.13379836441283,68.74156016431886,68.10793563539437,68.54759216308594,8262900
2010-09-29,68.64454073956865,68.70919506234426,68.1143674003149,68.26307678222656,5507100
2010-09-30,68.1466979779801,68.26953971312341,67.260918451901,68.21781921386719,10618400
2010-10-01,67.64157123961122,68.23212635322717,67.4793301164675,67.88817596435547,9368400
2010-10-04,67.89465021886251,68.09582757746387,67.75836830324175,68.0633773803711,4422700
2010-10-05,67.96604611681734,68.01795950767804,67.4468725985653,67.654541015625,8491800
2010-10-06,68.0763856574419,68.85514117553535,68.05042648001121,68.50469970703125,6476100
2010-10-07,68.25157725530414,68.387859170175,67.92709509098165,67.93358612060547,5780700
2010-10-08,68.05690632950055,68.43979299347443,67.63507843017578,67.63507843017578,6128700
2010-10-11,67.56366957064108,67.77133793599559,67.45334683462245,67.64803314208984,1474200
2010-10-12,67.75837449839668,67.98551104519838,66.96014611825885,66.9796142578125,6122400
2010-10-13,66.42149260528792,66.92119787008318,66.2203152642741,66.87577056884766,8168400
2010-10-14,67.03151352837678,67.2651410389694,65.8503988698047,65.87635803222656,10945000
2010-10-15,65.28583001307169,65.5778670190986,64.82506579596047,65.07167053222656,12694700
2010-10-18,65.67523130553495,65.83747249448263,65.40266729639282,65.59735870361328,5592200
2010-10-19,65.27288139607006,66.25281468856467,65.25341324407738,65.99323272705078,8017500
2010-10-20,65.78554484168464,66.37610006703642,65.68170812664732,66.135986328125,5515800
2010-10-21,65.99320168742449,66.13597466982958,65.3442371864604,65.35072326660156,6836100
2010-10-22,65.1820069683097,65.85043972396046,65.1625388222161,65.79203033447266,4770700
2010-10-25,66.27224630126882,66.38256906096426,65.90233679136819,65.98020935058594,5632300
2010-10-26,65.45457161154145,65.5843625543492,64.92891185660083,64.96135711669922,8432000
2010-10-27,64.68875120727817,65.00674227674487,64.39022827148438,64.39022827148438,9245200
2010-10-28,64.62390775124872,64.78614893060944,64.35134375821262,64.56549835205078,8052600
2010-10-29,64.77961351541266,65.19495025392474,64.64982264132932,65.16899108886719,6753800
2010-11-01,65.62411329282723,65.63062004509956,64.77125688143812,64.88844299316406,5921000
2010-11-02,65.4026942997403,65.81284279815233,65.37665241566916,65.7412338256836,6537400
2010-11-03,66.2295672421058,66.58112057420132,64.08115707004762,64.40016174316406,25541800
2010-11-04,64.5629113271099,65.01863719490247,64.50432076857123,64.90145111083984,13246500
2010-11-05,64.02905254863,64.32202018661332,63.78817367553711,63.78817367553711,12435000
2010-11-08,64.18529745059311,64.4001393866136,63.68400456686286,64.07462310791016,6795200
2010-11-09,64.12020366794896,64.1397338525365,62.622831568080784,62.66189193725586,15061700
2010-11-10,62.72694505044441,62.98084718507449,61.8480526638802,62.74647521972656,18540400
2010-11-11,62.79206799906014,62.90925402041911,62.59024956054627,62.71394729614258,3368100
2010-11-12,62.63586424414971,62.98091082876154,62.375450134277344,62.375450134277344,11739500
2010-11-15,62.0629675651597,62.31686999886655,61.07339477539063,61.07339477539063,14978700
2010-11-16,61.78948865147973,62.661869700034806,61.19053505710209,62.59025573730469,19901300
2010-11-17,62.36892559820973,62.99391630349683,62.0694462287116,62.2452278137207,9915600
2010-11-18,62.29079240957617,62.499122619628906,61.71788557367715,62.499122619628906,12424800
2010-11-19,62.55771204417944,62.88322830200196,62.36240526967627,62.88322830200195,8359500
2010-11-22,63.391083884018734,63.553842131158255,62.65541342807605,63.15019989013672,10413500
2010-11-23,63.58636985147629,63.76865823349854,63.30642555994616,63.462677001953125,9566900
2010-11-24,63.026453809246505,63.14363985620354,62.22568662752655,62.32984924316406,11467600
2010-11-26,62.96786790696529,63.22828191571466,62.85719356751663,63.19572830200195,4848900
2010-11-29,63.51473034723354,63.76863262981846,63.20874427155841,63.736083984375,8950000
2010-11-30,64.58893059955574,64.6279909582284,63.87279587765003,64.06810760498047,11947600
2010-12-01,63.1404683829895,63.44098113198903,62.64396667480469,62.64396667480469,15441200
2010-12-02,62.68967765268042,63.06858686666213,62.408762888411886,62.48062515258789,9318700
2010-12-03,62.89871458743598,62.93138105732476,61.96451036853711,61.99064254760742,10194800
2010-12-06,62.40221078954263,62.87911431715336,62.26502059277323,62.86605072021485,7001800
2010-12-07,61.8795940325321,62.01024996375549,60.86046381321762,61.52028274536133,18533100
2010-12-08,61.22633216237464,61.278596552237566,60.17453499136441,60.925819396972656,19275900
2010-12-09,61.14787988431395,61.58558253629322,60.57952136088482,61.22627639770508,17477100
2010-12-10,60.94539539899375,61.3177703206086,60.84740094926253,60.85393524169922,7078500
2010-12-13,60.78862500383848,61.428846291672286,60.46850937571536,61.08260345458984,12399900
2010-12-14,60.36400583778932,60.76904250721865,59.73684794404026,60.194149017333984,23516400
2010-12-15,60.15494073825135,60.25946454010765,59.103143503473454,59.41019058227539,26084000
2010-12-16,59.468943190423744,59.828254413956174,59.16843061447089,59.821720123291016,17939000
2010-12-17,60.0242830796249,61.25900077418117,60.011219472747015,60.91275787353516,16849700
2010-12-20,61.24591544994178,61.55949673009584,60.52076341227805,60.84740829467773,13703500
2010-12-21,60.84084121310176,61.27201461791992,60.42273638769167,61.27201461791992,8985100
2010-12-22,61.0629971998923,61.11526157907149,60.71022011674103,60.83434677124024,6440900
2010-12-23,60.87350070973213,60.90616717031057,60.44886164322293,60.71017837524414,7091800
2010-12-27,60.59914040833375,61.33082151872674,60.29862781167895,61.2524299621582,5285900
2010-12-28,60.91807101966978,61.0098443192857,59.85611640819597,60.05277633666992,13972100
2010-12-29,60.15116596891286,61.30489002318971,59.96106251648352,61.06890487670898,13115400
2010-12-30,60.8853083075194,61.14751994562018,60.57721500911731,61.02296829223633,7029900
2010-12-31,61.29826773438837,62.07834065624498,61.25238109192622,61.69813919067383,8516000
2011-01-03,61.09509635260032,61.82273150776598,60.93121465100936,61.23276138305664,13799400
2011-01-04,61.23278249187238,61.46876762234383,60.90501897570034,61.30488586425781,10466900
2011-01-05,60.6296941525136,60.76080256046359,59.77751200657338,59.95450210571289,17568000
2011-01-06,60.00690648950356,60.38711312367168,59.75780817811986,60.2166748046875,9317500
2011-01-07,59.987251345603774,60.72143806871801,59.67259632050342,60.53789138793945,12694600
2011-01-10,60.68871342751018,60.95747699678785,60.426501529751405,60.86570358276367,8295200
2011-01-11,60.62970397718848,60.7018123629271,60.1052852642328,60.52482223510742,9495400
2011-01-12,60.13799297166478,60.41986953513358,59.94788970781189,60.05277633666992,9522900
2011-01-13,60.059391045266,60.81324316334183,59.947947644083214,60.59036636352539,14502400
2011-01-14,60.81979115673264,60.89845619317778,60.15115585140743,60.20359420776367,8960700
2011-01-18,59.84306499504457,60.1183851557405,59.47597144745001,59.92173004150391,10663600
2011-01-19,59.92169460314039,60.354339599609375,59.88891626951585,60.354339599609375,8886900
2011-01-20,59.98069824165988,60.052806585003005,59.25306314157731,59.52183151245117,14203400
2011-01-21,59.44969885881778,59.99378204345703,59.33170389080453,59.99378204345703,9085600
2011-01-24,60.22330509423184,60.24297011637224,59.90209306168113,60.02008819580078,7700200
2011-01-25,60.26915950444159,60.89846488196834,59.86273092673126,60.59036636352539,13438100
2011-01-26,60.452670503318345,60.47889217035583,59.58081882909055,59.67259216308594,13322900
2011-01-27,59.698825202377954,60.07903194494107,59.43661348332503,59.94137191772461,10868700
2011-01-28,59.5283656331858,60.49199048176904,59.50214397049236,60.25600051879883,11993200
2011-01-31,60.08563285271904,60.29540138215385,59.68576081203451,59.79719924926758,8647600
2011-02-01,59.56690515944863,59.75767271317335,59.29719065439294,59.50111770629883,11508400
2011-02-02,59.79717806458967,59.86296053392773,59.139343333447606,59.51430892944336,13624600
2011-02-03,59.178787220295874,59.580066641056526,59.014328605849,59.02090835571289,12785800
2011-02-04,58.876182916993976,58.97485908766967,58.39596156310747,58.42227554321289,17172200
2011-02-07,58.349937517934784,58.74464236410231,58.26442081133481,58.72490310668945,8554800
2011-02-08,58.75118564941087,58.90248976196924,58.12624500896428,58.18544769287109,10454200
2011-02-09,58.34336499062661,58.98146549466284,57.98155387425118,58.6920166015625,13078600
2011-02-10,58.481481395220094,58.6393602519583,58.00783980612712,58.01441955566406,10486800
2011-02-11,58.56698837357552,58.89590553170534,58.37621581959492,58.849857330322266,11333400
2011-02-14,58.75122525680828,59.15908464567886,58.75122525680828,58.88936996459961,8033500
2011-02-15,58.91567163967692,59.185386264357405,58.79068646479009,59.15249252319336,7298000
2011-02-16,59.11959197218918,59.415615507915845,58.77093544980276,58.961708068847656,8446300
2011-02-17,59.21827259574601,59.323528548117125,58.98145674067109,59.05381393432617,6732500
2011-02-18,58.82357305222516,58.909094768595786,58.59991168084365,58.86962127685547,6080700
2011-02-22,59.14591863313811,59.82348755218152,59.01434868548676,59.75112533569336,11905700
2011-02-23,59.92873863385616,60.22476725261504,59.6919177464012,59.96821212768555,14522600
2011-02-24,60.27740735504611,60.5471220609156,60.15242214253647,60.34976959228516,12110900
2011-02-25,60.34974005513271,60.70497131347656,60.283957604079255,60.70497131347656,6841700
2011-02-28,60.71814164000188,60.86286105056872,60.57341721055485,60.7839241027832,9682500
2011-03-01,60.39915845703904,60.97992283979197,60.36616368487768,60.96012496948242,8048700
2011-03-02,60.61035542065878,60.70934982570766,60.01639906049464,60.02299499511719,8526400
2011-03-03,59.74576871745739,59.91075758723279,59.38279622498795,59.43558883666992,10607600
2011-03-04,59.46208407270966,59.957051484583054,59.39608942480699,59.9306526184082,9316200
2011-03-07,59.409267743790366,59.96363368979414,59.297076373967606,59.5478630065918,7522300
2011-03-08,59.46865687136721,59.6204439861187,59.16507760679771,59.18487548828125,8498700
2011-03-09,59.455464115361565,59.93723445786966,59.29707600394912,59.75904846191406,8904800
2011-03-10,59.97016696079875,60.781909526134605,59.81837495793815,60.76211166381836,13385800
2011-03-11,60.74236054127931,60.76875938970146,60.2737923106836,60.418983459472656,8407600
2011-03-14,60.37274592855543,60.66312299480696,60.26715060623698,60.39254379272461,6765200
2011-03-15,61.24390688086141,61.40889584871388,60.95352468622068,61.29669952392578,14893800
2011-03-16,61.62008086819274,62.65621137384005,61.42869306331984,61.989654541015625,24294200
2011-03-17,61.53425937993189,61.7784447671166,61.21748350824212,61.514461517333984,10528500
2011-03-18,61.21092475062631,61.69269489131597,61.17132899812708,61.67949295043945,7260900
2011-03-21,61.46169914895469,61.494698962272686,61.092125408103165,61.31651306152344,10542900
2011-03-22,61.25048812846395,61.567269086215,61.20429142994426,61.52107238769531,6904700
2011-03-23,61.936811475743,61.9566093315557,61.32965373387359,61.44184494018555,8358000
2011-03-24,61.217523081963456,61.296714583547946,60.97333753692639,60.97993850708008,9477600
2011-03-25,61.28351148715594,61.34950607683092,60.72914585674437,60.82814025878906,6447200
2011-03-28,60.79515957080836,61.15813241567218,60.715963023805855,60.9139518737793,3996800
2011-03-29,60.702741877885366,61.04591670773329,60.43215755997191,60.44535446166992,6487200
2011-03-30,60.5311704689824,60.92714309692384,60.42557508282994,60.92714309692383,5048300
2011-03-31,61.15813473492744,61.19113455619632,60.45858283260643,60.8017578125,9654300
2011-04-01,60.64003344056471,61.15033532236438,60.58701361859244,61.09732055664063,7860400
2011-04-04,61.10390280723354,61.355744262702174,61.057511758528015,61.163551330566406,4469100
2011-04-05,61.07745550398161,61.22325246850404,60.75271280089794,60.91839599609375,9951600
2011-04-06,60.818992357318,60.83224984602258,60.00383377075196,60.00383377075195,9090900
2011-04-07,59.99719628478841,60.1496270451792,59.73210216807602,59.8845329284668,9265100
2011-04-08,59.59954872042167,59.8580140550754,59.5465288937622,59.56641006469727,7605700
2011-04-11,59.53332663431964,59.791792186783866,59.41403445193206,59.61948013305664,5734000
2011-04-12,60.05019386288767,60.467713528995176,60.01705521448719,60.26226806640625,7686500
2011-04-13,60.003788376004685,60.64001083374024,59.93751615137015,60.64001083374024,7959300
2011-04-14,60.666544180622566,60.81896985056525,60.45446994608379,60.59364318847656,7609600
2011-04-15,61.14372182128092,61.44194952111468,61.01780098718476,61.41543960571289,10222900
2011-04-18,60.96478328713293,61.70041703243298,60.60690700107484,61.55461502075195,12036700
2011-04-19,61.54139361800316,61.81974029541016,61.47512132189464,61.81974029541016,5295100
2011-04-20,61.68052724797068,61.80644806888792,61.375670837130535,61.422061920166016,6754100
2011-04-21,61.561230688546026,61.786562401352505,61.342527717476095,61.36903762817383,3365600
2011-04-25,61.38897309894466,61.6143050110692,61.30281960515604,61.60104751586914,3626900
2011-04-26,61.81310813190248,62.21075199907602,61.753464585577525,62.19749450683594,7506300
2011-04-27,61.92573848905912,62.01189191060365,61.46845135692178,61.56123352050781,8869300
2011-04-28,61.77994743421139,62.03178405761719,61.61426424759582,62.03178405761719,8110200
2011-04-29,61.9456144092955,62.24384204465576,61.86608468028358,62.22396087646485,5900000
2011-05-02,62.11082513866349,62.3504301004346,62.01098889161179,62.32380676269531,5285100
2011-05-03,62.536771697336974,62.67654037475586,62.28385767313344,62.67654037475586,6486600
2011-05-04,62.7697573736333,63.0426428689056,62.74313402693228,62.95611572265625,7406300
2011-05-05,63.175748606832144,63.64830154127163,63.10253567973327,63.55512237548828,9600000
2011-05-06,62.90287988636295,63.55513416786938,62.79638648977476,63.27559661865234,9451500
2011-05-09,63.1624176963552,63.36208509224177,63.12248015487233,63.2090072631836,3731200
2011-05-10,63.02931958710681,63.155779196268895,62.756439208984375,62.756439208984375,5458300
2011-05-11,62.776399668867256,63.28888500776909,62.68322051633965,63.115840911865234,6078700
2011-05-12,63.19568499082116,63.30217831734073,62.5034986799691,62.71648025512695,8015800
2011-05-13,62.99604342170535,63.55511838126954,62.9161733941033,63.2822380065918,8380000
2011-05-16,63.24892949592104,63.75476262386656,63.06922836090258,63.63496017456055,6053600
2011-05-17,63.91453004018252,64.29390380963832,63.88125466826615,64.28724670410156,9826900
2011-05-18,64.07421676418248,64.15408673681063,63.41530599310981,63.43527221679688,7707600
2011-05-19,62.86955243560927,63.441941319699794,62.86955243560927,63.40866088867188,8052400
2011-05-20,63.242279288470215,63.50185552183329,63.04261190311312,63.44195175170898,5602300
2011-05-23,63.714843992036734,64.02100474494485,63.62165977535127,63.74811935424805,6300000
2011-05-24,63.65498954794989,63.98777389526367,63.53518697980148,63.98777389526367,5549100
2011-05-25,63.9943664000996,64.08088841501602,63.58836950000995,63.68820571899414,5664500
2011-05-26,63.87458606424351,64.26061686974411,63.82133938530216,64.23399353027344,8307900
2011-05-27,63.9810635057404,64.23398264892548,63.81467147064788,64.20735931396484,5390600
2011-05-31,64.01434908255935,64.40037985365366,63.95444530461875,64.35379028320312,7003900
2011-06-01,64.74251969947849,65.2769214154978,64.72248052700344,65.22348022460938,12746400
2011-06-02,64.4553203561384,64.73588423719114,63.98104095458985,63.98104095458984,15738700
2011-06-03,64.51544207985434,64.52879983760008,63.84076064389319,64.34844207763672,10644100
2011-06-06,63.77397876584093,64.12133662117982,63.60029728995299,63.860816955566406,8776900
2011-06-07,63.613615462159885,64.1680513554606,63.540135085379056,64.15469360351562,7399200
2011-06-08,64.30169195861546,64.68912814878044,64.24156929862183,64.65573120117188,7401800
2011-06-09,64.86284671865606,65.01648907416583,64.08128736658631,64.39524841308594,9963000
2011-06-10,64.73589681648127,65.05653403365301,64.66241639245511,64.88953399658203,7710800
2011-06-13,64.62233528165719,64.98973741522639,64.55553628367285,64.56221771240234,5540000
2011-06-14,63.95434549155247,64.06122798282867,63.54686491232797,63.58694839477539,8672400
2011-06-15,63.71385570436367,64.75593945680352,63.707179371959406,64.7425765991211,12979100
2011-06-16,64.86280993770177,65.15005019008143,64.66241296171093,65.03649139404297,10961200
2011-06-17,64.70247403217397,64.89619462465772,64.55551323122525,64.72919464111328,9622900
2011-06-20,65.01646311293392,65.03650230425104,64.52213927707103,64.80937957763672,6613800
2011-06-21,64.59560566061364,64.8160469100327,64.30836542251988,64.52212524414062,7894900
2011-06-22,64.76929613508487,64.83609513306921,64.40189909795254,64.56221771240234,5503700
2011-06-23,64.95630230171126,65.29030221804567,64.89618476305952,65.05650329589844,8586800
2011-06-24,65.03644606346374,65.2568871701984,64.78260803222656,64.78260803222656,7960900
2011-06-27,64.69575482398022,64.7091176688636,63.82735847454729,63.89415740966797,9331300
2011-06-28,63.78066413906553,63.91426214635704,63.27298253777066,63.379859924316406,12634300
2011-06-29,63.42662449369877,63.593624563557306,62.805384029967485,62.95902633666992,11084900
2011-06-30,62.94561932262663,62.99905542987842,62.2174969376046,62.8587760925293,11555600
2011-07-01,63.093413862195625,63.16044591002274,62.57730084518684,62.75827407836914,6637200
2011-07-05,63.03309539832078,63.120229907002624,62.79849855661766,62.8990364074707,4615600
2011-07-06,63.13365632955855,63.30792539651567,62.89905430726484,63.22079086303711,5652700
2011-07-07,62.89228491990883,63.10006979040962,62.70460760283414,63.03304290771485,6823700
2011-07-08,63.56931189424805,64.08543002632369,63.56261278051107,63.924564361572266,12129300
2011-07-11,64.37363522714912,64.88304901123047,64.17925358435723,64.88304901123047,9760800
2011-07-12,65.21816123823545,65.22486034756616,64.7221510012709,65.10420989990234,9083900
2011-07-13,64.82274556962642,65.30534774500947,64.42057879474987,65.28524017333984,13112200
2011-07-14,64.76237104247598,65.62032750617182,64.35350036621094,64.35350036621094,11471500
2011-07-15,63.87090293455933,64.48085432209146,63.8373869304186,64.46074676513672,7086200
2011-07-18,64.38701580295944,64.46074692118813,63.8105753043483,63.83738708496094,8206500
2011-07-19,63.89102663879876,65.19806930943028,63.79048371479045,65.16455841064453,15249400
2011-07-20,64.82936663183709,64.90979681533581,64.25963067216152,64.39368438720703,9673300
2011-07-21,63.83736968034371,64.25294449580097,63.60947727800522,63.89769744873047,11099200
2011-07-22,64.13904717576673,64.4071548854759,64.03180000082166,64.3803482055664,4974500
2011-07-25,63.656409930840965,64.38031262011133,63.562571261545614,63.676517486572266,10869400
2011-07-26,63.87757840587612,64.2596371575184,63.83735819624613,64.11217498779297,7682800
2011-07-27,63.90440227874755,64.23954180430546,63.74353673835028,64.118896484375,11224200
2011-07-28,64.42058021053381,64.55463410049612,64.15246731678108,64.3602523803711,7081600
2011-07-29,64.9433489239843,66.0426063630182,64.86961780555191,65.63373565673828,19582400
2011-08-01,65.49590552323144,66.53830057482686,65.46900444303184,66.29619598388672,14348200
2011-08-02,66.72659295737097,68.30699398240544,66.50466292728568,68.28681945800781,20850600
2011-08-03,68.30695424823945,69.55109879397918,68.16572752875196,68.42127990722656,21179700
2011-08-04,68.85174778536111,70.9836138291272,68.7777710859731,70.8558349609375,34076600
2011-08-05,69.56463950548935,70.95001251557737,68.78452316098911,68.8114242553711,41677700
2011-08-08,69.3897351085386,71.14499049184697,69.23505520967747,70.98358917236328,38259500
2011-08-09,70.62043122657425,73.55258165974638,69.26868172900942,71.19879150390625,39881400
2011-08-10,72.38243928348892,73.35085786513906,71.9184096554962,73.31723022460938,46221000
2011-08-11,72.18734728870824,72.50342836288876,69.40315142592063,69.61835479736328,37790100
2011-08-12,70.23708099371946,71.0575455910756,69.9882499685176,70.99701690673828,15590800
2011-08-15,70.57334959687459,70.93650637701116,70.25726841059713,70.2774429321289,10051700
2011-08-16,70.38499967082241,71.71656850088849,70.36482003206866,71.44084167480469,15993200
2011-08-17,71.50143675517081,72.69850664331503,71.13155330395475,72.69178009033203,15906600
2011-08-18,74.0368305008208,75.41548190892264,73.49209751920071,74.18478393554688,27274600
2011-08-19,74.41335560928928,74.92446549132494,74.13090217350086,74.78323364257812,15708400
2011-08-22,74.28563123945484,74.82364257555736,74.23855563236009,74.59498596191406,13157700
2011-08-23,73.81489413201967,74.76313307020989,73.53916184044428,73.5660629272461,16017800
2011-08-24,73.49879446354502,73.57949770384337,71.38710841887377,71.47453308105469,14621600
2011-08-25,71.75024490330303,72.56398310423114,71.52831490372583,72.2479019165039,10565900
2011-08-26,73.09523681168757,73.48528937004141,72.18062125878723,72.96073150634766,11504800
2011-08-29,71.75696692085872,72.22772799638426,71.68971680459934,71.95199584960938,6764300
2011-08-30,72.92040126814196,73.40461023041675,72.79934902757327,73.10870361328125,9508700
2011-08-31,73.17595885564037,73.27683658500607,71.97888946533203,71.97888946533203,12186000
2011-09-01,72.49291877098183,73.5114770752752,71.55530723566079,73.50473022460938,10686600
2011-09-02,75.13709066316287,75.93979576971874,74.64467881771563,75.892578125,16557100
2011-09-06,77.18094425141912,77.52496144312006,76.48616816650289,76.6817855834961,14016200
2011-09-07,75.73745762560124,75.79816898766488,75.08315207565025,75.21806335449219,11524300
2011-09-08,75.75092519084379,75.97351971803938,75.10336156850492,75.892578125,11480900
2011-09-09,75.9128224931705,77.01906899701349,75.69022279333505,76.70203399658203,11492700
2011-09-12,76.60756937257477,77.06625714832634,76.29053449349614,76.78295135498047,7602200
2011-09-13,76.4929520357177,76.62111132889842,75.62279350988254,75.69024658203125,9282400
2011-09-14,75.52831158207334,76.45917575463965,75.42712946310527,76.33101654052734,11948500
2011-09-15,75.53506190450773,75.87907391995678,75.1640625,75.1640625,8884000
2011-09-16,75.08313370742928,75.94654509543784,75.04266290684696,75.71045684814453,10053500
2011-09-19,77.03257412285161,77.70037336604034,76.97861475828546,77.15399169921875,13033500
2011-09-20,77.14721395795168,77.48448427405411,76.9313611614996,77.47773742675781,6360600
2011-09-21,77.32263392687523,80.12872699157826,77.03258108745966,80.0410385131836,18687100
2011-09-22,81.8960198371536,83.55538996930547,81.77460225936984,83.04948425292969,25041400
2011-09-23,83.04945969022208,83.21134803060728,81.5047607421875,81.5047607421875,15173800
2011-09-26,81.0258545615373,81.3293959072558,79.9870609605298,80.1961669921875,15110100
2011-09-27,78.75263014367466,79.1236296033147,78.42210662730093,78.9684829711914,13589600
2011-09-28,78.85384746845351,78.99550046725057,78.08487110564681,78.94153594970703,12642600
2011-09-29,79.33274302115169,80.14893676255235,78.98197892708693,79.48788452148438,12341800
2011-09-30,80.9584042014467,81.5587503937907,80.26362783222797,81.48455047607422,13546400
2011-10-03,82.42180455354818,83.72697448730469,81.9010914402245,83.72697448730469,15882000
2011-10-04,84.1056996876716,84.55202458030409,82.62470199060238,82.66527557373047,17301400
2011-10-05,82.27306870476515,82.35421588726912,81.59681466705145,82.0701904296875,14275000
2011-10-06,81.58324699488985,81.83346272446468,80.55534362792969,80.55534362792969,9681600
2011-10-07,79.62893351141277,80.50806605131135,79.0203036883607,79.96029663085938,11564600
2011-10-10,78.9999655428323,79.0608310652841,78.31018896462177,78.83090209960938,3567600
2011-10-11,79.3177882372216,79.36512578456066,78.37779611191328,78.56714630126953,7520200
2011-10-12,77.56624504506213,77.85027532876892,76.74122042104625,77.42423248291016,14033400
2011-10-13,77.78950007959034,78.81740909226833,77.74216250396759,78.19525146484375,11263300
2011-10-14,77.01175974341163,77.50542715201676,76.82917353767888,77.05909729003906,8411000
2011-10-17,77.29585188236834,78.42519508152968,77.24175031177852,78.3913803100586,9664000
2011-10-18,78.5400990316395,78.99995172313875,77.29579478370385,77.9044189453125,12495600
2011-10-19,77.45809362168359,78.26959593720416,77.20111909229679,77.87737274169922,6629300
2011-10-20,77.40400539764384,78.22227183495654,77.14026684179127,77.3228530883789,7832100
2011-10-21,76.9982297403669,77.22815347122454,76.50456237792969,76.50456237792969,9906300
2011-10-24,77.04556407296575,77.14700313328515,76.4504628301795,76.63304901123047,6344500
2011-10-25,76.67366043592533,78.68213521637087,76.65337364572405,78.58069610595703,11791200
2011-10-26,78.0329315254558,78.58745947740631,77.14027664769624,77.20790100097656,12747000
2011-10-27,76.09207655098041,76.31524154688982,74.26619332486571,74.5907974243164,19471400
2011-10-28,74.99658163798271,75.71340934172795,74.90190647557898,75.37528228759766,10127900
2011-10-31,76.82920195722441,78.36429595947266,76.72776284566972,78.36429595947266,15242100
2011-11-01,80.48574407973048,81.01458564840337,79.44161872781733,80.98746490478516,24400600
2011-11-02,79.0754961915566,80.24844377866266,78.93311616758758,79.97724151611328,13181100
2011-11-03,78.87885284423828,79.56363720373497,78.64155286998245,78.87885284423828,8386700
2011-11-04,78.4585471909159,79.3602928729505,78.32972490126667,78.97383117675781,7583700
2011-11-07,79.08231222603338,80.24169736159692,78.86535135574235,79.47555541992188,9279700
2011-11-08,79.1569075259638,79.69253090425781,78.30940316273079,78.45856475830078,7539400
2011-11-09,80.18069736126543,80.770557110436,79.37387152082914,80.08577728271484,13004500
2011-11-10,79.17723148296288,79.7399755127252,78.1127664156168,78.89247131347656,11644600
2011-11-11,78.53313548509277,78.76365415940778,78.30939312043023,78.41109466552734,2483900
2011-11-14,78.91276161653239,79.7331445515778,78.79072088066395,79.67212677001953,9252600
2011-11-15,79.80092144847788,80.31620498583152,79.13648165152887,79.5636215209961,7587500
2011-11-16,79.97730353698644,80.2959660546422,79.4484615599224,80.2891845703125,7470000
2011-11-17,80.03155012279417,81.46891969884966,80.03155012279417,80.93329620361328,9907900
2011-11-18,80.80443262443485,81.05529570490545,80.22134937893911,80.91291046142578,6792600
2011-11-21,81.61806248833302,81.85536786032019,81.29940517665534,81.39432525634766,7345600
2011-11-22,81.5976564415209,82.31634310751447,81.25865495636896,82.30278015136719,7866300
2011-11-23,82.14689370946755,83.42831971045538,82.0587499576739,83.10965728759766,10129300
2011-11-25,82.5807355873663,82.62819557213345,81.86204916735613,81.9027328491211,4311900
2011-11-28,80.43151913289293,82.14009012293039,80.39762207596407,81.86210632324219,7661900
2011-11-29,81.3807045877707,81.98412688343741,80.73660376472282,81.19086456298828,8952800
2011-11-30,80.23493091294019,80.38409250910482,79.50269107148235,79.92304992675781,11806800
2011-12-01,79.03944195821656,79.68513142472206,78.70640251021453,79.52201080322266,9647200
2011-12-02,79.26372372133363,80.66385297451,79.22293968317094,80.63666534423828,7764900
2011-12-05,79.52197990518029,80.76578647642451,79.44041703336607,80.47352600097656,7862800
2011-12-06,80.07253825183065,80.39878464819405,79.36567538096874,79.70551300048828,8506300
2011-12-07,79.74623770168213,80.36473901251445,79.41999154807898,79.99092102050781,6588300
2011-12-08,80.01136312602942,81.10564058213016,79.80066547931155,80.99009704589844,8800500
2011-12-09,80.928939553832,80.96971841337056,79.27053012578232,79.32490539550781,9855100
2011-12-12,80.14053721319912,80.53474504508745,79.93663249785055,80.20850372314453,5734600
2011-12-13,79.71236141302029,81.309598193707,79.63080365169179,80.95616912841797,8901800
2011-12-14,81.4183524769099,82.50583255648992,81.21444769332625,82.48544311523438,11247700
2011-12-15,82.00967701281392,82.45826030329894,81.81257042658822,82.17959594726562,5438700
2011-12-16,82.4990274324728,83.34182896082822,82.43785911383328,83.13792419433594,9321900
2011-12-19,83.13791468224152,84.29336106546293,83.09713580781415,84.19141387939453,7845100
2011-12-20,83.36896398176337,83.37575700031502,81.97562772314645,82.09117126464844,13945400
2011-12-21,81.98927428431034,82.12521252974962,80.9289818974532,80.94937133789062,11600100
2011-12-22,81.56102517374894,81.84648751733458,81.11923525028907,81.28915405273438,5247400
2011-12-23,80.58233756454302,80.6842899417569,80.02500377935556,80.3852310180664,5409700
2011-12-27,80.4193188631913,80.7670669555664,80.20112183960738,80.7670669555664,4270300
2011-12-28,80.96482104801579,82.53993608953733,80.76707915268267,82.26036834716797,8302300
2011-12-29,82.15127013072274,82.56720386877207,81.86488227519068,82.4103775024414,4305000
2011-12-30,82.58081630834849,83.02403038099514,82.43080491124721,82.67627716064453,5948800
2012-01-03,81.42845209886507,81.96030684858039,81.09433915136647,81.43527221679688,9076900
2012-01-04,81.31938928451692,81.33302432369831,80.24203911121222,80.46705627441406,8417100
2012-01-05,80.57611678156402,81.21025247046875,80.16699815696674,80.3238296508789,6465800
2012-01-06,80.28976125387068,81.1148188981145,80.2624859760989,80.95799255371094,7348500
2012-01-09,80.78072150439215,81.51031841894232,80.66480545306835,80.81481170654297,5582400
2012-01-10,80.27610721482017,81.05343423952766,80.24201182511898,80.67840576171875,8932500
2012-01-11,81.16933228650875,81.86483334342601,81.12842198969742,81.72846221923828,8634500
2012-01-12,81.78983025473856,81.95348185161657,81.30570598564753,81.612548828125,7205400
2012-01-13,82.57397681600686,82.94218510371304,82.37623503915215,82.42396545410156,9819000
2012-01-17,82.47169853272833,82.93536766530896,82.38987793430101,82.80581665039062,5449900
2012-01-18,82.86723794625857,82.92178851679041,81.76261750524674,81.80352783203125,5804000
2012-01-19,81.36709205631962,81.52391836360256,80.40565825078737,80.67840576171875,8625700
2012-01-20,80.26246887984114,80.43293542793414,79.7578893541092,79.76470947265625,6548200
2012-01-23,79.18511850971322,79.53287172208513,78.78964007451457,79.26012420654297,7274800
2012-01-24,79.58056875657743,79.58056875657743,78.94643325995976,79.40328216552734,5776500
2012-01-25,79.13741188315332,80.82162270571507,79.0214958449127,79.21241760253906,12867600
2012-01-26,79.53967483213616,80.262451171875,79.49875933210704,80.262451171875,7638500
2012-01-27,80.34428110038115,80.68521413887665,79.78515112533756,80.5147476196289,5165300
2012-01-30,81.71489566485049,82.08992439785395,81.37396234474902,81.46260833740234,8388400
2012-01-31,81.3193465256509,82.4444265478492,81.27161611027158,82.40351104736328,7998300
2012-02-01,81.849228155961,81.9517543281147,81.20673567751574,81.45963287353516,7925200
2012-02-02,81.30922882074132,81.66465204453664,81.09050884251945,81.42542266845703,5596900
2012-02-03,79.60051181272806,79.83290482343577,79.26559784183831,79.67569732666016,12467400
2012-02-06,79.75772530058546,80.51641175110942,79.51849580299637,80.46856689453125,6180600
2012-02-07,79.70987921313322,79.88758569785183,79.12889925904346,79.47064971923828,8794800
2012-02-08,79.42277240414352,79.82604049400501,79.27240664345717,79.53213500976562,7613400
2012-02-09,79.1904201157986,79.31345049481423,78.34288040185673,78.9375228881836,11477700
2012-02-10,79.83283837709295,80.1950927074196,79.64145390975091,79.96269989013672,7193100
2012-02-13,79.69619366462885,80.2224922102867,79.57999977807485,80.0652847290039,6422900
2012-02-14,80.27029373858299,80.84443160796405,80.12675927123773,80.489013671875,8271200
2012-02-15,80.42069788713779,80.83762853228461,80.30449880060188,80.34551239013672,6846100
2012-02-16,80.1541029275835,80.37965934857631,79.37491275933115,79.70299530029297,9036200
2012-02-17,79.19039663522642,79.70302219334431,79.12204760375008,79.6825180053711,6338000
2012-02-21,79.12881263603992,79.23133870480183,78.56834270345968,78.80073547363281,8338300
2012-02-22,79.21091828768311,79.80556594349909,79.15623696456711,79.7918930053711,7736800
2012-02-23,79.3817935113971,80.11997572936907,79.23825894924111,79.7918930053711,5163900
2012-02-24,80.12680503078984,80.36602927965032,79.93542041700393,80.31134796142578,5676900
2012-02-27,80.99480748715588,81.23403161401019,80.73507918009904,81.02214813232422,8180700
2012-02-28,81.24772893636677,81.4322718282884,80.61207308577553,80.75560760498047,6615700
2012-02-29,80.9059811071202,80.94015301388129,79.94224260073678,80.26348876953125,14235000
2012-03-01,79.58319219159914,79.93257325956411,79.15160750287401,79.5078353881836,12265600
2012-03-02,79.87777830921077,80.48063281916104,79.84352853805922,80.25456237792969,6669600
2012-03-05,80.12441142365627,80.45324167978431,79.61746978759766,79.61746978759766,6921900
2012-03-06,80.4601014578244,80.91224247949899,80.45325463743329,80.58341217041016,6299700
2012-03-07,80.46696608983052,80.5697259041537,80.02167704548427,80.0901870727539,5567500
2012-03-08,79.68600860567592,79.85727323947651,79.22016859267504,79.2886734008789,7982100
2012-03-09,79.11741287247668,79.45994215785169,78.71323082449358,79.44624328613281,6975600
2012-03-12,79.68595322182205,79.82296274300454,79.37767918587237,79.43247985839844,5280000
2012-03-13,78.96666282247303,79.06257578670933,78.02128431132383,78.03498840332031,14413600
2012-03-14,77.2060645490781,77.24031955303731,76.00721258262298,76.0688705444336,24515300
2012-03-15,75.9729972830322,76.54844397931949,75.95929318459746,76.18536376953125,14154000
2012-03-16,75.69890963949997,76.34286583744496,75.49339014713266,76.33601379394531,13427200
2012-03-19,76.2881094986514,76.37031839431602,75.14406314020333,75.42493438720703,14011400
2012-03-20,75.65096917667026,75.95239642506739,75.25363420861562,75.72632598876953,9443800
2012-03-21,75.94556765667805,76.65117690752342,75.91131264919649,76.58267211914062,10242000
2012-03-22,76.9252076837843,76.98001360967965,76.63748441270486,76.82929992675781,8009800
2012-03-23,77.19922241890586,77.67876114398489,77.17867150591393,77.55545043945312,8465300
2012-03-26,77.29517222076336,77.41848299238937,76.58956261568565,77.15815734863281,8118600
2012-03-27,77.26089447828731,77.89114702501946,77.20608854555023,77.7130355834961,6972300
2012-03-28,77.35679499525587,78.05555750569263,77.30884111525185,77.6034164428711,7886000
2012-03-29,78.11036550023421,78.2268294139024,77.80894332345561,78.18572235107422,7692900
2012-03-30,78.2405481527257,78.28164999941013,76.85673197299447,76.86357879638672,9467500
2012-04-02,77.61220322109203,77.81825541418915,77.06273419958299,77.28939056396484,8944000
2012-04-03,77.61905598325247,77.91439460044866,75.94318055170898,75.9500503540039,14774300
2012-04-04,76.7673851092199,77.00778104861469,76.5201298472018,76.9940414428711,10095600
2012-04-05,77.61218939493247,77.6602675327403,77.15201218446839,77.55037689208984,6364100
2012-04-09,79.35672425458284,79.51469298736305,79.15067215777454,79.36359405517578,14374600
2012-04-10,79.63833810195449,80.55869766912421,79.52157767063491,80.26335906982422,14421300
2012-04-11,79.47348904411314,79.71387967688993,79.22622861036477,79.3017807006836,8713000
2012-04-12,79.44601841808606,79.50096634792149,78.8622110739229,78.97210693359375,9008500
2012-04-13,79.77572976166095,80.29085500087945,79.75512559051221,80.24964141845703,8607700
2012-04-16,80.15347007304088,80.77162129203552,80.06418360145652,80.13286590576172,7735000
2012-04-17,80.03670732578493,80.24275947288791,79.84439478322149,80.08478546142578,5398600
2012-04-18,80.39386570513021,80.44194384198092,80.1740791880807,80.31831359863281,4074400
2012-04-19,80.53122446140908,80.68232866342382,80.3732504574509,80.39385986328125,5374300
2012-04-20,80.0573214346993,80.44881637071526,79.89935264374299,80.40760803222656,5043300
2012-04-23,81.12189406705298,81.32794618506776,80.9021075865613,80.99139404296875,5170100
2012-04-24,80.77852798967562,80.88155411325204,80.4145068944818,80.42137145996094,4336600
2012-04-25,79.95428124666938,80.5792969364225,79.4597603439372,80.00922393798828,8859500
2012-04-26,80.64800481359455,80.6754787880308,80.07793163432335,80.49003601074219,5133000
2012-04-27,80.37323736134303,80.60676342825757,80.21526862324798,80.55868530273438,3112900
2012-04-30,80.75100064314186,80.87463086170735,80.49000584400265,80.57929229736328,4198400
2012-05-01,80.84993268705449,80.98074836071667,79.91357947649907,80.16143798828125,7214300
2012-05-02,80.70532104337036,80.77416943847142,80.41615463226839,80.7259750366211,3565700
2012-05-03,80.30597143914358,80.80857456876595,80.25089063673124,80.7052993774414,3522900
2012-05-04,80.88434144899134,81.37317194555234,80.8292606247262,81.3387451171875,6367300
2012-05-07,81.46263436902022,81.55902313778486,81.25608400578517,81.35247802734375,3228200
2012-05-08,81.71742173554733,82.28198706966678,81.69676773901072,81.78627014160156,6051600
2012-05-09,82.24064657647185,82.32326778804153,81.5452710770747,81.84132385253906,5828900
2012-05-10,81.25610984267514,81.66921070049834,80.85678706773265,81.60035705566406,6300000
2012-05-11,82.26817614777904,82.34391093521359,81.9032750371186,82.27506256103516,5234300
2012-05-14,83.21829772149161,83.51435044427905,83.03240134173527,83.42484283447266,8789400
2012-05-15,83.36979066851742,83.81043195035465,83.18389947771387,83.76223754882812,6766400
2012-05-16,83.29401811966432,84.12020893448461,83.11500818376246,84.00316619873047,6462300
2012-05-17,84.01697871066136,85.5660912566746,84.01009229522957,85.4903564453125,14863400
2012-05-18,84.87067887393385,85.67622109098336,84.76052253189255,85.51097869873047,10137700
2012-05-21,85.30443744428435,85.68310612486408,85.11165989740097,85.33197784423828,9583500
2012-05-22,84.51268206340266,84.60218443853283,84.03761927763045,84.38186645507812,12475500
2012-05-23,85.06344502464222,85.73127986471073,84.93262946956419,84.96705627441406,11744900
2012-05-24,84.84318822568304,85.22874350423055,84.51270852064467,84.64352416992188,10256200
2012-05-25,84.9808819622264,85.05661678245606,84.78121791369337,84.9602279663086,4723600
2012-05-29,84.95330739248877,85.24247372466468,84.6847950479262,84.69856262207031,5874100
2012-05-30,86.2821145124181,86.97060888460554,86.26834693620424,86.8466796875,17170800
2012-05-31,87.45944893849456,88.87086465881173,87.2115905168506,87.85189056396484,31174500
2012-06-01,88.90954342732495,89.95132416697994,88.67497432424297,89.9375228881836,23526000
2012-06-04,89.2130664034813,89.8132901574504,88.95780076600687,89.22686767578125,11681200
2012-06-05,88.67493992627047,88.75083113927458,88.02641692919663,88.03331756591797,12482800
2012-06-06,88.0057731369112,88.03337043672732,86.27408599853516,86.27408599853516,20806700
2012-06-07,85.99806514256792,86.75007135936382,85.81868543639028,86.40511322021484,18898200
2012-06-08,87.4469017961463,87.58488296768448,85.94288386634533,86.38442993164062,11239600
2012-06-11,86.09463343927126,87.07431306859141,86.08083216920068,86.77764892578125,10693800
2012-06-12,86.21881952135047,86.67416142959733,85.89455809839464,85.98424530029297,10921700
2012-06-13,86.13606107828114,87.12264173614246,85.8117995296377,86.83287811279297,11100000
2012-06-14,86.89496750138869,87.12264117411358,86.37063483308476,86.72248840332031,7688200
2012-06-15,87.32960659240649,87.51588167756354,87.02604173577936,87.2054214477539,6421400
2012-06-18,87.72289264304483,87.8539732116396,87.10886731883265,87.67459869384766,6698400
2012-06-19,87.12263296694829,87.18472817349844,86.46721456148822,86.52930450439453,8227900
2012-06-20,85.94290646102792,87.28134628413463,85.61174419317061,86.95708465576172,13720300
2012-06-21,86.89498872222839,87.79188235667428,86.85359541294942,87.41932678222656,9776600
2012-06-22,86.86042534642493,87.08119825560908,86.24640052826771,86.2532958984375,7830400
2012-06-25,87.17783052594697,87.63317258047287,87.11573531726742,87.50898742675781,6113800
2012-06-26,87.00535416437431,87.58488139077376,86.88806964431406,87.16403198242188,5359700
2012-06-27,87.31581322317163,87.47449630267641,86.95015839293848,87.30201721191406,5860700
2012-06-28,87.82637287190339,87.95055805289665,87.47451398181497,87.51590728759766,5257800
2012-06-29,86.26027128894181,86.67422019445206,85.98430359738634,86.37755584716797,8881900
2012-07-02,86.73637819084195,87.95324717942995,86.68107004020779,87.26876068115234,7818500
2012-07-03,87.0820626910709,87.11663489427396,86.57042678852683,86.59808349609375,5773100
2012-07-05,86.66723830109284,87.33789907468977,86.59809915716068,87.04059600830078,5974700
2012-07-06,87.57984109747774,87.95319860168564,87.53835868866875,87.8494873046875,5818300
2012-07-09,88.07084359843726,88.67927586522904,87.88416725492709,88.62396240234375,5647000
2012-07-10,88.40265837255905,89.01109549636709,88.30586251649477,88.80367279052734,4288000
2012-07-11,88.90737061064462,89.51580767794029,88.67920671040874,88.91429138183594,5960900
2012-07-12,89.22541806252504,89.57802923653468,89.12170144667101,89.54345703125,6421000
2012-07-13,89.34987018495555,89.35679095636114,88.91429413461627,89.30838775634766,4175300
2012-07-16,90.0896553003146,90.3039881671109,89.61258637746913,89.72321319580078,5283500
2012-07-17,89.3705706269833,89.75776440057795,88.94190499365727,89.01795959472656,5590900
2012-07-18,89.37059128646462,89.42590469547903,89.04563160222622,89.0663833618164,4011000
2012-07-19,88.81746222429285,89.25995886638228,88.57546742238915,88.83820343017578,5246300
2012-07-20,89.60571278578855,90.08969212638378,89.48125492680214,89.92375183105469,6365900
2012-07-23,90.7880141256614,90.87789978065062,90.23489029873306,90.42848205566406,6141100
2012-07-24,90.12426312348968,91.292723747884,90.07585991510432,91.140625,6748800
2012-07-25,91.00919885358248,91.41021306022095,90.90548228034152,91.37564086914062,5328000
2012-07-26,90.94004615237624,91.11289654201428,90.50445979450416,90.53903198242188,6606200
2012-07-27,89.80619330809768,89.88915816097939,87.78038550891486,88.83131408691406,14685100
2012-07-30,88.76908967546751,89.52271521580649,88.67229383129514,89.49506378173828,6025300
2012-07-31,89.75087457357787,89.79927776819585,88.90045323204318,89.67481994628906,7448600
2012-08-01,89.05333216882588,89.89169777094149,88.79004187569372,89.22654724121094,7972000
2012-08-02,89.7877909493066,90.54994173915536,89.46908103516066,89.73236083984375,7972000
2012-08-03,88.57523306798113,88.70687817916028,87.83387296889896,88.28423309326172,9084800
2012-08-06,88.45750156953866,88.78314686063528,88.24964658461543,88.31893157958984,3673600
2012-08-07,87.27272531439989,87.39051035417562,86.90551002209487,87.18265533447266,6613600
2012-08-08,87.41125166838614,87.57060656565149,86.63524628546803,86.71839141845703,7250700
2012-08-09,86.448168564134,86.81538892633132,85.74145345547765,86.6560287475586,7553500
2012-08-10,87.43895175412295,87.52209687791445,87.02323670737269,87.09252166748047,4670500
2012-08-13,87.37663502935817,87.56370503194469,86.94705963134766,86.94705963134766,3543700
2012-08-14,85.88692708512096,86.19871726447646,85.74142711586269,85.7691421508789,7994000
2012-08-15,85.23567634890337,85.36039142103252,84.45967615441526,84.56360626220703,11191000
2012-08-16,84.67440150605944,84.87533149658758,83.50346666977865,83.84297180175781,13240000
2012-08-17,84.113230609455,84.612090806777,84.0578005239517,84.25180053710938,6341100
2012-08-20,84.21713296992297,84.66056293574322,84.18248785636426,84.42498779296875,4427100
2012-08-21,84.16171852613635,84.84071847467592,83.6005035277981,84.79914855957031,9532700
2012-08-22,85.58209524548803,86.26803069490644,85.36731026081787,86.19874572753906,11384400
2012-08-23,86.42737587262606,86.70452099703527,86.36502099483836,86.55902099609375,7139100
2012-08-24,86.93319678154252,86.99555168132213,86.37890633723175,86.47590637207031,5001400
2012-08-27,86.8431065934579,87.16182698003253,86.79460658438865,86.98168182373047,3906100
2012-08-28,87.12721265482809,87.54985800590305,87.01635243141533,87.18956756591797,3412600
2012-08-29,87.03019442348919,87.04404930546858,86.57290402659018,86.80847930908203,3762700
2012-08-30,87.4874976868349,87.60528799557348,87.11335764860401,87.25885772705078,3886400
2012-08-31,87.14795312768517,88.49210357666016,87.11331329013548,88.49210357666016,9192600
2012-09-04,88.1255149558616,88.6184950680584,88.01442345745863,88.40325164794922,6009300
2012-09-05,88.05602032437308,88.31292751134282,87.86855123474542,87.98658752441406,3466700
2012-09-06,87.16037416829109,87.16037416829109,86.47992491212716,86.5215835571289,6505100
2012-09-07,87.5839061731781,87.61168036415114,86.04247300717826,86.11885070800781,7335300
2012-09-10,85.88279477823056,86.3271713256836,85.75781354317274,86.3271713256836,4912100
2012-09-11,86.11191070998673,86.16745909507695,85.60504626384879,85.78557586669922,3523300
2012-09-12,84.86213444296146,84.99406058079542,84.48719065442351,84.71632385253906,7040900
2012-09-13,84.98012741204258,85.46616246512139,83.50812721254213,84.38299560546875,12280200
2012-09-14,83.15402340716761,83.21651136186057,81.96670459153562,82.14028930664062,16871600
2012-09-17,82.5361096859577,83.25127827567907,82.48750614968696,83.12629699707031,5573300
2012-09-18,83.81364605004504,83.94557213316533,83.2928918870569,83.54285430908203,5366200
2012-09-19,84.25107222481729,84.27884641407776,83.74420783862236,84.09137725830078,5903300
2012-09-20,84.80656236346609,84.93154359142265,84.00113190349064,84.29969787597656,4604200
2012-09-21,83.8414458546497,84.459407226392,83.78589745558847,84.39691925048828,4144300
2012-09-24,84.8828881399972,85.19533837002568,84.83428465316204,85.05647277832031,3627400
2012-09-25,85.26485968190168,85.9175349567884,84.79964837113788,85.8967056274414,5893500
2012-09-26,86.4868824202281,86.85488132040751,86.41050469029796,86.8201675415039,7193400
2012-09-27,86.4799385476325,86.65352332569087,85.9383495902853,86.20220184326172,5147700
2012-09-28,86.61879995005455,86.95902461488667,85.9661195218002,86.25080108642578,7173400
2012-10-01,86.25771800288986,86.60561554726966,85.84719614010416,86.5708236694336,4842600
2012-10-02,86.21600019472503,86.64043045387007,86.14641641629429,86.45256805419922,3540100
2012-10-03,86.18117747653646,86.487329004924,86.01418814673194,86.4803695678711,3800900
2012-10-04,85.90288998609131,86.13946315645515,85.28363257297285,85.40191650390625,6214800
2012-10-05,84.58784895210758,84.66438687294672,84.13558086764837,84.29561614990234,8340700
2012-10-08,84.8731125621,85.07488852651102,84.67133128919217,85.00531005859375,1568400
2012-10-09,84.51827031745414,85.01228442746945,84.45564596938297,84.85224914550781,4752700
2012-10-10,84.51129238168357,85.55498528081131,84.37213545186518,85.45061492919922,5429800
2012-10-11,84.85914530269434,86.04199981689453,84.81043987207099,86.04199981689453,5194100
2012-10-12,86.32735284565821,86.82136704438577,86.12557150107958,86.25777435302734,4934900
2012-10-15,86.12555391351913,86.37604068263775,85.88202658479203,86.06293487548828,3036100
2012-10-16,85.51323058656708,85.54106303140593,84.84526783592287,84.87310028076172,5398700
2012-10-17,84.30953023883255,84.3721545874016,83.89205404619752,84.08687591552734,6932500
2012-10-18,84.27471507542599,84.5599883420671,83.4049710904899,83.57196044921875,8558600
2012-10-19,83.73200127100579,84.75482117981394,83.69025525301254,84.70611572265625,7616700
2012-10-22,84.49041572357521,84.77568900992978,84.14947754429903,84.16339111328125,6910600
2012-10-23,84.95662725838345,85.3949818093166,84.90096234580491,85.36714935302734,5760600
2012-10-24,84.78963075766445,85.08882300219855,84.52523040771484,84.52523040771484,6824500
2012-10-25,83.88512361815629,84.56700570514478,83.72509358807201,84.09386444091797,5292500
2012-10-26,84.49736151263699,85.33927297521272,84.37907230716289,85.33231353759766,5889400
2012-10-31,85.36019470994839,86.0699038054738,85.32540281050659,85.83333587646484,5025600
2012-11-01,85.42280991898288,85.49934784751564,84.94271464095723,85.13057708740234,3659700
2012-11-02,84.3860428528551,85.10271107517512,84.35821040722664,85.06792449951172,3527800
2012-11-05,85.45759842776002,85.75679068875036,85.43672541326039,85.54804992675781,2935700
2012-11-06,85.26970397124792,85.4853987847514,84.73393869393814,84.74089813232422,4484600
2012-11-07,86.24383359654026,86.6473961833474,86.11163608661869,86.27862548828125,10071000
2012-11-08,86.13251389994404,87.57281017725802,85.88202712923747,87.55889129638672,8579500
2012-11-09,87.41278599486685,87.65631866455078,87.09968014598516,87.65631866455078,5036900
2012-11-12,87.55885089644967,87.93458087914651,87.5240643273174,87.80238342285156,2072200
2012-11-13,88.22686836633255,88.24078194009539,87.66327042172117,88.09466552734375,2863800
2012-11-14,87.47539157783638,88.21989238426414,87.39189422542026,88.17814636230469,4694600
2012-11-15,87.73977532972874,88.37990565188406,87.6701968701025,88.00418090820312,5549600
2012-11-16,87.92075204288501,88.49826379368285,87.86508710843455,87.9277114868164,4591100
2012-11-19,87.29447728193709,87.53800457406871,87.18315279488985,87.43363952636719,3621600
2012-11-20,87.30840608059401,87.44060359220181,86.54302692050835,86.55694580078125,4659300
2012-11-21,86.41082881883847,86.57085878140184,86.29253957131642,86.50823974609375,2422800
2012-11-23,86.4873221875263,86.5916871926181,86.35511943641714,86.42469787597656,987200
2012-11-26,87.08572992218609,87.33621131077842,86.80045134164244,86.83524322509766,2799000
2012-11-27,86.93262790509455,87.2457335277578,86.76563328507926,87.17615509033203,2544400
2012-11-28,87.64934883402498,87.80937880590763,87.03704547448034,87.05096435546875,3569700
2012-11-29,86.8770331663251,87.28059586107724,86.73787617913413,87.06489562988281,2761000
2012-11-30,87.30839328427726,87.35013930198255,86.77262795074151,86.82829284667969,3702300
2012-12-03,86.25311912267674,86.99908428779393,86.18340379600886,86.90845489501953,5427800
2012-12-04,87.15946662750778,87.43136556106654,87.03397685776557,87.41044616699219,2586300
2012-12-05,87.42441914438209,87.7102537901193,87.26406898779115,87.36864471435547,1978200
2012-12-06,87.74503805065982,87.89841494076131,87.50103177956099,87.55680084228516,2301200
2012-12-07,86.79694734086814,87.11764225100325,86.68539851006932,86.7481460571289,4020900
2012-12-10,87.11764553302923,87.20130715928018,86.82483781956275,87.131591796875,2134300
2012-12-11,86.62958067618129,86.66443567699089,86.32980001074102,86.46923065185547,3777900
2012-12-12,86.32979609941043,86.68534581382482,85.45136820716179,85.4653091430664,7119700
2012-12-13,85.25622067441371,85.87669645980824,85.14467183621447,85.52811431884766,6381500
2012-12-14,85.88363725859499,86.24616020837774,85.80694879093991,86.16947174072266,3832800
2012-12-17,86.09977515375346,86.11371609684534,84.85185064887963,84.8797378540039,6870000
2012-12-18,84.63573449828117,84.90065497806802,83.5899882037858,84.0152587890625,12024200
2012-12-19,84.33596420230027,84.81003612770456,84.1616731314743,84.29413604736328,4880500
2012-12-20,84.55903920838564,84.80304559368274,84.09194051096827,84.30805969238281,4567900
2012-12-21,85.27013014136587,85.35379173913076,85.0191506670106,85.22830200195312,6087700
2012-12-24,85.0540142131939,85.10978861381363,84.96338480139154,85.0749282836914,1071100
2012-12-26,85.20631437911176,85.38797755511246,85.1084969760303,85.38098907470703,2247800
2012-12-27,85.1573823753286,86.1425499476186,85.12245064415737,85.66743469238281,4262700
2012-12-28,86.0377624105569,86.17750002628685,85.78623043772429,86.15653991699219,3928200
2012-12-31,85.84906821411386,85.91893698300967,84.47962008730347,84.66826629638672,6423000
2013-01-02,83.67613511240593,83.77395247742695,83.4315916998534,83.53639221191406,7472700
2013-01-03,83.41067914252437,83.48753645385466,82.3766076765985,82.40455627441406,10004300
2013-01-04,82.20887853820021,82.75386258470174,81.99926682924708,82.72591400146484,9574600
2013-01-07,82.70495716099083,82.95648908940346,82.44643675383135,82.76084899902344,4193100
2013-01-08,83.17308509380294,83.34775975033462,83.01937054315147,83.30583953857422,4380900
2013-01-09,83.31979464362972,83.5224178447048,83.05429113738295,83.22896575927734,3870300
2013-01-10,82.88661112436067,83.35474322706509,82.697964852112,82.99840545654297,5602800
2013-01-11,82.80979620603036,83.74605555963412,82.69101866532425,83.73906707763672,4770700
2013-01-14,83.87177962213778,84.03946579163411,83.40365284485992,83.50845336914062,3064600
2013-01-15,84.27000556058238,84.332885851239,83.82283905820682,83.89270782470703,5357800
2013-01-16,84.28401583414694,84.31895289874171,83.85082608479838,84.06742095947266,4286100
2013-01-17,83.37569180199108,83.52940632216158,82.97044539984093,83.22896575927734,7019200
2013-01-18,83.54339880086361,83.9905655180851,83.46654152159294,83.87178802490234,4660000
2013-01-22,83.5294046504853,84.0534285056812,83.41062185868303,84.03246307373047,3874100
2013-01-23,84.0814129853052,84.24910453926545,83.80892087343099,83.90673828125,2848800
2013-01-24,83.75300127716163,83.82287006951066,83.32679471399125,83.6132583618164,4178900
2013-01-25,82.73991460403155,82.8656806073184,82.28575929601521,82.46742248535156,8750700
2013-01-28,81.7616772073557,82.25076924258262,81.74770558607278,82.16692352294922,6059900
2013-01-29,82.18088514656274,82.50228568257548,81.65686149054635,81.71275329589844,5553900
2013-01-30,81.51721528553298,81.71983864573748,81.16088261508943,81.57311248779297,9586800
2013-01-31,81.76867503679871,81.98526984065458,81.43330278119261,81.97129821777344,6789200
2013-02-01,82.4404868218654,82.52451345564705,80.88592998706241,80.90693664550781,10928600
2013-02-04,81.64219805961015,82.12537258360314,81.52315676434687,81.94330596923828,9291900
2013-02-05,81.41812532173967,81.53016796893738,81.13102538764859,81.21505737304688,6676500
2013-02-06,81.59318951771371,81.90830546214193,81.26407625584825,81.88029479980469,5892000
2013-02-07,81.76825091224987,82.34245612524913,81.66321760818522,81.69822692871094,5951700
2013-02-08,81.78926385564247,82.04135447327019,81.39012126814653,82.01334381103516,5603400
2013-02-11,81.96435590777992,82.19543460480837,81.87331988721799,81.95034790039062,3679900
2013-02-12,81.71225934577163,81.94333802624553,81.55119932727011,81.74726867675781,4513700
2013-02-13,81.08901236291376,81.41812561966452,80.91394973289235,81.0820083618164,6586400
2013-02-14,81.43212619675005,81.95731403892684,81.22204892288454,81.8172607421875,7096000
2013-02-15,81.69119757381289,81.74721353410298,81.27804714394983,81.57915496826172,5861800
2013-02-19,81.83126414000506,81.85927479777729,81.11700572302973,81.17302703857422,7383600
2013-02-20,81.0119497525443,81.48812011637946,80.92791780275508,81.4180908203125,9603900
2013-02-21,81.85923203594578,82.14633177878362,81.74718946338591,81.89424133300781,8297400
2013-02-22,81.91533856689637,82.16742393251927,81.84530921492889,81.95034790039062,5316900
2013-02-25,81.47411168273815,83.57486233382286,81.43209837931173,83.56085968017578,15948700
2013-02-26,83.14071542578077,83.79894703495737,83.04267547464163,83.07769012451172,9822100
2013-02-27,83.67291703869505,83.70793169495258,82.62954546055543,82.8326187133789,7459600
2013-02-28,82.93063488841175,83.0916947918806,82.61552442214975,82.98665618896484,6023400
2013-03-01,83.39646685178805,83.65611783412791,83.18594380342246,83.4385757446289,7786800
2013-03-04,83.36137511274113,83.48769107237175,82.989446274373,82.9964599609375,4511400
2013-03-05,82.85613397235423,82.9473601083166,82.58245021050644,82.75788879394531,6539300
2013-03-06,82.18244999603455,82.45613375635583,81.99999237116683,82.00701141357422,6514900
2013-03-07,81.69125052660783,81.76142491149503,81.34037324820946,81.37545776367188,8526700
2013-03-08,80.61050332126092,80.95436136496572,80.43506477900917,80.52629089355469,15423600
2013-03-11,80.78594269234428,80.86313608004377,80.51927267885166,80.60348510742188,5815800
2013-03-12,80.87720804987167,81.25615613136604,80.86317531528094,81.18598175048828,9264200
2013-03-13,80.87021865087563,81.22109603785057,80.72285079082184,81.10179901123047,7371500
2013-03-14,80.76493150357484,81.15089866158537,80.68774342593527,80.85616302490234,9352100
2013-03-15,80.93336795624234,81.31932981513125,80.91231617262554,81.23512268066406,9673400
2013-03-18,81.98599622825328,82.02108074802615,81.50880285684538,81.8526611328125,9152200
2013-03-19,81.95087913161967,82.72982695492682,81.89473749387687,82.40702056884766,11986200
2013-03-20,81.9017721739767,82.09826258962964,81.45966873875754,81.48773956298828,8543900
2013-03-21,82.00700169552256,82.28068542341157,81.77542150916724,82.27366638183594,6119400
2013-03-22,82.31578599504685,82.4561347210729,81.94385169855246,82.33683776855469,6323800
2013-03-25,81.94385849339659,82.6526319327098,81.87368412456465,82.25965118408203,5839800
2013-03-26,82.01405194364595,82.7438772803703,81.95089125335261,82.35791015625,5093200
2013-03-27,83.01758881121046,83.34740904536625,82.93337631404252,83.0596923828125,7742900
2013-03-28,82.89126584454424,83.12284082304855,82.58249206792061,82.63863372802734,5826400
2013-04-01,82.64917110614746,83.28212194203014,82.62807363921497,83.26102447509766,6113800
2013-04-02,83.03598353659802,83.08521275250396,82.81093492594485,82.9234619140625,5438000
2013-04-03,83.20475671331207,83.8939710026751,83.16256178161399,83.6689224243164,9527400
2013-04-04,84.10494791362234,84.68164057525057,84.02055805334984,84.66757202148438,9365700
2013-04-05,86.41874370324565,86.80554850328026,86.2429243151539,86.37654876708984,18626200
2013-04-08,86.2710362548544,86.41169495238425,85.64511980619338,85.71544647216797,8020300
2013-04-09,85.82090523281141,85.96859278265808,85.36377403628877,85.50443267822266,7176100
2013-04-10,84.80822534737884,84.85745991996872,84.3229675541731,84.33000183105469,10765200
2013-04-11,84.51284245827178,84.73789100788858,84.31592564805467,84.49174499511719,7501800
2013-04-12,85.32860704138972,85.75760647755699,85.0261976907403,85.75057220458984,9253000
2013-04-15,85.89123682179603,86.52418733303564,85.70838862511037,86.49605560302734,12948400
2013-04-16,85.74358919229249,86.16555460775905,85.71545744918387,85.7857894897461,6553500
2013-04-17,86.01085658311516,86.87588506618425,86.01085658311516,86.35546112060547,9020900
2013-04-18,86.36951989907433,86.65786628908508,86.22183224769647,86.56643676757812,7009500
2013-04-19,86.4609363926489,86.4890681361366,86.24291672201468,86.38357543945312,5474300
2013-04-22,86.3905901599622,86.70706819802551,86.27103429396476,86.44685363769531,4519400
2013-04-23,86.68598928474282,87.05872551471853,86.06710162840729,86.14446258544922,8042900
2013-04-24,86.13035925364088,86.37650519969955,86.01080341778085,86.36244201660156,3673600
2013-04-25,85.97564476247699,86.06003996501816,85.87015210069544,85.98970794677734,4297800
2013-04-26,86.64374988107014,86.86176946414832,86.51013086014142,86.77737426757812,4898800
2013-04-29,86.9109963248471,87.01648897633781,86.33430924435433,86.46089935302734,4916000
2013-04-30,86.68593585012378,86.9883452142645,86.27099957580121,86.51011657714844,4477400
2013-05-01,87.01125279824755,87.57507321208249,86.99011047370199,87.39888000488281,10724600
2013-05-02,87.10285987796978,87.3706769589742,87.04648214559082,87.28610229492188,4171800
2013-05-03,86.0950374785106,86.11617979965048,85.15768847672224,85.22816467285156,11283600
2013-05-06,85.38322374993622,85.45369995284992,84.79826104947219,85.01673889160156,5121900
2013-05-07,84.70665105333153,84.92512891746158,84.60798328391857,84.68550872802734,5049200
2013-05-08,84.76299099081496,85.1576672694311,84.69251481223672,84.81937408447266,5732900
2013-05-09,84.93215802470732,85.50302218059988,84.55862936087692,84.60091400146484,7527000
2013-05-10,84.40357912685623,84.42472144730486,83.0574607037449,83.69175720214844,11689000
2013-05-13,83.0786065932014,83.29708979353065,82.9024134125751,83.0504150390625,8050800
2013-05-14,83.40984388739521,83.473276223325,82.13420708346332,82.14830017089844,9236100
2013-05-15,82.83189889344007,82.96580736939967,82.04960110323118,82.69799041748047,14608600
2013-05-16,83.14202518338953,83.82565547147216,83.11383363391323,83.5578384399414,8458400
2013-05-17,83.12791851392814,83.26887624739457,82.44429367031991,82.50067138671875,7435500
2013-05-20,82.90243431753287,82.93062587878065,82.31042766230085,82.40204620361328,5839800
2013-05-21,82.40907465761708,83.07156273740854,82.04963906358245,83.0504150390625,7781800
2013-05-22,83.17729720954887,83.55083137183169,81.61270585215352,81.81708526611328,18361500
2013-05-23,82.56412461599157,82.62755157937018,81.59153482827367,82.2046890258789,9207100
2013-05-24,82.44433369845267,82.75443010866047,82.25404201013005,82.31747436523438,5357600
2013-05-28,81.81708519045968,81.9439445303464,80.21725303793507,80.2313461303711,13567500
2013-05-29,80.7810289587626,81.17569985314056,80.6682627735188,81.13341522216797,11298600
2013-05-30,81.22505558615994,81.30963024786594,80.71761836990211,80.93609619140625,10011800
2013-05-31,81.02772446757879,81.06295987911989,79.7591313583324,80.66123962402344,18158800
2013-06-03,80.38220601079121,81.59026981955402,80.32568708185755,81.08867645263672,15564500
2013-06-04,80.50933403405145,80.88376233435726,80.29739623252664,80.33978271484375,7504300
2013-06-05,80.74246637986604,81.4701297024882,80.62942857948953,81.44893646240234,8056100
2013-06-06,81.15931052682784,82.5086714602074,80.82727399536371,81.3995132446289,8925200
2013-06-07,80.69301705536837,81.12396425488531,79.94416046142578,79.94416046142578,10459300
2013-06-10,79.6191966302578,79.91591823761708,79.39312636128048,79.56268310546875,7892600
2013-06-11,79.3154096060269,80.50934600830078,79.20944338447366,80.50934600830078,12841200
2013-06-12,79.83109873739058,80.41747004825024,79.31537333857649,79.3577651977539,10193200
2013-06-13,79.88054600533438,80.65766176508484,79.75338121628887,80.60114288330078,12506300
2013-06-14,80.60822638816786,81.00385325561383,80.41041564941406,80.41041564941406,6679100
2013-06-17,80.55176835009514,80.59416024752491,79.83117077309849,79.9865951538086,5982100
2013-06-18,79.72517111208725,80.31154274610509,79.63333191480783,80.0289535522461,5192700
2013-06-19,80.35389862421422,80.38922428121539,78.85618563028268,79.20235443115234,17138200
2013-06-20,78.24160453498918,78.56658030432342,77.20309208193089,77.90249633789062,27898500
2013-06-21,77.81772130021207,78.00140512676099,76.56020475910245,76.5813980102539,19781000
2013-06-24,76.17868709128352,77.28077893827684,76.12923439019896,76.89928436279297,24588900
2013-06-25,76.93459944954917,77.0193724169263,76.19986985595733,76.21399688720703,11078000
2013-06-26,77.00522744912483,77.04055310392998,76.32701691838385,76.70851135253906,13582200
2013-06-27,77.38675756367456,77.69054000927272,76.96993728253258,77.49272918701172,12026000
2013-06-28,77.01230765389883,78.05081957062112,76.80743067665969,78.0225601196289,12017000
2013-07-01,77.69826518444297,78.24348892939717,77.48583726173712,78.17976379394531,5500400
2013-07-02,78.24353015706015,78.45595819169746,78.05942622052578,78.13023376464844,5333900
2013-07-03,78.10895267667952,78.34970468808676,77.89653015136719,77.89653015136719,3839000
2013-07-05,75.96345619473338,76.11923596059684,75.17748039588913,75.2412109375,14511900
2013-07-08,75.81481642920134,76.16177727909647,75.72984410988641,75.97059631347656,8044200
2013-07-09,76.11216417408552,76.2042188134074,75.81476934458617,76.0484390258789,4700400
2013-07-10,76.04136417484459,76.04136417484459,75.26955293590368,75.45365142822266,10792200
2013-07-11,76.08384894891807,76.38124921533176,75.72272892914204,76.33876037597656,10035500
2013-07-12,76.71402660117361,76.80608122897013,76.0059406754374,76.27501678466797,4730800
2013-07-15,76.33167401141455,76.69987635948422,76.26086108862603,76.67863464355469,4574800
2013-07-16,76.77778873301683,77.01145848119461,76.66449234519642,76.9406509399414,3650200
2013-07-17,77.31589925206657,77.43627255556811,76.94061459864032,77.08222961425781,5932000
2013-07-18,76.90521564569086,76.94769907406705,76.10508046509254,76.1192398071289,9066400
2013-07-19,76.69279429842777,77.33007279024162,76.65031086639603,77.32299041748047,8523800
2013-07-22,77.4363021850586,77.66997191227652,77.27343999274254,77.4363021850586,3972600
2013-07-23,76.9477106445649,77.18138034030461,76.69988160465971,77.1105728149414,5015500
2013-07-24,76.22544695691518,76.39538605747468,75.61649266078813,76.13339233398438,8853100
2013-07-25,75.74396949312835,76.19006178254686,75.63067312626568,76.10509490966797,6443400
2013-07-26,76.50160307229449,76.6715421796317,76.21836762522128,76.5724105834961,6795500
2013-07-29,76.22546661744394,76.34583995295989,75.8147753997528,76.0130386352539,6397800
2013-07-30,76.26793087216946,76.30333732771935,75.8005969920575,75.98469543457031,3635400
2013-07-31,75.09956601966299,76.41660582589662,74.95086867409016,76.26082611083984,10483100
2013-08-01,75.59355052355103,75.59355052355103,74.53585279555467,74.7914047241211,13568600
2013-08-02,75.25287863483496,75.67879705238293,75.23158352633455,75.61490631103516,9568400
2013-08-05,75.38065217253695,75.42324238810883,74.91923831240514,75.0328140258789,6611800
2013-08-06,74.9121079294492,75.25284576416016,74.77723174673218,75.25284576416016,4589000
2013-08-07,75.36640288450617,75.91300223669545,75.36640288450617,75.8136215209961,7183400
2013-08-08,75.94139001663997,76.38150302398076,75.80651388040725,76.01947021484375,5510900
2013-08-09,75.67167620212659,76.14728488150904,75.58649579139842,76.14019012451172,3623400
2013-08-12,76.38864258651438,76.40283751646017,75.57939618347773,75.62198638916016,7562800
2013-08-13,74.77012751072994,74.79142260722857,74.39389969700484,74.52877044677734,11485600
2013-08-14,74.49330861299941,74.79145090848495,74.4436182304185,74.64237976074219,6431600
2013-08-15,73.89700807364875,74.27323597611564,73.60596599311285,73.63436126708984,11846300
2013-08-16,73.7976174881737,73.80471765968295,72.88189033386575,73.37879943847656,10175900
2013-08-19,73.06645139937974,73.12324193550417,72.55534740594709,72.73991394042969,9022000
2013-08-20,73.0380604023972,73.371698051834,73.00966513267451,73.30071258544922,10050100
2013-08-21,72.95289454071532,73.25813700389176,72.48438600179648,72.49858093261719,13248800
2013-08-22,72.7328277457339,73.27942728323933,72.57665644930377,73.23683166503906,8751200
2013-08-23,73.12324107700825,74.10285344235737,72.93157437379944,74.03186798095703,17441200
2013-08-26,74.22354221358268,74.4577991513195,74.06027616547118,74.40100860595703,5879100
2013-08-27,74.74169051590373,75.42316030261948,74.56422425636815,75.33797454833984,11573300
2013-08-28,74.82690993633992,74.94048557730565,74.49327235176818,74.72752380371094,7497900
2013-08-29,74.4507002321259,75.46580823022437,74.38681492940135,75.32383728027344,6672400
2013-08-30,75.25995782382141,75.72847177728951,75.06119629780902,75.23866271972656,8987600
2013-09-03,74.44082271290259,74.49776316926335,73.67214827259552,74.17748260498047,12084300
2013-09-04,74.34118582205392,74.48353697481384,73.98531608536598,74.01378631591797,4579600
2013-09-05,73.64362208121703,73.73614617988683,72.97458580274358,72.98170471191406,12290600
2013-09-06,73.48702636490641,73.89271723756052,73.17385957544158,73.34468078613281,9478400
2013-09-09,73.87852307293375,73.88563655445758,73.366070036013,73.38030242919922,6874900
2013-09-10,73.1169643006368,73.55112018066056,72.85361886377373,72.86785125732422,8069000
2013-09-11,73.25216521507835,73.52974294761397,72.73259886654213,73.51551055908203,8962400
2013-09-12,73.91408573833019,74.0208476623321,73.35181134004795,73.4158706665039,6254400
2013-09-13,73.67212182305653,73.8998781365904,73.47283572748175,73.70059204101562,6106200
2013-09-16,74.25572983623381,74.31267025844161,73.20235374593965,73.20947265625,8231600
2013-09-17,73.57249488215665,73.83583495318707,73.28779807037724,73.81448364257812,8795300
2013-09-18,73.75755126506422,75.1240950251105,73.29492500420766,74.72551727294922,19749200
2013-09-19,74.7681776415455,74.79664242055722,74.13473042086038,74.28419494628906,11627800
2013-09-20,74.51193178979412,74.86068225832884,74.34111057937506,74.67562866210938,8421000
2013-09-23,74.88208713009118,75.25219458734128,74.81091428989373,75.22372436523438,10242100
2013-09-24,75.4372466399148,76.04222395690881,75.33048465923588,76.03511047363281,11446600
2013-09-25,75.82867722217065,76.35536258611548,75.7219152812005,76.19166564941406,8130900
2013-09-26,75.78596540040648,75.8856084184895,75.57956045433816,75.65785217285156,5117100
2013-09-27,75.65073600398055,76.02795679041073,75.6222657934771,75.84290313720703,6460000
2013-09-30,75.91411868555222,76.08493460238077,75.57248142175504,75.72906494140625,8438800
2013-10-01,75.57061158031368,75.6633780751485,75.30657632589713,75.49925231933594,7592500
2013-10-02,75.59198846565543,75.98447241000335,75.47067722626079,75.61339569091797,5967200
2013-10-03,75.4636045466835,75.93458568480914,75.42792217766242,75.49214935302734,6648900
2013-10-04,75.40647565530229,75.48497247076813,75.1781227678641,75.43502044677734,5545300
2013-10-07,75.78471206354644,75.8988912708018,75.62772382011671,75.74189758300781,5761100
2013-10-08,75.62771704365599,76.0059261061633,75.5206754075364,75.76329803466797,5904000
2013-10-09,75.54919180041577,75.59914381924119,75.14243809159106,75.15670776367188,8439000
2013-10-10,74.78564769114529,75.30657518834026,74.57870202638202,75.27803039550781,9944100
2013-10-11,75.75617873699397,75.80613078305379,75.22097591019694,75.25665283203125,6500800
2013-10-14,75.20668010614743,75.38508099935764,74.45026206113236,74.65007019042969,4205600
2013-10-15,75.03545754290379,75.14249922586265,74.59302112737801,74.60015869140625,8291000
2013-10-16,74.55017158429918,75.54208018762583,74.40744759266292,75.53494262695312,14460200
2013-10-17,76.01301747333649,76.44118378828175,75.84889177105356,76.21996307373047,11303400
2013-10-18,76.43407678665714,76.69811206050991,76.34131028499358,76.38412475585938,9487800
2013-10-21,76.29134863945181,76.29848075412191,75.97022381533958,76.14148712158203,6161600
2013-10-22,76.78369317868002,77.15476984294082,76.75514840109383,76.99063873291016,9708500
2013-10-23,77.11916476888962,77.59014590435753,77.09775752534382,77.2904281616211,9163100
2013-10-24,77.50443384074224,77.5472482849417,76.97636906629688,76.99063873291016,7631400
2013-10-25,77.16194387449914,77.39029677488826,77.12626696640365,77.276123046875,4429500
2013-10-28,77.07629683261209,77.34032657907012,77.00493758882239,77.01206970214844,6466400
2013-10-29,76.79802524353363,77.11914470189299,76.7195284080478,77.11200714111328,5270500
2013-10-30,77.01923430642807,77.21904243694974,76.50543885973623,76.64816284179688,10199300
2013-10-31,77.00499298015693,77.07635227527689,76.45551497456619,76.81231689453125,11452100
2013-11-01,76.53899175509135,76.56045643018777,75.94511026889099,75.98088836669922,11349500
2013-11-04,76.18119976505177,76.32430117663958,76.00232027108254,76.05240631103516,4733200
2013-11-05,75.69466694606092,75.72328832759203,75.1222502333794,75.14371490478516,8753400
2013-11-06,75.08644326495003,75.22954464819743,74.90756380640687,75.17945861816406,5643000
2013-11-07,75.16512027611664,75.88063782102412,75.1078775623723,75.81623840332031,7893700
2013-11-08,74.39242579830703,74.49259790645313,73.97742394514724,73.99173736572266,16889900
2013-11-11,74.07760045210351,74.11337854669615,73.66975528501312,73.71268463134766,4927200
2013-11-12,73.84865896645225,74.1205540136839,73.82719428627244,74.05615997314453,4839500
2013-11-13,74.32083642330005,74.4424731400841,74.22781561484479,74.32798767089844,5782900
2013-11-14,74.63567633237949,75.21524958952851,74.5211962979469,74.78593444824219,8895500
2013-11-15,74.88611696098035,74.94335425251592,74.63568129226445,74.93620300292969,6344800
2013-11-18,74.87893070425694,75.4227257015252,74.87893070425694,75.38694763183594,5451300
2013-11-19,75.09360386047511,75.22955401276069,74.7072289858177,74.8145523071289,7251100
2013-11-20,74.71432640790384,75.01484240901056,73.4478629981172,73.54087829589844,14190900
2013-11-21,73.3477429682858,73.83429536866626,73.09731278992125,73.66256713867188,8903000
2013-11-22,74.04898075537533,74.50691198994654,74.0418295034705,74.34950256347656,7950700
2013-11-25,74.29936624917389,74.7143678862165,74.29936624917389,74.5641098022461,3755500
2013-11-26,74.76447800417867,75.07930768668275,74.75732675428131,74.84318542480469,6659200
2013-11-27,74.90040689242049,74.91471484711852,74.385233179806,74.71437072753906,6063000
2013-11-29,74.47112453090413,74.84319153782357,74.3781036849469,74.7358627319336,5084400
2013-12-02,74.49182865957405,74.57077033951477,74.07559170628976,74.15453338623047,7527800
2013-12-03,74.42007571198293,74.60666567565676,74.2478417706323,74.42725372314453,5076900
2013-12-04,73.73831780542608,73.95361435406954,73.47278612546164,73.71678924560547,8502700
2013-12-05,73.54453630731547,73.81006244351933,73.357946378338,73.50865173339844,7445700
2013-12-06,73.6019749638949,73.9105638138306,73.45844755820276,73.8603286743164,7352000
2013-12-09,73.84599509358928,74.08282029510117,73.79575994253108,74.03258514404297,5678800
2013-12-10,74.52060467168893,74.59954643099888,74.24072224330727,74.56366729736328,7040400
2013-12-11,74.31247746393097,74.47035547759127,73.93211929743308,73.98953247070312,8190900
2013-12-12,73.93928003773908,74.03257779131023,73.65221971367912,73.70963287353516,6208600
2013-12-13,74.01822340994266,74.13304973220858,73.76704767401151,74.0684585571289,6471300
2013-12-16,74.33397416964226,74.4129158802425,73.7239745220017,73.79573822021484,6376400
2013-12-17,73.63784610723741,74.20478856407539,73.62349008415775,74.12584686279297,6014400
2013-12-18,73.79575578562287,74.43446215962213,73.53022401628927,73.75269317626953,12973200
2013-12-19,73.81723248144522,73.92488071635356,73.5229943377102,73.68087768554688,6708400
2013-12-20,74.43444392218409,74.84350302188247,74.133033106663,74.8147964477539,12425700
2013-12-23,74.6713238041647,74.92967768553736,74.39144134521484,74.39144134521484,6378600
2013-12-24,74.08279848828664,74.16891273605474,73.77420965827282,73.79573822021484,4897000
2013-12-26,73.69135860446849,73.69856007998153,73.44656336818875,73.51136016845703,4645300
2013-12-27,73.48972055986607,73.6625174247247,73.21612506608045,73.30252075195312,4755000
2013-12-30,73.54731291117416,73.85691023397646,73.49691360249066,73.80651092529297,4491700
2013-12-31,73.64809824351805,73.83529799619417,72.84170395693083,73.3385009765625,7218600
2014-01-02,73.2377193844776,73.72011357732532,73.21612046436695,73.56171417236328,8580800
2014-01-03,73.30251614480956,73.76331141754663,73.26651977566279,73.56171417236328,4083800
2014-01-06,73.71293081606348,74.15932875306913,73.70573483627541,73.87133026123047,7796200
2014-01-07,74.0297475681886,74.15214517148978,73.84254767935899,74.05854797363281,4428100
2014-01-08,73.76335378354278,73.936156229903,73.51135708232924,73.8569564819336,8513000
2014-01-09,74.13770436238428,74.31050120088887,73.80650813312035,74.28890228271484,6991100
2014-01-10,74.71376701164132,75.2681654087859,74.65617167254078,75.17456817626953,13197400
2014-01-13,75.24653891777928,75.70013294589552,75.21773851221569,75.54893493652344,9667400
2014-01-14,75.34732536871742,75.47692442617365,75.16012550947734,75.20332336425781,10343100
2014-01-15,74.90813546299002,75.24653333686918,74.82893572684318,75.12413024902344,7507500
2014-01-16,75.49133512619063,75.64973461233245,75.3977379267049,75.62813568115234,7137700
2014-01-17,75.49849507634214,75.97368778029305,75.44809576693655,75.94489288330078,7588600
2014-01-21,75.92332559135686,76.13212440186969,75.88732920596078,76.00252532958984,6436000
2014-01-22,75.86570693572882,76.13930245165116,75.77210427764227,75.8153076171875,4646700
2014-01-23,76.23288787835675,77.10407910363362,76.23288787835675,76.8880844116211,12960600
2014-01-24,77.17609657339302,77.39209130387678,77.03209459328998,77.38489532470703,11122200
2014-01-27,77.19770494946933,77.47130050549424,76.82330524847258,76.84490966796875,9218200
2014-01-28,76.97451680954914,77.03211212158203,76.71531867949824,77.03211212158203,5661500
2014-01-29,77.30572124862769,77.8673154245067,77.0321201422446,77.66571807861328,11709400
2014-01-30,77.37769285364885,77.52168933877935,77.11849478592293,77.44248962402344,5956900
2014-01-31,77.90326805665569,78.05447147426686,77.65127151582475,77.96086883544922,14690900
2014-02-03,77.80646102098243,78.92530003562648,77.67653072494876,78.9108657836914,20780300
2014-02-04,78.33337950337054,78.44165564432366,77.93637432941348,78.07352447509766,9573500
2014-02-05,77.7342631314108,77.79922551280048,77.2434160569042,77.35169219970703,10312200
2014-02-06,77.21454385394289,77.25063223095057,76.88971541795254,77.01964569091797,5708700
2014-02-07,76.84635033743966,77.39494502953268,76.8319160987409,77.08455657958984,7039200
2014-02-10,76.95464767670644,77.32278419751397,76.92577368417732,77.3011245727539,4370500
2014-02-11,76.95465577925647,77.01240377039498,76.62983296661753,76.85359954833984,5904900
2014-02-12,76.63704708647585,76.66592108195141,76.24004203977773,76.45658874511719,6723300
2014-02-13,76.9402146990583,77.04127643538104,76.73088787231168,76.88968658447266,6874600
2014-02-14,76.92574826711393,76.97627636055715,76.70919614827211,76.93296813964844,4989100
2014-02-18,76.99079455273348,77.38057995236849,76.96192054032444,77.10628509521484,4855800
2014-02-19,77.36613955381263,77.36613955381263,76.73092785273916,76.78145599365234,5522500
2014-02-20,76.74532672346234,76.96909331475317,76.29057366489174,76.59374237060547,5103200
2014-02-21,76.47824963081882,77.0051904573502,76.47824963081882,76.99797058105469,5250700
2014-02-24,77.01962442145987,77.04849841938439,76.63705358647589,76.8030776977539,3816700
2014-02-25,77.17119715646557,77.49601992349456,77.15675740713272,77.48880004882812,6225400
2014-02-26,77.45997244608677,77.9002914428711,77.40944430746336,77.9002914428711,7203900
2014-02-27,78.16013248384738,78.36224498783592,78.03020223026151,78.32615661621094,5394700
2014-02-28,78.16012868856043,78.49217143001157,77.79921194691975,78.36946105957031,8462600
2014-03-03,78.7840696000261,79.00114768513016,78.61041044425787,78.89260864257812,11089400
2014-03-04,78.40052092224697,78.40052092224697,77.68417252054412,77.70587921142578,8068100
2014-03-05,77.66977425522884,77.98815408997558,77.56847258426889,77.87238311767578,4798500
2014-03-06,77.250074881299,77.40202734173279,77.07641019463864,77.10535430908203,7418200
2014-03-07,76.43964787850065,76.82314769201408,76.41070376722278,76.62054443359375,8270300
2014-03-10,76.65673030754705,76.7797386470723,76.54095385585855,76.72908782958984,3744300
2014-03-11,76.68567734233753,76.94616332751156,76.54095677221277,76.93169403076172,3815700
2014-03-12,77.3658538057954,77.61187604370087,77.26455215504782,77.46715545654297,6430500
2014-03-13,77.20667452456897,78.53083909617754,77.17049851320515,78.5091323852539,11815500
2014-03-14,78.8492072652321,78.85644467464658,78.37887502275612,78.52359008789062,9232800
2014-03-17,78.27757120744674,78.36440355644069,77.90854062487962,77.93748474121094,7381900
2014-03-18,77.91576825419385,78.25585467774239,77.85788002879728,78.21967315673828,4819500
2014-03-19,78.08944926265293,78.13286820411336,77.28626785221714,77.61188507080078,11557600
2014-03-20,77.48882689684787,77.8795640235484,77.41646939646408,77.47435760498047,5224400
2014-03-21,77.7204485066371,78.37890951948974,77.6915043767659,78.31378936767578,8986200
2014-03-24,78.18350583336256,78.9360307649359,78.11114278332322,78.87091064453125,7536400
2014-03-25,78.44400900742407,78.7406765786524,78.27034428616575,78.57424926757812,5032000
2014-03-26,78.54530905709778,79.21824465672552,78.49465822790113,79.18930053710938,7147200
2014-03-27,79.33401088376738,79.87670067302365,79.1748209956347,79.58726501464844,9772200
2014-03-28,79.49318946081107,79.51489616600851,78.88537411265659,79.13863372802734,6027000
2014-03-31,78.68276109231738,80.3687182471742,78.39332551097111,78.94325256347656,7488400
2014-04-01,78.53697999408526,78.6095236667854,78.23228771318074,78.26856231689453,9067300
2014-04-02,77.90585762942648,78.02193196215137,77.74625818929417,77.81880187988281,6887200
2014-04-03,78.00017531672711,78.3048677174654,77.94214367657995,78.15977478027344,4937400
2014-04-04,78.25407150074679,78.8489385918334,78.23955944245792,78.68208312988281,8977500
2014-04-07,78.79818033139956,79.28422926532782,78.78366826889803,79.15364837646484,7562500
2014-04-08,79.09560703109956,79.41480597256376,78.87071988673883,79.3422622680664,4213800
2014-04-09,78.9867924630733,79.32775397862756,78.81268645705437,78.95052337646484,5771500
2014-04-10,79.01580139318618,79.95888608539212,79.00129486726232,79.68321228027344,12706400
2014-04-11,80.19104338319477,80.37240543023437,79.89360696937922,80.3288803100586,10267000
2014-04-14,80.14753361189972,80.30712759468449,80.01695269163473,80.11851501464844,4142600
2014-04-15,80.2418412592645,80.89474587163382,80.05322314130635,80.61907196044922,7752000
2014-04-16,80.11125293893687,80.72062683105469,80.07497831142607,80.72062683105469,5523000
2014-04-17,80.79315490677878,80.85118654696002,79.58165240311533,79.83556365966797,8622500
2014-04-21,80.06770767479891,80.24906969727398,79.68321553797881,79.77027130126953,4316300
2014-04-22,79.55261702117404,80.15473455399773,79.51634241335408,80.03866577148438,5748700
2014-04-23,80.23456575748486,80.56102075182204,80.18378460744088,80.4957275390625,5748600
2014-04-24,80.12573256400076,80.67707461559183,80.12573256400076,80.64805603027344,6337800
2014-04-25,80.880198444163,81.24292245525766,80.75687360872581,80.76412963867188,5976500
2014-04-28,80.60452625205089,80.72785108146572,80.19827715057667,80.37238311767578,7606000
2014-04-29,79.9226340110147,80.328888802952,79.8283277290864,80.26359558105469,5235200
2014-04-30,80.32160652221661,80.7133491213895,80.07495131470958,80.59727478027344,7721400
2014-05-01,80.63292681643037,81.50558089006655,80.60383779249277,81.46194458007812,11556500
2014-05-02,81.11285131586187,82.2472950040877,80.93832279801826,81.96368408203125,12702100
2014-05-05,82.00004195665605,82.03639905716831,81.36736848760145,81.46917724609375,8043000
2014-05-06,81.52738610654716,81.95643667276592,81.47648170804385,81.79645538330078,6522600
2014-05-07,81.67278616173186,81.86186192823133,81.40372256326482,81.50553131103516,8199200
2014-05-08,81.69463473383628,82.00006664944952,81.05469298086942,81.15650177001953,10878800
2014-05-09,81.10555970099776,81.30917718471537,80.7055983717411,80.89466857910156,6000600
2014-05-12,80.72746885482678,80.81473037990628,80.38567975316116,80.5674819946289,4563800
2014-05-13,81.04012345793913,81.26555633544922,80.96013007272697,81.26555633544922,5501000
2014-05-14,81.90556560537101,82.3418955394342,81.85466118615238,82.14554595947266,8851400
2014-05-15,82.74178688995872,83.1999318215158,82.61088913067968,82.79996490478516,12627900
2014-05-16,82.61816511956835,82.90177601471316,82.47999371746563,82.5672607421875,5019200
2014-05-19,82.85089006930747,82.87270544330097,81.89824841717555,81.9564208984375,7403300
2014-05-20,81.88368458983568,82.52363168786601,81.87641095058684,82.1382064819336,6549800
2014-05-21,81.6074160936074,81.73831396958022,81.35289398703966,81.63650512695312,8224600
2014-05-22,81.63647480354194,81.73828360835273,81.2946857238927,81.5201187133789,6495700
2014-05-23,81.82552310631415,82.10913961271663,81.77461871760853,81.9564208984375,3835000
2014-05-27,82.06554605982528,82.46551328523402,81.73830418315642,82.4364242553711,6658300
2014-05-28,82.97452256346212,83.51265551933753,82.96724892201219,83.45448303222656,10361000
2014-05-29,83.53450141181744,83.76720807430483,82.99636274693171,83.01091003417969,10692000
2014-05-30,82.87270904043531,83.19268266799486,82.7636266175707,82.97451782226562,6518900
2014-06-02,82.41604011881792,82.88265560843297,82.05878885137727,82.35771179199219,11728200
2014-06-03,81.95677419701987,82.05155362231581,81.30059396901144,81.3443374633789,12694100
2014-06-04,81.4828336374271,81.52657711445019,81.12557670008164,81.32243347167969,7882000
2014-06-05,81.02352986716228,81.63596654685247,80.94332975955406,81.3589096069336,6915600
2014-06-06,81.75261770905612,81.95676697728538,81.28600193524397,81.3589096069336,7832800
2014-06-09,81.25678968889802,81.39531807691489,81.07451783624236,81.2422103881836,5162800
2014-06-10,80.95785268294259,81.12553964326581,80.80474502080178,80.94326782226562,5986000
2014-06-11,81.11823733446029,81.3223808451224,80.81930893492401,81.08907318115234,5569700
2014-06-12,81.14742360725175,81.9129619809081,80.92869517906708,81.8108901977539,9775900
2014-06-13,81.34430163280695,82.10984582202609,81.31513746190845,81.76717376708984,5412500
2014-06-16,81.8109209400137,82.11713640454346,81.73072085704204,81.97132110595703,5184600
2014-06-17,81.70884901870916,81.72342832355116,81.2786899946566,81.32243347167969,6668800
2014-06-18,81.51197341683923,82.2118966522393,81.33698843611764,81.94942474365234,11256500
2014-06-19,82.02964702030243,82.06609806262065,80.73915885980455,80.8995590209961,14215500
2014-06-20,80.90679637446203,81.5119400024414,80.85576049996337,81.5119400024414,7319100
2014-06-23,81.71611879249167,81.78902642147855,81.2276315595345,81.25679016113281,5821700
2014-06-24,81.767119764423,82.13166331614804,81.52651968528612,82.08062744140625,9698300
2014-06-25,82.45977070054248,82.64933495186402,82.16084780662631,82.29208374023438,5699300
2014-06-26,82.53996260632823,82.97012695392233,82.53996260632823,82.68578338623047,6628900
2014-06-27,82.88265172146633,82.98472350737678,82.51081560850963,82.56185150146484,7216500
2014-06-30,82.79518589995324,82.97017092857898,82.45251383868235,82.76602172851562,5593100
2014-07-01,82.23388816998084,82.40931890322759,82.01459557079058,82.07307434082031,8019200
2014-07-02,81.5979595531835,81.62719894373801,81.11552355114304,81.19593048095703,9382500
2014-07-03,80.68423370836692,81.03510074945513,80.65499432353937,80.90352630615234,6173900
2014-07-07,81.33476118926771,81.72948435662154,81.30552739332161,81.49557495117188,5928900
2014-07-08,82.0438026953134,82.49700461957634,82.0438026953134,82.40928649902344,6352100
2014-07-09,82.35079638003246,82.70165763635204,82.14612080753375,82.47505950927734,6395200
2014-07-10,82.99408285225265,83.0818009939826,82.46778515555617,82.49702453613281,7196900
2014-07-11,82.85521324119301,83.09643399505356,82.80404570948102,83.0233383178711,4676500
2014-07-14,82.80404682512031,82.89907622589628,82.54820916311337,82.6651611328125,4743300
2014-07-15,82.47509639491074,82.94291533045391,82.23387568778458,82.49702453613281,7720000
2014-07-16,82.59937098176644,83.02333369338936,82.55551469326835,82.93561553955078,4615800
2014-07-17,83.4984525285902,84.09784588917512,83.28647120173386,83.98088836669922,10901000
2014-07-18,83.97357517317178,84.03205393304886,83.41073244566898,83.7104263305664,6677900
2014-07-21,84.06858676585898,84.52178311692022,84.06858676585898,84.12705993652344,5724100
2014-07-22,84.12708445830175,84.39754456171617,83.80546240695811,84.30252075195312,5753200
2014-07-23,84.43406885147657,84.52178139410556,84.18553696806725,84.1928482055664,3489600
2014-07-24,83.7104002616997,83.75426210636893,83.51304147962738,83.564208984375,6609000
2014-07-25,84.30981233915276,84.55834425857819,84.17824350614288,84.55103302001953,7041800
2014-07-28,84.49257047920625,84.71917430328158,84.14902027679656,84.43409729003906,5138300
2014-07-29,84.69726308991353,84.84345445731599,84.36832414799323,84.74111938476562,6579300
2014-07-30,84.1709133812681,84.33903279250754,83.45456273796158,83.564208984375,12251200
2014-07-31,82.9867655209938,83.75428386847435,82.94290924176904,83.31570434570312,18254000
2014-08-01,83.24241191902156,84.18784937152283,82.85397754684719,83.96064758300781,14951200
2014-08-04,83.93873217917522,84.14394254149424,83.74085235595703,83.74085235595703,5183800
2014-08-05,83.60155004099035,84.1365672439188,83.3157206943008,84.01197052001953,8032000
2014-08-06,84.62759662160305,84.62759662160305,83.98997437583286,84.06326293945312,7289200
2014-08-07,84.16582581514079,84.84741973876953,83.96794623349976,84.84741973876953,9745500
2014-08-08,84.96470538605871,85.32382316424712,84.56161000840822,84.66421508789062,9536700
2014-08-11,84.7595112267804,84.88410233373364,84.49566794643326,84.65690612792969,6668800
2014-08-12,84.58358444727453,84.60557044676727,84.08521462306585,84.1072006225586,8122400
2014-08-13,84.18785264988108,84.66423106959151,84.12188903401504,84.65690612792969,8210500
2014-08-14,84.9647296573207,85.3824806264228,84.56896469845148,85.33850860595703,9028200
2014-08-15,85.53632974641988,86.74560980559907,85.5216742801482,86.26922607421875,17606700
2014-08-18,85.90281308033215,85.96877668444934,85.3018380691503,85.41177368164062,7595300
2014-08-19,85.80754207054886,85.8588446129525,85.00135686496706,85.14793395996094,5936900
2014-08-20,85.04530642264525,85.09660895150469,84.70084418963638,85.00865936279297,7275600
2014-08-21,85.06731838623897,85.5730188904581,85.03067131520125,85.48506927490234,6790700
2014-08-22,85.55836086930424,86.06406139151453,85.16992650534023,85.96145629882812,10149900
2014-08-25,86.07868931804038,86.32054649835396,85.90279572851976,86.28390502929688,5760700
2014-08-26,86.43777510740259,86.47441656055827,85.90275844903323,86.00536346435547,5487600
2014-08-27,86.26195820772098,86.78231989902795,86.04209250459961,86.73834228515625,7265800
2014-08-28,87.30994850788053,87.48584767461338,86.97281682564315,87.19268798828125,9463600
2014-08-29,87.15608549969504,87.52986443069689,87.03149438654735,87.2513656616211,8512900
2014-09-02,86.15021761980327,86.22367337011745,85.72416642194065,85.74620819091797,10506000
2014-09-03,85.50382704326898,86.22370147705078,85.43771292341438,86.22370147705078,6553900
2014-09-04,85.66541363573653,85.85639748453234,85.15855938122944,85.17324829101562,12528900
2014-09-05,85.53318558715752,85.65071367091288,84.79861684966373,85.01164245605469,6886000
2014-09-08,85.51115993902425,85.6727603735243,84.80596893249948,85.04837799072266,9326400
2014-09-09,84.83539024032058,85.1292190235256,84.80600680156829,84.98230743408203,5353100
2014-09-10,84.45331587992217,84.56350224256475,84.32109336561332,84.44596862792969,8729400
2014-09-11,84.66640767964881,84.87208606207443,84.15955337701739,84.16690063476562,9274800
2014-09-12,83.51317405909876,83.68212183651409,83.167925638748,83.28545379638672,11114900
2014-09-15,83.63069911509331,83.79230522963145,83.27076179000618,83.41033172607422,5510700
2014-09-16,83.45439728967207,83.6380395677315,83.06507655687689,83.07241821289062,9304700
2014-09-17,83.39562252154577,83.61599547608392,82.80797064997243,82.85939025878906,12917000
2014-09-18,83.13850635560048,83.35887926210351,82.8960972793103,83.12381744384766,7031200
2014-09-19,83.4323370362693,84.24036170568922,83.15319726740928,84.18159484863281,13236900
2014-09-22,84.22564733435746,84.50478141452655,84.0640413284596,84.28440856933594,6617200
2014-09-23,84.40926903306637,84.8206255997252,84.30642428708876,84.8059310913086,6362400
2014-09-24,84.68850274343949,84.879492347504,84.21103153543794,84.33590698242188,5223300
2014-09-25,84.70310937879322,85.34218612290763,84.70310937879322,85.3348388671875,8947800
2014-09-26,85.22468799772594,85.4230247547018,84.93086489812914,85.20999908447266,7799600
2014-09-29,85.94454703169706,86.06942237892973,85.69479633723171,85.89312744140625,6791800
2014-09-30,85.6948275378173,85.97396175755223,85.30550123607726,85.40834045410156,7277500
2014-10-01,86.07772837929089,87.08659761459704,86.03354621162026,87.06450653076172,17194900
2014-10-02,86.76991959148083,87.04238370137392,86.26180234266172,86.30598449707031,8251800
2014-10-03,86.1587322473967,86.72575732945955,86.03354569422827,86.67420959472656,8561500
2014-10-06,86.6153136095379,87.03506111142254,86.42384816112032,86.72576904296875,4485500
2014-10-07,87.1233926224141,87.94816179697453,87.02766274342598,87.89661407470703,8837700
2014-10-08,87.96285279368068,88.01440049572116,87.27064159746242,87.91867065429688,9391300
2014-10-09,87.83034472412668,88.12490557678821,87.46951062921379,87.5357894897461,10291700
2014-10-10,88.01445062208393,88.42683809155065,87.85980742788941,88.40474700927734,8774400
2014-10-13,88.48573495821098,89.2294941419444,88.40473059273027,88.94229888916016,6450700
2014-10-14,89.33260533138208,89.67871393248119,88.8686757531768,89.5240707397461,11285400
2014-10-15,91.740584792532,94.02342046994272,89.7228475748162,90.23096466064452,37407500
2014-10-16,91.40186904665194,91.40922899335504,89.42831900219377,89.65660095214844,18096600
2014-10-17,89.24422320039668,89.62714832245624,88.72138042879601,89.15585327148438,8524300
2014-10-20,89.67870662728961,89.73025435400226,89.06013390673792,89.4798812866211,7742500
2014-10-21,88.98650330828737,89.28106420024912,88.75822128570083,88.76558685302734,9754700
2014-10-22,88.71405046931574,88.99388026242882,88.52995059056917,88.861328125,9260200
2014-10-23,88.39739709607159,88.50049257712435,87.6757231104199,88.07337951660156,10936300
2014-10-24,88.31636344623219,88.66983756295434,87.97762046094206,88.1617202758789,5704900
2014-10-27,88.28691588405692,88.56674560896708,88.11754718312851,88.32373809814453,3391900
2014-10-28,87.9850027280853,88.11018927761812,87.69044184461633,87.77144622802734,5141300
2014-10-29,87.6020381738969,88.23534186318237,87.20438197702374,87.9702377319336,9105100
2014-10-30,88.60354155009729,88.70663697703516,88.00706006305963,88.04387664794922,7024400
2014-10-31,87.88187839522513,88.15434812355457,87.50631884597652,87.81560516357422,6664200
2014-11-03,87.77130005070559,87.96323213834262,87.26194420088916,87.81558990478516,9726600
2014-11-04,88.15517991437414,88.51689925009042,87.90419650458901,88.0887451171875,3664800
2014-11-05,87.77867776260447,88.11824642935649,87.71223735390573,87.96322631835938,4799600
2014-11-06,87.54986422017143,87.79346975029755,87.3357871450888,87.39484405517578,5901900
2014-11-07,87.63846417094945,88.3988037109375,87.60893571099155,88.3988037109375,8550500
2014-11-10,88.27332858620818,88.27332858620818,87.52036679557793,87.58680725097656,4787300
2014-11-11,87.4612720239345,87.70487188737113,87.35791963002136,87.64582061767578,2416500
2014-11-12,87.99276917387544,88.23637467463364,87.43912338050296,87.5719985961914,4040800
2014-11-13,87.62366076499292,87.97799650547611,87.43173430287442,87.7786865234375,4475900
2014-11-14,87.72701306553576,88.28065882308088,87.60890489922026,88.20684051513672,5191200
2014-11-17,88.42094469059275,88.42832821324625,87.75656845121895,87.98541259765625,4726200
2014-11-18,88.08134440958467,88.27327650619141,87.9632362491944,88.2289810180664,4471200
2014-11-19,87.75660193348949,88.2733417088138,87.66802215576172,87.66802215576172,5792500
2014-11-20,88.50952807899937,88.54643442748285,87.88944172551547,88.12566375732422,5683600
2014-11-21,88.2658777373131,88.70141523144906,88.2289657755818,88.65711975097656,3640100
2014-11-24,88.33974531687586,88.78266094489771,88.25116557045816,88.73098754882812,4033900
2014-11-25,88.85647247248295,89.5208430055362,88.81217697349628,89.46916961669922,6770000
2014-11-26,89.79399330178809,89.96378054279033,89.66850156781747,89.7127914428711,4339100
2014-11-28,90.15567444766222,90.55430007475286,90.15567444766222,90.42142486572266,4562200
2014-12-01,90.76697266854224,90.863153440621,89.86433314148255,89.89392852783203,7728600
2014-12-02,89.40560271170574,89.41300296861728,88.998678897445,89.0208740234375,5757200
2014-12-03,89.00605023471701,89.37598393370628,88.88026848705803,89.36858367919922,4868600
2014-12-04,89.33904983034307,90.11591339111328,89.24286903447627,90.11591339111328,4250500
2014-12-05,89.94568450939748,89.9678796294524,89.16882143903149,89.59054565429688,8030700
2014-12-08,89.83475869965127,90.8853697586603,89.62759659164884,90.68560791015624,6021800
2014-12-09,91.44762048775274,91.72137349071856,90.97410574649474,91.15167236328124,6639700
2014-12-10,91.1368739507017,92.03951315508114,91.06288833364812,91.81755065917967,6439200
2014-12-11,91.55119852732862,92.19488525390624,91.21826042601582,92.19488525390624,7863500
2014-12-12,92.81639757226294,93.48227960872154,92.4982542462184,93.4452896118164,9317400
2014-12-15,92.9569130188965,93.74117043160834,92.80154158683504,93.25286102294922,9387400
2014-12-16,94.2295073887976,94.49586008988528,93.48964002905186,94.40707397460938,7426400
2014-12-17,93.89658791669176,94.103749915259,93.00134326686172,93.55624389648438,11558800
2014-12-18,92.43165395606611,92.55743008579265,91.89154815673828,91.89154815673828,12758200
2014-12-19,92.17270635538873,93.18632134807498,92.06912534365058,93.12713623046876,7894500
2014-12-22,92.81633644690524,93.36384223006132,92.72015574460208,93.25286102294922,4118800
2014-12-23,92.81632622107068,92.92730741595568,91.36618737019076,91.40318298339844,7406100
2014-12-24,91.24083547453556,91.9822692246142,91.14445112343395,91.90071105957033,4871400
2014-12-26,92.34565216491444,92.37530456153956,91.95268720094046,92.24185180664062,2921300
2014-12-29,92.61250144790682,93.168576814567,92.53835354033257,92.93131256103516,4070700
2014-12-30,93.4058736625394,93.57640034373476,93.07222491189437,93.18344116210938,4372600
2014-12-31,93.19821942552608,93.54669419052858,93.1611511323136,93.36133575439452,4993300
2015-01-02,93.63568467122224,94.65145111549892,93.53188438134774,94.39936065673828,9432000
2015-01-05,94.91092214518414,96.11205241052832,94.87385385486964,95.88220977783205,9789500
2015-01-06,96.90538903922248,98.23256178963868,96.52726189884945,97.60974884033205,18331300
2015-01-07,96.905416204302,97.84704050022914,96.5124571109986,97.41700744628906,9762900
2015-01-08,96.65330741889956,96.66071768383658,95.95635785984486,96.12688446044922,8055300
2015-01-09,95.79327446400956,97.2094161772714,95.67464230393428,97.17976379394533,9398800
2015-01-12,97.12783575932092,98.09911230677288,97.06851969285432,97.7358169555664,6658100
2015-01-13,97.4169945124813,98.3215447276769,97.23163604729174,97.7358169555664,8260800
2015-01-14,99.14453508351548,99.44110409743386,98.38826939062616,98.4772491455078,12324500
2015-01-15,98.49948082519984,100.11580101264398,98.37342712858126,100.0268325805664,11454200
2015-01-16,99.59682114144658,99.85631622883008,98.63295477008973,98.7515869140625,9390500
2015-01-20,99.44854276880967,100.17514489715948,99.40405854041464,100.06393432617188,7758700
2015-01-21,100.24187874575732,100.5310375653616,98.5810737565985,98.90729522705078,9803900
2015-01-22,99.35214156280904,99.4855942329918,98.0768743630516,98.5513916015625,10200000
2015-01-23,99.57460549964196,100.1825756007039,99.46338359258117,99.92308044433594,7334600
2015-01-26,99.9749800800368,100.23448656310714,99.38925206765552,99.6190948486328,5966500
2015-01-27,100.63485051819526,100.9314309559318,99.46338324425648,99.77479553222656,8079600
2015-01-28,99.90825229414553,101.88046985984032,99.87117832375225,101.40595245361328,12230300
2015-01-29,100.92404420294253,101.33183537469192,100.43470611023407,100.73868560791016,8881400
2015-01-30,102.10292390933928,102.68865203692918,101.70995331633064,102.5255355834961,14871200
2015-02-02,101.5589257173221,102.465304767172,101.52921338911268,102.13841247558594,13689900
2015-02-03,100.7788360748288,100.8828462198696,99.8278829383828,99.97647857666016,14008700
2015-02-04,99.17413653628164,100.28853610690749,98.89924360020473,100.14737701416016,11360400
2015-02-05,99.55305599238206,99.72392746657388,98.89184585006224,99.04786682128906,8334600
2015-02-06,98.10428874470938,98.32717087521873,97.0196017555671,97.29449462890624,13685600
2015-02-09,98.04489102903185,98.0523162796536,97.13851165771484,97.13851165771484,8025500
2015-02-10,96.68526985743692,96.93043903093168,96.16521918771514,96.36581420898438,8290700
2015-02-11,96.35837996289952,96.78185709182053,95.8086169571132,96.54411315917967,6506400
2015-02-12,96.3287034734981,96.98247685895328,96.17268254263128,96.22469329833984,12548300
2015-02-13,96.21724552733002,96.23210736098464,95.16228206300404,95.23657989501952,8325200
2015-02-17,94.94684430162556,95.04342355581316,93.55012656584894,93.80272674560548,14968800
2015-02-18,94.2187499930532,94.90224689955464,93.95872461211552,94.3599090576172,14009200
2015-02-19,94.1890523515589,94.68681614094098,93.7358627319336,93.7358627319336,8584800
2015-02-20,94.38964726345968,95.10285665066328,93.60956528549546,94.01074981689452,12502500
2015-02-23,94.49360891994468,95.221679768626,94.47132184655416,95.08795166015624,7500500
2015-02-24,94.83539844169154,96.4252689377328,94.4862190253135,96.33612060546876,11958300
2015-02-25,96.1801013000548,96.87102347776369,95.89778316141758,96.7521514892578,8019800
2015-02-26,96.35843796373098,96.8042024376233,95.39262249447192,95.42977142333984,11020500
2015-02-27,95.85320212812417,96.29895504868016,95.29600247523716,96.23209381103516,9225100
2015-03-02,96.02516599660656,96.07727812783976,94.36519357395122,94.43963623046876,11324000
2015-03-03,94.45452879495654,94.81183426518464,94.07489279768504,94.09722900390624,8599000
2015-03-04,94.49174977230312,94.56618675522836,93.91113335463729,94.1269989013672,6478900
2015-03-05,94.18652337807649,94.44705558216349,93.71756541071986,94.00787353515624,6045000
2015-03-06,92.80196986374018,92.92107353942195,91.53652454508835,91.93104553222656,20022900
2015-03-09,92.80941611694824,92.95085031332734,92.40000432699604,92.7796401977539,8889100
2015-03-10,93.76970901786676,94.11956912167162,93.61338963345618,94.0004653930664,9277900
2015-03-11,93.98557300124436,94.878828180019,93.88136008635992,94.68528747558594,6663100
2015-03-12,95.42968192505607,95.42968192505607,94.32800076365548,94.6183090209961,10295900
2015-03-13,94.3577254417322,94.97555727889412,94.15673941633293,94.32794952392578,7247200
2015-03-16,95.2361068725586,95.39242052174195,94.73736728682856,95.2361068725586,6374600
2015-03-17,95.69016971204036,96.10702121066372,95.48918368293572,96.02513885498048,6314000
2015-03-18,96.70259152643374,97.90848577380564,95.73489342348988,97.87871551513672,13981900
2015-03-19,97.66282390504684,97.975462686817,96.97055475077516,97.37996673583984,9543800
2015-03-20,97.67766632776735,98.0349659930406,97.61811449049657,97.8935317993164,5953800
2015-03-23,98.0350017024678,98.07222303411392,97.50649741150204,97.77447509765624,5555500
2015-03-24,98.13176962626196,98.7347165481593,97.871231677078,98.7198257446289,6713000
2015-03-25,98.79428499181375,98.82405524551798,97.8563686623114,97.88613891601562,5635800
2015-03-26,97.55112915596004,97.6181207177814,96.15912900745316,96.36011505126952,9536300
2015-03-27,96.79188962750575,97.6107135170744,96.75466829464244,97.55860137939452,7907900
2015-03-30,97.4395229502064,97.51396563525633,96.8365758197228,97.07478332519533,7010600
2015-03-31,96.94821097058283,97.4841663398988,96.70256381311673,97.2831802368164,6844300
2015-04-01,97.96421275625896,98.82203842573942,97.9418354871164,98.56096649169922,9273900
2015-04-02,98.41174147831371,98.4415854167535,97.42710777022486,97.51661682128906,6663400
2015-04-06,98.03884863966287,98.07614790083608,96.7632981353493,96.97216033935548,5923800
2015-04-07,97.14367847058574,97.882162525467,96.8602292571225,97.78518676757812,4764900
2015-04-08,97.73297917322678,97.98659582661152,96.98703980529648,97.81503295898438,5378900
2015-04-09,97.6210597903346,97.65835902688596,96.32313286252798,96.54690551757812,6484200
2015-04-10,97.21080333260647,97.30776769008064,96.63642695378046,96.68863677978516,4843000
2015-04-13,96.6215073448693,96.95717772122616,96.51707630817762,96.82291412353516,4010600
2015-04-14,97.94932556357531,98.35959461375596,97.3301943391454,97.50922393798828,6075500
2015-04-15,97.75534676336054,97.9194543186248,97.21081426569116,97.42713165283205,4425200
2015-04-16,97.59127026865455,97.61364754402808,96.53203749981697,96.94230651855467,7085500
2015-04-17,96.80051588057871,98.24017281600668,96.74829468248454,98.0536880493164,7268800
2015-04-20,97.67332885217732,97.72553870322584,96.9199226039535,97.18846130371094,4949400
2015-04-21,97.1436684377376,97.30777598854024,96.64389049015874,96.74832153320312,4563800
2015-04-22,96.59914100019378,96.63644024225704,95.13710063014572,95.27136993408205,9707600
2015-04-23,95.33107863662948,96.11431745592188,95.18934829820752,95.68167114257812,6843400
2015-04-24,95.95769760158636,96.54698504886316,95.92039833430948,96.27845764160156,4773000
2015-04-27,96.27845764160156,96.59920629947844,95.75629066400182,96.27845764160156,4334900
2015-04-28,95.6070394695957,96.03223033737356,94.92823766059308,94.95061492919922,7464300
2015-04-29,93.84655890153928,94.31650398929422,93.45121224686773,93.7868881225586,11554800
2015-04-30,93.27227074375354,94.1151802846108,92.87692374059868,93.9510726928711,12876000
2015-05-01,93.23199629642056,93.46371032237153,92.45462630608029,92.68634033203124,12378500
2015-05-04,92.91055742373744,93.08247239337612,91.72955302108517,91.81177520751952,9144700
2015-05-05,91.83419177525518,91.96126034412065,90.95965298565852,91.68470001220705,13935500
2015-05-06,91.18390354712392,91.2362262418772,89.97300526776337,90.11502075195312,14355000
2015-05-07,90.76537046636524,91.61748663759828,90.7055714396386,91.3259735107422,11933700
2015-05-08,92.22291229097604,92.34998661565,91.42311904892836,91.57261657714844,11716400
2015-05-11,90.9073546958244,90.929777896025,89.3227153496041,89.34513854980469,13738600
2015-05-12,89.05364664149064,90.1673762363914,88.81445627810093,89.57687377929688,15861700
2015-05-13,90.18228608457912,90.23460877355244,88.67986929727994,88.85926055908203,15760000
2015-05-14,88.88918939961943,89.56939028358404,88.71727438026937,89.09848022460938,9128400
2015-05-15,89.98050242324871,91.12413715082744,89.91323281131639,90.88494110107422,12630600
2015-05-18,89.93563420628558,90.0178564027628,89.3002855357541,89.3600845336914,10208300
2015-05-19,88.40335034607666,89.57687902625116,88.29870491238583,88.56779479980469,8435300
2015-05-20,88.77707083415385,89.28535101404859,88.33606596624755,88.71727752685547,7789700
2015-05-21,89.38248119894192,90.1523745349155,89.28530643045366,89.9580307006836,11760700
2015-05-22,90.1823434489194,90.25708938032018,89.54699447788931,89.99547576904297,5417900
2015-05-26,90.3243433934733,91.60252312128956,90.24959747499378,91.53524780273438,10469700
2015-05-27,91.32595565377252,91.83423587606684,90.89989765146316,91.74453735351562,6490300
2015-05-28,91.56511006417064,91.96126840343756,91.3558192964633,91.520263671875,6237600
2015-05-29,92.11081012144383,92.36494740350426,91.57263034443532,91.7221221923828,7912000
2015-06-01,91.47040814892824,91.67265778463933,90.40671302621158,90.7363052368164,13108100
2015-06-02,90.01717880959445,90.08459915860112,89.22315375156357,89.47035217285156,10076200
2015-06-03,88.68384624766335,88.84115283281021,87.79243655012058,88.03214263916016,14810900
2015-06-04,88.58648502939883,89.35803897658523,88.49659308519499,89.17826080322266,10859300
2015-06-05,88.27185731811092,88.81868992306292,87.92728013877527,88.09207916259766,11200200
2015-06-08,88.36170798680374,88.51152780896653,87.91975237026764,87.99465942382812,5334000
2015-06-09,87.68752421859024,87.73995972229099,86.97589870907426,87.29800415039062,12393900
2015-06-10,86.83360006265245,86.99090662582238,86.33920882341025,86.53396606445312,12183600
2015-06-11,87.3130166495219,88.3692252614323,87.07331058168346,88.35424041748047,13849300
2015-06-12,88.08457037678178,89.19321451243674,88.05461211896501,88.35424041748047,7863100
2015-06-15,89.05839375349767,89.18573637226316,88.19694796970903,88.49658203125,8194200
2015-06-16,88.84861450178653,89.20068394836552,88.34673094455528,89.19319152832031,7046400
2015-06-17,88.76620584435506,88.86358443470189,87.82985346203064,88.5040283203125,13626100
2015-06-18,87.91975071503548,88.1969073794955,87.45531784763728,88.06956481933594,10123300
2015-06-19,88.77373746504209,89.28311361456262,88.75875261988459,89.20071411132812,10439200
2015-06-22,88.2718282754708,88.49655518220753,87.33547568913879,87.38042449951172,9769000
2015-06-23,86.69128581763455,87.61265372636684,86.66132184372665,86.8560791015625,8945100
2015-06-24,87.2755636820877,87.76995493371413,87.01338607023706,87.60515594482422,8600400
2015-06-25,87.33545481586756,87.70250905681404,87.0358266318869,87.29800415039062,8287800
2015-06-26,86.64630358156393,86.79612339332101,86.05452818396672,86.31671142578125,11673000
2015-06-29,87.61264462423283,88.8935743717396,87.23810356186092,88.60143280029297,17132900
2015-06-30,87.94222426908948,88.91602739938212,87.88978875988172,87.98716735839844,13469000
2015-07-01,86.9497121680669,87.35510781907114,86.65692737472374,86.79956817626953,12451500
2015-07-02,87.32502677369007,87.58027828352702,86.9947033118856,87.08479309082031,6682100
2015-07-06,88.6237882212833,89.07422563194807,87.8805604796829,88.69886016845703,10605800
2015-07-07,89.83245902210045,90.45556129376476,89.29943506190575,89.53216552734375,16160100
2015-07-08,90.10277265892368,90.51567718583873,89.71239488335222,90.30547332763672,9951800
2015-07-09,89.11178397202862,89.42709540362857,88.47366364894673,88.52621459960938,11108900
2015-07-10,87.11485131356956,87.62534877143923,86.90464748873347,87.12236022949219,13636600
2015-07-13,86.62685207203998,87.43013403556324,86.62685207203998,86.8520736694336,8006700
2015-07-14,87.09980552041408,87.28748826485591,86.82954763783081,87.13734436035156,4227800
2015-07-15,87.16737355042221,88.24842798211418,87.11482261152733,88.06074523925781,8720400
2015-07-16,87.75293821776243,88.70636970924576,87.73792611927041,88.66883087158203,7306500
2015-07-17,88.86405339442832,89.25443109470856,88.85654447876203,89.1268081665039,7404900
2015-07-20,88.80397000788174,89.07423362405426,88.51118537829869,88.75141906738281,5941000
2015-07-21,88.3460476622945,89.28446166035269,88.33103555848035,89.2319107055664,5627500
2015-07-22,89.34453161931087,90.01268200316339,89.29948384753278,89.78746032714844,6228900
2015-07-23,89.78738823171717,90.9885561748518,89.67477748413131,90.90597534179688,9087700
2015-07-24,91.21380644504404,91.25134528195514,90.77838113841364,91.1312255859375,7307900
2015-07-27,91.7318277206052,91.80689967917073,91.19880936887988,91.61921691894533,8172000
2015-07-28,90.95859686755404,91.26639368770772,90.76340514768548,90.95108795166016,9128200
2015-07-29,90.85343858212028,90.96604934725572,90.40300124919996,90.61320495605467,6706400
2015-07-30,90.99614136808768,91.54417774436398,90.95109932234249,91.31144714355467,6146600
2015-07-31,91.91955087852148,92.26488662179293,91.63426929192168,91.98711395263672,9178400
2015-08-03,92.02994989620105,93.10583983051444,92.02994989620105,92.9553680419922,11753700
2015-08-04,92.66195732311184,92.78233362316428,92.13529450750404,92.21805572509766,6448800
2015-08-05,91.6161138773908,91.72145098303164,91.17974353746808,91.5258331298828,7574400
2015-08-06,91.78917657929487,92.44374080659398,91.78917657929487,92.33840942382812,6118100
2015-08-07,92.76731365905316,93.67015624244516,92.72216751179036,93.54977416992188,8317000
2015-08-10,92.8500138091859,92.97039006237571,92.1803990165742,92.3910675048828,7461700
2015-08-11,93.519658521345,94.14412169437996,93.4143271070918,93.85822296142578,11145700
2015-08-12,93.99368086426864,94.58052914856113,93.293975816043,93.34664154052734,8455200
2015-08-13,93.1660210483538,93.60991679592364,92.7070746794354,93.04563903808594,7691400
2015-08-14,92.89517221143892,93.57230670492316,92.69202899332842,93.26383209228516,4324700
2015-08-17,93.82813290891988,94.12155697142462,93.58737455660489,93.6851806640625,7880300
2015-08-18,93.14346338191024,93.51212329270322,92.82746343252816,92.94784545898438,5024300
2015-08-19,92.5867197709224,93.99365479207913,92.5340540610466,93.86575317382812,10736000
2015-08-20,94.324692097313,94.87391935043556,94.18173986479523,94.81372833251952,9078300
2015-08-21,94.91900403131372,95.35537427836098,94.4901476114114,95.09957122802734,10718300
2015-08-24,96.53666993581092,96.99561646143346,94.66326874736632,95.06954956054688,16663400
2015-08-25,93.70776641834864,93.88833376646562,92.96291534461764,93.54224395751952,15354800
2015-08-26,92.54158570642042,92.92529632756212,91.30769835621206,91.7365493774414,16429900
2015-08-27,91.65377291122388,92.44376422219898,91.52587130548696,91.78919982910156,9127000
2015-08-28,92.65440128719568,92.89515954759888,91.96222200605266,92.06002807617188,9946200
2015-08-31,92.81241415160495,92.89517535583946,91.29262271032702,91.35281372070312,8617600
2015-09-01,91.7169712446984,92.05627046674068,91.2193320021971,92.0110321044922,15298200
2015-09-02,91.55108740356984,91.97333320068007,91.1288473590488,91.21932983398438,9515200
2015-09-03,91.52094494923884,91.7396066597824,91.01576397277108,91.6642074584961,7042500
2015-09-04,92.3277667733354,92.6896911432324,91.85274643090123,92.50119018554688,7951300
2015-09-08,91.52099722255672,91.6567181634269,91.0535184560212,91.13645935058594,7049500
2015-09-09,90.20147427379696,91.76980358885903,90.14869423687624,91.57376098632812,7441900
2015-09-10,91.24950525431504,91.37769022720532,90.819723469564,90.9554443359375,6789700
2015-09-11,91.58885562881166,92.04879847291738,91.48329554189492,91.52853393554688,5890900
2015-09-14,91.9507076035097,92.10151172731334,91.445526732093,91.6717300415039,4221700
2015-09-15,91.15152867262756,91.27217205477764,89.81694433500256,89.91496276855469,11895000
2015-09-16,89.69629833159792,90.05822271487831,89.3871597409104,89.5756607055664,6949800
2015-09-17,89.63592799825946,90.75939727978675,89.5228320829156,90.66891479492188,19843600
2015-09-18,91.39277999783546,92.13924198649336,91.3324583263543,92.0638427734375,14963300
2015-09-21,91.24198949135216,91.31738871095251,90.31456240775194,90.56338500976562,10085600
2015-09-22,91.56623512513823,92.2825365265062,91.34003165492034,91.82259368896484,9968200
2015-09-23,91.70193699997137,92.04123638219444,91.22691096174864,91.81503295898438,6769900
2015-09-24,92.87062350351373,93.25516695633476,92.35790081728268,92.44084167480467,9605800
2015-09-25,91.72453478541992,91.93565486309645,91.43800974920978,91.64159393310548,8383700
2015-09-28,92.13926352312116,93.32304927782867,92.13926352312116,93.20995330810548,9833400
2015-09-29,93.14959417904085,93.71509681071112,92.93093247115084,93.47381591796876,9006100
2015-09-30,93.05160164369896,93.34566263365092,92.83293987506438,93.14962005615234,9832600
2015-10-01,93.7510345148175,94.08348106702996,93.43369681130451,93.54702758789062,9069400
2015-10-02,94.89196701642948,95.36042216329062,93.82661706077135,94.11373138427734,13000400
2015-10-05,93.47907845049684,93.56219157354244,92.76884113157602,92.83684539794922,11362700
2015-10-06,92.5950564241273,93.38840104230523,92.48927714170358,93.23728942871094,5687800
2015-10-07,92.79147225873616,93.18437155831852,92.56480490701108,92.92747497558594,6712800
2015-10-08,93.15414722016033,93.2145941525361,91.92257123682174,92.14923858642578,12882300
2015-10-09,92.15677423808752,92.66300420756744,92.10388462582148,92.39099884033205,9038100
2015-10-12,92.95770150230572,93.2599304124256,92.86703686444564,93.0937042236328,4241000
2015-10-13,93.33552401674426,93.38841366510492,92.78396136448865,93.25241088867188,6147200
2015-10-14,93.46398513197214,94.10622409544042,93.16176181332858,94.06844329833984,9738100
2015-10-15,93.92481298688168,94.0381495289348,93.52436220089184,93.60747528076172,6924300
2015-10-16,93.87952313113848,94.04574936605096,93.59240875735964,93.6377410888672,8048300
2015-10-19,93.53192328625956,93.66792598931065,92.86702438497451,93.38080596923828,6238400
2015-10-20,92.7839286879664,92.91237410810092,92.59503632969654,92.8065948486328,6431300
2015-10-21,93.39593354623908,93.85683133918668,93.29015429191053,93.72838592529295,6603800
2015-10-22,93.76615295386011,94.27994033023212,93.3203698149312,93.88704681396484,6934100
2015-10-23,93.0105724636303,93.28257785169774,92.8216801532799,93.08612823486328,7058200
2015-10-26,93.59244915161467,93.8417828470566,93.54711103600071,93.70578002929688,5859800
2015-10-27,94.07593648335428,94.37060805334568,93.81148837753337,93.93993377685548,7156800
2015-10-28,93.89461093739877,93.94750056714692,93.1617134293278,93.56216430664062,8468700
2015-10-29,93.07098976667837,93.10121321846016,91.95274510888852,92.07363891601562,12108000
2015-10-30,92.36079070955832,92.7914649850671,92.19456453926786,92.768798828125,11861400
2015-11-02,92.21378105077312,92.5166686636579,92.13806059182708,92.3425064086914,8751000
2015-11-03,92.11537445517568,92.18352115686416,91.46416790145145,91.58531951904295,8921600
2015-11-04,91.69885795740034,92.03203485156888,91.39597039698349,91.6912841796875,5980800
2015-11-05,91.66103053239948,91.66859853548208,91.0931183377182,91.44900512695312,7268400
2015-11-06,90.47975315572008,90.51004249397118,89.91184106198857,90.10871887207033,10604700
2015-11-09,89.42719431194757,90.03296932705372,89.35147387933397,89.60135650634766,9159500
2015-11-10,89.73014064044358,90.26776357465722,89.63927259548117,89.86643981933594,6712500
2015-11-11,89.61654533470065,89.79070762054369,89.55596664596379,89.6771240234375,2857900
2015-11-12,89.91941484082648,90.44189581573168,89.88155172373747,90.10871887207033,6805700
2015-11-13,90.35102843989752,90.79021518199308,90.27530798228464,90.62362670898438,7906600
2015-11-16,90.7069403763704,90.86595510455116,90.2071748502865,90.54035186767578,5485300
2015-11-17,90.10870342777488,90.9643554225853,89.85125276241762,90.69175720214844,5122900
2015-11-18,90.54790184534204,91.00980412453542,90.38131338043948,90.88107299804688,5233900
2015-11-19,91.53226277377308,91.73671431727472,91.38082189326016,91.48683166503906,6643000
2015-11-20,91.570138921382,91.6534331506544,91.07794732398156,91.20667266845705,5971000
2015-11-23,91.26723834432585,91.71399876290772,91.1082236866575,91.48683166503906,5436300
2015-11-24,91.54743865513603,91.7746000461948,91.3051297050794,91.47928619384766,3371500
2015-11-25,91.75186284719082,91.94116685031388,91.58527440010656,91.6912841796875,3280900
2015-11-27,91.81244528809052,91.86545018005944,91.59285194219072,91.60042572021484,2570600
2015-11-30,91.6988656046295,92.02446874823887,91.66857626835188,91.9638900756836,5179800
2015-12-01,92.0147201197808,93.22124383283597,92.0147201197808,93.20606994628906,12766600
2015-12-02,93.07708305617436,93.36543325070828,92.72043589043322,93.23643493652344,7345800
2015-12-03,92.0906105619568,92.12096412750904,90.29220088110156,90.70196533203124,16612200
2015-12-04,90.70198344515056,91.76433529422836,90.65645598240567,91.49874877929688,11843800
2015-12-07,91.67324901330504,92.9253059937786,91.6656649645305,92.38654327392578,9016700
2015-12-08,92.78872264922872,92.90254706958108,92.15889920738286,92.43207550048828,7257500
2015-12-09,92.08302248002305,92.69008222394888,91.4456149593166,92.33343505859376,8993900
2015-12-10,92.41690399890624,92.59901960256173,92.18925515232392,92.45484161376952,5606900
2015-12-11,93.35780854918276,94.169747325483,93.23640011921424,93.91175079345705,12300000
2015-12-14,93.39578462021537,93.44890191241574,92.38655027905747,92.69766998291016,10661100
2015-12-15,91.8325586335947,92.27267641276649,91.68838651164693,92.1512680053711,8795500
2015-12-16,91.8705696529682,92.70527260737173,91.43804139000038,91.95404052734376,10988600
2015-12-17,92.40930300399694,93.16812468186106,92.30306843224396,92.99359893798828,9923000
2015-12-18,93.3957733689316,93.72965096996188,93.19847811194784,93.50959777832033,10171700
2015-12-21,93.66134791708684,93.92693431240448,93.27434728999587,93.48681640625,7494900
2015-12-22,93.06948769293348,93.1833121119553,92.56866256497769,92.81148529052734,5445800
2015-12-23,91.9919643318346,92.2803145159033,91.71878803562193,92.11337280273438,7287100
2015-12-24,92.3673793623585,92.67154575994708,92.31415067789236,92.64112854003906,3364600
2015-12-28,92.76276227620332,93.27984324809752,92.6563049409448,92.91484832763672,7586600
2015-12-29,92.53465434251912,92.57267150937165,91.25716034616867,91.37122344970705,7787500
2015-12-30,91.18867851329622,91.66013641855552,90.9985753613915,91.2799301147461,5508900
2015-12-31,91.6829994088058,91.903519885161,91.43966746963648,91.69060516357422,7897700
2016-01-04,92.71711243234428,93.11252444824652,92.25326026280268,92.35211181640624,10591900
2016-01-05,91.91871116764386,92.39016926394696,91.75142519943,91.97954559326172,6242600
2016-01-06,92.99850238743652,93.24183428964828,92.808399157537,93.2190170288086,8916900
2016-01-07,93.28744755252124,93.47755076274387,92.61068058824776,93.38629913330078,10202200
2016-01-08,93.09734311792752,93.88817315823192,92.94526287234532,93.80452728271484,9577200
2016-01-11,92.80076555406622,93.37107507261273,92.66389103755552,92.7779541015625,10040300
2016-01-12,93.02889672394532,94.53451658105652,92.88442224075251,94.11628723144533,12897700
2016-01-13,93.93377405339037,95.43178790734537,93.73606513928516,95.04397583007812,15577600
2016-01-14,94.64858161130384,95.02878800916304,93.789311439189,94.15431213378906,12873800
2016-01-15,95.35577438229409,95.78160372999854,95.11244249767871,95.62191772460938,13976300
2016-01-19,95.15043517509208,95.86522494036564,95.01356066262454,95.32533264160156,8926600
2016-01-20,96.55723538909268,97.27201959076584,96.13140020775548,96.32910919189452,17283300
2016-01-21,96.52684331078233,96.79298674248813,95.56111539953191,95.67517852783205,11001600
2016-01-22,94.98319337520184,95.45464573594953,94.68662695921124,95.31016540527344,10164300
2016-01-25,95.77401131435872,96.01734323286033,95.54589090410192,95.82723999023438,5738200
2016-01-26,95.80442358894013,96.16181859488536,95.62192610984756,95.87286376953124,5692600
2016-01-27,95.62191045845005,96.03253407031514,95.1960811431037,95.85003662109376,7957800
2016-01-28,95.46222128328608,96.1237824917105,95.4013868684102,95.98690795898438,10575400
2016-01-29,96.884244056731,97.2264276600994,96.51163742911685,96.80059814453124,13170700
2016-02-01,96.59565142939012,96.80897002147402,96.2147237113844,96.50422668457033,9948400
2016-02-02,97.59365788923544,98.3097920277965,97.51746771758586,98.29456329345705,10400000
2016-02-03,97.73076077994445,98.99544289983253,97.4564925084625,97.4793472290039,13309000
2016-02-04,97.68510528482447,97.9669880771598,97.14418862082088,97.9517593383789,9953500
2016-02-05,97.43365310335462,98.27931277126967,97.20509423702872,98.06599426269533,9200800
2016-02-08,98.82782874068116,100.28297453960744,98.79734803155,100.1763153076172,14452200
2016-02-09,100.59537186738348,100.61061222886082,99.77257834744282,100.28302001953124,15232100
2016-02-10,100.3363437929391,101.20485839684191,99.88685194201344,101.16676330566406,12797100
2016-02-11,102.42382665368169,103.04092757621008,101.33436754817733,101.8752899169922,21620200
2016-02-12,101.05246673846712,101.42577994735947,99.74968931558736,100.18395233154295,13888400
2016-02-16,99.589724563085,99.6125792918144,98.8964334583224,99.12499237060548,11766000
2016-02-17,98.76691656334208,98.9116709243846,98.05839674348825,98.5155029296875,13157300
2016-02-18,98.591672851715,99.80301969001692,98.55357777111082,99.7268295288086,10196700
2016-02-19,99.75730698722366,100.42774318401742,99.59731230390294,99.81063079833984,8188700
2016-02-22,99.87921620504888,99.88683057165952,99.57446716581536,99.75731658935548,5054300
2016-02-23,98.94980056118354,100.36685232064433,98.87361035772072,100.16114807128906,8320700
2016-02-24,100.8696412928538,101.62388225642582,99.76495338660456,99.96304321289062,9091200
2016-02-25,100.16871436005285,100.99151933752968,100.04682636800936,100.32108306884766,6097200
2016-02-26,99.27737883806086,99.65830655158268,99.07167461776152,99.35356903076172,9245000
2016-02-29,99.39926163302415,99.93255801648128,99.36116654313668,99.78780364990234,8016100
2016-03-01,99.85500048887252,99.8778985774954,97.94674879000593,98.03070068359376,13729100
2016-03-02,97.94672982478023,98.4428705116012,97.86276630040602,98.43524169921876,7047700
2016-03-03,98.51919122944427,99.18325887068626,98.29019877303804,98.7939682006836,6394800
2016-03-04,98.27492894162624,98.56498682788542,97.5192631574374,98.16043853759766,8687000
2016-03-07,98.0459193152373,98.21384630976269,97.74060385993918,98.1298828125,5493300
2016-03-08,99.49622763589126,99.9847395037674,99.19090043906766,99.21379852294922,7175400
2016-03-09,98.52683054598276,98.99244431973923,98.32073614853869,98.6107940673828,7194700
2016-03-10,98.84742272821826,99.1069421238748,97.64140644323275,98.2062530517578,10091600
2016-03-11,98.32837495367272,98.3741711196585,97.09945487235476,97.21395111083984,8927000
2016-03-14,97.56509091521193,98.00017206198038,97.44296583685824,97.51929473876952,5177000
2016-03-15,98.08408812416224,98.2062189669212,97.40475132599316,97.61083984375,6413200
2016-03-16,97.51163799467191,98.09938263553737,97.22158590375793,97.90091705322266,9728900
2016-03-17,98.0917424912492,98.72528330020744,98.07648486720772,98.3054656982422,7805500
2016-03-18,98.4963274029339,98.85507970084748,98.2368079333504,98.5115966796875,8198600
2016-03-21,97.89330893738214,98.1757264524867,97.51165861014088,97.75592041015624,5514800
2016-03-22,98.33598498717608,98.48101391646348,97.64137887692534,97.73297119140624,4997900
2016-03-23,98.01541680408074,99.09167326927474,97.9238128270798,98.83978271484376,10628200
2016-03-24,99.67174556189944,99.7175417122336,98.46572979927164,98.8779067993164,6343300
2016-03-28,98.75580753439736,99.35118090291036,98.6794728370846,99.00769805908205,5058700
2016-03-29,99.5191655973373,100.061102662412,99.24437683360838,100.04584503173828,9396700
2016-03-30,99.2519586330936,99.28249717406749,98.4504908146206,98.99243927001952,8478700
2016-03-31,99.21378103065275,99.84732174944088,99.06875209361166,99.69466400146484,7832300
2016-04-01,100.18414811776606,100.29888731398805,99.35807492384936,99.95468139648438,9341400
2016-04-04,100.0388909561312,100.1765757566673,99.64116080162846,100.01594543457033,5145100
2016-04-05,100.97201068455848,101.23972389942426,100.79609119342273,101.10969543457033,6482800
2016-04-06,100.60489410181052,100.71197707832243,100.00064266388652,100.37542724609376,6393700
2016-04-07,101.10974573510046,101.72165362266097,100.97206091659255,101.61457061767578,5963300
2016-04-08,101.0943915987722,101.27031108479775,100.68900531683688,100.97200775146484,5584800
2016-04-11,100.44431077517515,101.10209809695908,100.28368041836694,100.842041015625,4805500
2016-04-12,100.2606972074206,100.62019254933224,99.84000992739963,100.14595794677734,4276000
2016-04-13,99.962387896519,100.64313211990051,99.83235941240883,100.497802734375,5207900
2016-04-14,100.1306847135455,100.43663278180463,99.8094357405222,100.01594543457033,6967000
2016-04-15,100.4212393352879,101.086693860826,100.39064922512011,100.87252807617188,5831100
2016-04-18,100.45190826173128,100.53604570988256,99.93943895796168,100.43660736083984,4486600
2016-04-19,100.2606705818178,100.43659006268368,99.65640764793928,100.12298583984376,5212200
2016-04-20,100.32188002806365,100.69666456706476,98.87625417622326,99.0215835571289,10920700
2016-04-21,98.24138155404832,98.72326063297103,98.12664232655148,98.43260192871094,11154200
2016-04-22,98.55501015692391,98.60090119081218,98.08843186044616,98.18021392822266,5826400
2016-04-25,97.95076085361188,98.30261161481812,97.77484130859376,97.77484130859376,5539500
2016-04-26,97.72127564032544,97.72127564032544,97.2317518792129,97.33118438720705,7840000
2016-04-27,97.84370133707732,98.53210212076796,97.61424024476682,98.3026351928711,8380100
2016-04-28,98.06546436336838,98.77679857153636,97.93542423494074,98.7079620361328,7974600
2016-04-29,98.24905735383491,99.21281581759855,98.05783691847472,98.9604034423828,7416300
2016-05-02,98.607840071532,98.79177383475596,97.9487167990838,97.96404266357422,11035200
2016-05-03,99.28993082433428,99.65014994893224,99.13664882751247,99.1979522705078,10736700
2016-05-04,99.38961292738092,99.76516396877884,99.0140735806562,99.74217224121094,7211200
2016-05-05,99.68082945860374,100.4549230545492,99.4049171095413,100.40892791748048,7870400
2016-05-06,100.28628149932692,100.2939415060464,99.85707553503484,99.97970581054688,7232500
2016-05-09,99.98738891282578,100.31694465934127,99.88009033318492,100.29395294189452,4950800
2016-05-10,100.28626232591584,100.49318771978088,100.13296866350017,100.30158233642578,4331900
2016-05-11,100.27097392478684,101.16768610279216,100.1406836111966,100.86878204345705,9256000
2016-05-12,100.14068727193114,100.53155822699044,100.08703212601928,100.40892791748048,6087400
2016-05-13,100.7691234747228,101.41292660110427,100.57751804661731,101.38226318359376,8707300
2016-05-16,100.89177876124758,100.90711047380276,100.38593749895728,100.5085678100586,5137000
2016-05-17,100.56219596438346,101.03737367401908,100.56219596438346,100.67715454101562,4449100
2016-05-18,100.25563586466514,100.28629928631504,98.79943909235269,99.24396514892578,12681000
2016-05-19,99.38956511418375,99.88774625940007,99.36657339767646,99.67314910888672,6209400
2016-05-20,99.36661350125274,99.94143003526231,99.28997831352152,99.74982452392578,5348900
2016-05-23,99.91073838533872,100.19431068653611,99.57351094895928,99.97205352783205,6979700
2016-05-24,99.61181844228996,99.78043213351052,99.05233393669404,99.52751159667967,5968200
2016-05-25,99.50454434440375,99.82644009913672,99.106001731305,99.15198516845705,6367400
2016-05-26,99.489200219345,99.97970964554118,99.48154021233172,99.66547393798828,5419300
2016-05-27,99.68850358755408,99.83411392713616,99.40491952807888,99.51988983154295,5267600
2016-05-31,98.88373362512372,99.97205106456224,98.85307020729876,99.75745391845705,8344300
2016-06-01,100.32346258301946,100.81498024680695,99.92410081909668,100.16217803955078,9874900
2016-06-02,100.53083324259524,101.13755761992849,100.507794263072,100.88411712646484,5835400
2016-06-03,102.0360810683248,102.32023620605467,101.8364060686638,102.32023620605467,11077200
2016-06-06,101.9746880868027,102.05916826478948,101.45245550921878,101.55997467041016,7573700
2016-06-07,101.86716629084926,102.12828257288751,101.79036186968064,101.80572509765624,4680200
2016-06-08,102.04379199016996,102.4738685799504,101.92092133502425,102.35099792480467,5313200
2016-06-09,103.1573730408613,103.32632161664678,102.8578429307776,103.0114517211914,6820300
2016-06-10,103.51836453701348,103.93308969608118,103.11132685193134,103.51068878173828,6984600
2016-06-13,103.74877837627903,103.97917996760914,103.5030252725822,103.97150421142578,7283300
2016-06-14,104.5935258572797,104.61656483254828,103.84856774038082,103.89464569091795,9012500
2016-06-15,104.07896810163946,104.6242394687872,103.91768355777413,104.29400634765624,7953200
2016-06-16,105.01592630923498,105.64567782933146,104.5858380951063,104.80088806152344,10372700
2016-06-17,104.60125565963932,104.65502110885174,103.87933614497454,104.14813995361328,8489900
2016-06-20,103.0959565680038,103.33403384399584,102.919308760448,103.03451538085938,7365900
2016-06-21,103.134347558111,103.3570733274322,102.49692014063976,102.558349609375,6005800
2016-06-22,102.52763511004616,102.90395798948468,102.33563579336068,102.72731018066406,5773700
2016-06-23,101.84412697776511,102.38941024139034,101.4370893280529,101.55228424072266,9029100
2016-06-24,104.91607971848056,104.91607971848056,103.91000543640476,104.27864074707033,17155000
2016-06-27,106.32155970999322,107.20475201405968,106.2908332521573,106.88219451904295,16577100
2016-06-28,107.08957146140366,107.44284374294227,106.65949474368102,107.1049346923828,14006400
2016-06-29,107.27377641018415,107.61938430974196,106.18322247214176,106.28306579589844,12999800
2016-06-30,106.60568775309449,107.47352832520984,106.052728840436,106.6748046875,14698500
2016-07-01,108.3405268868229,108.34822849395756,107.09408751750794,108.15587615966795,15430200
2016-07-05,109.14076508026558,109.95633744226966,109.0253465869901,109.51007843017578,8840800
2016-07-06,109.86400317567146,110.0255843743832,109.22540347192027,109.68704223632812,14352800
2016-07-07,109.32541818949902,110.17177353032028,109.08690306806574,109.67935180664062,9676400
2016-07-08,109.96402373629208,110.50260813328347,109.53315621869892,110.48722839355467,10355300
2016-07-11,110.0640778898874,110.38722860777786,109.44085780965138,109.51779174804688,8099000
2016-07-12,108.04052743027984,108.37906963552147,107.44038869926506,107.71737670898438,15810600
2016-07-13,108.77148935419984,109.07926040235144,108.4483385588394,108.98692321777344,8181700
2016-07-14,107.16337849513604,107.5942460342938,107.01718877858038,107.40189361572266,10817000
2016-07-15,106.863281397239,107.03255242077596,106.31699550486849,106.47857666015624,9958600
2016-07-18,107.00180988898006,107.14798786643824,105.97079199464234,106.37857818603516,5955900
2016-07-19,106.90175719566956,107.18643495215544,106.48626949350712,106.97869110107422,8073900
2016-07-20,106.3554862171788,106.57091996696371,106.10928124896412,106.39395904541016,6942500
2016-07-21,105.43988440188193,106.65555295546486,105.40142331482448,106.60939025878906,10398400
2016-07-22,106.12468813188786,107.1326248322132,106.0785254223066,106.79408264160156,5811400
2016-07-25,106.9018027819339,107.14800782057836,106.63250464753752,106.7171401977539,4243800
2016-07-26,107.3480411873286,107.3480411873286,106.53246880993548,106.88639068603516,5243400
2016-07-27,107.37114735559132,108.21749114990234,107.25572883346076,108.21749114990234,8508100
2016-07-28,107.56348423656836,108.36366520221304,107.49424017747872,108.0174331665039,7336100
2016-07-29,108.06358026768578,109.0099508260334,107.8866193399237,108.9176254272461,8766700
2016-08-01,107.74450506219682,108.29949272743012,107.61346794147534,107.73680114746094,9809300
2016-08-02,106.24135517196736,107.34361417031816,105.9869849965722,106.62676239013672,10051200
2016-08-03,106.834925612759,106.9736666176733,106.30306157052222,106.68846893310548,4930600
2016-08-04,107.49779745974652,108.03736526802123,107.3513408199942,107.49008178710938,5646000
2016-08-05,107.18176362128672,107.2819615130488,106.23366503494428,106.37240600585938,7778600
2016-08-08,106.06407868674232,106.7886344285977,105.84825157015634,106.57280731201172,5185200
2016-08-09,106.91968438264648,107.69820279279884,106.8503021388144,107.6211166381836,5503200
2016-08-10,107.83695708172286,108.30715445490486,107.50551245165384,108.0373764038086,5843500
2016-08-11,107.96026149398242,107.97568107504428,106.78862032885814,107.0738296508789,7624600
2016-08-12,108.23008587852594,108.5769501124343,107.81383938847758,107.97571563720705,7989600
2016-08-15,107.40530294185034,107.62884576115349,106.95052515319546,106.9582290649414,5108600
2016-08-16,107.12776649891038,107.25880351652346,106.54965578266244,106.67298889160156,6182700
2016-08-17,106.85806538844916,107.48242352905416,106.75785569517144,107.3128433227539,5002000
2016-08-18,107.29739161636816,107.72904591712928,106.98135480270462,107.48239135742188,3805200
2016-08-19,106.86578370705614,107.1818206579143,106.44954881111572,106.91974639892578,5516300
2016-08-22,107.64429072228629,108.02199423869864,107.42846350196533,107.82158660888672,5549700
2016-08-23,108.12217168185444,108.36882624791558,107.6596781981552,107.93717193603516,6841400
2016-08-24,107.99111789616946,108.06048837948111,107.44383441719764,107.68278503417967,6027800
2016-08-25,107.34363196257128,107.7444588291792,107.11239700269827,107.27426147460938,5855500
2016-08-26,107.70589140597276,108.44587839541204,106.54196591144968,106.6498794555664,12962500
2016-08-29,107.43616532907517,108.18385658941402,107.30512823089308,108.07594299316406,7310400
2016-08-30,108.0451288449274,108.1144993667936,107.65972137451172,107.65972137451172,5161800
2016-08-31,107.65198589926428,108.04509716962797,107.40531954489556,107.81385040283205,7349700
2016-09-01,107.04470561864646,108.1875951434219,107.0061041991446,107.9327621459961,9149100
2016-09-02,107.30729277227655,107.37678948292618,106.69723466831368,107.05245971679688,8397000
2016-09-06,107.11419572841702,108.17212895620574,106.95974294451504,107.83235168457033,8542600
2016-09-07,108.39611435894818,108.43472757192232,107.7551727294922,107.7551727294922,5421800
2016-09-08,107.2300482553996,107.54666003906397,105.99449639788271,106.40377044677734,14301500
2016-09-09,105.07551646162086,105.11411786443004,104.565850687168,104.65079498291016,13347700
2016-09-12,104.49638969527462,104.89021604647404,104.37283217145335,104.7048797607422,9096600
2016-09-13,104.92110704475486,105.0214990129311,102.98284685635682,103.51567840576172,15645400
2016-09-14,103.51567159574115,104.179778561251,103.51567159574115,103.67011260986328,7037700
2016-09-15,103.1759131283109,103.51569049125824,102.72802585743452,103.22224426269533,9874500
2016-09-16,103.92495317694754,104.1025597670069,103.64695461798314,104.05622863769533,7507900
2016-09-19,103.87860136746298,104.14887016234032,103.67009954397452,103.7164306640625,7105900
2016-09-20,104.36510030783022,104.6971596733598,103.99443952711044,104.07938385009766,6054800
2016-09-21,103.94037479644084,104.9365291765708,103.61603340625788,104.92108154296876,10698100
2016-09-22,105.53884620258836,106.0176167462034,105.40757078847106,105.75506591796876,12426200
2016-09-23,105.8168372283235,106.05622248331228,105.56973404943152,105.65467834472656,5928800
2016-09-26,105.84779779813682,106.43467852031398,105.8091845886166,106.32656860351562,8661300
2016-09-27,107.02154675107614,107.1837174988939,106.52732836295432,107.1064910888672,9450400
2016-09-28,106.95204329968242,107.45397958387971,106.73582350497328,106.87481689453124,7958700
2016-09-29,106.22613312886978,107.39218795030034,106.14118881593836,107.14507293701172,8319800
2016-09-30,106.99065029480695,107.06014698555386,105.69331981872632,106.18753814697266,11747100
2016-10-03,106.51015403984644,106.5797876070874,105.7984373641963,105.83712005615234,7588800
2016-10-04,105.6901185637769,105.86031294184244,104.56065965948584,104.5993423461914,12048700
2016-10-05,104.4523501042082,104.49876460426248,103.75609719049986,104.1119613647461,8917700
2016-10-06,103.6400885213321,104.19708627880924,103.4157359723004,103.5317840576172,7839900
2016-10-07,103.6091188398232,103.88761766801784,102.95929217546868,103.60138702392578,9953200
2016-10-10,102.77360266507694,103.01341873169596,102.5105675492829,102.9902114868164,6089100
2016-10-11,102.78136307409012,103.31515346342012,102.55702237640728,102.7581558227539,9670400
2016-10-12,102.6343283272081,102.90509520623527,102.30168334285956,102.85868072509766,7582400
2016-10-13,103.38476503971953,103.60910571531711,103.1758879939579,103.24552154541016,7080600
2016-10-14,102.324963121445,102.85101001964304,101.75248990490452,101.79890441894533,11415100
2016-10-17,102.19342020187275,102.68852787434354,102.18567658236198,102.44869995117188,10595900
2016-10-18,102.0077730519008,102.80458695479716,101.98456579681068,102.78137969970705,7151000
2016-10-19,102.4023396309796,103.09859291034029,102.36366873015756,102.86650848388672,6941300
2016-10-20,103.3847571451002,103.4698543198903,102.81228416884896,102.97474670410156,6082300
2016-10-21,103.29196393429991,103.4466829045199,102.78911252570904,103.12950134277344,9222700
2016-10-24,103.2068370158699,103.23777607928596,102.34038978435449,102.68077850341795,6507500
2016-10-25,102.52605221765272,103.32286584176036,102.4951131564577,102.9515380859375,5134700
2016-10-26,102.47194604778446,102.73496948600632,102.10834996376552,102.2553253173828,5842500
2016-10-27,101.3966031908339,101.3966031908339,100.6152531206335,101.1413116455078,10044700
2016-10-28,100.87053954451513,101.28828181292222,100.82412504850288,100.91695404052734,7541000
2016-10-31,101.25736693679843,101.56680485365736,101.11812341550188,101.5358657836914,7047500
2016-11-01,100.8847886499185,102.00090986895108,100.66776639364284,101.5436019897461,12622400
2016-11-02,101.7684055513192,102.39622092163609,101.55912981893736,101.98542785644533,8666200
2016-11-03,101.34206964303996,101.57459683358958,101.10179588264089,101.20256042480467,6085400
2016-11-04,101.7451536906131,102.14818835498065,101.63664253838668,102.10944366455078,7622600
2016-11-07,101.34205939281183,101.53583006086694,101.10178565671522,101.24129486083984,5386700
2016-11-08,101.55133843037288,101.69860603532364,100.53598198801564,100.83050537109376,7576500
2016-11-09,98.60603356604896,98.72229716732116,96.28078519425436,96.55206298828124,31233500
2016-11-10,96.08704737840516,96.85437794792892,95.11819355860744,95.12594604492188,22961200
2016-11-11,95.30420039482708,95.37396093645316,94.28884360586694,94.59112548828124,10040200
2016-11-14,94.00204753280508,95.07166565529296,93.57575551139848,94.02529907226562,21174400
2016-11-15,94.7306302450729,95.18792630441214,94.38959188664155,94.4903564453125,11963700
2016-11-16,94.79264076574904,95.44370756145888,94.69187620445116,95.34294891357422,9149500
2016-11-17,94.52132202894538,94.6453380851202,93.77724343212962,93.94001007080078,11221600
2016-11-18,94.27332589012784,94.53685713682374,93.27346829369388,93.66876220703124,13577700
2016-11-21,93.94777870712194,94.15705435954942,93.69975246553489,93.90127563476562,6488100
2016-11-22,94.29658296975876,94.37409007256964,93.6920133756431,93.87028503417967,9989900
2016-11-23,93.00221442218115,93.7152953293414,92.4286546153347,93.50601959228516,13563500
2016-11-25,93.93230589556492,94.0098130089489,93.31998964702808,93.64552307128906,3126300
2016-11-28,94.1028362981766,94.35086263858688,93.85480404435194,94.33535766601562,8555000
2016-11-29,94.12606527706656,94.87014411990585,93.947793615724,94.73062896728516,8363000
2016-11-30,92.98666078015566,93.79274739646974,92.60687196063635,93.19593048095705,21163500
2016-12-01,92.04106486882976,92.41385465111664,91.365375241028,92.21192932128906,21715700
2016-12-02,92.55368868197576,93.36140809494604,92.53039005209791,92.8876495361328,12487500
2016-12-05,92.36728903619344,93.50896924545796,91.99449320087469,92.78668212890624,12100100
2016-12-06,92.6856995487072,93.15169575403958,92.51484098885824,92.71676635742188,11526600
2016-12-07,93.05846669193596,93.67979082425995,93.05846669193596,93.50892639160156,10392200
2016-12-08,92.5381268869474,92.66238817932816,92.2507633898996,92.40609741210938,12041100
2016-12-09,92.1420206467304,92.3128850864187,91.08577313355389,91.2566375732422,14646400
2016-12-12,91.0780236194886,91.48965436555405,90.77512965991852,91.42752075195312,9496300
2016-12-13,91.95560857051696,92.02550441437845,91.21002327573532,91.75367736816406,12189200
2016-12-14,92.48381358538104,92.58477631268076,90.71304621187568,90.72857666015624,16618400
2016-12-15,91.30323778863112,91.87019654559592,90.89161303889678,91.1867446899414,12400500
2016-12-16,91.34208597366124,91.58284631293296,90.71299944826748,90.97705841064452,14924600
2016-12-19,91.62948813532506,92.09547857015632,91.44308722108067,91.95568084716795,10868300
2016-12-20,91.35761597191086,91.56731542961909,91.16345287978928,91.4974136352539,7030600
2016-12-21,91.58287573324436,91.95567159884985,91.43531576437884,91.90130615234376,4624700
2016-12-22,91.51893792829684,91.88492119206362,91.49557830565657,91.73696899414062,5177800
2016-12-23,92.07178197584356,92.18858600186086,91.84596244311663,91.92383575439452,4461600
2016-12-27,91.43329636073192,91.65132746077724,91.28535008050228,91.62796783447266,5276600
2016-12-28,91.77590464446298,92.5701615099556,91.65131207055776,92.29762268066406,7578600
2016-12-29,92.50790429986664,92.87388174977784,92.39888872910107,92.62470245361328,8581400
2016-12-30,92.49230032479367,93.16975912381066,92.44558107689642,92.76483917236328,10613900
2017-01-03,92.20421445662868,93.43453385283289,92.0251140580765,93.16199493408205,13217300
2017-01-04,93.25544459745508,93.629210580906,93.01404787803553,93.52019500732422,6699600
2017-01-05,93.7927210966234,95.02304633387472,93.5746899793186,94.98411560058594,13265800
2017-01-06,94.32219625936814,94.64146024650118,94.02629783348176,94.11195373535156,8369300
2017-01-09,94.90624793532704,94.99969239444,94.5792012397858,94.86731719970705,8839100
2017-01-10,94.64925028098696,94.92957761142694,94.43900181270668,94.80498504638672,8417900
2017-01-11,94.95291765998392,95.53693182120396,94.5402152699323,95.12422943115234,9402500
2017-01-12,95.622608318162,95.88735861001682,94.86728222296362,94.91400146484376,9977600
2017-01-13,94.4779641302712,94.8050107909615,93.9250978397989,94.46238708496094,9820000
2017-01-17,95.6304036157268,95.73163657446408,94.99188148121246,95.45130920410156,7853300
2017-01-18,94.8205796618122,94.96853188426408,94.1509152517978,94.2287826538086,9064700
2017-01-19,93.82385683902146,93.89394165511594,93.0918961764333,93.58246612548828,11795600
2017-01-20,93.31771076759313,93.68369407295243,92.88943710841436,93.39558410644533,16953200
2017-01-23,93.70703562699318,94.89842975539428,93.4578564370643,94.32998657226562,13118400
2017-01-24,94.04189536962592,94.32222277438476,93.28657502220015,93.68370056152344,8395000
2017-01-25,92.88161640399056,93.13079555563569,92.32096182756412,92.50785064697266,11115100
2017-01-26,92.59350708383374,92.86604585428869,92.14186801228009,92.81932067871094,7827900
2017-01-27,92.97511086670836,93.30994608894888,92.85830677692162,93.15420532226562,7197800
2017-01-30,93.00625961675972,93.3488774238555,92.81937069554075,92.8738784790039,6569500
2017-01-31,92.92060935262438,93.75380320265845,92.85831304174816,93.52019500732422,13298500
2017-02-01,92.94190216064452,93.27746090795534,92.53611309479292,92.94190216064452,10975500
2017-02-02,93.58966915704184,93.7535459584182,92.86392563452144,92.90294647216795,6978600
2017-02-03,93.20727111024296,93.54283000343428,92.45031226138748,92.86390686035156,10275600
2017-02-06,93.45699672565782,93.7457294564419,92.95756102261934,93.42578125,8433800
2017-02-07,93.47256280298174,94.43241893255724,93.23065040892824,94.11246490478516,8418400
2017-02-08,94.75236324343494,95.41567542751376,94.74456384336544,95.39226531982422,15734200
2017-02-09,94.74463065599453,94.88509140118268,94.15935373606496,94.2920150756836,16890600
2017-02-10,93.73010189746044,94.3856088656054,93.73010189746044,94.23734283447266,7978500
2017-02-13,93.83935009573504,93.96421196405338,93.55061149055504,93.9407958984375,11536800
2017-02-14,93.83152951748777,93.87835568738096,92.73121276171804,93.2618637084961,13210500
2017-02-15,92.67659312342104,93.03556202896144,92.59075208581996,92.8326644897461,8481000
2017-02-16,93.03555385056283,93.80811716731844,92.95751817426012,93.33989715576172,10005800
2017-02-17,94.1202513807838,94.1904816925552,93.74567185678426,93.8939437866211,7886400
2017-02-21,93.3945360951604,94.12027930078182,93.33210516368428,93.73009490966795,8703800
2017-02-22,94.26854677593644,94.28415153119012,93.32429535520996,93.88616180419922,8101500
2017-02-23,94.08906331198274,94.22172457532604,93.90177647233683,94.16709899902344,5330800
2017-02-24,94.69773004146391,95.31422196047347,94.627499724056,95.21277618408205,11336000
2017-02-27,95.05671380559995,95.12695008776949,94.60410446366484,94.6509246826172,11039800
2017-02-28,94.81478077710906,95.26739597432528,94.67431419706746,95.00206756591795,8410500
2017-03-01,93.3867239501078,93.4727302831894,93.00360266085131,93.4101791381836,10717100
2017-03-02,93.05053467613732,93.20690659978648,92.74560524937694,93.07398986816406,8201200
2017-03-03,93.2225930653004,93.31641387939452,92.69091991299904,93.31641387939452,9515200
2017-03-06,93.1365670417772,93.1365670417772,92.667439209364,92.8707275390625,4489200
2017-03-07,92.63614975075696,92.7925216846034,92.45631665814732,92.5892333984375,7080100
2017-03-08,91.72136366013824,92.22176105151054,91.65881846012228,92.0888442993164,11336300
2017-03-09,91.74482532774486,91.85429285721168,91.29915868320256,91.35388946533205,10575400
2017-03-10,91.58843975179671,91.72917687994934,91.22877952767494,91.67444610595705,9218500
2017-03-13,91.3460467192526,91.54932900972562,91.08020731333292,91.0958480834961,6993100
2017-03-14,91.29915802199604,91.75264505076056,91.25224762771272,91.53372192382812,9869200
2017-03-15,91.91682557384816,92.9098058699872,91.8151844109046,92.65178680419922,14600500
2017-03-16,92.25302854466771,92.3781308641446,91.97155429105172,92.1826629638672,8018200
2017-03-17,92.34683194990951,92.84722917096184,92.28428080597662,92.76122283935548,7266800
2017-03-20,92.69088947943354,93.2225624571686,92.65179350959124,93.1600112915039,5497800
2017-03-21,93.08181435141704,94.05915383026348,93.05835319315102,93.93405151367188,12540700
2017-03-22,94.387527386755,94.7393671717672,94.16078393844704,94.30934143066406,11661400
2017-03-23,94.47353711422411,94.62208864655958,93.8714927038122,94.17642211914062,6746500
2017-03-24,94.23901084708142,94.6846775521955,94.1373696565146,94.51266479492188,5819600
2017-03-27,95.25546084868112,95.36492244417538,94.7550632792189,94.94271087646484,6878500
2017-03-28,95.22412964386068,95.24758483416734,94.2076943190604,94.30934143066406,6811200
2017-03-29,94.55957813226726,94.90359767058646,94.51266176756263,94.87232208251952,6291000
2017-03-30,94.6612303207297,94.67686513397594,94.07482639804444,94.1061019897461,7042400
2017-03-31,94.04348715092324,94.45787802136437,93.98875639379337,94.37969207763672,5144800
2017-04-03,94.37582220364592,95.48843505667784,94.3366494414085,95.33172607421876,12996500
2017-04-04,95.09668356847229,95.26905450417576,94.76759765269584,94.81461334228516,6976700
2017-04-05,94.46205341887114,95.2142389417304,94.30535034329849,95.10454559326172,8555200
2017-04-06,94.994751201173,95.12795524934693,94.43061116463088,94.96340942382812,6497000
2017-04-07,95.46488892703996,95.78613773891948,94.5638380168758,94.57950592041016,10270000
2017-04-10,94.91646943788116,95.29256506433003,94.80677612554965,95.01832580566406,5314500
2017-04-11,95.43358206047414,96.09957875258294,95.37089847165927,95.91936492919922,11297400
2017-04-12,95.98984925820896,96.52264760651668,95.81747244289852,96.4442901611328,11532500
2017-04-13,96.72638391624392,96.95360741227302,96.30328469228384,96.74205780029295,8396700
2017-04-17,96.73419716668522,96.80471767196391,96.26408238355106,96.4442901611328,8015000
2017-04-18,97.04761287291568,97.92516488673192,96.80472152050405,97.70577239990234,11529700
2017-04-19,97.23569537180182,97.29054202035732,96.92228338955488,97.17301177978516,7344000
2017-04-20,96.7812316333544,97.09464356164038,96.48349358929217,96.79690551757812,7932900
2017-04-21,97.01629207402772,97.3453719087021,96.75772678485411,96.79690551757812,9798500
2017-04-24,96.02120120962958,96.49915298348492,95.9506806968826,96.31893920898438,8066400
2017-04-25,95.75480667012516,95.95068836431436,95.1044780107365,95.1593246459961,8122300
2017-04-26,95.21418238056636,95.69997119080564,95.14366783179898,95.6843032836914,5766200
2017-04-27,95.39437360284528,95.86448841682018,95.26117550148864,95.65293884277344,4978300
2017-04-28,95.27686444084756,95.93503010799462,95.23769168477074,95.86450958251952,8166300
2017-05-01,95.54653130613907,95.89985242242054,94.77706857670525,95.0675811767578,8795900
2017-05-02,94.98120881952389,95.61718919878942,94.95765487811713,95.55437469482422,6727800
2017-05-03,95.96267658927046,96.09615293638494,95.43661852218044,95.61720275878906,8932900
2017-05-04,95.01262656235014,95.17751016072388,94.74566788618208,95.14610290527344,9707200
2017-05-05,95.30309894041572,95.37376673736168,94.91837068248108,95.23243713378906,5605400
2017-05-08,95.09113734441917,95.11469128734632,94.63574114675684,94.7142562866211,8057800
2017-05-09,94.517969736421,94.71426059016112,94.32953219412052,94.70641326904295,5536700
2017-05-10,94.93409414059018,95.05186383919308,94.3452216862942,94.59647369384766,6517000
2017-05-11,94.21959268735726,94.6671355130094,94.14893086819554,94.59647369384766,7479800
2017-05-12,95.01257619100085,95.38945107596132,94.9890222594806,95.3109359741211,7463900
2017-05-15,95.05184173583984,95.16961739737556,94.80844309489991,95.05184173583984,5173200
2017-05-16,95.09112301171992,95.70354939680222,95.09112301171992,95.40518951416016,6722700
2017-05-17,96.28455698911654,96.99905834626496,96.09611950637216,96.79491424560548,11236400
2017-05-18,97.16396679933727,97.31314975617435,96.72427723011778,96.90486145019533,8350500
2017-05-19,96.8577623536775,97.18752956051448,96.58295634798002,97.132568359375,11277400
2017-05-22,96.89701546932784,97.01478518391066,96.77923976442383,96.86560821533205,4062900
2017-05-23,96.97552233489952,97.06189077843848,96.16680508205346,96.2139129638672,7901300
2017-05-24,96.4180253992188,96.77919968511526,96.21388132794908,96.75564575195312,7355200
2017-05-25,96.5907880293754,96.79493216783352,96.38664988123791,96.78707885742188,6464800
2017-05-26,97.0069188887988,97.15609582819874,96.77136752506416,96.95195770263672,2963800
2017-05-30,97.38380032339036,97.47016876311748,97.15610225413882,97.430908203125,4819400
2017-05-31,97.39948762359003,97.87058429845226,97.38378100658042,97.6742935180664,8000200
2017-06-01,97.33044135915884,97.71599068894602,97.29897357996126,97.68451690673828,9037300
2017-06-02,98.52644699217343,98.9591981046088,98.39268788485772,98.84117889404295,13245000
2017-06-05,98.27466119629506,98.47923782989156,98.18023982624784,98.22744750976562,6775500
2017-06-06,98.89625442633428,99.03788347901714,98.66807395240016,98.76248931884766,12841500
2017-06-07,98.5421590208855,98.76246950240706,98.18808946172732,98.29037475585938,12852400
2017-06-08,98.25892694843384,98.25892694843384,97.8025719745,98.03074645996094,8758600
2017-06-09,97.6294489358004,98.07006992422804,97.55076747401132,97.88123321533205,5130500
2017-06-12,97.7317596262226,98.34548359183624,97.67668198836014,97.84978485107422,4335800
2017-06-13,97.57437937084424,97.97565666001314,97.55863947538002,97.8655014038086,4742600
2017-06-14,99.07723790974792,99.698831856657,98.92774488667744,99.37623596191406,20212300
2017-06-15,99.21097923400713,99.39982197086104,99.00640860693268,99.2188491821289,5863700
2017-06-16,99.20312489495532,99.48638302465318,99.14804725879252,99.41556549072266,6672500
2017-06-19,99.39198154366422,99.5178767389596,99.16380100445132,99.27395629882812,5641300
2017-06-20,99.76174167023942,100.24170635885176,99.76174167023942,100.16302490234376,8405700
2017-06-21,100.01355272484764,100.43056995876144,99.85618976967666,100.36762237548828,5914800
2017-06-22,100.48564345562455,100.61153861698683,100.17091155523056,100.58792877197266,6608100
2017-06-23,100.29682654719552,100.63516235648753,100.24174890396256,100.54074096679688,4329900
2017-06-26,100.926287207535,101.16233767261906,100.83973577053838,100.9184112548828,5541600
2017-06-27,100.2653489639992,100.3125566555552,99.62802111594227,99.84046173095705,8354200
2017-06-28,99.66737276143888,99.69884656120436,99.12446622377152,99.510009765625,7357900
2017-06-29,98.36123239504153,98.91987877336874,98.27468095584872,98.67596435546876,9115800
2017-06-30,98.50283916601816,98.66020210908236,98.23531495919522,98.44776153564452,10189800
2017-07-03,98.55657874064234,98.58811756768928,97.78389251653256,98.1308135986328,11021100
2017-07-05,97.9258127406303,98.28062002794807,97.8627411029122,98.15446472167967,11394500
2017-07-06,97.38968194949598,97.48429844593632,96.92449771001957,97.34237670898438,10853100
2017-07-07,96.85352923874156,97.00333718047702,96.65641605873884,96.75891876220705,9401800
2017-07-10,96.87713474735271,97.05847540487736,96.7273268877696,96.90078735351562,3859200
2017-07-11,96.86930070134612,97.23987443854384,96.75103159143372,97.06641387939452,4425600
2017-07-12,97.68138845571376,97.79965754434492,97.3660062245026,97.73657989501952,7839900
2017-07-13,97.45273064723588,97.49215567955504,96.82985243216795,97.12158203125,7449300
2017-07-14,97.84694335838311,97.8942545936973,97.07426336142107,97.23983764648438,6566800
2017-07-17,97.23987878238069,97.76025446765765,97.19256752705218,97.50794982910156,4737300
2017-07-18,98.10716955911208,98.37524058932266,97.9494814255078,98.3594741821289,9163000
2017-07-19,98.38309995718129,98.56444667522146,98.23329206034003,98.39887237548828,5140900
2017-07-20,98.94291641819537,99.13214937583568,98.5329237074734,98.68273162841795,12239100
2017-07-21,99.132117124118,99.36864922109082,99.0059618600679,99.10057830810548,6201500
2017-07-24,98.91137706761744,99.07695740852904,98.68273110532544,98.71426391601562,5378500
2017-07-25,97.87848717729344,97.91791220616705,97.35022547671063,97.42906951904295,9743300
2017-07-26,97.19253523189548,97.83906602932964,97.04273335014648,97.58676147460938,8459500
2017-07-27,97.06642517336292,97.279304783641,96.8377731383724,97.10585021972656,6390800
2017-07-28,97.19254609383428,97.7602329092516,97.1846658991982,97.68138885498048,5491800
2017-07-31,97.34234819058317,97.80753830918994,97.2950429639306,97.79965209960938,5464600
2017-08-01,97.33266341891706,98.54161662437018,97.31686274896848,98.4863052368164,9676800
2017-08-02,98.58904165246172,98.90510936230338,98.5179295827047,98.54163360595705,5745600
2017-08-03,98.99989596577656,99.57671375294024,98.97619195102848,99.5609130859375,10324500
2017-08-04,98.88932982753089,98.91303385585005,98.32831238617558,98.71549224853516,8485500
2017-08-07,98.64434707025806,98.84979197347567,98.46261221734576,98.82608795166016,4684600
2017-08-08,98.66803100277905,98.75494974542148,98.09911051584233,98.47048950195312,6197400
2017-08-09,99.5056379647378,99.5214386374977,98.92881393891356,99.0078353881836,9221800
2017-08-10,99.2606849530552,99.90862102684868,99.18166350649088,99.85330963134766,10378200
2017-08-11,99.37922884180708,99.92444560539278,99.20539729185138,99.90074157714844,5717800
2017-08-14,99.5530343925449,99.78218330600532,99.34759552819236,99.38710021972656,5111000
2017-08-15,98.55743135896532,99.19746404262992,98.54162465923878,98.96831512451172,7473200
2017-08-16,98.63645063580395,99.5767443377196,98.62064393545826,99.33179473876952,5283800
2017-08-17,99.32388533403774,100.09825083454864,99.17375786084388,100.07454681396484,9364700
2017-08-18,100.33531023878184,100.46963705064375,99.76638959031972,100.05084991455078,8382500
2017-08-21,100.16935452604709,100.3668960523912,99.95601233013056,100.29578399658205,7669800
2017-08-22,100.18515677241088,100.20095744128118,99.77426703991904,99.90859985351562,6140700
2017-08-23,100.38268991651634,100.59603208515703,100.1614443998554,100.588134765625,7446400
2017-08-24,100.25629394192252,100.59606567839816,100.12987047382168,100.21678924560548,5569400
2017-08-25,100.36692869795372,100.70670047492008,100.2484085663883,100.6039810180664,7303300
2017-08-28,100.28791086621013,100.65929001219894,100.1377833603248,100.54076385498048,4448500
2017-08-29,101.50474661301465,101.552154651814,100.5960483271062,100.86470794677734,7659400
2017-08-30,100.71458848202528,100.93583406522716,100.61976636272875,100.83311462402344,4735200
2017-08-31,100.85681248369792,101.1649768169682,100.80150109127734,101.13336944580078,7978400
2017-09-01,100.80321989370844,100.82697273012346,100.1064438482818,100.3598175048828,14128600
2017-09-05,101.10408145513192,101.98297244094522,101.10408145513192,101.9512939453125,15215700
2017-09-06,101.91958934053218,102.14129039966174,101.14362959267794,101.32574462890624,9066400
2017-09-07,101.61082074222332,102.59264863973353,101.61082074222332,102.36302185058594,13618900
2017-09-08,102.22840173536814,102.2679938044482,101.80083880199176,102.14130401611328,9808500
2017-09-11,101.2465817218776,101.389104715672,100.7635874674022,100.92194366455078,17856700
2017-09-12,100.59734745447813,100.62901387245776,100.18561152989687,100.3914794921875,7557400
2017-09-13,100.4864659633414,100.49437954495048,99.9876324404772,99.99555206298828,6740000
2017-09-14,100.05893313053868,100.4231573659821,100.0272606699474,100.40731811523438,6674500
2017-09-15,100.55773471814722,100.56565434146752,100.19351057714728,100.44688415527344,9769200
2017-09-18,100.16186986041892,100.21729515941696,99.63928329194778,99.86890411376952,6863000
2017-09-19,99.98768315081058,100.01143598948843,99.55220034627104,99.62345886230467,5554900
2017-09-20,99.74220781565748,99.80555273255328,99.23546056229856,99.6947021484375,8037000
2017-09-21,99.89261603038864,100.20932842382696,99.62340324688408,99.63923645019533,6147800
2017-09-22,100.1618262328576,100.34394130218688,99.81343533895904,99.92428588867188,5660700
2017-09-25,100.01929716795644,100.77149814408406,99.92427982786496,100.54979705810548,9679000
2017-09-26,100.37562751126192,100.4706448758609,100.10642070625276,100.36771392822266,7251900
2017-09-27,98.87124696622008,99.21171837995796,98.66537898465882,98.85540771484376,12145700
2017-09-28,98.34863615153132,98.69702710503434,98.1586074682128,98.56242370605467,8883700
2017-09-29,98.78411865234376,98.99790015256596,98.39613564538482,98.78411865234376,11285500
2017-10-02,99.02367852764854,99.1744255915482,98.57144338907617,98.60317993164062,7860700
2017-10-03,98.31757749752929,98.78568403105524,98.31757749752929,98.69841003417967,6219800
2017-10-04,98.8015558345202,98.84915763483691,98.28584746961876,98.70635223388672,7447000
2017-10-05,98.59528155834136,98.61908851411027,98.1351166499996,98.33346557617188,8180300
2017-10-06,97.8177329651764,98.46038139003328,97.61144843809952,98.05574798583984,10375000
2017-10-09,98.20652108182124,98.42867091453316,98.09544616546528,98.36520385742188,3590900
2017-10-10,98.49216633075876,99.07134799989538,98.3969566438358,98.5239028930664,6666800
2017-10-11,98.83331264129912,98.9047214095374,98.587361885085,98.71430206298828,4385900
2017-10-12,98.81746550127092,99.15862599329104,98.57150864684584,99.13481903076172,7141600
2017-10-13,99.6346322624955,99.92025519531649,99.3093371238993,99.84884643554688,7746900
2017-10-16,99.59498210772368,99.88854075732132,99.47597151717704,99.7774658203125,5737300
2017-10-17,99.483897258474,100.03927188818248,99.483897258474,99.9043960571289,4969600
2017-10-18,99.2141343670259,99.31727362854689,98.92057577990325,99.24586486816406,5943800
2017-10-19,99.76157819440236,99.97579843297048,99.38868122981484,99.42041778564452,8966500
2017-10-20,98.38106910841744,98.60321894112936,98.09544616546528,98.36520385742188,12326900
2017-10-23,98.50798813469808,98.7698040491863,98.39690719587824,98.53971862792967,6871100
2017-10-24,97.88125407913545,98.13514052427618,97.70670601313924,97.9288558959961,6842800
2017-10-25,97.2147883697741,97.57182011886586,97.12751434576032,97.4607391357422,9961400
2017-10-26,97.63528179851666,97.63528179851666,97.13544464111328,97.13544464111328,8179400
2017-10-27,97.5400839461844,97.84950783141166,97.38933680353992,97.7780990600586,10480900
2017-10-30,98.27000236063256,98.74603862074646,98.0319812040109,98.71430206298828,9051600
2017-10-31,98.80157017431658,98.90471549414404,98.69843090761822,98.74603271484376,4424300
2017-11-01,98.86766795082232,99.49577851902194,98.82791780303036,99.18569946289062,8940400
2017-11-02,99.38446831889432,99.79790503808444,99.32086080334304,99.62299346923828,7222700
2017-11-03,99.7581719908028,99.94103604692592,99.49579549363732,99.8933334350586,10984100
2017-11-06,100.1238844205526,100.35445710440672,99.95691924933678,100.26699829101562,6246700
2017-11-07,100.36241473548478,100.79970275904412,100.28290230761344,100.68839263916016,6422700
2017-11-08,100.64860034944792,100.81557153537244,100.34647385604738,100.46573638916016,3356200
2017-11-09,100.0761772582422,100.37035137538184,99.82175328523024,100.17953491210938,6280400
2017-11-10,99.1538962297654,99.25725389370724,98.55758941621188,98.6688995361328,11981000
2017-11-13,99.22545324224404,99.23339963203952,98.83586176819392,98.87561798095705,5880800
2017-11-14,99.2015971096336,99.57528367685062,99.2015971096336,99.5434799194336,6195900
2017-11-15,100.22726369493608,100.71226046799534,99.89333328048636,100.6248016357422,9568200
2017-11-16,100.18750775907849,100.44193178387488,99.74226116622432,99.75021362304688,5894900
2017-11-17,100.23523046520738,100.52941076715224,100.14777162046563,100.48965454101562,6938800
2017-11-20,100.10801330995122,100.48169390184904,100.10801330995122,100.44989013671876,4232300
2017-11-21,101.046158557134,101.20517732215389,100.42600053842057,100.76788330078124,5818400
2017-11-22,100.6724905357885,101.13362984640996,100.58503172071714,101.09387969970705,4140700
2017-11-24,100.91899337377627,100.9984997577907,100.728176838952,100.81563568115234,3141400
2017-11-27,100.86330181737084,101.01436813852322,100.5134665751005,100.6724853515625,6079900
2017-11-28,100.79182670440896,101.11781092113064,100.55330743783446,100.80773162841795,5983000
2017-11-29,99.82968057970209,99.92509182606166,99.4639465675743,99.81378173828124,14547100
2017-11-30,99.63098740207371,99.79795266060994,98.93927505470222,99.47992706298828,9630000
2017-12-01,100.28057833196785,101.73057132456697,99.66711625144391,100.82233428955078,24583100
2017-12-04,100.32041538899465,100.91794010814844,100.23277794391856,100.8701400756836,9609200
2017-12-05,100.75862178796174,101.57922158588636,100.7426843885502,101.37207794189452,10958900
2017-12-06,101.87397006909504,102.1607763049546,101.7066638988707,101.72259521484376,11834200
2017-12-07,101.92178550277949,102.0572290615326,100.62316727377392,100.92591094970705,13056800
2017-12-08,100.85417072004488,100.973676841673,100.57532715513518,100.93384552001952,4786100
2017-12-11,101.06933438273806,101.25257192791706,100.71082191376216,100.72675323486328,3863800
2017-12-12,100.51955300096994,100.71076521655802,100.12120333599502,100.68685913085938,7502400
2017-12-13,101.0294461350856,101.49153323292435,100.85417129946856,101.44373321533205,8532900
2017-12-14,101.22063876470833,101.9615692856066,101.01349526469032,101.87393188476562,6885000
2017-12-15,101.82617645959206,102.44760119049027,101.62700155464594,102.25640106201172,7239400
2017-12-18,101.95365031985096,101.97755033567717,101.10915067620104,101.32425689697266,7239700
2017-12-19,100.6390673236556,100.68686734228416,99.64319308000071,100.00967407226562,11045800
2017-12-20,99.03771254115824,99.35639355567072,98.75090023593044,98.90227508544922,10005800
2017-12-21,99.02360466016472,99.68626509711127,98.99965410553584,99.47868347167967,7026900
2017-12-22,99.55859236683908,99.67036576304372,99.42286839876104,99.6144790649414,3974300
2017-12-26,99.78212794144385,100.22123589573576,99.77414238847352,99.9098663330078,3168400
2017-12-27,100.36493400454114,101.37888592498764,100.35694845247698,101.21121978759766,9059700
2017-12-28,101.01961155084366,101.25912938886644,100.89187317077206,101.12340545654295,5297100
2017-12-29,100.99565447467054,101.49065513211832,100.97968946238764,101.28307342529295,7580500
2018-01-02,100.98767759664024,101.00364870148616,99.8539728002522,100.18929290771484,16238200
2018-01-03,100.59648325381433,100.75615777488304,100.18930530653878,100.6683349609375,8605100
2018-01-04,100.31703129228644,100.72420916445564,100.0934845675477,100.65235137939452,9217900
2018-01-05,100.49267366136318,100.74017094277902,100.08549580226682,100.36492919921876,10915400
2018-01-08,100.58852076134178,100.62045689111572,99.93384532896098,100.30110168457033,8850600
2018-01-09,99.6463891384546,99.66236024299002,98.84800446504993,98.95977783203124,16226400
2018-01-10,98.04959135479932,98.94378412250316,97.92983856147328,98.83999633789062,14302600
2018-01-11,98.60845800605917,99.47070852050518,98.44877747287325,99.24716186523438,12511000
2018-01-12,99.07952825544568,99.63041558203894,98.92783932251608,99.41484832763672,9987100
2018-01-16,99.93382017587952,100.02164298785458,99.44680497899688,99.8300323486328,9125900
2018-01-17,99.86193491672805,100.30902828841946,99.47870767585655,99.69427490234376,8327000
2018-01-18,98.94379590229948,99.21524372107572,98.63242642020172,98.76815032958984,10843900
2018-01-19,98.52067577427532,98.64841416219556,98.1853556533937,98.2492218017578,11374300
2018-01-22,98.56058529013286,98.76816701031956,98.19332907207432,98.34502410888672,8984700
2018-01-23,98.84798756504225,99.15935704713998,98.39290862265392,98.76815032958984,12325700
2018-01-24,98.0815432027392,98.30508990774064,97.83404593522918,98.23323822021484,9038900
2018-01-25,98.32905001149568,99.11944905796643,98.04163106892612,99.03961181640624,12173300
2018-01-26,98.90388793055256,98.92784458657624,98.28114888014936,98.67235565185548,6462900
2018-01-29,98.17735125231157,98.17735125231157,97.64243505390564,97.9857406616211,12223000
2018-01-30,97.62648802513064,97.6983458213532,97.16342339985032,97.41092681884766,12064400
2018-01-31,98.09751401378976,98.14541513866467,97.35501612227452,97.9857406616211,18045100
2018-02-01,97.98970072980944,98.02969939359916,96.50960978056668,96.56561279296876,18632800
2018-02-02,96.1256738841535,96.21367956591318,95.3976279903008,95.66964721679688,23944400
2018-02-05,95.34160389406408,97.46172976199291,94.9175799412532,96.57367706298828,28606200
2018-02-06,96.34166899979212,96.7016938521945,95.7816384789994,95.97364807128906,10935400
2018-02-07,96.10962095083867,96.26963397493414,94.85354770508496,95.06156158447266,16271100
2018-02-08,94.41354836120188,95.34960188807766,94.28553791109536,94.95758056640624,15155100
2018-02-09,94.49356574945342,95.2776085082025,94.23755091543076,94.35755920410156,15661600
2018-02-12,94.85360122253536,95.44564058991456,94.55758764272196,94.77359771728516,10944600
2018-02-13,94.89357801720035,95.21359804761656,94.71756669527775,95.19759368896484,8157600
2018-02-14,94.77356310579948,94.8375683281753,93.9815183164891,94.14152526855467,12043300
2018-02-15,94.55754041344576,95.04556948675202,94.3975273789919,94.46153259277344,8222400
2018-02-16,95.23757343199595,95.37357992539076,94.6775370001018,94.97355651855467,8454100
2018-02-20,94.62953454631568,94.81354799605649,94.22951114623562,94.55753326416016,8268800
2018-02-21,94.59752339998302,94.63752817792778,93.21344597885265,93.39745330810548,12054300
2018-02-22,93.7975061314232,94.13353050162824,93.60549656550177,93.67749786376952,9317900
2018-02-23,94.30953263428306,94.65355306827192,94.18152829580112,94.5095443725586,9072900
2018-02-26,94.94959067407788,95.1336041939494,94.43756101514192,94.54156494140624,8771600
2018-02-27,94.8215468701876,94.93355904108158,93.81349226699746,94.40552520751952,12525700
2018-02-28,94.78153446821597,95.06955177139,94.60552321584602,95.00554656982422,9311600
2018-03-01,94.94062139450293,95.89459902649612,94.71615750842976,95.6540985107422,12287700
2018-03-02,95.277340834918,95.34147513717024,94.69213214637168,94.8765106201172,10064300
2018-03-05,95.1971686723858,95.23725413724746,94.29930685866027,94.6199722290039,5658200
2018-03-06,94.8845037384712,95.14103476316946,94.69210699899304,94.70813751220705,5452000
2018-03-07,95.05289372215736,95.14107687432087,94.56388028422673,94.60396575927734,4461800
2018-03-08,94.84445109643008,95.38958047704612,94.804371741437,95.14908599853516,7086700
2018-03-09,94.5878861028262,94.81234998217673,94.26722079681883,94.52375793457033,6570400
2018-03-12,94.84445235806434,95.12503842766915,94.74825701185404,95.06891632080078,5801300
2018-03-13,94.844423665732,95.69418770268622,94.74822834862267,95.54988861083984,7455300
2018-03-14,95.71819491201845,96.51985482565983,95.69414609319796,96.39158630371094,10175000
2018-03-15,96.33547035440324,96.59200128212127,96.14307368765962,96.39158630371094,6757900
2018-03-16,96.03889331931984,96.2072412254723,95.83847827158851,96.04690551757812,6084300
2018-03-19,95.56591282807828,96.17517629974972,95.55789451345336,95.74227905273438,8491200
2018-03-20,95.32546764383726,95.57398047985876,95.26133332609456,95.35752868652344,5446000
2018-03-21,95.12499701254318,95.73425432723349,94.68408148042896,95.4616928100586,9742400
2018-03-22,96.4477636776714,96.85661220654208,95.93470149548158,96.40768432617188,12136600
2018-03-23,95.94269844606052,96.44774219900502,95.89460078849883,96.33551025390624,7250400
2018-03-26,96.19923331308132,96.55997799153236,95.93468395358654,95.9667510986328,8237900
2018-03-27,96.06293630223414,97.09707861955496,96.0468996743294,96.99285888671876,9168500
2018-03-28,97.3616444933666,97.51396191302824,96.96081432893747,97.2494125366211,7412500
2018-03-29,97.43380624521878,98.03505154827504,97.40975741168587,97.72240447998048,9694300
2018-04-02,97.48943492319466,98.30084438978255,97.33679802913396,97.91522216796876,12036500
2018-04-03,97.49744972149637,97.5938567888372,97.07166256693908,97.1600341796875,9855000
2018-04-04,97.48938322950312,97.57775481411691,96.88685304127472,96.95915985107422,6654300
2018-04-05,96.48515068215085,96.62172269842702,96.22003597108312,96.2361068725586,7603700
2018-04-06,96.93509388461592,97.32874536386478,96.58160742122568,97.28857421875,8831200
2018-04-09,96.91899682735831,97.44922637939452,96.68601773291098,97.44922637939452,6307500
2018-04-10,97.36890765263276,97.51351519003715,97.03149210844116,97.2725067138672,6046000
2018-04-11,97.8910945846124,97.9232302715586,97.42513631777598,97.61795043945312,5901300
2018-04-12,97.24037729691328,97.26447753315922,96.73425394797891,96.90296173095705,6622800
2018-04-13,96.82260558042104,97.31266407813906,96.80654080164172,97.12789154052734,4964000
2018-04-16,96.589639488747,97.18413441420871,96.549468345041,97.1600341796875,4491300
2018-04-17,97.14397598467367,97.67420573056046,97.0636398160033,97.42515563964844,5590400
2018-04-18,97.441220089667,97.48138510671048,96.62981074260954,96.64588165283205,8138400
2018-04-19,95.93890244227866,96.02727405496434,95.44884390984213,95.85856628417967,9875800
2018-04-20,95.51310691068112,95.70591489905893,95.14355571243394,95.16765594482422,7579400
2018-04-23,95.0632205849311,95.2961997159715,94.86237714050893,95.19175720214844,7073200
2018-04-24,94.9668211147912,95.15962912065407,94.60530533764124,94.75794219970705,8190800
2018-04-25,94.3241115577619,94.51691953467817,93.94652492807856,94.1232681274414,6603800
2018-04-26,94.58120762060624,94.90255226251256,94.46872964083164,94.78205108642578,6528600
2018-04-27,95.17570699133998,95.56132303127102,95.15160675500134,95.51312255859376,5401800
2018-04-30,95.66573606609786,96.05135198713852,95.55326424502312,95.68180084228516,8321100
2018-05-01,95.62707342991564,95.68343333684687,95.19230051517128,95.33722686767578,7979200
2018-05-02,95.52241192470218,95.70759799616292,95.21645900529909,95.23255920410156,4644000
2018-05-03,95.68343986896156,96.06185904537774,95.55461984836838,95.65928649902344,6345300
2018-05-04,95.99745372584296,95.99745372584296,95.40164192439376,95.80421447753906,4283500
2018-05-07,95.78805719426772,95.82831073993174,95.60287122736202,95.65118408203124,3647800
2018-05-08,95.44996327201406,95.81227614486556,95.24867697759208,95.56268310546876,6091200
2018-05-09,95.10375530045172,95.3452951800342,94.99103546142578,94.99103546142578,7832500
2018-05-10,95.4499750456876,95.79618776050928,95.28894230462464,95.75592803955078,7101500
2018-05-11,96.0699042566429,96.1021107948152,95.66733174364276,95.99744415283205,4273400
2018-05-14,95.6512365567192,95.80420994258996,95.48215068676468,95.49020385742188,4996200
2018-05-15,94.65285228288124,94.66895862420137,93.96042703258108,94.40325927734376,12901000
2018-05-16,94.54007928496544,94.62864568409849,94.03284038855745,94.0408935546875,6518000
2018-05-17,93.90407746046462,94.05705700599889,93.4692983385015,93.56591796875,7330300
2018-05-18,93.80744132743598,94.435453415521,93.80744132743598,94.37104034423828,9606500
2018-05-21,94.3066222436664,94.50790847361404,94.16169591239338,94.41934204101562,4448500
2018-05-22,94.43546965658489,94.48377639697044,94.0812038463717,94.2744369506836,4700700
2018-05-23,94.80580652285404,95.09565916160646,94.7333464345498,94.9587860107422,9634000
2018-05-24,95.56269430001258,95.8605941192812,95.52243457930392,95.71566772460938,8204100
2018-05-25,96.2631495175905,96.48858917053954,96.19068940461538,96.31146240234376,8482800
2018-05-29,97.25346355360092,98.64636093882214,96.963610867346,98.4209213256836,21668100
2018-05-30,97.42255982213244,97.80903218374968,97.21322037030768,97.7607192993164,11616300
2018-05-31,97.87343969304798,98.21160531496427,97.38230067405296,97.59969329833984,10769900
2018-06-01,96.97907602198951,97.41486524256725,96.72083124205916,97.08399200439452,8718800
2018-06-04,96.9306219244094,96.95483140171724,96.33343224167342,96.38185119628906,7156500
2018-06-05,96.80963362826655,96.97104051416818,96.5352511577985,96.60787963867188,5635900
2018-06-06,96.09943126493104,96.11556886987177,95.5667979462696,95.82504272460938,7813300
2018-06-07,95.78473417080453,97.23735932450984,95.77666228656602,96.7531509399414,13238300
2018-06-08,96.4867720411174,96.7208072769787,96.38993412078838,96.46256256103516,6790600
2018-06-11,96.09139022001234,96.3496350812238,95.98648036162878,96.28507232666016,6844200
2018-06-12,95.97838424853916,96.40610161472163,95.94610287940668,96.30925750732422,6048200
2018-06-13,96.39806313577655,96.55139815302708,95.73631023186286,96.26087188720705,8834700
2018-06-14,96.6643403339613,97.0839919492606,96.42223931624976,97.05977630615234,10078800
2018-06-15,97.51169739998168,97.721517025009,97.0839801128346,97.1485366821289,7992800
2018-06-18,97.229255022704,97.29381159986902,96.87416614161094,97.05977630615234,4893700
2018-06-19,97.62469482421876,97.8345206400988,97.406797126986,97.62469482421876,6133300
2018-06-20,97.4633151732952,97.4794589405045,96.76121522577036,96.769287109375,6879100
2018-06-21,97.13238588977303,97.44712144161755,97.01940421254882,97.27764892578124,7235800
2018-06-22,96.91451864302918,97.3422421632425,96.89030915561064,97.26960754394533,4082500
2018-06-25,97.37449847999416,97.73765301192437,97.35835472117417,97.48748016357422,8363700
2018-06-26,97.463287982372,97.67311379825205,97.37452191565812,97.62469482421876,5450000
2018-06-27,98.2541668327585,98.60118384896283,98.09276614677384,98.54469299316406,8173400
2018-06-28,98.56082155194645,98.65766564887272,98.31872054519216,98.5688934326172,7109500
2018-06-29,98.59310454582112,98.8594211989858,98.17345909962552,98.22994995117188,11164700
2018-07-02,98.46857030533522,98.47666046528178,98.10459333053062,98.1531219482422,9662000
2018-07-03,98.29870626051742,98.7031278323428,98.29870626051742,98.67886352539062,3808800
2018-07-05,98.72737935826768,99.10753657392658,98.6869409089103,98.96194458007812,3860400
2018-07-06,99.28547668457033,99.42297851136657,99.06709179324582,99.28547668457033,4679900
2018-07-09,98.7354881373198,98.84872569044852,98.59798627580405,98.64651489257812,5952700
2018-07-10,98.57370971825534,98.78400447880014,98.52517493652856,98.63841247558594,5759700
2018-07-11,99.04284951424562,99.12373877278264,98.7516654622676,99.01858520507812,6869100
2018-07-12,98.81636362334478,99.05901903052272,98.79209931682364,99.01049041748048,4824700
2018-07-13,99.17223436259472,99.3825352569807,99.05899684353656,99.2612075805664,4079000
2018-07-16,98.84870910644533,98.91341803194364,98.3876688114896,98.84870910644533,5517100
2018-07-17,98.91342095958878,98.99430403336429,98.59797265217628,98.66268157958984,3764300
2018-07-18,98.69502033716994,98.7112006529516,98.1854514677302,98.2663345336914,6330000
2018-07-19,98.51711586898892,99.04285907432262,98.4928453864947,98.8891830444336,6166700
2018-07-20,98.33913143187364,98.34721541860284,97.62734565684264,97.6758804321289,10469500
2018-07-23,97.36850395933106,97.36850395933106,96.39789496886786,96.47068786621094,11571800
2018-07-24,96.4787915844634,96.91556754286177,96.36555405869149,96.80233001708984,9053500
2018-07-25,97.0773599277288,97.2714867423946,96.4626435275724,96.64867401123048,7357900
2018-07-26,96.82658518289767,96.96408699821976,96.38172527962358,96.46260833740234,6821100
2018-07-27,96.9398455973725,96.95602591533944,96.57586866589756,96.62439727783205,4542000
2018-07-30,96.24422035395703,96.58393908100196,96.22804621027964,96.29275512695312,7111200
2018-07-31,96.89130341218276,96.94792217516914,96.70526680752334,96.8185043334961,6797400
2018-08-01,95.89198349082837,96.33783818313624,95.71363913999272,96.02979278564452,13312600
2018-08-02,96.15946996063788,96.25674416902976,95.90006176362748,96.16757202148438,4451100
2018-08-03,96.32971282484492,96.70261174787905,96.3134963324462,96.64586639404295,6162400
2018-08-06,96.90524611492224,97.14843776637628,96.68636682535796,96.70258331298828,4200200
2018-08-07,96.4918701999969,96.54861557121664,96.11897116272684,96.20003509521484,5346900
2018-08-08,96.19191214582396,96.4918492493844,96.15137709599026,96.29729461669922,5640900
2018-08-09,96.65394745325288,97.14033694714664,96.5647753244816,97.10791015625,7144100
2018-08-10,97.578112253692,98.12935545878425,97.50515041085217,97.81320190429688,8457900
2018-08-13,97.48081224124626,97.84560282769723,97.4483854492629,97.61051940917967,7923200
2018-08-14,97.71589378839994,97.73210409066608,97.3024599556702,97.39163208007812,4251200
2018-08-15,97.8131875212528,98.19418843195383,97.7402256891417,97.95909881591795,7649800
2018-08-16,97.93476465346248,98.0320450191754,97.50512052825762,97.95098114013672,5400400
2018-08-17,98.1617825479556,98.4049804604256,97.88616401961748,98.07261657714844,3537600
2018-08-20,98.6075957435549,98.82647499611537,98.52653187344158,98.72919464111328,5603700
2018-08-21,98.38874089737492,98.51844187662148,98.14554305721788,98.39684295654295,4695000
2018-08-22,98.89948620229076,98.94002125251532,98.55901404561376,98.78599548339844,5309600
2018-08-23,98.89946739888848,99.00484985074384,98.72112310745698,98.94000244140624,5328700
2018-08-24,98.59140191938528,99.16696353358373,98.48601330432696,99.13453674316406,6092200
2018-08-27,98.72112626966856,98.7940881115818,98.5103551744273,98.56710052490234,6407400
2018-08-28,98.0888095985686,98.16176524858447,97.8294014238809,97.9753189086914,4929300
2018-08-29,98.0401940845406,98.2104301568381,97.78078585273774,98.10504150390624,5613300
2018-08-30,98.34009918709644,98.46169810911458,98.15365286680964,98.31578063964844,5302900
2018-08-31,98.81026993509698,98.83458848046486,97.99961877068743,98.08879089355467,9677500
2018-09-04,97.46484768144671,97.57859409101422,97.29422806709545,97.52172088623048,18343600
2018-09-05,97.30236801808825,97.41611444336289,97.13174838017626,97.2617416381836,9422600
2018-09-06,97.30232062832506,97.82230580453329,97.24544744338704,97.6191864013672,9566000
2018-09-07,96.95295792585176,97.009831112502,96.67671230589868,96.79045867919922,11212600
2018-09-10,96.82297213726788,97.17233781828456,96.82297213726788,97.14796447753906,6386400
2018-09-11,96.74985428783197,96.8229743117106,96.35986223100548,96.40861511230467,5440000
2018-09-12,96.72549672235274,96.82299010342534,96.60362379729754,96.63612365722656,3347200
2018-09-13,96.96108852502276,97.14796112881898,96.66860224744543,96.7823486328125,4833000
2018-09-14,96.2054827494104,96.611721579636,96.11610971086375,96.31922912597656,5579500
2018-09-17,96.01861016007308,96.53859536686484,95.96986348403404,96.31922912597656,5433000
2018-09-18,95.92110288621748,95.92922939780723,95.18987800965589,95.3117446899414,10182300
2018-09-19,95.14926559043258,95.14926559043258,94.4017875811809,94.74302673339844,13379600
2018-09-20,94.71862788279046,95.3036126711572,94.62925486241711,95.1817398071289,8657300
2018-09-21,94.95425454336988,95.28736711919991,94.92987500968412,95.14112091064452,6173800
2018-09-24,94.84863177320922,95.2792439025365,94.8323849489021,94.89738464355467,5505500
2018-09-25,94.63738795058808,94.84862765096013,94.57238825876048,94.79988098144533,6650900
2018-09-26,95.00304383743912,95.5311557274272,94.78367752554092,95.46615600585938,9512700
2018-09-27,95.25485947076548,95.58797821802192,95.14111311772945,95.5311050415039,5758500
2018-09-28,95.75051262377242,95.79926550951151,95.23865381386685,95.2792739868164,12807700
2018-10-01,94.9950625369468,95.13349032867652,94.55534524627105,94.57977294921876,22442400
2018-10-02,95.00324946605912,95.37782226508352,94.94624939256718,95.15796661376952,8266900
2018-10-03,94.67753294484643,94.75082230430148,93.0245245862508,93.50495910644533,20829200
2018-10-04,92.93492457864008,93.14664173891664,92.59292423610586,92.84535217285156,16207400
2018-10-05,92.33237890959794,92.60109620627148,91.70537809656842,92.04737854003906,18096500
2018-10-08,92.00666427816644,92.10438135601385,91.72166390012276,91.73795318603516,5855900
2018-10-09,92.12879472241016,92.70694003140214,92.07179465567972,92.66622924804688,11530800
2018-10-10,92.12879513625896,92.48708482162624,91.84379480132652,92.4137954711914,15290100
2018-10-11,92.82907147939515,93.76550633770417,92.65807130375374,93.53750610351562,16086800
2018-10-12,93.14663966684314,93.65150174164404,93.0570672630472,93.21178436279295,6794100
2018-10-15,93.36653859673082,93.4968218279072,93.06524891753764,93.17110443115234,7146300
2018-10-16,93.14668278606048,93.41540012184228,92.95939946418322,93.38282775878906,4762300
2018-10-17,93.36651316445052,93.47236864923106,92.81279560455822,92.8290786743164,5880700
2018-10-18,92.51963028812982,93.14663084276366,92.46263023770857,92.7964859008789,5728800
2018-10-19,92.70691850298384,92.78834626332656,92.348635114968,92.5929183959961,10892400
2018-10-22,92.7883367416824,92.89419841055062,92.44633645581412,92.47076416015624,3244200
2018-10-23,93.44791516570524,93.65962607687716,92.69876370008257,92.76390838623048,10330700
2018-10-24,93.1222101818543,93.49678285760722,93.0244931397944,93.4642105102539,16008000
2018-10-25,93.26876156766366,93.43161705509829,93.0163336983784,93.07333374023438,12613200
2018-10-26,93.58639084351952,93.90396358528804,93.47239069070734,93.63524627685548,18582500
2018-10-29,93.5130891610206,93.65966165426056,93.0408055383954,93.42352294921876,7679900
2018-10-30,93.04074780017416,93.26874793427056,92.84531378877344,92.95932006835938,9939500
2018-10-31,92.61732843727644,92.79647320338474,92.1857557984912,92.48704528808594,8706400
2018-11-01,92.11564059366852,92.69518885571053,92.10747618783218,92.57275390625,6100200
2018-11-02,92.37691330151884,92.45038055270923,91.34025719399972,91.42188262939452,11314800
2018-11-05,91.81361147354129,92.00134918458878,91.7074928974035,91.7809600830078,4760200
2018-11-06,91.9115918422193,92.01771045579372,91.69120266288913,91.7238540649414,3159900
2018-11-07,92.39318612263882,92.56460130135402,91.75649939380592,91.84628295898438,9313100
2018-11-08,92.205490455555,92.21365486671124,91.75654748389836,91.83817291259766,6905100
2018-11-09,92.03404507138076,92.64624492773144,92.0095580735458,92.5238037109375,6465300
2018-11-12,93.01359180784308,93.30744833016507,92.98094661880369,93.12786865234376,6840000
2018-11-13,92.81766859102336,93.07070922851562,92.62993077211604,93.07070922851562,6525800
2018-11-14,92.62995167423134,93.4788635969161,92.48302341307031,93.12786865234376,8690800
2018-11-15,93.41353633524868,93.49516173630164,92.79317207753223,93.08702850341795,7879600
2018-11-16,93.21761450641944,93.7155374772073,92.98906092526136,93.62574768066406,9236700
2018-11-19,93.38903850428169,93.88695526123048,93.38903850428169,93.88695526123048,7027200
2018-11-20,94.0665372694876,94.24611687214492,93.8134966808078,93.91960906982422,6332600
2018-11-21,93.78084287493289,93.9440936581012,93.49515089057924,93.88695526123048,4951100
2018-11-23,94.41755989403494,94.49102712932816,93.94412375251903,93.98493957519533,3027900
2018-11-26,93.75634434589088,93.91959510897532,93.6910415496101,93.77266693115234,6599000
2018-11-27,93.71555003971794,94.07470927403602,93.6747404533938,93.8788070678711,5967200
2018-11-28,93.74820737325906,93.88697118524944,93.3482385273259,93.42169952392578,7814000
2018-11-29,93.80533931254548,94.0747087367456,93.53596988834538,93.7890167236328,7295600
2018-11-30,94.12368583136818,94.2134756423924,93.85432262591456,94.1400146484375,9127800
2018-12-03,93.826666111361,94.80845642089844,93.81030564443262,94.80845642089844,9763800
2018-12-04,95.56928637273694,97.09106477098568,95.42201729413009,96.3956298828125,18100500
2018-12-06,96.98473440772337,97.5247170249718,96.64928564807462,96.69837951660156,15319400
2018-12-07,96.3875089314949,96.97658562727102,96.15024158224782,96.87841033935548,8608400
2018-12-10,97.25476068312852,97.59020331054832,96.90295134681766,97.27930450439452,8777700
2018-12-11,97.3366000657608,97.67204277783472,97.0420616520962,97.2629623413086,8071900
2018-12-12,97.0174795999291,97.13202157766132,96.7393017668154,96.8292999267578,6182200
2018-12-13,96.91929419977812,97.01747570906949,96.5265806467515,96.60021209716795,5564200
2018-12-14,96.9929475705338,97.17293767022473,96.7229530578918,96.93567657470705,8169200
2018-12-17,97.02566371251356,97.60656323844847,97.01748660070665,97.5001983642578,9726800
2018-12-18,97.64943860073306,98.23991239911804,97.5428277092538,98.08409118652344,10018800
2018-12-19,98.50235192363232,99.77351123851948,98.34653069929928,99.3798599243164,23046300
2018-12-20,100.06055984903274,100.0769591217587,98.96162087010568,99.01902770996094,18543700
2018-12-21,99.34706553719292,99.40447237477194,98.73198959589932,99.00262451171876,9945100
2018-12-24,99.33886869146085,99.57669882042306,99.15845166037442,99.49468994140624,8377500
2018-12-26,99.2240422544644,99.55208398523912,98.38754178502072,98.42854309082033,11700400
2018-12-27,99.4454553147866,99.5438634366243,98.39572696935458,98.44493103027344,12146500
2018-12-28,98.74017217753992,99.2732391357422,98.64996055737302,99.2732391357422,9879100
2018-12-31,98.94521748734934,99.69150637446786,98.78939624698214,99.65050506591795,17409000
2019-01-02,99.77351380203196,100.18356439712784,99.51107541457009,100.17536163330078,19841500
2019-01-03,100.29018862265704,101.57774741203178,100.24098454690906,101.31531524658205,21187000
2019-01-04,100.3311520724065,100.5115752912328,99.76528664421146,100.1425323486328,12970200
2019-01-07,100.56084158488412,100.58544362716958,99.74074013868932,99.84735107421876,8498100
2019-01-08,99.7981126982242,100.00313798932456,99.5520798461536,99.58488464355467,7737100
2019-01-09,99.4454979391476,99.5849136760904,99.06825204436734,99.42909240722656,9349200
2019-01-10,99.4618348962342,99.5684520162882,98.69093805775924,98.7893524169922,8222900
2019-01-11,99.09281109289589,99.45365129920071,98.96979468436892,99.17481994628906,5786900
2019-01-14,99.1502424150858,99.2404540531711,98.608972586574,98.80580139160156,6730500
2019-01-15,98.87138082427728,98.8795835867219,98.37111868202068,98.44493103027344,8997400
2019-01-16,98.07587140427329,98.73195467904436,98.01026808229524,98.5433349609375,6048400
2019-01-17,98.59254941814184,98.84677874192172,98.32191456948128,98.56794738769533,8153400
2019-01-18,98.2809120952441,98.51054565732396,97.91186910571813,98.05128479003906,14106400
2019-01-22,98.66634297217696,99.00258736388538,98.46952049674016,98.7155532836914,8881100
2019-01-23,98.31374447965224,98.92062396443129,98.27274316757357,98.67459106445312,5776800
2019-01-24,99.15846909057656,99.4455033460288,98.99444504683416,99.3224868774414,7121900
2019-01-25,98.8960058301624,99.02722503226336,98.67458124771194,98.8468017578125,6460800
2019-01-28,98.85500110311668,99.18304284014737,98.7483901977539,98.7483901977539,6435800
2019-01-29,98.84680933884157,99.2650627565213,98.7319956566356,99.2486572265625,5750100
2019-01-30,99.1010075984231,99.21582750142286,98.6827605690556,99.17481994628906,10571300
2019-01-31,99.68329948954904,100.19996097299892,99.64229192839215,100.02774047851562,11843400
2019-02-01,99.85100370036848,99.9249765717828,99.32494721814273,99.423583984375,12024600
2019-02-04,98.9961865567252,99.08660203931385,98.65096095456212,98.97974395751952,8966200
2019-02-05,99.2345412039014,99.64551833653064,99.17700465617384,99.43180847167967,6983300
2019-02-06,99.75242484504156,99.79352508925224,99.23459563147776,99.4811782836914,5184000
2019-02-07,99.83457701814208,100.20446024721524,99.64553102482807,100.13870239257812,8781000
2019-02-08,100.4921129543569,100.6647225678724,100.33593966407572,100.56608581542967,5885400
2019-02-11,100.1633561543474,100.42638129172984,100.07294067546464,100.17157745361328,4352800
2019-02-12,99.9989484816299,100.07292134769403,99.620844040593,99.916748046875,7939600
2019-02-13,99.57975836288009,99.777025626444,99.38249109931613,99.53865814208984,4757700
2019-02-14,100.3935254205631,100.44284068545544,99.9332328921934,100.10584259033205,5868900
2019-02-15,99.91679823105083,100.29489659097857,99.90036189845218,100.26202392578124,5527200
2019-02-19,100.62365173651344,100.7222885177592,100.23733218206858,100.5167999267578,5872800
2019-02-20,100.23740204595438,100.3442602012026,99.94149776699064,100.22918701171876,4455800
2019-02-21,99.51402189466891,99.58800105378018,99.2098965001264,99.33319091796876,7382500
2019-02-22,99.84281648340838,100.23735114098552,99.80171624902876,99.92501068115234,6374600
2019-02-25,99.59619517408989,99.70305324026008,99.39070661116357,99.62907409667967,6293500
2019-02-26,100.05653233606948,100.13050523711244,99.75240688830073,100.12228393554688,6028900
2019-02-27,99.5551189864143,99.56333401526749,98.86467403086796,98.98796844482422,7737300
2019-02-28,99.0948266150876,99.14414814644226,98.39616658587532,98.65097045898438,9533400
2019-03-01,98.29102998799448,98.45576564319887,97.7226812942932,97.7391586303711,13541100
2019-03-04,98.25806927767454,98.65343731428744,98.06861764211222,98.5051727294922,9808500
2019-03-05,98.24982530864706,98.73580608757408,98.24158664208592,98.71109008789062,5595200
2019-03-06,98.77699529615944,99.27120849963586,98.75228557862488,99.07352447509766,7766700
2019-03-07,99.37007760874867,99.880768269866,99.34536788525747,99.71602630615234,8187200
2019-03-08,99.76543478285932,100.23493830078128,99.54303474137603,100.13609313964844,7517600
2019-03-11,99.99605708455856,100.01252813428208,99.65010848201004,99.8395538330078,5157800
2019-03-12,99.9137028463831,100.6797355899992,99.88075445819652,100.53970336914062,6422300
2019-03-13,100.21022431835624,100.45732778428246,100.17727593271368,100.35025024414062,4386300
2019-03-14,100.23494777886728,100.29260589058126,99.60070226575051,99.62541198730467,8188400
2019-03-15,100.2761164959592,100.44909081030237,99.99606463966892,100.28435516357422,4302000
2019-03-18,100.13608571312062,100.3831954554948,100.09489866130431,100.22669219970705,3893300
2019-03-19,99.7407311083684,100.17729257747185,99.57599543704625,100.00431823730467,5220200
2019-03-20,100.27612832394604,101.1904257249352,100.26789593962204,101.05039978027344,10123700
2019-03-21,101.2810200396658,101.38809758135868,101.09980705813774,101.27278137207033,7182600
2019-03-22,102.31061574630266,103.19196449787437,102.18706089090716,102.84601593017578,13077000
2019-03-25,102.804827156116,103.73560160476195,102.55772373373829,103.01074981689452,9736300
2019-03-26,102.7141921709582,103.20017278331146,102.6483017138374,102.93659210205078,7502000
2019-03-27,103.30729331433297,104.06508730313416,103.2166868282522,103.88388061523438,14207200
2019-03-28,103.99098045317254,104.35340647522106,103.7932963885384,104.24632263183594,9143200
2019-03-29,103.52141628724227,104.17213249861264,103.4884679150421,104.14742279052734,10841400
2019-04-01,103.42763100159526,103.4854161604555,102.51957580603003,102.6681671142578,16501500
2019-04-02,102.75894506275732,102.97357199498808,102.5690759939751,102.85800170898438,9725000
2019-04-03,102.04076760452988,102.25540086582568,101.84264798539252,101.96646881103516,10407000
2019-04-04,102.032526752857,102.27192421675012,101.9004490854633,102.2554168701172,7503400
2019-04-05,102.04900477948912,102.5030290816929,102.01598379963843,102.38745880126952,6321800
2019-04-08,102.22233389697124,102.32139051292674,101.96642294350484,102.02420806884766,4446400
2019-04-09,102.54431863935812,102.6433752921606,102.1728372970229,102.34619903564452,7020300
2019-04-10,102.58557710395309,102.79195350186714,102.4452426649174,102.59383392333984,7519900
2019-04-11,102.30492373073552,102.37921622215222,101.87566352918506,101.9912338256836,8679300
2019-04-12,101.44640567686274,101.586740149129,101.23177240873768,101.2647933959961,7005500
2019-04-15,101.35560885468112,101.52896433014348,101.3060805182947,101.52071380615234,3070000
2019-04-16,101.13271743089844,101.2317740962156,100.82727801724856,100.88506317138672,8927300
2019-04-17,100.81901841385591,101.18224297162143,100.80251106946169,100.92633819580078,6118500
2019-04-18,101.38034446774942,101.6197418563708,101.35558030653138,101.45464324951172,27589400
2019-04-22,101.09968953302796,101.18223884785324,100.90982044063172,100.96760559082033,6241200
2019-04-23,101.21528722984144,101.2895797438606,101.03367490920252,101.18226623535156,6239700
2019-04-24,101.62800435058978,102.02424354841904,101.61149071011694,102.00773620605467,7302000
2019-04-25,101.9417183338966,102.04903812800916,101.6197715477788,101.85916900634766,5380900
2019-04-26,102.3462047154096,102.37921940277016,102.06552948797282,102.20586395263672,5950700
2019-04-29,101.72709560835014,101.82615228631931,101.41339933315376,101.5537338256836,10246000
2019-04-30,101.49591850353605,102.14806873151724,101.47941116148328,102.0737762451172,7957400
2019-05-01,102.32112321671217,102.9498198780678,102.24666847627394,102.49484252929688,14371900
2019-05-02,102.3128630641688,102.42040180248422,101.78343090252032,102.00678253173828,6612800
2019-05-03,102.29632568359376,102.47831286941252,102.0564257383828,102.29632568359376,6191700
2019-05-06,102.83402525164531,102.89193169944949,102.51967686518412,102.57758331298828,4482500
2019-05-07,103.0160256453812,103.52064171488784,102.90021274201868,103.36346435546876,8984900
2019-05-08,103.5288720898312,103.6529590941992,102.8257208135155,102.91671752929688,6907600
2019-05-09,103.4958385730206,103.65301595219356,102.83404506092148,103.33866119384766,9411900
2019-05-10,103.31381856450692,103.77707011745645,103.06564448323876,103.19800567626952,6037800
2019-05-13,103.7357225137002,104.17415796531697,103.61163546046365,104.00871276855467,10501600
2019-05-14,103.82672377737909,103.94253668241156,103.57027550652433,103.70263671875,5690400
2019-05-15,104.4057954788258,104.45542778115689,104.04180843151669,104.33961486816406,9566300
2019-05-16,104.07487193938968,104.09142024345942,103.8432461730436,103.99214935302734,7666400
2019-05-17,104.4636853424362,104.48023364813832,103.9756176168234,104.22378540039062,4747100
2019-05-20,104.3313353201719,104.54641281369692,103.9425321653179,104.00871276855467,6043100
2019-05-21,103.90114526805851,104.00041615147144,103.65297752651875,103.8432388305664,4021800
2019-05-22,104.04178838548712,104.50504625953162,104.00043024528992,104.4388656616211,5675300
2019-05-23,104.96829561169774,105.96097931413377,104.96002145930088,105.61354064941406,9743700
2019-05-24,105.52252010609718,105.70451354980467,105.38189110371503,105.70451354980467,4981900
2019-05-28,106.10992295738532,106.6310748108388,105.96101341163993,106.46562957763672,8098600
2019-05-29,107.26802314875188,107.45828448425088,106.71377482523135,106.78822326660156,13260600
2019-05-30,106.98676553039178,107.73127519264122,106.62277854079116,107.70645904541016,13024800
2019-05-31,108.28553968784576,109.11277837949518,108.21109123503588,109.05487823486328,18933600
2019-06-03,109.34505021358764,109.90043632072472,109.04663247631996,109.78438568115234,17822400
2019-06-04,108.91391658439171,109.22061890205052,108.21761327743378,108.53260040283205,14250000
2019-06-05,108.19273987525897,108.54917631562218,107.8611578566599,107.919189453125,8815200
2019-06-06,108.56578205895272,109.07971848823294,108.0269785539695,108.26736450195312,9621100
2019-06-07,109.24547721127888,109.47759094354184,108.95535718093087,109.20404052734376,11378500
2019-06-10,108.32538042855502,108.3419626947471,108.02697552847624,108.17617797851562,8288700
2019-06-11,108.10985984547712,108.39169512345126,108.02697381295918,108.24249267578124,5115100
2019-06-12,108.08499248117928,108.38341002428234,108.01039125754424,108.32537841796876,5278700
2019-06-13,108.4248747855048,108.79789360529576,108.41657732710114,108.69842529296876,5560400
2019-06-14,108.67354442741238,109.17919603186348,108.6652469700614,108.97196197509766,5838800
2019-06-17,108.91395996720146,109.22066240702652,108.6984410430766,109.1626434326172,6046400
2019-06-18,110.0330090775092,110.13247738602476,109.37814231694414,109.70972442626952,10320700
2019-06-19,109.30356255265592,110.01644841701037,109.0714613548258,109.8672332763672,11962500
2019-06-20,110.17389274833246,110.67124678606868,109.9086271426916,110.15731048583984,10721500
2019-06-21,109.84234285687636,109.8589251242173,108.9056534534194,108.94709014892578,14495000
2019-06-24,109.55220352560472,109.858905850502,109.48588711643956,109.75943756103516,6378800
2019-06-25,110.07445498902092,110.3231384296935,110.01643602038428,110.09933471679688,9604600
2019-06-26,109.9832673314532,109.99984959982292,109.32012837944116,109.3947296142578,12766800
2019-06-27,109.67655715645274,110.32312644281096,109.4113041241702,110.1656265258789,9724200
2019-06-28,109.90035165310104,110.31481971063336,109.792585910603,110.09100341796876,8149200
2019-07-01,110.10765184220804,110.25714697522558,109.2936916511955,109.83356475830078,14131200
2019-07-02,110.10763258913134,110.78868697608272,110.01627024380426,110.6807098388672,10494300
2019-07-03,110.89672786268262,111.53625197423209,110.88841412527276,111.46981811523438,5380300
2019-07-05,110.08274116029406,110.09105489572632,109.36015588681124,109.99137878417967,12180100
2019-07-08,110.50631093239384,110.64750499541164,110.14086151123048,110.14086151123048,6490000
2019-07-09,110.19899813573868,110.22392666384889,109.76711487140768,110.09933471679688,6215700
2019-07-10,109.92495330486788,109.99970088918232,109.22727116446556,109.49305725097656,9470000
2019-07-11,109.06112378974971,109.14418508163942,107.77374980570244,108.03123474121094,14126800
2019-07-12,107.90662869600328,108.34682560404627,107.70728922555332,108.15579986572266,6992000
2019-07-15,108.3468440065537,108.845186430635,108.3468440065537,108.77873992919922,6055500
2019-07-16,108.1142927713119,108.47144114947952,107.939881785884,108.45482635498048,6172700
2019-07-17,108.85345574504638,109.65080085636586,108.84515468730316,109.62588500976562,9662200
2019-07-18,109.19398893769409,109.89997171857536,109.00296322311712,109.63418579101562,5724900
2019-07-19,109.29368583517456,109.57607396476394,109.227239332911,109.37674713134766,5804800
2019-07-22,110.02457806531773,110.04119285822732,109.41827119454057,109.58438110351562,5204100
2019-07-23,109.30198394426397,109.41826213825982,108.77872573459628,108.98636627197266,8108900
2019-07-24,109.30198929093392,109.5511478092754,109.19401215073712,109.45978546142578,6389700
2019-07-25,109.0112786163364,109.14417159759232,108.39665808305696,108.93653106689452,8893100
2019-07-26,109.38502597849724,109.45147246726737,109.0112755683658,109.19400024414062,6188400
2019-07-29,109.48471882266703,109.59268329425949,109.13587153483356,109.22723388671876,6231800
2019-07-30,109.63425135691874,109.71731267729795,109.1608246428378,109.49305725097656,5678500
2019-07-31,109.38504957588694,110.73887014571925,109.35183266102202,110.37342071533205,15798700
2019-08-01,111.00920628768878,112.67363700656774,110.90101422741007,112.56544494628906,26664800
2019-08-02,112.8983753715221,113.60575103759766,112.68199118069674,113.60575103759766,15143100
2019-08-05,114.9622494201956,115.58641104931176,114.56278953316952,115.56976318359376,18543000
2019-08-06,115.0121649986934,116.4935073852539,114.9206207973397,116.4935073852539,12747400
2019-08-07,118.50748775645822,119.056753060244,116.32708710631644,116.53514099121094,32582000
2019-08-08,115.79448192792096,116.86803450024732,114.8291087521436,116.78482055664062,14746000
2019-08-09,117.06778855140674,117.80014247823036,116.40201340871296,116.55181884765624,10626000
2019-08-12,117.9416105582399,119.3646923005175,117.76683967305648,118.98188018798828,14094300
2019-08-13,119.68089894898252,119.76412557141715,118.13297774133608,118.57405090332033,15974900
2019-08-14,120.80446339199123,121.27881985289493,120.4299687757816,121.24553680419922,15068900
2019-08-15,121.46180710908516,123.66718503019108,121.15389154557153,122.59362030029295,23588700
2019-08-16,121.55337213088607,121.92786649910283,120.53806838681491,121.61163330078124,17150500
2019-08-19,119.48123047973267,120.3883426690876,119.4312868640772,119.8723602294922,13614700
2019-08-20,120.9042432237174,121.1871933908216,120.53806644341864,121.11229705810548,7451500
2019-08-21,120.43825704688888,121.32872124207518,120.0803976928318,120.30509948730467,9372000
2019-08-22,119.83901510683808,120.42156333499877,119.40625955223346,119.50613403320312,13878800
2019-08-23,119.43958390338474,121.7281767542514,119.3646748500552,121.4701919555664,16191800
2019-08-26,121.3952565655382,121.74478551037166,120.91257010878743,120.9791488647461,12174500
2019-08-27,122.02782337937626,122.9349356768258,121.90298337326956,122.84339141845705,11332300
2019-08-28,123.8171170335548,123.91697890739646,122.88503901473771,123.00154876708984,10095900
2019-08-29,122.54376375262564,122.61866011913884,121.6116862175172,122.5354461669922,8884900
2019-08-30,122.01111221972778,122.73513562489708,121.80305834940552,122.56869506835938,13550800
2019-09-03,122.62709118377516,123.94431895881836,122.19358284342805,122.72714233398438,15660800
2019-09-04,122.16023166721622,123.06894801378286,122.11854474687438,122.9105453491211,7962200
2019-09-05,121.43491955397684,121.55163529056983,119.95928917478854,120.6845932006836,19382900
2019-09-06,121.1013598319077,121.74330233498972,120.951302289424,121.543212890625,9466400
2019-09-09,119.90925267320064,120.0509779956962,119.37569327983992,119.38402557373048,15862700
2019-09-10,119.0838728354788,119.45902951942372,117.2664409029624,117.29145050048828,13851400
2019-09-11,117.0496684621556,117.67493381231894,117.04133617040029,117.08302307128906,10941700
2019-09-12,117.9667138965108,118.21682254792276,115.93251552257328,116.3160171508789,19163300
2019-09-13,115.28230105919351,115.64079328228138,113.83168029785156,113.83168029785156,18922200
2019-09-16,114.94880252605648,115.5240487660542,114.42357548587458,115.2822723388672,10971600
2019-09-17,115.34897801960626,116.38275487523076,115.0655273840679,115.90754699707033,9081200
2019-09-18,116.6578397914838,117.26644058578536,116.32437001133624,116.39939880371094,10984600
2019-09-19,117.3498133358989,117.54157056354998,116.6912060022662,116.7495574951172,13176200
2019-09-20,117.35813700354994,118.36689127397916,117.08301873314498,118.29186248779295,11519800
2019-09-23,118.58369675260585,119.3506876107748,118.13349844649068,118.2668914794922,15246700
2019-09-24,118.73377188668402,119.92595162325448,118.72543959128988,119.69252014160156,12421600
2019-09-25,119.43401341752876,119.67578980852078,117.66660077631732,117.94171905517578,14147100
2019-09-26,118.60871044172646,119.20896638984972,118.30023745215242,118.7004165649414,9636500
2019-09-27,118.65036254471654,119.20058640151323,118.50029224118543,118.9921646118164,10386900
2019-09-30,118.28355153439148,119.29230598679736,118.25019692047675,119.28397369384766,8006900
2019-10-01,117.9728112523596,120.1859575219991,117.87259773217234,119.64310455322266,16613700
2019-10-02,119.81007405432644,120.48654040687931,119.6263408791492,119.93534088134766,12891500
2019-10-03,120.24437926322568,121.65577876697884,120.19427251642406,121.0294189453125,13470500
2019-10-04,121.38858702607186,121.95648070777132,121.26330736570054,121.92308044433594,11516200
2019-10-07,121.22981994660272,121.53881994871192,120.85400672232846,120.91246032714844,11013900
2019-10-08,121.7810960959338,121.87294999797068,120.77890987620718,121.23824310302734,14529700
2019-10-09,120.76219239258884,120.77053927022676,120.09407262513965,120.55340576171876,8608800
2019-10-10,119.52609956666052,119.57620629113576,118.36524705748684,118.7577667236328,15054200
2019-10-11,117.73889902790746,117.83912522997596,116.67827260728929,117.28792572021484,26294000
2019-10-14,118.15651766759176,118.18157104194177,117.82246418070942,118.13982391357422,5936900
2019-10-15,117.480056578126,117.71389657856515,116.54469657636936,116.71172332763672,11832300
2019-10-16,116.61985111184605,116.97061109568833,116.37766424561812,116.85369110107422,7729500
2019-10-17,116.51967167908856,117.23789835406984,116.33593838479146,116.5697784423828,6219300
2019-10-18,116.76185861611982,117.11261870250684,116.46120529302704,116.5697784423828,6456100
2019-10-21,115.726215413563,116.07697528946416,115.44225601974988,115.69280242919922,8038000
2019-10-22,116.40275199377082,116.52801890237605,115.78473884355442,116.3693389892578,6683300
2019-10-23,116.94553908293707,117.17937903489656,116.3859925733682,116.4862060546875,5995400
2019-10-24,116.65323177748836,117.1209244207444,116.11039176720467,116.25236511230467,6161700
2019-10-25,116.52800274610158,116.54470924604178,115.50912288628584,115.68450927734376,5669800
2019-10-28,114.89947043527415,114.89947043527415,114.40673700105287,114.63221740722656,11402100
2019-10-29,114.9328625924318,115.03308884254926,114.55704919863469,114.70738220214844,5296600
2019-10-30,115.05811434095996,116.46115406940288,115.05811434095996,116.38599395751952,10914100
2019-10-31,117.32132023872474,118.32349300731784,117.27956038517542,117.95603942871094,15834100
2019-11-01,117.73526923403683,118.18704251162684,116.94885948572788,117.59304809570312,11425500
2019-11-04,116.26279277723064,116.40501384447528,115.89468518410018,116.04528045654295,11124300
2019-11-05,114.79875698318708,114.98281081241626,114.38881658798412,114.7401885986328,13493000
2019-11-06,115.4680263446546,115.79430122079089,114.89912928862688,115.43455505371094,9351900
2019-11-07,114.07090956061175,114.0792710012744,112.48135501119,113.34305572509766,19209800
2019-11-08,113.06698001739063,113.7362655013118,112.7574407468701,112.86620330810548,10222900
2019-11-11,113.25936538371498,113.26772682159896,112.64027431034138,112.9414520263672,4577000
2019-11-12,113.17570957345458,113.73623233267644,112.7657693022826,113.46015167236328,5772900
2019-11-13,114.45573331097366,114.58123150684072,113.92030753239035,114.1963882446289,6672400
2019-11-14,115.28398779553632,115.81941363146804,115.17522523391368,115.37601470947266,10213300
2019-11-15,115.01628601655877,115.5851832345298,114.9744532737496,115.2505340576172,4657600
2019-11-18,115.6269714096698,115.9616076920382,115.39271069334482,115.45964050292967,5943900
2019-11-19,115.76081380517346,116.48866747790574,115.76081380517346,116.42173767089844,7893100
2019-11-20,117.04918357292084,117.6264419555664,116.9320596087286,117.6264419555664,7905500
2019-11-21,116.82334421765825,117.1914519009416,116.38830670418156,116.89027404785156,5980900
2019-11-22,117.20810996126424,117.3586924053478,116.85672539396646,117.04077911376952,4664800
2019-11-25,117.37548102833306,117.56789627114956,117.27507992140332,117.38384246826172,4157300
2019-11-26,117.9610540857182,118.22039904157435,117.91085993497856,118.06981658935548,4281100
2019-11-27,117.62647169899589,117.88581677346082,117.47587641235172,117.72686004638672,4095700
2019-11-29,117.64323222250616,117.69342641226235,116.9404880347954,117.47591400146484,6251100
2019-12-02,115.76711844351044,116.2112796692877,115.6078884215326,115.90958404541016,17702200
2019-12-03,117.35934665787136,118.8091679146574,117.26716156517112,118.3398666381836,13062400
2019-12-04,117.61079351617376,117.74488328500112,116.6638148941531,117.15825653076172,8586300
2019-12-05,116.20292483436228,116.85659667287167,116.15264435255511,116.58841705322266,7273800
2019-12-06,115.67488998722988,116.58835233300287,115.53242443869196,115.9430694580078,7931100
2019-12-09,116.47949363599383,116.58005461114595,116.12751743545184,116.19454956054688,4016900
2019-12-10,116.63864573712635,116.78112408898444,115.99336279048642,116.20287322998048,4947600
2019-12-11,116.7392395973024,117.44319172653124,116.68057052611437,117.1163558959961,6256700
2019-12-12,116.64707873782012,116.72249945574464,114.48492864476697,115.18888092041016,14857000
2019-12-13,115.75032725002964,116.99901411315724,115.00447057289372,116.52132415771484,11335100
2019-12-16,115.98499912355066,116.03529238134338,115.17209742055462,115.47379302978516,9156600
2019-12-17,115.8257506335169,115.93468736056776,114.98770892157845,115.31454467773438,6179700
2019-12-18,115.0631375437221,115.18883869418308,114.20833135807976,114.36756134033205,6244700
2019-12-19,114.15603389112648,114.8779034412859,113.95457745574636,114.55054473876952,6591100
2019-12-20,114.26517509972383,114.73522737911088,114.0972883074022,114.70164489746094,5455700
2019-12-23,114.83595363627138,114.97025795212195,114.15605564822906,114.53377532958984,5175000
2019-12-24,114.08893707618888,115.04583319438063,114.06375661054976,114.86116790771484,4667400
2019-12-26,114.9198800541636,115.180086622696,114.58411931415192,115.13811492919922,5290200
2019-12-27,115.36477518313974,115.52425996593742,115.23886007715804,115.26405334472656,7300500
2019-12-30,114.06379588858329,114.91156840895832,113.87074131621524,114.84442901611328,7979700
2019-12-31,114.33231727679552,114.54216294091948,113.63562813494846,113.71955871582033,10707400
2020-01-02,114.81914948572404,115.44029727072416,114.7184276641425,115.00381469726562,11034100
2020-01-03,116.0614803205251,116.80853060949032,115.73412149295535,116.7749481201172,12366000
2020-01-06,117.2533697449411,117.27016098493212,115.96071323286296,116.11180877685548,11369800
2020-01-07,116.01948520105604,116.2293308894087,115.53264166712214,115.54103088378906,8381200
2020-01-08,115.77603808715362,116.09500757980938,114.42464437091958,114.77718353271484,10621700
2020-01-09,114.15604396826367,115.3647570713194,114.0805026013135,115.18009185791016,7411500
2020-01-10,115.55784181059126,116.22935068930548,115.52427213024048,116.20417022705078,8776000
2020-01-13,115.73411807115312,115.9103813072663,115.32281584027808,115.85163116455078,5966900
2020-01-14,115.98589250666984,116.52310971720004,115.95232283499332,116.4475555419922,13920300
2020-01-15,117.11069942419203,117.31214311213624,116.69100799702046,117.21981048583984,6290500
2020-01-16,116.892438017415,117.11907494781876,116.45596820592586,116.85047912597656,6798600
2020-01-17,115.48230064016772,115.9523530137583,115.2976353779762,115.85163116455078,9693100
2020-01-21,116.51471465167648,117.21979307066042,116.48114497799514,117.06871032714844,6794900
2020-01-22,117.27858498814798,117.63112428474956,117.16946110778302,117.48004150390624,6317000
2020-01-23,118.22707092760584,118.67194278103996,118.16830798456571,118.3026123046875,9747400
2020-01-24,118.70554848986583,119.65405542769112,118.60482662318309,119.2595443725586,8585000
2020-01-27,120.82910734991668,121.11449432373048,120.45138778952072,121.11449432373048,10935200
2020-01-28,120.81236168448436,120.9466660079838,119.88065906111576,120.16604614257812,10612900
2020-01-29,120.401089371011,121.45870725055968,120.39268734462306,121.34119415283205,9566800
2020-01-30,121.62650586682764,122.27283390759249,121.11448208533118,121.35791015625,14711800
2020-01-31,121.85316617523644,122.54146603060086,121.78601403266713,122.46591186523438,14538100
2020-02-03,121.87063618707457,122.55166357482295,121.1727896654,122.36669158935548,15309000
2020-02-04,121.06351751841022,121.18962897074678,120.28158802619656,120.7187957763672,11388300
2020-02-05,119.64258284641166,119.9788885517656,119.3062643118174,119.39875030517578,10782600
2020-02-06,119.5417156442222,120.13027004365333,119.3903818815644,119.93688201904295,6683100
2020-02-07,121.25690799473504,121.69411580009464,120.96263079647984,121.43346405029295,11374800
2020-02-10,121.99678884913776,122.12290030984308,121.6436511006765,121.769775390625,6699300
2020-02-11,121.56798615310556,121.6772913069466,121.02148604238728,121.15601348876952,7784100
2020-02-12,120.54226684570312,120.6936134678857,120.22278011753389,120.54226684570312,5595500
2020-02-13,120.601092067979,121.2400781662086,120.4581614734767,121.0046615600586,7883400
2020-02-14,121.71094940570087,121.98000437064566,121.45031042668992,121.53439331054688,7137400
2020-02-18,122.19853873781418,122.79549611441202,121.84541390080538,122.36669158935548,6909200
2020-02-19,122.0136231876274,122.43401192554424,121.89591485418052,122.35834503173828,5707700
2020-02-20,122.82074745887284,123.54381643788768,122.75348373649432,123.31680297851562,9332900
2020-02-21,124.26687250095112,125.1749134148168,124.14074822363422,124.4686508178711,13860300
2020-02-24,126.81440393728656,126.92370905909694,126.11655744657342,126.32675170898438,15929300
2020-02-25,126.293185451182,127.59638022539804,126.2343248720906,126.99943542480467,20802900
2020-02-26,126.07451602824332,127.56269499829996,125.76343262523176,126.32675170898438,22589500
2020-02-27,128.38660432082168,128.70610358411352,126.81435593843568,127.69717407226562,30687900
2020-02-28,129.8580315831473,131.14441962931016,129.61421184825824,130.5811004638672,44935200
2020-03-02,130.7654610985201,131.77588061667947,129.46874555753422,129.6203155517578,28152400
2020-03-03,129.51089130816663,134.4703808268329,128.28996678998354,131.63278198242188,38608000
2020-03-04,131.7002254473459,132.49172554680052,129.83094180554255,130.235107421875,23463700
2020-03-05,132.30640117278384,133.72941481783806,132.0369490242404,133.476806640625,17786200
2020-03-06,140.8697461035919,142.57904321903595,138.18370410841206,140.42347717285156,76288300
2020-03-09,150.8056104394897,151.3108141386163,143.4295156592504,144.22943115234375,41552800
2020-03-10,142.8400856849475,145.61032221280018,136.43232134189097,136.83648681640625,37728300
2020-03-11,139.29520331392527,140.6424389142407,131.04342701861376,131.80123901367188,29519300
2020-03-12,137.67849424017356,140.07825304446447,131.06865413491985,132.6179656982422,24361800
2020-03-13,130.51285300693496,133.20730933808704,128.1467833403892,129.6203155517578,19812900
2020-03-16,135.0429792298475,139.90141845423267,132.87898474712742,138.0153045654297,30496700
2020-03-17,137.67001905204197,139.46352249422998,128.5846454662725,128.81198120117188,18570900
2020-03-18,128.69418949872852,129.78881684170477,117.04906440674188,121.5454559326172,47061000
2020-03-19,123.73466661779588,129.20778910652209,122.30323715192044,124.85455322265624,21175300
2020-03-20,129.08153452418384,134.24310302734375,128.07952970900857,134.24310302734375,20863100
2020-03-23,132.61792745934912,140.3560803299882,131.83485634052698,139.77508544921875,19971800
2020-03-24,135.77552458818317,139.31200079851715,135.0682319157537,137.17327880859375,11948600
2020-03-25,137.74581641454805,140.3476507431067,136.08703878414258,136.8616943359375,10750600
2020-03-26,138.09112077461666,139.5057065763958,136.6344314517437,137.53538513183594,10576200
2020-03-27,139.37099342705991,141.66970178120206,138.58790904819082,141.2065887451172,12550000
2020-03-30,141.71173364395025,143.2357852617078,139.7245692242868,140.04454040527344,13473200
2020-03-31,139.5225529949407,140.54981725628292,138.56265179888874,138.9078826904297,11464800
2020-04-01,142.06828005842942,142.47304226739263,140.31434908650442,140.85401916503906,11334700
2020-04-02,142.36342195622058,142.69228321943817,141.03953631535106,141.74786376953125,5771200
2020-04-03,142.12735417008108,143.62831241598363,141.78162450742568,142.08518981933594,6570800
2020-04-06,140.82028403901222,141.89119638858534,140.42396244980208,141.714111328125,9434800
2020-04-07,139.10009408527063,140.33121035890974,138.04605001076845,140.2300262451172,13811400
2020-04-08,139.22658510607477,140.13728080161232,138.40021808978602,139.209716796875,10147100
2020-04-09,138.52667020662952,139.79995065839833,138.105052629213,139.46266174316406,14259100
2020-04-13,138.9229872747215,139.73249865860143,138.1893768310547,138.1893768310547,8750300
2020-04-14,138.1556854248047,138.91460500802398,137.85212016486722,138.1556854248047,9019100
2020-04-15,140.651666777634,142.16949306541892,140.60107471249967,141.81532287597656,10027800
2020-04-16,142.72607714517486,143.61991784031056,142.52370880169656,143.42596435546875,8265400
2020-04-17,143.19826863994743,144.05835964507102,141.0480153936315,141.50335693359375,8612100
2020-04-20,142.0345170599377,142.7512591484336,141.62976782956673,142.6416473388672,6462600
2020-04-21,144.9774600729401,145.16297289530513,144.007744483374,144.4377899169922,7850700
2020-04-22,143.32471030997635,143.67886760516072,142.26223842442326,142.9621124267578,6230200
2020-04-23,143.24032764939156,144.13415470516898,143.02109117787384,143.72097778320312,5968600
2020-04-24,143.02114325008753,144.05831909179688,142.9874194986315,144.05831909179688,6211800
2020-04-27,143.0633633889231,143.13925150936052,141.19137921760463,141.37689208984375,9039500
2020-04-28,142.12737406490467,143.2235830039574,142.04304535161015,143.00433349609375,9905400
2020-04-29,142.95374515743217,143.5693036069812,141.6298718179838,142.26229858398438,8619600
2020-04-30,142.28749868120198,142.7006756549947,140.57573241814026,140.6010284423828,11606100
2020-05-01,141.4251386714596,141.94017999031718,140.53015179554598,141.80508422851562,10209400
2020-05-04,141.47583391050392,141.57714931702483,140.56395660148272,141.1381072998047,8300900
2020-05-05,139.7956381224667,140.386666181502,139.54233670189572,140.23468017578125,7831800
2020-05-06,137.8198615679176,138.16603965670816,136.82355922469642,137.9718475341797,14721500
2020-05-07,138.09846952303522,140.47103230120624,137.91271608499537,140.27684020996094,9164800
2020-05-08,138.88366468825026,139.65199419190623,138.19974746066373,138.4530487060547,8129800
2020-05-11,138.1829372906308,138.65575964056688,136.86578563482522,137.37237548828125,8713500
2020-05-12,137.76077838000973,139.2552320376136,137.73544953045325,138.78240966796875,10057300
2020-05-13,139.39033437684537,140.4035270570628,139.17081337588886,139.75340270996094,13305600
2020-05-14,141.2731254360424,141.97390712383367,141.04515301324824,141.1211395263672,10080000
2020-05-15,142.10065954391277,142.26108421265434,140.4373293734544,140.7581787109375,7225600
2020-05-18,139.25520731592889,139.36497423348237,137.1359456841262,137.66787719726562,10073100
2020-05-19,137.2203269639002,138.21662881308214,137.18654659550737,138.182861328125,8639100
2020-05-20,137.7691645618313,139.060986930954,137.52431481489626,138.5966033935547,10927300
2020-05-21,139.1960961067937,139.6182606572955,138.71482233517062,138.9427947998047,8920000
2020-05-22,139.07786145262125,139.88841000529013,138.98498475560328,139.77865600585938,4956700
2020-05-26,138.2251308159135,138.29266581048628,137.6087612603333,137.90428161621094,8098900
2020-05-27,137.4483116030985,138.39396883944562,137.27944838057016,137.6509552001953,8047400
2020-05-28,136.7475101675326,137.26255129625778,136.4942089285235,137.1443328857422,10272600
2020-05-29,137.38073300060822,138.5458978845048,137.07677414319303,138.1237335205078,14632700
2020-06-01,137.04166401454464,137.32910178227445,136.67812915535814,137.19383239746094,13341400
2020-06-02,136.67808017338916,137.03315250627676,136.32300784050153,136.6949920654297,11517100
2020-06-03,135.41846028146318,135.54528017011413,134.37015477527555,134.8773956298828,12255700
2020-06-04,134.35329814799798,134.4293823724893,132.89073437720228,132.92454528808594,14038600
2020-06-05,130.70952424160376,132.01991917510418,129.48367591026482,131.97764587402344,17778500
2020-06-08,131.09847512141533,132.60331238627666,131.08156321394338,132.48495483398438,10346700
2020-06-09,134.4632373911815,134.9620290675067,133.82917623991847,133.98980712890625,9095300
2020-06-10,134.62375500094467,136.02713269752854,134.4631242471197,135.97640991210938,13135500
2020-06-11,138.01387841665394,138.8423807822859,137.489725701662,138.54649353027344,17086400
2020-06-12,137.30378102919715,138.36054922337544,136.99943127327373,137.21078491210938,9716100
2020-06-15,138.5549870314411,138.83397537479587,137.07551160153065,137.286865234375,7759800
2020-06-16,134.7675178790858,136.3061654393574,134.16726795557292,135.1817626953125,13698900
2020-06-17,135.49459680313666,135.9173040883152,134.70835454470318,135.73976135253906,7113900
2020-06-18,136.99096394926545,137.36294840425018,136.62744189553158,137.1769561767578,7691400
2020-06-19,136.1117395517605,137.37986134882658,136.03565533993702,137.286865234375,8565500
2020-06-22,137.9632095823996,138.157651326911,137.0163493656453,137.3037872314453,9319700
2020-06-23,136.5174332028525,137.00777481372384,136.21308368231138,136.36526489257812,9088600
2020-06-24,136.55974439621326,137.87858838476149,136.5512948988493,137.82786560058594,11436500
2020-06-25,138.82557675134908,138.94393431311843,138.14077989396208,138.22532653808594,10968000
2020-06-26,138.8593127875393,139.76391237182332,138.80012758856756,139.70472717285156,12119300
2020-06-29,139.3666105077566,139.7216831135084,138.9692645894145,139.26515197753906,7274400
2020-06-30,139.6877707893127,139.7384935722787,138.20829608615773,138.58872985839844,14841700
2020-07-01,137.8033026295279,138.43810687080276,137.24467179757593,138.31961059570312,13181000
2020-07-02,137.7101852682589,138.5904543038344,137.32084593397008,138.46348571777344,7599800
2020-07-06,137.3970166395511,137.98103854464475,136.9060998630249,137.89639282226562,7972700
2020-07-07,138.31965817947923,139.94475604638282,138.1334478381031,139.83473205566406,12791900
2020-07-08,139.08140755232773,139.58924328433588,138.66666405999595,139.2760772705078,7253900
2020-07-09,139.36914843126826,141.73061435966216,139.31836616196668,141.49362182617188,13373100
2020-07-10,142.153842240972,142.37391600027763,140.63878164059736,140.7826690673828,8478000
2020-07-13,140.0801553638738,141.3159134745132,139.85162218903855,141.24819946289062,8054000
2020-07-14,142.13691105230174,142.3146619420249,141.33282817478408,141.45132446289062,11344600
2020-07-15,140.4355879280236,141.30738449101787,140.35941453866417,140.79107666015625,7840300
2020-07-16,141.68832862134218,142.0015075559668,141.3836220105706,141.45980834960938,9107400
2020-07-17,141.57828714975298,141.688311110095,140.9011599967103,141.16354370117188,8549900
2020-07-20,141.78144803124135,141.8745531970906,141.18050707313824,141.51060485839844,6907200
2020-07-21,141.6037176864914,141.9592066348435,141.41750734471697,141.59524536132812,8454400
2020-07-22,142.4161984973453,142.58548994574898,141.93375403174272,142.0183868408203,6592100
2020-07-23,142.97486506454752,143.78742030882913,142.60244444904873,143.67738342285156,10471800
2020-07-24,143.0510444996926,143.82127690365868,142.93254820024617,143.66893005371094,7520700
2020-07-27,144.100537134457,144.14285999270464,143.03407084828063,143.13563537597656,6146400
2020-07-28,143.49961643739147,144.1767435791995,143.4065112939538,144.12596130371094,8520700
2020-07-29,143.93127543384398,144.2190502393554,143.02561523899246,143.8804931640625,6733700
2020-07-30,144.77775469168813,144.95549272634605,144.52383029847425,144.8285369873047,9376100
2020-07-31,144.0159623982243,145.1247650042601,143.8382243871558,144.73541259765625,8886000
2020-08-03,143.40504356565228,144.0405539602592,143.17625620333598,144.00665283203125,9066200
2020-08-04,144.75235282259814,145.38786335033504,144.6591440946836,145.37939453125,9878900
2020-08-05,144.09987091377806,144.52354453774166,143.78635656948276,144.1083526611328,6954100
2020-08-06,145.2183450229873,145.9555328365974,144.5743529747852,144.91329956054688,9481800
2020-08-07,145.1336535586903,145.32007101067288,143.69316564477495,143.94737243652344,8176900
2020-08-10,144.23541639788144,144.26083577511258,143.26097245871483,143.30332946777344,6408500
2020-08-11,141.65099744304854,141.92215469112637,140.5579254942717,141.60015869140625,19234200
2020-08-12,140.40544932361993,140.71897662627654,139.80383996271382,140.31224060058594,11744800
2020-08-13,140.0749165591497,140.30370384663468,138.26159467681535,138.8123779296875,12744700
2020-08-14,138.80395927973237,139.092054258935,138.2531887059924,138.27012634277344,6398100
2020-08-17,138.93950396756512,139.35470869803262,138.48192929652086,138.6175079345703,6901500
2020-08-18,139.26998353487667,139.70212594365103,139.04119617517637,139.60891723632812,8140600
2020-08-19,140.12580923767922,140.32917723032668,138.37180717050637,138.7361602783203,12497700
2020-08-20,140.14278121324494,140.36308687515086,139.75299573349395,139.99026489257812,10319900
2020-08-21,140.46476369323966,140.93927610627776,139.82077147883632,140.82911682128906,6836000
2020-08-24,140.93080438624744,141.48157494086342,140.54101895242408,140.60032653808594,6490600
2020-08-25,139.26154009233173,139.88856884721625,138.8209158565657,139.5242156982422,10518300
2020-08-26,139.00727648781475,139.24453261098407,138.3548156843547,138.99032592773438,8276600
2020-08-27,139.60887252320882,139.6597241986828,136.55843139864749,136.626220703125,19860100
2020-08-28,137.07536536778332,137.31262155843044,136.11785885799785,136.5245819091797,8415400
2020-08-31,136.9313121535277,138.3294298562349,136.89741102514537,137.43124389648438,11388100
2020-09-01,137.22169910041202,139.18129290919893,136.729681052431,139.00314331054688,10587000
2020-09-02,138.70618278192757,140.44520857578348,138.6892260216245,140.32644653320312,15167700
2020-09-03,140.60645762551755,141.87043587128744,140.3434853263536,140.7252197265625,16416600
2020-09-04,139.469721523146,139.71572408965434,137.8070392989648,138.0530548095703,13780300
2020-09-08,139.43583611028075,140.19082675772097,138.9014129638672,138.9014129638672,13790400
2020-09-09,139.0709903331875,139.33396255980992,138.0699846627114,138.528076171875,9558900
2020-09-10,137.8155867379523,139.41888209714506,137.38294305835743,139.2322540283203,8847700
2020-09-11,139.3849035648163,139.60547100834407,139.18979716362534,139.52911376953125,5458200
2020-09-14,139.7920652795363,140.03808078469473,139.31701692431614,139.52061462402344,4274900
2020-09-15,139.26609706645186,139.52059091180928,138.94373733272613,139.1812744140625,6928500
2020-09-16,139.7835568741322,139.87687084844447,138.25660681451967,138.76559448242188,8815200
2020-09-17,139.88534569685532,139.93625481763496,138.95221892139563,139.1897430419922,7813900
2020-09-18,139.26611592883765,139.32550344323892,138.5620218037597,138.75714111328125,7246300
2020-09-21,139.87687059224265,140.30950104830123,139.24064248057726,139.46119689941406,11086900
2020-09-22,139.49513177818972,139.8683876626182,139.01159221588182,139.35092163085938,10524100
2020-09-23,139.37644822893375,139.57155466238967,138.68083224446346,139.53762817382812,6224800
2020-09-24,139.9363331028962,140.07205200195312,139.6478997001603,140.07205200195312,8278100
2020-09-25,140.06357361579364,140.32654597184904,139.72425695199976,140.07205200195312,5140300
2020-09-28,139.85989148554495,139.88533957277377,139.43573943960675,139.6732635498047,4470100
2020-09-29,139.80057669105142,140.1738327220889,139.59697896209497,139.83450317382812,10297600
2020-09-30,139.1219210559987,139.1219210559987,137.89188226962807,138.49417114257812,12971000
2020-10-01,138.00082970878086,139.0453349232405,137.6526742614751,138.72264099121094,11523900
2020-10-02,138.934842022844,138.98579093363114,137.7205034998945,138.2045440673828,8828800
2020-10-05,136.6761065752451,136.6761065752451,135.4617801691393,135.50424194335938,14726000
2020-10-06,135.30031210831797,137.0666140834223,134.7483354525026,136.23440551757812,22419400
2020-10-07,135.49569387697235,136.22599207963694,134.901268120736,135.24093627929688,9429200
2020-10-08,135.8438648600044,136.08163516722155,135.58062008826474,135.9712371826172,8431500
2020-10-09,135.4617880667506,136.0986758446404,134.8588619357083,135.94581604003906,8441500
2020-10-12,136.23442692115617,136.44672267809185,135.96269509018097,136.37879943847656,3962000
2020-10-13,136.89682398860558,137.4233134054943,136.87133657270135,137.35537719726562,7914300
2020-10-14,137.84796620349005,138.20462173694193,137.54225960945806,137.6696319580078,6954800
2020-10-15,138.45079499480948,138.57818022333842,137.26194394023435,137.43177795410156,9458800
2020-10-16,137.27887401424164,137.83933768816948,136.80333379060565,137.04959106445312,8416300
2020-10-19,136.29393744522807,136.7015418543445,135.91180750183702,136.53170776367188,9286600
2020-10-20,135.75051603828567,135.87788841894752,134.97775570889482,135.23251342773438,11189000
2020-10-21,134.84178897558132,135.33431676584075,134.48513360142937,134.76536560058594,10453700
2020-10-22,134.4172215742011,134.70595374974727,133.2963063334359,133.36424255371094,12664900
2020-10-23,133.16042603043562,134.34929037878854,133.10947710761488,134.179443359375,8783800
2020-10-26,135.19852517008795,135.8863618053194,135.02867808594556,135.42779541015625,7227300
2020-10-27,136.06469604557358,136.46381340774818,135.78446387909904,136.33644104003906,6062300
2020-10-28,137.0412271094097,137.10916333922142,136.0391839165756,136.46377563476562,11765800
2020-10-29,136.48922109424268,136.57414460283692,134.57007160059,135.13902282714844,11932400
2020-10-30,135.0456631927783,135.3174081569825,133.8058624267578,133.8058624267578,13095400
2020-11-02,134.9101127472641,135.3266640869034,134.59558165756292,134.80810546875,10810500
2020-11-03,134.18744474039926,134.29794822355422,133.4988571827891,134.0259246826172,16228700
2020-11-04,137.40940089196525,137.8599503538042,136.47429089300255,136.933349609375,21570800
2020-11-05,137.4093818094115,137.49439651439258,136.50828301087253,137.17135620117188,18537500
2020-11-06,135.692230430358,135.94726165748617,135.11417175553268,135.5137176513672,12408400
2020-11-09,132.5893575775219,132.74236849669683,131.45023305225027,132.66586303710938,23245000
2020-11-10,131.73078613015377,132.45335942215172,131.57776221621964,131.9008026123047,12561000
2020-11-11,131.78181255496187,132.56389888517364,131.7393051842206,132.3768768310547,5888200
2020-11-12,133.41393256117294,134.65506419426566,133.2184143121229,134.6295623779297,15999700
2020-11-13,134.62105095949585,134.74006374615612,134.23851078604648,134.45103454589844,7344600
2020-11-16,134.08554439334227,134.55309945966167,133.98353709575494,134.1280517578125,6310400
2020-11-17,134.9696029775641,135.30113954848974,134.8165791140636,135.00360107421875,7444600
2020-11-18,135.53915265898712,135.64966916292667,134.61255219626204,135.39463806152344,10333300
2020-11-19,135.98974381526162,136.62731527918086,135.8792272773264,136.0917510986328,10637200
2020-11-20,136.46578422026036,137.32437572017693,136.34677140867367,137.2988739013672,7246800
2020-11-23,136.712322419667,136.85683705357542,136.25326372708844,136.66981506347656,11300000
2020-11-24,136.0067001970942,136.03220200872008,135.17359777924923,135.3096160888672,10891700
2020-11-25,135.37770334347124,135.93876946576103,134.84213904751942,134.8931427001953,9145800
2020-11-27,135.683727054731,136.24479313080596,135.65822523049366,136.20228576660156,4708200
2020-11-30,136.04075336358642,136.465801024654,135.81122399461086,136.03225708007812,13071600
2020-12-01,134.92001714364196,135.0817019885391,133.32870949855044,134.02650451660156,13662800
2020-12-02,133.49887859258652,133.54141629080772,132.3075243955493,132.9627685546875,12114300
2020-12-03,133.55000774376623,134.2988586236306,133.24366083697197,134.03504943847656,9626500
2020-12-04,132.48626618516468,132.57135458816285,131.70338276047832,132.0692901611328,12734500
2020-12-07,133.04789490633718,133.49890366320088,132.90321996049232,133.26063537597656,9316100
2020-12-08,134.08609622069787,134.51157724496665,133.7712314331767,133.89036560058594,7397200
2020-12-09,133.2180821204957,133.8733263900721,132.7585554435183,133.44784545898438,7750100
2020-12-10,133.80524225914203,134.69874178915467,133.45634479399877,134.63067626953125,10025100
2020-12-11,135.00509925392822,135.6348157297968,134.72429325547196,135.1072235107422,8135900
2020-12-14,134.01798326513833,135.03913486408672,133.69461361468993,134.7327880859375,7535900
2020-12-15,134.26474592786718,134.78383312268494,133.86479286048402,134.28176879882812,6847500
2020-12-16,133.24363574048164,134.35839391826298,133.0819508778141,133.92440795898438,9954200
2020-12-17,134.70295335728846,134.9840652265338,133.25479894029306,133.5699920654297,9422700
2020-12-18,133.84255666222143,134.06404579708578,133.04181624765673,133.1696014404297,6505000
2020-12-21,133.91076209466283,134.03002052548064,133.2718748585259,133.6977996826172,8988200
2020-12-22,134.21741954658629,134.4474225757675,133.8085353821922,134.38778686523438,7370800
2020-12-23,133.41667921266637,133.47631492336117,132.4285435625509,133.4592742919922,9266600
2020-12-24,133.6552363536001,134.10671573454115,133.61265425962983,133.98745727539062,3117100
2020-12-28,133.212279436277,134.1237519875244,132.97376252577132,134.04708862304688,7791100
2020-12-29,133.2207658574925,133.987425340993,133.19521140792207,133.87669372558594,9030900
2020-12-30,133.58706927391745,134.19187525060207,133.4677978438281,134.16632080078125,9097300
2020-12-31,134.13226883479498,134.66041152620215,134.12374201835564,134.3622589111328,7742100
2021-01-04,133.45933413368664,134.7456229176473,133.34858947742148,134.200439453125,13152900
2021-01-05,133.69779442908845,133.69779442908845,132.5989141453178,133.20372009277344,10458100
2021-01-06,131.0315232213602,131.0570776717495,129.72818126053258,130.46929931640625,22827300
2021-01-07,129.3022800426071,129.62598713759562,128.850800672332,129.31932067871094,14651900
2021-01-08,129.0381567669556,129.4470538797802,128.33964694604902,128.90187072753906,13622500
2021-01-11,128.6292986108614,128.80819275859855,128.1948599637773,128.68893432617188,8370700
2021-01-12,128.45044710545787,128.76564042294584,127.71785563500792,128.5867462158203,12186300
2021-01-13,129.19154335269224,130.3926546862163,129.11487999051744,130.0348663330078,12533300
2021-01-14,129.97525831852312,130.02636723242483,128.4504397300675,128.81674194335938,14835500
2021-01-15,129.64301533059503,129.78782822808637,129.02968247169323,129.3278350830078,11624700
2021-01-19,129.1573696858271,129.78774276410255,129.06366575524814,129.74514770507812,9575600
2021-01-20,129.47261551849354,129.89001347184714,129.30223521292058,129.87298583984375,5368900
2021-01-21,129.0041429435632,129.26821431649162,128.7145171150738,128.9615478515625,8162700
2021-01-22,129.3533975721749,129.48968366180156,128.98709539842494,129.3789520263672,9507200
2021-01-25,130.12856117815795,130.92078819283284,130.02634336911424,130.90374755859375,8712600
2021-01-26,130.41819089370094,130.84411573267684,130.26485119260843,130.65670776367188,7690300
2021-01-27,131.2445101866031,131.610799376153,130.7845039971719,130.98895263671875,7895200
2021-01-28,130.6737616072667,130.7248835166805,129.6174761135958,130.26487731933594,10667800
2021-01-29,128.98711140705487,129.89859704702548,128.88489357759948,129.48118591308594,14965900
2021-02-01,129.34132502420414,129.9383086099375,129.19634422575933,129.63128662109375,8165500
2021-02-02,128.55670828932335,128.85519355726694,128.3690830291232,128.79550170898438,9177500
2021-02-03,128.29231507909637,128.4287721769664,127.56741114653396,127.6526870727539,9633100
2021-02-04,127.20916427819736,127.49060203703408,126.90214245158086,127.3115005493164,8262600
2021-02-05,127.15796392709764,127.55879823844144,126.23689868060058,126.24542236328124,10258900
2021-02-08,126.47572785186448,127.29444407245822,126.25398190662308,126.79979705810548,11574800
2021-02-09,127.26037301751788,127.64414716992086,126.7827862489041,126.89364624023438,5218300
2021-02-10,127.31151938348756,127.7379379272461,127.19212271176562,127.7379379272461,8079800
2021-02-11,127.65274272945454,127.74655539848445,126.85960990215057,127.03871154785156,11962700
2021-02-12,125.96404727142178,126.28812955991864,125.39264792972531,125.46087646484376,14088400
2021-02-16,123.84897419098375,124.22422450465696,123.3713876147663,123.55047607421876,17789100
2021-02-17,124.471532394025,124.83825899681167,123.6442796301362,124.33507537841795,11199100
2021-02-18,123.32881454058376,124.17312823497046,123.08149742522149,123.8319854736328,10755300
2021-02-19,122.8597173710922,123.08146335790175,121.82779171017532,122.18598175048828,12741700
2021-02-22,121.98131029727794,122.5868304679872,120.86409558674669,121.2563934326172,13203900
2021-02-23,120.6935518206191,121.52932882425743,120.36946944617598,120.9067611694336,12658500
2021-02-24,118.84287489292494,120.40355559430893,118.68083373480243,120.11359405517578,17363100
2021-02-25,118.98786666529156,119.32899638837318,116.50610693808858,118.1520767211914,52621700
2021-02-26,120.05392253043262,122.21160007702068,119.12431988914992,122.0580825805664,45423300
2021-03-01,120.10443608865224,120.74483367660392,119.61772766792627,120.44597625732422,22048000
2021-03-02,119.88239083895144,120.50572037017808,119.78846536362408,120.4544906616211,12482200
2021-03-03,119.01147831334798,119.66894371435131,118.4820741748087,119.14808654785156,19763700
2021-03-04,119.22490678166062,119.48960225350352,117.79895699253647,118.37957763671876,22366600
2021-03-05,117.97828967079435,118.97730816047654,117.8246005318832,118.6101531982422,20598000
2021-03-08,118.54183627036772,118.6015999226832,117.68797302246094,117.68797302246094,15236600
2021-03-09,118.91757653436488,119.38720407794985,118.66141487159824,119.3188934326172,14463400
2021-03-10,119.37006380985022,119.6689080770596,118.92605135040787,119.55791473388672,12387600
2021-03-11,118.83220847589264,119.01152558397584,118.22597255065014,118.69558715820312,14150700
2021-03-12,116.46696907570008,116.518211826866,115.82657148980968,116.1766586303711,20402700
2021-03-15,116.543831151177,117.05614142215552,116.47552050926198,116.85975646972656,11366500
2021-03-16,116.99633954833104,117.08171805115236,115.91192963404428,116.3900909423828,15567900
2021-03-17,115.39962469313345,115.72409693019256,114.54576135680564,115.5191650390625,27107500
2021-03-18,113.82850053444534,114.8189849684004,113.72604112021494,114.34935760498048,21615100
2021-03-19,114.4859881271299,115.12638557583772,114.2469074552592,115.05807495117188,18685000
2021-03-22,115.86072438607752,116.47550706341993,115.58748184996035,116.34741973876952,17047500
2021-03-23,116.62918216262833,117.44034967197062,116.25348023520588,117.39766693115234,16768400
2021-03-24,117.0304845187564,118.0721986331268,116.93655904847978,118.02950286865234,13863000
2021-03-25,118.16615277359668,118.39669953456104,117.0561277725297,117.09882354736328,20782000
2021-03-26,116.48401772383514,117.18419181099266,116.3132476873563,116.68894958496094,8433300
2021-03-29,116.8340722407168,116.85115314828494,115.2458865886702,115.69843292236328,13968100
2021-03-30,115.52774481034314,116.56091244443024,115.28011707630874,116.30476379394533,15020800
2021-03-31,116.41576084160954,116.6292267429748,115.25450581702562,115.65582275390624,19271300
2021-04-01,116.75449486427196,117.66937132209722,116.54073709741928,117.5753173828125,14885900
2021-04-05,116.75455081724655,117.1136624720496,116.23298109430158,117.06236267089844,8243000
2021-04-06,117.27605284493757,117.97717146720493,117.14779036935168,117.8574676513672,9282400
2021-04-07,117.5239971920031,118.07977511732308,117.03663635253906,117.03663635253906,11052700
2021-04-08,117.47275340496616,118.0541814911884,117.44710350891516,118.00286865234376,7847900
2021-04-09,117.56677176896432,118.15674529295586,117.21620590010866,117.5753173828125,8717800
2021-04-12,117.53258362450156,117.59242901866256,117.22477189909485,117.5240249633789,7659000
2021-04-13,117.39579350619336,118.43037401491382,117.31028516229875,118.40472412109376,13232800
2021-04-14,118.0199730603124,118.19953537960735,117.62666595594084,118.0285186767578,7293200
2021-04-15,119.26831941882368,120.54230769186216,119.24266952384586,120.00364685058594,23896700
2021-04-16,118.9348220765132,119.47348275627992,118.78945531956884,119.07161712646484,15238400
2021-04-19,118.62703757333053,119.11439859023317,118.46457955211592,118.7296371459961,13886800
2021-04-20,118.37908522024132,119.49917417687054,118.36198094052574,119.27687072753906,11476500
2021-04-21,119.31104605810025,119.62741646898016,118.90919340333046,119.5162582397461,11902200
2021-04-22,119.70434968418904,120.03781127929688,119.02032221950309,120.03781127929688,14156400
2021-04-23,120.02930018217933,120.10624986931596,119.26832283365134,119.75568389892578,12302200
2021-04-26,119.83265492303448,120.14046677313134,119.57615592024108,119.58470153808594,9103500
2021-04-27,119.35378847371906,119.55045502095778,118.44745759249447,118.54151153564452,14137300
2021-04-28,118.55008042982494,118.75529263156108,117.96011981247442,118.61848449707033,15263700
2021-04-29,117.5240202716641,118.3021016918718,117.25041710819156,118.26790618896484,17178200
2021-04-30,118.43035331735648,118.6184612036566,117.9771878767442,118.54151153564452,15692000
2021-05-03,118.76670434483144,119.58017232726029,118.40706628099564,118.61257934570312,16447700
2021-05-04,119.44324427708678,120.01695387495798,119.16066855290356,119.41755676269533,18639700
2021-05-05,119.0492821493958,119.75144200095748,118.95509029286607,119.61443328857422,11127900
2021-05-06,119.23768436476838,120.04259434258176,119.19486750227092,119.81139373779295,21907600
2021-05-07,119.96551965512673,120.39366210490822,118.94653853410742,119.22054290771484,18346900
2021-05-10,118.98079196757548,119.23768006743008,117.90187762723204,118.01319885253906,15146200
2021-05-11,117.50795681901968,117.72202801423477,117.11407313671047,117.3452606201172,15158600
2021-05-12,117.0284694379218,117.13979066905402,115.90673817792626,116.11225128173828,20859400
2021-05-13,116.39481086840284,116.77157834952284,116.1379358275227,116.29206085205078,13073900
2021-05-14,116.90858016620558,117.3795394897461,116.64313392908394,117.3795394897461,17566700
2021-05-17,117.16553009439085,117.45666398773312,116.94290059934283,117.13127136230467,6113800
2021-05-18,116.79727662016552,116.9428565779132,116.51471404915031,116.83153533935548,11423100
2021-05-19,116.91711585440702,117.56790063679564,116.12933543992428,116.54891967773438,14296000
2021-05-20,117.1054949607676,117.73059222103753,117.0284324708827,117.50794982910156,13310500
2021-05-21,117.87618459137582,117.91043023900907,117.36240841578048,117.8847427368164,10171600
2021-05-24,118.15878896973574,118.66399405710844,118.07315523098228,118.32147216796876,6868700
2021-05-25,118.70683837748489,119.45180242659156,118.698267162103,119.41755676269533,12346900
2021-05-26,119.52881160307184,119.80282905540815,118.92085661274142,119.21199035644533,9793700
2021-05-27,118.59545893123332,118.75815515315844,118.15875833491118,118.7324676513672,10695200
2021-05-28,118.66394672973075,119.28047281841572,118.4584336782128,118.5440673828125,10258000
2021-06-01,118.18308573840493,118.56038250348723,117.69429440993557,118.51751708984376,11778500
2021-06-02,118.80907754031188,119.01487340993828,118.61185213702612,118.79192352294922,7347900
2021-06-03,118.77474416240956,118.77474416240956,118.2087925570136,118.34598541259766,10994000
2021-06-04,118.78335505673256,119.96672058105467,118.78335505673256,119.96672058105467,15773700
2021-06-07,119.70086697004317,119.80377796958946,119.46934666159154,119.59796905517578,7799800
2021-06-08,120.61845424228665,120.61845424228665,120.23257385768844,120.43836975097656,11230900
2021-06-09,121.5617360643484,121.89616753095947,121.12440663406778,121.50171661376952,12768300
2021-06-10,120.76419737017268,122.24769905854669,120.63556188768148,122.23054504394533,19698300
2021-06-11,122.0332489013672,122.11042229529896,121.6302148423834,122.0332489013672,8646700
2021-06-14,121.85319872594536,121.85319872594536,120.91849503840967,121.09857940673828,9401300
2021-06-15,120.73851665431928,120.98719107511825,120.4641046599496,120.95289611816406,18207300
2021-06-16,121.25300233824608,121.48453579010756,120.23256722604944,120.84996795654295,19676300
2021-06-17,121.64747518514496,124.28004801745254,121.45882022306236,122.65933990478516,35225800
2021-06-18,123.72259828744303,125.23182406509544,123.58539237547213,124.96599578857422,26616900
2021-06-21,123.81693924800048,123.90269622352346,122.6421445744642,122.87366485595705,16485000
2021-06-22,121.91331395682435,123.20816122949724,121.8704354464054,123.17386627197266,14530200
2021-06-23,122.71927757770266,123.05370873659638,122.3762759579507,122.85648345947266,12040900
2021-06-24,122.98519187194024,123.39679672065571,122.908018416184,123.05379486083984,8788400
2021-06-25,122.84792815814863,122.9679800611305,121.22722092555556,121.77603149414062,15562200
2021-06-28,122.38493025139675,123.31105096071914,122.36777623325688,123.02806854248048,11460700
2021-06-29,122.71073197308388,123.24238851679348,122.6592699434912,123.23381805419922,11217900
2021-06-30,123.69693494703344,124.28004073407382,123.54258803329304,123.7826919555664,15708900
2021-07-01,123.6263773673042,123.909728750194,123.23999388217894,123.78952026367188,10810000
2021-07-02,123.84108216630618,124.5365753173828,123.73805002592364,124.5365753173828,9650200
2021-07-06,125.1204491370113,126.2109206141256,125.1204491370113,125.99626159667967,20037200
2021-07-07,126.7089104420132,127.55895162734896,126.40838262590296,127.11245727539062,20964400
2021-07-08,127.8337579410348,128.3145921028095,127.22412049194654,127.61050415039062,17487800
2021-07-09,126.10785103170016,126.21089624936926,125.7815782973564,125.81591796875,14483600
2021-07-12,126.29669422386397,126.41690267138706,125.50675112560673,125.65271759033205,10610400
2021-07-13,126.0649468360908,126.614473365217,124.19311349823394,124.69112396240234,23340200
2021-07-14,125.3694293154699,126.1507911679854,125.19770474722615,126.10785675048828,16038600
2021-07-15,127.035207650668,127.5933289735355,126.2452640153796,127.4988784790039,18462400
2021-07-16,126.51135525838166,127.36999078439494,126.49419198111302,127.25837707519533,12787900
2021-07-19,129.61108328836266,130.46971916718817,129.327731876141,130.0489959716797,40203900
2021-07-20,130.96772732710463,131.1222885955777,128.58930231462233,128.79537963867188,25674800
2021-07-21,127.2326579172599,127.50742768663372,125.93612246010436,127.16397857666016,19988900
2021-07-22,127.17252481973615,128.6322027834313,127.12959041750452,128.36602783203125,18136900
2021-07-23,127.02658182175622,127.64480064333311,126.98364741158568,127.50741577148438,12639300
2021-07-26,127.93668179560272,127.98819782622232,126.97501428607087,127.12956237792967,10737700
2021-07-27,128.22007684747442,128.52918623847702,127.9281438397891,128.4862518310547,13036500
2021-07-28,127.65336795295468,128.51200365299613,127.3099189136345,128.4948272705078,14346700
2021-07-29,127.74782039122728,128.12562220140103,127.53316146287776,127.78217315673828,11532000
2021-07-30,128.04840271676716,128.55499485920691,127.98829190236911,128.38327026367188,14342100
2021-08-02,128.47956748105855,130.00980152556025,128.2474494960991,129.52838134765625,21232700
2021-08-03,129.59710693359375,130.0097507652989,129.2876207803872,129.59710693359375,13361900
2021-08-04,130.24189458889754,130.5169992766109,128.71166083720416,129.86363220214844,18267900
2021-08-05,129.60569662100482,129.74324893491564,128.9523428064944,129.20164489746094,15345400
2021-08-06,127.50805893508924,127.88630805079488,126.96645499927328,127.0438232421875,21144300
2021-08-09,127.36193518799134,127.71440810052415,126.57102899836195,126.58822631835938,12942400
2021-08-10,126.79452232000438,126.86329846466168,125.99501111635796,126.0036163330078,13716900
2021-08-11,125.86609096098007,126.5710236384824,125.26431596367053,125.92626190185548,17227600
2021-08-12,125.59097235254607,125.8918663765844,125.0235789391816,125.71993255615234,14709400
2021-08-13,126.22717853848025,127.71442553737457,126.20998121613488,127.7058334350586,18653800
2021-08-16,128.25602986653004,128.96956789113617,127.92934633008753,128.01531982421875,19170900
2021-08-17,127.98947349526192,128.49668277907537,127.80893448493956,127.96368408203124,14126900
2021-08-18,127.84331296885082,128.49666655102757,127.6197872588042,128.3935089111328,13144000
2021-08-19,129.2187716573885,129.34773180040384,128.7889307494109,129.33912658691406,15474300
2021-08-20,129.45956768095857,129.6486988557652,129.04692380761333,129.42518615722656,12388400
2021-08-23,129.12420613292528,129.38211330125253,128.8834962738741,129.33912658691406,10615000
2021-08-24,128.74601785875126,129.01253039338806,128.3333740234375,128.3333740234375,13835900
2021-08-25,128.2731889775584,128.4107281623979,126.8719027704724,127.26734924316406,16743800
2021-08-26,127.2071682543981,127.72298278933032,126.8117086952556,127.61981201171876,16657400
2021-08-27,127.7229967341838,128.51390282111177,127.51666827414218,128.4881134033203,15384700
2021-08-30,128.08408266184423,128.86638365905807,128.03249070010835,128.8234100341797,10596300
2021-08-31,128.66867094353768,129.02973599904675,127.66284404939528,127.94654083251952,15262400
2021-09-01,128.48792643775903,128.59121526571363,127.81652278727807,128.16082763671875,10807100
2021-09-02,128.46213005106367,128.72896833317165,128.0403453614922,128.72035217285156,9765900
2021-09-03,127.6271929154565,127.83377063891916,127.34313541130297,127.54971313476562,12928000
2021-09-07,126.757858291239,126.98166843829088,126.24140061563884,126.47380065917967,15547800
2021-09-08,127.1020728023932,127.55828262062887,126.86965981414882,127.33447265625,14533700
2021-09-09,127.5410703609304,129.02160487818438,127.26562910402106,128.87527465820312,20324600
2021-09-10,128.16945478764816,128.4018678286837,127.5324893828412,127.73906707763672,14894600
2021-09-13,128.2899686611192,128.6773281252754,128.21250202204442,128.51377868652344,15036100
2021-09-14,128.88387279393675,130.46770921504617,128.7547617619059,130.07174682617188,19918400
2021-09-15,130.1578781326454,130.19230337589303,129.0560733328313,129.61558532714844,11940300
2021-09-16,128.83225006898525,129.5036538173467,128.68591982992083,129.02162170410156,13328900
2021-09-17,128.4104584937415,128.5654048843136,127.99729000953138,128.40185546875,13782900
2021-09-20,129.60694694365623,130.2955566959,129.3142733511246,129.99429321289062,14660400
2021-09-21,129.72748248467803,129.94267636150366,129.288478569943,129.88241577148438,10035800
2021-09-22,129.79634416938285,130.65711975097656,129.49508059646087,130.65711975097656,22277800
2021-09-23,129.47777665019083,129.5035988499838,127.68736303636533,127.70458221435548,23853300
2021-09-24,127.25703491650772,127.26565107671604,126.31018983532093,126.4565200805664,20203900
2021-09-27,125.72481524962988,126.42204101376149,125.569882028439,125.9916534423828,13464300
2021-09-28,124.2356892922768,124.87266768455122,123.64175228795386,124.0290985107422,26613500
2021-09-29,124.64025559675976,125.18253505882248,123.68479456864551,124.24429321289062,23569400
2021-09-30,124.0377858845702,124.39069394586252,123.650426304994,124.22715759277344,22567600
2021-10-01,124.84161077208714,125.31562774886334,124.28138856606978,125.27254486083984,26151800
2021-10-04,124.6864210913948,125.36730406191155,124.1951632522544,124.95359802246094,28027600
2021-10-05,124.62613368867136,124.7123126088411,123.64360457150369,123.7470245361328,22659200
2021-10-06,124.30728069444017,124.72960096196364,124.1349096376585,124.44518280029295,18696500
2021-10-07,123.41090719606484,123.54018216305552,122.89378102597249,123.14373016357422,14856000
2021-10-08,122.60940721289792,122.686985372165,121.9802468946244,122.28190612792967,17257800
2021-10-11,122.04055443449286,122.29910439917803,121.9112663010839,121.97160339355467,7213400
2021-10-12,122.92823652313432,124.11760541533064,122.7989484330495,124.05728149414062,17968700
2021-10-13,124.6347787103412,125.42769598934308,124.60892371273756,125.2639389038086,23584600
2021-10-14,125.28977839262356,125.7982906350398,124.92779531991285,125.72933959960938,12946400
2021-10-15,124.97093302187994,125.09159408634105,124.51414376705796,124.99678802490234,11811500
2021-10-18,124.97089248151504,125.8327607055255,124.55719941628836,125.58282470703124,12115900
2021-10-19,124.67790156860995,124.7382255256355,123.80740595853062,123.85050201416016,12156300
2021-10-20,123.4625792966888,123.83317618904928,122.8247923027638,123.014404296875,12782500
2021-10-21,123.24712870172276,123.37640364622963,122.5834866341083,122.86790466308594,13660000
2021-10-22,123.63500730128564,124.45377957128088,123.42816732212626,124.22108459472656,13740000
2021-10-25,123.82459527430576,124.3675764160147,123.7901263348459,124.0314483642578,8137900
2021-10-26,124.6433997308024,125.0571060180664,123.88496450628703,125.0571060180664,13671000
2021-10-27,126.1774993358528,127.71162368118136,125.7724202293943,127.33241271972656,22092300
2021-10-28,127.3754833134572,127.84089946155628,126.55671123195113,126.9014663696289,17497600
2021-10-29,126.23781133375424,127.55646836681264,126.1085363897534,127.28929138183594,19087300
2021-11-01,125.82055793302506,126.6489986597786,125.73425598873376,126.37285614013672,18035500
2021-11-02,126.42460683382971,127.34798741590258,126.42460683382971,126.93375396728516,9836700
2021-11-03,127.563776399539,127.7018410991497,125.5875747793028,125.62210083007812,20639400
2021-11-04,125.8809547539505,127.16677994313656,125.86370489990352,126.94241333007812,15922400
2021-11-05,128.1678141714043,129.0825567394341,127.83125769509472,128.84092712402344,21513000
2021-11-08,128.5475130502666,128.82365552041173,128.15916753839207,128.5992889404297,12083800
2021-11-09,130.1354206607896,130.97249966836998,129.99734278642296,130.27349853515625,23430200
2021-11-10,130.16136241498765,130.24765124625884,126.88208396644713,127.89175415039062,28170600
2021-11-11,128.1591993700714,128.28865229545778,127.62416414839517,127.70182800292967,5552500
2021-11-12,127.71905517513017,128.1591633951139,126.64897186432688,127.140869140625,12712000
2021-11-15,126.76115857910182,126.82157255938546,125.32000599145051,125.54437255859376,15232700
2021-11-16,125.72561225967245,126.32106134988273,125.00072344021034,125.22509002685548,12998700
2021-11-17,124.75913389305364,126.24342488043234,124.66420700517992,126.21753692626952,14239900
2021-11-18,125.98447489374206,126.76976434396454,125.94994886227695,126.69210052490234,11054600
2021-11-19,127.35664158986488,128.23687141054648,127.35664158986488,128.02975463867188,14022100
2021-11-22,127.20133435718176,127.40845118382803,126.10537571507032,126.5282211303711,15266000
2021-11-23,125.9327515381933,126.08809242517265,124.69871520996094,124.69871520996094,15318500
2021-11-24,125.0783784998582,126.70075988769533,124.94892561186532,126.70075988769533,13769700
2021-11-26,128.43533353406906,130.0318140034246,128.2972557039484,129.90237426757812,20064800
2021-11-29,127.98656492635814,129.13431200008597,127.8657501379565,128.85816955566406,23234200
2021-11-30,130.16131898570876,131.23140284555348,129.6607965271281,130.81716918945312,31481100
2021-12-01,130.02570933685735,131.6846176678423,129.4208878839946,131.62413024902344,30826500
2021-12-02,132.1338393348082,132.18569132166402,130.25892791687508,131.78823852539062,17754200
2021-12-03,131.05389113309718,134.02610716172853,130.76877756238702,133.36082458496094,34427100
2021-12-06,133.10158243718777,133.36078970842382,131.269860721928,131.52906799316406,30924200
2021-12-07,131.08836999322776,131.78822010395962,130.34531649140123,130.46627807617188,22115900
2021-12-08,130.00844267978673,130.01707809055665,128.1853690360054,128.21128845214844,33633900
2021-12-09,129.03208341237962,129.46409120190853,128.2890294870366,128.92840576171875,17544900
2021-12-10,129.53317898570987,129.80967022444412,128.57412142507084,128.61732482910156,14298700
2021-12-13,129.9393148241241,130.7342076507573,129.87019198913436,130.51820373535156,17860500
2021-12-14,129.9219961284716,130.40584266037357,129.00614188111007,130.20712280273438,14015500
2021-12-15,129.26536129726725,130.2848932733432,128.8506375429169,128.95431518554688,25383900
2021-12-16,128.66714083092978,129.64458283023382,128.64983735165617,129.00448608398438,18677900
2021-12-17,130.04245917978938,130.59605168032658,129.8867674758975,130.46630859375,18093500
2021-12-20,130.39711761264874,130.63066838460236,129.40238534482984,129.48887634277344,17147300
2021-12-21,128.13947519509796,129.05636146096748,127.6896772009918,128.99581909179688,16598200
2021-12-22,129.51486857846962,129.62732143222286,128.90073345110605,129.5927276611328,12253900
2021-12-23,129.39373227150904,129.40239061073683,128.04435122075384,128.46820068359375,11642500
2021-12-27,128.4162777229693,128.89201113245406,128.2951797862247,128.77957153320312,7821800
2021-12-28,129.40235747300326,129.55804915497987,128.0270149554542,128.2692108154297,9174600
2021-12-29,127.07552965053166,127.42151995061796,126.64303517608184,126.86792755126952,11771200
2021-12-30,127.36965471649292,127.99244797202032,126.67766074383056,127.93189239501952,10355000
2021-12-31,127.85403917003492,128.9093269478284,127.52533908225732,128.1827392578125,13402300
2022-01-03,126.64307517425816,127.10151840607216,124.8006439076208,124.81794738769533,33860400
2022-01-04,124.22111958122731,124.67091773342833,123.46858307939652,124.29896545410156,21996400
2022-01-05,124.67953248285016,124.69683596105642,123.44260436417896,123.6242446899414,20911700
2022-01-06,123.33874724775616,124.07399299186946,123.0792479734408,123.9442367553711,18996400
2022-01-07,123.80594027567344,123.9010896401035,122.44790054687064,123.05339050292967,18756800
2022-01-10,122.525759652785,123.5291506589564,122.27491850058844,123.3561553955078,13775800
2022-01-11,123.58960174271743,124.2383433310388,123.433896898206,124.17778778076172,24388700
2022-01-12,124.47188879501444,124.5670380953606,123.6934041184968,123.7020492553711,14440600
2022-01-13,124.03083437043038,124.92177243124704,123.7194376463504,124.80067443847656,15166000
2022-01-14,124.05671847569828,124.0913254263144,122.6467822084918,122.9149398803711,22997500
2022-01-18,121.92883509784636,122.23157327860598,121.11574346042576,121.18494415283205,21171700
2022-01-19,121.55690823365374,122.5776021599578,121.36660958974426,122.02400970458984,17930500
2022-01-20,122.2834849918523,122.81978712189536,122.0412891390654,122.77653503417967,13959000
2022-01-21,124.03945391795244,124.64495695555183,123.40801545728036,124.23841094970705,28916600
2022-01-24,124.8179863896901,124.87852879083653,123.20044706383506,123.2177505493164,25001600
2022-01-25,123.78858515940078,124.30758387594354,122.6554516002576,123.01874542236328,15599000
2022-01-26,123.05340556610538,123.32156340682752,121.52238360380346,121.5310287475586,23655500
2022-01-27,123.1830856067358,124.01346764838787,123.11388490348402,123.76262664794922,21501800
2022-01-28,122.90634234126452,124.0913868104082,122.69875332961792,123.80593872070312,12826500
2022-01-31,122.9841180042063,123.65016316658031,122.7938325850686,123.165771484375,13998400
2022-02-01,123.24205494708424,123.311352038336,122.18529743536514,122.75698852539062,20806100
2022-02-02,122.95619632025506,124.35943913893615,122.9388687450185,123.17274475097656,18404600
2022-02-03,121.64820697638866,122.54904232476687,121.42298822649704,122.2112274169922,17234100
2022-02-04,121.13721216488534,121.38840255956192,120.21037842448546,120.40959930419922,23609800
2022-02-07,120.3229699105701,120.6694421033732,120.0111396502205,120.487548828125,12962400
2022-02-08,119.7166772559104,120.03716480296842,119.37886212826048,119.68202209472656,16269200
2022-02-09,120.15835376501488,120.72137420814916,119.69927230410528,119.90715026855467,14349100
2022-02-10,119.24020476105706,119.38745607541703,117.663726188972,118.00154113769533,30896200
2022-02-11,118.55593772897426,119.97649499098225,117.24798988715357,119.75128936767578,43210300
2022-02-14,118.7811197058492,119.30949827318555,117.7763320668056,118.26139831542967,23157400
2022-02-15,117.45587232984232,117.66375036126098,116.88418130930675,116.9188232421875,18198500
2022-02-16,117.75903723958668,117.8629894768136,116.51171612940516,117.61178588867188,16473700
2022-02-17,118.19211538682312,119.16226121718232,117.71570625812876,118.4866180419922,24508200
2022-02-18,119.11896523765678,119.85522197660153,118.80713496673094,119.73395538330078,17522600
2022-02-22,119.26622251841556,120.11508871374812,119.07565883131076,120.04579162597656,19534000
2022-02-23,119.25753581619745,119.40480036824468,118.29607354962728,118.39134216308594,17757800
2022-02-24,120.48754745712246,120.72141023692338,118.01889015602298,118.46931457519533,28150400
2022-02-25,118.5472357680026,118.93702017601257,117.95821735075788,118.55589294433594,15025400
2022-02-28,119.90716678312444,121.30173892731652,119.81189818100589,121.15448760986328,25817700
2022-03-01,121.73993448571666,123.44859662950616,121.4276913215072,122.55523681640624,35664400
2022-03-02,121.28891587262498,121.79197504836168,118.31394373309963,118.36598205566406,30397400
2022-03-03,119.2507128371159,120.30018798279885,118.84306152891992,119.57162475585938,20649100
2022-03-04,121.73997908612829,122.13896175556508,120.82926842065726,121.63590240478516,25853100
2022-03-07,120.66443976423828,121.98280139745464,120.36087844534973,120.7078094482422,23710900
2022-03-08,119.26807414443375,119.90991134574054,119.0425702148491,119.49359130859376,28331300
2022-03-09,118.88642663526366,119.1205991555168,118.071124050338,118.32264709472656,18819200
2022-03-10,116.94354670762264,117.23843936564066,115.98079801327204,116.62263488769533,26868900
2022-03-11,116.50986505529865,117.48128229781624,116.40578841776242,117.01292419433594,15583800
2022-03-14,115.09614830138042,115.26094520926767,114.24615782522729,114.28084564208984,24385000
2022-03-15,115.23487873401268,115.48640169809272,113.78642144362904,114.08131408691406,17518800
2022-03-16,114.34157628371992,115.46912233581,113.03189601600178,115.20024871826172,25857700
2022-03-17,115.20019424531158,115.65120186522688,113.68234807145028,114.34152221679688,19330600
2022-03-18,114.98339369850314,115.82470222666832,114.98339369850314,115.73797607421876,55891700
2022-03-21,113.86448948031745,114.2027518341632,112.53745922795564,113.05786895751952,26122000
2022-03-22,111.85228075843132,112.1818612787384,111.31452043711914,111.60941314697266,21830900
2022-03-23,112.20787300513668,114.14205248259051,111.76553396968625,114.05531311035156,21266100
2022-03-24,112.45073096875912,113.77776135219754,112.4073745158206,113.16195678710938,17141600
2022-03-25,112.3206269564184,112.33797747707185,110.71604789478369,111.5920639038086,25684500
2022-03-28,112.2252307025469,113.240017896695,111.92165611486912,112.546142578125,17657800
2022-03-29,113.24002044502772,114.0986926599707,112.5288078225524,113.39614868164062,19319700
2022-03-30,112.81505046596934,114.4976808925576,112.74566159767085,114.28084564208984,16310200
2022-03-31,114.4716102543569,115.0700773941064,114.1940681405204,114.558349609375,19901000
2022-04-01,112.9357205244178,115.49830623500628,112.67513026998414,114.99447631835938,23489700
2022-04-04,114.60352908127864,114.64696519523616,113.54376477879312,114.1952667236328,13609900
2022-04-05,113.58720350887768,113.60458060785687,111.4415890770224,111.6153335571289,25196900
2022-04-06,109.82587417709252,111.45028836566487,109.7998151550837,110.7119140625,22952000
2022-04-07,109.5478987360103,110.03435147999836,108.93983280602522,109.87799072265624,23458800
2022-04-08,108.97456783736092,109.30466643351843,107.94085581247198,108.68791198730467,26859200
2022-04-11,107.6455253376375,107.88006981941548,106.46413426013594,106.96796417236328,30020700
2022-04-12,107.7584234779928,107.85397762600968,106.55965566738854,106.82025909423828,23124200
2022-04-13,106.88975762245803,107.97559422314364,106.75076735640836,107.03742980957033,17189500
2022-04-14,106.7247156527088,106.78552224141772,104.57041277323934,104.8918228149414,34274500
2022-04-18,104.99606370194624,105.17848346491148,103.97103363331694,104.37062072753906,18784300
2022-04-19,103.5019329314328,103.99707409323815,103.08496881376628,103.58879852294922,26012300
2022-04-20,104.43141722212265,105.95158839399951,104.17081379883275,105.67361450195312,31423200
2022-04-21,104.96131795272905,105.0308130905167,103.51932366703024,104.8918228149414,23323200
2022-04-22,104.30111591871292,105.49119516951151,104.07526005947236,104.23162078857422,19773400
2022-04-25,105.4391058154215,106.14273264570578,105.22193843158294,105.27406311035156,25418900
2022-04-26,106.3598526542024,106.87236427061302,105.7691573681751,106.33379364013672,26931300
2022-04-27,106.14271786142098,106.25564249941596,104.90920225618932,104.97000885009766,14560500
2022-04-28,104.57909874732118,105.16979414912964,104.24900679208918,105.12635803222656,16892500
2022-04-29,103.6409371761968,105.08293146651133,103.46720595859266,103.7625503540039,26153400
2022-05-02,102.55565206400358,102.91240932058749,101.74641409333412,101.96395111083984,29233900
2022-05-03,103.5824330400938,103.817370111552,102.58176137397976,102.65137481689452,21256700
2022-05-04,102.65136715792804,103.5215152133297,102.11187297364596,103.21696472167967,25575700
2022-05-05,101.24174145487002,101.34616162850702,99.21429456133627,100.38899993896484,48384500
2022-05-06,99.3186766740285,100.10181107943312,98.5964523535608,98.90970611572266,32790500
2022-05-09,98.20493336753988,99.81470632428793,97.99609964352447,99.77989959716795,26773000
2022-05-10,100.84144898464396,101.77250705874418,100.48469176456746,100.68482208251952,33640800
2022-05-11,99.8407594905509,102.62523651123048,99.57971912650976,102.62523651123048,34173600
2022-05-12,102.69488599260212,103.45191730436956,102.38163875324378,102.43384552001952,26405700
2022-05-13,101.78992499371958,101.93784857355752,100.85016347703794,100.9197769165039,20782700
2022-05-16,101.11991918756206,101.75513027990633,100.80666531170787,100.81536865234376,11050600
2022-05-17,99.81466680111166,100.37156093711135,99.51011635778396,99.59712982177734,15040800
2022-05-18,99.8233909059087,101.80732750797416,99.72767408399298,101.7203140258789,21337300
2022-05-19,103.23436649642905,103.30397993531956,101.67680065444355,101.96395111083984,21937500
2022-05-20,101.88563107257734,103.56501705953777,101.85952769350428,103.12124633789062,22780900
2022-05-23,102.42513301689048,102.89501379195056,101.40706132361196,101.4244613647461,15925200
2022-05-24,102.59046275526543,104.10451859688564,102.55565603447262,103.4258041381836,23388200
2022-05-25,104.07842589326718,104.08712923403404,103.19087101875483,103.83478546142578,14410800
2022-05-26,103.56502139264792,103.62593149260104,102.50344631327972,103.3648910522461,14912900
2022-05-27,103.86089661461835,104.19155056275233,103.3214023046799,103.61725616455078,11190400
2022-05-31,101.96395558174908,102.00746564263925,100.87627044652764,101.4244613647461,28393700
2022-06-01,102.01461218627604,102.28483589855917,100.84654239078075,101.30854034423828,15544800
2022-06-02,101.66591689931268,101.73565418559696,100.64603402683105,101.36082458496094,9832000
2022-06-03,100.323524790923,101.16907127288424,100.13175718979548,101.1429214477539,15330400
2022-06-06,100.37581245485732,100.68962359918598,99.20773616196426,99.27747344970705,20815400
2022-06-07,99.90509588389622,100.92497877919313,99.87894606358304,100.34966278076172,14278700
2022-06-08,99.9660878516046,100.35834835335926,99.44307163242772,99.46050262451172,11476100
2022-06-09,99.23390208130508,99.99228024488602,99.09443413370698,99.7917938232422,15527300
2022-06-10,99.68718633955632,99.90511040786586,98.47552905179649,99.17288208007812,21917100
2022-06-13,97.18540963639234,97.34231522190107,95.22409314279015,96.06092071533205,36968300
2022-06-14,96.3485614039798,96.7408286088956,94.65746897283871,94.8492431640625,21865900
2022-06-15,95.96501761719637,96.74954541408526,95.04102190670125,96.61878967285156,25202800
2022-06-16,94.53545945765168,97.38591003417967,94.24780473796372,97.38591003417967,26067300
2022-06-17,97.63868856618151,98.35347915006108,96.72340493964046,97.69970703125,21614300
2022-06-21,95.96503143258784,96.77570916432823,95.72095756075448,96.04348754882812,17663800
2022-06-22,98.23145900557444,98.77190645981358,97.96122862793985,98.68473815917967,23703800
2022-06-23,99.28620948490578,100.39326085504968,98.92881081115316,99.49541473388672,20669200
2022-06-24,98.90264616539044,99.52154964499536,98.06581864435364,98.1181182861328,18161300
2022-06-27,96.95006121392888,97.82175749292408,96.89776156535392,97.28130340576172,12053000
2022-06-28,97.0110791195923,97.7868882713157,96.64496828068086,97.73458862304688,13706600
2022-06-29,97.9612082668133,99.2861901029066,97.77815287837548,99.26004028320312,12925400
2022-06-30,100.1230408181259,100.91628101875,100.02715368995489,100.13175964355467,25802100
2022-07-01,101.22961962784264,102.70569840041084,100.63569235145351,101.15974426269533,21858800
2022-07-05,102.09433394914672,102.84547767374389,101.46546881565294,101.95458984375,16689700
2022-07-06,102.53103683325718,102.66205150277672,100.24266815185548,100.24266815185548,20205400
2022-07-07,100.53088661516104,100.59202589819112,99.1421486161858,99.36050415039062,13088000
2022-07-08,99.1334551662869,99.1334551662869,97.86699518866732,98.2600326538086,15320000
2022-07-11,99.38670391526676,100.26012603597704,99.30809245928822,99.95442962646484,13639900
2022-07-12,100.8890045007955,101.51786957786844,100.4173556929908,100.54837036132812,18547300
2022-07-13,99.36925881268614,101.8847194703835,99.0897639244624,101.70130157470705,20594800
2022-07-14,100.5134289864259,101.45672656744514,99.98064090809184,100.87152862548828,15665000
2022-07-15,101.17721782303572,102.0331744549969,100.96759837459544,101.43924713134766,16022600
2022-07-18,100.66193356658096,100.72307286922803,99.72737184687026,100.38243865966795,15838300
2022-07-19,100.36496296387294,100.57458245687604,99.27318505327656,99.84090423583984,9276800
2022-07-20,100.86278488311324,100.92392416225854,99.61379104027516,100.1029052734375,9117300
2022-07-21,100.60950490576386,101.9458397996691,100.45228864391132,101.83229064941406,14754900
2022-07-22,103.3171282988881,104.17307845131744,103.03763341960942,103.54421997070312,17715300
2022-07-25,101.93710140109953,102.6620434067462,101.72748194460875,102.5310287475586,24868100
2022-07-26,103.81495453560092,104.14685254489476,102.53975902997894,102.60963439941406,13536000
2022-07-27,103.07255477802038,103.49179369865756,101.93710326256986,102.0331802368164,15725600
2022-07-28,103.10749594577452,103.86736901396009,102.46989479185984,102.84546661376952,16637900
2022-07-29,102.80178479452609,104.20799499466057,102.47862286250952,102.5659637451172,16655900
2022-08-01,103.4698425843131,105.0886083424402,103.32109261576856,105.0361099243164,17974600
2022-08-02,105.13238254710885,105.60488843230252,102.6298550861526,102.81360626220705,17896300
2022-08-03,102.52484475228582,104.55486619339092,101.78984009682316,104.43236541748048,16731200
2022-08-04,104.10861374805536,104.607368802608,103.72360750391243,104.3973617553711,11003000
2022-08-05,102.43733485367748,102.472336025532,101.40482364923714,101.9123306274414,19492300
2022-08-08,102.9360867681293,103.71484446000068,102.86608442652968,103.55734252929688,17476300
2022-08-09,103.01486341242511,103.56611695154456,102.77860712723664,103.15486145019533,8223200
2022-08-10,103.01485058169126,104.04736185033954,102.13984125828736,102.48109436035156,14665300
2022-08-11,102.26234172679456,102.42858895821108,99.82981020726746,100.09231567382812,20663800
2022-08-12,100.71355692059927,101.12481231001338,100.12730236265556,101.10731506347656,12178400
2022-08-15,101.78984131220824,102.1573436443276,101.01982879638672,101.01982879638672,9031800
2022-08-16,100.84479004423574,101.5185440555572,99.96102906052737,101.4397964477539,11066000
2022-08-17,100.678580622592,100.71358180010242,100.0223235648036,100.3810806274414,14131300
2022-08-18,100.59980274902368,101.18605727561724,100.2672950004918,100.52980041503906,10738200
2022-08-19,99.07730278706164,99.17354766523565,98.6485434372937,98.91104888916016,16330900
2022-08-22,98.75355143809166,98.84105103409064,98.11479170329586,98.57855224609376,10457200
2022-08-23,98.16728634828884,99.29604904111672,97.77352819453556,98.0360336303711,17813200
2022-08-24,97.55481501502156,97.8873229238734,97.00356138963124,97.31856536865234,13971600
2022-08-25,97.4060061023663,98.95476916640098,97.1172515168684,98.67476654052734,21429700
2022-08-26,98.26353669683078,99.74229771833342,98.00978322549828,99.41854858398438,18764400
2022-08-29,98.8235583779518,98.88480876557676,98.1147962631012,98.59605407714844,14278300
2022-08-30,98.54355684474962,99.32231464360144,98.18479980161096,98.84105682373048,14346600
2022-08-31,98.6048116547212,99.17356242542851,97.63355068436802,97.89604949951172,13623500
2022-09-01,96.34050783000392,96.67371186616596,95.52502863238024,96.10375213623048,22490400
2022-09-02,96.17384968818564,96.94548283315967,95.98971018847251,96.64735412597656,13024400
2022-09-06,95.48992947943104,95.55130933093416,94.19217544634846,94.25355529785156,24648500
2022-09-07,94.9813927470396,95.99855267807014,94.88493769530724,95.7442626953125,17050100
2022-09-08,95.43731675698515,96.03358105966332,94.74460413275382,94.76213836669922,14671400
2022-09-09,94.990136141017,95.40226093734684,94.37633083311395,94.97259521484376,12529800
2022-09-12,95.2531983790916,95.4811836104966,93.75377017196978,94.19219970703124,14806900
2022-09-13,93.43807833839725,94.47277206475286,93.15748376971956,94.41139221191406,22158900
2022-09-14,94.1220118373408,94.88488133245934,93.92910853836818,94.7358169555664,13077800
2022-09-15,94.56922826206318,94.86736375809578,94.3324793095422,94.67445373535156,10260200
2022-09-16,93.850232143825,94.74463220782528,93.62224689556356,93.88530731201172,18903800
2022-09-19,93.78882246404996,94.54292161563592,93.64852852579558,94.1044921875,11084400
2022-09-20,92.67520573538016,93.68358797106237,92.42091588876156,93.16624450683594,20133800
2022-09-21,93.56087223756036,94.73586702262868,92.92076877971888,94.7270965576172,23132900
2022-09-22,92.7629085690078,92.91197298404042,91.83344022833052,92.30693817138672,29030600
2022-09-23,92.3683283174464,93.32410815243487,91.6843793347428,92.68399810791016,23042200
2022-09-26,92.3858737752456,92.42971940547828,90.50939586763502,90.91275024414062,25104600
2022-09-27,90.06220250520217,90.29895822207884,88.47508958426909,88.51892852783203,34609500
2022-09-28,90.4304542298664,91.58790768827114,89.86050130762123,91.4826889038086,39283100
2022-09-29,90.2287819072896,91.39500584675524,90.141097355504,91.00918579101562,19127100
2022-09-30,91.43005774680798,91.94740788142424,89.64127180685344,89.83417510986328,26485700
2022-10-03,91.2791880325478,92.00871999516096,90.66392415195438,91.26161193847656,27192200
2022-10-04,91.54287525905734,91.98235137004094,90.79576721155988,91.0067138671875,13788700
2022-10-05,90.294777853322,90.391456442404,89.28398130979001,90.13656616210938,20522100
2022-10-06,90.171721494111,90.39145958922975,89.24003411668734,89.63556671142578,13965700
2022-10-07,88.60716157923866,89.31911736051306,88.30832107554443,88.76537322998047,14814800
2022-10-10,88.33470711550406,88.34349851624484,86.84049087152172,87.38543701171875,15652600
2022-10-11,87.66669433783656,88.6862821527051,87.0074801593564,87.77217102050781,33246700
2022-10-12,87.2624019651328,88.36988397803142,87.18329946000627,88.202880859375,21447600
2022-10-13,86.45374246473314,88.2292230307724,86.436159664725,87.35906219482422,30292500
2022-10-14,88.06224145716155,88.06224145716155,86.35707168712872,86.63833618164062,18728200
2022-10-17,87.27118520427649,87.59640000864056,86.08460079724495,86.21643829345703,18969900
2022-10-18,86.09337197764702,86.54163951202057,85.14410862456738,86.41858673095703,16931500
2022-10-19,85.42538001233649,85.62753529510935,84.66068906294225,84.84526824951172,25431600
2022-10-20,84.31790700772936,84.6694893214447,83.2719514685418,83.39500427246094,25434900
2022-10-21,81.76013123079085,82.55998095686702,81.09213238262902,81.89197540283203,46280300
2022-10-24,81.58434539848786,82.22598347444065,80.73176066581185,81.2151870727539,31332600
2022-10-25,83.13132130937551,83.70264172228845,83.00826850731731,83.57958221435547,31213100
2022-10-26,84.17726553078529,84.985906807712,84.17726553078529,84.78374481201172,24843900
2022-10-27,85.24077835755534,86.04941268725108,84.57277287804163,85.67146301269531,20270000
2022-10-28,85.13530792145552,85.81209814335172,84.73978212638114,85.08257293701172,22244100
2022-10-31,84.69587340476838,84.92440295931033,83.52686483277158,84.47613525390625,23956700
2022-11-01,85.80306811609049,85.83831356049902,84.77216407607017,85.26558685302734,17585100
2022-11-02,85.38893724233719,86.02333498519036,84.55187318089529,84.8955078125,25010500
2022-11-03,83.85580762868078,84.92195717591832,83.78531673571096,84.43734741210938,29097500
2022-11-04,83.79414043529233,84.28757002645632,83.01876068115234,83.01876068115234,23561400
2022-11-07,83.52979066572,83.5826554689738,82.15524527969343,82.19049072265625,14522800
2022-11-08,82.64867544133524,83.67076640617438,82.62223631710913,83.0892333984375,20360600
2022-11-09,82.66629100511285,83.72362736464504,82.55174836158406,83.36237335205078,15637500
2022-11-10,85.23032530811355,86.72821932127545,85.15102139883497,86.56961822509766,45380900
2022-11-11,85.97047696146541,86.67537236113093,85.94404456039459,86.25243377685547,15943100
2022-11-14,86.27006951692215,86.34055368687467,85.54754795407072,86.04097747802734,13741100
2022-11-15,86.56962431595518,87.4947985624822,86.44626864606889,87.43312072753906,26608200
2022-11-16,88.12917193368123,89.38916740448482,87.88246066203489,89.3451156616211,28507700
2022-11-17,88.28781726007736,88.61383258813007,87.91775016707571,88.4023666381836,24528900
2022-11-18,88.64027368126247,88.8957981435891,87.7151058580612,87.79440307617188,14941300
2022-11-21,88.71955889827335,88.83410154105401,87.93536631355978,88.1644515991211,15534000
2022-11-22,88.68433669740399,89.53902038890509,88.57860034547997,89.41566467285156,18103100
2022-11-23,89.99716541221812,90.97520446777344,89.94430061647348,90.97520446777344,23234600
2022-11-25,90.4113151476953,90.69327200456917,90.2527139955549,90.66683959960938,9486100
2022-11-28,91.2924150714207,91.4686355550071,90.4817900911144,90.92234802246094,14563200
2022-11-29,90.006004543615,90.71970638257814,89.79453857695592,89.85621643066406,16576400
2022-11-30,89.5389821889052,90.51702117919922,89.31870325816114,90.51702117919922,21581700
2022-12-01,91.10349545664636,93.45284041928636,91.0593320758296,93.40868377685548,53156800
2022-12-02,93.00241205666252,94.59219278903774,92.3929924031396,94.58335876464844,24479500
2022-12-05,93.4793483790118,93.61183180097125,92.6491319622804,93.258544921875,20159700
2022-12-06,94.06223528068968,94.8482947359834,93.78844125916024,94.45967864990234,21754500
2022-12-07,95.71387577605915,96.87088362336344,95.56372431854226,96.68540954589844,30546700
2022-12-08,96.00529875903258,96.66770884266452,95.80216344021376,96.42041015625,13377300
2022-12-09,95.33409938575087,95.53723478552456,93.85912722387664,93.91212463378906,25872200
2022-12-12,95.26342878721393,95.4842322088905,93.85028823616096,94.21240234375,16897100
2022-12-13,96.305618267495,96.34094762249116,94.91013906788112,95.12210845947266,23854700
2022-12-14,95.08679735251228,95.6697149345438,94.40671897869156,95.52840423583984,19517500
2022-12-15,95.96312018697569,96.609428889557,95.75949339697102,95.9011459350586,20246200
2022-12-16,94.37832639633936,95.46731007317734,94.12157403749649,94.8298568725586,20838300
2022-12-19,93.69660717004392,93.70545580809234,92.9440609001119,93.23622131347656,26126800
2022-12-20,91.52748658593892,91.90818738115613,91.27958965039004,91.5806121826172,28869000
2022-12-21,92.33316636636845,92.43055542156866,91.15564906599162,91.81080627441406,15894100
2022-12-22,91.78425068607186,92.18266231617896,91.52749832569684,91.79310607910156,11322500
2022-12-23,90.81919488736216,91.0228215829147,90.32339434731534,90.44734954833984,15408900
2022-12-27,88.96885258716665,89.48235739863402,88.54388821226651,88.65898132324219,26475700
2022-12-28,89.11049577247425,89.22558886264332,87.95953785204061,88.13661193847656,17302900
2022-12-29,88.41106758182252,89.41151083165816,88.3490933407652,89.13705444335938,16593000
2022-12-30,88.41991753283058,89.0219558751996,87.97724247975586,88.14545440673828,20810200
2023-01-03,90.48278633589024,90.60673482159451,89.27870954217526,89.82762908935547,25313200
2023-01-04,91.38584003116452,91.6160329525782,90.4916345229187,91.05825805664062,21678200
2023-01-05,90.19060203576736,91.44779734639734,90.1109170276571,91.4389419555664,14771100
2023-01-06,90.92543813720596,93.22735343561352,90.8723193011358,93.12110900878906,27473700
2023-01-09,92.43942500354298,93.7851544429086,92.31546975133672,93.61693572998048,21472200
2023-01-10,92.54565583918604,92.8024082091742,91.63374620887168,92.06756591796876,20545200
2023-01-11,92.93519924900188,93.59921181093566,92.69615094408206,93.56379699707033,18794000
2023-01-12,93.68776799672862,95.44961319340692,92.5722247331208,95.40534973144533,32029600
2023-01-13,94.82097953405292,95.44072855996792,94.1835264809674,94.5111083984375,17750800
2023-01-17,93.55498241224798,94.4314842396911,93.5372783749356,93.9002685546875,13911700
2023-01-18,96.02510545349854,96.29956192137207,94.83873913652084,96.17561340332033,35497200
2023-01-19,95.70633595863389,95.94538424702584,95.12200845696889,95.5735321044922,17194700
2023-01-20,94.69705319994902,94.94495016634724,93.94450690775852,94.02418518066406,22754100
2023-01-23,93.46641935807264,94.0241875465032,93.39558972169502,93.58151245117188,12961500
2023-01-24,93.95337736213185,95.1308881412865,93.30706866354092,94.92726135253906,16417200
2023-01-25,95.06004350392185,95.53813337268474,94.41373495318162,95.15743255615234,11906500
2023-01-26,94.85640469413994,95.3079351151288,94.28092580537924,94.71475219726562,15549400
2023-01-27,94.01533652180892,94.69705317925504,93.94450688722898,94.47571563720705,11845500
2023-01-30,94.25437297595175,94.87412211283738,94.01533141558464,94.13042449951172,11459700
2023-01-31,94.71477601590225,94.98037704734112,93.7320366637993,94.88298797607422,13705300
2023-02-01,95.46436417300563,96.387491044114,94.4613405134138,96.02356719970705,25305800
2023-02-02,96.68043307270092,97.06211335570372,95.94370026122002,96.14785766601562,19548400
2023-02-03,94.77202595378856,95.07382295505344,94.15956732039024,94.70989227294922,20619500
2023-02-06,93.86666614200024,94.36373568216908,93.80453244947913,94.0086898803711,15182400
2023-02-07,93.49383657402282,94.29270293796591,93.2009177785666,93.2541732788086,18290300
2023-02-08,93.2364269312544,93.71574676621772,92.65946749442472,93.69799041748048,13530700
2023-02-09,94.50572063847991,94.63886614554788,92.659453429694,92.8103485107422,20469900
2023-02-10,92.66833357421864,92.70383949499627,91.53217119758234,91.7718276977539,16598300
2023-02-13,92.05589219859732,92.6861072189261,91.94050300515022,92.5440902709961,13134300
2023-02-14,92.49081270126152,93.05002254121992,91.54992941405388,92.33103942871094,15440300
2023-02-15,91.91385322822332,92.26889889901172,90.98184141224864,91.47003936767578,15246900
2023-02-16,90.6001594312234,90.7333049411694,89.94331682676827,90.1740951538086,19267300
2023-02-17,89.73915807527138,90.87532043457033,89.62376891355133,90.87532043457033,19560900
2023-02-21,89.65929474044553,89.82793943393182,89.01132340338377,89.10896301269531,22728000
2023-02-22,89.64151940482763,90.26286285721918,89.60601348422853,89.9255599975586,15165400
2023-02-23,90.12975259556188,91.06175798054116,90.06761890322991,90.80435180664062,15829100
2023-02-24,90.04097310780982,90.36051968209333,89.25985624975543,89.62378692626953,21403600
2023-02-27,89.90780511283788,90.27172892637503,89.57050904516177,89.87229919433594,14209200
2023-02-28,89.26872167687773,90.28949493384484,89.01130881923821,90.2806167602539,14955700
2023-03-01,89.71115932417493,89.89801968305296,88.94591778472176,89.31074523925781,19000000
2023-03-02,88.14505617582435,88.67005046334741,87.98488923253325,88.51878356933594,23763600
2023-03-03,89.80903216135604,90.67215383542003,89.48869820420343,90.66325378417967,30877300
2023-03-06,90.95689960521456,91.06367307123688,89.8624240572332,89.9603042602539,16631900
2023-03-07,90.280631970565,91.0903669050426,89.76453762477159,90.5119857788086,23096500
2023-03-08,91.11703874290691,91.62423291773922,90.24501723400752,90.60094451904295,20252400
2023-03-09,90.3607168461148,91.2238317019766,90.16495645800708,90.82341766357422,21550400
2023-03-10,92.56745712228891,94.04455334086286,92.54076375740505,93.95556640625,43921500
2023-03-13,96.27797794247508,97.0788127807442,93.46616614102408,94.16912078857422,51502500
2023-03-14,93.55514275817562,93.97335686845386,92.3183005279374,92.62083435058594,38417800
2023-03-15,95.01446793058363,95.84199635521117,93.74203189677472,94.40939331054688,45164100
2023-03-16,95.54833233827028,96.12671344651793,93.4661684950784,93.67082214355467,43089300
2023-03-17,94.89877615622795,95.8597780366518,94.72970912483392,95.07673645019533,38129000
2023-03-20,95.10343322262888,95.1746200582662,94.07125126088876,94.24031829833984,24242800
2023-03-21,93.50175170196066,93.80428551059283,93.02125083935458,93.4305648803711,18934900
2023-03-22,93.1280316373654,94.7207943504246,92.93227127117962,94.67630767822266,26388500
2023-03-23,93.7508993581847,94.8097812723265,93.27039849266023,94.67630767822266,25475100
2023-03-24,95.29029016070616,95.59283080695072,94.55174883086656,95.07673645019533,23652700
2023-03-27,93.47505916819516,94.10682694070772,92.83439134571792,92.8432846069336,22224500
2023-03-28,92.75429724148763,93.1458179444189,92.558536890022,93.01234436035156,17794300
2023-03-29,92.27379757646824,92.94115871647766,92.18481744888338,92.8254852294922,16804400
2023-03-30,92.95006864050214,93.47506298989876,92.78100162800588,93.25260925292967,14315800
2023-03-31,93.74201254844756,94.8186879257909,93.50176547612712,94.64962768554688,25396700
2023-04-03,94.45247251760252,95.54080019760896,94.29189946963496,95.09476470947266,18234800
2023-04-04,94.36325633571217,96.165243319652,94.3364952983401,95.56755065917967,18052400
2023-04-05,96.13850664174213,96.67375478653858,95.81736728321226,96.56670379638672,23047700
2023-04-06,96.71834654955978,97.11978262614905,96.6915855056463,96.81647491455078,16447300
2023-04-10,96.02251449210392,96.12956545399636,95.05907625295504,95.25533294677734,19134400
2023-04-11,95.4962053944696,95.5318822460162,95.01448622704962,95.45159912109376,13971200
2023-04-12,95.49618919566537,95.603233344071,94.45246110698642,95.35345458984376,20563000
2023-04-13,95.49618921585994,95.79949004435412,94.45246112696027,94.60411834716795,22079400
2023-04-14,94.01537042284572,94.15810506227396,93.46228390400456,93.73883056640624,19801900
2023-04-17,93.15004447065506,93.3016948946626,92.51667492983448,92.62372589111328,19528800
2023-04-18,92.6058892377931,93.3017035356444,92.59697342799824,92.95379638671876,15922600
2023-04-19,92.695089406098,92.98946762713868,92.31149865132782,92.86457824707033,16093900
2023-04-20,93.51577289881465,93.91720199050536,93.44440560954897,93.65850067138672,16450100
2023-04-21,93.93509039501556,94.07781823319544,93.01625143676485,93.1322250366211,15244700
2023-04-24,93.63175951275063,94.10455599405812,93.52470855613052,94.03319549560548,17034300
2023-04-25,94.853929313675,95.56758216740748,94.80932303270797,95.41593170166016,21899900
2023-04-26,95.26425858917008,95.66568779859196,94.26513666430589,94.3989486694336,19610400
2023-04-27,93.84584811242549,93.90829279796688,93.3195295922851,93.4622573852539,20247600
2023-04-28,94.74684617436432,95.23748787467052,94.43462273142426,94.96986389160156,26954100
2023-05-01,94.14531762289234,94.27946734976722,91.97211388156242,92.2314682006836,32487300
2023-05-02,93.00952382327232,94.52986907958984,92.9111478195313,94.52986907958984,30057800
2023-05-03,94.7981713283925,95.3347633863784,94.15425812955414,95.05752563476562,23656200
2023-05-04,94.1005934238704,95.20060603105024,94.03799113584502,94.11847686767578,25110500
2023-05-05,93.32253842656742,93.8144184618616,93.10790296713824,93.80547332763672,15096500
2023-05-08,92.5802374410474,92.89325569085491,92.40137571813229,92.49080657958984,20587000
2023-05-09,92.5623543992472,92.687558970458,92.1151932668837,92.159912109375,19182500
2023-05-10,92.71440573045452,93.2241692484016,92.6875771489529,93.05425262451172,22886800
2023-05-11,94.17214409892264,94.36888928013,93.65343550985573,94.03799438476562,19147200
2023-05-12,93.9485536381421,94.12741535611976,93.2330931199571,93.2509765625,14198500
2023-05-15,92.4639721852933,92.53551959921226,92.22250819223794,92.2851104736328,20085300
2023-05-16,91.57860266252932,92.02576380167925,91.31924838304587,92.00787353515624,29251700
2023-05-17,92.18675470623133,92.25830213584403,91.53389635150738,91.73959350585938,21340900
2023-05-18,91.39971542823254,91.45337939369357,90.99727321452347,91.05987548828124,25536600
2023-05-19,90.55908759507052,91.09567966724666,90.2639595672752,90.4159927368164,29038000
2023-05-22,90.55013859991293,90.96152606514585,90.03142999556522,90.09403228759766,20131100
2023-05-23,89.81680146402637,90.5501455799956,89.68265173557643,90.3533935546875,21749500
2023-05-24,90.57695351928167,90.64850093456836,89.90621185302734,89.90621185302734,18473400
2023-05-25,90.05823848530117,90.14767615951506,89.45904427763297,89.68262481689453,22492800
2023-05-26,89.53957917397435,90.47861378917482,89.43225800803437,90.40706634521484,17030300
2023-05-30,90.68427987235376,91.43550730677924,90.55013016673853,91.310302734375,23125200
2023-05-31,91.21193980565722,92.2761856466966,91.10462548430095,92.10626220703124,23787000
2023-06-01,92.61111208300716,92.9249555018571,92.02825611012965,92.46764373779295,21040400
2023-06-02,92.36002147810376,92.42279015108848,91.40952247540032,91.45435333251952,19136500
2023-06-05,90.8804473870229,91.85785290939002,90.75491006727238,91.28396606445312,14433200
2023-06-06,91.31982722144444,91.88475199673825,90.9163153887524,91.82198333740234,14332100
2023-06-07,91.615765434821,91.8489091673486,90.36935396062287,90.45902252197266,25251100
2023-06-08,90.45005293975868,91.58885794095676,90.38728426790163,91.51712036132812,23845100
2023-06-09,91.10465042159151,91.70543732987495,90.87150668058864,91.39159393310548,22147400
2023-06-12,91.6785220988996,91.73232870167712,90.67422339734298,91.66059112548828,19010300
2023-06-13,91.56193617544368,91.75921105163734,90.5396998545044,90.7549057006836,25910800
2023-06-14,91.13154241704554,91.7233672065213,90.9791051862796,91.48125457763672,29094200
2023-06-15,92.3869081184164,92.9249262156364,92.00132722784234,92.3600082397461,25732000
2023-06-16,91.85788206669385,92.20759426004234,91.49023205553246,92.00135040283205,16759100
2023-06-20,92.4586633686728,92.95185070950492,92.4586633686728,92.63800048828124,17162900
2023-06-21,92.18965052967448,92.94288148022892,91.76820077464996,92.86217498779295,19720100
2023-06-22,92.18065940584152,92.58417121701038,91.64263453592244,91.74127197265624,23630700
2023-06-23,93.10427916343376,93.21187868854072,92.3420862150812,92.65592956542967,22901900
2023-06-26,92.91598378411824,93.07738993151771,92.5035029277135,92.75457763671876,12894900
2023-06-27,92.88904019775006,93.21185236444892,92.14478527461604,92.5124282836914,18105700
2023-06-28,92.72766820531125,93.11324229639084,92.20758102376308,92.9070053100586,23826800
2023-06-29,91.61575978015864,91.76819700917186,90.97013523225286,91.2301788330078,41091600
2023-06-30,91.51712887095094,92.41382817587116,91.34676065508158,92.30622863769533,32024900
2023-07-03,92.4662449929634,92.8438836591508,91.76492682115304,91.7829132080078,16011800
2023-07-05,91.61208483463648,91.71098939158766,90.57808701365424,90.9107666015625,28170300
2023-07-06,90.0925507971253,90.25439398206996,89.4361917235919,89.62500762939453,41375700
2023-07-07,89.17546741001328,89.55309932079977,89.00463098664858,89.08555603027344,28996500
2023-07-10,88.8877374993161,89.49015122578332,88.87874430435154,89.20243072509766,24665200
2023-07-11,89.52612498630964,89.88577735861362,89.2743703836364,89.66099548339844,20485500
2023-07-12,90.00266858314761,90.91978254805372,89.70595483804276,90.6590347290039,31928000
2023-07-13,91.09061069332216,91.68403817422404,90.83885607468456,91.6121063232422,32441500
2023-07-14,91.45924163951751,91.65705076814326,91.02765746253432,91.07261657714844,18569000
2023-07-17,91.01867126506195,91.2524394539751,90.73993710166891,91.11756896972656,18822000
2023-07-18,91.53116607666016,91.77392744046962,91.32436376987658,91.53116607666016,15407400
2023-07-19,91.71099437655432,92.59214224279688,91.46823299798616,92.5651626586914,27192500
2023-07-20,91.908796082302,91.98971424869376,91.06361420329245,91.44124603271484,56951200
2023-07-21,91.85487157146986,92.02570113716078,91.37832821930412,91.46824645996094,20657500
2023-07-24,91.70202226088398,91.84588596999176,91.0816288798045,91.13557434082033,17546700
2023-07-25,90.65901403829216,91.26142772768016,90.6320413148565,90.96471405029295,17160600
2023-07-26,91.42329496302384,91.43228815979914,90.74894926065885,91.05464935302734,19310700
2023-07-27,90.55111407258283,90.74892318600848,88.9326889678042,89.2833480834961,44794400
2023-07-28,89.37328173497865,89.78687959356321,89.14849984271753,89.7419204711914,27434000
2023-07-31,89.59803509289083,90.20944191951786,89.57106237197735,89.95768737792969,28663800
2023-08-01,89.11467972074362,89.18680980791137,88.26717527198564,88.48355865478516,34943400
2023-08-02,87.49181196786576,87.67213034404739,86.92380289205899,87.5368881225586,38121300
2023-08-03,85.82384534002725,85.94105159998969,85.23780028280444,85.51729583740234,59394800
2023-08-04,85.78776172201555,87.1672169885254,85.76972576056751,87.03197479248047,42071800
2023-08-07,86.65330298849366,86.73444417968675,86.10332309694982,86.17545318603516,35862900
2023-08-08,87.32952558518853,87.7893464020767,86.95085285537728,87.17625427246094,24010500
2023-08-09,87.3475498877344,87.7172114932831,87.31148483753172,87.6270523071289,20151100
2023-08-10,87.4918110488177,87.78032457490073,86.18447875976562,86.18447875976562,37253200
2023-08-11,85.9230252667952,86.43694023649198,85.83285919455972,85.98613739013672,26753500
2023-08-14,85.84186722884823,86.49102435295839,85.56237169768599,85.79679107666016,19072000
2023-08-15,85.47221144421603,85.83284817202333,85.25582115308606,85.27385711669922,24125000
2023-08-16,85.00335223632464,85.46317289594049,84.49845543593267,84.60664367675781,23076700
2023-08-17,84.30013448603815,84.3993116651417,83.86736071552208,84.24604034423828,32244900
2023-08-18,84.23698319651554,84.92220514845656,84.11977698420692,84.54352569580078,24181700
2023-08-21,83.54277315801615,83.63293233683628,83.1550824982556,83.41654205322266,29254100
2023-08-22,83.5247355629254,84.10176255054424,83.3624462927386,84.05668640136719,21308700
2023-08-23,85.02142275156378,86.14842990957122,84.95831062586359,86.13941192626953,38294700
2023-08-24,85.76975863383538,86.1484383036398,85.55337516445175,85.5714111328125,22300800
2023-08-25,85.3460017348765,86.11236522991636,85.21075949958573,85.85089874267578,23865200
2023-08-28,86.23857151898733,86.24758950044988,85.55334938062529,85.9410400390625,16037300
2023-08-29,85.62547769337836,87.01395102543431,85.59843062825782,86.83362579345703,28478100
2023-08-30,86.69839308795288,86.91477649416066,86.44593775555526,86.74346923828125,17550100
2023-08-31,87.04100536660802,87.50082614820776,86.94182820040602,87.13116455078125,26959700
2023-09-01,86.63290236647344,86.65098553110022,85.5658162707092,85.7738037109375,32469700
2023-09-05,85.25833764759868,85.26738267855939,84.54393198711904,84.57106018066406,29435900
2023-09-06,85.08650713021308,85.1045971901305,84.5167944308687,84.77904510498047,23636300
2023-09-07,85.00513038424766,85.06843180111352,84.71575149295562,85.01417541503906,18091500
2023-09-08,85.34875218031976,85.81899711647723,85.1588479597186,85.33971405029297,17052100
2023-09-11,84.73383824170025,84.9870508192183,84.5981972707729,84.72480010986328,17061500
2023-09-12,84.9056809801499,85.2221881585549,84.62534703632532,85.21315002441406,20034300
2023-09-13,84.93278713367029,85.48441674398185,84.84235752036322,85.19503784179688,23332300
2023-09-14,84.95087903429913,85.19503968544568,84.46255083266867,84.58010864257812,27800600
2023-09-15,84.51682180170418,84.53491186748009,84.06466674804688,84.06466674804688,25642900
2023-09-18,83.96517985069534,84.5801109100483,83.93805165532261,84.54393768310547,17963400
2023-09-19,84.17317333809449,84.48968044650361,83.91996765136719,83.91996765136719,24941800
2023-09-20,84.36307896541386,84.64341285176906,84.13700147013705,84.18221282958984,29451200
2023-09-21,82.5544432865538,82.62678972711016,82.01185878105377,82.0208969116211,59958700
2023-09-22,82.12039370379759,82.84384450592101,81.99379084832671,82.68106842041016,29524500
2023-09-25,81.08041110872033,81.42404631136235,80.61921122936579,80.6463394165039,45587900
2023-09-26,80.87243919682156,81.04426029530572,80.22133492818408,80.36602783203125,38104100
2023-09-27,80.9719181695051,81.04426462529398,79.66066453084842,79.9500503540039,47111200
2023-09-28,79.23565497981193,80.23943976219289,78.76540985507812,80.19422149658203,60238000
2023-09-29,80.72774156771462,80.92669084919062,79.69682883582712,80.2032470703125,49010100
2023-10-02,79.66802584090526,79.7678155414115,78.66106207847973,78.86064147949219,44704300
2023-10-03,78.29819028329835,78.60663306027209,77.01000478939267,77.16422271728516,71362600
2023-10-04,77.80829509382548,78.29816978463536,77.44543110465099,78.25281524658203,56281600
2023-10-05,78.11674715433449,78.1893227293442,77.69037430263715,77.86273956298828,35758800
2023-10-06,76.38404476969761,77.73573895523185,76.25704096881613,76.91928100585938,62787900
2023-10-09,77.56337439561796,78.74270332449441,77.06442594389604,78.72455596923828,29424900
2023-10-10,77.88087658595276,79.07834583642793,77.58150754303709,78.61569213867188,54743900
2023-10-11,79.69524001921896,80.2576904296875,79.46844650355744,80.2576904296875,58517700
2023-10-12,79.87668262473775,80.00368644560113,77.95347103265225,78.08047485351562,66986700
2023-10-13,79.46847301030867,79.67712615963671,79.07838775641017,79.47754669189453,44183800
2023-10-16,78.18931276177202,78.35260432413357,77.92623152679023,78.19837951660156,38309800
2023-10-17,77.00998000275955,77.68128664783801,76.65618278973264,77.33656311035156,52949100
2023-10-18,76.54732561314798,76.85576831569244,76.06652458856907,76.65618896484375,63724600
2023-10-19,76.09374799517603,76.71970023184333,75.05957025184011,75.08678436279297,87696900
2023-10-20,75.28635960243898,75.78530801312637,75.08678023816402,75.51315307617188,52188800
2023-10-23,75.12306729884156,76.98277653396218,74.7692700369308,76.42032623291016,70890400
2023-10-24,76.6017445665012,77.4272689819336,76.28422825476466,77.4272689819336,46267700
2023-10-25,76.22074790288919,76.32053758541427,75.413363686959,75.70365905761719,60737200
2023-10-26,75.7308779350528,76.94648760224844,75.65830236415496,76.8648452758789,49704100
2023-10-27,76.37500029364202,77.08259508245675,75.96676773927115,76.53829193115234,32362300
2023-10-30,76.03025088328174,76.65620315936333,75.51316197905427,76.19354248046875,45026900
2023-10-31,76.53827013257116,76.90113418263473,75.79438775603982,75.82160186767578,37269200
2023-11-01,76.50064212032493,77.48375531245657,76.48243246216524,77.46554565429688,72308500
2023-11-02,78.9038323462712,79.4773117819806,78.48510033758545,79.23153686523438,69739400
2023-11-03,80.842741463993,81.06121576381491,79.72309019345161,79.76860046386719,77692300
2023-11-06,79.25885767268517,79.37719273461934,78.83102075999122,78.994873046875,41341900
2023-11-07,79.75039938337596,80.56055582991111,79.73218971887398,80.16002655029297,37834200
2023-11-08,80.54234516751605,81.58007370332342,80.51503067345674,81.52545166015625,53893400
2023-11-09,80.96107111538096,81.04299375662315,78.95843200839923,79.65025329589844,88975100
2023-11-10,80.31478779959099,80.49684279049534,79.89604881959607,80.0963134765625,36516400
2023-11-13,79.39538890543005,80.05079794154618,79.10409677215091,79.91425323486328,25661500
2023-11-14,81.92599555187088,82.0625402667812,81.27969130924488,81.7257308959961,65666800
2023-11-15,81.02482007720725,81.1431551386153,80.38761365551287,80.57877349853516,56205300
2023-11-16,81.288808816934,81.88959593328153,81.24329158988252,81.5801010131836,49473900
2023-11-17,82.07163949721182,82.31741441131064,81.5982854438295,81.96240234375,44091400
2023-11-20,81.58008417572226,82.52678535438055,81.57097934320038,82.46305847167969,40477800
2023-11-21,82.38115665998515,82.65424614512698,81.82587979982982,82.42667388916016,27721000
2023-11-22,82.94552112226079,83.12757611122896,82.27190238418265,82.71794891357422,31197500
2023-11-24,82.01701709640318,82.16266663372788,81.73482979902681,81.74393463134766,20199600
2023-11-27,82.19907105596198,83.14576517706357,82.11714146291479,83.10935974121094,39804400
2023-11-28,82.7543671119024,83.3187417843094,82.64512994387856,83.27323150634766,44989300
2023-11-29,83.84672113072239,84.38378831217351,83.54632409112058,84.320068359375,61647800
2023-11-30,83.71928354395301,84.01057575695057,82.98195164901165,83.34606170654297,60520900
2023-12-01,83.38164388694261,84.9796931773121,83.21727282411265,84.915771484375,64172200
2023-12-04,84.45920991025376,84.76969176890353,84.09394000411332,84.57792663574219,33766300
2023-12-05,85.50021551630256,86.40426000536465,85.44542747464179,86.39512634277344,73588600
2023-12-06,86.82431689791657,87.71009405142716,86.63255178740549,87.54572296142578,61606100
2023-12-07,86.91564412490112,87.73749968367763,86.80606106141622,87.04348754882812,47970200
2023-12-08,86.2216166020685,86.49557072841607,85.7559043409976,86.3311996459961,44809200
2023-12-11,85.84724880833004,86.23991280521614,85.40892345278118,86.14859008789062,33909700
2023-12-12,85.97506716284755,86.47730712684738,85.74677437004495,86.40425872802734,36996900
2023-12-13,86.90649393669862,88.55933840367084,86.76951687512351,88.43148803710938,70828500
2023-12-14,89.4676385746389,90.73187255859376,89.2477663248628,90.73187255859376,87798600
2023-12-15,90.41123029209272,91.01586147893534,90.31045726272056,90.8326416015625,59941300
2023-12-18,90.23714199593832,90.23714199593832,89.79740462458662,90.10888671875,34746000
2023-12-19,90.56694673986335,90.93339339843588,90.38372690527144,90.59442901611328,30018400
2023-12-20,90.7960037004143,91.32735117367008,90.31046469496678,91.208251953125,51229400
2023-12-21,91.37313009488794,91.46474001849788,90.46617996918783,90.6310806274414,65231200
2023-12-22,91.04333023844104,91.04333023844104,89.99896171588288,90.21883392333984,29244200
2023-12-26,90.27379577410974,90.57611480825764,90.21883121858798,90.475341796875,24019700
2023-12-27,91.4097788695784,92.0968638063484,91.15326827815323,92.07854461669922,45082800
2023-12-28,91.69375998506476,92.13349736355474,91.20822114362886,91.4097671508789,36213000
2023-12-29,90.8143020503691,91.44642241620716,90.51198999614978,90.58527374267578,41616200
2024-01-02,89.98981896486747,90.3745849009087,89.779109815479,90.06310272216797,47797400
2024-01-03,89.21110999667575,90.55779765629973,89.00040785324832,90.43870544433594,58159500
2024-01-04,89.24777220462248,89.44931828550006,88.9271338893132,89.0645523071289,52604500
2024-01-05,88.40492260352116,89.48593644446619,88.13924894039012,88.21253967285156,45894800
2024-01-08,88.15757827496537,89.2111028869205,88.02931599387053,89.08284759521484,39485800
2024-01-09,88.5331812496628,89.01872013921103,88.48737279278916,88.51486206054688,34374000
2024-01-10,88.78970033903265,88.9087995425573,88.05681388457342,88.10261535644531,48227800
2024-01-11,88.10261092593404,88.70724903511196,87.68119966319922,88.5973129272461,78858900
2024-01-12,88.66145499422048,89.11034860957315,88.19423519654853,88.42326354980469,38883900
2024-01-16,87.5987687846657,87.75450639047527,86.58188231714779,86.86587524414062,61716700
2024-01-17,86.6643040596498,87.03075072373275,86.26121901960846,86.72843170166016,55506800
2024-01-18,86.53605062629359,86.6459867246862,85.66574589619938,85.92225646972656,77339100
2024-01-19,85.84897723752727,86.27038852039986,85.43672904476209,86.19709777832031,47030900
2024-01-22,86.86587401718404,87.10406546289892,86.47194496785934,86.71013641357422,35756400
2024-01-23,86.01387005281974,86.1054799773532,85.59245880845445,86.02303314208984,35786700
2024-01-24,86.58185969623864,86.60934197368475,85.29013674115961,85.5191650390625,54574900
2024-01-25,86.11465593224813,86.31620198996646,85.72072690745053,86.07801055908203,57019400
2024-01-26,86.05051958443343,86.1787748828643,85.64742750971382,85.91310119628906,29276900
2024-01-29,86.3986312958953,87.18648918553045,86.22457454543324,86.90249633789062,38243600
2024-01-30,87.47048819067902,87.80028250029812,86.79255941528017,87.69035339355469,40151400
2024-01-31,88.14840639968047,88.78052669535931,87.94686039297773,88.55149841308594,80646700
2024-02-01,89.53491401987087,90.68374018111498,89.32353393285388,90.28854370117188,84291200
2024-02-02,88.4779759114249,88.79965278558669,87.94492600187192,88.2941665649414,63823300
2024-02-05,86.97072273103079,87.17291723300272,86.41009507079139,86.51119232177734,53827400
2024-02-06,86.61228362019344,87.44863227325652,86.58471291943349,87.35672760009766,33411500
2024-02-07,86.91558182968694,87.5221653391199,86.8696259837441,86.9339599609375,40120200
2024-02-08,86.41008928447908,86.66743218640563,86.07923386289917,86.42847442626953,50087700
2024-02-09,86.17114073969755,86.40090593481374,86.07923606402655,86.25385284423828,27951300
2024-02-12,86.29981617275688,86.52038881587293,85.93219042631151,86.3549575805664,27890300
2024-02-13,85.34398234821786,85.52779169463494,84.8568812695232,84.87525939941406,49768500
2024-02-14,84.82931194342906,85.518607521479,84.76497796995282,85.30722045898438,44191600
2024-02-15,85.98732569700364,86.13437878983741,85.47265389584021,85.74837493896484,49598500
2024-02-16,84.99473931306278,85.33478729523124,84.86606436006102,85.2520751953125,33116800
2024-02-20,85.27965083841757,85.64727655374482,85.2153168641261,85.32559967041016,24469300
2024-02-21,85.31640789621342,85.38074186581845,84.56277839003593,84.7190170288086,36343100
2024-02-22,84.85690005507918,85.25209654805361,84.80175162944366,85.13261413574219,45190700
2024-02-23,85.24288152803105,86.39170742463524,85.24288152803105,86.27223205566406,38406700
2024-02-26,86.39171085286509,86.41928155357738,85.64727388612512,86.014892578125,27855000
2024-02-27,85.69323181542636,85.90461889646035,85.33479864435478,85.4083251953125,30242000
2024-02-28,85.54617195263583,86.02408043316306,85.38074074555395,85.95055389404297,34574200
2024-02-29,86.22627412449414,86.66742634332022,86.1895108552689,86.55713653564453,51038600
2024-03-01,86.14689807339671,87.13338300747395,85.75045980826785,87.09650421142578,45832800
2024-03-04,86.38658773646269,86.81069031534324,86.36815185794664,86.74614715576172,23864200
2024-03-05,87.79716522399048,88.21203926601932,87.55745662682014,87.98155212402344,37721900
2024-03-06,88.03685141903712,88.66377661718265,87.96310089224386,88.4978256225586,40571600
2024-03-07,88.83895905729557,88.87583784179411,88.02764690005453,88.41486358642578,39075000
2024-03-08,88.32269195308606,88.55317913768816,88.02766863815182,88.2581558227539,25023200
2024-03-11,88.47019590069586,88.51629614899569,87.9262495470915,88.21205139160156,17787900
2024-03-12,87.62201011047098,87.77873970995117,87.2993294545086,87.47449493408203,29566000
2024-03-13,87.12414973297119,87.34541544533785,86.85678377331931,87.0503921508789,38270100
2024-03-14,86.41426798877588,86.43270387068058,85.61216996464783,85.71358489990234,58365600
2024-03-15,85.7965271480113,85.91638495749139,85.54760414216086,85.68589782714844,34997700
2024-03-18,85.4923086515832,85.73201025647343,85.28025734919966,85.42777252197266,29519500
2024-03-19,85.60294433436191,85.99016114069046,85.4554361845796,85.66748046875,26953100
2024-03-20,85.83340937858173,86.46955613471627,85.08663329714328,85.63980102539062,43460100
2024-03-21,85.99012396659063,86.13763908651228,85.49227802162524,85.82417297363281,34276600
2024-03-22,86.83833032324675,86.85676619808429,86.4603280669442,86.64472198486328,30262300
2024-03-25,86.39580506384466,86.43268385302446,86.01780978409387,86.21141815185547,24011800
2024-03-26,86.21140928569118,86.54331132026607,85.99935802819257,86.45111083984375,34423000
2024-03-27,86.65396517399665,87.30854797363281,86.60787195464573,87.30854797363281,50157800
2024-03-28,87.11491391889248,87.60354551037724,86.9581843582104,87.23477172851562,34540400
2024-04-01,86.29312433983979,86.30237630228946,85.52537377164813,85.60862731933594,48945400
2024-04-02,84.70214364138168,85.28489037099318,84.48939080265812,85.13689422607422,43086300
2024-04-03,84.41538375127492,85.14613357471397,84.22113487018555,85.11837768554688,45494400
2024-04-04,85.68263670224442,85.80289106339988,85.1368907951509,85.72888946533203,47957400
2024-04-05,84.81312404644245,85.26637138525602,84.5263696810394,84.5356216430664,42495900
2024-04-08,84.38763828082703,84.72063133511624,84.29513276094524,84.52638244628906,37879800
2024-04-09,84.97962201720456,85.43286934503183,84.95186613179631,85.3126220703125,32522000
2024-04-10,84.3598560426339,84.45236153362367,83.29611346803287,83.45336151123047,74368900
2024-04-11,83.6013761499152,83.65688086826442,82.7966318342383,83.07412719726562,65751200
2024-04-12,83.84186789263268,84.12861518444284,83.5088678505143,83.51811981201172,47900100
2024-04-15,82.52838817780308,82.56538897402524,81.8808848296857,82.22313690185547,55993100
2024-04-16,81.44612615310996,81.93637426149712,81.2056245511389,81.67737579345703,45103200
2024-04-17,82.2046393846475,82.67638365410757,81.8253865192437,82.5838851928711,57947000
2024-04-18,82.54688650393894,82.57463533730015,81.94563590478472,82.16764068603516,43839500
2024-04-19,82.68563602516245,82.68563602516245,82.24164058616567,82.46363830566406,44826800
2024-04-22,82.02886800813093,82.43586961012869,82.00111918202718,82.32486724853516,24969000
2024-04-23,82.07515045539543,82.82439726002649,81.90865038134619,82.35264587402344,27222700
2024-04-24,81.91787067344855,81.98262029072352,80.93737445266216,81.7698745727539,48986800
2024-04-25,80.90036612545619,81.3073677145081,80.78936376739338,81.19636535644531,49282600
2024-04-26,81.6311468007425,81.96414694433417,81.44614985749425,81.62189483642578,31589800
2024-04-29,82.01038954814716,82.343382593302,81.84388949697967,82.30638885498047,39228600
2024-04-30,81.78838284124697,82.07513723530964,81.49238354141258,81.60338592529297,41054700
2024-05-01,82.24199492123418,82.80822142193932,81.90782822960807,82.20486450195312,59679500
2024-05-02,81.88000685419544,82.62260129973646,81.71292345804399,82.55762481689453,58925400
2024-05-03,83.4765658547997,83.65293359925427,82.86392447842343,83.39302062988281,50066100
2024-05-06,83.42088205479584,83.77361049687583,83.23522991535505,83.7179183959961,23868200
2024-05-07,84.37697631681604,84.69257436377355,84.10778599810807,84.22845458984375,30525800
2024-05-08,83.82930259775557,83.96853993185991,83.69007234555622,83.7179183959961,31171700
2024-05-09,83.42087829170592,84.25628809483688,83.37446348846323,84.12633514404297,39606700
2024-05-10,83.80144582402251,83.89426834091276,83.50440952083123,83.6529312133789,21913800
2024-05-13,84.05206903496533,84.1077611251574,83.82928651038975,83.86641693115234,23157500
2024-05-14,84.14489907619047,84.395520586387,83.93140090817514,84.33982849121094,25746400
2024-05-15,85.27737646794087,85.63938935331171,85.05459386009244,85.4908676147461,65142900
2024-05-16,85.76003891375991,85.78788496308194,85.34233401012023,85.40731048583984,37902400
2024-05-17,85.06386987983267,85.21239160380276,84.78539518834154,84.8318099975586,24755000
2024-05-20,84.54405395799398,84.76682945136706,84.47907747734745,84.58118438720703,17922800
2024-05-21,85.14740082350433,85.18452416635813,84.86892617877005,85.01744079589844,15334400
2024-05-22,84.7204093754693,85.19381346611239,84.71113208017194,85.11955261230469,38073700
2024-05-23,85.2123792329705,85.2123792329705,84.30270151048147,84.57189178466797,51294700
2024-05-24,84.44196569307194,84.90608553785574,84.37698919807848,84.82254028320312,19164400
2024-05-28,84.77611295735535,84.80395900850249,83.56939880700862,83.60652923583984,45973700
2024-05-29,82.92890147736762,82.98460065496766,82.31626717900187,82.59474182128906,45508400
2024-05-30,83.17024516661156,83.51369627899562,83.02173055173216,83.39302062988281,29548600
2024-05-31,83.98711979862762,84.15420320527771,83.77362158050019,83.95926666259766,41308800
2024-06-03,84.42308423398262,85.38243633339812,84.39514304368528,85.3172378540039,42272100
2024-06-04,85.87607853184191,86.43493073325811,85.68048310378661,86.3138427734375,42581500
2024-06-05,86.6212274032818,86.94721984863281,86.05306609591186,86.94721984863281,43153900
2024-06-06,86.54672340657176,87.02174508856582,86.49084101084418,86.81683349609375,22891900
2024-06-07,85.53148848184797,85.53148848184797,85.1309813990212,85.22412109375,35240500
2024-06-10,84.75840824085417,84.81429063167553,84.43241578422526,84.65595245361328,20586500
2024-06-11,84.78633206957444,85.56872091133062,84.68387630331945,85.53146362304688,30329200
2024-06-12,86.63986176243895,87.15214073570172,86.14621499153289,86.17415618896484,42554600
2024-06-13,86.82613698099927,87.5433203443368,86.57465202456117,87.44086456298828,33093800
2024-06-14,87.94382875837718,88.33501969001085,87.77617448680529,88.17668151855469,28776700
2024-06-17,87.1055525293515,87.37566256878443,86.88201588179047,87.30115509033203,31040200
2024-06-18,87.45019549461817,88.1114965825057,87.30117340035646,88.10218048095703,26881000
2024-06-20,87.00310904873182,87.5526381538749,86.93790345378027,87.515380859375,30246300
2024-06-21,87.77617481477188,87.99971858177119,87.1707562148278,87.515380859375,22596400
2024-06-24,87.5992055407589,87.86930847167969,87.31046330471302,87.86930847167969,56939100
2024-06-25,87.61783404309037,88.06491445772173,87.58989284957005,88.01834106445312,22890200
2024-06-26,86.88201378977212,87.05898414730189,86.72367563098324,86.76093292236328,38489100
2024-06-27,87.10555267333984,87.28252303542338,87.01241299554395,87.10555267333984,23140800
2024-06-28,87.30115716281588,87.33840734987544,85.48490142822266,85.48490142822266,55119600
2024-07-01,84.48606216320363,85.10275218260318,83.92543940928908,84.00953674316406,49735400
2024-07-02,84.7289877067934,84.85045369322592,84.16836504284532,84.66358184814453,34204700
2024-07-03,85.1868450961926,85.85959527376141,85.11209349230599,85.77550506591797,35563300
2024-07-05,86.21465699592454,86.64447516537022,85.86894329397347,86.48562622070312,34895500
2024-07-08,86.46693726950917,86.75659081594792,86.16793799065803,86.67250061035156,16095700
2024-07-09,86.40151794934283,86.59773552722633,85.84089527986086,86.28939056396484,30289800
2024-07-10,86.3828381303249,86.59774719908938,86.205311990429,86.56037139892578,23572500
2024-07-11,87.53211788418085,87.96192887860344,87.3359002864252,87.40130615234375,49761800
2024-07-12,87.39196594450748,87.77506256103516,87.21443267063317,87.77506256103516,27796500
2024-07-15,86.8967342642301,87.17704916172534,86.6911709565608,86.76592254638672,37918900
2024-07-16,87.39194603129768,88.02732025076513,87.2611343209988,87.98994445800781,36383700
2024-07-17,87.75638208417654,88.20488462691488,87.54148011082535,88.0086669921875,29036800
2024-07-18,87.53210930215043,87.96192025443248,87.25179440215152,87.33589172363281,34553100
2024-07-19,86.9341260014927,87.04625340679398,86.7285626561263,86.8219985961914,32164700
2024-07-22,87.27050531409718,87.38262559612176,86.2426956662067,86.5697250366211,36160400
2024-07-23,86.71921138648109,86.92477471872225,86.42021212014072,86.4482421875,23498000
2024-07-24,86.5136574422853,86.75659660026969,85.46716346088593,85.51387786865234,50757100
2024-07-25,85.99041294611261,86.7659448503299,85.92500707037777,86.21466064453125,44999100
2024-07-26,86.850037219454,87.03691624669574,86.62578951546989,86.88741302490234,34423800
2024-07-29,87.52277891336969,87.5414703786216,87.10231361837036,87.3545913696289,25801300
2024-07-30,87.59752780786314,87.87784274833032,87.17706252586743,87.69096374511719,28169800
2024-07-31,88.32632060677942,88.61597409351644,88.05535145231099,88.58794403076172,47445300
2024-08-01,89.1926489466487,89.91451904546753,89.17390232507444,89.35202026367188,77254200
2024-08-02,90.93637614312831,92.22073784498711,90.83325184540766,92.13636016845705,91912900
2024-08-05,93.45821968390167,93.69259178089013,91.78011461116816,92.62385559082033,90686300
2024-08-06,92.01449648682932,92.25824549629256,90.55200958251952,90.55200958251952,61316900
2024-08-07,89.95200587475249,90.42075005784648,89.53013897095532,89.91451263427734,51337100
2024-08-08,89.17389435130256,89.4363899446851,88.91139160545154,89.36138916015625,37815800
2024-08-09,90.4770173893237,90.50514090000678,90.0832667823517,90.24264526367188,32141800
2024-08-12,90.02700243204661,90.7676190648444,89.88637775322988,90.57074737548828,24261400
2024-08-13,91.21761393973406,91.27386094862902,90.9176179715142,91.19886016845705,30366900
2024-08-14,91.45200168209077,92.0238702120625,91.41450128557976,91.77074432373048,31334100
2024-08-15,90.38326630213156,91.0301284790039,90.19576431773643,91.0301284790039,38723700
2024-08-16,91.348876953125,91.44262436773,90.9457566331011,91.348876953125,28541000
2024-08-19,91.33012360531264,92.0238702120625,91.32075387053686,91.77074432373048,25322100
2024-08-20,92.1738565132484,92.68010109277785,91.98636169970506,92.5019760131836,25239300
2024-08-21,92.50197337462916,92.99884105356804,92.07072959380548,92.5582275390625,29230000
2024-08-22,92.0894857851599,92.1551096849989,91.33949222774102,91.63948822021484,33453800
2024-08-23,92.05199948191132,92.5019899632652,91.83637397659652,92.23949432373048,32005100
2024-08-26,92.5207255070417,92.53009524055749,91.9488570539735,92.0051040649414,23198700
2024-08-27,91.3957512771616,91.94887320790453,91.32075763351864,91.8457489013672,21507700
2024-08-28,91.88323979692686,92.0613577286863,91.62074419014968,91.73323822021484,18501400
2024-08-29,91.28324075578055,91.536359456377,91.05823840806345,91.43323516845705,24988200
2024-08-30,91.57387313969402,91.86449227376023,90.4395129603895,90.45825958251952,42896200
2024-09-03,91.75900886554624,92.22927850044672,91.62733394183373,91.93771362304688,48947900
2024-09-04,92.05999622235085,93.14161799491798,91.99415874971176,93.12281036376952,40885200
2024-09-05,93.43316317734396,93.7529502452662,92.9064635075248,93.64949035644533,47450900
2024-09-06,93.6307059731235,94.78756548877344,93.29211119397068,93.64010620117188,57406400
2024-09-09,93.48961797318034,94.14799268413562,93.2638905259594,94.0445327758789,26961400
2024-09-10,93.93166181400956,94.9098235402234,93.884631979042,94.7029037475586,31703400
2024-09-11,94.51478011512256,95.22018449957125,94.383105204085,94.62764739990234,39497100
2024-09-12,94.39253535698307,94.57124014035573,93.76237567716376,94.18561553955078,41618700
2024-09-13,94.48658259875457,94.62766493693952,94.0727429869442,94.43955993652344,25722100
2024-09-16,94.64646591063818,95.34247014987172,94.43955329503002,95.30484771728516,30866300
2024-09-17,95.43652322902835,95.59641318669333,94.7499263876651,94.84397888183594,31699400
2024-09-18,94.27965641698636,94.74052583560632,93.62128178430828,93.66830444335938,48897000
2024-09-19,93.03814595064443,93.4049557040454,92.89706362031822,93.3579330444336,39979800
2024-09-20,93.10398632865028,93.34852856381968,92.85004386671152,93.00052642822266,37067600
2024-09-23,92.64310384528603,93.19801848487528,92.1916419077989,92.80299377441406,35703900
2024-09-24,92.1728506008351,93.00992999651776,92.03176827190926,92.7842025756836,31005400
2024-09-25,92.41740219422346,92.47383226121596,91.9753475341261,92.01296997070312,36738200
2024-09-26,92.23869359653904,92.40799096625514,91.6273415850228,92.22928619384766,33332300
2024-09-27,92.68073882795832,92.88765861168449,92.37035915236903,92.70895385742188,28317600
2024-09-30,92.77479883702264,92.84063630302175,92.05998693778524,92.26690673828124,34175500
2024-10-01,93.22558162404452,93.7256772002977,92.83871088834108,92.93306732177734,45254200
2024-10-02,91.86684105673388,92.2159678367022,91.58376451092867,92.14991760253906,35810800
2024-10-03,91.84796043698506,92.00837431028924,91.28181457519533,91.28181457519533,39677800
2024-10-04,90.05515656913319,90.54581434269642,90.01741255594611,90.15895080566406,56954100
2024-10-07,89.62111436553202,89.89474587261965,89.41352588517479,89.47957611083984,42606600
2024-10-08,89.06438557747687,89.66827531979685,89.01720376679135,89.63053131103516,33709600
2024-10-09,89.328598302951,89.55506238559622,88.91342854930384,89.12100982666016,35807700
2024-10-10,88.58317628054027,88.78132696719163,88.13970028599769,88.77189636230469,53667400
2024-10-11,88.20575640212631,88.76246448288471,88.14913677435042,88.41333770751953,27406400
2024-10-14,87.79058441860074,88.48883081036321,87.73397198651988,88.4793930053711,28795300
2024-10-15,89.1304389963085,89.639972334503,89.045520372743,89.5550537109375,46429100
2024-10-16,90.00798315060464,90.22500944694518,89.77208844537738,89.9324951171875,32281500
2024-10-17,88.9700420056655,89.11158025923193,88.38502058376044,88.5076904296875,43427200
2024-10-18,88.74358255773475,88.960601634529,88.56430029512995,88.57373809814453,25258600
2024-10-21,87.77169654950356,87.83774677735128,87.02627563476562,87.02627563476562,49504700
2024-10-22,87.42255820096985,87.52635242225668,86.89414929289146,87.11117553710938,32096900
2024-10-23,86.6582788708905,87.15838171278041,86.48844158741345,86.87530517578125,33354200
2024-10-24,87.02627529615046,87.75282779964846,86.77150499048987,87.43201446533203,32507400
2024-10-25,87.74339341017222,87.79057523125928,86.82812079299043,86.94135284423828,28667100
2024-10-28,87.064024625583,87.08290023557021,86.26198397558859,86.7054672241211,33156500
2024-10-29,86.02606903785473,86.86585351164256,85.84679397869911,86.8375473022461,46545200
2024-10-30,87.60185717771274,88.02647198053948,86.96023046923162,87.09233093261719,41951100
2024-10-31,86.99797672134673,87.69623033087879,86.68660113756742,87.23387145996094,52173800
2024-11-01,87.34843078542502,87.5945841743163,85.96615649511516,86.00402069091797,80402000
2024-11-04,87.3673528660528,87.6419152051676,86.75195501791502,87.33895111083984,49747600
2024-11-05,87.13066271021387,87.95434973482405,86.72355402769166,87.80286407470703,46986000
2024-11-06,84.86790116433303,85.89040773817658,84.78269589479645,85.39808654785156,98895700
2024-11-07,85.91881653582891,86.74250365835508,85.8241415986182,86.46794128417969,56221400
2024-11-08,87.10226515235816,87.67032195870496,86.95077948494078,87.56617736816406,56756200
2024-11-11,87.33895624015086,87.38629731710857,86.74249767594829,87.14013671875,22369200
2024-11-12,86.50580428425047,86.96024682792572,85.69158690166218,85.83360290527344,57908400
2024-11-13,86.6478216236971,86.66676094510755,84.94365108172603,85.01939392089844,49009100
2024-11-14,85.73891712403395,86.18389721233383,85.46435478820564,85.5116958618164,53328300
2024-11-15,85.132999188083,85.82413994051453,84.74482978604799,85.28448486328125,73722400
2024-11-18,84.88685653713472,85.76734004845751,84.65962799559773,85.43597412109375,36010600
2024-11-19,85.9850741990306,86.22176511096619,85.7957243587755,85.8714599609375,29585100
2024-11-20,85.3507479877489,85.99454758504552,85.31287657340984,85.59690856933594,27755400
2024-11-21,85.63476896866106,86.01347587204938,85.20872821687007,85.53062438964844,28365700
2024-11-22,85.69158665932387,85.87146685503771,85.35075114091434,85.57797241210938,21547500
2024-11-25,87.2915900250543,87.84071457739705,87.09277056090926,87.79338073730469,56858000
2024-11-26,87.25375615038756,87.51884886132915,86.92238303847594,87.45257568359375,31122200
2024-11-27,88.08689632341442,88.40879251721717,87.7365911508345,88.0584945678711,39442200
2024-11-29,88.78749692739422,88.98631643379294,88.46560074272021,88.9673843383789,31905700
2024-12-02,88.61112440547818,89.44717270562704,88.35461419867099,89.18115997314453,39406000
2024-12-03,89.23815152509717,89.33315502724668,88.34510265862602,88.41160583496094,32768900
2024-12-04,87.98409478593676,89.48517490632638,87.91759160330194,89.36166381835938,35851100
2024-12-05,89.0386425754332,89.67517401710948,88.98164192343313,89.54216766357422,23695800
2024-12-06,89.98871193834401,90.11221579433898,89.3236727757526,89.6751937866211,31761500
2024-12-09,89.29514960347338,89.34265497733045,88.80112705755079,88.84862518310547,30509600
2024-12-10,88.37358750800095,88.63960741505645,88.26908874774867,88.43059539794922,28706500
2024-12-11,88.42111207003498,88.63012413251613,87.50906536418323,87.59456634521484,38748400
2024-12-12,87.06254302403448,87.16704905781,86.45451187205133,86.530517578125,45368400
2024-12-13,86.26449865982354,86.31199678648106,85.58046185089292,85.64696502685547,39486000
2024-12-16,86.02698397265071,86.09348714682831,85.55195922901002,85.90347290039062,23482300
2024-12-17,85.99847924133864,86.44500367484498,85.94147858967489,86.11248779296875,23839900
2024-12-18,85.8082579477748,86.18975659895213,85.01664951996612,85.03572845458984,61328400
2024-12-19,83.9961288541497,84.30132626181272,83.46203520985945,83.74815368652344,99083300
2024-12-20,84.43484593512454,84.79727284326059,84.20594970863009,84.22502136230469,45542400
2024-12-23,84.08196547652727,84.14872717887629,83.395269522949,83.4524917602539,32764600
2024-12-24,83.01377351097622,83.82445342909621,82.95655127191458,83.80538177490234,22377600
2024-12-26,83.17590675328927,83.89121383642022,83.1663672880998,83.7576904296875,19981800
2024-12-27,83.43342607832555,83.71954456180866,83.03284855908066,83.07099914550781,27262300
2024-12-30,83.76723569382301,83.9675208177872,83.61463334614719,83.7386245727539,48519600
2024-12-31,84.05336476083514,84.1964276606685,83.22361303946798,83.29037475585938,31917300
2025-01-02,83.73862063715094,84.04381804167828,83.1759086021436,83.51925659179688,27841300
2025-01-03,83.66232989945223,83.81492498250421,83.14730785074993,83.2522201538086,21962200
2025-01-06,83.02330425314564,83.19497822877298,82.66087737322164,82.88024139404297,30231500
2025-01-07,82.59411723329357,82.75625174764359,81.82158796664277,81.94557189941406,41757200
2025-01-08,81.51639769730083,82.21262586149314,81.39240647724024,82.05049133300781,44590800
2025-01-10,81.33518483060152,81.87881793561475,81.22074035153354,81.5068588256836,47115800
2025-01-13,81.5736214219502,81.69761264426877,81.10628948219603,81.4782485961914,33258900
2025-01-14,81.28749669734404,81.41148063365368,80.96322038291014,81.34471893310547,33412900
2025-01-15,82.68949747399944,82.95655156903031,82.40337900118648,82.7467269897461,54120700
2025-01-16,82.63228768487384,83.35713435620956,82.28893964458226,83.01378631591797,34651100
2025-01-17,83.38573369907351,83.43342374989662,83.01377458738973,83.1568374633789,29875600
2025-01-21,83.82445566416749,84.09150248888228,83.57648049415506,83.9007568359375,30548600
2025-01-22,83.80537646900979,83.91028875163393,83.28081505588908,83.46202850341797,25278400
2025-01-23,82.6322935801954,82.96610217749382,82.52738126726138,82.81350708007812,31949000
2025-01-24,82.70857629566498,83.2426699320622,82.5941245408027,83.1854476928711,21110400
2025-01-27,84.08196754525112,84.3394748959387,83.78630233344835,84.16780090332031,42864200
2025-01-28,83.77677983906503,84.12012789385476,83.60511308815164,84.110595703125,25519100
2025-01-29,84.33947402842304,84.52068748445625,83.57647689652731,83.93890380859375,25342800
2025-01-30,84.32040820559352,84.60652669248057,84.09150468430737,84.2536392211914,25094900
2025-01-31,84.29178584838029,84.55883994400233,83.38573310108006,83.70046997070312,48790100
2025-02-03,84.78394973389443,85.28166217842137,84.0373774158837,84.38195037841797,70657200
2025-02-04,83.7980954084256,84.65952055720615,83.73109551235508,84.640380859375,33414000
2025-02-05,85.61667250052432,86.3153920138523,85.55924610029845,86.0378189086914,48331200
2025-02-06,86.00910810805216,86.28668122095677,85.71239529535215,85.9995346069336,22509900
2025-02-07,85.41568376885513,85.61668349790543,85.12854442840151,85.44439697265625,31171200
2025-02-10,85.43481876433884,85.69324486466711,85.04238556103724,85.18595886230469,22736100
2025-02-11,84.73609395341273,84.87966724568982,84.59252066113564,84.640380859375,21513000
2025-02-12,83.54924769336277,83.84596051883692,83.13767475684602,83.4918212890625,48536200
2025-02-13,84.31495708618343,85.08067652972895,84.2958173861936,84.87967681884766,42718100
2025-02-14,85.54968349792065,85.83683014051365,85.300830863612,85.32954406738281,27460700
2025-02-18,84.74567798420341,85.03281730199706,84.26710515210543,84.32453155517578,29429200
2025-02-19,84.18096489207664,84.65953776196325,84.12353848447184,84.42982482910156,20584300
2025-02-20,84.65951960852895,84.95623968989422,84.65951960852895,84.74566650390625,27913400
2025-02-21,85.06154300626395,86.07611513555676,85.01368279915144,85.76982879638672,46912300
2025-02-24,85.50181726318613,86.2005294541586,85.43481736401834,86.0186767578125,26218000
2025-02-25,87.07155324781401,87.57883934557786,86.9088402169167,87.50226593017578,50125100
2025-02-26,87.50225211460695,88.11482473622002,87.29167890671965,88.01911163330078,32220200
2025-02-27,87.39696502685547,87.85639814174279,87.23425202254934,87.39696502685547,53373600
2025-02-28,87.9138250320744,88.51683145512334,87.55011231999342,88.4689712524414,49388600
2025-03-03,87.76805633927368,89.01625748684756,87.72964913582794,88.8818359375,42904200
2025-03-04,88.75700834042428,89.09306217714277,87.63361790707354,87.78724670410156,56722000
2025-03-05,87.91208616020788,88.14252941224554,86.9999387618601,87.08634948730469,50215900
2025-03-06,86.87511610995179,87.18236643722393,86.15499746864903,86.79830169677734,42827500
2025-03-07,87.50881340931163,87.52802067459466,86.40463006914813,86.51985168457031,36903600
2025-03-10,87.45121263221378,87.9792952591449,87.2879874925492,87.42240905761719,41440800
2025-03-11,87.34559157115041,87.84487060593304,86.54865851667321,86.79830169677734,40555700
2025-03-12,86.41422195204163,86.7790793631308,86.20298601520207,86.27980041503906,32734600
2025-03-13,86.01096124134659,87.09593721790286,85.8189252330459,87.038330078125,38675400
2025-03-14,86.42382451154232,86.80788918053973,86.27979934499025,86.57744598388672,24658000
2025-03-17,87.18236550825216,87.5472229788046,86.7790935060962,87.00953674316406,26700300
2025-03-18,86.5486573983238,87.39359395604785,86.5294574579911,87.095947265625,23654700
2025-03-19,87.06713925919973,87.58562552688926,86.77908889089717,87.5472183227539,31378700
2025-03-20,88.52657882923819,88.56498603443214,87.52802079589684,87.60482788085938,35645800
2025-03-21,87.691253867121,87.79687185961508,87.00954239538483,87.08634948730469,29192100
2025-03-24,86.60625817088842,86.66387263849741,86.1261791182218,86.19338989257812,27985600
2025-03-25,86.00135211997875,86.49103475310744,85.94374498387803,86.18378448486328,22333800
2025-03-26,85.82853790959685,86.03017024549246,85.54048752950284,85.61730194091797,25095600
2025-03-27,85.31005367919117,85.48288244633278,85.09881770541523,85.36766815185547,23674500
2025-03-28,86.29902470052295,86.74069663606159,86.23181391305896,86.54866790771484,39869400
2025-03-31,87.5952266279202,87.700837279459,86.75988644432287,87.40319061279297,38824300
2025-04-01,87.92931939945181,88.5653048549085,87.89077415805264,88.16058349609375,39800100
2025-04-02,89.00856272379451,89.00856272379451,87.36079227622301,88.10276794433594,43488400
2025-04-03,89.15310838123712,89.35547275652367,88.49785391618894,88.50749206542969,57467400
2025-04-04,90.2419900431034,90.66597303079836,89.44219275796297,89.47109985351562,92794200
2025-04-07,88.53640169482856,88.83512551580897,86.53210034887648,86.77300262451172,124987600
2025-04-08,86.03103700773839,86.91755579808071,85.00961350372467,85.13488006591797,73861900
2025-04-09,84.09416016097929,85.67448579670264,82.76438229327425,85.63594055175781,131353500
2025-04-10,84.54705674187714,84.97104708021632,83.20764073858238,83.27509307861328,78592000
2025-04-11,82.74511874706874,84.1230800988264,81.90677615624972,83.72799682617188,94814100
2025-04-14,84.2194342378279,84.51815069714218,83.66053921247865,84.32543182373047,37596400
2025-04-15,83.97852921612697,84.98068349886073,83.87253163370058,84.6241455078125,22553900
2025-04-16,84.60487056538923,85.27939390415594,84.28687784064793,85.09630584716797,35607300
2025-04-17,84.83613870186835,84.99031232160932,84.05561775100004,84.34469604492188,31758400
2025-04-21,83.44855589985707,83.90145340366668,82.85112289632508,82.87039184570312,39343200
2025-04-22,83.66053981728477,83.85325869208971,83.25582576914212,83.33291625976562,32552100
2025-04-23,85.64556937316705,85.8190192955401,83.99779878649971,84.14234161376953,44082200
2025-04-24,84.8265125889233,85.13486722390985,84.5663413523036,85.02886962890625,24190800
2025-04-25,85.66484292159215,85.86719993257367,85.37575727633094,85.65520477294922,22513900
2025-04-28,85.43360224570546,86.27193761371163,85.38541884103034,86.1948471069336,20130500
2025-04-29,86.06955299725249,86.92716439331821,86.05028405260346,86.91752624511719,22129500
2025-04-30,86.51282015450683,86.7729987174603,86.07919901858929,86.21410369873047,42630600
2025-05-01,86.32823254723768,86.34757239500247,85.39976489962318,85.7769546508789,29932800
2025-05-02,84.8291329995853,85.1773092619751,84.66471848090244,84.84848022460938,32090400
2025-05-05,84.48095272067303,84.53898701418174,83.97803557602285,84.37456512451172,22862800
2025-05-06,83.9490257997849,84.65504455566406,83.79427751538138,84.65504455566406,21095200
2025-05-07,85.03224115386507,85.3127169079316,84.9355271576916,85.01290130615234,23161600
2025-05-08,85.12895507938117,85.16764215357944,84.03607290379863,84.0650863647461,25483700
2025-05-09,84.14245810055867,84.44227369349257,84.06508395438065,84.1908187866211,17007900
2025-05-12,83.54281836186968,83.92968170851849,83.35906399078506,83.40741729736328,32115000
2025-05-13,83.30102373126276,83.45577201036981,82.6917189845879,83.06890869140625,53912200
2025-05-14,82.93351597858297,83.04957719958746,82.40157793915176,82.51763916015625,42119800
2025-05-15,82.81745342054015,83.48479251763371,82.67238612013259,83.24300384521484,59448000
2025-05-16,84.01672430919157,84.03606415487478,83.36872510733943,83.46544647216797,31778200
2025-05-19,82.12110758300243,83.2913638626598,82.04373343753633,83.22366333007812,49361900
2025-05-20,82.62403869628906,82.7884532490113,82.26618874730018,82.62403869628906,35493100
2025-05-21,81.89866169032557,82.26617782623457,81.00888112203752,81.21198272705078,77053100
2025-05-22,80.77675303969019,81.65686731212683,80.56398521510091,81.63752746582031,61747900
2025-05-23,81.98570179868804,82.03406248587436,81.54081151603248,81.77293395996094,47139200
2025-05-27,82.54666102246013,83.20432658414768,82.35323301323668,82.9141845703125,56773400
2025-05-28,82.60468850753969,82.73041596527297,82.17913806781942,82.55632781982422,34806800
2025-05-29,82.95285005030048,83.4267611356351,82.82712260373653,83.32037353515625,38933200
2025-05-30,83.26233659105355,83.62986006421988,83.0592350090004,83.44609832763672,49042100
2025-06-02,82.79570538751527,82.97044160602883,82.31032782567472,82.66950988769531,46213100
2025-06-03,82.94131259575617,83.23253466261639,82.40739436376936,82.52388763427734,33731300
2025-06-04,83.28108143763828,84.11593142135176,83.14517631529178,83.86353302001953,57441500
2025-06-05,84.14505275065683,84.38774152677128,83.69850629135905,83.9217758178711,37664700
2025-06-06,83.28108513613121,83.41699026451322,82.78599793629728,82.85395050048828,38130100
2025-06-09,82.55300359833068,83.13545509950497,82.55300359833068,82.9413070678711,26560800
2025-06-10,83.58202130867477,83.65968350224561,83.01898151469784,83.36845397949219,24857000
2025-06-11,83.30049102614653,83.87324037448055,83.20341699942296,83.62084197998047,36334800
2025-06-12,84.34890966789179,84.64984137753348,84.06738980140258,84.62071990966797,43017800
2025-06-13,84.19360141123303,84.33920876561939,83.27137953123123,83.8052978515625,49374000
2025-06-16,83.56260234584472,83.90236515593428,82.96073150634766,82.96073150634766,36496600
2025-06-17,83.48494407345105,84.1256460364682,83.24225528253986,83.97032165527344,34521600
2025-06-18,84.33920581907188,84.54306351436502,83.82470676815004,84.11593627929688,38589000
2025-06-20,83.6208466205108,84.25183893864113,83.43640077510878,83.96060943603516,26001900
2025-06-23,84.38773096850197,84.8828180835887,84.23240661621094,84.23240661621094,36851800
2025-06-24,83.94119918236639,85.0284402126418,83.90236808753168,84.84400177001953,32959100
2025-06-25,84.56246405689198,84.95076751708984,84.26153239321808,84.95076751708984,26345300
2025-06-26,85.02843437606685,85.3779067993164,84.64984048525876,85.3779067993164,30467500
2025-06-27,85.00901812394844,85.58176744589585,84.6886671848731,84.83428192138672,74993500
2025-06-30,85.29054975329447,85.85358952890248,85.04786096100904,85.66914367675781,53695200
2025-07-01,85.87180017379885,86.04718824504582,85.41384945311783,85.88154602050781,38960600
2025-07-02,84.95589309626816,85.34563776603947,84.86819534183748,85.33589935302734,39382200
2025-07-03,84.93640371225545,85.0533315767085,84.62460350761727,84.74153137207031,26729100
2025-07-07,84.32254475754442,84.34202901698663,83.71842864019546,83.93279266357422,38314700
2025-07-08,83.37740260012886,83.83536077636906,83.25073632253395,83.82561492919922,31407000
2025-07-09,83.98152380280857,84.70256042480469,83.97177795505216,84.70256042480469,29821900
2025-07-10,84.60511284274213,84.82921527360068,84.27382096882151,84.7610092163086,24525500
2025-07-11,84.020494424635,84.05946294537871,83.44560838597165,83.59176635742188,40764800
2025-07-14,83.34817577087236,83.67946024864487,83.13381172812377,83.4163818359375,24609500
2025-07-15,83.68919761257307,83.70868930570353,82.72456695189315,82.83174896240234,40455000
2025-07-16,83.09483503938344,83.46510290410497,82.0327681164587,82.94867706298828,65987700
2025-07-17,83.03636596896263,83.29944435130143,82.81225610453109,82.92918395996094,31875500
2025-07-18,83.24099636657098,83.27022647624595,82.91945029233878,83.05586242675781,27534900
2025-07-21,84.01075840683188,84.29332853565575,83.75741838893737,83.79639434814453,40019500
2025-07-22,83.962016909468,84.54664129266737,83.90355670131878,84.30304718017578,35190300
2025-07-23,83.8451035128239,83.99125404543294,83.59176353312992,83.83535766601562,31008500
2025-07-24,83.35790929678261,84.03022400050186,83.31893334623472,83.68919372558594,25164800
2025-07-25,83.60150802014564,84.22510839547787,83.5235561147534,84.21536254882812,27196200
2025-07-28,83.78664394810781,83.99126214740134,83.63074755365241,83.66972351074219,26812500
2025-07-29,84.02049083658561,85.10204193776245,83.99125329642155,85.08255767822266,47828300
2025-07-30,84.54665276916603,84.73178669863879,84.34203457896618,84.64409637451172,40670900
2025-07-31,84.8974282471394,85.17025993243692,84.61485814850874,84.69281005859375,49814100
2025-08-01,85.6425345673177,86.00443468035675,85.60340962572,85.89684295654297,63434500
2025-08-04,86.0337907872163,86.21963242504201,85.73058176745506,86.13159942626953,36425200
2025-08-05,85.92619141555913,86.51305066008787,85.85772462806945,86.39568328857422,28586100
2025-08-06,85.91640169618202,86.12180950514986,85.01655042639365,85.89684295654297,42589300
2025-08-07,85.99466264882341,86.31743786181319,85.67188743583364,85.75013732910156,29213100
2025-08-08,85.4469305379232,85.47627238307994,85.24153015950519,85.37846374511719,21596300
2025-08-11,85.62298162896538,85.75013210103316,85.36867322250974,85.47626495361328,20100900
2025-08-12,84.99701310371,85.06547990317786,84.65467910637065,85.04591369628906,41052300
2025-08-13,85.52517821385696,85.88707091116015,85.51539511161833,85.75013732910156,30817500
2025-08-14,85.59363192089171,85.59363192089171,84.98720653424539,85.1143569946289,33397400
2025-08-15,84.7622582445643,84.87962561914681,84.36123314855305,84.50794982910156,36343600
2025-08-18,84.60575403346111,84.64487897704747,84.10692033063505,84.26342010498047,26777500
2025-08-19,84.55685481487059,84.85028819123832,84.55685481487059,84.75247955322266,28780600
2025-08-20,84.69378340404656,85.06546665382767,84.66444156060496,84.93830871582031,25912500
2025-08-21,84.66444756990627,84.781822414324,84.22430496240125,84.51773834228516,28643900
2025-08-22,84.92853905070996,85.38824786315514,84.8209473089751,85.14372253417969,49871900
2025-08-25,84.83073364322458,85.14372577774381,84.7524837440145,84.89920043945312,27011900
2025-08-26,84.61553855857112,84.88940570596337,84.33188830953767,84.85028076171875,30259300
2025-08-27,84.22430395315318,84.76226265572045,84.11671221263973,84.75247955322266,38142800
2025-08-28,84.87962300280802,85.34911487362751,84.76225563184325,85.30998992919922,32205900
2025-08-29,84.86006728817738,84.95787592157629,84.54707518390865,84.70356750488281,41686400
2025-09-02,84.07323455810547,84.27941583630412,83.92596756702879,84.07323455810547,48760600
2025-09-03,84.36778302853615,85.2317818307985,84.32850933424814,84.99614715576172,52499500
2025-09-04,85.4379610176328,85.65396258558694,85.00596537241563,85.64414978027344,40501600
2025-09-05,86.61615886612134,86.99906805478673,86.53761147083308,86.9499740600586,69668000
2025-09-08,87.54887585314911,88.1281534705698,87.49978935415182,88.10851287841797,54538700
2025-09-09,87.7747033057909,87.92197779353937,87.37215353865783,87.60779571533203,37126400
2025-09-10,87.77469771874829,88.43251523270288,87.56851644530093,88.10851287841797,40713600
2025-09-11,88.27544116167932,88.83507827071256,88.26562086413354,88.69761657714844,46694400
2025-09-12,88.19688367132477,88.34415815489146,87.86306100919418,88.314697265625,32968600
2025-09-15,88.51106135689625,88.81542311468617,88.43251397079207,88.52088165283203,24820100
2025-09-16,88.45215270277193,88.8547024641636,88.40306620135027,88.70742797851562,26794200
2025-09-17,89.06088331168255,89.38488568038319,88.23615818119885,88.48161315917969,49121800
2025-09-18,87.63725432128652,87.843435620107,87.28379852596795,87.56852722167969,55717900
2025-09-19,87.45069768972428,87.60779246835139,87.17578931781816,87.40160369873047,32509200
2025-09-22,87.20524632077407,87.29361401007735,86.93033793750459,87.0874252319336,24758200
2025-09-23,87.35251627215963,87.73542542763877,87.13651469918345,87.69615173339844,26689000
2025-09-24,87.46052333176986,87.53907072588436,87.08742695507196,87.36234283447266,28098000
2025-09-25,87.23470144636367,87.41142933777537,86.85179226342031,87.36234283447266,29882500
2025-09-26,87.37215078382704,87.84342763162456,87.07760930830854,87.2837905883789,30955100
2025-09-29,87.66671121417721,88.10852723057674,87.63725781184289,88.00052642822266,32286200
2025-09-30,88.02998321035744,88.40307210698998,87.58815972389817,87.74525451660156,38584000
2025-10-01,88.1294816080037,88.31667911763667,87.77479554594373,87.97184753417969,39408900
2025-10-02,87.99154969713615,88.36594471947632,87.87332601998858,88.22801208496094,23208300
2025-10-03,88.30682570812522,88.39550098309614,87.95213964177123,88.06051635742188,25884500
2025-10-06,87.40041045977192,87.84377180798671,87.34129862004927,87.36100006103516,28371000
2025-10-07,87.65658825490374,88.06053175195593,87.49894663484794,87.86348724365234,29103300
2025-10-08,88.27727331282344,88.29698227105482,87.81421051233295,87.93244171142578,22506200
2025-10-09,87.85363276320732,87.97186397824917,87.69599865991769,87.86348724365234,21578700
2025-10-10,88.65167515249567,89.3807488109196,88.5728543470537,89.2822265625,59389400
2025-10-13,88.94723616886688,89.24281041185417,88.53343824209689,89.23295593261719,28035500
2025-10-14,89.31177779197425,89.57778860040476,89.09502434678218,89.5186767578125,29800000
2025-10-15,89.61719146071721,89.95217607967372,89.13442724771413,89.32162475585938,31333900
2025-10-16,89.18369037217002,90.14922637735886,89.11472405156833,89.99158477783203,39631200
2025-10-17,89.90291020001563,89.94232059690958,89.55807862314931,89.85364532470703,40240400
2025-10-20,90.1098186759389,90.20834092021094,89.93247562954302,90.19849395751952,28429300
2025-10-21,90.63199122389778,90.82904322461587,90.55317794037578,90.641845703125,24514300
2025-10-22,90.63198430676216,90.81918181396593,90.4644957565086,90.7009506225586,30496200
2025-10-23,90.25759662944984,90.43493965782548,89.9423209697559,90.08025360107422,28275100
2025-10-24,90.2378907316378,90.24774521042735,89.81424586163031,90.11966705322266,28266000
2025-10-27,89.97188626624146,90.43494908397484,89.74527833873337,90.4250946044922,30033600
2025-10-28,90.49406385640036,90.81919403896217,90.45465345395962,90.66155242919922,23564500
2025-10-29,90.52361590697416,90.53347038635424,89.67631108265526,89.74527740478516,39551600
2025-10-30,89.05561781181878,89.62705737089988,89.01620740945812,89.22310638427734,42649200
2025-10-31,89.22310309532793,89.3216328559804,88.8684170039221,88.95709228515625,38247300
2025-11-03,88.61595311913422,88.81370941958328,88.41818927476585,88.73460388183594,40752300
2025-11-04,88.77416196191481,89.0510238166754,88.73460919067476,88.932373046875,26383800
2025-11-05,88.50718955947343,88.54674233043352,87.8842428467517,87.96334838867188,44643400
2025-11-06,88.55662305110633,88.84337497675293,88.52696035947385,88.75438690185547,33027400
2025-11-07,88.35886667633616,88.86315506545928,88.35886667633616,88.56651306152344,28530100
2025-11-10,88.48740474562071,88.66538843361532,88.38852659538354,88.54673767089844,24093500
2025-11-11,88.94225835840129,89.0609166758258,88.77416473332325,88.9521484375,18942300
2025-11-12,88.9422580235294,89.30811550960414,88.87304255793904,89.11035919189453,23594900
2025-11-13,88.7939395351648,88.93237045851609,88.3786392211914,88.3786392211914,33825900
2025-11-14,88.78405021895537,88.83348552405127,87.87435913085938,87.87435913085938,38550500
2025-11-17,88.08200589302483,88.29954235934864,87.9831277384921,88.09188842773438,25605800
2025-11-18,88.3489772694027,88.44785542349308,87.8051436499458,88.06222534179688,31967400
2025-11-19,88.2303317017635,88.30942970334556,87.8545841325886,87.88424682617188,25782400
2025-11-20,87.99300717627418,88.41819001532824,87.99300717627418,88.2303237915039,32945000
2025-11-21,88.6456201989763,88.6653928124325,88.2006571850552,88.49729919433594,41938600
2025-11-24,88.94224636199847,89.0609046634185,88.77415275959265,89.00157928466797,30865700
2025-11-25,89.29821936714059,89.57508121070293,89.12023567571914,89.22900390625,36503300
2025-11-26,89.14001873552594,89.62452697753906,88.82360411201864,89.62452697753906,34099000
2025-11-28,89.44653997153071,89.51575543211504,88.94225159074811,89.1993408203125,40704300
2025-12-01,88.16831625712688,88.30724153202064,88.02939098223311,88.08892822265625,47086600
2025-12-02,87.90038521277668,88.2774669949485,87.78130316905231,88.12861633300781,27605700
2025-12-03,88.23777608451098,88.47594018033818,88.0591567980703,88.37670135498047,23278600
2025-12-04,88.22785292944316,88.24769615080045,87.80115174710103,87.90038299560547,25541500
2025-12-05,87.87061963953573,87.87061963953573,87.374455796446,87.4935302734375,32808100
2025-12-08,87.51338388190884,87.52330170807087,86.88821257415569,87.20575714111328,32255200
2025-12-09,87.66222322811655,87.67214862471312,87.16605939031867,87.2950668334961,25771800
2025-12-10,87.32483476412203,87.84084182018648,87.1859094963024,87.63245391845703,46833500
2025-12-11,88.00953813350012,88.14846339319972,87.48360571165749,87.51337432861328,26778700
2025-12-12,86.7095853710275,86.8286674118444,86.52104826997446,86.66989135742188,47030100
2025-12-15,87.04698332931147,87.20575181766847,86.71951338532247,86.72943878173828,28611800
2025-12-16,86.5210561638089,87.24545115834043,86.50120536976549,87.20575714111328,41018700
2025-12-17,86.95767183164253,87.31491040194182,86.90805999018168,87.12637329101562,24668300
2025-12-18,87.4538308030416,87.70191270911373,87.39429356825914,87.54314422607422,39048900
2025-12-19,87.27616908875422,87.42559904475209,87.07693421430591,87.21640014648438,37858100
2025-12-22,87.08689144037925,87.12673993570081,86.91754103550515,87.0271224975586,25547100
2025-12-23,86.73822600824293,87.24628481968305,86.69837751319632,87.16658782958984,33624100
2025-12-24,87.4256045911293,87.74438497066436,87.31602312313377,87.69457244873047,25942000
2025-12-26,87.76429901687118,87.83403198229736,87.26620423516326,87.40567016601562,26522700
2025-12-29,87.61487528415157,87.73442077636719,87.45548889485447,87.73442077636719,29399800
2025-12-30,87.40566966588355,87.70452957332753,87.33593670085638,87.52521514892578,25106800
2025-12-31,87.34590373247852,87.57503068278582,86.79799641673719,86.82788848876953,36500000
2026-01-02,87.06697240405758,87.0769364281303,86.68841549252885,86.69837951660156,40731300
2026-01-05,86.84780763641422,87.18650844447623,86.77807467002948,87.12673950195312,30178000
2026-01-06,86.81792393223311,87.00719478533635,86.5688765357553,86.94742584228516,39015200
2026-01-07,87.50528740077232,87.67464540240863,87.14666615106586,87.45548248291016,39930900
2026-01-08,86.99723806079375,87.2164009849879,86.9175410701189,87.01715850830078,28204900
2026-01-09,86.96735113183921,87.66468077973055,86.78803670804956,87.5949478149414,57348800
2026-01-12,87.1665870977163,87.57502846827218,87.07693368485666,87.3359375,36103100
2026-01-13,87.54513576276248,87.57502783382238,87.20643496064885,87.48536682128906,30451400
2026-01-14,87.57503327435563,88.09304853339403,87.55510522574436,87.9934310913086,39233500
2026-01-15,88.30224751222809,88.32217556085524,87.97350311279297,87.97350311279297,37988900
2026-01-16,87.79418325096303,87.98346169960503,87.37578545953427,87.46544647216797,46382400
2026-01-20,86.29990379961984,86.69838116655394,86.21025038222956,86.31983184814453,66009500
2026-01-21,86.46925896485988,87.1466681862555,86.28994453565741,86.97731018066406,51220100
2026-01-22,86.93746008453142,87.42559844412578,86.80795817706205,87.35586547851562,42419300
2026-01-23,87.49533037957453,87.69456525030829,87.16658600257298,87.5949478149414,35968800
2026-01-26,88.0631639615781,88.15281737925687,87.8639214773081,88.01335144042969,38882400
2026-01-27,87.77426280389065,87.91372873436691,87.34590098876409,87.46544647216797,35180100
2026-01-28,87.17655142081688,87.36582227094489,86.95738849930979,87.26620483398438,38750300
2026-01-29,86.81792249880048,87.40567069662873,86.74818953295097,87.2861328125,43855000
2026-01-30,87.04704391930068,87.22635835009291,86.7979965209961,86.7979965209961,45832200
2026-02-02,87.0199966430664,87.05999755859375,86.55000305175781,86.55000305175781,38171400
2026-02-03,86.48999786376953,86.77999877929688,86.43000030517578,86.76000213623047,27438200
2026-02-04,86.62999725341797,86.77999877929688,86.45999908447266,86.54000091552734,37872900
2026-02-05,86.93000030517578,87.4800033569336,86.75,87.4800033569336,50268900
2026-02-06,87.44999694824219,87.54000091552734,87.19999694824219,87.54000091552734,33461800
2026-02-09,87.19999694824219,87.58000183105469,87.02999877929688,87.5199966430664,24708900
2026-02-10,88.23999786376953,88.52999877929688,88.22000122070312,88.52999877929688,37253700
2026-02-11,88.04000091552734,88.4800033569336,87.94000244140625,88.05999755859375,37014000
2026-02-12,88.36000061035156,89.27999877929688,88.3499984741211,89.2300033569336,48454900
2026-02-13,89.62999725341797,89.80999755859375,89.5199966430664,89.72000122070312,56785200
2026-02-17,89.93000030517578,90.12000274658205,89.76000213623047,89.87000274658203,32356700
2026-02-18,89.69000244140625,89.86000061035156,89.47000122070312,89.52999877929688,35415400
2026-02-19,89.4000015258789,89.72000122070312,89.37000274658203,89.62000274658203,28658600
2026-02-20,89.69999694824219,89.73999786376953,88.93000030517578,89.41000366210938,49610800
2026-02-23,89.55000305175781,90.0,89.52999877929688,89.73999786376953,33614600
2026-02-24,89.94999694824219,90.05000305175781,89.76000213623047,89.9000015258789,24933900
2026-02-25,89.41268068083602,89.78145715802692,89.41268068083602,89.61202239990234,23625800
2026-02-26,89.76151447496066,90.02065489409723,89.75155309261174,89.97081756591797,29447100
2026-02-27,90.38943078568056,90.55886553385471,90.24989539258316,90.5189971923828,51272000
2026-03-02,89.9800033569336,89.98999786376953,89.36000061035156,89.61000061035156,55465500
2026-03-03,88.9800033569336,89.66999816894531,88.94000244140625,89.43000030517578,51850400
2026-03-04,89.2699966430664,89.44000244140625,89.0999984741211,89.1500015258789,47069500
2026-03-05,88.62999725341797,88.94000244140625,88.51000213623047,88.79000091552734,45768900
2026-03-06,88.31999969482422,88.94000244140625,88.0199966430664,88.45999908447266,58136900
2026-03-09,88.30000305175781,89.31999969482422,88.20999908447266,89.2300033569336,52478700
2026-03-10,88.80000305175781,88.94999694824219,88.2699966430664,88.27999877929688,48651500
2026-03-11,87.75,87.80999755859375,87.08000183105469,87.13999938964844,54679900
2026-03-12,86.91000366210938,87.25,86.77999877929688,86.97000122070312,48977000
2026-03-13,86.93000030517578,87.1500015258789,86.47000122070312,86.54000091552734,43460000
2026-03-16,87.18000030517578,87.33999633789062,86.95999908447266,87.20999908447266,37341500
2026-03-17,87.36000061035156,87.56999969482422,87.31999969482422,87.44999694824219,19578100
2026-03-18,87.36000061035156,87.4800033569336,86.93000030517578,86.95999908447266,37596600
2026-03-19,87.05999755859375,87.7300033569336,86.97000122070312,87.48999786376953,60307400
2026-03-20,86.80999755859375,86.86000061035156,85.76000213623047,85.83000183105469,78948500
2026-03-23,86.18000030517578,86.72000122070312,85.94000244140625,86.38999938964844,69686700
2026-03-24,85.72000122070312,86.29000091552734,85.55999755859375,86.01000213623047,51799400
2026-03-25,86.75,86.87999725341797,86.4800033569336,86.83999633789062,37861000
2026-03-26,86.33999633789062,86.61000061035156,85.93000030517578,86.11000061035156,39537000
2026-03-27,85.15973684112062,85.75734750967298,85.10993278581128,85.29917907714844,39928900
2026-03-30,86.2852344147354,86.60396060146007,86.14579218298283,86.43463897705078,36473200
2026-03-31,86.58404396215595,86.81313197202907,86.22547605046084,86.34500122070312,47112200
2026-04-01,86.27999877929688,86.70999908447266,86.2300033569336,86.26000213623047,31157600
2026-04-02,86.20999908447266,86.8499984741211,86.1500015258789,86.79000091552734,33310600
2026-04-06,86.5,86.8499984741211,86.38999938964844,86.6500015258789,14660300
2026-04-07,86.5199966430664,86.68000030517578,85.91000366210938,86.63999938964844,22747200
2026-04-08,87.36000061035156,87.37000274658203,86.7300033569336,86.91999816894531,22244900
2026-04-09,86.69000244140625,87.12999725341797,86.38999938964844,86.69999694824219,18909100
2026-04-10,86.5999984741211,86.68000030517578,86.33000183105469,86.48999786376953,13247700
2026-04-13,86.44000244140625,86.80000305175781,86.25,86.75,12719700
2026-04-14,86.69999694824219,87.23999786376953,86.62999725341797,87.20999908447266,16606900
2026-04-15,87.0199966430664,87.06999969482422,86.7300033569336,86.83000183105469,15119600
2026-04-16,86.91999816894531,86.97000122070312,86.19999694824219,86.27999877929688,20001000
2026-04-17,87.05000305175781,87.20999908447266,86.88999938964844,87.06999969482422,29604100
2026-04-20,87.11000061035156,87.12999725341797,86.70999908447266,87.05000305175781,14623500
2026-04-21,86.97000122070312,87.08999633789062,86.52999877929688,86.56999969482422,19798700
2026-04-22,87.05000305175781,87.16000366210938,86.70999908447266,86.73999786376953,13676800
2026-04-23,86.83000183105469,87.04000091552734,86.23999786376953,86.55000305175781,21106700
2026-04-24,86.45999908447266,86.81999969482422,86.25,86.70999908447266,22285700
2026-04-27,86.17179667738276,86.30132326549102,85.8729049537322,85.96257019042969,19250100
2026-04-28,85.80316584783917,86.05224609375,85.62382776673034,86.05224609375,14553600
2026-04-29,85.67363858499944,85.67363858499944,85.23526252452685,85.38470458984375,29020800
2026-04-30,85.57400361024862,85.58396894786627,85.07584314792265,85.30500030517578,28516200
2026-05-01,85.5,86.0,85.33999633789062,85.61000061035156,21281000
2026-05-04,85.3499984741211,85.36000061035156,84.76000213623047,84.95999908447266,27226000
2026-05-05,85.1500015258789,85.48999786376953,85.08999633789062,85.43000030517578,18226500
2026-05-06,86.05000305175781,86.16999816894531,85.91999816894531,86.08000183105469,22530700
2026-05-07,86.27999877929688,86.29000091552734,85.5999984741211,85.6500015258789,21178300
2026-05-08,86.05999755859375,86.27999877929688,85.98999786376953,86.08000183105469,30797600
2026-05-11,85.87999725341797,85.91999816894531,85.48999786376953,85.55999755859375,17713700
2026-05-12,85.19000244140625,85.19999694824219,84.91999816894531,84.98999786376953,27680600
2026-05-13,84.94000244140625,85.05000305175781,84.58999633789062,84.80000305175781,26295100
2026-05-14,85.26000213623047,85.37999725341797,84.91000366210938,84.91999816894531,25247200
2026-05-15,83.87000274658203,83.97000122070312,83.58999633789062,83.66000366210938,50796000
2026-05-18,83.69999694824219,83.91999816894531,83.31999969482422,83.55999755859375,26166200
2026-05-19,82.95999908447266,83.2300033569336,82.7699966430664,83.0199966430664,35346600
2026-05-20,83.05999755859375,84.0,83.04000091552734,83.91000366210938,44498000
2026-05-21,83.62000274658203,84.26000213623047,83.33000183105469,84.22000122070312,24887000
2026-05-22,84.61000061035156,84.68000030517578,84.13999938964844,84.68000030517578,27987700
2026-05-26,85.33999633789062,85.37999725341797,84.9000015258789,85.0999984741211,22531200
2026-05-27,84.91599790956386,85.14510013333589,84.81639122077293,84.96580505371094,23589600
2026-05-28,85.02556716704362,85.51364525958984,84.93591582788024,85.4040756225586,25417300
2026-05-29,85.47380314670872,85.62321698261898,85.2148272706012,85.42400360107422,33118600
2026-06-01,84.93000030517578,85.54000091552734,84.80000305175781,85.47000122070312,26322400
2026-06-02,85.80000305175781,85.81999969482422,85.5,85.6500015258789,20319000
2026-06-03,85.29000091552734,85.43000030517578,85.0999984741211,85.30999755859375,15372000
2026-06-04,85.61000061035156,85.70999908447266,85.41999816894531,85.5,15866500
2026-06-05,84.98999786376953,85.3499984741211,84.91999816894531,85.05999755859375,26461200
2026-06-08,85.2300033569336,85.33000183105469,84.62000274658203,84.62000274658203,22922700
2026-06-09,84.97000122070312,85.18000030517578,84.77999877929688,85.12000274658203,22617700
2026-06-10,85.12000274658203,85.30000305175781,84.69999694824219,84.87999725341797,21258300
2026-06-11,85.16999816894531,86.03500366210938,85.04000091552734,85.9800033569336,34655541
