Date,Open,High,Low,Close,Volume
1998-12-22,5.785744331713873,5.805134028715339,5.754721573903074,5.774111270904541,30400
1998-12-23,5.793499865657405,5.894323825836182,5.785744176412884,5.894323825836182,135600
1998-12-24,5.909835894902547,5.909835894902547,5.8555460638470125,5.863301753997803,24600
1998-12-28,5.894322319233671,5.894322319233671,5.793498384825727,5.832276821136475,27000
1998-12-29,5.847790370563732,5.89044713973999,5.793500539537278,5.89044713973999,44000
1998-12-30,5.886568770689123,5.886568770689123,5.797378808139347,5.80125617980957,43600
1998-12-31,5.793499946594238,5.793499946594238,5.762477189182756,5.793499946594238,26000
1999-01-04,5.777985444690339,5.894320722100211,5.777985444690339,5.789619445800781,57200
1999-01-05,5.824521679002412,5.824521679002412,5.750843116485858,5.758598804473877,85400
1999-01-06,5.824524483438266,5.956371242717161,5.7857460248268255,5.948615550994873,112800
1999-01-07,5.948615087633606,5.9524934065625095,5.8516694220263465,5.921470642089844,145200
1999-01-08,5.956371242717161,6.095973693718345,5.801257408271402,5.948615550994873,842200
1999-01-11,5.89432356161237,5.902079250509228,5.816766672643785,5.836156368255615,70000
1999-01-12,5.832277985236906,5.855545051667372,5.73920971951504,5.746965408325195,178400
1999-01-13,5.646143090235044,5.754722765047256,5.630631708119013,5.661654472351074,84800
1999-01-14,5.646142645255147,5.677165407042264,5.553074359893799,5.553074359893799,140000
1999-01-15,5.599607328601191,5.646141461525855,5.57246289109815,5.638385772705078,21400
1999-01-19,5.6616528391674095,5.6616528391674095,5.591851639780415,5.638385772705078,25600
1999-01-20,5.60736069831372,5.66165049760583,5.587971957650306,5.591849327087402,31600
1999-01-21,5.591851639780415,5.684919905629742,5.584095950959637,5.638385772705078,47800
1999-01-22,5.646141669562248,5.661653047775332,5.599607534922999,5.607363224029541,38600
1999-01-25,5.630629264747006,5.630629264747006,5.553072387822117,5.599606513977051,36400
1999-01-26,5.607362679834966,5.607362679834966,5.498783042881039,5.54531717300415,51400
1999-01-27,5.5530729320993455,5.5530729320993455,5.428981916856902,5.444493293762207,74200
1999-01-28,5.460006801310104,5.460006801310104,5.366938503560501,5.413472652435303,61600
1999-01-29,5.382449886518768,5.413472652435303,5.3204043546856985,5.413472652435303,37200
1999-02-01,5.413470266869376,5.42898164299221,5.359180450439453,5.359180450439453,46200
1999-02-02,5.366935729980469,5.4134698548068885,5.343668667567258,5.366935729980469,53000
1999-02-03,5.397959094936565,5.522050108613268,5.397959094936565,5.491027355194092,58800
1999-02-04,5.4910295223921874,5.537563670887036,5.47551813956057,5.52205228805542,52000
1999-02-05,5.537563077739028,5.692676889440401,5.506540315398753,5.677165508270264,132000
1999-02-08,5.700430870056152,5.754720687866211,5.692675181797573,5.754720687866211,62200
1999-02-09,5.762475402800591,5.762475402800591,5.646140098571777,5.646140098571777,128600
1999-02-10,5.66941016340909,5.723700000815196,5.630631708119013,5.661654472351074,138600
1999-02-11,5.638387005632095,5.638387005632095,5.529807338398465,5.615119934082031,433600
1999-02-12,5.553072449182421,5.615117951407924,5.498782634735107,5.498782634735107,484600
1999-02-16,5.5414409785654986,5.568585420196706,5.405715930190953,5.460005760192871,73200
1999-02-17,5.4289806179884,5.483270424168285,5.397957871599895,5.4057135581970215,83400
1999-02-18,5.397961808888186,5.452251654667234,5.343671963109138,5.421228885650635,166000
1999-02-19,5.444491368575061,5.452247054285283,5.343667454342191,5.390201568603516,260600
1999-02-22,5.428981916856902,5.460004670667512,5.382447786140985,5.444493293762207,159000
1999-02-23,5.460006187702048,5.483273259524641,5.397960662841797,5.397960662841797,619200
1999-02-24,5.413471845321325,5.483273058226614,5.374693393707275,5.374693393707275,69000
1999-02-25,5.370813647686391,5.436736512918552,5.366935330869669,5.401836395263672,89200
1999-02-26,5.421225542277959,5.460003979633309,5.366935729980469,5.366935729980469,49800
1999-03-01,5.378572625500646,5.382449997950644,5.297137389913963,5.312648773193359,26600
1999-03-02,5.320404488780154,5.343671563803974,5.235091880359481,5.258358955383301,110200
1999-03-03,5.304892180801986,5.397960464675705,5.2661137291879365,5.374693393707275,206600
1999-03-04,5.42122682223413,5.599607676184609,5.42122682223413,5.56858491897583,180800
1999-03-05,5.708188960656066,5.715944652178696,5.615120662384499,5.673288822174072,185400
1999-03-08,5.704309187555087,5.770232064383371,5.681042122779347,5.754720687866211,215200
1999-03-09,5.692675590515137,5.785743856300125,5.669408524068889,5.692675590515137,158000
1999-03-10,5.715940823260042,6.033923962681564,5.715940823260042,6.018412590026856,3467600
1999-03-11,6.204549360457036,6.266594854061606,6.018412879643325,6.103725433349609,1818000
1999-03-12,6.17352785382952,6.220061983380999,6.0184140886579245,6.0804595947265625,1208600
1999-03-15,6.095970076583038,6.111481450823708,5.960246025346757,6.033924579620361,1046000
1999-03-16,5.979635918787284,6.033925739061617,5.956368852955427,6.002902984619141,546600
1999-03-17,6.033926132644154,6.16577284762481,6.018414754411135,6.158017158508301,725600
1999-03-18,6.2665970028929445,6.282108381612977,6.189040109292785,6.235574245452881,665200
1999-03-19,6.289126402192278,6.296909974472219,6.133454956593459,6.172372817993164,520800
1999-03-22,6.226855591126253,6.257989869081885,6.160695725541917,6.2112884521484375,330000
1999-03-23,6.164585395735137,6.164585395735137,6.040048317033417,6.102316856384277,275800
1999-03-24,6.133451750339606,6.156802454972879,6.016698227173243,6.071183204650879,122200
1999-03-25,6.055619080048388,6.117887656706983,5.9933505033897925,6.0867533683776855,333000
1999-03-26,6.149021308831494,6.195722736493505,6.094536309892481,6.164588451385498,89400
1999-03-29,6.320260207248848,6.398095924086888,6.312476635565044,6.335827350616455,168800
1999-03-30,6.296905143986059,6.304688710295065,6.203502348277984,6.219069480895996,121600
1999-03-31,6.265770810380521,6.273554376604596,6.125666618347168,6.125666618347168,134000
1999-04-01,6.133452250453959,6.1412358192997125,6.051725252644885,6.117885112762451,44000
1999-04-05,6.117888738501886,6.28912735459227,6.117888738501886,6.265776634216309,116800
1999-04-06,6.250205976900223,6.257989545987272,6.156803147855636,6.20350456237793,85200
1999-04-07,6.195719367197712,6.2035029342419294,6.094532995622875,6.141234397888184,1672800
1999-04-08,6.168478976557565,6.2735566841613695,6.145128269296419,6.20350456237793,1704600
1999-04-09,6.207399673058721,6.351395292235125,6.1996161003966685,6.320261001586914,104800
1999-04-12,6.289127648313937,6.413664829468669,6.289127648313937,6.3669633865356445,125000
1999-04-13,6.328041407002668,6.409769354120163,6.328041407002668,6.359175682067871,135600
1999-04-14,6.351391760390044,6.390309602059101,6.281339645385742,6.281339645385742,54000
1999-04-15,6.320260059238896,6.584901490290771,6.320260059238896,6.553767204284668,518800
1999-04-16,6.623815932985723,6.76392014778448,6.569330960563984,6.760028839111328,177000
1999-04-19,6.9429456322402,7.059699202289082,6.83397563352791,6.841759204864502,491000
1999-04-20,6.865111693894932,6.865111693894932,6.666631048564823,6.732790946960449,772800
1999-04-21,6.693870372055842,6.740571793256232,6.569333248854803,6.631601810455322,362400
1999-04-22,6.616036097208659,6.748356819152832,6.538200378417969,6.748356819152832,791800
1999-04-23,6.7211136702790775,6.725004980497271,6.612143682169168,6.662736415863037,32600
1999-04-26,6.616037065695122,6.616037065695122,6.479825012943582,6.514850616455078,595600
1999-04-27,6.588792981718783,6.725004992018072,6.584900721351029,6.721113681793213,164800
1999-04-28,6.756140236362747,7.044132389295261,6.756140236362747,6.942945957183838,207400
1999-04-29,6.678304523845752,7.19202025644927,6.662737380433523,7.153102397918701,480200
1999-04-30,7.067483427706446,7.12975200416201,6.974080563023102,7.0324578285217285,1932200
1999-05-03,7.036346340797375,7.207584857940674,6.974077789108903,7.207584857940674,553200
1999-05-04,7.215367794036865,7.25428563542865,7.156991507020495,7.215367794036865,717000
1999-05-05,7.207583211549775,7.207583211549775,7.012994031972297,7.110289096832275,762000
1999-05-06,7.1453191451523885,7.160886289259475,6.981864132027988,7.090834140777588,805000
1999-05-07,7.044133494008732,7.14142863059978,7.00132431801176,7.133645057678223,721400
1999-05-10,7.125860530359205,7.199803988138835,7.051916122436523,7.051916122436523,541400
1999-05-11,7.09861707530006,7.106400646654555,7.036348504464094,7.075266361236572,143200
1999-05-12,6.911811670380323,6.974080243987353,6.787274523166263,6.942945957183838,1063400
1999-05-13,6.989645479421077,7.051914036030619,6.942944061963921,6.977970600128174,529400
1999-05-14,6.942944841706352,6.989646264408412,6.888459848553947,6.927377700805664,509800
1999-05-17,6.833969972125215,6.919589185898993,6.818402842348164,6.900130748748779,211600
1999-05-18,6.833975304081588,6.8495424460043255,6.728897571174583,6.740572452545166,67600
1999-05-19,6.795059830832861,6.872895567726709,6.728899929544728,6.833977699279785,561400
1999-05-20,6.81062492432895,6.935162065802394,6.81062492432895,6.911811351776123,295000
1999-05-21,6.942945330211699,7.059698895181627,6.896243904223728,7.02078104019165,430200
1999-05-24,7.051916614900008,7.121968766703651,6.85343599319458,6.85343599319458,620600
1999-05-25,6.86510736015259,7.020778728863532,6.8261895179748535,6.8261895179748535,902000
1999-05-26,6.919594617217713,7.044131753185636,6.880676762227737,7.02078104019165,129400
1999-05-27,6.97408154296875,7.067484420776367,6.81062650680542,6.81062650680542,153400
1999-05-28,6.826190803385428,6.927377212101518,6.802840093681716,6.880675792694092,215600
1999-06-01,6.865109918874278,6.865109918874278,6.728897895555408,6.841759204864502,843000
1999-06-02,6.869001553864832,6.93516142912737,6.869001553864832,6.9195942878723145,64000
1999-06-03,6.997430959089989,7.036348817594383,6.942945957183838,6.942945957183838,86600
1999-06-04,7.012998263041179,7.051916122436523,6.942946116129558,7.051916122436523,45000
1999-06-07,7.059700639851846,7.156995776442892,7.044133494008732,7.133645057678223,364600
1999-06-08,7.098616750171602,7.121967463165587,7.02078104019165,7.02078104019165,339600
1999-06-09,7.012994302585062,7.090829977419524,7.005210735101616,7.0363450050354,28800
1999-06-10,7.067482789882076,7.106400646654555,7.005214219046111,7.075266361236572,244200
1999-06-11,7.114183587278341,7.160885011264851,7.083049304620668,7.129750728607178,163400
1999-06-14,7.160883754878849,7.207585170671537,7.10639876978738,7.192018032073975,542000
1999-06-15,7.207584100470059,7.30877048632979,7.164774950754548,7.281528472900391,302600
1999-06-16,7.316554823395501,7.316554823395501,7.184234151057497,7.207584857940674,457600
1999-06-17,7.160882816088367,7.238718498871936,7.145315679531652,7.215367794036865,128600
1999-06-18,7.259740854238534,7.291032840679217,7.204979877967339,7.228448867797852,119600
1999-06-21,7.212806419922455,7.212806419922455,7.0015854076253765,7.060258388519287,175000
1999-06-22,6.97811554954674,7.028965523742286,6.970292550051733,6.985938549041748,502000
1999-06-23,7.040694713592529,7.0719866900973845,7.013314711628449,7.040694713592529,523600
1999-06-24,6.9937601768364335,6.9937601768364335,6.88815018184533,6.92335319519043,465000
1999-06-25,6.923351325858428,6.923351325858428,6.852944363222579,6.868590354919434,531000
1999-06-28,6.860769784933636,6.888150757562396,6.802097772802682,6.82556676864624,111200
1999-06-29,6.825567612352111,6.92335462964308,6.798186636338798,6.919443607330322,137400
1999-06-30,6.946819264407748,7.064164184414636,6.946819264407748,7.0211381912231445,216000
1999-07-01,7.04069517081374,7.087633138619164,7.001580197642553,7.075899124145508,66400
1999-07-02,7.07981060689303,7.122837557672321,7.032872636018602,7.099368572235107,103200
1999-07-06,7.134572434399425,7.287121335639044,7.134572434399425,7.232360363006592,97600
1999-07-07,7.220630657129845,7.220630657129845,7.158046642766856,7.212807655334473,241200
1999-07-08,7.259740352630615,7.314501325118131,7.248006336003935,7.259740352630615,188600
1999-07-09,7.232359395453374,7.283208385760226,7.212801430366196,7.255828380584717,51400
1999-07-12,7.322323794044324,7.330146789550782,7.259739829992663,7.330146789550781,184400
1999-07-13,7.26756334870026,7.275386344769905,7.212802376212744,7.259740352630615,92400
1999-07-14,7.271473884582519,7.314499876969352,7.220623942719477,7.271473884582519,37600
1999-07-15,7.3184151465249405,7.353618160239669,7.275388179811588,7.337972164154053,66000
1999-07-16,7.283212652533863,7.31450465104099,7.244097654399954,7.291035652160644,54000
1999-07-19,7.275384430867747,7.283207424879433,7.204977484762575,7.263650417327881,49200
1999-07-20,7.23627296696722,7.244095964769347,7.071990013122559,7.071990013122559,36800
1999-07-21,7.025052890735852,7.154132847832002,7.009406893206373,7.15022087097168,81000
1999-07-22,7.017227628663862,7.056342609871576,6.935086645605461,7.0446085929870605,107000
1999-07-23,7.103281518504105,7.122839489149654,7.052432513745979,7.079812526702881,112600
1999-07-26,7.064166165686943,7.118927143715523,6.946821212768555,6.946821212768555,143600
1999-07-27,6.99375919393591,7.025051181380813,6.927264198093326,6.946821212768555,59400
1999-07-28,6.954643656490381,7.071988600075708,6.90770567905625,7.048519611358643,28400
1999-07-29,7.001583571568368,7.064167558800263,6.985937574760394,7.005495548248291,58800
1999-07-30,7.118927922140503,7.197157899306882,7.103281926707227,7.154131889343262,81200
1999-08-02,7.107194535611628,7.122840532437459,6.9976725578308105,6.9976725578308105,27000
1999-08-03,7.060254079204608,7.087634086608887,7.009404129803049,7.087634086608887,49000
1999-08-04,7.075903292132548,7.216717278493832,7.075903292132548,7.185425281524658,58200
1999-08-05,7.2401884976076785,7.322329537375753,7.220630516023312,7.310595512390137,117200
1999-08-06,7.353615796578786,7.384907778691888,7.283208836824309,7.298854827880859,80800
1999-08-09,7.3849076644501315,7.474872589111328,7.341881667187968,7.474872589111328,203400
1999-08-10,7.47487357655393,7.494430590177837,7.353616654245476,7.431846618652344,122800
1999-08-11,7.408380427619903,7.478787422180177,7.326239411444241,7.478787422180176,211800
1999-08-12,7.431846098013859,7.553103011827652,7.431846098013859,7.494430065155029,293600
1999-08-13,7.467051979775586,7.486608997065359,7.431848011715874,7.470963001251221,446800
1999-08-16,7.435755744801588,7.435755744801588,7.334056830045974,7.396640777587891,1744000
1999-08-17,7.392731620873856,7.451404571533203,7.377085628025446,7.451404571533203,1101400
1999-08-18,7.392728803388893,7.455312750930809,7.38881778414515,7.396640777587891,1350800
1999-08-19,7.361439167451457,7.470961110431607,7.361439167451457,7.447492122650146,504800
1999-08-20,7.431848011715874,7.490520973496794,7.42011399233317,7.470963001251221,83200
1999-08-23,7.486607058346272,7.52572203775247,7.455315074821313,7.51007604598999,196800
1999-08-24,7.443581566761494,7.463138580322266,7.404466584684333,7.463138580322266,761400
1999-08-25,7.494432035887448,7.494432035887448,7.3497070512944545,7.427937030792236,585600
1999-08-26,7.369260858071816,7.369260858071816,7.228446956325221,7.236269950866699,111200
1999-08-27,7.259740371845029,7.287121335639044,7.189333407031877,7.232360363006592,77800
1999-08-30,7.259743841070879,7.259743841070879,7.134575843811036,7.134575843811035,207200
1999-08-31,7.158041422670476,7.287121335639044,7.150218426580126,7.232360363006592,582400
1999-09-01,7.232365637301043,7.275391669697461,7.208896631914922,7.212807655334473,141600
1999-09-02,7.158044843297256,7.185425820175864,7.087637844838595,7.134575843811035,99800
1999-09-03,7.22062873840332,7.2440977375530595,7.18542571715672,7.22062873840332,30600
1999-09-07,7.204983518478718,7.361443529737756,7.204983518478718,7.353620529174805,299800
1999-09-08,7.337974023465008,7.431850023765199,7.306682023364944,7.377089023590088,97800
1999-09-09,7.443581036905582,7.584394962359813,7.443581036905582,7.541368007659912,223600
1999-09-10,7.588306961893168,7.588306961893168,7.486608002610064,7.517899990081787,134600
1999-09-13,7.447496474671314,7.447496474671314,7.381001447911235,7.400558471679687,322000
1999-09-14,7.071985640689354,7.416197331165384,7.071985640689354,7.318410396575928,452400
1999-09-15,7.275391669697461,7.306683676878955,7.197161651743724,7.212807655334473,56400
1999-09-16,7.228449838940719,7.228449838940719,7.150219862328807,7.208892822265625,38600
1999-09-17,7.214078283206947,7.284804540885447,7.1590689716792255,7.276946067810059,821800
1999-09-20,7.284806370735169,7.284806370735169,7.139425061965691,7.166929244995117,463600
1999-09-21,7.033336862685189,7.064770770451379,6.868308846912687,6.931176662445068,407000
1999-09-22,6.962611325869879,7.041196103814234,6.935107133232775,6.939035892486572,53800
1999-09-23,6.994040970949783,7.025474862954051,6.860446929931641,6.860446929931641,261200
1999-09-24,6.852588799264696,6.852588799264696,6.62862278718876,6.789721012115479,374400
1999-09-27,6.836872182854818,6.8997399730419895,6.805438287761233,6.852589130401611,293000
1999-09-28,6.797583561677199,6.797583561677199,6.60112160902757,6.742574214935303,1388400
1999-09-29,6.734712037473583,6.931173882207352,6.734712037473583,6.832943439483643,735600
1999-09-30,6.852586533322693,6.915454299683452,6.813294179347219,6.899737358093262,1219200
1999-10-01,6.915457763671875,6.915457763671875,6.852589965820313,6.876165390014648,170200
1999-10-04,6.946890765945347,6.946890765945347,6.785792534387297,6.797579765319824,136400
1999-10-05,6.734712875763012,6.734712875763012,6.569684905645132,6.6482696533203125,132400
1999-10-06,6.695419916292517,6.766146183013916,6.67184449405205,6.766146183013916,138400
1999-10-07,6.695417336458285,6.695417336458285,6.608974154884294,6.640408039093018,441000
1999-10-08,6.585401550482792,6.585401550482792,6.459665960020113,6.565755844116211,730800
1999-10-11,6.569682634101723,6.671842770756416,6.569682634101723,6.663984298706055,368600
1999-10-12,6.718996064736209,6.758288439383789,6.6757749322671165,6.699350357055664,91400
1999-10-13,6.726857258723332,6.789725083571215,6.726857258723332,6.742574214935303,44400
1999-10-14,6.734711563935754,6.781862403356541,6.695419197751765,6.718994617462158,1125600
1999-10-15,6.616835968880694,6.687562244082507,6.569685118746152,6.620765686035156,556200
1999-10-18,6.57754188239292,6.640409666215074,6.530391044526303,6.632551193237305,487000
1999-10-19,6.656127548902568,6.707208110089878,6.652198791503906,6.652198791503906,527600
1999-10-20,6.687560857998,6.789721012115479,6.667915154157021,6.789721012115479,321400
1999-10-21,6.805440027043566,6.821156978607178,6.758289172352733,6.821156978607178,48200
1999-10-22,6.891882279825112,6.966538268770893,6.876165330498259,6.935104370117188,598000
1999-10-25,6.884024784861622,6.8997417364252325,6.805440027043566,6.821156978607178,109200
1999-10-26,6.758285963310385,6.789719851511829,6.663984298706055,6.663984298706055,33600
1999-10-27,6.691490440776509,6.746499753434093,6.663985304804574,6.718994617462158,147600
1999-10-28,6.809366263973942,6.8250832075038455,6.75042724609375,6.75042724609375,177600
1999-10-29,6.774004344168426,6.81329671275409,6.72685350186563,6.797579765319824,197000
1999-11-01,6.805438335072252,6.8368722303843645,6.77400443976014,6.793651103973389,460800
1999-11-02,6.742571171556735,6.789722018910279,6.718995747879964,6.730783939361572,88000
1999-11-03,6.730784838755879,6.734713596917095,6.663987316436051,6.69542121887207,640400
1999-11-04,6.687564986331693,6.722928618076777,6.557900574935807,6.589334487915039,48200
1999-11-05,6.608976617710515,6.624693565671776,6.3810808722722205,6.428231716156006,232000
1999-11-08,6.483238788038597,6.675771813508219,6.483238788038597,6.671842098236084,93400
1999-11-09,6.789722799017355,6.817227942777023,6.754360139082417,6.813298225402832,230600
1999-11-10,6.876165589683481,6.966538531362568,6.876165589683481,6.962608814239502,517400
1999-11-11,6.97046728919914,6.97046728919914,6.919387681604738,6.962608814239502,435200
1999-11-12,6.868305479999081,7.041191887962444,6.868305479999081,7.009757995605469,274200
1999-11-15,7.037266433453676,7.056912145752838,7.009761285090792,7.04905366897583,53400
1999-11-16,7.119778394699098,7.166929244995118,7.0804860194524135,7.166929244995117,156200
1999-11-17,7.190503416390255,7.33981441629344,7.190503416390255,7.29266357421875,113800
1999-11-18,7.324097468935211,7.331955942614326,7.233725501268556,7.29266357421875,133000
1999-11-19,7.206219249944045,7.229794667337536,7.127634525299071,7.127634525299072,358800
1999-11-22,7.163000058133097,7.182645764936636,7.013689041137696,7.013689041137695,719800
1999-11-23,7.041194051572333,7.04905252707632,6.852590639476646,6.868307590484619,718600
1999-11-24,6.860448835663877,6.9547505378723145,6.844731885295803,6.9547505378723145,47000
1999-11-26,6.8997399730419895,6.931173868135574,6.852589130401611,6.852589130401611,14800
1999-11-29,6.817226429255827,6.821155186471223,6.777934060670164,6.797579765319824,59000
1999-11-30,6.79365607555663,6.852594192754452,6.770080636820089,6.785797595977783,28600
1999-12-01,6.774006014951845,6.919388294219972,6.774006014951845,6.919388294219971,43400
1999-12-02,6.915456920588782,6.915456920588782,6.821155235308026,6.852589130401611,107600
1999-12-03,6.8525908817344,6.919388405523043,6.813298502825372,6.821156978607178,497000
1999-12-06,6.83687067987214,6.868304568055461,6.7740029035055,6.817224979400635,297200
1999-12-07,6.774005693778589,6.805439594909812,6.6875624656677255,6.687562465667725,252000
1999-12-08,6.6246938433758045,6.7582879066467285,6.577542997515478,6.7582879066467285,135800
1999-12-09,6.797581274479181,6.836873651788308,6.734713470784575,6.813298225402832,98200
1999-12-10,6.789719588399782,6.789719588399782,6.616833209991455,6.616833209991455,98000
1999-12-13,6.616835082998804,6.726853718583108,6.585401187117575,6.656127452850342,89800
1999-12-14,6.608974154884294,6.695417336458285,6.593257212779932,6.640408039093018,1014600
1999-12-15,6.703280082158312,6.852591127364652,6.703280082158312,6.774006366729736,436200
1999-12-16,6.797579631613594,6.884022840801744,6.793650874475476,6.84080171585083,124200
1999-12-17,6.857037130329344,6.872800434077227,6.746694004094159,6.809747219085693,1911800
1999-12-20,6.778218387852053,6.817626634293053,6.652111999240852,6.659993648529053,1562600
1999-12-21,6.699404023024908,6.76245723735926,6.675759067649525,6.679700374603272,1451600
1999-12-22,6.659997966083061,6.699406238071718,6.636353002889867,6.644234657287598,1210600
1999-12-23,6.691524277921366,6.833394050598144,6.691524277921366,6.8333940505981445,288800
1999-12-27,6.8728014317954464,7.061961104230184,6.786103248596191,6.786103248596191,2502400
1999-12-28,6.7388152108115,6.85704003907135,6.7388152108115,6.793986797332764,112200
1999-12-29,6.817628324510856,6.912208139417365,6.79004302622094,6.864918231964111,94800
1999-12-30,6.825510522833577,6.84127382658146,6.778220611589926,6.809747219085693,116400
1999-12-31,6.809749088485347,6.872802320786138,6.762459164259755,6.8333940505981445,69600
2000-01-03,6.888564379074995,6.888564379074995,6.652114800845876,6.699404716491699,760600
2000-01-04,6.636352639690006,6.636352639690006,6.526009484160719,6.573299407958984,1444400
2000-01-05,6.589061514239444,6.746694564819335,6.557534904123466,6.746694564819336,675600
2000-01-06,6.74669512908558,7.022552990672023,6.74669512908558,7.006789684295654,266200
2000-01-07,6.983143434517976,7.164421424353093,6.983143434517976,7.081664562225342,936000
2000-01-10,7.081664885140245,7.081664885140245,6.967380448757732,7.022552013397217,244200
2000-01-11,7.022551050100626,7.077722607172124,6.9516161910087,7.03043270111084,289600
2000-01-12,7.022552524064039,7.022552524064039,6.951617650083594,6.998907566070557,114600
2000-01-13,7.046198484490756,7.1407783299201615,6.9910269079902685,7.121074676513672,298400
2000-01-14,7.085603245648084,7.085603245648084,6.983141797157066,7.07772159576416,71400
2000-01-18,7.030434880188458,7.203831256157232,7.030434880188458,7.164422988891602,221000
2000-01-19,7.1407766342163095,7.21959315335777,7.132894982302164,7.140776634216309,380600
2000-01-20,7.164421589958748,7.164421589958748,7.046196811246556,7.140776634216309,688600
2000-01-21,7.298412730691257,7.373288936308242,7.259004454607611,7.337821006774902,966600
2000-01-24,7.385105941237213,7.408750890888986,7.069839945880235,7.07772159576416,593000
2000-01-25,7.093487786395209,7.43239886952298,7.014671255435262,7.061961174011231,115600
2000-01-26,7.014672864321408,7.132897687877387,6.951619625091553,6.951619625091553,93800
2000-01-27,6.975261908438471,7.030433471556063,6.719108703593217,6.809747219085693,3377600
2000-01-28,6.793984021180129,6.801865673176858,6.683640893225927,6.730930805206299,66200
2000-01-31,6.604825998607435,6.888565540313721,6.589062690734863,6.888565540313721,203200
2000-02-01,6.88856413167551,6.88856413167551,6.809747608429795,6.872800827026367,228400
2000-02-02,6.888563355157255,6.963439524858096,6.872800052285042,6.916149616241455,58800
2000-02-03,6.904328936936533,6.904328936936533,6.738814202146958,6.8333940505981445,193600
2000-02-04,6.7703372492076666,6.809745498620983,6.596940951789077,6.636349201202393,131200
2000-02-07,6.636352653608059,6.738814155385855,6.636352653608059,6.711228847503662,110600
2000-02-08,6.746693249562341,6.825509759487135,6.652113437652588,6.652113437652588,198800
2000-02-09,6.589059039658191,6.589059039658191,6.431426048278809,6.431426048278809,172400
2000-02-10,6.494483352423,6.667879752609052,6.486601697869089,6.565418243408203,1230000
2000-02-11,6.628468690781808,6.667876946969571,6.3841375024176745,6.486598968505859,415600
2000-02-14,6.526007570148085,6.620587390005304,6.455072705255171,6.589060783386231,1046000
2000-02-15,6.715166858362139,6.864918231964111,6.667876950908884,6.864918231964111,601400
2000-02-16,6.849156784602574,6.935854971749442,6.849156784602574,6.896446704864502,247800
2000-02-17,6.912210502122578,6.931915118021272,6.793985693078292,6.888565540313721,176000
2000-02-18,6.857040470630655,6.857040470630655,6.667880733509809,6.687585353851318,283400
2000-02-22,6.715165708634856,6.715165708634856,6.557532710779578,6.628467559814453,149200
2000-02-23,6.573297172238975,6.573297172238975,6.407782495240152,6.455072402954102,152400
2000-02-24,6.368375754650728,6.415665673620906,6.289559223033764,6.384139060974121,632000
2000-02-25,6.344728085496262,6.439307883044033,6.22650333856155,6.258029937744141,1325600
2000-02-28,6.321085743332842,6.518127069496583,6.210742600681146,6.447192192077637,912200
2000-02-29,6.462956215460809,6.644234255650564,6.462956215460809,6.596944332122803,160600
2000-03-01,6.561479891149644,6.786106633139657,6.541775267718834,6.7624616622924805,1761200
2000-03-02,6.782163693231843,6.912210502122578,6.77822238520572,6.888565540313721,785400
2000-03-03,6.872801443587902,6.872801443587902,6.707286729923514,6.778221607208252,1223400
2000-03-06,6.73092984205101,6.809746350740132,6.691521587706449,6.738811492919922,559600
2000-03-07,6.72305167425644,7.203832626342773,6.72305167425644,7.203832626342773,999000
2000-03-08,6.9989069725435495,7.274764792407316,6.9989069725435495,7.085605144500732,2178800
2000-03-09,6.983140372170342,7.101365096304152,6.90432388941447,7.0934834480285645,716800
2000-03-10,7.061960787386508,7.235357146005374,6.991025913406063,6.998907566070557,1326200
2000-03-13,6.998908198765346,7.117132999420166,6.86492009135655,6.896446704864502,701200
2000-03-14,6.8570383084816,6.991026413359976,6.8097483891127615,6.983144760131836,720800
2000-03-15,6.908271004179066,6.998909554513944,6.849158111343038,6.951619625091553,839000
2000-03-16,6.904327844536823,7.259002220112345,6.74669478872548,7.251120567321777,1132600
2000-03-17,7.243781477045289,7.243781477045289,7.026310354235888,7.030263900756836,299600
2000-03-20,7.061895456041608,7.061895456041608,6.88791818836757,6.91955041885376,475000
2000-03-21,6.579504746007233,7.140976905822755,6.579504746007233,7.140976905822754,353000
2000-03-22,7.125162134213106,7.172610494707311,7.053989593471799,7.0856218338012695,83800
2000-03-23,7.038172242361741,7.164701181550266,6.998631948865326,7.077712535858154,83000
2000-03-24,7.13306904158066,7.180517394407138,7.0698045711453545,7.093528747558594,322800
2000-03-27,7.069803053538004,7.196331967247857,6.982814425362481,7.117251396179199,438200
2000-03-28,7.133070194295474,7.172610494707311,7.038173473307064,7.0856218338012695,138600
2000-03-29,7.053985539069232,7.4810205380711805,7.053985539069232,7.457296371459961,465600
2000-03-30,7.520560815756546,7.647089704349717,7.394031927163376,7.457296371459961,355800
2000-03-31,7.433577925919979,7.587785610244478,7.417761802673341,7.41776180267334,1255800
2000-04-03,7.465206626076369,7.544287204742432,7.437528906212794,7.544287204742432,281400
2000-04-04,7.591736422982185,7.631276716851883,7.322862424668233,7.449391365051269,829200
2000-04-05,7.461254051884429,7.481023716457042,7.227965831756592,7.227965831756592,102600
2000-04-06,7.259600570206958,7.433577925919979,7.259600570206958,7.41776180267334,76000
2000-04-07,7.417757876203065,7.433573991077698,7.291228957205997,7.303091526031494,510800
2000-04-10,7.259598358908853,7.287277048829225,7.16865616061176,7.196333885192871,54000
2000-04-11,7.196331806883184,7.3782171162879235,7.196331806883184,7.322860717773437,975800
2000-04-12,7.354492860381558,7.481021769807477,7.326815144114122,7.386125087738037,484400
2000-04-13,7.401944934042739,7.433577177350614,7.3426349605102015,7.370312690734863,881600
2000-04-14,7.370312257816916,7.433576740716632,7.140978507305446,7.212151050567627,3698200
2000-04-17,7.148888941561238,7.188429256503501,6.96304994400246,7.0381760597229,432200
2000-04-18,6.990725863872574,7.097485169124073,6.990725863872574,7.073760986328125,159200
2000-04-19,7.0856207716125885,7.239828402771535,7.0856207716125885,7.227965831756592,755600
2000-04-20,7.227966491318108,7.279369361508078,7.164702014370029,7.239829063415527,471200
2000-04-24,7.291226678496362,7.338675008291349,7.200284529058674,7.318905353546143,44000
2000-04-25,7.318906982785228,7.413803663499857,7.318906982785228,7.330768585205078,861600
2000-04-26,7.354494283755367,7.44148292582129,7.3149539919072195,7.425666809082031,859000
2000-04-27,7.370310304545555,7.53637952814583,7.342632583281747,7.52847146987915,55000
2000-04-28,7.51265643478988,7.51265643478988,7.307046890258789,7.307046890258789,106000
2000-05-01,7.386126517233885,7.481023217669438,7.346586225385738,7.425666809082031,69400
2000-05-02,7.425665672439813,7.591734872781917,7.425665672439813,7.532424926757812,296000
2000-05-03,7.528471765847041,7.528471765847041,7.338678359985351,7.338678359985352,158200
2000-05-04,7.386126421078914,7.540334039948742,7.386126421078914,7.52847146987915,88000
2000-05-05,7.5284686376052194,7.619411756128034,7.4968364164388115,7.60754919052124,71200
2000-05-08,7.560103794387724,7.74198913672132,7.560103794387724,7.702448844909668,166000
2000-05-09,7.781528844762084,7.789436902531151,7.639183804918875,7.706402778625488,244800
2000-05-10,7.702448173233498,7.773620692288017,7.647091769524428,7.730126857757568,707400
2000-05-11,7.76571442021264,7.983186538886204,7.76571442021264,7.9713239669799805,261600
2000-05-12,7.939690582701364,8.002955049495798,7.927828977846985,7.999001502990723,90200
2000-05-15,8.018770512541616,8.17693166663514,7.971322166313559,8.165069580078125,2556600
2000-05-16,8.097849627589119,8.12948185269689,7.939688502050268,8.00690746307373,1860800
2000-05-17,8.050403207665703,8.050403207665703,7.935736847004077,8.046449661254883,91200
2000-05-18,8.034588813781738,8.09389974537204,7.939692095508725,8.034588813781738,1779400
2000-05-19,7.979232013342656,8.093899358443887,7.94364622836112,8.05040454864502,142800
2000-05-22,7.987140268968222,8.078083437868706,7.983186721801757,7.983186721801758,216800
2000-05-23,7.971321574339085,8.034586031278284,7.900149060282486,7.951551914215088,280600
2000-05-24,7.939693437529505,7.999004379144944,7.860612825601921,7.959464073181152,129600
2000-05-25,7.971324966986653,7.971324966986653,7.741991212976124,7.813163757324219,663600
2000-05-26,7.828974522609093,7.935733748768595,7.817112922668456,7.817112922668457,69200
2000-05-30,7.868515976803536,7.971320708158759,7.844791808029254,7.927826881408691,124800
2000-05-31,7.923873820085503,8.17693166663514,7.923873820085503,8.165069580078125,229400
2000-06-01,8.137396074110463,8.137396074110463,7.939694517402239,8.089947700500488,82600
2000-06-02,8.066221692784113,8.074129753267234,7.76571539442549,7.813163757324219,99200
2000-06-05,7.765713311808311,7.844793895431613,7.686632728185008,7.702448844909668,2246600
2000-06-06,7.741986730824346,8.002952575683594,7.741986730824346,8.002952575683594,131400
2000-06-07,7.971324267688099,7.99900295962057,7.852703370847502,7.90015172958374,75800
2000-06-08,7.884338443022801,7.971327131962872,7.860614255130054,7.939694881439209,149000
2000-06-09,7.935737326594097,7.947598931882536,7.844794169579577,7.888288974761963,259600
2000-06-12,7.876427796307732,8.113669597401339,7.876427796307732,8.066221237182617,515000
2000-06-13,8.082037357255524,8.129485717474246,8.042497057073257,8.066221237182617,714200
2000-06-14,8.11366844151517,8.224381266253193,7.955507263317993,8.05435848236084,432400
2000-06-15,8.089948071426605,8.09785613405752,7.8882929570080975,7.939694881439209,502800
2000-06-16,7.978084012279361,8.184687781521655,7.978084012279361,8.073439598083496,957000
2000-06-19,8.089335111975425,8.152905525429063,7.946301681704739,8.005899429321289,469400
2000-06-20,7.978088479793952,8.001927389594133,7.807243444563181,7.962195873260498,180800
2000-06-21,7.914513442095588,8.129063505284925,7.898620844822304,8.105224609375,321400
2000-06-22,8.140988411139865,8.16880047501394,7.890679836273192,7.890679836273193,188600
2000-06-23,7.946303675803365,8.073444534616218,7.946303675803365,7.99000883102417,158000
2000-06-26,8.057551856092756,8.057551856092756,7.882733176769245,7.926438331604004,89000
2000-06-27,7.9383545344989725,7.9383545344989725,7.787374818627621,7.870811462402344,29200
2000-06-28,7.823136584491013,7.850948162816935,7.739699909497666,7.80327033996582,180200
2000-06-29,7.787381429982379,7.882737120961755,7.77148881481915,7.819166660308838,1088800
2000-06-30,7.77942983055704,7.83505394579085,7.652288995736905,7.715859413146973,255200
2000-07-03,7.676129966821739,7.791351864371125,7.676129966821739,7.7635393142700195,108000
2000-07-05,7.6284455940212785,7.65625812025299,7.437734454170747,7.441708087921143,2064800
2000-07-06,7.548987109363709,7.660235340449069,7.517201900482178,7.517201900482178,435600
2000-07-07,7.58077627462974,7.604615193732349,7.533098436424521,7.552964687347412,1044000
2000-07-10,7.548984058240321,7.656259579861022,7.548984058240321,7.588715553283691,346600
2000-07-11,7.628450615461483,7.878759636285141,7.628450615461483,7.858893394470215,142200
2000-07-12,7.882731265709049,7.894651203231526,7.755590438842773,7.755590438842773,308600
2000-07-13,7.684074701057139,7.715859911816425,7.596665371469106,7.636396884918213,137800
2000-07-14,7.676127249002457,7.676127249002457,7.548986425002417,7.628449440002441,423400
2000-07-17,7.644345678326324,7.676130899442026,7.529124736785889,7.529124736785889,456000
2000-07-18,7.533092123694001,7.676125518447684,7.533092123694001,7.596662521362305,202000
2000-07-19,7.628448910184869,7.652287813029197,7.541039599755668,7.576798439025879,114400
2000-07-20,7.56487740904598,7.612555207842488,7.501307010650636,7.501307010650635,371200
2000-07-21,7.517204858314399,7.525151163661454,7.350332446026236,7.358278751373291,75000
2000-07-24,7.437738288493086,7.437738288493086,7.239080748736326,7.282785892486572,232600
2000-07-25,7.302656536060282,7.374173303007554,7.191408231920082,7.21524715423584,975400
2000-07-26,7.286758368316042,7.3185435738485,7.23113425863424,7.274839401245117,70000
2000-07-27,7.251001902703653,7.5410414744078045,7.251001902703653,7.525148868560791,312400
2000-07-28,7.533092880249023,7.580770683288573,7.469522476196288,7.469522476196289,59000
2000-07-31,7.533096558532062,7.56488177607861,7.413901992732503,7.421848297119141,534400
2000-08-01,7.485414172179555,7.588716066275451,7.485414172179555,7.560904502868652,147800
2000-08-02,7.628449564220343,7.731751485402493,7.620503262590947,7.703939914703369,211600
2000-08-03,7.755588515533064,7.787373714367216,7.596662521362305,7.596662521362305,88200
2000-08-04,7.596664234002432,7.676127249002457,7.541040123502414,7.628449440002441,60000
2000-08-07,7.636395956760846,7.779429387792787,7.636395956760846,7.727778911590576,69200
2000-08-08,7.723801848876586,7.7714796380671824,7.707909252479721,7.743668079376221,59600
2000-08-09,7.81916102286308,8.07344268214318,7.787375815453068,7.8827314376831055,97800
2000-08-10,7.890679903440065,7.978089247788344,7.890679903440065,7.954250335693359,108000
2000-08-11,8.009869949340821,8.009869949340821,7.886702791274235,7.94629955291748,316800
2000-08-14,7.962194803903794,8.097281941295376,7.946302199504784,8.057550430297852,346200
2000-08-15,8.057549671135325,8.160851589996035,8.025764465332031,8.025764465332031,537800
2000-08-16,8.04165592417121,8.168796729296446,8.025763323530555,8.137011528015137,85000
2000-08-17,8.232371661499258,8.359512536580327,8.232371661499258,8.327727317810059,452400
2000-08-18,8.34361475867194,8.34361475867194,8.200581362808993,8.232366561889648,1437600
2000-08-21,8.24826849240523,8.264161109924316,8.200590639847976,8.264161109924316,156400
2000-08-22,8.264153387645402,8.327723798319598,8.22442188097403,8.240314483642578,1300000
2000-08-23,8.327722743041532,8.486648749588127,8.327722743041532,8.454863548278809,406400
2000-08-24,8.486646690698453,8.486646690698453,8.248257738712542,8.272096633911133,478200
2000-08-25,8.28004684119389,8.295939445495605,8.184691215383596,8.295939445495605,523600
2000-08-28,8.240317966191824,8.407190364735728,8.216479052114124,8.327727317810059,221600
2000-08-29,8.327727027798517,8.371431702085628,8.280049201303488,8.335673332214355,213000
2000-08-30,8.295946344962488,8.3356778887602,8.18469802232889,8.264161109924316,331600
2000-08-31,8.264151760970302,8.295936960050957,8.204554512694074,8.232366561889648,157000
2000-09-01,8.208527529006133,8.375399821464148,8.208527529006133,8.315802574157715,205400
2000-09-05,8.359507222182433,8.423077619309295,8.264151626492138,8.315802574157715,1445000
2000-09-06,8.359508273645003,8.510487985811595,8.359508273645003,8.498568534851074,456000
2000-09-07,8.470762690897557,8.502547916754583,8.43897746504053,8.458843231201172,208800
2000-09-08,8.438971523096352,8.454864124834764,8.303884408319858,8.359508514404297,1784400
2000-09-11,8.359506607934222,8.645573373985203,8.359506607934222,8.625707626342773,1640600
2000-09-12,8.66147215515925,8.677364764618257,8.502546060569172,8.613794326782227,1106200
2000-09-13,8.629681572905177,8.629681572905177,8.462809277296515,8.470755577087402,219600
2000-09-14,8.470759304760763,8.502544517911836,8.395269423526967,8.446920394897461,834600
2000-09-15,8.555265830586189,8.7627629496116,8.555265830586189,8.66699504852295,1525600
2000-09-18,8.778724600287045,8.802666576469646,8.68295669555664,8.68295669555664,411000
2000-09-19,8.69891358502526,8.69891358502526,8.435551981074953,8.451513290405273,7629000
2000-09-20,8.5393081418811,8.567240458233048,8.283926963806152,8.283926963806152,2858400
2000-09-21,8.252001103151192,8.27594307927252,8.176184845433651,8.220078468322754,9151200
2000-09-22,8.176180660380522,8.523339136443532,8.076422477603796,8.168200492858887,2939000
2000-09-25,8.140271107355753,8.140271107355753,7.91681268480089,8.044503211975098,1014400
2000-09-26,8.092385441757912,8.251998566841895,8.092385441757912,8.236037254333496,930600
2000-09-27,8.252002008631294,8.411615200287605,8.18815673196877,8.391663551330566,166400
2000-09-28,8.407624211004071,8.427575858396107,8.299885315087076,8.359740257263184,645200
2000-09-29,8.427574583389216,8.49141984538459,8.367719650268555,8.367719650268555,254400
2000-10-02,8.411614195208683,8.551275721220213,8.411614195208683,8.539304733276367,629000
2000-10-03,8.519351338604556,8.551273966571225,8.475457725150388,8.53531265258789,184400
2000-10-04,8.507385494621733,8.507385494621733,8.283926963806152,8.283926963806152,303600
2000-10-05,8.279934242274297,8.551276665635577,8.172195338880849,8.271953582763672,4559600
2000-10-06,8.331805129383886,8.427573004434276,8.188153316808302,8.236037254333496,1080000
2000-10-09,8.267961582154717,8.403632766417875,8.267961582154717,8.363729476928711,2751600
2000-10-10,8.411613734926624,8.635072164317464,8.411613734926624,8.551275253295898,2462800
2000-10-11,8.603150228852208,8.762763405639818,8.563246934655306,8.631082534790039,797800
2000-10-12,8.682955493475353,8.834587988306264,8.682955493475353,8.762762069702148,4065600
2000-10-13,8.76276176626032,8.874490969108813,8.39565152832956,8.427574157714844,608200
2000-10-16,8.399640184971387,8.415601496486772,8.319833627394463,8.347765922546387,656200
2000-10-17,8.427575211176391,8.491420477927727,8.35175895690918,8.35175895690918,1022800
2000-10-18,8.395648278335683,8.427570895363575,8.236035193196221,8.240025520324707,2834400
2000-10-19,8.251999721297299,8.379690239228397,8.188154462331749,8.279932022094727,1954800
2000-10-20,8.220077390256135,8.443535804748535,8.220077390256135,8.443535804748535,977200
2000-10-23,8.459494734589123,8.459494734589123,8.291900970979338,8.307862281799316,411000
2000-10-24,8.31584211626794,8.331803425512216,8.160219838236747,8.168200492858887,160600
2000-10-25,8.204112531843265,8.204112531843265,7.948731596999894,7.96868371963501,794400
2000-10-26,8.076425489613921,8.108348120007653,7.964696283235863,8.004599571228027,901800
2000-10-27,8.092384651482822,8.092384651482822,7.88488760913711,7.948732852935791,684400
2000-10-30,7.996619611478392,8.108348827606832,7.916813028529506,8.084406852722168,753200
2000-10-31,8.156231547336953,8.176183190065272,8.020560376784381,8.140270233154297,926600
2000-11-01,8.204113868793078,8.403630256652832,8.204113868793078,8.403630256652832,4240200
2000-11-02,8.359738600066327,8.359738600066327,8.07642526326217,8.10834789276123,236000
2000-11-03,8.108351055341277,8.16820649609869,8.028544450465871,8.076428413391113,683600
2000-11-06,8.07642526326217,8.160222652797872,7.9806573747649905,8.10834789276123,1016200
2000-11-07,8.140269946306944,8.267960455268621,8.140269946306944,8.172192573547363,485200
2000-11-08,8.20411496190084,8.283921527678086,8.196134305323117,8.251998901367188,120400
2000-11-09,8.287912412123248,8.315844712019667,8.10435778561886,8.164212226867676,608200
2000-11-10,8.267962717870523,8.311856342337983,8.01258163005985,8.188156127929688,670400
2000-11-13,8.240034880010459,8.295899523264767,8.048499447382435,8.12431526184082,100000
2000-11-14,8.060463378205895,8.244018484838307,8.060463378205895,8.172192573547363,96400
2000-11-15,8.228061405634971,8.3637326412274,8.228061405634971,8.331809997558594,142600
2000-11-16,8.315845529541715,8.411613424315707,8.303874542694965,8.363729476928711,310800
2000-11-17,8.2998868603727,8.355751483471362,8.25998355815937,8.295896530151367,341200
2000-11-20,8.315848800858303,8.395655411231223,8.255993843078613,8.255993843078613,435200
2000-11-21,8.267961336218793,8.443535804748535,8.267961336218793,8.443535804748535,635200
2000-11-22,8.395649491309204,8.395649491309204,8.283920315569349,8.307862281799316,485200
2000-11-24,8.367719227617437,8.427574157714844,8.331806269558994,8.427574157714844,100000
2000-11-27,8.379691904655221,8.427575858396107,8.32382729195752,8.359740257263184,91800
2000-11-28,8.391662248628764,8.45949784455206,8.34776862773722,8.35175895690918,99800
2000-11-29,8.387671941701912,8.387671941701912,7.9726777067176124,7.984649181365967,1523600
2000-11-30,8.028539944902276,8.028539944902276,7.637487800468667,7.71330451965332,2520000
2000-12-01,7.725275518440525,7.948733901205334,7.709314205385896,7.884888648986816,619200
2000-12-04,7.948736242038101,8.060465466323777,7.916813606527908,8.020562171936035,402600
2000-12-05,7.996622501350031,8.092390435497936,7.852970600128174,7.852970600128174,333400
2000-12-06,7.852970252271557,7.884892895573475,7.693357035761974,7.789124965667725,1018400
2000-12-07,7.916810989379883,7.944743773318013,7.856956554685776,7.916810989379883,446800
2000-12-08,7.837006931460325,7.916813519357069,7.741239025984231,7.912823677062988,97200
2000-12-11,7.868931002099927,7.980660245537452,7.837008361117778,7.936767101287842,124800
2000-12-12,7.948734988749145,8.028541564941406,7.940754331129919,8.028541564941406,249800
2000-12-13,8.092387159665426,8.124309791458977,7.996619264284769,8.044503211975098,388400
2000-12-14,8.02854250299772,8.032533319374306,7.777152245720303,7.797103404998779,113200
2000-12-15,7.812408652424967,7.956489959539361,7.812408652424967,7.888452053070068,1258200
2000-12-18,7.924467250118105,8.16060085370354,7.924467250118105,8.132584571838379,408600
2000-12-19,8.116579811528043,8.300683692854616,8.116579811528043,8.27266788482666,516800
2000-12-20,8.100573656684974,8.172614331497389,8.020528462448956,8.028532981872559,381800
2000-12-21,8.100570204529069,8.136591015141667,8.05654585501786,8.088563919067383,659800
2000-12-22,8.116575814783573,8.19662094116211,8.072551483832058,8.19662094116211,116800
2000-12-26,8.21262940404118,8.544816655764093,8.21262940404118,8.540814399719238,1934200
2000-12-27,8.596848231990162,8.604852746172648,8.456769233796654,8.532812118530273,582400
2000-12-28,8.596851563640712,8.68089899512882,8.524810908079477,8.672894477844238,135000
2000-12-29,8.66488695818152,8.6929027589701,8.492789896194544,8.500794410705566,370800
2001-01-02,8.644877264005805,8.736929197835495,8.520807266235352,8.520807266235352,797000
2001-01-03,8.596851814624873,8.596851814624873,8.260662078857422,8.260662078857422,1038200
2001-01-04,8.164604988098144,8.260659164428711,7.956487606048585,8.004514694213867,773000
2001-01-05,8.004517153984908,8.244652668604456,8.004517153984908,8.176614761352539,849200
2001-01-08,8.27666998003227,8.27666998003227,8.116579651598379,8.148597717285156,743200
2001-01-09,8.196621913877594,8.196621913877594,7.960489251595085,7.984502792358398,264000
2001-01-10,8.036534309387207,8.060547858120435,7.964493663187521,8.036534309387207,255200
2001-01-11,8.052539769064618,8.196620997536947,8.052539769064618,8.124580383300781,97200
2001-01-12,8.036531880200434,8.144593305393347,8.02052285255063,8.072552680969238,60200
2001-01-16,8.148602954925053,8.1646119980585,8.020530609857468,8.068557739257812,66800
2001-01-17,8.164609812073788,8.164609812073788,7.956492307060142,8.028532981872559,191400
2001-01-18,7.956488060757397,8.004515151667402,7.812406788027383,7.876442909240723,744000
2001-01-19,7.7643844465061935,7.892456767273306,7.732366366314416,7.840427875518799,643800
2001-01-22,7.892452362330272,7.940479455813012,7.840423499614163,7.9244704246521,78800
2001-01-23,7.956490534953231,8.06455201166099,7.916467946749242,8.048542976379395,123400
2001-01-24,8.116582182678425,8.116582182678425,8.020527955664479,8.040539741516113,94600
2001-01-25,8.116581359538783,8.304687535031054,8.116581359538783,8.28067398071289,225600
2001-01-26,8.308687407006907,8.368721275554645,8.132588059266876,8.140592575073242,344400
2001-01-29,8.171010820649128,8.171010820649128,8.073676109313965,8.073676109313965,126400
2001-01-30,8.137709749501944,8.163324293647827,8.01476052386986,8.14283275604248,469600
2001-01-31,8.196624188931631,8.247853285535204,8.145395092328059,8.229923248291016,198000
2001-02-01,8.229922411433842,8.229922411433842,8.08135814410157,8.124902725219727,692200
2001-02-02,8.18125740187211,8.276031104253528,8.178695897639425,8.260662078857422,353000
2001-02-05,8.324693522713913,8.450204716524729,8.324693522713913,8.427151679992676,408600
2001-02-06,8.434840441847667,8.501437597540257,8.324698202840963,8.48094654083252,145000
2001-02-07,8.488630684500304,8.573158859534221,8.404103486580354,8.503999710083008,206200
2001-02-08,8.527049193710909,8.596208314238341,8.496311155400788,8.550102233886719,78400
2001-02-09,8.568031173588942,8.719156422751748,8.568031173588942,8.6884183883667,483000
2001-02-12,8.606452522092445,8.64999758362,8.568031443570622,8.57315444946289,591000
2001-02-13,8.55522632598877,8.588524406046817,8.503997232750804,8.55522632598877,2027800
2001-02-14,8.573157634715216,8.609017712171012,8.486068456416644,8.493752479553223,167200
2001-02-15,8.350312611304876,8.401541720851297,8.299084478872448,8.383611679077148,1109200
2001-02-16,8.480942595653339,8.519363675525296,8.388730440579044,8.457889556884766,114600
2001-02-20,8.465577556597033,8.529613696930012,8.409226417541504,8.409226417541504,749800
2001-02-21,8.447646046127218,8.5065591677328,8.352872848510742,8.352872848510742,189800
2001-02-22,8.388734731953749,8.424594815691037,8.260662445969722,8.311891555786133,420000
2001-02-23,8.288836241515956,8.309327293577946,8.119780909271167,8.206870079040527,682600
2001-02-26,8.183816063727452,8.306765292852106,8.183816063727452,8.29651927947998,681200
2001-02-27,8.324693973927568,8.370800049490706,8.2350438142845,8.245288848876953,81000
2001-02-28,8.281155522458098,8.281155522458098,8.130029678344727,8.130029678344727,47000
2001-03-01,8.15820100796234,8.252974671492247,8.15820100796234,8.222236633300781,328200
2001-03-02,8.299084177999664,8.419471457388171,8.283715152558724,8.409226417541504,157600
2001-03-05,8.360555756367761,8.49887401148966,8.360555756367761,8.455328941345215,3215800
2001-03-06,8.478383586483343,8.55266573499143,8.47582257110306,8.498875617980957,191800
2001-03-07,8.555223470158179,8.685856686050144,8.555223470158179,8.680733680725098,466800
2001-03-08,8.706351947768344,8.767826080322266,8.621823794114551,8.767826080322266,305600
2001-03-09,8.79600393372591,8.798564949309657,8.657685641469403,8.726844787597656,479000
2001-03-12,8.593648172682347,8.616701217821426,8.437399864196777,8.437399864196777,2822400
2001-03-13,8.350311418180045,8.388733489128464,8.252977198774726,8.337504386901855,304800
2001-03-14,8.171006800274782,8.322132533866235,8.171006800274782,8.211990356445312,218200
2001-03-15,8.273465563271543,8.319571642572669,8.17100788068947,8.217114448547363,159400
2001-03-16,8.231763869789313,8.231763869789313,8.07504162130748,8.080180168151855,446000
2001-03-19,8.10586949566418,8.257453151922455,8.10586949566418,8.18294620513916,482600
2001-03-20,8.21120662430266,8.334528762405851,8.21120662430266,8.254883766174316,976600
2001-03-21,8.23689835605797,8.23689835605797,8.005668762439253,8.018514633178711,701600
2001-03-22,7.941437872885591,7.941437872885591,7.566332985113158,7.78214693069458,533200
2001-03-23,7.789853020766666,7.89775997643854,7.77957642453234,7.843806743621826,880000
2001-03-26,8.003102471529385,8.003102471529385,7.905472543441001,7.946579933166504,105800
2001-03-27,7.990258216857911,8.041642219418852,7.913181477958239,7.99025821685791,199000
2001-03-28,7.938869850497599,7.938869850497599,7.792424755096396,7.874639511108398,276200
2001-03-29,7.7204879525148495,7.769303156222213,7.666534693184621,7.707642078399658,214400
2001-03-30,7.872072250116142,7.938871878953472,7.825826315533472,7.887487888336182,226200
2001-04-02,7.836096037380235,7.900326332768598,7.67680468920026,7.741034984588623,212800
2001-04-03,7.702499470650831,7.707638013602455,7.463562613823006,7.527792930603027,2459000
2001-04-04,7.584316026739092,7.710207390545375,7.556054530157,7.6613922119140625,328000
2001-04-05,7.746177303457953,7.887484316247427,7.707639205438462,7.861792087554932,423800
2001-04-06,7.7615912284376,7.884913808829562,7.735899493809433,7.872067451477051,139600
2001-04-09,7.938868552333939,8.069898482066531,7.938868552333939,8.057052612304688,177800
2001-04-10,8.159819562634466,8.254880647785917,8.113573655806109,8.195788383483887,484000
2001-04-11,8.118715814968393,8.154684651838762,8.049346923828125,8.049346923828125,132400
2001-04-12,8.157257265787408,8.180380238972274,8.06733464673946,8.134134292602539,430800
2001-04-16,8.208634424735074,8.295987692037198,8.208634424735074,8.293417930603027,264600
2001-04-17,8.308838516813292,8.380776198665666,8.224053980278073,8.3371000289917,99400
2001-04-18,8.298556473394544,8.401325369071216,8.23689592005,8.293417930603027,157800
2001-04-19,8.262590242518687,8.262590242518687,8.11357588514888,8.149544715881348,127600
2001-04-20,8.236897468566895,8.280573620390557,8.20092815230255,8.236897468566895,285000
2001-04-23,8.349943547464466,8.465558346444785,8.349943547464466,8.455281257629395,181400
2001-04-24,8.53492870272338,8.568327777037103,8.43215975694052,8.470698356628418,965800
2001-04-25,8.478404694450607,8.627419550426486,8.475835912140797,8.591449737548828,529800
2001-04-26,8.653108475103359,8.778999348896347,8.653108475103359,8.761014938354492,1502200
2001-04-27,8.745603372438277,8.753310699651307,8.671095942454947,8.701926231384277,224000
2001-04-30,8.704495993840098,8.796987840705304,8.655680307951675,8.701926231384277,366400
2001-05-01,8.62741944581734,8.694218565911521,8.588880851097159,8.645403861999512,470400
2001-05-02,8.411603943468336,8.4347269000844,8.288280854797994,8.30883502960205,838000
2001-05-03,8.22148478258241,8.272869258489022,8.172669579474997,8.267730712890625,270400
2001-05-04,8.285711961229417,8.437295568095298,8.27800463582035,8.398756980895996,1273000
2001-05-07,8.473265183074556,8.47840372718513,8.337097194414127,8.421880722045898,325200
2001-05-08,8.352508738890796,8.427016130655996,8.32424822691335,8.414170265197754,267800
2001-05-09,8.421879158887371,8.563186645507812,8.421879158887371,8.563186645507812,178800
2001-05-10,8.550339614058702,8.578601110776205,8.478401971560965,8.501524925231934,3399600
2001-05-11,8.491251100917578,8.491251100917578,8.388483140740835,8.419313430786133,65200
2001-05-14,8.475831383342314,8.588876366038443,8.470692841391127,8.550337791442871,165000
2001-05-15,8.653115040970375,8.658253587892377,8.5811773442176,8.627423286437988,275400
2001-05-16,8.673666211548513,8.732758997234617,8.658251554480296,8.699358940124512,795400
2001-05-17,8.694215318833736,8.735322680479982,8.632553786325962,8.727615356445312,137400
2001-05-18,8.812400944147875,8.917738644521089,8.804693618291337,8.91003131866455,1072600
2001-05-21,8.966557799589053,8.966557799589053,8.838097091744382,8.889480590820312,1178200
2001-05-22,8.874063201335531,8.876631983467584,8.761017185982773,8.799555778503418,305000
2001-05-23,8.70963363370815,8.76101711655901,8.612003252152713,8.665956497192383,4020000
2001-05-24,8.606868942312529,8.653114883692355,8.5554844541041,8.650545120239258,808400
2001-05-25,8.658247370105338,8.658247370105338,8.570894095317971,8.576032638549805,156800
2001-05-29,8.647970157403183,8.709631695208184,8.563186645507812,8.563186645507812,1769200
2001-05-30,8.586312921183689,8.601728558377115,8.509236695371332,8.529790878295898,698600
2001-05-31,8.576035712903185,8.624850420989437,8.49382095187515,8.619711875915527,226800
2001-06-01,8.606865641000457,8.619711513105909,8.514373793717649,8.58117389678955,2102200
2001-06-04,8.696784973144531,8.730185014108837,8.686508866759054,8.696784973144531,348000
2001-06-05,8.696785196088225,8.743031106277583,8.640263179249958,8.722477912902832,728400
2001-06-06,8.606862607493708,8.606862607493708,8.478401971560965,8.501524925231934,304200
2001-06-07,8.486112583446467,8.501528218557786,8.396190495490236,8.401329040527344,719800
2001-06-08,8.427017748534116,8.457848027568254,8.331957149800669,8.42444896697998,105400
2001-06-11,8.529785520685179,8.532354301898591,8.44757080078125,8.44757080078125,47800
2001-06-12,8.478404530842338,8.550342195055094,8.478404530842338,8.511804580688477,254800
2001-06-13,8.606866376725002,8.62228201261562,8.447575392831139,8.470698356628418,688400
2001-06-14,8.401328118147417,8.411605207093311,8.298559188842773,8.298559188842773,394000
2001-06-15,8.389161607491552,8.425299376867274,8.301398031287503,8.360767364501953,194800
2001-06-18,8.291073859950245,8.365931241334016,8.234285858181362,8.267842292785645,456000
2001-06-19,8.285909914488911,8.285909914488911,8.172333928298485,8.26009750366211,731200
2001-06-20,8.159426021913374,8.417554015091627,8.105218887329102,8.105218887329102,446200
2001-06-21,8.156848306325028,8.156848306325028,7.93485797603066,7.983902454376221,1274000
2001-06-22,7.989063480983837,8.138777732849121,7.903881242721524,8.138777732849121,392400
2001-06-25,8.105220784869434,8.138777707549172,8.027782565722669,8.043270111083984,177400
2001-06-26,8.032943491595264,8.097475490912146,8.004549254347008,8.092312812805176,116200
2001-06-27,8.00196754540378,8.00196754540378,7.888391094000895,7.898716449737549,3680200
2001-06-28,7.821276141191642,7.821276141191642,7.7025375288171745,7.730931758880615,225000
2001-06-29,7.769652175771748,7.898716163766827,7.705120181774209,7.834184169769287,473400
2001-07-02,7.795472039820573,7.888397859447535,7.782565334080382,7.813540935516357,246000
2001-07-03,7.769655255445429,7.821280575702267,7.769655255445429,7.803211688995361,169600
2001-07-05,7.795468455402979,7.92969468699931,7.795468455402979,7.872906684875488,1662000
2001-07-06,7.888397613946075,7.919373214418032,7.795471797211135,7.844515800476074,598400
2001-07-09,7.808376476539993,7.818701838782762,7.720612866837934,7.733519077301025,132400
2001-07-10,7.772235891693709,7.779979418244087,7.681890973997816,7.743841648101807,930800
2001-07-11,7.627682541236864,7.666402136825566,7.514106570686343,7.640589237213135,472000
2001-07-12,7.588959569302347,7.635422666450828,7.537334288735035,7.630259990692139,63400
2001-07-13,7.581220766109363,7.73867853602294,7.542501166162257,7.658658981323242,125600
2001-07-16,7.679308430395895,7.679308430395895,7.465062198081815,7.532175540924072,308800
2001-07-17,7.576056820522864,7.576056820522864,7.44699282185072,7.498618125915527,217600
2001-07-18,7.387625941865185,7.645754024507934,7.305024541853698,7.418601036071777,134800
2001-07-19,7.472805923434864,7.576057026714669,7.472805923434864,7.496037483215332,1174400
2001-07-20,7.614775990711997,7.674145312477961,7.581219567382566,7.656076431274414,1823600
2001-07-23,7.687049355677308,7.718024429242045,7.428921445051555,7.568310260772705,226000
2001-07-24,7.524435244202252,7.524435244202252,7.292120014766265,7.297282695770264,216200
2001-07-25,7.416019466723709,7.663822674411007,7.369556334511077,7.635428428649902,481000
2001-07-26,7.71028557475241,7.790305137634278,7.614777973371948,7.790305137634277,405800
2001-07-27,7.705123176713628,7.867743648167501,7.658660044201026,7.826443195343018,231600
2001-07-30,7.839346847450701,7.883228623062629,7.792883732998066,7.834184169769287,134000
2001-07-31,7.872905675570171,7.898718579531882,7.743841648101807,7.743841648101807,401800
2001-08-01,7.8341856191072115,7.86774204556431,7.671564688437835,7.715446472167969,973800
2001-08-02,7.730937323843385,7.733518171761508,7.6328483633840705,7.710287094116211,1136800
2001-08-03,7.689633806741795,7.689633806741795,7.576057342233855,7.594126224517822,406000
2001-08-06,7.5760586964654815,7.6457533911674815,7.555408471258245,7.583802223205566,66400
2001-08-07,7.614777807186524,7.622521826266815,7.555408471258245,7.583802223205566,85400
2001-08-08,7.601872792578411,7.601872792578411,7.387626487844752,7.428926944732666,1198200
2001-08-09,7.356650524260617,7.472808361053467,7.356650524260617,7.472808361053467,440200
2001-08-10,7.472807239593946,7.560570815924293,7.441831656984337,7.480550765991211,758600
2001-08-13,7.51152852723007,7.583804087048184,7.493459637275541,7.516691207885742,576200
2001-08-14,7.524431725154605,7.570894847779868,7.503781503136723,7.55798864364624,161400
2001-08-15,7.550246464008517,7.715448280372986,7.539921104315614,7.671566486358643,1087400
2001-08-16,7.730936219426674,7.730936219426674,7.581221952207278,7.627684593200684,361200
2001-08-17,7.6354296078232435,7.6354296078232435,7.524434439804973,7.570897579193115,108200
2001-08-20,7.550247647466963,7.557991668450472,7.485715616292031,7.516691207885742,63800
2001-08-21,7.498619886323947,7.570895919790612,7.408275459915865,7.511526584625244,1110600
2001-08-22,7.640592589579932,7.6999619400991905,7.516691207885742,7.516691207885742,420600
2001-08-23,7.557989810951675,7.609615127799664,7.542501772791094,7.583802223205566,46000
2001-08-24,7.583802688709077,7.648334707985274,7.563152462234302,7.645753860473633,196400
2001-08-27,7.64059110830469,7.687054240517323,7.594127976092058,7.635428428649902,499600
2001-08-28,7.609613693596685,7.609613693596685,7.511525265434335,7.555407047271728,198400
2001-08-29,7.58896659621449,7.630267055845946,7.524434566497802,7.524434566497803,77800
2001-08-30,7.588967708566925,7.59671173051052,7.392790250392657,7.416021823883057,1313800
2001-08-31,7.397952931688387,7.472810333455316,7.366977828594779,7.416021823883057,152400
2001-09-04,7.418601828283561,7.568316112510316,7.418601828283561,7.459902286529541,1877200
2001-09-05,7.43408767474698,7.485713481903076,7.408275263509118,7.485713481903076,266000
2001-09-06,7.498618323823663,7.498618323823663,7.410854763023089,7.434086322784424,539600
2001-09-07,7.421182924438576,7.480552269672417,7.387626487844752,7.428926944732666,204000
2001-09-10,7.434087643502029,7.465063226133535,7.330836521963981,7.452157020568848,1168600
2001-09-17,7.356651827611569,7.356651827611569,7.170799748156537,7.299863815307617,4019200
2001-09-18,7.22758425895146,7.22758425895146,6.941062011137051,6.946224689483643,1196400
2001-09-19,6.904925372964224,6.969457385795665,6.419644853101467,6.6958417892456055,485600
2001-09-20,6.556452130807235,6.6106592753338775,6.466107218156275,6.5074076652526855,1966200
2001-09-21,6.307790494094925,6.567370357968943,6.2558748183857,6.510262966156006,2335000
2001-09-24,6.463538356430345,6.494688157196272,6.294811547980558,6.338940143585205,3269600
2001-09-25,6.281836777358151,6.3597105864958925,6.165025568541936,6.268857479095459,1700200
2001-09-26,6.30779362591665,6.3467310209176215,6.165024827944902,6.224728107452393,990400
2001-09-27,6.294815204085536,6.492096069894768,6.235111920976177,6.471329689025879,2188800
2001-09-28,6.580352029226232,6.730908384945265,6.580352029226232,6.702354431152344,697000
2001-10-01,6.645245406839184,6.658224203537271,6.497284945999811,6.608903884887695,149800
2001-10-02,6.6322671895425085,6.795802827045647,6.598522015594723,6.754270076751709,121400
2001-10-03,6.723122333820863,6.863295780497987,6.663419048803386,6.847720623016357,147400
2001-10-04,6.917803918751512,7.10729711823576,6.88405875114707,7.008656978607178,234400
2001-10-05,7.021635247827757,7.08393485199009,6.9100163202177365,7.060572624206543,141200
2001-10-08,6.995679304449885,7.159214442335907,6.930784322015691,7.073553085327148,682000
2001-10-09,7.086533546447754,7.141045601939266,7.039809564024439,7.086533546447754,77000
2001-10-10,7.177383977199552,7.439559729812807,7.177383977199552,7.400622844696045,522400
2001-10-11,7.449941199065762,7.501856867164143,7.309767855470758,7.398025035858154,790400
2001-10-12,7.372067517465375,7.431770763138871,7.268235678226844,7.348705291748047,798000
2001-10-15,7.317555491718623,7.317555491718623,7.117678905284114,7.213723659515381,162800
2001-10-16,7.177385046476863,7.327941387771554,7.177385046476863,7.29938793182373,204800
2001-10-17,7.359090572687855,7.421389691887773,7.213725961221377,7.263045787811279,456800
2001-10-18,7.138448175136229,7.161810408772703,6.961933741042625,6.96972131729126,6285400
2001-10-19,6.917805573227537,7.044999689401727,6.81916541000798,6.99567985534668,738000
2001-10-22,7.008658701854918,7.083937125564422,6.922997337525514,7.08134126663208,2860600
2001-10-23,6.982696864897411,7.203339804786588,6.982696864897411,7.055379390716553,4635400
2001-10-24,6.969721580920795,6.977508662354545,6.858102126015517,6.956742286682129,395600
2001-10-25,6.917802336338954,7.133253574371338,6.917802336338954,7.133253574371338,92600
2001-10-26,7.151427880715468,7.273430781869277,7.148832516746211,7.270834922790527,538200
2001-10-29,7.268240301458684,7.33313530415028,7.203345298767089,7.20334529876709,2189600
2001-10-30,7.073554030415456,7.094320407764589,6.961934566497803,6.961934566497803,152800
2001-10-31,7.008657292633004,7.099510356559379,6.910017148584809,6.972316265106201,649800
2001-11-01,6.954148044684291,7.081342178083598,6.865890810062808,7.078746318817139,657000
2001-11-02,6.956742013190805,6.956742013190805,6.865889432639092,6.886655807495117,2228400
2001-11-05,6.969717660262949,6.969717660262949,6.832140189380899,6.845119476318359,767600
2001-11-06,6.800993980567293,6.839930868849938,6.684182820609962,6.803589344024658,460600
2001-11-07,6.800993994087895,6.894442427130141,6.728311439402238,6.832143306732178,4135600
2001-11-08,6.969718845785027,6.995676928966145,6.912610963764716,6.964527130126953,305600
2001-11-09,7.060570936721783,7.135848823170028,7.042399934370231,7.099507808685303,1259800
2001-11-12,7.008658701854918,7.08134126663208,6.891847525446882,7.08134126663208,178800
2001-11-13,7.086529686294671,7.146233427903645,7.00865592956543,7.138445854187012,140200
2001-11-14,6.930782727196775,6.982698404132335,6.751672478262213,6.790609359741211,8383200
2001-11-15,6.671203537685251,6.67639475933182,6.229917515618528,6.447964668273926,9490400
2001-11-16,6.453155161576436,6.580349227325807,6.312981806397986,6.5673699378967285,8957800
2001-11-19,6.554392771677596,6.580350861874435,6.427198674333415,6.551796913146973,2116800
2001-11-20,6.723118105137623,6.839929237230437,6.689372942038186,6.793204784393311,4105800
2001-11-21,6.795803417468999,6.9749137281162135,6.6374594837729495,6.704950332641602,1094800
2001-11-23,6.619290016716188,6.788016918120374,6.567373818541257,6.7672505378723145,101000
2001-11-26,6.658224539675401,6.684182629491419,6.5725631898591095,6.655628681182861,615400
2001-11-27,6.619286316371608,6.743884528206492,6.556987210454165,6.660819053649902,829800
2001-11-28,6.580348595637594,6.629668900515,6.505070209503174,6.505070209503174,1438200
2001-11-29,6.554391055747034,6.616690158843994,6.515454178200092,6.616690158843994,1604200
2001-11-30,6.601116335799198,6.642649076412751,6.538817224878867,6.582945823669434,740600
2001-12-03,6.549200275564464,6.730906390218323,6.507667534233753,6.671203136444092,288800
2001-12-04,6.697160944740631,6.775035208582802,6.6270747509248285,6.764651775360107,992800
2001-12-05,6.904826641082765,6.938571816109338,6.850314595135894,6.904826641082764,2130800
2001-12-06,6.852911231139118,6.982701218452774,6.697163147340829,6.699759006500244,1747200
2001-12-07,6.69716105705335,7.00865712742719,6.621883145363775,6.743885517120361,675800
2001-12-10,6.684182045440011,6.710140132987859,6.621882932390778,6.650436878204346,223800
2001-12-11,6.645246131093495,6.650437848382309,6.518052028174004,6.541414260864258,2426600
2001-12-12,6.541410254210756,6.556984901428224,6.473919456122924,6.556984901428223,607400
2001-12-13,6.466134747037235,6.5543919455163,6.41162321009334,6.450560092926025,118200
2001-12-14,6.463536705473189,6.813969522811016,6.437578627316839,6.515452861785889,521200
2001-12-17,6.515454967757587,6.6037121649508,6.4791134485484685,6.499880313873291,110600
2001-12-18,6.515455511008788,6.595925140414658,6.515455511008788,6.58554220199585,268800
2001-12-19,6.588141068391205,6.736102104187013,6.544012442650622,6.736102104187012,460600
2001-12-20,6.736100145623088,6.790611699453838,6.6997586146264405,6.704950332641602,177400
2001-12-21,6.802954089098869,6.826412590904179,6.750823974609375,6.750823974609375,263600
2001-12-24,6.808166001316886,6.881147552173343,6.776887838700169,6.8629021644592285,651400
2001-12-26,6.868112217173429,7.024501966343182,6.868112217173429,6.982798099517822,682400
2001-12-27,6.967164954724031,7.011475414661902,6.9202479386545495,7.006262302398682,386800
2001-12-28,7.024502916866873,7.094877890939171,7.003650980632605,7.037535190582275,816400
2001-12-31,7.050572796870353,7.050572796870353,6.959345817565918,6.959345817565918,242000
2002-01-02,6.959342840510321,6.959342840510321,6.802953018796133,6.907212734222412,579800
2002-01-03,6.922853196406151,6.959344478255008,6.831625737508493,6.8655104637146,619000
2002-01-04,6.933276046508526,6.933276046508526,6.842048631985503,6.896784782409668,1160600
2002-01-07,6.946311347120542,7.298188386619628,6.85508389285787,6.894181728363037,664200
2002-01-08,6.920245229886629,6.920245229886629,6.829018286737675,6.834230899810791,532000
2002-01-09,6.829016846198647,6.888966109664761,6.779493303829076,6.8420491218566895,899600
2002-01-10,6.78470819354321,6.821198972681994,6.766462306824238,6.789920806884766,84400
2002-01-11,6.800345991579269,6.800345991579269,6.651775845269216,6.659595012664795,281800
2002-01-14,6.56837018429555,6.656991088950385,6.56837018429555,6.578795909881592,617400
2002-01-15,6.6856608390808105,6.729971282340938,6.664808895026019,6.6856608390808105,245800
2002-01-16,6.646564883829791,6.646564883829791,6.542305141944747,6.547518253326416,433000
2002-01-17,6.584007284718696,6.584007284718696,6.526664566245443,6.544909954071045,228400
2002-01-18,6.529269231641921,6.542302003844753,6.484958800451142,6.490171909332275,371000
2002-01-22,6.550122648613456,6.552729203642415,6.047069459613284,6.443256378173828,336000
2002-01-23,6.482352524345308,6.63352919674915,6.482352524345308,6.625709533691406,600600
2002-01-24,6.633530725726188,6.743003548020179,6.594432898575136,6.716938495635986,265400
2002-01-25,6.76385624872825,6.797740472621467,6.714332693361627,6.789920806884766,940000
2002-01-28,6.81598561371065,6.81598561371065,6.649170061272316,6.6856608390808105,199600
2002-01-29,6.586611128990492,6.63874071601688,6.461499523547968,6.503203392028809,935400
2002-01-30,6.40676443840463,6.591825834651648,6.359847450703993,6.555334568023682,1155400
2002-01-31,6.633528220329591,6.7117228507995605,6.612676285727644,6.7117228507995605,780600
2002-02-01,6.716939910970668,6.76385691571825,6.6700229062230845,6.748217582702637,517200
2002-02-04,6.67262766434068,6.7117249920489295,6.552728629265952,6.568367958068848,1271400
2002-02-05,6.542302296218427,6.573579956604163,6.477139923740453,6.524056911468506,554600
2002-02-06,6.573580570520318,6.617891007829534,6.5631548484678826,6.568367958068848,1516600
2002-02-07,6.542304722916547,6.557943558910235,6.4719292152205,6.492781162261963,1437000
2002-02-08,6.516237544782751,6.565761089324951,6.477140218943949,6.565761089324951,605800
2002-02-11,6.568370424789499,6.68566245196272,6.516240303501614,6.651778221130371,471800
2002-02-12,6.643958114213393,6.683055454017701,6.604860774409086,6.620499610900879,151000
2002-02-13,6.568368078719677,6.675234341754961,6.563154969022955,6.659595012664795,319600
2002-02-14,6.651778164356154,6.758644464649481,6.651778164356154,6.714334011077881,1572800
2002-02-15,6.698694847001029,6.776889527302349,6.690875180111036,6.719546794891357,1111400
2002-02-19,6.6986928382407065,6.740396721515476,6.620497684238387,6.659595012664795,1462800
2002-02-20,6.646564020304615,6.65959629991596,6.555336571576396,6.638744354248047,844400
2002-02-21,6.646563003343522,6.800346265545786,6.646563003343522,6.716938495635986,2423200
2002-02-22,6.769066282259142,6.9384888286040445,6.761247116652041,6.9019975662231445,3096800
2002-02-25,6.954130609079576,7.008866780163004,6.899393940846548,7.001047611236572,1593800
2002-02-26,6.99844189745584,7.011474178666788,6.920246718741174,6.96455717086792,1217600
2002-02-27,7.024508229726086,7.03754051329822,6.922854528694392,6.959345817565918,2418600
2002-02-28,7.011472756949741,7.029718145805312,6.941097259521485,6.941097259521484,827600
2002-03-01,7.032323825380473,7.066208540878726,6.964554891533465,7.040143489837647,897400
2002-03-04,7.128765849136442,7.193928241729737,7.089668513010385,7.193928241729736,1361600
2002-03-05,7.123549744607248,7.227809429509507,7.123549744607248,7.196531772613525,1382800
2002-03-06,7.24605634420019,7.384200766620837,7.175681352730709,7.334677219390869,690600
2002-03-07,7.415476970414888,7.4415415174108785,7.342494946237761,7.389411926269531,653400
2002-03-08,7.467609166067147,7.467609166067147,7.313825898838177,7.35552978515625,378200
2002-03-11,7.446758113494723,7.488462004800326,7.428512723192222,7.433725833892822,841800
2002-03-12,7.441545267139825,7.522346994420645,7.428512987074979,7.498888492584228,501400
2002-03-13,7.551021218401197,7.5849059559579715,7.449368000030518,7.449368000030518,1234200
2002-03-14,7.480643472388208,7.480643472388208,7.37638323810364,7.44675874710083,236800
2002-03-15,7.479708138428157,7.545090201703184,7.453555213353036,7.500630378723144,3135800
2002-03-18,7.516322497020343,7.5790892226049404,7.48493938364084,7.558166980743408,177200
2002-03-19,7.600012981257188,7.64970350265503,7.571245204722179,7.649703502655029,753400
2002-03-20,7.584323212544475,7.639243934302374,7.539863366862733,7.568631649017334,502000
2002-03-21,7.5738612297687,7.610475540161133,7.492787576088618,7.610475540161133,717600
2002-03-22,7.518941085108218,7.518941085108218,7.427406050393912,7.432636737823486,382000
2002-03-25,7.388174484978614,7.45617190292953,7.364636898040772,7.3646368980407715,181200
2002-03-26,7.37509940316015,7.46663392329356,7.37509940316015,7.4247894287109375,268000
2002-03-27,7.487555415514117,7.597397327423096,7.487555415514117,7.597397327423096,688600
2002-03-28,7.584322670050467,7.623551825475229,7.539862827548864,7.555554389953613,1387000
2002-04-01,7.597398714434962,7.649704586350571,7.571246277302921,7.607860088348389,1032800
2002-04-02,7.654934497697796,7.720316581554813,7.647088468057697,7.702009677886963,988600
2002-04-03,7.66278056255778,7.66278056255778,7.50324860602981,7.534631729125977,1231000
2002-04-04,7.545092545491671,7.566014792285891,7.36202251192296,7.398636817932129,1313600
2002-04-05,7.427402452072389,7.427402452072389,7.299253665086373,7.314945220947266,708200
2002-04-08,7.453561642855814,7.490175470249035,7.372487954131114,7.427408695220947,482000
2002-04-09,7.369869515357539,7.568631135579107,7.28094983002616,7.320178985595703,1152800
2002-04-10,7.296642543807956,7.414330527912059,7.296642543807956,7.403869152069092,450600
2002-04-11,7.380325915429482,7.41170952015014,7.312328520889287,7.3280205726623535,1214600
2002-04-12,7.218179820567281,7.218179820567281,7.06910879744976,7.08741569519043,1495800
2002-04-15,7.223414074386925,7.291411014213668,7.223414074386925,7.226028919219971,595000
2002-04-16,7.335870892530794,7.388176768296844,7.317563985660417,7.362023830413818,208800
2002-04-17,7.388177298662955,7.482327682270184,7.388177298662955,7.453559398651123,1371000
2002-04-18,7.524169437737114,7.524169437737114,7.453556675826912,7.490170478820801,243200
2002-04-19,7.432635851747291,7.532016406932568,7.409098259946035,7.524170875549316,236200
2002-04-22,7.50586228731047,7.5372454034570895,7.414327284035828,7.45094108581543,996600
2002-04-23,7.354178421683116,7.474481239608459,7.328025483361055,7.432636737823486,667800
2002-04-24,7.343715205445558,7.398636412033407,7.29925537109375,7.29925537109375,670200
2002-04-25,7.304482576648763,7.393402202982456,7.246946054417875,7.351557731628418,1335800
2002-04-26,7.341098632274717,7.37509758751913,7.23910276419268,7.270485877990723,1270400
2002-04-29,7.270485753109924,7.294023337466966,7.202488841440243,7.2234110832214355,204600
2002-04-30,7.262641368813026,7.322792761060722,7.262641368813026,7.283563613891602,120400
2002-05-01,7.231254915363678,7.343712125609945,7.210332678491731,7.3280205726623535,556800
2002-05-02,7.351561938667722,7.385560404039458,7.304486756748603,7.3829450607299805,655000
2002-05-03,7.443094698320383,7.453556069081705,7.359405727532265,7.409096240997314,101400
2002-05-06,7.36463997035569,7.38033153525177,7.142340722553499,7.155417442321777,606600
2002-05-07,7.139718214026477,7.158025603330945,7.084797542589134,7.121411323547363,454400
2002-05-08,7.192027594670016,7.288793276336113,7.158029138251204,7.270485877990723,426000
2002-05-09,7.236488444942715,7.294024494259501,7.20510482788086,7.205104827880859,397600
2002-05-10,7.236487724829317,7.265255996037773,7.186797210603517,7.199873924255371,250600
2002-05-13,7.158029646216246,7.346329838843904,7.142337589378048,7.338483810424805,245800
2002-05-14,7.401253358617098,7.401253358617098,7.325410383665087,7.359408855438232,404800
2002-05-15,7.346331220354955,7.346331220354955,7.205105675206879,7.236489295959473,768000
2002-05-16,7.286180517122307,7.341101235154512,7.265258267563498,7.320178985595703,339800
2002-05-17,7.275717537087717,7.275717537087717,7.1815671854403575,7.260025978088379,1022400
2002-05-20,7.231259890120424,7.2495667976244595,7.194646075112353,7.21033763885498,110600
2002-05-21,7.210336425326525,7.304486789588044,7.192029520903615,7.215567111968994,1359600
2002-05-22,7.1946442762610845,7.338484655393879,7.1946442762610845,7.335869312286377,1437200
2002-05-23,7.369868541530435,7.409097691916384,7.301871114742791,7.398636817932129,481400
2002-05-24,7.385560487281396,7.385560487281396,7.294025465720952,7.317563056945801,347800
2002-05-28,7.343714957852403,7.343714957852403,7.252179949175877,7.260025978088379,372400
2002-05-29,7.163261673566674,7.215567545482455,7.1083409569982905,7.19202995300293,220200
2002-05-30,7.1083408042099965,7.155415988157202,7.003729561452735,7.053419589996338,505200
2002-05-31,7.082189308096981,7.218184200731951,7.082189308096981,7.155417442321777,656800
2002-06-03,7.126646748128927,7.126646748128927,6.930500507354736,6.930500507354736,143600
2002-06-04,6.930500507354736,6.982806371091462,6.854657054819054,6.930500507354736,298600
2002-06-05,6.841578321454603,6.904345035552979,6.818040741314523,6.9043450355529785,490000
2002-06-06,6.982805934106644,6.99588214980967,6.80235126421607,6.831119537353516,111400
2002-06-07,6.828502944757991,6.917422591977154,6.799734676885449,6.901730537414551,337400
2002-06-10,6.872963969630728,6.878194156573502,6.752660691085202,6.773582935333252,167000
2002-06-11,6.812812986775953,6.828505046167642,6.6689726007988135,6.671587944030762,250600
2002-06-12,6.705587061538462,6.776199839201807,6.671588593863017,6.7657389640808105,123600
2002-06-13,6.752663351324977,6.849429080859501,6.702972814600446,6.757894039154053,494800
2002-06-14,6.682051185743507,6.750048637390138,6.6035928562882615,6.750048637390137,211000
2002-06-17,6.815427223118207,6.933115155313665,6.807581693522266,6.92526912689209,834800
2002-06-18,6.925270533772753,6.948808124993547,6.878195351331165,6.891272068023682,530400
2002-06-19,6.865115749706441,6.933113146514974,6.802349036996755,6.82327127456665,106600
2002-06-20,6.867734843919986,6.9226555604871525,6.807583440396204,6.810198783874512,1229200
2002-06-21,6.788091918127766,6.851237402705819,6.698636400445859,6.767043590545654,525200
2002-06-24,6.767049803045266,6.851243692499749,6.738108639695207,6.827564239501953,514200
2002-06-25,6.919646595430872,6.940694930631098,6.788094374971488,6.798618793487549,878400
2002-06-26,6.761786785025649,6.803883470695692,6.696010650937198,6.801252365112305,249600
2002-06-27,6.835454940795898,6.835454940795898,6.73021323883381,6.835454940795898,563600
2002-06-28,6.853873074590895,6.951221975315239,6.853873074590895,6.893339157104492,538800
2002-07-01,6.909126521032043,6.932805974029839,6.827564239501953,6.827564239501953,120800
2002-07-02,6.867027373876814,6.8828135029581325,6.672330109100573,6.693378448486328,143000
2002-07-03,6.69600996412249,6.777572221513288,6.630233836780746,6.735475540161133,147000
2002-07-05,6.788096939511013,6.898600866518499,6.788096939511013,6.893339157104492,70800
2002-07-08,6.8749220687375,6.903863731499436,6.793359794028204,6.809145927429199,129600
2002-07-09,6.79072787753609,6.835455668359793,6.664437821739307,6.72495174407959,327800
2002-07-10,6.690748673535789,6.690748673535789,6.414488599612907,6.438168048858643,335200
2002-07-11,6.393439592853913,6.425012355850564,6.259256730156267,6.314508438110352,1210800
2002-07-12,6.322402891918864,6.332926813589975,6.132967283517556,6.201374530792236,979000
2002-07-15,6.090870493016787,6.135598288505846,5.804086481086731,6.0645599365234375,358600
2002-07-16,5.954056356277873,6.067191404672924,5.880387395895723,5.972474098205566,560600
2002-07-17,6.204003175047235,6.204003175047235,5.988257597155492,6.038247585296631,548600
2002-07-18,6.051405661613252,6.159278504999783,5.977736194638372,5.99878454208374,208200
2002-07-19,5.906696457373884,5.95668595301526,5.630436420440675,5.630436420440674,1263200
2002-07-22,5.643593271702747,5.688321069028475,5.262091441463765,5.285770893096924,10565400
2002-07-23,5.31471006891185,5.417320643404343,5.164740111488784,5.209467887878418,2086200
2002-07-24,5.104227310518584,5.580446325351073,5.098965099964585,5.554136276245117,5555400
2002-07-25,5.525197667372561,5.643594960977748,5.412062587223669,5.530459880828857,691400
2002-07-26,5.50151490804967,5.606756604874973,5.469942649918076,5.604125499725342,225000
2002-07-29,5.735676343764559,5.927742958068848,5.690948570821351,5.927742958068848,358800
2002-07-30,5.877756675707465,5.911960052153894,5.764621619886508,5.835659980773926,285800
2002-07-31,5.830398194309417,5.956688288334434,5.76462204094236,5.938271045684815,288400
2002-08-01,5.835656694945008,5.898801701790845,5.588338375091552,5.588338375091553,291000
2002-08-02,5.643590899656157,5.659377026832511,5.435738134201095,5.525193691253662,349800
2002-08-05,5.5120381827710405,5.577814292341903,5.293661519069052,5.319971561431885,257200
2002-08-06,5.41995345181,5.604126322847191,5.41995345181,5.512040138244629,119800
2002-08-07,5.577814540763211,5.5962317719702055,5.419951770395967,5.590969562530518,285800
2002-08-08,5.596233690223991,5.827765464782715,5.596233690223991,5.827765464782715,232600
2002-08-09,5.743570765273953,5.959316358090537,5.693580773674608,5.933005809783936,305200
2002-08-12,5.814609134162917,5.975102526429207,5.785667480648288,5.919850826263428,328600
2002-08-13,5.893543128537257,5.977736522942727,5.830398082733154,5.830398082733154,209400
2002-08-14,5.922484948644117,6.06456117990589,5.840922658441391,6.059299468994141,335600
2002-08-15,6.119812693424158,6.2355788510743055,6.090871028553578,6.230316638946533,479800
2002-08-16,6.1829573994078215,6.1829573994078215,6.093501805397477,6.130336284637451,358400
2002-08-19,6.1040273372130684,6.219793007792622,6.056668425688599,6.180327415466309,1369600
2002-08-20,6.143491765502634,6.143491765502634,5.93300780992331,6.025094509124756,614600
2002-08-21,6.030354270801103,6.064557629951188,5.91985037702339,6.038247585296631,230800
2002-08-22,6.098757594216096,6.251358064137455,6.038243727244023,6.209261417388916,388800
2002-08-23,6.151382508011911,6.196110289586432,6.0987619132272775,6.109285831451416,1290800
2002-08-26,6.156645911058061,6.235577571278128,6.080345858193937,6.190849781036377,174200
2002-08-27,6.277674172896767,6.311877540590257,6.140859698458688,6.188218593597412,1660600
2002-08-28,6.1434893788402976,6.1434893788402976,5.993519913577514,6.0408782958984375,316800
2002-08-29,5.988259315490723,6.038249317976528,5.888279310519112,5.988259315490723,413400
2002-08-30,5.9777347416703215,6.140859771096348,5.946162479092424,6.027724742889404,291000
2002-09-03,5.893538842837644,6.1198088021361325,5.7488316141613565,5.788297176361084,177800
2002-09-04,5.769881413233452,5.838288639279303,5.604125307321433,5.775143623352051,1249000
2002-09-05,5.722521461575512,5.814608114197127,5.688318105829596,5.785666465759277,516600
2002-09-06,5.88038444519043,5.93826724242183,5.8277633554659545,5.88038444519043,421000
2002-09-09,5.867229626576961,5.904064594541233,5.809346822393054,5.872491836547852,206600
2002-09-10,5.890911698697209,5.99878454208374,5.890911698697209,5.99878454208374,228600
2002-09-11,6.061929529041453,6.077715662716376,5.961949511491948,5.967211723327637,140800
2002-09-12,5.956686840497001,5.967211263357124,5.819872856140138,5.819872856140137,422800
2002-09-13,5.783033317445315,5.914585488461806,5.756722782875675,5.883013248443604,258600
2002-09-16,5.859337079019891,5.94353043504225,5.848812658601103,5.925113201141357,195600
2002-09-17,5.83039538760896,5.83039538760896,5.711998167810735,5.733047008514404,271000
2002-09-18,5.735675275207505,5.8014513701150765,5.667268578115596,5.748830795288086,272600
2002-09-19,5.68305896296132,5.748835107204316,5.585710048675536,5.585710048675537,121000
2002-09-20,5.661101013132792,5.687554857569394,5.581739984388102,5.626711368560791,230000
2002-09-23,5.616130342590288,5.647875060860969,5.526187562816066,5.594967365264893,323400
2002-09-24,5.552641509240891,5.552641509240891,5.433599948883057,5.433599948883057,552000
2002-09-25,5.502380250580703,5.608195662933059,5.425664631647055,5.581741809844971,889000
2002-09-26,5.629357831894018,5.819824638416915,5.629357831894018,5.817179203033447,718000
2002-09-27,5.793372624885231,5.883315438162398,5.687557698843085,5.708720684051514,648600
2002-09-30,5.608193643395098,5.650519591268147,5.49708790408707,5.597611904144287,744000
2002-10-01,5.608195763514079,5.788080857695642,5.592323148637387,5.7748541831970215,232400
2002-10-02,5.698140451397261,5.912415777596033,5.687558704639072,5.711367130279541,673600
2002-10-03,5.714009133652894,5.838341555962574,5.671683181182996,5.748398780822754,505400
2002-10-04,5.774855186298583,5.793372735639295,5.602905865122205,5.650522708892822,213400
2002-10-07,5.708719153165808,5.745754241207656,5.579095840454102,5.579095840454102,372000
2002-10-08,5.594969918694388,5.6214237785654255,5.446829009808155,5.518254280090332,885200
2002-10-09,5.446827514158999,5.534124874566575,5.39656524466213,5.409792423248291,1238800
2002-10-10,5.4150832892352,5.536770820617676,5.341013100586606,5.536770820617676,1000600
2002-10-11,5.600257107107415,5.676972695239394,5.549994856877105,5.629356384277344,430600
2002-10-14,5.655812316326834,5.788081084763119,5.61613178670901,5.785436153411865,634600
2002-10-15,5.9124123019247135,5.962674560348025,5.647874843266473,5.960029125213623,321600
2002-10-16,5.944158230666783,5.983839264574771,5.830407514435177,5.867442607879639,359400
2002-10-17,5.952094980405677,6.002357257074065,5.915059884210729,5.9917755126953125,939000
2002-10-18,5.957384316667753,6.047327102436812,5.925639596281233,5.986483097076416,281600
2002-10-21,5.928286148367175,6.044682805622359,5.922995276545279,6.015583515167236,240200
2002-10-22,5.952091621345561,5.952091621345561,5.766915235744342,5.846276760101318,582400
2002-10-23,5.801308950165222,5.9520952832778,5.77485509243758,5.941513538360596,446000
2002-10-24,5.975902894713728,6.005002184726122,5.806599035511364,5.843634128570557,1095800
2002-10-25,5.780144570952504,5.780144570952504,5.706073888091119,5.753690719604492,282800
2002-10-28,5.748398188533051,5.8462772588878815,5.676972961887508,5.743107318878174,1099000
2002-10-29,5.637294814445075,5.637294814445075,5.5023806090160114,5.576451301574707,1181000
2002-10-30,5.679622085398732,5.796018770575451,5.669040843781992,5.761629104614258,1003200
2002-10-31,5.848917775370127,5.859499001217046,5.639933140823205,5.70077657699585,1243600
2002-11-01,5.700782855512236,5.851569652557373,5.700782855512236,5.851569652557373,755200
2002-11-04,5.867441927205273,5.875377729414003,5.740464046213109,5.753690719604492,315200
2002-11-05,5.7536886950677175,5.872730731964112,5.719299053611575,5.872730731964111,189200
2002-11-06,5.912415811428995,5.95209635286836,5.793373682545444,5.925642490386963,466800
2002-11-07,5.885960882213843,5.952095274148831,5.780145956030938,5.814535617828369,755600
2002-11-08,5.859500425375585,5.859500425375585,5.780139446258545,5.780139446258545,331400
2002-11-11,5.753692090690097,5.833053159080365,5.70078437538634,5.708720684051514,312800
2002-11-12,5.7616274891828505,5.77485416363667,5.674330125917896,5.690202236175537,75600
2002-11-13,5.700785399270229,5.727239261673327,5.50238218809518,5.563226222991943,595200
2002-11-14,5.618774909379158,5.756334493015367,5.618774909379158,5.743107318878174,1208000
2002-11-15,5.740464362717773,5.788080692291261,5.703428766962472,5.78808069229126,602600
2002-11-18,5.817180094935049,5.825116402302267,5.743109406536876,5.793371677398682,131400
2002-11-19,5.803953420554972,5.86215149421871,5.761627457060383,5.793371677398682,124200
2002-11-20,5.77220562489848,5.917701488503479,5.77220562489848,5.9071197509765625,318000
2002-11-21,5.952094554901123,5.967966665769239,5.885960170957777,5.952094554901123,379600
2002-11-22,5.912413516641767,5.912413516641767,5.819825286175916,5.825116157531738,580600
2002-11-25,5.801305509826276,5.891248270022424,5.780142537107479,5.872730731964111,151000
2002-11-26,5.833053873082185,5.833053873082185,5.751047358432088,5.761629104614258,164000
2002-11-27,5.806598567717859,5.885959619184125,5.782790151364926,5.8647966384887695,372800
2002-11-29,5.915057194498512,5.946801404069262,5.883312480362647,5.936220169067383,135000
2002-12-02,5.960031396577143,5.9811943811523935,5.8938970067088166,5.954740524291992,484200
2002-12-03,6.0102906802180165,6.071134677165876,5.975901033738916,6.012936115264893,788200
2002-12-04,5.9759012314548725,5.997064207964925,5.930929843300365,5.960029125213623,962400
2002-12-05,5.994417306684445,6.015580278018348,5.946800495041907,5.99970817565918,253600
2002-12-06,5.941513766618232,6.076427992103429,5.930932525859893,6.057910442352295,1423800
2002-12-09,6.031455613807015,6.12404385224076,5.952094554901123,5.952094554901123,525600
2002-12-10,5.965316707900348,6.044678211212158,5.925636208526905,6.044678211212158,810400
2002-12-11,5.978546468785791,6.04468083126226,5.944156317741547,6.012936115264893,827000
2002-12-12,6.010292347239562,6.089653906962223,6.010292347239562,6.065845489501953,315600
2002-12-13,6.057910723160743,6.1028821337404136,6.023521058395305,6.049974918365479,347800
2002-12-16,6.060555633180985,6.158434755199004,6.060555633180985,6.153143882751465,1204800
2002-12-17,6.158432339441343,6.184885682171501,6.073779927183262,6.0896525382995605,413200
2002-12-18,6.0261619888040325,6.084360033568668,5.989126410712869,6.039388656616211,385600
2002-12-19,5.999711031333576,6.057909104061007,5.967966306940711,5.978548049926758,1681800
2002-12-20,6.014709557447004,6.099798202514649,5.990778312625688,6.099798202514648,517200
2002-12-23,6.129046172110803,6.145000671002907,6.086501856068362,6.126387596130371,247800
2002-12-24,6.115751480378682,6.115751480378682,6.078525329313702,6.097138404846191,135600
2002-12-26,6.094478769335263,6.123728175189101,6.014708307947991,6.028003215789795,394600
2002-12-27,6.043959248701476,6.054595584303189,5.892395016555833,5.8977131843566895,947200
2002-12-30,5.942917805632948,5.98812122680174,5.903032553347189,5.926963806152344,496200
2002-12-31,5.932278631602735,5.940255881113306,5.836554173317151,5.937596797943115,459000
2003-01-02,5.969507545783411,6.070550208611836,5.961530293256779,6.062572956085205,151400
2003-01-03,6.08916086839781,6.08916086839781,6.0306625613118765,6.051934719085693,86200
2003-01-06,6.062574144250075,6.134367909554812,6.0599155667219415,6.102459907531738,237600
2003-01-07,6.0492774134532,6.0492774134532,5.881759185157821,5.903031349182129,900400
2003-01-08,5.903031078756719,5.903031078756719,5.82857825449822,5.847191333770752,1420800
2003-01-09,5.903033032730379,5.9535541197165065,5.868465439351934,5.921646118164063,1232600
2003-01-10,5.871123073897258,5.942916820410688,5.8658049058958746,5.873782157897949,431200
2003-01-13,5.895055745889902,5.895055745889902,5.820602897401746,5.852511405944824,993600
2003-01-14,5.900374643647656,5.900374643647656,5.83655812585112,5.876443386077881,134200
2003-01-15,5.871121666748933,5.918984152953216,5.849849507010173,5.895052909851074,1504600
2003-01-16,5.924305710876237,5.99078131150792,5.924305710876237,5.953554630279541,1024200
2003-01-17,5.93228124274171,5.961530663319908,5.889736907628957,5.908349990844727,355200
2003-01-21,5.841870910980616,5.841870910980616,5.764759539881817,5.770077705383301,418800
2003-01-22,5.714237036904318,5.801984724493922,5.650420582945341,5.754122257232666,332200
2003-01-23,5.751464126128109,5.788690777470315,5.716897064704822,5.770077705383301,391000
2003-01-24,5.7381695923926666,5.775395738985545,5.6397855528952165,5.669034957885742,469400
2003-01-27,5.605220953676614,5.626493119249321,5.4403612901118175,5.490882873535156,1924400
2003-01-28,5.544064313279098,5.607880818886163,5.528110313669458,5.583949565887451,557200
2003-01-29,5.59724458126437,5.799330439556427,5.58926783490096,5.764763355255127,696600
2003-01-30,5.78337395871189,5.849849521455705,5.674354076385497,5.674354076385498,2020400
2003-01-31,5.63978683968263,5.791351557895458,5.615856102247262,5.788692474365234,1263400
2003-02-03,5.796669969878093,5.849850633045866,5.743489813878711,5.833896636962891,1023800
2003-02-04,5.788693498549476,5.9110083195708025,5.730194664871089,5.873782157897949,782200
2003-02-05,5.926962787741248,5.926962787741248,5.825919624999519,5.83123779296875,667600
2003-02-06,5.82325980756554,5.849850136894183,5.756784237828106,5.807305812835693,467600
2003-02-07,5.849847191755177,5.849847191755177,5.732850105913007,5.754122257232666,1319400
2003-02-10,5.7753982814294265,5.8285789489746085,5.7541261158450405,5.828578948974609,690000
2003-02-11,5.871121792293414,5.8870757856465605,5.764760991325261,5.791351318359375,1050600
2003-02-12,5.796670836440662,5.796670836440662,5.674356002905302,5.690310001373291,254600
2003-02-13,5.684988470656006,5.69562480145652,5.599899852924559,5.6637163162231445,726600
2003-02-14,5.66371850033454,5.738171323145035,5.634469593690144,5.708921909332275,686400
2003-02-18,5.75678660589334,5.825921287719157,5.743491689344303,5.801990032196045,172000
2003-02-19,5.817942602406252,5.841873852042818,5.775398271312009,5.796670436859131,104600
2003-02-20,5.860487660026142,5.868464405424612,5.783375740051269,5.7833757400512695,802200
2003-02-21,5.791353087387731,5.934940085762787,5.791353087387731,5.911008834838867,4496000
2003-02-24,5.929616963253408,6.004069738054249,5.911003896345206,5.9615254402160645,872800
2003-02-25,6.033322978650337,6.070549136194718,5.887076417841884,5.929620742797852,883000
2003-02-26,5.94557523727417,6.004073557220201,5.916325823716976,5.94557523727417,651600
2003-02-27,5.996097501604599,6.004074754302058,5.8923957523799215,5.911008834838867,567600
2003-02-28,5.921643304068199,6.004072860602962,5.921643304068199,5.958869457244873,445800
2003-03-03,5.945574095715757,6.009390570813583,5.945574095715757,5.9801411628723145,253400
2003-03-04,5.996098255913021,5.99875734048002,5.937599916944612,5.950894832611084,3145400
2003-03-05,5.961529767956675,6.004074096679688,5.940257603595168,6.004074096679688,826600
2003-03-06,6.004073617210186,6.022686696144062,5.958870208155759,6.009391784667969,306800
2003-03-07,5.966847459342434,6.028004863601844,5.940257129221884,6.009391784667969,2526800
2003-03-10,5.982801633276982,6.030664127490138,5.937598222872154,5.948234558105469,807400
2003-03-11,5.982804024703738,6.004076196504831,5.879102250569487,5.889738082885742,106800
2003-03-12,5.823260770585141,5.823260770585141,5.7036050295707446,5.796670436859131,6548800
2003-03-13,5.849851838478499,5.860488176171156,5.775398996135387,5.820602416992188,1700800
2003-03-14,5.804647689127464,5.841873852042818,5.775398271312009,5.796670436859131,1989800
2003-03-17,5.817942646052824,5.908349477098437,5.817942646052824,5.871123313903809,1367600
2003-03-18,5.87644156108945,5.982802391052246,5.801988726531271,5.982802391052246,973400
2003-03-19,6.004073834993001,6.014710170294372,5.934939177039229,5.990778923034668,834600
2003-03-20,5.982801259218991,6.07586715801829,5.942916018924534,6.049276828765869,2105000
2003-03-21,6.032973085788528,6.057030175093856,5.968821017586094,5.9821858406066895,220200
2003-03-24,5.990205045692624,6.019608268166688,5.880611865352427,5.89397668838501,1154800
2003-03-25,5.944762313183367,6.019606627336523,5.93139749379378,5.94743537902832,772800
2003-03-26,5.987530798364835,5.987530798364835,5.926051808802237,5.960800647735596,720200
2003-03-27,5.947435956610872,6.054356051616606,5.936743692192684,6.008914947509766,1686600
2003-03-28,6.006242646661874,6.097124866454878,6.006242646661874,6.062376022338867,829600
2003-03-31,6.027627382480204,6.027627382480204,5.960802242941242,5.966148376464844,871200
2003-04-01,5.9741645769441405,6.089103840810381,5.9741645769441405,6.07841157913208,661400
2003-04-02,6.059702085650958,6.0650482177734375,6.01426098228032,6.0650482177734375,651200
2003-04-03,6.065049840019051,6.073068530512344,5.9340726269965645,5.952783584594727,2745000
2003-04-04,5.968822051021332,5.995552211525872,5.960802849919347,5.984859943389893,284600
2003-04-07,6.04099233016494,6.04099233016494,5.918033816158049,5.939417839050293,545200
2003-04-08,5.880608582356009,5.901992593171175,5.845859755969502,5.867243766784668,447800
2003-04-09,5.899321841877005,5.928725059468302,5.8512076712131496,5.864573001861572,797200
2003-04-10,5.907341275955584,5.94476318359375,5.883284189663833,5.94476318359375,1190800
2003-04-11,5.920707818093016,5.936745710337009,5.869920564512403,5.910016059875488,88600
2003-04-14,5.923379949339941,5.955456238595966,5.883284970146399,5.939417839050293,502600
2003-04-15,5.934073119738317,5.944764877895628,5.885958933441916,5.9233808517456055,271800
2003-04-16,5.91269032747452,5.931401290531051,5.835172897856886,5.843192100524902,6234800
2003-04-17,5.861899753193193,5.963473713782042,5.829823470471062,5.960800647735596,798400
2003-04-21,5.968821162684666,5.995551319210971,5.9340723160852,5.958129405975342,847600
2003-04-22,5.958127825074494,6.0677209789016295,5.920705411933017,6.040990829467773,391200
2003-04-23,6.073066600920245,6.08108579870096,5.98218439874625,6.040990829467773,980800
2003-04-24,6.011586440381663,6.067719794216588,5.998221623191731,6.01960563659668,382200
2003-04-25,5.987531223704584,5.987531223704584,5.912687408428251,5.94476318359375,715000
2003-04-28,5.958126995720681,6.030297726360386,5.955453930165859,5.971491813659668,807600
2003-04-29,5.971492438015748,5.971492438015748,5.864572353819328,5.88862943649292,461600
2003-04-30,5.880612554560472,5.934072872626992,5.880612554560472,5.915361404418945,102200
2003-05-01,5.966147203649167,5.966147203649167,5.875264990954831,5.94476318359375,882200
2003-05-02,5.966147373108041,6.062375721008257,5.966147373108041,6.038318634033203,910800
2003-05-05,6.062374088732766,6.086431169230526,6.02495219010742,6.075738906860352,853000
2003-05-06,6.091778930655233,6.107816818667311,6.027626358936387,6.067721843719482,1084400
2003-05-07,6.054355445424901,6.139891512865199,6.008914345867846,6.107815742492676,1107400
2003-05-08,6.075740690666925,6.161276775400749,6.067722001370179,6.115835666656494,328000
2003-05-09,6.131872959044713,6.174640993698462,6.0891049243909645,6.155930042266846,644200
2003-05-12,6.147912293942049,6.228102250363691,6.126528271573924,6.185334205627441,3372800
2003-05-13,6.174639018041953,6.292251330625759,6.174639018041953,6.254828929901123,1070600
2003-05-14,6.2601759306938005,6.286906074976364,6.214734838363972,6.281559944152832,518200
2003-05-15,6.3082920871032,6.3082920871032,6.257504847858825,6.284235000610352,1561800
2003-05-16,6.316313861251932,6.329679199073633,6.254834836778628,6.305622100830078,2015800
2003-05-19,6.294922947683897,6.2975960123255,6.236117055073484,6.2414631843566895,348800
2003-05-20,6.252158930473435,6.254831996824091,6.185333801212845,6.217410087585449,529000
2003-05-21,6.198696606983508,6.415209794804335,6.198696606983508,6.40184497833252,2504400
2003-05-22,6.401846469556877,6.417884355025879,6.375116320551748,6.388481140136719,479200
2003-05-23,6.393827734468573,6.471344611372727,6.35907889513262,6.447288036346436,1458200
2003-05-27,6.425904843950944,6.5862847505393685,6.415212578266228,6.575592994689941,633000
2003-05-28,6.564898688130086,6.580937081671194,6.482035694174883,6.498073577880859,1008400
2003-05-29,6.527476191802896,6.527476191802896,6.415209996471246,6.436594009399414,974200
2003-05-30,6.463325741490562,6.567572766406471,6.45263347748113,6.543515682220459,995800
2003-06-02,6.575593553987445,6.647764823992051,6.55420953063445,6.578266620635986,1196600
2003-06-03,6.5809374383983,6.626378536224364,6.535496340572236,6.626378536224365,1142600
2003-06-04,6.639745223604083,6.682513267730736,6.591631046502774,6.6691484451293945,1109600
2003-06-05,6.655782480420114,6.655782480420114,6.591630420324323,6.634398460388184,316800
2003-06-06,6.642416253513537,6.717260052870272,6.5916290254963625,6.621032238006592,492600
2003-06-09,6.588958003616913,6.62103429174445,6.564900914980087,6.610342025756836,309800
2003-06-10,6.607666939647777,6.655781102215491,6.594302121083477,6.650434970855713,140400
2003-06-11,6.695877071370745,6.845565712870099,6.661128231994067,6.842892646789551,2024400
2003-06-12,6.882987031533351,6.896351850961479,6.714587961497102,6.7814130783081055,421200
2003-06-13,6.762703223009384,6.762703223009384,6.6130150685661,6.6691484451293945,1439000
2003-06-16,6.682513975806216,6.682513975806216,6.580939987701518,6.661129951477051,877600
2003-06-17,6.62103288690769,6.666473988042843,6.575591785772537,6.596975803375244,192600
2003-06-18,6.575591424736212,6.618359457593425,6.527477260313054,6.556880474090576,360200
2003-06-19,6.572921406858395,6.64241961993692,6.54886431349139,6.59163236618042,415200
2003-06-20,6.620637591454504,6.620637591454504,6.550805245987536,6.566920757293701,2419400
2003-06-23,6.553490905035094,6.5749777403059015,6.510517234493479,6.548119068145752,361400
2003-06-24,6.569603741244057,6.577661493926122,6.532001919967208,6.542745590209961,113600
2003-06-25,6.580349309801655,6.655553486336828,6.526631967664168,6.55349063873291,142000
2003-06-26,6.540063672366809,6.585723274249843,6.502461315807031,6.523948669433594,843200
2003-06-27,6.521261292561167,6.553491291223367,6.480973025803529,6.49977445602417,180800
2003-06-30,6.526631470429114,6.534689224821816,6.459485054016113,6.459485054016113,185600
2003-07-01,6.41651114331964,6.475600315368642,6.360108401585389,6.454113483428955,446600
2003-07-02,6.424569531905036,6.467543200028558,6.405768616136811,6.446056365966797,280400
2003-07-03,6.446056898854795,6.459485979146112,6.392339553116375,6.4353132247924805,319600
2003-07-07,6.45948661590693,6.45948661590693,6.381597020423283,6.392340183258057,1385400
2003-07-08,6.352052922315802,6.413827522229489,6.349367003325642,6.381597518920898,483200
2003-07-09,6.432627286785646,6.464857281735021,6.38428178207505,6.446056365966797,292800
2003-07-10,6.446055273738423,6.446055273738423,6.292961542952966,6.349364280700684,486800
2003-07-11,6.319820033286445,6.400395517052663,6.31176227999525,6.368165016174316,533200
2003-07-14,6.403082939711315,6.403082939711315,6.290276928554336,6.311763763427734,259400
2003-07-15,6.271474308021993,6.325191124466546,6.231186567616976,6.258044719696045,1077000
2003-07-16,6.249987904099829,6.279531975853622,6.1774696590663885,6.198956489562988,210600
2003-07-17,6.1989567164397545,6.284904041571753,6.164040807712305,6.23924446105957,370200
2003-07-18,6.258047806806858,6.408456196535835,6.258047806806858,6.381597518920898,323400
2003-07-21,6.424569784211881,6.437998863920421,6.3171356096839,6.3466796875,330400
2003-07-22,6.325194091562578,6.378911445491908,6.284906332258907,6.330565929412842,252800
2003-07-23,6.37890854397777,6.37890854397777,6.225814820888131,6.295647144317627,1113600
2003-07-24,6.325194580605934,6.354739178780022,6.220446295860264,6.236561298370361,404000
2003-07-25,6.20433070775844,6.292963981628418,6.20433070775844,6.292963981628418,1789000
2003-07-28,6.284903703156988,6.301018697679898,6.239244125103375,6.26610279083252,915400
2003-07-29,6.231186582398432,6.27684615824214,6.166725582853795,6.177469253540039,899000
2003-07-30,6.17746957124742,6.209700072677354,6.155982741056278,6.185527324676514,280200
2003-07-31,6.244620244227764,6.335939462975758,6.204332474141717,6.231191158294678,1229800
2003-08-01,6.244618179538715,6.244618179538715,6.166728072476998,6.215073585510254,857200
2003-08-04,6.180153111837099,6.198954016986702,6.104948978952445,6.150608539581299,503600
2003-08-05,6.164042291107389,6.209701882607687,6.123754024505615,6.123754024505615,1512600
2003-08-06,6.110327335749747,6.244620244227764,6.110327335749747,6.231191158294678,592400
2003-08-07,6.231187984986252,6.386967658996582,6.220444311881697,6.386967658996582,980000
2003-08-08,6.432625627680178,6.432625627680178,6.346677801314298,6.40576696395874,1307400
2003-08-11,6.4326278185634775,6.486344652015322,6.413826388954427,6.4353132247924805,605400
2003-08-12,6.448741820569994,6.483657731302313,6.408454073636858,6.480971813201904,2039000
2003-08-13,6.513201590409114,6.523945261610373,6.4675420123766445,6.475599765777588,437000
2003-08-14,6.534690373289319,6.534690373289319,6.459486189266531,6.49977445602417,1479400
2003-08-15,6.5132015545048025,6.526630631145909,6.480971053365139,6.521259307861328,472800
2003-08-18,6.526630631145909,6.545432055644467,6.499772477863697,6.521259307861328,213600
2003-08-19,6.521261933813049,6.537376934728777,6.462172743310975,6.491717338562012,524600
2003-08-20,6.478285647866067,6.548117461143539,6.47291381229505,6.521259307861328,749600
2003-08-21,6.566922849088192,6.607210615613502,6.545436006122243,6.583037853240967,806800
2003-08-22,6.6072074024886245,6.6072074024886245,6.480971813201904,6.480971813201904,722200
2003-08-25,6.505144563819084,6.507830481919493,6.459484980685132,6.480971813201904,229000
2003-08-26,6.480973930019486,6.499775362863275,6.408456166768668,6.4863457679748535,516000
2003-08-27,6.515889062514502,6.545433653079112,6.50514538875044,6.513203144073486,319800
2003-08-28,6.502458160167204,6.6233219042279705,6.472914087841817,6.620635986328125,1065400
2003-08-29,6.6018358643714565,6.634066370745122,6.566919952062627,6.628694534301758,301200
2003-09-02,6.6098944166541695,6.671669006347656,6.569606150753861,6.671669006347656,778600
2003-09-03,6.644809013697953,6.6958404313614,6.639437177673069,6.67435359954834,346800
2003-09-04,6.68509585677473,6.68509585677473,6.639436281300545,6.663609027862549,432000
2003-09-05,6.6582378984795785,6.660923303921087,6.612578321677555,6.6340651512146,143400
2003-09-08,6.652869767900141,6.728073457016314,6.634068845621098,6.725388050079346,555200
2003-09-09,6.720012772897379,6.720012772897379,6.634065450867065,6.652866363525391,2343200
2003-09-10,6.652870220951986,6.655556140358573,6.58035193383438,6.583037853240967,1348800
2003-09-11,6.628695970108828,6.634067807715757,6.561549536882096,6.569606781005859,213400
2003-09-12,6.593777463420613,6.593777463420613,6.529316969277864,6.577662467956543,233400
2003-09-15,6.558862656660516,6.574977654832489,6.529318066439768,6.534689903259277,437600
2003-09-16,6.553491718993247,6.561549475328052,6.513203961892475,6.545434474945068,143400
2003-09-17,6.542746979214517,6.545432897345417,6.446055975648115,6.459485054016113,338800
2003-09-18,6.446058007882918,6.502460769554296,6.416513411415056,6.4863457679748535,751200
2003-09-19,6.49201169606633,6.545999526977538,6.4812144388037565,6.545999526977539,346400
2003-09-22,6.52440489599439,6.548699369901347,6.478515391377487,6.508208751678467,355400
2003-09-23,6.554097856074054,6.554097856074054,6.510907797291532,6.545999526977539,112600
2003-09-24,6.572996954556749,6.6485793403787445,6.559499732183973,6.578395843505859,650400
2003-09-25,6.572993607720469,6.591889194554715,6.519005775451659,6.51900577545166,223000
2003-09-26,6.505508064260648,6.505508064260648,6.419127957941623,6.45961856842041,408000
2003-09-29,6.459619735636072,6.494711467094279,6.424527489311724,6.492012023925781,190000
2003-09-30,6.500110353431277,6.532503156587127,6.411030788335369,6.492012023925781,215600
2003-10-01,6.478515007120899,6.597287926413961,6.478515007120899,6.586490154266357,311400
2003-10-02,6.586488677024926,6.632378168627749,6.548697512716482,6.629678726196289,227200
2003-10-03,6.648575308979857,6.732256492351377,6.643176938170465,6.667471408843994,1257600
2003-10-06,6.694463870159647,6.721457779891341,6.680967172726803,6.707961082458496,153800
2003-10-07,6.672872369611597,6.740356922149658,6.635081184947492,6.740356922149658,1158000
2003-10-08,6.707964764262739,6.73765761788573,6.6539769151670125,6.694467544555664,617000
2003-10-09,6.707963361859016,6.716061177124001,6.653975524050284,6.672871112823486,461400
2003-10-10,6.694466897306409,6.759252515904048,6.691767968492224,6.721460819244385,456600
2003-10-13,6.761949840592861,6.770048169712973,6.710661967430497,6.748453140258789,1082000
2003-10-14,6.721460819244386,6.732258593966071,6.670172419048853,6.721460819244385,1348600
2003-10-15,6.734956474112504,6.745753731461347,6.602686338809825,6.624281883239746,1112400
2003-10-16,6.6539769151670125,6.707964764262739,6.648578027284183,6.694467544555664,227600
2003-10-17,6.667474274948556,6.707964905187859,6.624284200711126,6.64857816696167,201600
2003-10-20,6.656676052210661,6.656676052210661,6.589191501385438,6.645878791809082,276000
2003-10-21,6.667471408843993,6.69446480748918,6.640477495332732,6.667471408843994,310400
2003-10-22,6.62698429944869,6.635082632872356,6.559499732183973,6.578395843505859,908800
2003-10-23,6.559497627884013,6.586491549103473,6.502810856702745,6.567595958709717,212600
2003-10-24,6.519007544969399,6.564897060394287,6.516308101136609,6.564897060394287,259400
2003-10-27,6.559496909995842,6.591889714887287,6.527104619970563,6.537901878356934,485000
2003-10-28,6.559495478608751,6.572992692229114,6.510907054173606,6.556796550750732,572400
2003-10-29,6.570297419190798,6.610788056016216,6.535205156373422,6.543303489685059,480600
2003-10-30,6.532505008620088,6.572995637894808,6.413732049863463,6.454222679138184,688400
2003-10-31,6.483914152108814,6.581091530987134,6.470416936385343,6.554098129272461,303000
2003-11-03,6.564898298936036,6.586493338806233,6.486616472481461,6.513609886169434,557600
2003-11-04,6.494711467094279,6.529803713418628,6.481214766117924,6.492012023925781,307600
2003-11-05,6.505511146260502,6.521707295151768,6.47311833361168,6.510910034179688,748000
2003-11-06,6.50550907481752,6.543300248486012,6.473116272483009,6.51900577545166,273600
2003-11-07,6.54330131065626,6.564896344096067,6.5217062772164525,6.535202980041504,438000
2003-11-10,6.546001468903076,6.575694836199635,6.50821028497383,6.524406433105469,197400
2003-11-11,6.54870193932239,6.54870193932239,6.492014639675852,6.521708011627197,445400
2003-11-12,6.505509558163804,6.570294652780103,6.505509558163804,6.559496879577637,480800
2003-11-13,6.559497359383708,6.637779676229187,6.559497359383708,6.618884086608887,278400
2003-11-14,6.635080405940367,6.67017214259897,6.608086485121172,6.632380962371826,939000
2003-11-17,6.586492096190337,6.597289871521495,6.521706988802188,6.564897060394287,289000
2003-11-18,6.572993607720469,6.575693050820522,6.502809631717467,6.51900577545166,531800
2003-11-19,6.513607946601696,6.54330131065626,6.492012913161888,6.535202980041504,790200
2003-11-20,6.483914044883222,6.554098020886224,6.483914044883222,6.51900577545166,555800
2003-11-21,6.505508310341564,6.532502223303857,6.451520484416976,6.470416069030762,697200
2003-11-24,6.47851878314958,6.5163099779607,6.4758193385392975,6.505512714385986,372800
2003-11-25,6.505512297296852,6.581094682073265,6.494714519548005,6.543303489685059,631000
2003-11-26,6.583789800219206,6.632378738427856,6.556796403317549,6.605384826660156,782200
2003-11-28,6.632378738427856,6.632378738427856,6.581090357555832,6.605384826660156,288600
2003-12-01,6.637779378654137,6.68096944295465,6.6134849031268255,6.672871112823486,382000
2003-12-02,6.67287335153006,6.732260096016776,6.662076089265609,6.718762874603272,1800800
2003-12-03,6.718763291876354,6.740358332612783,6.6809720993042,6.680972099304199,499400
2003-12-04,6.672869971007906,6.86452629905443,6.672869971007906,6.842931270599365,891600
2003-12-05,6.8672236520208045,6.899615927412194,6.842929188044296,6.8915181159973145,1163800
2003-12-08,6.910418608970176,6.977903164692802,6.883424683707865,6.967105388641357,1115000
2003-12-09,6.983299526906706,7.01569181361237,6.969802311724252,6.972501754760742,2118000
2003-12-10,7.004897770812072,7.010296144496201,6.950909915039978,6.977903842926025,2366800
2003-12-11,6.964401542911734,7.023788243927848,6.9509048462440575,7.012990474700928,1062200
2003-12-12,7.045384762256283,7.099372075246848,7.012991962569077,7.091274261474609,635800
2003-12-15,7.064281967819621,7.072380298315387,6.9940979814549165,7.002196311950684,1375600
2003-12-16,7.021091340477566,7.115569795913035,7.021091340477566,7.107471466064453,1183200
2003-12-17,7.107471781250631,7.174956321716309,7.077778418688553,7.174956321716309,1980800
2003-12-18,7.212750056124448,7.399007597989825,7.19925334919398,7.366615295410156,3413600
2003-12-19,7.377998782748288,7.391556606893805,7.321057472871447,7.353595733642578,2215400
2003-12-22,7.323772545153266,7.592211385656133,7.321060979025558,7.361733436584473,785400
2003-12-23,7.350886054682342,7.350886054682342,7.27225220599917,7.310213088989258,1505200
2003-12-24,7.304791355229466,7.424097149623693,7.304791355229466,7.388847827911377,347800
2003-12-26,7.380714487781862,7.432233214077985,7.380714487781862,7.418675899505615,676000
2003-12-29,7.429519854542037,7.510865273877955,7.402404714763398,7.505442142486572,1110400
2003-12-30,7.513574746757488,7.570516580069444,7.491882742919164,7.521709442138672,1018400
2003-12-31,7.546112794902926,7.562381668021013,7.443075908917503,7.470190525054932,1529600
2004-01-02,7.540692784744486,7.540692784744486,7.429521157613998,7.467482566833496,988000
2004-01-05,7.510864507610229,7.627458717560224,7.500018245934013,7.611189842224121,1648800
2004-01-06,7.619323874222945,7.627458052592742,7.554247861373687,7.603055000305176,1382200
2004-01-07,7.562382093528212,7.562382093528212,7.478325640980705,7.524421215057373,3353600
2004-01-08,7.532558085660827,7.55967271115314,7.467482053558281,7.546115398406982,2669800
2004-01-09,7.524420191914601,7.646438023519595,7.489170883438774,7.584073066711426,4739600
2004-01-12,7.60847976968645,7.630171780116911,7.578653578581017,7.605768203735352,1640000
2004-01-13,7.632878770033701,7.68168589353616,7.592206339507655,7.608475208282471,2006000
2004-01-14,7.605768830277385,7.605768830277385,7.540692793625217,7.589499950408935,1660400
2004-01-15,7.605767427820979,7.624748387542294,7.459346501647304,7.462058067321777,2048200
2004-01-16,7.510867380365457,7.551539842851221,7.451213952686477,7.532559394836426,711200
2004-01-20,7.6057663659660655,7.730495783686792,7.578651747363393,7.722361087799072,1912400
2004-01-21,7.722360884584399,7.798283159337296,7.703380445190721,7.76845645904541,1496000
2004-01-22,7.809129737759397,7.822687565331325,7.681689261652716,7.730496406555176,850200
2004-01-23,7.741340791845922,7.836243499468978,7.741340791845922,7.798282623291016,3394600
2004-01-26,7.754902190456133,7.860650689782055,7.741344359017946,7.844381809234619,1367800
2004-01-27,7.863359533224829,7.893186234882363,7.809129260607167,7.828110218048096,1509000
2004-01-28,7.822689414327879,7.841669860236619,7.70880622169708,7.716940402984619,1881000
2004-01-29,7.768457707643077,7.787438150087417,7.673554978243111,7.711516380310059,6494200
2004-01-30,7.700670122757478,7.722362130876524,7.622036787267782,7.6383056640625,1227000
2004-02-02,7.657288066548154,7.719652541206507,7.597635158246043,7.681691646575928,1877800
2004-02-03,7.632883606691401,7.684402327164716,7.6111915955202685,7.651864051818848,869000
2004-02-04,7.632884118904537,7.64644195003277,7.554250767074285,7.597634792327881,1072000
2004-02-05,7.589499088938385,7.605767966960183,7.462058596274061,7.52984619140625,2080400
2004-02-06,7.540692176719943,7.581364631652833,7.497308155834419,7.581364631652832,1031800
2004-02-09,7.59221377132709,7.70067386462463,7.59221377132709,7.673558712005615,1478600
2004-02-10,7.687113600986304,7.792862086778298,7.676267337223884,7.776593208312988,1883600
2004-02-11,7.754903708514927,7.890478946365962,7.73592325796434,7.882344245910644,4028200
2004-02-12,7.876916824869066,7.936570228048415,7.841667509772528,7.90674352645874,1565800
2004-02-13,7.89861163243884,7.920303645696084,7.833535592667107,7.887765884399414,1720600
2004-02-17,7.944704409250428,7.96910798016226,7.923012403681933,7.955550670623779,1065400
2004-02-18,7.963684964682993,7.969107577917751,7.849801811902153,7.871493816375732,1508000
2004-02-19,7.893189024515872,7.925726785843491,7.8633623123168945,7.8633623123168945,841400
2004-02-20,7.9311473044242256,7.9311473044242256,7.819975708368947,7.860648155212402,645400
2004-02-23,7.890475457220437,7.93114790715481,7.87420658068234,7.923013210296631,1211000
2004-02-24,7.904033800386264,7.966398266242163,7.901322234412747,7.936572074890137,936200
2004-02-25,7.909455156487628,7.988088483351397,7.909455156487628,7.974531173706055,1959600
2004-02-26,7.985378119140893,8.02062743754494,7.9501282835585885,8.001646995544434,1503600
2004-02-27,8.02604878656416,8.066721227130873,8.001645218788505,8.039606094360352,1030400
2004-03-01,8.099259229224812,8.205007674730487,8.077567227142156,8.194161415100098,3672800
2004-03-02,8.148068430688378,8.215856023346944,7.993512802175372,8.123664855957031,2509000
2004-03-03,8.120954369497152,8.139934814006844,8.03147476168123,8.11281967163086,1321200
2004-03-04,8.134509768240196,8.137221333557662,8.061299056203266,8.088414192199707,1287000
2004-03-05,8.107396799268507,8.205011108075727,8.080281656024464,8.158915519714355,1727800
2004-03-08,8.196872980007695,8.264660551163255,8.17518097792504,8.194161415100098,1130600
2004-03-09,8.167050638108597,8.18874265038441,8.09655146891761,8.139935493469238,1783600
2004-03-10,8.134511365728864,8.142646063278782,7.974532600828597,7.998936176300049,962800
2004-03-11,7.917591589306236,7.969109791001631,7.803708404899149,7.819977283477783,3188400
2004-03-12,7.876917032124904,7.950127746765026,7.847090846928657,7.933858871459961,1088400
2004-03-15,7.971820563636768,8.0206277116939,7.931148112648584,7.950128555297852,1742800
2004-03-16,7.98537770475131,7.98537770475131,7.890474982495358,7.947416305541992,1173000
2004-03-17,8.02604552721387,8.104678811419715,7.979949975376676,8.05858325958252,3172200
2004-03-18,8.080282071826973,8.150781241017961,8.045032745820665,8.139935493469238,1041000
2004-03-19,8.141840088845276,8.141840088845276,7.973012924194337,7.973012924194336,1168400
2004-03-22,7.973014381858368,7.973014381858368,7.883154611502537,7.896769523620605,1957600
2004-03-23,7.924000512431866,7.9376154256585085,7.779680043101476,7.842309474945068,2405400
2004-03-24,7.82596884674259,7.872260263291496,7.651695522970463,7.676202774047852,2021600
2004-03-25,7.719770084116226,7.719770084116226,7.627187263261715,7.6462483406066895,2029800
2004-03-26,7.665313293321695,7.79874142156949,7.665313293321695,7.733388900756836,1550000
2004-03-29,7.787848295220871,7.850477718962673,7.757894866746279,7.774232864379883,2820800
2004-03-30,7.801462644562466,7.948506170796628,7.774232304218116,7.915829658508301,1630800
2004-03-31,7.92944304739662,8.024748435007728,7.894043458247858,7.989349365234375,4161200
2004-04-01,8.002967292393242,8.03292072230372,7.872262266307597,7.896769523620605,6629000
2004-04-02,7.89677319882411,7.943064648695699,7.880435192803504,7.932172298431396,2320200
2004-04-05,7.910382989524946,7.992074005425039,7.910382989524946,7.973012924194336,1083000
2004-04-06,7.973012924194337,8.013858172456628,7.943059499760085,7.973012924194336,1184000
2004-04-07,7.964843666791674,8.019304344058403,7.894044994095132,7.973012924194336,2812400
2004-04-08,8.046533410592078,8.100994082764206,8.019303593881475,8.043810844421387,2323600
2004-04-12,8.111887870791561,8.237146711987636,8.111887870791561,8.196301460266113,2562400
2004-04-13,8.237146514096676,8.26437685438202,8.114610242500392,8.125502586364746,2517600
2004-04-14,8.100993784467432,8.163623191596402,8.054702370638315,8.141839027404785,2885600
2004-04-15,8.141835490096627,8.261648600784147,8.141835490096627,8.25075626373291,1868200
2004-04-16,8.291605269680915,8.316112518310547,8.23714460175386,8.316112518310547,1464400
2004-04-19,8.31883463820186,8.351511141081017,8.258928322194695,8.297050476074219,1958000
2004-04-20,8.28616067022352,8.288883756073762,8.117332983137116,8.128225326538086,1379200
2004-04-21,8.073761872992094,8.128222532525482,8.03019355311552,8.100992202758789,2686000
2004-04-22,8.114611308586882,8.2616548538208,8.07376605248044,8.2616548538208,919000
2004-04-23,8.277991963709157,8.277991963709157,8.163624947263564,8.196301460266113,2653600
2004-04-26,8.250760595612183,8.305221270711305,8.209915348975585,8.242591857910156,2206800
2004-04-27,8.305221771255317,8.45226529125976,8.29160686134773,8.414142608642578,5102200
2004-04-28,8.400529848683648,8.414144762075702,8.27799355065255,8.294331550598145,2733600
2004-04-29,8.305224496156496,8.316116843156706,8.04109131390972,8.095551490783691,2135800
2004-04-30,8.141840582785736,8.20719308784524,8.114610242500392,8.125502586364746,2504400
2004-05-03,8.150011091743893,8.329730638089098,8.114611488126299,8.313392639160156,4479200
2004-05-04,8.386908912173595,8.386908912173595,8.264373213929769,8.318833351135254,1811000
2004-05-05,8.25075961087933,8.35968094807775,8.169069127355941,8.346065521240234,1378000
2004-05-06,8.3869120537124,8.3869120537124,8.226253627933044,8.305221557617188,1296200
2004-05-07,8.318831490268952,8.318831490268952,8.103713035583496,8.103713035583496,1331200
2004-05-10,8.035638535243619,8.035638535243619,7.801458460988298,7.869534015655518,3769800
2004-05-11,7.937614973638164,8.019306006472933,7.924000061186844,8.005690574645996,2000600
2004-05-12,7.973010380973372,8.08737735125246,7.951226220890468,8.05470085144043,6504000
2004-05-13,8.032919883728027,8.114610386659788,8.019304973031252,8.032919883728027,3138000
2004-05-14,8.060149738408581,8.207192738693044,8.032919399281674,8.128225326538086,3114800
2004-05-17,8.114609897286874,8.196300914667592,8.109164244961908,8.128225326538086,3456800
2004-05-18,8.128225544896786,8.169070794996664,7.978458935363194,8.00841236114502,3787400
2004-05-19,8.019304344058403,8.087379930954057,7.953951323588124,7.973012924194336,6030200
2004-05-20,7.992073131983084,8.030195290278172,7.951227888184709,7.964842796325684,2638000
2004-05-21,8.01930730784395,8.030199135697407,7.902217172009025,7.926724433898926,3207600
2004-05-24,7.923997028796025,8.122777583018511,7.918550858149415,8.106439590454102,5770000
2004-05-25,8.100994518152831,8.245314943602661,8.100994518152831,8.242591857910156,4566400
2004-05-26,8.264375468491906,8.272544205644778,8.152731559482044,8.174515724182129,4302200
2004-05-27,8.155454148664248,8.174515226694863,8.01930299773079,8.060148239135742,6510800
2004-05-28,8.0465315432254,8.114607107954466,8.032916638029723,8.100992202758789,4801400
2004-06-01,8.177238828353524,8.226252809508981,8.158177229743925,8.212637901306152,5863200
2004-06-02,8.209916371048102,8.264377052927168,8.179963463452616,8.196301460266113,3585800
2004-06-03,8.209915559408746,8.261653150141479,8.109163983081082,8.12277889251709,4334600
2004-06-04,8.114609966952127,8.125502310446612,8.043811811740085,8.081933975219727,1881800
2004-06-07,8.128222453660475,8.234420167407313,8.090099784606856,8.231697082519531,3925400
2004-06-08,8.264377052927168,8.288884307835193,8.158178775200547,8.196301460266113,3638200
2004-06-09,8.128227841041733,8.163626929294715,8.049259885082167,8.130950927734375,6429000
2004-06-10,8.196300522388011,8.25076067865981,8.177239441724108,8.23442268371582,3868000
2004-06-14,8.209915144001096,8.264375817740515,8.158177555886196,8.171792984008789,1798200
2004-06-15,8.264375957568676,8.318836112854052,8.22625327755588,8.288883209228516,2675400
2004-06-16,8.31883464598116,8.457708874440511,8.31883464598116,8.449540138244629,3869400
2004-06-17,8.465883169282069,8.533958781438164,8.441375907355818,8.512174606323242,1823200
2004-06-18,8.567940955572569,8.567940955572569,8.499594266725591,8.535134315490723,1731600
2004-06-21,8.543341451964418,8.57068024889954,8.291825458760819,8.516002655029297,953200
2004-06-22,8.474988735938778,8.576142056738487,8.469520876123916,8.573408126831055,2174000
2004-06-23,8.573408092341326,8.73197237622777,8.565206302652026,8.718302726745605,5333400
2004-06-24,8.7265028761646,8.745639860398752,8.647220488401725,8.66635799407959,7364600
2004-06-25,8.663627991732723,8.693700185684447,8.606216491563156,8.617152214050293,2848000
2004-06-28,8.611686574426377,8.611686574426377,8.45585613889162,8.49413013458252,6844000
2004-06-29,8.447652083236797,8.54880542948069,8.447652083236797,8.540603637695312,3332000
2004-06-30,8.54333853784639,8.625354379232114,8.529669404763437,8.606217384338379,4984600
2004-07-01,8.639023137580615,8.639023137580615,8.559740713880728,8.617152214050293,1904200
2004-07-02,8.62535185368594,8.680029412895895,8.589811805210164,8.649956703186035,726600
2004-07-06,8.70736692736563,8.731971773290768,8.652689376100039,8.671826362609863,1363400
2004-07-07,8.644492044453031,8.723773956298828,8.622621118277223,8.723773956298828,1155400
2004-07-08,8.745640708947167,8.75931035718623,8.641753989549107,8.680027961730957,3132800
2004-07-09,8.721037673160858,8.742908593437773,8.674561902391929,8.729239463806152,1035400
2004-07-12,8.729237652504056,8.729237652504056,8.639020059901295,8.680027961730957,1666800
2004-07-13,8.660896048253447,8.677299114303695,8.600750603662421,8.658162117004395,1552200
2004-07-14,8.63902306567227,8.772982536360955,8.63902306567227,8.762046813964844,2703800
2004-07-15,8.775717108991017,8.852266133024687,8.748378842264152,8.819458961486816,1666200
2004-07-16,8.876869092488262,8.942481335761002,8.852264240539032,8.926078796386719,2277600
2004-07-19,8.91240816903185,8.947948740678589,8.852263789577082,8.896005630493164,1434000
2004-07-20,8.898737447307381,8.898737447307381,8.838593078612409,8.868664741516113,1330600
2004-07-21,8.868665855079252,8.939746994581407,8.710102081298828,8.710102081298828,2030400
2004-07-22,8.693699220721754,8.775715044496078,8.671828299619008,8.737441062927246,3672600
2004-07-23,8.74291152040288,8.745645451533246,8.669096944215084,8.70463752746582,5472600
2004-07-26,8.693699811529365,8.742909517715715,8.567942137003293,8.628087043762207,3911800
2004-07-27,8.576144587192214,8.73744232777223,8.57067672576402,8.715571403503418,3541400
2004-07-28,8.69370094160716,8.792120366773217,8.680031808753649,8.775716781616211,3710400
2004-07-29,8.816723946610288,8.852264521194366,8.745643318886051,8.838595390319824,3148400
2004-07-30,8.885069007813133,8.898738136170701,8.85226289117744,8.871399879455566,2158800
2004-08-02,8.885073725704551,8.885073725704551,8.764783872242456,8.860468864440918,1776000
2004-08-03,8.885070015978696,8.980754968226439,8.885070015978696,8.967085838317871,3836000
2004-08-04,8.980754274958148,8.980754274958148,8.748375955787612,8.75931167602539,7684200
2004-08-05,8.74837737872396,8.803054945918555,8.625353113258084,8.628087043762207,4745600
2004-08-06,8.639027503262266,8.652696641834856,8.43672122801151,8.45585823059082,5498200
2004-08-09,8.47499194702001,8.658161148668203,8.458588882804294,8.592548370361328,4231600
2004-08-10,8.59801265501748,8.639020559217306,8.532399382565206,8.559738159179688,4610800
2004-08-11,8.537873588288559,8.57341418073747,8.43398678566811,8.516002655029297,9452400
2004-08-12,8.543336294530853,8.576142935337153,8.40664291381836,8.40664291381836,4030800
2004-08-13,8.420313796281768,8.537870211598827,8.420313796281768,8.510531425476074,3305600
2004-08-16,8.515995629754258,8.562471389770508,8.488656855372271,8.562471389770508,1780400
2004-08-17,8.543340102758718,8.551541896977241,8.354703007285458,8.365638732910156,10978800
2004-08-18,8.409379021244604,8.485927521982259,8.409379021244604,8.474991798400879,4382200
2004-08-19,8.51599800295904,8.562473775926978,8.477724021024468,8.502328872680664,4529000
2004-08-20,8.57067243375329,8.677293070989906,8.57067243375329,8.58980941772461,4408200
2004-08-23,8.608949151550556,8.619884872423638,8.480457559955068,8.48319149017334,3313800
2004-08-24,8.450384203363317,8.474989052003997,8.37930358745067,8.461319923400879,3781200
2004-08-25,8.474994720348704,8.526938382381017,8.474994720348704,8.516002655029297,4374400
2004-08-26,8.51326864434045,8.59528503438617,8.450389776982988,8.57614803314209,2624800
2004-08-27,8.59801415385181,8.64995726488605,8.59801415385181,8.630820274353027,2040800
2004-08-30,8.611685365520332,8.69643513898621,8.570677444259038,8.592548370361328,3941000
2004-08-31,8.639021411790255,8.748376007596441,8.614416562553382,8.73470687866211,2281600
2004-09-01,8.748375350741542,8.89873784350489,8.737439631260088,8.887802124023438,4444400
2004-09-02,8.917876757401688,8.958885192871094,8.885070634758865,8.958885192871094,2726400
2004-09-03,8.956152082090526,8.999893933126954,8.926080406849474,8.978023529052734,4538600
2004-09-07,8.953416708409302,8.97802155939983,8.885070015978696,8.967085838317871,2626400
2004-09-08,8.912408514650696,9.008094512350612,8.912408514650696,8.975288391113281,5696000
2004-09-09,8.980752707775194,9.117446058230753,8.980752707775194,9.103776931762695,3771400
2004-09-10,9.103781821433412,9.114717545636472,9.010830251483544,9.054572105407717,4516000
2004-09-13,9.090106742326167,9.133848567641415,9.08463888380084,9.11744499206543,3563600
2004-09-14,9.142053220715372,9.1885295139544,9.103779239746622,9.158456802368164,3050000
2004-09-15,9.26507798273669,9.26507798273669,9.114715459467712,9.128384590148926,5238200
2004-09-16,9.117449496863234,9.172127066244522,9.103780365239889,9.15572452545166,2206600
2004-09-17,9.211442368568504,9.321232467297207,9.197717690062198,9.310253143310549,4879800
2004-09-20,9.334952549549154,9.384358441658724,9.30476099063381,9.312994956970217,3253600
2004-09-21,9.332210866631844,9.565515719479295,9.329466559430072,9.54355812072754,7798200
2004-09-22,9.524345309786511,9.524345309786511,9.428277800143054,9.483173370361328,6675600
2004-09-23,9.455724232106087,9.455724232106087,9.332209485390312,9.395339012145996,6543800
2004-09-24,9.39534125643852,9.53257966400621,9.39534125643852,9.502387046813965,6473400
2004-09-27,9.538070597701347,9.568263218919288,9.436514455733262,9.496898651123049,4636200
2004-09-28,9.56551706212193,9.683542182235808,9.55728309231501,9.658839225769045,4997200
2004-09-29,9.639622908799602,9.661581550793766,9.47219192825398,9.52983283996582,6433600
2004-09-30,9.56551712764216,9.625902365429203,9.54904918791552,9.587475776672363,1727000
2004-10-01,9.620412789438095,9.738437911418734,9.576496538029906,9.724714279174805,2359200
2004-10-04,9.730204568425808,9.75216217202168,9.67530898886699,9.713735580444336,4483000
2004-10-05,9.790587768892982,9.845483342874507,9.75765084332246,9.818036079406738,5673600
2004-10-06,9.826266834475913,9.999187469482422,9.826266834475913,9.999187469482422,6013200
2004-10-07,10.045850298735145,10.10898088311468,9.889398609028715,9.92233657836914,7361200
2004-10-08,9.977230566485652,9.996443857384197,9.86469512820312,9.933314323425291,4492800
2004-10-11,9.9827195747332,9.9827195747332,9.796075292174486,9.848226547241213,4842000
2004-10-12,9.83999534167319,9.89489092492059,9.732949530216148,9.735694885253906,6093400
2004-10-13,9.702759603384209,9.702759603384209,9.428282657918782,9.532584190368652,14263800
2004-10-14,9.5929680908771,9.694524253101648,9.571009435776492,9.60943603515625,9593400
2004-10-15,9.697267765090915,9.702756380776393,9.598455930014625,9.650606155395508,3535000
2004-10-18,9.64786279170543,9.689033695652189,9.518858322503933,9.521602630615234,3382000
2004-10-19,9.510622008515984,9.557282564238362,9.44474711256245,9.494153022766112,3410600
2004-10-20,9.527090917009945,9.710990945275729,9.510622976629705,9.70275592803955,4951000
2004-10-21,9.732946469351576,9.81803464897841,9.455725379350982,9.757649421691896,4937200
2004-10-22,9.782355818778834,9.856464701896394,9.730205588605529,9.738439559936523,2859800
2004-10-25,9.757650046270085,9.796076630804489,9.678051522851163,9.746670722961426,5146000
2004-10-26,9.716479400262369,9.861951773121945,9.716479400262369,9.853717803955078,3654800
2004-10-27,9.867444216182278,9.91685013920103,9.614924937747974,9.683544158935549,10602800
2004-10-28,9.645115449387664,9.686287391898071,9.455726817340974,9.51336669921875,15395600
2004-10-29,9.455729082293198,9.64786311495408,9.455729082293198,9.64511775970459,9065800
2004-11-01,9.702755542942883,9.74941714860906,9.527090538885318,9.587475776672363,7991800
2004-11-02,9.551790830320355,9.587473101515137,9.42004211403854,9.444745063781738,13847200
2004-11-03,9.634138107299805,9.675310058281186,9.496899666756809,9.634138107299805,6939600
2004-11-04,9.658838502045096,9.771373951506892,9.658838502045096,9.74941635131836,7200400
2004-11-05,9.798815787531067,9.856455627876224,9.749409910936585,9.807049751281738,12255800
2004-11-08,9.804314858695282,9.804314858695282,9.620414797690389,9.64511775970459,7066600
2004-11-09,9.579240139348482,9.64236967375232,9.54355786440863,9.557281494140623,11947200
2004-11-10,9.62041580996978,9.689035039779904,9.494156678410285,9.669821739196776,10157400
2004-11-11,9.63962682993234,9.69452241020207,9.614923871163269,9.650606155395508,6057000
2004-11-12,9.634135520409998,9.867441434915165,9.606688258489829,9.853717803955078,5758800
2004-11-15,9.812548179291213,9.812548179291213,9.58198756480504,9.63962745666504,8223800
2004-11-16,9.661586109019042,9.724715663967544,9.63962745666504,9.63962745666504,4883800
2004-11-17,9.658843384733553,9.80431687858605,9.658843384733553,9.790592193603516,7941000
2004-11-18,9.823526830074323,9.881166717971428,9.779610575431851,9.867443084716797,4390000
2004-11-19,9.922336466794194,10.021147232566708,9.87567486760957,9.985466003417969,7872800
2004-11-22,9.999188599790653,10.155640271561865,9.985464970994991,10.144660949707031,7439600
2004-11-23,10.155642064654968,10.26268785402533,10.147408095332922,10.207792282104492,3691800
2004-11-24,10.237985437156556,10.29288101196289,10.125449979974269,10.29288101196289,7098400
2004-11-26,10.3258212473671,10.402675495545507,10.320331583422472,10.336800575256348,2064200
2004-11-29,10.388951005552384,10.388951005552384,10.169369678911544,10.281905174255373,5403800
2004-11-30,10.28190014940986,10.325816393275812,10.26543221236378,10.295623779296877,6979600
2004-12-01,10.265438188926444,10.30111943799722,10.029387848075675,10.048601150512695,14345400
2004-12-02,9.96350999768902,9.988212957439703,9.705502121328871,9.782355308532717,12799200
2004-12-03,9.75215881873977,9.900376518470065,9.749414511876202,9.878418922424316,7960200
2004-12-06,10.040362935386575,10.040362935386575,9.809802356502118,9.883910179138184,2995400
2004-12-07,9.894889856765946,9.971744083834349,9.67805290222168,9.67805290222168,6882200
2004-12-08,9.606689533717196,9.768630913453128,9.540814630500009,9.74392795562744,9152800
2004-12-09,9.771376425862073,9.826272010803224,9.691778927095903,9.826272010803224,6512000
2004-12-10,9.834503632887232,9.883908490522034,9.727456808048636,9.757649421691896,5593800
2004-12-13,9.771375434295688,9.930572509765623,9.771375434295688,9.930572509765623,6084200
2004-12-14,9.92233544446581,9.979975313655768,9.883907817960075,9.96076202392578,4825800
2004-12-15,9.985466147929507,10.059575008615813,9.90861193293303,10.034872055053713,10615600
2004-12-16,10.037615793335828,10.037615793335828,9.886653773256212,9.933314323425291,5357800
2004-12-17,9.89502476624248,9.97766780016274,9.89502476624248,9.93083667755127,6285200
2004-12-20,9.983177328311204,10.06581931074006,9.950119694659808,10.052045822143556,3894600
2004-12-21,10.02174213221092,10.14295028630493,10.02174213221092,10.13744068145752,5824600
2004-12-22,10.137443272146369,10.17049985882898,9.906045063668191,9.999706268310549,7979600
2004-12-23,10.02449861316692,10.068574410786908,9.996951633723144,10.057555198669434,4261200
2004-12-27,9.91706420379226,10.054801206622708,9.878498011135724,9.88125228881836,8936000
2004-12-28,9.889518306275288,9.980424191653835,9.889518306275288,9.950121879577637,4389600
2004-12-29,9.875740844590258,10.030006637355324,9.875740844590258,10.024497032165527,4213600
2004-12-30,10.010726238580729,10.0162358452532,9.96940471396218,9.980423927307127,2311000
2004-12-31,9.96664850278563,10.04102660216162,9.95011968597436,10.00521469116211,1264400
2005-01-03,9.944611338786205,9.972159370290983,9.636080741882324,9.636080741882324,7963200
2005-01-04,9.69668349525138,9.738003958285914,9.580983886885244,9.586493492126465,12666600
2005-01-05,9.58649794193123,9.655366463138852,9.520384750048043,9.545177459716797,7948000
2005-01-06,9.517627674985636,9.782082495712142,9.514873397016627,9.71045970916748,10057600
2005-01-07,9.751776578013676,9.751776578013676,9.547925427598106,9.633322715759276,9445800
2005-01-10,9.738005009458847,9.806873506133524,9.669136512784176,9.704948425292969,9003600
2005-01-11,9.702195528109762,9.749025608103016,9.641590906142008,9.71872329711914,3295800
2005-01-12,9.751781713873012,9.889518737792969,9.699440972239366,9.889518737792969,7048000
2005-01-13,9.958385630935751,10.035518015520395,9.903290620153896,9.9556303024292,7199600
2005-01-14,9.985931047461907,10.04653565491843,9.93083604530596,10.043780326843262,3292000
2005-01-18,10.109897282757627,10.167746577835452,10.079594970807324,10.142953872680664,8216000
2005-01-19,10.096121427241206,10.181517685451478,10.096121427241206,10.107139587402344,5354000
2005-01-20,10.08234706791507,10.08234706791507,9.93083659178612,10.00521469116211,7888400
2005-01-21,10.068576489660051,10.148464217731409,10.024500682939673,10.02725601196289,8703600
2005-01-24,10.137446278106196,10.19805091403645,10.104389681621628,10.115408897399902,7715000
2005-01-25,10.178761440222036,10.206308411573811,10.08234493879162,10.156723022460938,4257000
2005-01-26,10.173254581092005,10.27242538607956,10.140197996379444,10.25589656829834,7096400
2005-01-27,10.233856539074424,10.388121261591008,10.220082002407208,10.346800804138184,5924600
2005-01-28,10.288954440515548,10.288954440515548,10.187029345235036,10.222841262817385,9997800
2005-01-31,10.192539889492636,10.385371935409816,10.151218361492488,10.344050407409668,11261400
2005-02-01,10.401894680094983,10.523103876544615,10.388121194366509,10.52034854888916,8331000
2005-02-02,10.56442709282824,10.671862831608257,10.528616230751448,10.666353225708008,6205200
2005-02-03,10.605745656161757,10.726953799640611,10.569933753214755,10.718689918518066,5870200
2005-02-04,10.743484926768067,10.773787231876971,10.685635644750963,10.757258415222168,8835600
2005-02-07,10.784808289266646,10.798581780078676,10.608504033982715,10.68563747406006,7347600
2005-02-08,10.638803353909326,10.78204992996045,10.622275589920536,10.76276683807373,4345200
2005-02-09,10.771030516757143,10.848163933697764,10.658086244616966,10.743483543395996,11826400
2005-02-10,10.8591866466214,11.052018693567693,10.812356562098074,11.03824520111084,11408400
2005-02-11,11.027221285899408,11.19250627747098,11.005183917532998,11.134655952453612,8490400
2005-02-14,11.14843463897705,11.192510442963131,11.123641933556751,11.14843463897705,5754200
2005-02-15,11.1980209713155,11.20628485685229,11.090585205086484,11.17322826385498,5439200
2005-02-16,11.2062838517996,11.501040985811064,11.181491146562651,11.48726749420166,10859600
2005-02-17,11.514818794774367,11.567159553704764,11.313722799498205,11.333005905151367,10380200
2005-02-18,11.357794388263438,11.641532309323372,11.349530503448117,11.583683013916016,13099400
2005-02-22,11.70764112187003,11.782019203334446,11.49277180931698,11.501035690307615,13194600
2005-02-23,11.48726975616332,11.666327284043948,11.48726975616332,11.64704418182373,6509400
2005-02-24,11.693865360092516,11.886697268847684,11.638770378898274,11.875678062438965,10095200
2005-02-25,11.92251476274433,12.228291080600934,11.894967782208578,12.167686462402344,13596200
2005-02-28,12.2585930517353,12.327461552025948,11.682852347271488,12.079534530639648,18948400
2005-03-01,12.051989172780235,12.12085768233898,11.828854823503884,11.845383644104004,14922400
2005-03-02,11.795795189799383,12.0409668524374,11.76824821342312,12.018929481506348,12231400
2005-03-03,12.065762252794745,12.24206546311302,12.05198876152301,12.217272758483888,19723400
2005-03-04,12.23105152233932,12.421128289537222,12.153918053063766,12.374297142028809,11982000
2005-03-07,12.327465626465465,12.38531493362582,12.14840704618787,12.288899421691896,14403600
2005-03-08,12.244816527066138,12.377043888750686,12.231043040591643,12.275118827819824,11586800
2005-03-09,12.36602759780554,12.434896097281712,11.914250409377834,11.936288833618164,30848600
2005-03-10,11.92801911367525,11.99688758552193,11.583676754441845,11.693866729736328,39681400
2005-03-11,11.65530251770936,11.90047415066226,11.62224488904068,11.790284156799316,21890600
2005-03-14,11.817828805067222,11.911489957842626,11.605713810521472,11.875678062438965,20316400
2005-03-15,11.90047930421932,12.029951394599646,11.7076472568772,11.71040153503418,22709200
2005-03-16,11.707645648087974,11.91425115952482,11.597455621648333,11.748967170715332,23806400
2005-03-17,11.817834345703046,11.969344826883884,11.817834345703046,11.952816009521484,23589200
2005-03-18,12.119757767573905,12.119757767573905,11.95115996461869,12.10041046142578,16131400
2005-03-21,12.07830236520689,12.13358084680599,11.8958841139744,11.99538516998291,17719400
2005-03-22,11.953923303280437,12.177800627948011,11.835074964125326,11.851658821105955,19579800
2005-03-23,11.718987355721572,11.77150130439792,11.525513303960606,11.625014305114746,48613000
2005-03-24,11.69135361824041,11.793618120109384,11.50617192419796,11.616727828979492,21760800
2005-03-28,11.636070605690364,11.699641517752752,11.525514743977324,11.63054370880127,21631200
2005-03-29,11.636070407511106,11.779793974204235,11.42601353578968,11.442597389221191,18394800
2005-03-30,11.470238575630912,11.630546030486334,11.271236508734278,11.613962173461914,48348400
2005-03-31,11.799140754493138,11.884822411912037,11.71898810232256,11.848891258239746,24952200
2005-04-01,12.00367672740743,12.158456267003436,11.843369234145564,12.14187240600586,17830400
2005-04-04,12.188848677067911,12.2938776039759,11.945625236494749,12.03683376312256,28208400
2005-04-05,11.929048271587902,12.09211917810662,11.801908528701883,11.884825706481934,17903600
2005-04-06,11.882060532076803,12.128048580656271,11.801906814977054,12.07277011871338,20893000
2005-04-07,12.16121668770113,12.216495156242315,11.890353351633314,12.025784492492676,38581400
2005-04-08,11.940103679172468,12.047896111232124,11.804671486104516,11.807435989379885,23421400
2005-04-11,11.788083545710546,11.920751177676546,11.691346005870663,11.895875930786133,23246400
2005-04-12,11.854417553031237,11.895876651811022,11.652652117956883,11.707930564880373,29360800
2005-04-13,11.61119312574258,11.774263965771729,11.414955638994412,11.420483589172363,36177400
2005-04-14,11.484058688518862,11.613962941258675,11.379029695785626,11.414960861206056,39069800
2005-04-15,11.345860139235514,11.40113859785246,10.964439934562394,10.981023788452148,80558200
2005-04-18,10.969967182305366,11.202135850127382,10.892577977814309,11.180025100708008,58074600
2005-04-19,11.320984572754533,11.511695196995838,11.26570611566504,11.442597389221191,40263000
2005-04-20,11.517223361095542,11.5559190233603,11.20766544342041,11.20766544342041,40722000
2005-04-21,11.238069036308865,11.594614028930664,11.20766582780404,11.594614028930664,29369000
2005-04-22,11.63607151678898,11.74386499284654,11.456417832057662,11.619488716125488,22903800
2005-04-25,11.718994275898414,11.854425454060348,11.6941190109208,11.782564163208008,25917000
2005-04-26,11.746629478903078,11.829546652590226,11.589086532592772,11.589086532592772,28130000
2005-04-27,11.5835567963972,11.6084320501071,11.282290303399035,11.290581703186035,57888600
2005-04-28,11.20766167505262,11.249120772079086,11.047355345537463,11.06393814086914,43846200
2005-04-29,11.166207386803084,11.268471858344611,11.05841390916046,11.20766544342041,29798800
2005-05-02,11.191085023131288,11.42325377436287,11.102638830631872,11.409433364868164,45705600
2005-05-03,11.38731874186596,11.38731874186596,11.099871613282524,11.14133071899414,23528800
2005-05-04,11.141327574803151,11.282286596614698,10.87875577287723,11.271230697631836,35418000
2005-05-05,11.373502615190525,11.45641979576748,11.262945671521814,11.392849922180176,26727600
2005-05-06,11.44260512033326,11.544869649716333,11.345867491479362,11.359686851501465,17781600
2005-05-09,11.414961129716396,11.519990124920191,11.37626651420689,11.511698722839355,18524800
2005-05-10,11.5227490413131,11.5227490413131,11.285053488924444,11.318220138549805,30573800
2005-05-11,11.238067097515165,11.398374513121048,11.193844543959894,11.38731861114502,21360400
2005-05-12,11.290583764510917,11.345862233330552,10.878761333220256,10.889817237854004,46778600
2005-05-13,10.972729561436184,10.972729561436184,10.668698644554384,10.723977088928224,44202800
2005-05-16,10.665939373331051,10.696342582359298,10.48628462235453,10.676995277404783,48238600
2005-05-17,10.688051524365552,10.887053606311888,10.654884862157555,10.867706298828123,37085800
2005-05-18,10.961680166635004,11.05012530837932,10.779261929993696,10.845596313476562,55853800
2005-05-19,10.900874649903846,11.052890738469738,10.806901547130996,11.041834831237791,31536400
2005-05-20,10.986551551085672,11.110927817250762,10.956148346651,10.95891284942627,23633000
2005-05-23,11.028010358311096,11.1827887703569,10.99484265200226,11.14133071899414,19972200
2005-05-24,11.157912191545648,11.227009989952654,11.133036941945177,11.188315391540527,24069000
2005-05-25,11.21319973743791,11.414965345939468,11.14133843271322,11.359686851501465,31210800
2005-05-26,11.379032744755424,11.448130590582744,11.309934898928104,11.417728424072266,17919800
2005-05-27,11.464716724848715,11.611203849636825,11.442605958064505,11.608440399169922,20082400
2005-05-31,11.63330940002533,11.63330940002533,11.434307334487908,11.519989013671877,16916800
2005-06-01,11.58632524084564,11.774271448951094,11.55592307706774,11.738341331481934,27831800
2005-06-02,11.713463128781036,11.79085235234727,11.608434143691792,11.716226577758787,31970200
2005-06-03,11.738341587064404,11.8433695464371,11.705173864194665,11.782564163208008,18222200
2005-06-06,11.857187604731044,11.857187604731044,11.71622744638582,11.81849193572998,12931600
2005-06-07,11.829543066714656,11.906933319132635,11.696875418160792,11.705166816711426,18602200
2005-06-08,11.6941187563012,11.923523035567078,11.647131677100155,11.738341331481934,33232400
2005-06-09,11.774264753662806,12.08935160879836,11.746626055272255,12.078295707702637,32937200
2005-06-10,12.056186419481218,12.100408978736692,11.929046693415357,12.064478874206545,23413200
2005-06-13,11.99814507476105,12.14739661467754,11.964978417340394,12.111465454101562,21866600
2005-06-14,12.064475864312286,12.20819835527437,12.064475864312286,12.186087608337402,21126200
2005-06-15,12.161210717572615,12.33257293701172,12.161210717572615,12.33257293701172,22493600
2005-06-16,12.365747139689471,12.506706237792969,12.324288023238903,12.506706237792969,19638600
2005-06-17,12.69829159217288,12.728789842147322,12.548573487377412,12.70938205718994,38455400
2005-06-20,12.756510223769068,12.795326836956392,12.623427865774795,12.72323989868164,19233600
2005-06-21,12.545797509330384,12.70383288505734,12.445985470419751,12.454302787780762,33293000
2005-06-22,12.476484054852612,12.606794337871808,12.36003737801009,12.526390075683594,47478400
2005-06-23,12.534704349666294,12.76482661847044,12.520841804500304,12.537477493286133,29875000
2005-06-24,12.587383710422044,12.64283389200415,12.44321091149085,12.459845542907717,17967400
2005-06-27,12.559656958133022,12.6871940618711,12.518069323945928,12.651151657104492,22184200
2005-06-28,12.601250755877246,12.651156783238722,12.41271710976606,12.415489196777344,23333000
2005-06-29,12.387762271925135,12.487574311950269,12.296267549353889,12.40439796447754,25027000
2005-06-30,12.421031617291852,12.559659204667083,12.3129022683623,12.323992729187012,29436600
2005-07-01,12.340626176545072,12.604018778768486,12.340626176545072,12.59847354888916,16233000
2005-07-05,12.70383585683085,12.983864260130243,12.653929825701152,12.975545883178713,33487000
2005-07-06,13.114174043032175,13.114174043032175,12.709381603174371,12.74265193939209,29358200
2005-07-07,12.57351421431714,12.908993578462209,12.57351421431714,12.906220436096191,31388400
2005-07-08,12.95890862999522,13.017131968684522,12.720468986626097,12.82028102874756,29977400
2005-07-11,12.69828720403262,12.92563637009268,12.662243734005171,12.914546966552734,19920600
2005-07-12,12.97831725779256,13.09476394278186,12.88127729599008,13.03099536895752,27570400
2005-07-13,13.036543852385234,13.08644988915728,12.906233527742112,12.95613956451416,23530200
2005-07-14,12.950597966338313,13.039319599355792,12.573530497191376,12.645617485046388,60506800
2005-07-15,12.753744091402066,12.753744091402066,12.529166912518637,12.579072952270508,42729200
2005-07-18,12.482029285794347,12.60124910693007,12.437668495905104,12.526390075683594,25366600
2005-07-19,12.58738767457977,12.795329093933104,12.518073868128658,12.795329093933104,24609200
2005-07-20,12.789778209134422,12.85077361265165,12.628969741579269,12.809185981750488,22040600
2005-07-21,12.762059349809071,12.85355409378373,12.609569167496195,12.684428215026855,23705200
2005-07-22,12.81473676652764,13.15853265133055,12.809191535141176,13.139124870300291,48244400
2005-07-25,13.080898793516434,13.36647127554861,13.080898793516434,13.261115074157717,34083400
2005-07-26,13.247255021714793,13.322114063392394,13.155761342538709,13.230620384216309,15805200
2005-07-27,13.252802207033662,13.30548138726382,13.103084101608417,13.297163009643556,24545000
2005-07-28,13.355377697370496,13.391421156613552,13.189025059954387,13.335969924926758,16556400
2005-07-29,13.441333494495067,13.441333494495067,13.19457650771458,13.197348594665527,17639000
2005-08-01,13.258338835151813,13.402511614479767,13.247248377285596,13.335969924926758,14161200
2005-08-02,13.388655359342716,13.568870624912824,13.369247577783549,13.557781219482422,15673600
2005-08-03,13.665905809934186,13.6686778959109,13.449646086196378,13.49123477935791,21247200
2005-08-04,13.474605873336346,13.654822224226754,13.474605873336346,13.518966674804688,21083200
2005-08-05,13.530057411764012,13.585508679126171,13.322115952389632,13.416382789611816,18391600
2005-08-08,13.524505087103902,13.751854212187943,13.524505087103902,13.610454559326172,22965600
2005-08-09,13.646495834136005,13.682538234242068,13.516185603715568,13.579954147338867,17855200
2005-08-10,13.654817673290555,13.826715589483886,13.61322897305519,13.801762580871582,23931400
2005-08-11,13.851666731735442,13.97643175798624,13.782352945778827,13.934843063354492,25603600
2005-08-12,14.00138584071308,14.015248387442304,13.84057733724938,13.90989112854004,18358200
2005-08-15,13.84889926287641,13.890486913729015,13.724134195029006,13.774040222167969,20461000
2005-08-16,13.743546177758384,13.78513489896764,13.466290856750316,13.47183609008789,33384800
2005-08-17,13.460743436642623,13.61323362689519,13.100311789415215,13.16130828857422,56127400
2005-08-18,13.07258287673046,13.2167546475071,12.994950702876151,13.133578300476074,32587800
2005-08-19,13.211213166617016,13.396973677587248,13.211213166617016,13.358158111572266,24550800
2005-08-22,13.435784006076538,13.555003802445457,13.255568797309047,13.391423225402832,26200400
2005-08-23,13.391429075091756,13.474605442982782,13.211213787602022,13.36647605895996,33849800
2005-08-24,13.474599335472748,13.58550181415628,13.360924770762114,13.494007110595703,29120800
2005-08-25,13.549460464700635,13.549460464700635,13.383107778355877,13.457966804504396,25794600
2005-08-26,13.394199679281831,13.51341950511402,13.294387633687936,13.3054780960083,20387800
2005-08-29,13.585507466295953,13.599370017487692,13.30825221188175,13.413609504699709,30181600
2005-08-30,13.469053979694108,13.701947260701804,13.460735607055028,13.663131713867188,30198200
2005-08-31,13.674222601507864,14.109513060635315,13.649269598096032,14.040199279785156,42814800
2005-09-01,14.223194811127945,14.425591026638228,14.14001844357706,14.406183242797852,39612800
2005-09-02,14.292505693203063,14.292505693203063,14.092882663586565,14.126152992248535,28966000
2005-09-06,14.128932169968412,14.25646937521813,13.98475926321626,14.225972175598145,24194600
2005-09-07,14.192693849805869,14.403408402142066,14.162196665061533,14.24814510345459,26198200
2005-09-08,14.20932998725716,14.38122792706004,14.20932998725716,14.267553329467772,31804200
2005-09-09,14.328551598522626,14.644622418576898,14.328551598522626,14.639077186584473,26980000
2005-09-12,14.580855276834445,14.611353526981732,14.317462548233722,14.339643478393556,27957000
2005-09-13,14.3479578462552,14.458860358945987,14.2148754656131,14.217647552490234,21725800
2005-09-14,14.295281009348445,14.458861648451595,14.234284516164095,14.395092010498049,23563600
2005-09-15,14.522630228760304,14.533719634902589,14.22042196525261,14.395092010498049,29921000
2005-09-16,14.444577896752358,14.550236317322687,14.411212470502488,14.536333084106444,27790400
2005-09-19,14.711501526319562,15.000671344884635,14.680916114266074,14.920037269592283,32382600
2005-09-20,14.86165336820518,14.928384238355616,14.68648297789118,14.778239250183104,30426600
2005-09-21,15.070194312984084,15.100779747471355,14.8672195012676,14.986780166625977,39852000
2005-09-22,15.195308435758877,15.195308435758877,14.583603235056556,14.875553131103516,51834200
2005-09-23,14.792140491670484,14.847750253727153,14.530774928204536,14.614190101623535,32064000
2005-09-26,14.514092033007891,14.9061392983864,14.514092033007891,14.881114959716797,23424000
2005-09-27,14.783799098056694,14.897799699501755,14.708727135188454,14.89223861694336,14196000
2005-09-28,14.98677446795086,15.042383170598947,14.76155540382125,15.014578819274902,34448200
2005-09-29,15.106333833964394,15.170284685235949,14.975651060118912,15.159162521362305,26904600
2005-09-30,15.120236704097907,15.15082212582358,14.900578730493503,14.922821998596191,20336600
2005-10-03,15.028483721633863,15.097995673223906,14.828290022308916,14.883898735046388,13257400
2005-10-04,14.753212872682589,14.819943733623786,14.322238044487396,14.347262382507324,35211400
2005-10-05,14.3750689182001,14.405654340473076,13.796729087829592,13.79672908782959,63111800
2005-10-06,13.457513499882769,13.768926728612408,13.25175766798309,13.468634605407717,101702200
2005-10-07,13.632681743261564,13.79394995803085,13.554828707534632,13.771705627441406,43041600
2005-10-10,13.763369046006597,13.796734492161276,13.468637933079767,13.5631742477417,32451000
2005-10-11,13.752241094267744,13.971899065479372,13.693851322882768,13.888484954833984,34082600
2005-10-12,13.930190265816158,13.938532418621255,13.54092409650597,13.62155818939209,41327000
2005-10-13,13.4575134529472,13.5409275777682,12.987612009275184,13.251757621765137,78428400
2005-10-14,13.151661207285692,13.490879875065094,12.957027528057043,13.440831184387209,62164000
2005-10-17,13.735565025590578,13.735565025590578,13.52980913774304,13.607662200927734,29973200
2005-10-18,13.43526831715861,13.565951109986004,12.973709056039388,12.976489067077637,62569400
2005-10-19,12.984836986741705,13.2934703217552,12.69288690736924,13.26844596862793,92579600
2005-10-20,13.179471243256572,13.240641061668123,12.495472584517362,12.665081977844238,95887800
2005-10-21,12.729027265913746,13.015417205898682,12.6122477052608,12.795759201049805,62963400
2005-10-24,12.73458856293954,13.25453763296964,12.731808551735035,13.251757621765137,60696800
2005-10-25,13.299030810950068,13.593760889386264,13.221176682116306,13.527029991149902,67175400
2005-10-26,13.52423743197506,13.885699162320702,13.387994678399078,13.44638442993164,61851800
2005-10-27,13.499219794333255,13.58819500097454,13.059904844125429,13.065465927124023,54528600
2005-10-28,13.082146195780112,13.482535627580956,12.8763914583651,13.421364784240724,56558800
2005-10-31,13.49921346658801,13.760578941666544,13.39077505061612,13.574286460876465,45360800
2005-11-01,13.501997358817034,13.69384989942541,13.485314114154972,13.657703399658203,41405000
2005-11-02,13.641025103713464,13.932975074171898,13.610439676782631,13.924633979797363,41859400
2005-11-03,14.03585657316131,14.261075733277664,13.988588943631717,14.188782691955566,37997400
2005-11-04,14.110924508836536,14.16653427568478,13.73277936707018,13.763364791870115,58942200
2005-11-07,13.679945664471624,13.782823006049002,13.45194665845274,13.52423858642578,43073400
2005-11-08,13.488096673231874,13.73556007613973,13.424145814278628,13.638242721557615,26947800
2005-11-09,13.596537746528666,13.857902294809303,13.388001898027726,13.51312255859375,64432000
2005-11-10,13.410246562078616,13.415807645895969,12.993174821791694,13.09327220916748,80092400
2005-11-11,12.998735964694886,13.27122270897407,12.998735964694886,13.198930740356444,31180400
2005-11-14,13.388006649050608,13.401908831750523,13.154446373418926,13.26844596862793,30897200
2005-11-15,13.246193292269025,13.607655118350577,13.229511107794234,13.29068088531494,50381200
2005-11-16,13.290681203710262,13.63546085357666,13.273999018835829,13.63546085357666,45751000
2005-11-17,13.788389995648826,13.791170006864345,13.518683299013292,13.629902839660645,36924000
2005-11-18,13.679948447688332,13.732777134237224,13.47697373326208,13.63546085357666,48028800
2005-11-21,13.771705209437773,13.974679946899414,13.69941325855243,13.974679946899414,35605400
2005-11-22,14.110919781685164,14.22769929834412,14.01916353802365,14.197114944458008,28823000
2005-11-23,14.085903041613966,14.274975651085429,13.99414780915569,14.144292831420898,24430200
2005-11-25,14.138735201055704,14.241613687084548,14.12761409123435,14.180442810058594,7350000
2005-11-28,14.099804585507194,14.099804585507194,13.685513930976176,13.70219612121582,44192200
2005-11-29,13.818971114479478,13.891263050896502,13.6799472623432,13.724434852600098,29985000
2005-11-30,13.69385428106428,13.930194489059026,13.69385428106428,13.777268409729004,35525800
2005-12-01,13.88847948661867,14.213794708251957,13.885698416313616,14.213794708251951,37357000
2005-12-02,14.333362498979357,14.333362498979357,14.077559056708688,14.227704048156738,30877800
2005-12-05,14.37506750789588,14.458481612758993,14.252725830806623,14.327798843383787,40542800
2005-12-06,14.29444262882847,14.51410072642125,14.244393921511923,14.388978958129885,28030000
2005-12-07,14.4835075097926,14.608629210893657,14.244386272281254,14.336142539978027,66806000
2005-12-08,14.36950865123688,14.60306881742061,14.347264320806024,14.589166641235352,32613200
2005-12-09,14.461265474868553,14.55580176840336,14.344485909091055,14.40843677520752,28286800
2005-12-12,14.60028944611012,14.60585052936547,14.44180228567128,14.59472942352295,27012400
2005-12-13,14.63921826865758,14.789363286594726,14.514096536486404,14.533559799194336,37813200
2005-12-14,14.541896648190372,14.725408114899672,14.480726866399245,14.708725929260254,31727200
2005-12-15,14.62531681600558,14.722634202104253,14.486292887866105,14.591951370239258,30722400
2005-12-16,14.59389665278981,14.660803239115156,14.217550162111564,14.237064361572266,45466600
2005-12-19,14.30676183654971,14.384818654042812,14.117194368256987,14.119982719421388,38872400
2005-12-20,14.161796924326618,14.356940010950725,14.161796924326618,14.312335968017578,29189000
2005-12-21,14.356939929603453,14.487964770234036,14.276094769918869,14.34300136566162,35378400
2005-12-22,14.426632315957,14.457297791513962,14.281668926424906,14.32627296447754,16832200
2005-12-23,14.186889231540604,14.337428301404993,14.053077079475964,14.287248611450195,27793000
2005-12-27,14.16180207602198,14.16180207602198,13.788242681774102,13.866300582885742,51304200
2005-12-28,13.949926368418913,14.156219644268337,13.933199455467278,14.0753755569458,38797800
2005-12-29,14.050290212937984,14.209192214745546,13.952718118013236,13.966656684875488,25124200
2005-12-30,13.883024692028968,14.133923157853484,13.838420638487332,14.025200843811035,24225600
2006-01-03,14.114413149631464,14.691478729248049,14.114413149631464,14.691478729248049,48380400
2006-01-04,14.607841552074111,14.76116791609672,14.493543601063314,14.73328971862793,39995800
2006-01-05,14.761165129880393,14.775103694261592,14.407120064687602,14.546507835388184,47122000
2006-01-06,14.783466770563372,14.942368745702677,14.710985596977356,14.903340339660645,36291800
2006-01-09,14.900553364314506,14.967458900804209,14.741651385846056,14.886614799499512,30470400
2006-01-10,14.886613399602762,15.126359456830835,14.858735209150035,15.04830265045166,34982600
2006-01-11,14.9841873855538,15.179330503728972,14.802982833653047,15.11242389678955,39429000
2006-01-12,15.235083508626992,15.343805797807422,14.96745818513177,15.00369930267334,44637600
2006-01-13,14.87267547149991,15.212781989762568,14.87267547149991,15.182116508483888,35416000
2006-01-17,15.416288916486184,15.530586858450429,15.368897579706957,15.516648292541504,30796000
2006-01-18,15.474819758777342,15.513849202452548,15.106836368817088,15.388400077819824,43220200
2006-01-19,15.22671060245475,15.695053314999443,15.22671060245475,15.656024932861328,52820200
2006-01-20,15.862328516325617,16.032380700984586,15.611430107084052,15.725728034973145,57437800
2006-01-23,15.639301196380528,15.973831925042736,15.586334247524526,15.89856243133545,43304200
2006-01-24,15.756389237644855,15.945956636853808,15.753600887496614,15.803780555725098,39394200
2006-01-25,15.948742091665956,15.97383192289835,15.318710087915868,15.472036361694336,74196800
2006-01-26,15.433020118249896,15.541742451345826,15.20721145943509,15.522228240966797,54059400
2006-01-27,15.642099693613638,15.865119969585749,15.614221494464276,15.792638778686523,45753000
2006-01-30,15.976634019187902,16.247045695753307,15.945968525358523,16.15505027770996,57694400
2006-01-31,16.099285700250668,16.155041014931715,15.965473583082666,16.074195861816406,35137400
2006-02-01,16.02680687443821,16.18849614082067,15.683912011315098,15.692276000976562,64991200
2006-02-02,15.60863695508768,15.775901789440496,15.33264880861726,15.536154747009276,71964400
2006-02-03,15.541730668079069,15.577971772782378,15.315922180465378,15.393980026245115,41721800
2006-02-06,15.544521701946742,15.7926327948664,15.5277958522391,15.695060729980469,43949800
2006-02-07,15.527797052168015,15.527797052168015,14.97582163683395,15.039939880371094,73028600
2006-02-08,15.078965719452126,15.12356975360703,14.719345095890937,15.042724609375,88577400
2006-02-09,15.193260781620118,15.318709936542453,14.66916268074674,14.699828147888184,62496200
2006-02-10,14.747229041328104,14.822497514311834,14.382032637941874,14.646869659423828,86765000
2006-02-13,14.677532634710625,14.85873609799384,14.515842310745246,14.588324546813965,46839200
2006-02-14,14.356939650370547,14.566021295764292,14.295608694086225,14.423846244812012,61700000
2006-02-15,14.510265601329468,14.635714798001176,14.242641357392628,14.34578800201416,104064400
2006-02-16,14.485179031923511,14.697049070451524,14.479603392652306,14.6747465133667,54272800
2006-02-17,14.973034253068516,15.048303777763191,14.691471420790789,14.777891159057615,47213200
2006-02-21,15.025997240017098,15.193262085303408,14.945152103969669,15.0678129196167,41752400
2006-02-22,14.942365613230496,14.956305238275508,14.716558150340818,14.78625202178955,48568000
2006-02-23,14.7500113284715,14.967455873245688,14.52420279574469,14.769525527954102,57958600
2006-02-24,15.053874079996824,15.090115185731488,14.93121326662926,14.950727462768556,33029400
2006-02-27,14.872682285408152,14.914499063300012,14.691478729248049,14.691478729248049,32065200
2006-02-28,14.649652831339724,14.649652831339724,14.46008539954793,14.591110229492188,47670000
2006-03-01,14.702622534466656,14.847584880292988,14.65801849034064,14.839221954345703,26790800
2006-03-02,14.886618813191737,15.115214740812933,14.828075123673436,15.087336540222168,42100600
2006-03-03,14.947942304890844,15.19884068518066,14.928428104584318,15.090118408203123,45045200
2006-03-06,14.95630809940238,14.992548153808666,14.55765899337893,14.566021919250488,47172200
2006-03-07,14.501904140625973,14.513055417777265,14.262156999094817,14.351365089416504,47732200
2006-03-08,14.209190027792664,14.52141834391857,14.119981937470978,14.351365089416504,81573200
2006-03-09,14.496330546387645,14.557661515924591,14.2398575164049,14.248220443725586,45627000
2006-03-10,14.189673563198168,14.426632315957,14.09210149884018,14.32627296447754,47799400
2006-03-13,14.409904368030562,14.624561618069276,14.3708759704679,14.60783576965332,23997000
2006-03-14,14.663590950990448,14.900550765291015,14.340211411844049,14.87824821472168,33197600
2006-03-15,14.802977189282654,14.959091836985214,14.750010232258374,14.956304550170898,43330400
2006-03-16,14.908914755501568,15.212780116337678,14.8587350765786,15.193265914916992,54604800
2006-03-17,15.1823631067573,15.280224283768325,14.98664181933046,15.000622749328612,46593600
2006-03-20,14.95868309572796,15.067727530817276,14.65112181385578,14.66789722442627,45785400
2006-03-21,14.623158692608008,14.860820614974978,14.544870611477531,14.642730712890623,50832800
2006-03-22,14.642729886707729,14.936311240977451,14.631546637602298,14.740591049194336,43925600
2006-03-23,14.863620338914291,14.983849106786668,14.824476287345687,14.958684921264648,34714000
2006-03-24,14.944701985056792,15.182362858811178,14.936313213875858,15.059338569641112,42517000
2006-03-27,14.944696327302168,15.176764954611253,14.897163530589117,15.13762092590332,38741200
2006-03-28,15.224300049285612,15.4032448170146,15.20472803197744,15.255056381225586,45004800
2006-03-29,15.210315312616055,15.445180511607449,15.210315312616055,15.433996200561523,36419200
2006-03-30,15.461961894988256,15.57380291553807,15.35850964426644,15.425613403320312,46860200
2006-03-31,15.29419686509473,15.3081767218414,15.115252138910092,15.21031665802002,51697800
2006-04-03,15.308179803103044,15.568209243990191,15.249463752991728,15.29419994354248,36763000
2006-04-04,15.168374153016035,15.52346801693974,15.168374153016035,15.49550724029541,27552000
2006-04-05,15.489928474935365,15.7555491315125,15.408843758049825,15.749958038330078,40829600
2006-04-06,15.870180266254245,15.898141055498725,15.621335108251158,15.783504486083984,42543600
2006-04-07,15.713607431815408,15.77511904795534,15.450781290379725,15.475945472717283,43387400
2006-04-10,15.649292061787452,15.811460333277097,15.601759265019854,15.76952075958252,34570400
2006-04-11,15.90932417004946,15.970835768553114,15.582189893455377,15.657682418823242,27590200
2006-04-12,15.610150242430436,15.75274651972614,15.481532758416638,15.554229736328123,32700200
2006-04-13,15.394856894355367,15.618537850820344,15.319364371561887,15.604557991027832,22807200
2006-04-17,15.845017655328666,15.892550468444824,15.710809053475346,15.892550468444824,27431400
2006-04-18,16.021161461256508,16.309151654687785,15.993201745355895,16.281190872192383,58448800
2006-04-19,16.188925331036685,16.538427164033205,16.160964544439995,16.532835006713867,48529200
2006-04-20,16.44056797058068,16.546816839123252,16.077086234255656,16.362279891967773,52530000
2006-04-21,16.482502850689702,16.73414347237213,16.36227416257893,16.703388214111328,39209200
2006-04-24,16.636286085945653,16.664245803989964,16.362276796050875,16.44895362854004,59635400
2006-04-25,16.622308164955967,16.700596237883722,16.05192089095232,16.23645782470703,67672600
2006-04-26,16.270005034864973,16.532831032723738,15.95964837770413,15.979220390319824,58854200
2006-04-27,15.615744885706638,16.10504755887769,15.447984395828923,15.797486305236816,89759000
2006-04-28,15.900936455220894,16.17774239992853,15.900936455220894,15.976428985595703,38107800
2006-05-01,16.091068272317123,16.393038444829955,16.05751638645855,16.2392578125,39191600
2006-05-02,16.420994572168702,16.619511364323376,16.32033787006352,16.599939346313477,38083000
2006-05-03,16.535625527468714,16.597138172694912,16.219675667799564,16.342700958251953,51569400
2006-05-04,16.202909410083333,16.418202723260414,15.973636233265193,16.2672176361084,55618400
2006-05-05,16.462930489039177,16.538422993922627,16.32312979109087,16.457338333129883,31436800
2006-05-08,16.250434994777237,16.415399882986797,16.10504212155908,16.3846435546875,34185400
2006-05-09,16.328732771368493,16.566393688788914,16.31195629251943,16.482513427734375,26333400
2006-05-10,16.43217685740202,16.639081326975734,16.37625635574066,16.63628578186035,41188800
2006-05-11,16.77888333649954,16.81802843728535,16.370665456230537,16.42099380493164,43551400
2006-05-12,16.37067067939874,16.37067067939874,15.845019462249766,15.86459255218506,70278200
2006-05-15,15.5542280245053,15.797480972694938,15.358506807984806,15.531859397888184,58166600
2006-05-16,15.629722553141146,15.80307516537885,15.445185626153924,15.58778190612793,41205200
2006-05-17,15.447984931700562,15.632521903605484,15.07611437522514,15.190752029418944,72929200
2006-05-18,15.199136989287132,15.364101909121516,14.98663926207927,15.006211280822754,49518600
2006-05-19,14.925124018909884,15.224297451392005,14.70423864230129,15.104068756103516,80607600
2006-05-22,14.846836062834816,15.13762181691648,14.609175265065,15.017393112182615,75077600
2006-05-23,15.29699604847606,15.489921743892967,14.95867852839606,15.020191192626951,58351800
2006-05-24,14.846840370002417,15.140422820952224,14.58121977776426,14.835657119750977,76549600
2006-05-25,15.03976771989258,15.40884168275906,14.961478560142377,15.355716705322266,64495800
2006-05-26,15.34732509041618,15.467553812330786,15.26903701720481,15.406041145324709,28766600
2006-05-30,15.545843104369023,15.629724408351969,15.146012870671992,15.162789344787598,38809200
2006-05-31,15.109661703140889,15.531859397888184,15.10406954648661,15.531859397888184,39841400
2006-06-01,15.37808451999295,15.654890510654718,15.269040091324598,15.573805809020996,39707800
2006-06-02,15.727588631992711,15.833837529397766,15.543051634707812,15.80587673187256,35372600
2006-06-05,15.982023310390291,15.987615468946114,15.296999352932302,15.308183670043944,73397400
2006-06-06,15.277423472112854,15.478736862888692,15.151602602877956,15.29419994354248,49843400
2006-06-07,15.187953813982077,15.263446349057688,14.707038879394531,14.707038879394531,92812800
2006-06-08,14.600788991706397,14.944698669153285,14.24569499956328,14.913942337036133,150771000
2006-06-09,15.045352742436023,15.045352742436023,14.625950613878269,14.762954711914062,62874000
2006-06-12,14.852435330919944,14.941907749384884,14.43862512887075,14.460993766784668,43478000
2006-06-13,14.273656777970864,14.500134383550291,13.982870953507303,14.033199310302734,75171200
2006-06-14,14.0863234447078,14.421845447929025,14.035995090894868,14.393884658813477,79172400
2006-06-15,14.572831096227,15.036969582256404,14.55046352899175,14.94190502166748,76566600
2006-06-16,14.887742817495615,15.005610519762056,14.62675119520023,14.901774406433104,59343200
2006-06-19,14.845641610166478,14.845641610166478,14.32365859202872,14.340496063232422,93441400
2006-06-20,14.489244215099662,14.612723731365486,14.236671260758294,14.273154258728027,44635400
2006-06-21,14.32085467615252,14.767065957064984,14.309630049811997,14.593071937561035,78507000
2006-06-22,14.593072547913824,14.733390553182227,14.478011826415392,14.654812812805176,35386800
2006-06-23,14.955097018961007,15.084189359338833,14.929839728839982,14.980354309082031,53731800
2006-06-26,14.957903551125703,15.165574731099776,14.840036905860066,15.145930290222168,33053200
2006-06-27,15.246961009166816,15.373246407526052,15.143124873324902,15.173995018005373,48294800
2006-06-28,15.21889524011104,15.471468152777645,15.2104764998694,15.434985160827637,44248000
2006-06-29,15.53039782751856,15.878386973168745,15.53039782751856,15.872774124145508,60785200
2006-06-30,15.934517564052522,16.02151514125901,15.78858666222637,15.926098823547363,22692400
2006-07-03,16.01029054848525,16.144995758601212,15.962582921597908,16.097288131713867,7662000
2006-07-05,16.004672728199147,16.209536905216613,15.82787279699734,16.17024803161621,32829800
2006-07-06,16.150597442803477,16.29372236559103,16.069212766751033,16.12814712524414,33697200
2006-07-07,16.192697997485826,16.33582189160397,15.858740460307786,15.909255027770996,39374600
2006-07-10,15.917678474710796,16.119735720211064,15.83909964594912,15.9569673538208,29220400
2006-07-11,16.010281947972494,16.293724878478265,15.999056252191,16.248823165893555,25975000
2006-07-12,16.31617121479524,16.344235447395185,16.11972586875967,16.192691802978516,30260400
2006-07-13,16.262853887931946,16.296529902949324,16.010281098948568,16.038345336914062,37032600
2006-07-14,16.164642909462543,16.2544463979174,15.872782107255272,16.226383209228516,35258000
2006-07-17,16.057993648887592,16.13937728230213,15.620201065697303,15.70158576965332,64838800
2006-07-18,15.841899280297318,15.912058266418615,15.50794182121359,15.72122573852539,37958000
2006-07-19,15.67071595907355,15.940126290961675,15.614588538961485,15.88399887084961,45156400
2006-07-20,15.926091888895405,15.937317585042162,15.499525070190431,15.49952507019043,37870600
2006-07-21,15.578105829339036,15.578105829339036,15.224504896333428,15.289051055908203,60833000
2006-07-24,15.294652155613278,15.777346107501067,15.294652155613278,15.749281883239746,45137000
2006-07-25,15.858743375841472,16.04957598344336,15.754908332762732,16.02431869506836,38077800
2006-07-26,15.928899674136376,16.436851244569453,15.906449349711265,16.347047805786133,39309400
2006-07-27,16.532273460931858,16.5519179033018,16.167446726222032,16.206735610961914,34664600
2006-07-28,16.119734710724234,16.25724684953932,15.956966354527228,16.212345123291016,29452600
2006-07-31,16.33301647987294,16.54349349360702,16.209535946669085,16.45930290222168,31043000
2006-08-01,16.428432118850374,16.52104144454728,16.274082528994594,16.478946685791016,22086000
2006-08-02,16.658547913966697,16.804478716727335,16.397556430063766,16.512617111206055,35554600
2006-08-03,16.276890704643165,16.543495163051666,16.26285911641989,16.3695011138916,23421000
2006-08-04,16.4172028666421,16.509813242826514,16.088859323169025,16.231983184814453,33659400
2006-08-07,16.349853825802118,16.501397531415446,16.22076151533511,16.403175354003906,38116200
2006-08-08,16.37510654216952,16.50981273438772,16.285303127718148,16.307754516601562,40603600
2006-08-09,16.47333860419409,16.655751419340195,16.405985471935622,16.445274353027344,37053200
2006-08-10,16.349852909901394,16.389142849206472,16.178665848936912,16.310564041137695,35670800
2006-08-11,16.290918836968267,16.366690681949862,16.18427686211921,16.31898307800293,16322600
2006-08-14,16.19830856823261,16.19830856823261,15.676325491545336,15.982218742370604,33443400
2006-08-15,16.122535740808022,16.18708188164057,15.928896247769172,16.063602447509766,33198800
2006-08-16,16.00747680256494,16.248823920367087,15.8811903955125,15.996251106262209,44679200
2006-08-17,15.839097148868252,15.920481854503675,15.752100664708973,15.88399887084961,69987200
2006-08-18,15.99625528527704,16.13657331409526,15.79980983082321,16.13096046447754,27279600
2006-08-21,16.260050651509136,16.31056522087083,16.173054170251802,16.237600326538086,24737000
2006-08-22,16.22076138545289,16.347047805786133,16.19550410138624,16.347047805786133,13917800
2006-08-23,16.271273577775393,16.316175290610836,15.987831716228133,16.004669189453125,24303600
2006-08-24,16.052382656622576,16.243215260813276,15.985029531979318,16.212345123291016,21704600
2006-08-25,16.361082912874036,16.487369360381035,16.29373085456475,16.338632583618164,26378800
2006-08-28,16.136566026604623,16.23478817420229,16.072019890963137,16.102890014648438,35186400
2006-08-29,16.018709660991572,16.018709660991572,15.841908612068654,16.00187110900879,26977000
2006-08-30,15.942939994540389,16.004679219291663,15.594950699081226,15.732462882995604,39981000
2006-08-31,15.710004372836831,15.799807814174876,15.58652490863239,15.623006820678713,21933000
2006-09-01,15.71561425133089,15.855932235717772,15.662293802658729,15.855932235717772,17497000
2006-09-05,15.799803966104076,16.0720211835406,15.782966494042403,16.063602447509766,33220400
2006-09-06,15.892423018847254,15.9120674606688,15.502339001902564,15.519176483154297,34454000
2006-09-07,15.434978104257368,15.600553366742869,15.36481911287438,15.53320026397705,50465600
2006-09-08,15.4658538040062,15.592140248104071,15.140316009521484,15.140316009521484,33601600
2006-09-11,14.955097756632313,14.999999489002091,14.62955992931597,14.67165470123291,88824200
2006-09-12,14.699715055492398,14.82880736800958,14.497656778132315,14.579041481018066,50193000
2006-09-13,14.705335379217756,14.977551729540624,14.696915566353583,14.882135391235352,45052000
2006-09-14,14.873707619521422,14.96070516269087,14.506074083530818,14.550975799560549,61271400
2006-09-15,14.609271099854892,14.674038362695953,14.479735499964113,14.600822448730469,61135400
2006-09-18,14.685296627464504,15.028844532885802,14.628976964117465,14.952813148498535,66620800
2006-09-19,14.95281669511286,15.026032597092344,14.564213181683858,14.7275390625,52592800
2006-09-20,14.586739414465685,14.719090484578675,14.291062474659244,14.33330249786377,58647400
2006-09-21,14.403699144111789,14.668400160946447,14.372723276078414,14.516337394714355,47660800
2006-09-22,14.61770965687083,14.65431759126454,14.350192119454634,14.454383850097656,48575000
2006-09-25,14.276986512434725,14.57547902958512,14.127739179650838,14.47410488128662,69880800
2006-09-26,14.361465195261962,14.806389534578472,14.361465195261962,14.792308807373049,62279800
2006-09-27,14.964082293449671,15.085169234111405,14.721908412126206,15.037298202514648,70352200
2006-09-28,15.034482145288278,15.197809121742914,14.95000315625009,14.989426612854004,48496200
2006-09-29,14.896498038057368,15.135855320417791,14.859890087201704,15.051376342773438,33727800
2006-10-02,14.986605872502016,15.155563791508175,14.871151043865876,14.879598617553713,29895400
2006-10-03,14.64305908733558,14.693746685497644,14.333302497863768,14.33330249786377,68121000
2006-10-04,14.412153061865771,14.603639353813248,14.136187776225864,14.544504165649414,75332400
2006-10-05,14.812016185700385,14.87678450403678,14.65150582542472,14.823280334472656,62842800
2006-10-06,14.699381150057238,14.842995318726532,14.575477634757329,14.837363243103027,51216400
2006-10-09,14.964080646344636,14.99224102142715,14.61208401437677,14.614900588989258,40557200
2006-10-10,14.530424144615544,14.921845398855451,14.530424144615544,14.888052940368652,53543600
2006-10-11,14.8063906091525,14.871157877005013,14.620535308955631,14.651511192321776,43451400
2006-10-12,14.741619091444214,14.995057106018065,14.735988090416807,14.995057106018066,46280400
2006-10-13,15.102063930466388,15.316077411918007,15.05700840414981,15.20062255859375,54467400
2006-10-16,15.178100093879696,15.558256149291992,15.15275628523829,15.558256149291992,56224600
2006-10-17,15.516007756733591,15.524456404538071,15.282282602168952,15.389289855957031,45572600
2006-10-18,15.369582271292735,15.51601193267574,15.17246393206534,15.29073429107666,57421600
2006-10-19,15.363954871910003,15.606127738952637,15.290738944727115,15.606127738952637,37268800
2006-10-20,15.67089041859287,15.67089041859287,15.347053088869126,15.403372764587402,55108600
2006-10-23,15.30481574315045,15.499118604687329,15.22596882786514,15.43153476715088,38240800
2006-10-24,15.406187010159144,15.752551537434034,15.347051838865273,15.713128089904783,35451000
2006-10-25,15.676522167950964,16.09047056890713,15.617386989016804,15.983463287353516,59867600
2006-10-26,16.169308861846257,16.17775750734291,15.831393119802664,15.946847915649414,40829800
2006-10-27,15.932765227570332,16.051035499844208,15.766622887322931,15.817309379577637,42041200
2006-10-30,15.600491312619145,15.744105467229094,15.501931610169368,15.532907485961914,77003400
2006-10-31,15.53009355966892,15.732842911774432,15.33297520899783,15.693419456481934,61219400
2006-11-01,15.662441989995749,15.775081343021638,15.414637132072365,15.532907485961914,55034800
2006-11-02,15.442794431271857,15.693415831345826,15.409003059428084,15.594857215881348,36178000
2006-11-03,15.696234165662942,15.977831469089768,15.693417591071936,15.938406944274902,63797000
2006-11-06,15.882090054128112,16.107367706299797,15.825770372533048,16.053863525390625,38969600
2006-11-07,16.053859801231056,16.093284321147944,15.81731805277138,15.929957389831545,62714000
2006-11-08,15.8285788875082,16.222815410474585,15.8285788875082,16.197471618652344,46124400
2006-11-09,16.32419212087728,16.501597606194867,16.231264517341987,16.332639694213867,41382200
2006-11-10,16.296039084028102,16.318567388671678,16.07639348479667,16.17776870727539,34595600
2006-11-13,16.053857879886028,16.29884824753989,15.997539292304554,16.149600982666016,37889000
2006-11-14,16.256614035253385,16.27632576278441,16.121447443236953,16.245349884033203,33182600
2006-11-15,16.329830492609677,16.470629164966617,16.205926973442054,16.39741325378418,34606200
2006-11-16,16.507225678097797,16.507225678097797,15.910239983051776,15.946847915649414,69076600
2006-11-17,15.77789555002221,16.10736493237837,15.746919676768988,16.079204559326172,50567000
2006-11-20,16.005994256551602,16.177768820935302,15.913066610557,16.036970138549805,52260200
2006-11-21,16.070754178697577,16.349535915095252,16.070754178697577,16.332639694213867,27773000
2006-11-22,16.25098570680317,16.37207267481896,16.065131465650147,16.236906051635742,37745000
2006-11-24,16.174947461189813,16.34390647459964,16.143972662562636,16.203107833862305,9024000
2006-11-27,16.259425995747343,16.33264080948304,16.05949112806055,16.12989044189453,26066000
2006-11-28,16.189027982452078,16.459361111481666,16.186211408115813,16.388961791992188,35626600
2006-11-29,16.45936443280304,16.988767722970106,16.439652705305043,16.90991973876953,56393200
2006-11-30,16.90991142457486,17.129557968171138,16.839512125493194,17.039445877075195,52887400
2006-12-01,16.92681630133284,17.109853928046217,16.749409676123232,17.098590850830078,44489400
2006-12-04,16.98031078207536,17.08450144429643,16.904279409900617,17.073238372802734,36796400
2006-12-05,17.17744086263423,17.253472287160786,16.966242819241188,17.140832901000977,45401600
2006-12-06,17.07887498685324,17.290072940981474,17.028187391925794,17.092954635620117,40079000
2006-12-07,17.022553016061583,17.115479544725638,16.90428161915219,16.9915771484375,34637400
2006-12-08,17.07043480889232,17.168994547584337,16.943715758693372,16.97187614440918,28623800
2006-12-11,16.898650595295468,17.053529943036867,16.839515430271444,16.92962646484375,36886000
2006-12-12,16.980317418536764,17.095772271583105,16.853598415386276,16.969053268432617,37962000
2006-12-13,16.980322473958967,17.194337092820845,16.95497866578345,17.140832901000977,39544600
2006-12-14,17.233757314194104,17.495642924679775,17.152093828298874,17.388635635375977,45614200
2006-12-15,17.477318600063395,17.477318600063395,17.2118253571785,17.231595993041992,36120600
2006-12-18,17.257018196730304,17.257018196730304,16.728857699163846,16.734506607055664,71225000
2006-12-19,16.644118986056537,17.045181574916434,16.522670212828587,17.01976203918457,40950200
2006-12-20,17.056481250312864,17.056481250312864,16.754271779919357,16.788164138793945,35164400
2006-12-21,16.80511665293973,16.895497026056134,16.550921180162945,16.709087371826172,48419600
2006-12-22,16.610234522321,16.776873540750625,16.548097610473633,16.548097610473633,23659000
2006-12-26,16.522677094199548,16.71755956436286,16.435120639675684,16.567867279052734,20251600
2006-12-27,16.54810127153859,16.762754440307617,16.49161325530907,16.762754440307617,18653800
2006-12-28,16.805114805508417,16.84748107212012,16.672368175716063,16.726032257080078,24348400
2006-12-29,16.663898858668365,16.720386866893442,16.559396743774414,16.559396743774414,16129400
2007-01-03,16.469018472319895,16.491613032054254,15.861774191556862,15.980399131774902,94931000
2007-01-04,15.782689014341642,15.88436720993126,15.616049988774012,15.689483642578123,101763800
2007-01-05,15.697960950863452,15.83918045818355,15.587808830121531,15.793989181518556,76607000
2007-01-08,15.952155417588028,16.01429234558306,15.64429684853344,15.793989181518556,65947600
2007-01-09,15.573683372044782,15.77139085051558,15.477654086925767,15.658414840698242,74036200
2007-01-10,15.562378519747334,15.582149150914102,15.299710331481892,15.35619831085205,76061200
2007-01-11,15.407040688075876,15.74031865265986,15.22063107037796,15.268646240234377,97682800
2007-01-12,15.32231288149124,15.703605029141364,15.308191149618844,15.658414840698242,63076600
2007-01-16,15.54826417717736,15.712079287394724,15.415518601656125,15.497425079345703,62727000
2007-01-17,15.472002712346915,15.737495969870444,15.46917879739022,15.669710159301758,72263600
2007-01-18,15.745972656891288,15.842001950272236,15.452235868029666,15.553914070129396,62343000
2007-01-19,15.66124276020508,15.986046963644032,15.627350381893905,15.980399131774902,62563400
2007-01-22,16.070770702818464,16.073594617202723,15.78833185797047,15.870238304138184,63137800
2007-01-23,15.994512641775923,16.35603403098262,15.994512641775923,16.28260040283203,72533000
2007-01-24,16.237412453386142,16.358860186305993,16.042528927418996,16.353212356567383,43948600
2007-01-25,16.29672776887243,16.32779622602331,15.909786705763947,16.017112731933594,44287400
2007-01-26,16.12725796717097,16.178097046563504,15.97756572085891,16.05664825439453,27642800
2007-01-29,16.06229720546495,16.18374599797234,15.909781044281075,15.97756576538086,39899600
2007-01-30,16.045356403804288,16.344740987568713,16.0086390403056,16.30237579345703,43022200
2007-01-31,16.274130875576073,16.457716611389476,16.183750503999356,16.406877517700195,55691600
2007-02-01,16.40969282941777,16.57350784040003,16.316488591466637,16.4661808013916,46168400
2007-02-02,16.559396743774414,16.644128217402457,16.370162077833275,16.559396743774414,36886000
2007-02-05,16.593285224206113,16.69213840734021,16.491607048743102,16.54244613647461,26218800
2007-02-06,16.64129994248413,16.6469488499345,16.3927544791815,16.491607666015625,38592800
2007-02-07,16.548089000402758,16.624347604150607,16.29954255975256,16.39274787902832,39181600
2007-02-08,16.389932719099182,16.590465202169163,16.305201245471135,16.559396743774414,49711600
2007-02-09,16.57916411536794,16.638476027468414,16.415349031564045,16.491607666015625,38082400
2007-02-12,16.324966553323335,16.39275235653144,16.195044931044826,16.26283073425293,37392800
2007-02-13,16.327793283757643,16.502905101012193,16.322144376437315,16.500080108642578,30053600
2007-02-14,16.4690144293255,16.67519471935029,16.415350342969298,16.502906799316406,47036000
2007-02-15,16.45488531098227,16.497251565289172,16.245881185862014,16.37862777709961,49922200
2007-02-16,16.381458282470703,16.404053914504214,16.308024633199864,16.381458282470703,32549200
2007-02-20,16.20351534569921,16.243056609439694,16.132905638328737,16.197866439819336,32566800
2007-02-21,16.197864345184943,16.401220620888758,16.101835112482416,16.37580108642578,40853400
2007-02-22,16.378629314388437,16.581984552860003,16.296721789663888,16.522672653198242,43117200
2007-02-23,16.66672343636634,16.67237234515518,16.525503948902937,16.565046310424805,33278800
2007-02-26,16.71191257356086,16.813590770498532,16.621532193487173,16.663898468017578,42328000
2007-02-27,16.41534848015826,16.63565155364674,15.943676036795148,16.000164031982422,104771600
2007-02-28,16.070770263671875,16.291072211859404,16.02275510110205,16.070770263671875,65250400
2007-03-01,15.906957717014391,16.231762861648278,15.548260208283898,16.019933700561523,63812400
2007-03-02,16.045356984993436,16.08207327240301,15.737498489320304,15.830702781677246,67580200
2007-03-05,15.576507880162255,15.8900141966825,15.517194884273358,15.647117614746094,72762400
2007-03-06,15.875891134962467,15.986042139296336,15.782686853379564,15.943676948547363,43864200
2007-03-07,15.98039214405094,16.446415643664842,15.906957432831588,16.141382217407227,88860200
2007-03-08,16.361682937366314,16.370155758232492,16.17244834447806,16.28260040283203,46413800
2007-03-09,16.299555298296692,16.392760690414995,16.16680969388185,16.211999893188477,43495600
2007-03-12,16.099017449245295,16.260007537544233,16.08489571959816,16.18939781188965,42803200
2007-03-13,16.183751126827563,16.387107509410807,15.943678457603829,15.971921920776367,62941200
2007-03-14,16.04252824319116,16.203518319347033,15.873065345369872,16.15550422668457,75853600
2007-03-15,16.152679443359375,16.27130433530307,16.09054362131157,16.152679443359375,41611800
2007-03-16,16.24533753407164,16.256671327593637,15.942135587104287,15.978973388671877,56097000
2007-03-19,16.137664481553536,16.313350778439226,16.100826666077115,16.2340087890625,43157600
2007-03-20,16.251006846021287,16.404024436406274,16.197167803902122,16.35018539428711,48250600
2007-03-21,16.472032929692485,16.741230307343233,16.3955241330368,16.644886016845703,48850800
2007-03-22,16.73273181952586,17.052935123045685,16.73273181952586,16.979259490966797,67233000
2007-03-23,17.055770226248036,17.120944166005934,16.950925286720434,17.064271926879883,29860400
2007-03-26,17.200285170430696,17.285294599812836,16.936755182678578,17.18328285217285,38024600
2007-03-27,17.140783892618924,17.214458465576172,17.05010591527742,17.214458465576172,34342000
2007-03-28,17.32496587818962,17.32496587818962,17.084105644174723,17.211620330810547,37145200
2007-03-29,17.265458738608654,17.330632669127127,17.140778316871593,17.319297790527344,46594200
2007-03-30,17.245620783962256,17.271123716700735,16.97359022205407,17.081268310546875,42370600
2007-04-02,17.07560005782401,17.29945900330359,17.05576456452362,17.24845314025879,35790800
2007-04-03,17.180453796369232,17.373142459057274,17.12378046952796,17.35614013671875,32316200
2007-04-04,17.242789152269864,17.421309708648113,17.177615221105572,17.384471893310547,31624800
2007-04-05,17.4298174036285,17.51766112788113,17.358976004346886,17.497825622558594,24371800
2007-04-09,17.466647444204128,17.656502871703818,17.40430669473356,17.43264389038086,39235200
2007-04-10,17.46948245147469,17.741513055603498,17.443979514778018,17.69617462158203,34376800
2007-04-11,17.701830361039544,17.78683973352419,17.54031222903287,17.588483810424805,49695000
2007-04-12,17.611165053031804,17.86336015783272,17.56299235923025,17.85769271850586,33672200
2007-04-13,17.888859709683274,17.90019350523907,17.767012489593558,17.86618995666504,26788600
2007-04-16,17.905864885513726,17.99937601587067,17.733012844985822,17.971038818359375,28336000
2007-04-17,18.01354593770003,18.061718637976053,17.77551885874837,17.869029998779297,29040600
2007-04-18,17.786850904694692,17.818021279738183,17.68483916126272,17.806686401367188,31142400
2007-04-19,17.670670070988816,17.69900618430667,17.523319903638438,17.557323455810547,32242400
2007-04-20,17.72167190696572,17.954031442347162,17.72167190696572,17.880355834960938,36407800
2007-04-23,17.886031829923315,18.07588729583476,17.85202826922041,17.90019989013672,40033600
2007-04-24,17.88319515970863,17.922866152944408,17.75284730166151,17.846357345581055,42760600
2007-04-25,17.917192228584142,18.296901867901973,17.90869161338287,18.180723190307617,57692600
2007-04-26,18.166561560852923,18.26573904901065,18.033379435938063,18.17506217956543,38278600
2007-04-27,18.132550332578617,18.30256803965647,18.04470667955588,18.17222023010254,28250400
2007-04-30,18.17506259257357,18.347915716679417,17.956871032714844,17.956871032714844,35122000
2007-05-01,17.976699646684448,18.09571367055575,17.84635182893035,18.03620719909668,53459200
2007-05-02,18.095713089227324,18.251564910832155,18.04470723505722,18.186389923095703,33324400
2007-05-03,18.112721224729068,18.427257085031155,18.09571998749341,18.3337459564209,34106600
2007-05-04,18.41874798275391,18.62843773907002,18.285565920665945,18.31957054138184,40888800
2007-05-07,18.254394066555847,18.40174524903959,18.234558579902945,18.36774063110352,22546800
2007-05-08,18.30540757604663,18.4130878303048,18.13538873899987,18.370582580566406,30772400
2007-05-09,18.350752369101663,18.4414292524278,18.149563101781403,18.36208724975586,44234400
2007-05-10,18.435754615256528,18.45559010934427,18.039043652548287,18.064546585083008,41594400
2007-05-11,18.09288100225142,18.489593008767194,18.07304551002096,18.47825813293457,42647800
2007-05-14,18.47258999098531,18.59726928928352,18.41874987645949,18.483924865722656,33049600
2007-05-15,18.51226789546026,18.702122254029824,18.46126202101844,18.5462703704834,32117600
2007-05-16,18.526432440702724,18.63127843604372,18.32807748941632,18.61710929870605,34880800
2007-05-17,18.67378591849557,19.01098937599323,18.52076829696503,18.91464614868164,37547000
2007-05-18,18.98548637923095,19.22634659494428,18.96848514294037,19.220680236816406,42464600
2007-05-21,19.28868151653312,19.55787776537217,19.246176276741085,19.382192611694336,90720000
2007-05-22,19.362356263517785,19.51253956381022,19.20083808898925,19.20083808898925,50212000
2007-05-23,19.27451340466332,19.492705971609137,19.24051094055176,19.24051094055176,49737000
2007-05-24,19.28585291275231,19.455873921777386,18.86930533207337,18.889142990112305,56356600
2007-05-25,19.096000998897683,19.223514609981848,19.047829382435417,19.1838436126709,26041600
2007-05-29,19.09883689582755,19.20368075688745,18.923149491319275,19.056331634521484,41121800
2007-05-30,18.97698703135676,19.48137725287141,18.93448177587816,19.45587539672852,38506000
2007-05-31,19.50687629369021,19.572051297605302,19.2801852337,19.35386085510254,33403000
2007-06-01,19.450202856178425,19.60322044713011,19.441702239221108,19.529544830322266,23829800
2007-06-04,19.475707667776444,19.8554163201552,19.45020365395176,19.835580825805664,35336000
2007-06-05,19.71939857788368,19.824244561771017,19.61172049636364,19.764738082885746,30652000
2007-06-06,19.696728752093367,19.696728752093367,19.410529104489022,19.512540817260746,37970800
2007-06-07,19.47854311254083,19.62306011729461,19.10166865514256,19.166841506958008,40308600
2007-06-08,19.03082152340381,19.285848656849456,18.925975545896147,19.246177673339844,41979200
2007-06-11,19.285851546308976,19.54654939945319,19.198008949934945,19.393531799316406,27590200
2007-06-12,19.36802638832689,19.467203854808,19.155502319335938,19.155502319335938,41113800
2007-06-13,19.25184459151406,19.577713048692893,19.212173611302617,19.538042068481445,50487400
2007-06-14,19.589047879697706,19.95742373730528,19.58338152335424,19.86674690246582,38401000
2007-06-15,20.038117326665024,20.231365454369715,20.01253925260908,20.17168617248535,32450400
2007-06-18,20.197260443308345,20.296725905063496,20.1461064675222,20.19441795349121,23275600
2007-06-19,20.17168835912992,20.305255051244465,20.06938038818504,20.2171573638916,22868400
2007-06-20,20.20863553688606,20.271157326348856,19.552161083897207,19.628890991210938,59250800
2007-06-21,19.75961392653487,20.04095976170846,19.68572435480776,20.02106666564941,45713400
2007-06-22,19.97844037333984,20.04380247475225,19.60899467878444,19.82213592529297,39709200
2007-06-25,19.694253369128703,19.932970540543582,19.56636731171214,19.662992477416992,49853400
2007-06-26,19.674365467105403,19.72551946994374,19.213979441560348,19.23955535888672,51648000
2007-06-27,19.168508508558045,19.62036923434776,19.02641429524573,19.537954330444336,47399800
2007-06-28,19.665838255151176,19.80224965393268,19.4697497151464,19.537954330444336,34510600
2007-06-29,19.6516189291742,19.850549847104723,19.50383981741061,19.60614776611328,36467200
2007-07-02,19.640256943442303,19.952863693237305,19.640256943442303,19.952863693237305,32160000
2007-07-03,19.96707915178954,20.11485617733873,19.93013326926305,20.10633087158203,10600800
2007-07-05,20.12053187225467,20.222839830480527,19.853394184866648,20.05801010131836,33578600
2007-07-06,20.17736958337257,20.33651433978852,20.13474090413696,20.33083152770996,23052400
2007-07-09,20.313787731809544,20.58660833489948,20.2626337332186,20.521244049072266,38314400
2007-07-10,20.40756387754092,20.65196602191021,20.291047786305302,20.339359283447266,58750800
2007-07-11,20.2626264246636,20.47008266709864,20.19726216241272,20.41608619689941,55289800
2007-07-12,20.575234626241706,20.85942294381912,20.575234626241706,20.811111450195312,62177400
2007-07-13,20.79406331394138,21.12088038567399,20.751434623161423,21.015729904174805,50968000
2007-07-16,21.052662765187023,21.052662765187023,20.51270474157773,20.745738983154297,52113000
2007-07-17,20.839533623146416,20.95889221778495,20.47008787610121,20.475772857666016,49148800
2007-07-18,20.48429448607039,20.9844643647615,20.42461519946014,20.938995361328125,74638400
2007-07-19,21.03277537073692,21.16634421026789,20.995829506416293,21.129398345947266,37691800
2007-07-20,21.11518745545795,21.23738848744668,20.86794290194096,21.029930114746094,40165600
2007-07-23,21.04414913731149,21.211819230672045,20.859426267813223,21.115196228027344,30433600
2007-07-24,20.930476875568846,20.930476875568846,20.396201275970423,20.504194259643555,50225400
2007-07-25,20.634914458303687,20.86226598565033,20.1887388746384,20.831005096435547,65361000
2007-07-26,20.51839764344744,20.56386881938005,19.66014979547684,20.046646118164062,79532200
2007-07-27,20.077905191951107,20.17452817978329,19.46689987182617,19.46689987182617,85094800
2007-07-30,19.662992502895584,19.92444526283686,19.35606856652016,19.802244186401367,64797800
2007-07-31,20.07791053764231,20.171693228343983,19.608999252319336,19.608999252319336,45528200
2007-08-01,19.51521547148732,19.94149804011667,19.100300698203647,19.557844161987305,86169000
2007-08-02,19.606147125114067,19.75108374240172,19.177024420724383,19.424266815185547,68290800
2007-08-03,19.407223188381096,19.657308162363893,18.759274080373544,18.79053497314453,68139400
2007-08-06,18.671166153595767,18.95819687775093,18.253411269837315,18.89851760864257,109071600
2007-08-07,18.75358073014877,19.50667997487344,18.68821865129407,19.34185028076172,62339200
2007-08-08,19.509528894414565,19.91875860699016,19.370277222616576,19.708459854125977,60435200
2007-08-09,19.21112602334981,19.677194598259828,19.125870845901023,19.142921447753903,65071200
2007-08-10,19.00935670786013,19.44984947476089,18.651278814620127,19.2452335357666,55367600
2007-08-13,19.51237126225797,19.72835282625028,19.202604863297825,19.267969131469727,39376800
2007-08-14,19.43563943206416,19.489635907796583,19.04061783257449,19.14008331298828,40611000
2007-08-15,19.151451795546333,19.316281550842024,18.58307512336942,18.614336013793945,52163800
2007-08-16,18.28183022705911,18.60011967218194,17.827128386945642,18.50065422058105,84094800
2007-08-17,19.083245174158407,19.23102213922,18.70527420696022,19.182710647583008,61897400
2007-08-20,19.09461430830692,19.299230249835205,18.74221922314826,19.14008331298828,65976200
2007-08-21,19.057668915717844,19.208288385286856,18.756429976579827,18.870105743408203,40832600
2007-08-22,19.097450256347656,19.174182300938305,18.938305524136474,19.097450256347656,36239000
2007-08-23,19.194079560532977,19.341856534221645,19.023567000681485,19.267969131469727,35967000
2007-08-24,19.353225246827883,19.751089350841536,19.3105965627934,19.680042266845703,31269000
2007-08-27,19.586259262744434,19.594784565769466,19.373118014379205,19.4384822845459,21383400
2007-08-28,19.324799726964827,19.39584678478456,18.96956443786621,18.96956443786621,39279000
2007-08-29,19.108821488945043,19.68004060307178,19.08608807180884,19.597625732421875,54728000
2007-08-30,19.4839480714522,19.71414205602581,19.3873250955502,19.58625602722168,33744400
2007-08-31,19.81928963416677,19.97843654207257,19.58909782590064,19.844867706298828,26635400
2007-09-04,19.779501475267747,20.342195155987653,19.725507182927693,20.20578384399414,31791600
2007-09-05,20.177371687653974,20.200107274708667,20.001174140257465,20.09779930114746,32728600
2007-09-06,20.29104265882728,20.53260225168076,20.185892219690963,20.40471839904785,36015000
2007-09-07,20.166006338277416,20.19726723222026,19.915921354919845,19.96707534790039,40178600
2007-09-10,20.04380470014956,20.069382780026565,19.546475069746126,19.9358139038086,61778000
2007-09-11,19.950019390453114,20.32230756763393,19.802242416619425,20.276836395263672,54152400
2007-09-12,20.22000665501826,20.54398128258062,20.22000665501826,20.41893768310547,48045600
2007-09-13,20.450192616812764,20.671859174350864,20.42461670702835,20.546817779541016,30474800
2007-09-14,20.41040292262152,20.7343774001088,20.404720110816736,20.60365104675293,28053400
2007-09-17,20.561017233583183,20.78836867630637,20.50418045699441,20.64627456665039,26959800
2007-09-18,20.71449067376881,21.31412832407426,20.538293099076444,21.271499633789062,37287000
2007-09-19,21.40505521981464,21.606828582410653,21.31695757129377,21.45620918273925,38740600
2007-09-20,21.41074617734825,21.52442193468085,21.294230098016264,21.442007064819336,32586000
2007-09-21,21.67793920437797,21.74062549476321,21.555416593322256,21.56966209411621,24444400
2007-09-24,21.59815038287381,21.635191281497058,21.384448375815914,21.52976417541504,35679600
2007-09-25,21.25053280956332,21.267628278269243,21.05107625447217,21.176448822021484,34937800
2007-09-26,21.381598414825497,21.46138014966725,20.996935236758937,21.23628044128418,41332000
2007-09-27,21.44428647765585,21.535465921368218,21.33316159856545,21.512670516967773,25186200
2007-09-28,21.6067048105955,21.683636600463903,21.261932393240965,21.313220977783203,34826000
2007-10-01,21.298970556802445,21.695031507626464,21.27902511949079,21.68363380432129,38886800
2007-10-02,21.51837153717499,21.538316975571068,21.15935364604556,21.34456253051757,43783000
2007-10-03,21.202100845514984,21.327471278476352,21.068180501630668,21.21919631958008,43850800
2007-10-04,21.128009969377725,21.3816028970956,20.94280108958981,21.29897117614746,31124600
2007-10-05,21.40153884887696,21.44997743744514,21.10805517546077,21.40153884887696,32311200
2007-10-08,21.236278493162388,21.318910189208,21.125153633557023,21.18498992919922,26189000
2007-10-09,21.28472314601836,21.6152500242654,21.276175411906745,21.61240005493164,35899200
2007-10-10,21.293270661410773,21.94007449855823,21.293270661410773,21.89163589477539,43909800
2007-10-11,22.05405586480144,22.25066030705641,21.563965396311843,21.78336524963379,64721400
2007-10-12,21.809012588908853,22.05975561149097,21.794764912240108,21.98852157592773,27868600
2007-10-15,22.18227719461228,22.3418429050022,22.079700014322384,22.168031692504883,37512800
2007-10-16,22.13953774134242,22.336144378319613,22.10819459127677,22.22501945495605,40045600
2007-10-17,22.336135313306904,22.36747845065209,21.89163580025065,22.0825424194336,46440800
2007-10-18,22.082546399370187,22.273453052960228,22.014162348241925,22.253507614135746,42443800
2007-10-19,22.06829524877449,22.071145217840336,21.1992416381836,21.1992416381836,66866800
2007-10-22,20.968442037310453,21.07386915419368,20.70630140352938,20.957046508789062,62531000
2007-10-23,21.11661892078622,21.341718747299147,20.89151909427329,21.256237030029297,42582400
2007-10-24,21.210648187322587,21.48133666646464,20.996946069929272,21.39585494995117,46342600
2007-10-25,21.552565158564327,21.729226312742323,21.3531107698874,21.5981559753418,40123200
2007-10-26,21.911581528949107,22.062597279695208,21.774811275621087,21.925827026367188,31556000
2007-10-29,21.940072472341228,22.125281311106363,21.940072472341228,22.03125190734864,19328800
2007-10-30,21.885932798642585,21.885932798642585,21.281869888305664,21.281869888305664,49539800
2007-10-31,21.51267277794124,21.92013143539293,21.39015018377354,21.85459518432617,58567800
2007-11-01,21.53261096915969,21.87168546600537,21.19638644067686,21.21348190307617,44493000
2007-11-02,21.2989708187975,21.62094778904326,21.13085958422988,21.61240005493164,56069200
2007-11-05,21.36165351339749,21.5981509289208,21.19639010202776,21.43858528137207,47670600
2007-11-06,21.65798808897526,22.15377616882324,21.65798808897526,22.15377616882324,36266200
2007-11-07,22.13953222072844,22.13953222072844,21.24198532104492,21.24198532104492,59806600
2007-11-08,21.589604648040883,21.985667777626432,21.26192991301726,21.61240005493164,74325400
2007-11-09,21.33885442437486,21.56965186232116,21.19638644067686,21.21348190307617,56925800
2007-11-12,20.874418262968486,21.016886305926985,20.187721252441406,20.187721252441406,63528400
2007-11-13,20.35868725056622,20.900066375732425,20.1364373991767,20.900066375732425,56002800
2007-11-14,21.113760458386302,21.23628304445201,20.69775409436749,20.868715286254883,44226400
2007-11-15,20.674959244647788,20.825975004437847,20.113634874190726,20.173473358154297,58108600
2007-11-16,20.42706664785102,20.75474137470444,20.36438036740928,20.70345497131348,50881800
2007-11-19,20.615129409353788,20.734802067088484,20.293152351956085,20.358686447143555,35531000
2007-11-20,20.626515442037054,21.14509883927856,20.51539058362023,21.014028549194336,56381200
2007-11-21,20.83168012557585,21.00264136459073,20.552441768535807,20.558141708374023,39537400
2007-11-23,20.586632003150253,21.09951782226562,20.586632003150253,21.099517822265625,13740200
2007-11-26,21.09666293799348,21.15934920949173,20.37007522583008,20.37007522583008,50628600
2007-11-27,20.11648439977646,20.321638700585737,19.834398323108456,20.14497756958008,57528000
2007-11-28,20.50114391087469,20.703450379756813,20.27604638850392,20.643611907958984,45945800
2007-11-29,20.7291006342136,20.99978905129,20.649318876502235,20.87156867980957,39496800
2007-11-30,20.848770101359687,21.0140335308613,20.61512262905688,20.93425178527832,34133800
2007-12-03,20.76613346370888,21.122303439118955,20.76613346370888,21.014028549194336,39093200
2007-12-04,20.971290383528007,20.985538053911377,20.800329208374023,20.800329208374023,29133400
2007-12-05,21.085273489403413,21.38445729360641,21.04823257533329,21.25908470153809,48980200
2007-12-06,21.26762339963349,21.840345382690423,21.17929393306208,21.84034538269043,42270000
2007-12-07,21.740623547024697,21.85744620818476,21.57251013115371,21.706430435180664,24755400
2007-12-10,21.826099848882915,21.968567866400285,21.74916807593489,21.925827026367188,22776400
2007-12-11,21.92297790484978,22.10248681346096,21.373051303548408,21.38444900512696,40003600
2007-12-12,21.86884039601972,22.153776427238217,21.737770082525937,22.0825424194336,48037600
2007-12-13,21.94292779928473,22.159477651625384,21.77481438419188,22.13668441772461,30835600
2007-12-14,22.079699071834245,22.091096777367728,21.763419808422704,21.78336524963379,30176200
2007-12-17,21.740625862569832,21.78336453956469,21.236287735130706,21.39300346374512,54364400
2007-12-18,21.618101414209487,21.732074108373567,21.250533606027886,21.5981559753418,41742800
2007-12-19,21.615245740129257,21.934374851679607,21.615245740129257,21.80615234375,33666200
2007-12-20,21.991362976399248,22.0825424194336,21.692179274064067,22.0825424194336,26022400
2007-12-21,22.15652841115696,22.653594970703125,22.11653485066276,22.653594970703125,33735800
2007-12-24,22.73644215225998,22.75644111633301,22.51076508884389,22.756441116333008,38001600
2007-12-26,22.77928924279174,23.024965229460868,22.69930211773401,23.010683059692383,27990600
2007-12-27,23.022121546255256,23.022121546255256,22.71074259953488,22.76787567138672,21799600
2007-12-28,22.893559793373072,22.98497397110097,22.75358231048976,22.959264755249023,20981400
2007-12-31,22.97926392482047,22.97926392482047,22.58218334475289,22.667882919311523,22609800
2008-01-02,22.8392876994012,22.93927382072544,22.64503224976504,22.710737228393555,38591400
2008-01-03,22.873562870546284,23.067818269468614,22.81071521508819,22.97926139831543,29210800
2008-01-04,22.76500994180059,22.779292113368868,22.139392852783207,22.139392852783203,53756000
2008-01-07,22.28222070337091,22.456479270409943,21.77658665407564,22.05368423461914,64817600
2008-01-08,22.247948277180672,22.33650733767445,21.668039321899418,21.66803932189941,45215800
2008-01-09,21.668033396869536,22.09368038596523,21.605185751603283,21.953702926635746,50178400
2008-01-10,21.81087072747337,21.99655637956164,21.23096186254812,21.86229133605957,46105600
2008-01-11,21.70803919414257,22.00513593411992,21.52806807354961,21.59662818908692,57543200
2008-01-14,21.833725505759595,22.062262035474447,21.796589245962423,22.025123596191406,40291200
2008-01-15,21.73660163422995,21.73660163422995,21.11384391784668,21.11384391784668,53263200
2008-01-16,20.996722216562908,21.182407950974085,20.29968747547526,20.41109848022461,87574800
2008-01-17,20.605356272158467,20.899597916714846,19.59694250178016,19.639793395996094,76335400
2008-01-18,19.782610601857343,19.99972000716604,19.17984785175964,19.682626724243164,83086200
2008-01-22,18.22572665427291,19.47124781121049,17.997191112068347,19.12558555603028,80178400
2008-01-23,18.579952434707653,19.319835707873263,17.98861640567461,19.302696228027344,109372800
2008-01-24,19.436961862395904,20.094000702881253,19.41982238205299,19.982589721679688,65186400
2008-01-25,20.276830184131693,20.44537421043314,19.568368581618863,19.62550163269043,62751800
2008-01-28,19.5940798634862,20.12542557643572,19.4683867019994,20.071149826049805,44986000
2008-01-29,20.119709477057697,20.38252497895177,20.045434772788145,20.296825408935547,37258000
2008-01-30,20.19398418614781,20.62820100766402,19.93116650470497,20.042579650878903,49692600
2008-01-31,19.716913809177527,20.22255019543334,19.56836658386508,19.88260269165039,47823800
2008-02-01,20.145421981626743,20.456803021443708,20.05972239762572,20.38252830505371,47327200
2008-02-04,20.41680349864248,20.51107497511874,20.128276637072297,20.396806716918945,34515600
2008-02-05,20.07685679312036,20.111137925729285,19.55408096313477,19.55408096313477,55389400
2008-02-06,19.768338927481484,19.868325048668154,19.23985051036345,19.285558700561523,56930600
2008-02-07,19.145572601626323,19.762619886079925,19.11986338785029,19.665491104125977,51201000
2008-02-08,19.64835694211635,19.95402336120605,19.582654147262428,19.95402336120605,34556400
2008-02-11,19.968303723010827,20.468225479125977,19.7569088478239,20.468225479125977,61999400
2008-02-12,20.531069425086727,20.785315126476046,20.1539857414936,20.45679473876953,52058800
2008-02-13,20.579638566862027,20.95386505126953,20.453943243463915,20.95386505126953,41427000
2008-02-14,20.9967210757614,21.190976541600968,20.77104177136788,20.77389907836914,50669400
2008-02-15,20.919581439924016,20.919581439924016,20.45108138770235,20.81102561950684,42606400
2008-02-19,21.1538290662445,21.522340833251224,21.110978201864384,21.496631622314453,57454200
2008-02-20,21.199536875928978,21.7765905828671,21.110980013566326,21.75373649597168,37282200
2008-02-21,21.70518573176952,21.750891752472203,21.139558741601075,21.15669822692871,57236000
2008-02-22,21.36522648861535,21.47092500961234,20.90244102038148,21.39665031433105,33638000
2008-02-25,21.382368952316263,22.04226720506516,21.373799213102888,22.007986068725582,41729200
2008-02-26,21.82800858859109,22.38220596313477,21.759446336071623,22.38220596313477,33266000
2008-02-27,22.259373860667,22.38506917731257,22.03940923602325,22.090829849243164,31695400
2008-02-28,22.02512386183193,22.57360892437969,22.02512386183193,22.47076988220215,30196200
2008-02-29,22.325081634270934,22.396499040535726,21.639474098231684,21.725175857543945,41564600
2008-03-03,21.739459837944462,22.205102760363264,21.61662180178009,21.996562957763672,47872000
2008-03-04,21.86514116837107,21.98512182090048,21.2366670360781,21.568044662475582,67485000
2008-03-05,21.713751559618053,22.110832214355472,21.668043367669245,22.11083221435547,44337600
2008-03-06,22.01369928589745,22.096543733721365,21.54520130333101,21.66803932189941,46552600
2008-03-07,21.425209593715103,21.50805399901567,20.893864221432164,21.070980072021484,60823600
2008-03-10,21.113836814923275,21.23381749902956,20.785316406977906,20.81102561950684,58049200
2008-03-11,21.282391611052265,21.88229751586914,21.148126509888822,21.88229751586914,67791600
2008-03-12,21.71088639200236,21.836581694865185,21.39665031433105,21.39665031433105,43799400
2008-03-13,21.17668278903356,21.83943605260098,21.0338480151657,21.75373649597168,50412400
2008-03-14,21.950857861791835,21.985139009095167,21.02528867946948,21.356666564941406,56320400
2008-03-17,20.6539157926799,21.085275378782164,20.33396501205662,20.611064910888672,63273000
2008-03-18,21.025287449617583,21.510927200317383,21.00529065973202,21.510927200317383,55044000
2008-03-19,21.345229292073505,21.468067286716035,20.196836471557617,20.196836471557617,87022600
2008-03-20,20.017214952045663,20.48419654801401,19.72499162341764,20.286516189575195,75077400
2008-03-24,20.449808474564463,20.936846431362493,20.386782038854182,20.641759872436523,31195600
2008-03-25,20.70192826245229,20.97696052914535,20.56441103622468,20.84803771972656,43855200
2008-03-26,20.896744410170125,21.449674513527427,20.891013341418606,21.30069732666016,46397800
2008-03-27,21.37518075983441,21.581455469845547,21.08582305908203,21.08582305908203,45120400
2008-03-28,21.25199563816311,21.415296136657627,21.008477657708124,21.02853202819824,35051000
2008-03-31,21.094415788743163,21.47545086507892,20.97408961277237,21.217607498168945,43855600
2008-04-01,21.14313414592923,21.64449570724823,21.01421129013229,21.6158447265625,72571000
2008-04-02,21.610104240882823,22.06849127085925,21.38950623406228,21.916650772094727,42384000
2008-04-03,21.773406883827143,22.19168522746186,21.716109318963976,21.96822166442871,37203800
2008-04-04,21.982544550734307,22.409417260076538,21.982544550734307,22.14870834350586,38562000
2008-04-07,22.42373987454937,22.6414745230463,22.168762033001805,22.266170501708984,35357600
2008-04-08,22.140118022374896,22.558396393924813,22.097143752978493,22.518287658691406,45450200
2008-04-09,22.495358450079912,22.79044714544397,22.44092643807553,22.56125259399414,38980200
2008-04-10,22.55266751136096,22.68158813378804,22.33206728181508,22.518287658691406,29849600
2008-04-11,22.39796269256847,22.56412871102427,22.2031478881836,22.2031478881836,33016600
2008-04-14,22.231800935291645,22.75035345877681,22.231800935291645,22.71310806274414,29866200
2008-04-15,22.87353807297319,22.933703363373404,22.587045849499503,22.83342933654785,28587400
2008-04-16,22.976679789152275,23.606964111328125,22.89646230114652,23.606964111328125,44378200
2008-04-17,23.383491534113787,23.69003806637881,23.320462907445165,23.58690071105957,33158800
2008-04-18,23.48949274971036,24.30313166100215,23.43792407092594,23.94787979125977,47077400
2008-04-21,23.99657968684216,24.25442302236293,23.87625133975824,24.220043182373047,31648600
2008-04-22,24.116899559921585,24.43490589318664,24.09684520493013,24.23149681091309,52607600
2008-04-23,24.182813664341072,24.19427143171952,23.85048158053929,24.042430877685547,43527000
2008-04-24,23.784572579670872,23.850466722741903,23.27748253721057,23.412134170532227,51476000
2008-04-25,23.69289811114608,23.796035452086347,23.452245772793106,23.74446678161621,75227000
2008-04-28,23.836148911429813,24.00518043713157,23.664254037627376,23.78458023071289,26412600
2008-04-29,23.56397741953104,23.69576353551303,23.205862261179508,23.248836517333984,46405400
2008-04-30,23.377760143767947,23.69576662064876,23.231648528123905,23.42073440551757,48948400
2008-05-01,23.12565364144412,23.154302427893896,22.46958615866152,22.90791893005371,112186000
2008-05-02,23.1027299103313,23.455116263990984,23.1027299103313,23.340518951416016,35185800
2008-05-05,23.38636361538665,23.83042751582797,23.38063473162366,23.678586959838867,25992800
2008-05-06,23.764520291465896,24.30885575230671,23.67857396760349,24.30599021911621,42192400
2008-05-07,24.33465100313982,24.35183983769897,23.853343963623047,23.853343963623047,46247000
2008-05-08,23.970796863699324,24.38048071191912,23.85333622272637,24.33177757263184,49814600
2008-05-09,24.369028903094023,24.38335438920387,23.924967248598737,24.285945892333984,39830000
2008-05-12,24.09686048771139,24.21718669397376,23.84761147265749,24.15129470825196,36915400
2008-05-13,24.15129526679787,24.5466537475586,23.919235079911136,24.5466537475586,39394000
2008-05-14,24.43778143921856,24.64405395261298,24.151289287226604,24.265884399414062,49692600
2008-05-15,24.466439066532025,24.695631559565232,24.142701418800986,24.58676528930664,57307000
2008-05-16,24.976392087879248,25.483482360839847,24.93055228303466,25.483482360839844,55097600
2008-05-19,25.4892250001424,25.80723168688349,25.345978823619863,25.64106559753418,45504000
2008-05-20,25.67542860608281,25.896026611328125,25.523585922640795,25.896026611328125,51403800
2008-05-21,25.790028257431064,26.19111779597021,25.449104007570604,25.51213264465332,90144400
2008-05-22,25.466293262477308,25.69262237858244,25.08812361948495,25.139692306518555,74709200
2008-05-23,25.34883118878364,25.40899428937284,24.572435391948414,24.71281814575196,49994000
2008-05-27,24.612546803055952,24.73573635498825,24.360432259442064,24.55238151550293,51455400
2008-05-28,24.42058645554006,25.076653639284924,24.271611522447163,25.070924758911133,52428400
2008-05-29,24.81595930392529,24.953474358912253,24.38622093200684,24.38622093200684,71883800
2008-05-30,24.5752942127732,24.75005458445297,24.457833577736807,24.638322830200195,53572600
2008-06-02,24.51800127226526,25.022225934972905,24.49221583948667,24.784439086914062,50623800
2008-06-03,24.666972941984422,24.99643934180813,24.23723472980434,24.25156021118164,77687800
2008-06-04,24.21145507114241,24.477892889575017,23.89058303833008,23.89058303833008,63250600
2008-06-05,24.10832141967484,25.13682746887207,24.105455885381847,25.13682746887207,69828600
2008-06-06,25.297264241333675,25.70408267463501,24.62687130089987,24.64406013488769,93650000
2008-06-09,24.81022021130568,25.47774745772344,24.81022021130568,25.368881225585938,53569800
2008-06-10,25.2657451132776,25.328773740253634,24.420591902276247,24.74432945251465,55989800
2008-06-11,24.97352158556017,25.156876396938664,24.66124617378678,24.896169662475582,61922800
2008-06-12,24.724276277968187,24.77011389067196,24.449241858697988,24.518001556396484,70576000
2008-06-13,24.44638039421363,24.87898205031544,24.36616292647984,24.81022453308105,33191600
2008-06-16,24.95347225837723,25.09098948755065,24.83887493169308,24.89904022216797,32483800
2008-06-17,24.798763191818608,25.39466746979595,24.798763191818608,25.31158447265625,40344000
2008-06-18,25.25429051551611,25.45483420224189,25.007907022817434,25.40899658203125,42916400
2008-06-19,25.59808068545445,25.669703743995605,24.79876708984375,24.79876708984375,80901400
2008-06-20,25.04809792275519,25.125656336664058,24.47647334589472,24.63158798217773,65453200
2008-06-23,24.59999464312516,25.60823885568951,24.591377527113217,25.605365753173828,65764200
2008-06-24,25.401414103945804,25.444501866717765,25.10554815993147,25.119909286499023,66276000
2008-06-25,25.200337908172028,25.335343001782523,24.436255056728328,25.025115966796875,80067600
2008-06-26,25.10268070854905,25.220453807200503,24.473604928465274,24.84415626525879,64154200
2008-06-27,24.88724366939536,25.177365662101423,24.821177651914887,25.06246566772461,46935600
2008-06-30,25.292250632611733,25.56800914039154,25.208948240959423,25.41576766967773,59832000
2008-07-01,25.32672351371769,25.57663073245936,25.068199182525326,25.52205276489257,63893000
2008-07-02,25.611107192868936,25.898356028007253,24.568392518734647,24.75223159790039,73395400
2008-07-03,24.780946184600666,24.901592312928948,24.01111952502571,24.38741683959961,65181800
2008-07-07,24.2093334723873,24.60573830016878,23.56876974443369,23.77558708190918,79041400
2008-07-08,23.554400300077013,23.617595383234907,22.87074898275884,23.382051467895508,99812800
2008-07-09,23.61185143817893,23.896229339583115,22.85926095432846,22.936817169189453,64659600
2008-07-10,23.02299381028226,23.703772124376105,22.67254989240266,23.64057922363281,75233200
2008-07-11,23.69803302930788,23.830167253517388,23.097683911168915,23.496959686279297,67957800
2008-07-14,23.55439983699743,23.91920482141732,23.34758036583197,23.652063369750977,43191000
2008-07-15,23.560155370109573,23.654948039340027,22.600745032667767,22.655323028564453,65259400
2008-07-16,22.603616812063247,22.68404615402171,21.80793612582732,22.07220458984375,98724200
2008-07-17,22.28764053172473,22.52031362504589,21.270781380160138,21.71027183532715,106995000
2008-07-18,21.833778636896124,22.31348353519916,21.713132493369788,22.08942985534668,79220000
2008-07-21,22.261779070354383,22.75010108947754,21.971657206904727,22.75010108947754,68166200
2008-07-22,22.480091519704185,22.65244036000253,21.92570125252934,21.9946403503418,97812400
2008-07-23,21.980280727773224,22.152631788570687,21.081192628904105,21.19609260559082,111284200
2008-07-24,21.30237017947408,21.489080129764755,20.638824019805075,21.14438247680664,104924400
2008-07-25,21.09842208117685,21.60398054920688,21.03810010017,21.20183181762696,74391600
2008-07-28,21.365564581111872,21.70739134842031,21.21332307042188,21.28513526916504,48087600
2008-07-29,21.18746894674545,21.25928113605238,20.765212922975262,21.0323543548584,57967800
2008-07-30,21.04097545563455,22.2876342463936,20.89447794804757,22.28476333618164,88865200
2008-07-31,21.997507770560045,22.02910530546626,21.19033736732012,21.37130546569824,66341000
2008-08-01,21.38566722128678,21.93718645230545,21.30236701755467,21.368432998657227,59539800
2008-08-04,21.400031980174983,21.41439529435919,20.190714999715624,20.36306381225586,96359600
2008-08-05,20.23379826402921,20.61871045363299,20.058576389199565,20.515300750732425,87812400
2008-08-06,20.53254755684472,21.0007623659041,20.47796957725776,20.98352813720703,77053000
2008-08-07,21.18747039139864,21.247792371545373,20.641697277146,20.73936080932617,67407000
2008-08-08,20.477968168526267,20.592868132183387,20.02698761918805,20.3889217376709,75292400
2008-08-11,20.5928642744844,20.68478378988374,20.00974964321351,20.38029861450196,66751800
2008-08-12,20.564139220649707,20.63595141604217,20.28550974341574,20.39179039001465,62058200
2008-08-13,20.3285952053329,21.115658440786337,20.3285952053329,21.11278533935547,88254600
2008-08-14,20.966296028379205,21.07257890744753,20.498081123038457,20.72500801086425,72349800
2008-08-15,20.635952239791497,20.644571544471454,20.153376371363503,20.337215423583984,83507400
2008-08-18,20.48946513813054,20.707772730353344,19.63346242782611,20.07869911193848,64136800
2008-08-19,20.08443534982213,20.822664670066665,20.067201123302105,20.79968643188477,88471200
2008-08-20,21.03236148952063,21.47185188651885,20.78820040135882,21.40003967285156,93456200
2008-08-21,21.675793557156577,22.034854546756048,21.517808036653427,21.937191009521484,66346200
2008-08-22,21.73898267491348,21.78207042014528,21.24491453819416,21.434499740600582,49947400
2008-08-25,21.491958692787428,21.644200231391235,21.07544874032288,21.1558780670166,44783600
2008-08-26,21.38567831359608,21.71601496504938,21.29088784843377,21.586753845214844,53910600
2008-08-27,21.851013590982205,22.0204915029002,21.716006320013847,21.92856979370117,48113000
2008-08-28,22.04921378908524,22.092301538183044,21.28513109245493,21.54365539550781,56840400
2008-08-29,21.80505889659436,21.82516622625778,21.3569492488266,21.443124771118164,44765800
2008-09-02,20.7106361240644,20.73648965326848,20.26540184020996,20.26540184020996,100913400
2008-09-03,20.170611003464625,20.555523341940773,19.89772332966932,20.18784523010254,100350400
2008-09-04,20.19645650868724,20.397531924688217,19.49269803151827,19.733985900878903,108092200
2008-09-05,19.84601871752908,19.85750893261596,19.191091798318144,19.653562545776367,101422400
2008-09-08,20.12464981852959,20.190718005464703,19.30886429501233,19.5185546875,100427600
2008-09-09,19.33471703644209,19.33759013822177,18.168487548828125,18.168487548828125,130110200
2008-09-10,18.42126118826333,19.03884642699136,18.300617241591063,18.883731842041016,120754000
2008-09-11,18.674042651501697,19.23130376014284,18.29774637839746,19.15374755859375,103951200
2008-09-12,19.176732736878133,19.814425497853392,19.173859634913605,19.80006217956543,106758000
2008-09-15,18.84926867334957,19.3059932528697,18.283388137817383,18.283388137817383,108897800
2008-09-16,17.809428547507647,19.056087493896484,17.53941502529589,19.056087493896484,122460000
2008-09-17,18.794691164123783,19.418020603552424,18.314985044917886,18.656810760498047,133010400
2008-09-18,19.239922894433143,19.429505936291125,18.271893785017543,19.21406936645508,126511000
2008-09-19,20.56417586290841,22.506475473344203,19.71406017457004,20.5324764251709,92288400
2008-09-22,20.56417671571793,20.915750713494656,20.172258377075195,20.172258377075195,68529600
2008-09-23,20.221243744654466,20.48924664253519,19.50657081604004,19.50657081604004,64386200
2008-09-24,19.79762627095532,19.89272457095777,19.486398868785635,19.56420516967773,59170400
2008-09-25,19.572850954851464,20.15784601693725,19.56708842062168,20.04257774353028,55444400
2008-09-26,19.47775338386344,19.73711140599641,19.02531857804316,19.50945281982422,69241400
2008-09-29,19.01666647068584,19.01666647068584,17.039787015071326,17.189638137817383,91723400
2008-09-30,17.843805472378307,18.526781396628603,17.70260025885216,18.24148750305176,66400600
2008-10-01,18.068577829743305,18.27894550732028,17.29050488984035,17.94178009033203,93231000
2008-10-02,17.66513188068466,17.69971258188643,16.604647516557815,16.918758392333984,93994200
2008-10-03,16.858241561289024,20.149200326443868,16.567185224863326,16.7170352935791,97079200
2008-10-06,16.068641268624962,16.117631601701287,14.69116479873552,15.8179292678833,139090000
2008-10-07,16.293417119279002,16.506666034498974,14.852541910979845,14.950521469116213,96050600
2008-10-08,14.500964535393958,15.74876269459731,14.166681611101422,15.232929229736328,160996400
2008-10-09,15.34532453737206,15.57010077036858,13.039923667907717,13.039923667907717,110524800
2008-10-10,12.388644172961373,13.181125451060703,11.192717440836756,12.506795883178713,186766400
2008-10-13,13.06586089664254,14.878482791778188,12.800739196103176,14.567253112792969,100972600
2008-10-14,15.195470209849448,16.41156926904551,13.941909185760078,14.584539413452148,125450200
2008-10-15,13.890039992264562,14.074471879744468,12.09182689073398,12.477981567382812,119568000
2008-10-16,12.616305739442282,13.279109360084432,11.60192923838299,12.953471183776855,154834800
2008-10-17,12.832434185558911,14.307891182560702,12.567313676296418,13.238760948181152,126661000
2008-10-20,13.75459227356403,14.780495643615724,13.722892848469964,14.780495643615724,90005200
2008-10-21,14.345356152570998,14.714221028772991,13.800705388458796,14.109052658081056,87792200
2008-10-22,13.5442351251622,13.5442351251622,12.22151084237112,12.737344741821287,124200400
2008-10-23,12.829546554979618,13.489467333385194,12.192680296013537,13.414541244506836,174627800
2008-10-24,11.89298158645787,13.117725254541291,11.87280942575111,12.578838348388672,108626800
2008-10-27,12.449162386877008,13.10620114947116,11.751778193847631,11.774832725524902,93196800
2008-10-28,12.5269720698749,13.570165634155275,11.83247011613316,13.570165634155272,125925600
2008-10-29,13.682551195892598,14.54131271007741,13.570163102660104,13.869865417480469,127611400
2008-10-30,14.232967129465724,14.587422348543468,13.647972064561074,14.509614944458008,105421200
2008-10-31,14.258898275574063,15.166649927573784,14.085993722479042,14.81219482421875,95992600
2008-11-03,14.581658521605316,14.76609149512161,14.091761767957848,14.35400104522705,62059000
2008-11-04,14.685396624765026,15.35972611770323,14.679632993285177,15.279037475585938,67894200
2008-11-05,14.884241520031912,15.359729684895225,14.526903980394138,14.59606647491455,85242200
2008-11-06,14.451983878003295,14.584544180105471,13.544231736775622,13.71713638305664,104532600
2008-11-07,13.89868291325775,14.388580731641518,13.78053118346819,14.36552619934082,67146600
2008-11-10,14.789141845408883,14.959165150111188,14.129220789928722,14.414514541625977,81374200
2008-11-11,14.045654977119725,14.281958473184904,13.688317366389017,13.999547004699709,73709600
2008-11-12,13.60186659905034,13.699846188974169,12.82091224661973,12.85261058807373,79129000
2008-11-13,13.068741239069448,14.408755985435263,12.394411414979045,14.362648010253906,127985200
2008-11-14,13.976491449192856,14.55284161204617,13.509648125085866,13.76612377166748,111201000
2008-11-17,13.627798174123305,14.109049972747602,13.449128854304202,13.480828285217283,89162400
2008-11-18,13.567282969546506,13.976491045694267,13.232998829413637,13.858339309692385,104807000
2008-11-19,13.82376105279719,14.086000371717152,13.091795973859854,13.140785217285156,98284600
2008-11-20,12.76615826439522,12.875665123531684,11.47513379113155,11.515478134155272,132242400
2008-11-21,11.895865086446864,12.95058566999171,11.676852543660178,12.800734519958496,150731800
2008-11-24,13.146547913436043,14.1407522403387,12.916008050503736,13.725780487060549,110990200
2008-11-25,13.892918291788982,14.077350139870976,13.486591532951923,13.94478988647461,93198000
2008-11-26,13.78917357229188,14.826604251584628,13.673904229681844,14.72574234008789,78718000
2008-11-28,14.541315385303664,14.581659723701687,14.172451606463705,14.4894437789917,31942400
2008-12-01,13.904446360542805,13.904446360542805,12.933296736014755,12.947705268859863,74521200
2008-12-02,13.281987553774645,13.431838705545282,12.890069325959209,13.385730743408203,75605800
2008-12-03,13.048567389426438,13.437604410548898,12.849726978164314,13.39437770843506,95997200
2008-12-04,13.166716067078514,13.333858103791522,12.218621101218336,12.466450691223145,98205400
2008-12-05,12.207094270631302,12.745981261155066,11.679733445672923,12.72580909729004,104990800
2008-12-08,13.24164016937735,13.5960952526497,13.11772484360324,13.290629386901855,98376200
2008-12-09,13.264697722072013,13.79493987892435,13.189772689813807,13.423194885253906,86006600
2008-12-10,13.685432320411646,14.23008293777267,13.679668688037928,14.117694854736328,82922400
2008-12-11,14.232966039044124,14.636411562807805,13.884274480238735,14.05141544342041,82029200
2008-12-12,13.549992493434983,14.042771620036618,13.41743221948964,13.913092613220217,81449000
2008-12-15,14.18973781396994,14.316534421173095,13.58745200597923,13.83240032196045,71277000
2008-12-16,14.26178741455078,14.385701706897144,13.890041239609111,14.26178741455078,81836800
2008-12-17,14.232971720490468,14.564373611533735,14.09752903643436,14.169572830200195,82104800
2008-12-18,14.120578985524498,14.16380568744536,13.19553723826414,13.345388412475586,99837200
2008-12-19,13.368270505401595,13.736150420983904,13.281368624237077,13.324819564819336,87478600
2008-12-22,13.408823974522408,13.458067341951557,12.722305309162149,12.927971839904783,63606600
2008-12-23,13.01776630288484,13.177085648956236,12.791824110278998,12.95693588256836,55987600
2008-12-24,12.849762497882825,12.959837416887291,12.75127464509008,12.907696723937988,12669200
2008-12-26,13.01776943860352,13.16550175781854,12.90479831508813,13.081497192382812,11565600
2008-12-29,13.397236476134047,13.463860438442,13.1973645892102,13.36826992034912,29313200
2008-12-30,13.403035067221602,13.715878186792814,13.284270375670836,13.692705154418944,32908800
2008-12-31,13.655044392151042,14.0229254454678,13.542073262589875,13.837536811828612,46827600
2009-01-02,13.962095035887849,14.67757922624426,13.92733494326004,14.526951789855955,68567400
2009-01-05,14.49508744139746,15.117877294558951,14.460326244892872,14.868762016296388,95289000
2009-01-06,15.094704049802658,15.40754707878644,14.93828198280908,15.030976295471191,96745000
2009-01-07,14.802138160716956,14.802138160716956,14.251765764126777,14.39370346069336,78427000
2009-01-08,14.315495003530016,14.602268872544109,14.2401812679829,14.579095840454102,66533600
2009-01-09,14.57329658155884,14.587779859051292,14.034510260814985,14.089547157287598,79913600
2009-01-12,13.895469906732808,13.921540250282156,13.463861131305446,13.533382415771484,68882200
2009-01-13,13.55655318842592,13.941814745206432,13.521793104469296,13.87229347229004,93531800
2009-01-14,13.649253452133216,13.663736734699484,13.08150037750796,13.208954811096191,81218200
2009-01-15,13.185781473847053,13.40303402230784,12.74548284303276,13.374066352844238,88215400
2009-01-16,13.617383439710547,13.721664795267234,13.159705507548916,13.481239318847656,87339600
2009-01-20,13.24950498509386,13.573935043833735,12.733891684325046,12.762859344482422,89839400
2009-01-21,12.942461646320384,13.657947229287393,12.87004411298377,13.62028980255127,84770200
2009-01-22,13.310339361396672,13.524694585116826,12.965631285814164,13.246611595153809,107140400
2009-01-23,12.927974811603688,13.817261788445668,12.846866445130312,13.63187313079834,88452600
2009-01-26,13.730359669804152,14.237282215134424,13.663734591443417,13.88388442993164,86314400
2009-01-27,13.817261706867065,14.031616926629876,13.657943399204743,13.907058715820312,77673600
2009-01-28,14.1503814038217,14.393704288359435,13.909955838566155,14.286526679992676,78603600
2009-01-29,13.993959251867189,14.086653571111317,13.71587518913136,13.782500267028809,87422800
2009-01-30,14.014234290598663,14.092445319745636,13.492828534622143,13.591315269470217,85838800
2009-02-02,13.307442370583365,13.49862456902871,13.21474803830705,13.374066352844238,61179600
2009-02-03,13.446483125281802,13.69270332958791,13.31613248741782,13.605802536010742,62642000
2009-02-04,13.730356311980364,13.921538438121717,13.591313761147392,13.73325252532959,72235400
2009-02-05,13.637664353075452,14.118516516726602,13.48124228532061,14.0692720413208,85168400
2009-02-06,13.90705886865888,14.425568532843286,13.860711704011331,14.329977989196776,77044000
2009-02-09,14.39949676582768,14.706547392011348,14.25755907150944,14.38211727142334,68026600
2009-02-10,14.451638680073104,14.584886638447356,13.588422059947863,13.712980270385742,113454600
2009-02-11,13.81725821737653,13.941816396729449,13.290058944070209,13.556554794311523,85024800
2009-02-12,13.301647859813189,13.611595822791209,13.130743595045429,13.579731941223145,90264600
2009-02-13,13.565248943779135,13.823055110944102,13.521797994367796,13.61159610748291,74918600
2009-02-17,13.136533777462711,13.211848594656212,12.646991885718284,12.670166015625,103792600
2009-02-18,12.7454809347157,12.8121049070013,12.45291469946124,12.597749710083008,85612800
2009-02-19,12.733893964556549,12.855555948996786,12.536918260227358,12.600646018981934,67991000
2009-02-20,12.345739574428007,12.452918308956493,11.983651942921991,12.276219367980955,89403000
2009-02-23,12.49926067284905,12.545607827650905,11.667906995148552,11.70266819000244,68967000
2009-02-24,11.82723170448722,12.322567351793918,11.746123318288046,12.253046035766602,67763200
2009-02-25,12.247249897347874,12.487676579790463,11.922819736525064,12.180625915527344,87614800
2009-02-26,12.403668312151083,12.67016526527934,12.19510557535534,12.209589958190918,64285400
2009-02-27,11.94309008373554,12.325454270997763,11.783771856543447,11.91412353515625,86158200
2009-03-02,11.641832906778594,11.714250381925272,11.007456222294785,11.042216300964355,93377800
2009-03-03,11.24498978786553,11.441965484608428,10.978493906980082,11.09725856781006,90922200
2009-03-04,11.48251584226729,11.867777379363025,11.369544746428115,11.62735080718994,92007600
2009-03-05,11.3724434930737,11.52596934149624,11.007459786359052,11.11463737487793,90310000
2009-03-06,11.288441161036486,11.566524118189726,10.833659312878549,11.236300468444824,95548400
2009-03-09,11.108843276009123,11.62445659111562,11.03352956751219,11.25657558441162,84001400
2009-03-10,11.552040849082973,11.972062604249633,11.485416876263956,11.827227592468262,83388200
2009-03-11,11.899647582713126,12.058965907933697,11.56362922442466,11.77798557281494,76690000
2009-03-12,11.890946903953823,12.183514065902848,11.682385367171364,12.131373405456545,63845200
2009-03-13,12.215383455186736,12.264627930133518,11.864883017931724,12.021305084228516,59145800
2009-03-16,12.015514031063248,12.46450240585999,11.966270650958156,12.174832344055176,56123000
2009-03-17,12.154552960310886,12.99169908526747,12.029994771649177,12.59485149383545,55410200
2009-03-18,12.423942770933987,12.870034715768927,12.13717016711371,12.722302436828612,84792400
2009-03-19,13.151018935650498,13.330614032991011,12.985907117852973,13.029356956481934,79527000
2009-03-20,13.125435653466155,13.166197696627597,12.479062938528015,12.519824981689451,75273200
2009-03-23,12.81971943995023,13.562175142899813,12.790604009148575,13.550528526306152,93572200
2009-03-24,13.349630341110943,13.486475330534423,13.122526835840205,13.294310569763184,59595400
2009-03-25,13.256460418259913,13.483565047968913,12.875043083555047,13.23025608062744,66918400
2009-03-26,13.442799177170164,13.582556356887055,13.186580272615045,13.343806266784668,68444800
2009-03-27,13.05847357478268,13.110882255018131,12.872132094248997,12.947834014892578,57336600
2009-03-30,12.621729569724389,12.633376184628627,12.25487008569943,12.467415809631348,54638200
2009-03-31,12.662494595954207,12.685786718527622,12.35677701822411,12.362600326538086,78684000
2009-04-01,12.08309062219682,12.714904707145433,12.074356213310088,12.624646186828612,66401200
2009-04-02,13.09632463317982,13.361279136050866,13.046828162966134,13.14291000366211,70610200
2009-04-03,13.093414241488391,13.492301567230909,13.052652178947495,13.399130821228027,55045400
2009-04-06,13.224430162435782,13.2419000876389,12.93327140647886,13.128348350524902,52423400
2009-04-07,12.848837507541091,12.883776250789388,12.665407161792956,12.735285758972168,44630200
2009-04-08,12.761496284993136,13.02936196431596,12.505276118614184,12.898340225219728,47116600
2009-04-09,13.253551892618718,13.34089933146194,13.110883557651198,13.276844024658203,40653400
2009-04-13,13.006066282734963,13.253551990413673,12.81681368229202,13.131264686584473,35503600
2009-04-14,13.046826549214156,13.311781019313186,12.921628173275666,13.096323013305664,42165000
2009-04-15,13.041002720538891,13.174935499941308,12.90124663194298,13.113792419433594,42437000
2009-04-16,13.238993505486777,13.282666667370648,12.909983688017071,13.174938201904297,35525800
2009-04-17,13.206960385532703,13.39621289670449,13.12252408589421,13.329246520996094,44136600
2009-04-20,12.9973333489861,13.026449905912738,12.610092582667985,12.68288230895996,36891800
2009-04-21,12.54020845645407,12.965300004985458,12.487799787656218,12.933272361755373,16007400
2009-04-22,12.79351456370552,13.07884999401671,12.732371495213645,12.796426773071287,42870200
2009-04-23,12.985685366629452,13.055563985254096,12.778962832167784,13.03518295288086,38427600
2009-04-24,13.253547738832774,13.52141328209148,13.23025450341066,13.413684844970703,47660400
2009-04-27,13.125441612133452,13.294313169135217,13.017712036948607,13.160380363464355,36723800
2009-04-28,12.971125959040675,13.352544435145576,12.95656823933529,13.189495086669922,31412400
2009-04-29,13.320508621052063,13.902825937819369,13.291393199486556,13.55343532562256,42310600
2009-04-30,13.710664863351663,13.716488171328365,13.142905108471442,13.329246520996094,59166600
2009-05-01,13.381658974250014,13.86789477661268,13.31760478971926,13.760165214538574,43703400
2009-05-04,13.9144791804858,14.32792413925536,13.862070508151254,14.310455322265623,56332400
2009-05-05,14.255138635534935,14.304636223166826,13.894102242840074,14.118294715881348,35813400
2009-05-06,14.374515295149896,14.750110561347674,14.32210660169518,14.665674209594728,43682200
2009-05-07,15.00050816010455,15.026712508150162,14.281345249828563,14.476422309875488,46984200
2009-05-08,14.697699379100545,15.242166145925395,14.691876068515748,15.09367561340332,56479600
2009-05-11,14.849097314782435,14.875301648588769,14.50261877728324,14.633639335632324,36681600
2009-05-12,14.825800486146296,14.852004813600583,14.41526676315065,14.726807594299316,46931000
2009-05-13,14.523004050892032,14.58997045450217,14.13285113935431,14.24057960510254,60138400
2009-05-14,14.129938815519036,14.415274358880792,14.001829319728929,14.281341552734377,35979000
2009-05-15,14.211459261673552,14.34247981315669,13.85624522439836,13.97562026977539,60101200
2009-05-18,14.191082532268966,14.476418065845808,14.179435911955744,14.458948135375977,33953800
2009-05-19,14.48515339363562,14.677318198249498,14.39198264659149,14.528827667236328,32915400
2009-05-20,14.73554458822914,14.99758679811816,14.537556548393438,14.57831859588623,44500400
2009-05-21,14.35995140741505,14.371598025557365,13.987268512322034,14.147405624389648,51213600
2009-05-22,14.23766315550959,14.4007113427974,14.12119921257618,14.153226852416992,27292000
2009-05-26,14.06006100047968,14.49388706090636,13.87371951594611,14.453125,53813800
2009-05-27,14.514265628538704,14.703519291414134,14.275515503156496,14.295896530151367,41742600
2009-05-28,14.42401102900332,14.910245820325912,14.284254901365394,14.770489692687988,51813800
2009-05-29,15.006320857469822,15.108225966297704,14.840360474131622,15.047082901000977,44477400
2009-06-01,15.338246913001782,15.70801875218096,15.306219264703014,15.600290298461914,59445800
2009-06-02,15.521675646428749,15.667255042851398,15.44015042916786,15.559525489807127,40510200
2009-06-03,15.364447307150346,15.364447307150346,14.738455552969883,14.959736824035645,56498000
2009-06-04,15.137347271866595,15.3353342441249,15.000502273476624,15.297484397888184,62122000
2009-06-05,15.460525836070088,16.802767560905068,14.983025767079388,15.172279357910156,46431000
2009-06-08,15.035440970113248,15.256722290630533,14.846188407512727,15.137347221374512,36661600
2009-06-09,15.309135186491767,15.41977476656944,15.122792561274712,15.285841941833496,29609000
2009-06-10,15.547872488512676,15.591545619980485,15.172277560206096,15.422674179077148,50113800
2009-06-11,15.472177793843288,15.961324645818111,15.445973458534542,15.731308937072754,49884800
2009-06-12,15.55662100356932,15.57991313934326,15.37319057511089,15.579913139343262,39909000
2009-06-15,15.312040381829917,15.320774789866933,14.968472930394302,15.166460990905762,38825600
2009-06-16,15.30039625047316,15.361539338033896,14.79960381957402,14.843276977539062,46876600
2009-06-17,14.732635529713033,14.761752077494185,14.403626869906487,14.601614952087402,72678600
2009-06-18,14.578320904105912,14.750104639083382,14.461856940815784,14.546293258666992,46122600
2009-06-19,14.702566023604865,14.737683303856748,14.287007261251096,14.40113925933838,49653600
2009-06-22,14.178731049216063,14.178731049216063,13.654893254387249,13.681231498718262,64228800
2009-06-23,13.757321942264396,13.889013190744762,13.552470129471216,13.763175010681152,50627800
2009-06-24,13.86267437481962,14.05874825151689,13.72805715580872,13.818778038024902,36044600
2009-06-25,13.777801121895736,14.172873546872454,13.754388860324156,14.108490943908691,53431000
2009-06-26,14.064597308901494,14.117273791120317,13.953391277955282,14.014846801757812,24620000
2009-06-29,14.105564579479104,14.281152070979964,14.06752021365597,14.14653491973877,27624400
2009-06-30,14.146535215409465,14.313343670729084,13.833403475328204,14.061667442321776,45739400
2009-07-01,14.216773033859926,14.374801356875263,14.049963436948994,14.073375701904297,40023400
2009-07-02,13.833402804060984,13.833402804060984,13.499785909610532,13.508564949035645,47966800
2009-07-06,13.204221292532992,13.373956946536042,13.03741273124518,13.3710298538208,63343800
2009-07-07,13.347611272677096,13.35931740431194,12.993509163409184,13.028626441955566,43153800
2009-07-08,12.990583872067004,13.17787753874001,12.776951963745711,13.031554222106934,68756200
2009-07-09,13.166172981262203,13.356392629707742,13.052039852564864,13.166172981262209,49091200
2009-07-10,12.9583920667609,13.104715377781629,12.87059830342012,13.072524070739746,50377600
2009-07-13,13.069599592549858,13.289084584218088,12.817923290152944,13.271525382995604,44888200
2009-07-14,13.420773741718934,13.508567501633737,13.277376411316784,13.450037956237791,54760600
2009-07-15,13.704641560937018,13.979728978043992,13.698788494654966,13.92705249786377,59843600
2009-07-16,13.848031708969993,14.181648526338329,13.77779717708074,14.09678077697754,32160800
2009-07-17,14.088007255042584,14.257742820215723,13.962169126754418,14.178728103637695,37788600
2009-07-20,14.36602553117533,14.474304489933573,14.178731835044807,14.42162799835205,39242000
2009-07-21,14.58258563963168,14.63818811090571,14.313350094335393,14.547467231750488,36666800
2009-07-22,14.33090576416165,14.594287060167265,14.295787364940931,14.415772438049316,43119200
2009-07-23,14.398213806410178,14.881080055541943,14.360169433549215,14.825477600097656,43464400
2009-07-24,14.7640205728079,15.003990685414406,14.705491031995988,14.980578422546388,30936600
2009-07-27,15.015697597410604,15.12104943671879,14.860594138742568,15.030329704284668,26397200
2009-07-28,14.860594763797016,14.922051401426142,14.518198759837883,14.810845375061035,38322000
2009-07-29,14.570873705927356,14.582579837229888,14.29285922746189,14.468446731567385,44510600
2009-07-30,14.605994157850612,14.825479143863008,14.486009076818169,14.670376777648926,41371800
2009-07-31,14.597217138183984,14.881083666967877,14.494790127371251,14.813775062561035,35830400
2009-08-03,15.06837683196244,15.299566842127922,15.044964563594167,15.1942138671875,41977800
2009-08-04,15.11812288147671,15.246886979926485,15.009843955135809,15.16787338256836,28837000
2009-08-05,15.162024631423936,15.162024631423936,14.924980422819518,15.015701293945312,32381600
2009-08-06,15.071299674270277,15.071299674270277,14.775727103894802,14.89278507232666,33406200
2009-08-07,15.0683727166677,15.106415967838622,14.796211311187228,14.875226020812988,37257400
2009-08-10,14.834254673283784,15.030328461530496,14.799137396417995,14.939607620239258,28121400
2009-08-11,14.88693438376226,14.922052784622268,14.661596335189788,14.723052978515623,41350400
2009-08-12,14.690860988542711,15.01569892511723,14.682080830555366,14.881080627441406,31199200
2009-08-13,15.001061496556916,15.080076198149484,14.799135781170126,15.062518119812012,33626200
2009-08-14,15.05959479002868,15.077153989109206,14.676228432482407,14.840109825134276,33078000
2009-08-17,14.48308349405868,14.515273688471892,14.263598502097762,14.3601713180542,37469800
2009-08-18,14.395289529527224,14.567951112289624,14.336761087662111,14.503569602966309,25840200
2009-08-19,14.357240022915926,14.886929559446797,14.310416619968038,14.772797584533691,41163600
2009-08-20,14.775722957096905,14.93960429017994,14.766942802568988,14.89863395690918,20052600
2009-08-21,15.077156939084375,15.37858265928124,15.071303871578996,15.320053100585938,43980200
2009-08-24,15.463445390410724,15.63025385233374,15.457592324825589,15.516121864318848,38163200
2009-08-25,15.565875899517494,15.644890633995262,15.226405808626962,15.279082298278809,42513200
2009-08-26,15.162019156562272,15.38735714887495,15.094710579589613,15.349312782287598,32536200
2009-08-27,15.261523695477706,15.407847024805935,14.960096877937836,15.302494049072266,36828200
2009-08-28,15.413695159907787,15.437107422656611,15.170799073858472,15.270298957824709,21096600
2009-08-31,15.02741272697006,15.07716326345524,14.87816335023242,14.974736213684082,26625400
2009-09-01,14.930832468606344,15.126905191558924,14.67915616674727,14.714273452758787,40933200
2009-09-02,14.632328646068322,14.80499016874625,14.605990409851074,14.605990409851074,28713200
2009-09-03,14.723052070432002,14.77865452716006,14.61477201566297,14.708418846130373,18870200
2009-09-04,14.679155763424468,14.957170301243089,14.664523654351566,14.913272857666016,23645600
2009-09-08,15.217621263804237,15.946311696287786,15.164944793197808,15.32297420501709,38221600
2009-09-09,15.363953005880434,15.513202343882606,15.25567403060989,15.358099937438965,26240800
2009-09-10,15.43126098306808,15.65367310925192,15.32005491997616,15.624407768249512,34983000
2009-09-11,15.715127880767112,15.896568520656867,15.557098396173508,15.68586254119873,42355800
2009-09-14,15.50735050048024,15.81170224705905,15.4546740004965,15.802923202514648,31227000
2009-09-15,15.879003325877688,16.004841447647497,15.741460189055305,15.960945129394531,36972000
2009-09-16,16.080940044493577,16.36480664891071,16.057527767318362,16.356027603149414,45770000
2009-09-17,16.33845704977674,16.47014710118734,16.15994247973023,16.277000427246094,34738800
2009-09-18,16.378717517202812,16.39047453805082,16.078891619874558,16.219985961914062,36729600
2009-09-21,15.952481531371795,16.13766819654742,15.86723675138269,16.081817626953125,31133000
2009-09-22,16.340492867084784,16.393403349090978,16.21703470196453,16.334613800048828,27074000
2009-09-23,16.346380110043818,16.3816534085847,15.984825716375418,15.993643760681152,67976400
2009-09-24,16.023028816127475,16.034786949348934,15.64089845696846,15.76435661315918,45889600
2009-09-25,15.70850573712642,15.940723817830005,15.614442915809043,15.743780136108398,40207200
2009-09-28,15.75260398782123,16.049489666906425,15.72320976580722,15.99657917022705,28126000
2009-09-29,15.984820351567622,16.064186087636426,15.823149906087124,15.952486038208008,35139000
2009-09-30,16.040674259758486,16.043614355233508,15.640906495314258,15.849608421325684,50769600
2009-10-01,15.843727301753155,15.849605248890922,15.355775833129885,15.355775833129885,47306800
2009-10-02,15.152955691687998,15.385173907915878,15.091227139420212,15.276413917541504,37126800
2009-10-05,15.296988559819482,15.67911909608463,15.241137961791113,15.614450454711914,33735400
2009-10-06,15.84079072839377,16.099464191349014,15.82315464042453,15.984825134277344,43871200
2009-10-07,15.937793552942274,16.1082820892334,15.858427793846824,16.1082820892334,41166000
2009-10-08,16.193523245284002,16.56977465078532,16.158249956347664,16.522743225097656,73616400
2009-10-09,16.4580748000962,16.581531865164727,16.384588131464675,16.508045196533203,26629200
2009-10-12,16.637376770089567,16.857836715565934,16.63443779752948,16.7314395904541,27144000
2009-10-13,16.778477537868923,16.79023455322158,16.472772712347265,16.75790023803711,41277000
2009-10-14,16.972489522176193,17.045976225626124,16.866668489797394,17.03715705871582,45796000
2009-10-15,16.934269935958742,17.395766175324322,16.904874592526657,17.392826080322266,46201200
2009-10-16,17.313460981543532,17.416341877440164,17.18118474302096,17.339916229248047,44899800
2009-10-19,17.369309918478088,17.633862387419132,17.2987622196546,17.566253662109375,43175800
2009-10-20,17.622105042223527,17.63386317944183,17.195882099260373,17.45455551147461,36996600
2009-10-21,17.316405919383172,17.80141858724479,17.292890758500832,17.407529830932617,52015600
2009-10-22,17.28406806658076,17.53980141609875,17.101821401972817,17.475133895874023,36697200
2009-10-23,17.57213162119931,17.58976882512123,16.99011734758677,17.1370906829834,42302400
2009-10-26,17.1488489403302,17.536858458818664,16.813749912664488,16.854902267456055,53872800
2009-10-27,16.89605040540129,17.16942083265299,16.82844282207157,17.004810333251953,50598400
2009-10-28,16.916626941237052,16.916626941237052,16.405160475031032,16.44337272644043,47924600
2009-10-29,16.55507808335816,16.916632390434774,16.490409450422977,16.881359100341797,43452600
2009-10-30,16.834333196018083,16.89900185016937,16.1318005307129,16.24056053161621,59776600
2009-11-02,16.35519342402779,16.61974588986423,16.081822916436003,16.343435287475586,58815200
2009-11-03,16.137678437818668,16.660903339851906,16.075948762707156,16.555082321166992,40061600
2009-11-04,16.75496336039913,16.849026222892444,16.502168996954197,16.540382385253906,52054000
2009-11-05,16.628562238002495,16.87253850068244,16.552136600832362,16.822566986083984,37093800
2009-11-06,16.655027995309858,16.948974836823492,16.605057570485283,16.778486251831055,43677600
2009-11-09,17.010691280436916,17.12239131456951,16.963659864168047,17.098875045776367,33857400
2009-11-10,17.048914826413252,17.19000915938402,16.922517609546464,17.11064338684082,35903800
2009-11-11,17.26643658533365,17.331104122807194,17.016581117204666,17.104764938354492,36047200
2009-11-12,17.019511864298508,17.12533171875929,16.660896584453738,16.728504180908203,50834400
2009-11-13,16.766721990782987,16.969544833741644,16.605051511208597,16.83432960510254,38712800
2009-11-16,17.0371522258885,17.381070483562358,16.99893995828302,17.275249481201172,41948200
2009-11-17,17.23409640754199,17.29582494926746,17.10475913384931,17.245853424072266,33699200
2009-11-18,17.32816476833581,17.336982813862146,17.06067321462864,17.178251266479492,34286600
2009-11-19,17.04891385962355,17.066551070739028,16.68735944164142,16.793180465698242,44870400
2009-11-20,16.69911599439651,16.7285102221424,16.502171080281734,16.637386322021484,33801600
2009-11-23,16.95190959001787,17.11358120964093,16.801997231561316,16.85196876525879,35071200
2009-11-24,16.87547650550981,16.954842232623168,16.631501378147206,16.948963165283203,31882400
2009-11-25,16.981299692470742,17.145910235532835,16.819629244121277,17.081241607666016,29218200
2009-11-27,16.584478334452704,16.790241323886114,16.490415445794817,16.760847091674805,25622400
2009-11-30,16.666779776519338,16.851966529957824,16.566837843698956,16.70205307006836,38884600
2009-12-01,16.92545214948987,17.06066736736873,16.88723876310925,16.92251205444336,31061400
2009-12-02,16.92250889396339,17.00481359881084,16.746141348913856,16.822566986083984,31288600
2009-12-03,16.81669258049096,16.86372401363051,16.53744295564836,16.552141189575195,39432200
2009-12-04,16.760839607461136,16.940147259310933,16.325798661347612,16.43161964416504,60389000
2009-12-07,16.299350655265577,16.593297461956325,16.299350655265577,16.393413543701172,27159400
2009-12-08,16.3081672756799,16.31698532028834,16.017160590421582,16.11416244506836,40475400
2009-12-09,16.17001192978511,16.261135835571586,15.923096588886972,16.11416244506836,50632600
2009-12-10,16.24643733309396,16.384592667188198,16.167071574443096,16.314044952392578,30380000
2009-12-11,16.39928749157693,16.44043985224755,16.217039721010284,16.322860717773438,31250600
2009-12-14,16.57566041703642,16.60799474550937,16.472779482184393,16.490415573120117,31263000
2009-12-15,16.4815968657621,16.646207476232775,16.443383468072504,16.543325424194336,26852400
2009-12-16,16.652092852767304,16.82846054973937,16.605061392153523,16.649152755737305,37594200
2009-12-17,16.549197551556045,16.666776669893515,16.463952746827257,16.508045196533203,30876400
2009-12-18,16.683600095071036,16.745664589283994,16.515138680824197,16.59493637084961,41544400
2009-12-21,16.713153895738433,16.866838206856215,16.70428786175369,16.792951583862305,32098200
2009-12-22,16.828418806037146,16.949592836754913,16.7722653718969,16.872751235961914,20155200
2009-12-23,16.92890031827345,17.05303041370097,16.89048009146371,17.0057430267334,26062400
2009-12-24,17.064858325184982,17.123966733359744,17.023480861073782,17.085546493530273,5590600
2009-12-28,17.215588652385563,17.2185436221835,17.044171091165513,17.115102767944336,11669200
2009-12-29,17.18603202788309,17.188986997265477,16.95846105313906,17.002792358398438,17026800
2009-12-30,16.940729209282708,17.00574981510068,16.8816196701228,16.985061645507812,14507200
2009-12-31,17.020525276599976,17.06190161179543,16.831375671466134,16.84910774230957,11897800
2010-01-04,17.118060344674078,17.3810977935791,17.079640094346033,17.3810977935791,33856800
2010-01-05,17.4047339772312,17.558418299343895,17.324936283398426,17.522953033447266,34736200
2010-01-06,17.53181451170458,17.78598462731825,17.493393159306653,17.732786178588867,48703800
2010-01-07,17.655947747289368,17.73574430718204,17.52590657059237,17.70619010925293,34899000
2010-01-08,17.644125651719566,17.836230193475927,17.582061159494604,17.821453094482422,26688600
2010-01-11,17.93671760369286,17.98991606662866,17.652993219648934,17.79781150817871,38919800
2010-01-12,17.52591236453403,17.647086419975267,17.449070748062827,17.54068946838379,43021200
2010-01-13,17.531820534120598,17.673682736990457,17.295383529337492,17.6057071685791,44275000
2010-01-14,17.602752079622462,17.700281850186098,17.534776511673126,17.65595054626465,31090800
2010-01-15,17.635255953141705,17.673677306933318,17.3929079567704,17.514081954956055,38110400
2010-01-19,17.46679470444287,17.70323276584316,17.434285542049548,17.673677444458008,29226200
2010-01-20,17.484537293415986,17.484537293415986,17.265832307315332,17.398828506469727,31283400
2010-01-21,17.413597751028583,17.466796206676968,17.002788331515216,17.044164657592773,50413200
2010-01-22,16.96142434887524,17.058955297680825,16.591990986589508,16.639278411865234,46057200
2010-01-25,16.751580898906816,16.911176328921556,16.695427452384937,16.748624801635742,31802400
2010-01-26,16.6097149672936,16.934815694545858,16.52696117346425,16.64222526550293,43030600
2010-01-27,16.594938856427504,16.742712128070064,16.308258348666353,16.577205657958984,53233400
2010-01-28,16.698382437766135,16.733847713106584,16.195953006189903,16.402835845947266,68861400
2010-01-29,16.524005073456973,16.686555425959018,16.02453188515277,16.107284545898438,65605400
2010-02-01,16.29940039501505,16.642234510119362,16.287578256840828,16.639278411865234,43626600
2010-02-02,16.701336462010804,16.887531119992403,16.56538530805249,16.85797691345215,44501600
2010-02-03,16.810682803815517,16.94958887207524,16.674730576643075,16.713151931762695,39498600
2010-02-04,16.580164368152897,16.58607543564273,16.018626485669035,16.02749252319336,74346400
2010-02-05,16.024539752621692,16.10138138569478,15.566441542360236,16.03045082092285,92756800
2010-02-08,16.03340151909276,16.222551144644974,15.879717166476407,15.882673263549805,48230200
2010-02-09,16.101373699417532,16.420564470782818,16.051131333973256,16.216636657714844,67116200
2010-02-10,16.222549201232404,16.24914843460297,15.894492365468944,16.148662567138672,48364600
2010-02-11,16.116152371480897,16.458986310785622,16.04522183364989,16.423521041870117,45889000
2010-02-12,16.225501444786303,16.438294133797136,16.11910453657074,16.429428100585938,39667800
2010-02-16,16.6392740629072,16.875711127488984,16.621541987701605,16.81660270690918,39669800
2010-02-17,16.86388323800143,16.899348501360798,16.68064360123385,16.792951583862305,36275600
2010-02-18,16.775223265239777,16.928907621035524,16.692470584203885,16.887531280517578,33145400
2010-02-19,16.82546388382225,17.011658511637464,16.745666186187155,16.95254898071289,32996600
2010-02-22,16.993928852287937,16.996883822110156,16.683605159599875,16.719070434570312,34699400
2010-02-23,16.63927122495316,16.680647563270316,16.364412831937006,16.441255569458008,42202400
2010-02-24,16.43534110345543,16.606757487802444,16.38509761201929,16.544692993164062,35260600
2010-02-25,16.308255350045627,16.562425510923514,16.17230423571293,16.553558349609375,41896200
2010-02-26,16.591983795166016,16.65109333299626,16.447166611273616,16.591983795166016,34493600
2010-03-01,16.668824901440743,16.787042838112335,16.654046672863814,16.74566650390625,27932000
2010-03-02,16.855023366401486,17.01166384154152,16.81955808770337,16.884578704833984,33492600
2010-03-03,16.949602223521193,17.106242735895204,16.949602223521193,16.95846939086914,33534600
2010-03-04,16.985061641531786,17.038260114021185,16.798866987818897,16.86979866027832,32662000
2010-03-05,17.035305759637364,17.224455402317627,17.01757368527409,17.18603515625,30670400
2010-03-08,17.233321919074985,17.292430334624928,17.085548625358612,17.159435272216797,25224000
2010-03-09,17.06781542424117,17.254010090001618,17.044171156084587,17.159435272216797,33407600
2010-03-10,17.177161630303782,17.333802036167988,17.097363942958708,17.310157775878906,34744400
2010-03-11,17.245140825595012,17.313117524556514,17.191942356142043,17.280607223510742,26066600
2010-03-12,17.39290766164752,17.39290766164752,17.21558024740627,17.289466857910156,27319600
2010-03-15,17.224453259293938,17.24809752539761,16.93186279449529,17.112146377563477,36747200
2010-03-16,17.197851614560037,17.28356037604876,17.061900485769957,17.265827178955078,38322600
2010-03-17,17.35153508205736,17.561372830559627,17.327891947855917,17.45497703552246,43343600
2010-03-18,17.454979888596384,17.481579123558518,17.100323798241448,17.19489860534668,39453800
2010-03-19,16.98818588256836,17.27587026446082,16.833963385645003,16.98818588256836,44824800
2010-03-22,16.774647543795844,17.02080956374622,16.706433944740475,16.94369888305664,39713000
2010-03-23,16.98224547228796,17.035630199098758,16.872510703340396,17.00893783569336,34841400
2010-03-24,16.896244839106252,17.05936440329049,16.857688935487595,16.911073684692383,41494000
2010-03-25,17.032664569724677,17.07418577173019,16.599656132570153,16.6263484954834,44246000
2010-03-26,16.682700542329126,16.739050590201835,16.525512792590288,16.632282257080078,42987800
2010-03-29,16.739046949937023,16.98817526911223,16.727184558637475,16.955551147460938,38952000
2010-03-30,16.994102288888527,17.014862882080024,16.878435803573762,16.98223876953125,26115600
2010-03-31,17.014872846191835,17.136471162394663,16.943693951099917,17.05936050415039,30335400
2010-04-01,17.22841367696507,17.40043030170904,17.213584833147735,17.361875534057617,35980200
2010-04-05,17.468641295417285,17.702939693062604,17.409324801425953,17.670316696166992,34911400
2010-04-06,17.64658964602325,17.729632058790298,17.575409626960052,17.670316696166992,27071600
2010-04-07,17.62879917366625,17.640662701978602,17.394500712023046,17.495338439941406,39071600
2010-04-08,17.36483695961395,17.6139653265791,17.281794547748238,17.557615280151367,38919400
2010-04-09,17.673284843798168,17.774122560331715,17.646592473793167,17.744464874267578,34977200
2010-04-12,17.729636660969145,17.907586189134467,17.72370489689347,17.785987854003906,30055600
2010-04-13,17.76225928191689,17.806746943003837,17.53685792311795,17.723703384399414,27711000
2010-04-14,17.812684095108946,17.907590078194218,17.655495141387007,17.89276123046875,29171200
2010-04-15,17.87199810128318,17.955041678574972,17.815648031744992,17.889793395996094,27894400
2010-04-16,17.788949968187936,17.86902707174249,17.471608001157726,17.5872745513916,73328400
2010-04-19,17.427116930565433,17.616929915532484,17.37373333668757,17.610998153686523,42298200
2010-04-20,17.744450470209063,18.020269894540064,17.729620507847013,17.95502281188965,39333200
2010-04-21,17.96097147229642,18.07070628256169,17.806748995815543,17.937244415283203,37143200
2010-04-22,17.785987727166795,17.984696731127457,17.65252586483664,17.981731414794922,21374000
2010-04-23,17.98766278991044,18.41473960876465,17.963935734289954,18.41473960876465,52021800
2010-04-26,18.447361085224085,18.477018769106017,18.3227963239101,18.35245513916016,34525600
2010-04-27,18.2249229767454,18.36135011718155,17.744461538349192,17.78894805908203,82804800
2010-04-28,17.91054929687628,18.017318774335696,17.726669158678494,17.969865798950195,46190000
2010-04-29,18.06180923597272,18.207133500663883,17.869030857165498,17.990629196166992,57721400
2010-04-30,18.03214182334909,18.041040031190523,17.655483457272105,17.768184661865234,45833000
2010-05-03,17.845301031458153,18.11222472510669,17.643626734595916,17.969865798950195,33379800
2010-05-04,17.732607125744277,17.74743597360856,17.305529066494103,17.489410400390625,61168800
2010-05-05,17.169091529651997,17.45380931033037,17.059356763813685,17.213579177856445,70413000
2010-05-06,17.05935693263792,17.255100550212426,15.508236831134166,16.6263484954834,94401400
2010-05-07,16.5788966065569,16.795400839172473,16.10140048979642,16.30900764465332,98981800
2010-05-10,16.943693907379842,17.07122398640595,16.762779091488472,17.0059757232666,59433800
2010-05-11,16.828029076153545,17.151302846300823,16.813199101109742,16.89327621459961,45673200
2010-05-12,16.928862166052756,17.183921149056467,16.928862166052756,17.12757110595703,37616200
2010-05-13,17.10087993717826,17.234341765812164,16.937760427233723,17.017837524414062,42234600
2010-05-14,16.860656564260378,16.91107600380962,16.41875079580313,16.67974281311035,56791400
2010-05-17,16.733126183914337,16.780580305765728,16.151826767657184,16.50772476196289,63878600
2010-05-18,16.74795131392671,16.863617874031164,16.285283942140676,16.380189895629883,61329800
2010-05-19,16.285284758234557,16.406883087946692,15.914558005286796,16.193344116210938,60211200
2010-05-20,15.778128532183086,15.828546820179117,15.422230674949102,15.469683647155762,89767600
2010-05-21,15.164206937378214,15.77516388274174,15.128616355641292,15.739574432373049,80312000
2010-05-24,15.706948694501872,15.7484699042542,15.3569825960635,15.380709648132324,54698400
2010-05-25,14.96846521699242,15.422234445366277,14.87355924937656,15.416302680969238,86228000
2010-05-26,15.597214526888692,15.742539898164738,15.3332572846588,15.383675575256348,59695200
2010-05-27,15.772200319998046,16.056918217335927,15.7158502563692,16.036157608032227,60610400
2010-05-28,15.997603713989836,16.018364325899523,15.61501448639099,15.733646392822266,52657400
2010-06-01,15.472654799225568,15.582390758082411,14.959568990152745,14.986261367797852,72695200
2010-06-02,15.090053647291429,15.659489078971133,15.063361290720964,15.63576316833496,55296400
2010-06-03,15.798887213014954,15.878964305994383,15.460784685791554,15.84634017944336,67379800
2010-06-04,15.508239470884424,15.849307353533437,15.179033982707654,15.288768768310549,59718800
2010-06-07,15.351048533526251,15.528998003282044,15.125647229477115,15.15530490875244,48249600
2010-06-08,15.179031434617077,15.45485214157864,15.033706095888803,15.40739917755127,70188800
2010-06-09,15.561625318639232,15.80185551156088,15.16717154150056,15.247248649597168,61359800
2010-06-10,15.653563974677231,16.045051283267135,15.61797452790582,16.012428283691406,51986800
2010-06-11,15.787026322799235,16.119197143224326,15.787026322799235,16.110300064086914,30326200
2010-06-14,16.309012395224254,16.427644281578193,16.01836161494159,16.027259826660156,47629000
2010-06-15,16.193344073399736,16.519584293952224,16.15182285819828,16.49585723876953,34142400
2010-06-16,16.38019126450282,16.596695559703587,16.31197767544244,16.48399543762207,28992600
2010-06-17,16.53441729331703,16.53441729331703,16.288254125086084,16.466203689575195,34826000
2010-06-18,16.46381677023755,16.594908333643314,16.344643964855056,16.56809425354004,27196400
2010-06-21,16.842193121201863,16.892842445477886,16.407210155193525,16.5323429107666,33251400
2010-06-22,16.520420211178365,16.529357856498255,15.996056379563557,16.049684524536133,43145200
2010-06-23,16.028828719839648,16.043725173711977,15.835172546446223,15.927531242370604,35639200
2010-06-24,15.832200745052743,15.93051943710208,15.522349343871229,15.593853950500488,33908000
2010-06-25,15.617680053923385,15.778564483952382,15.424023879875076,15.63853645324707,40874800
2010-06-28,15.710048821477956,15.710048821477956,15.409136189605317,15.427011489868164,31908800
2010-06-29,15.20951350069081,15.212493473821205,14.807303504120418,14.9175386428833,44985200
2010-06-30,14.89370471871382,15.120133808683413,14.76857198585494,14.801344871520996,33385600
2010-07-01,14.851994195680936,14.93541640286386,14.467660594067691,14.74771785736084,51605200
2010-07-02,14.840073287401914,14.9056179077222,14.586829041010713,14.71196174621582,22839200
2010-07-06,14.968184107431725,15.123108574562076,14.691105776962536,14.854969024658203,34598000
2010-07-07,14.932431204001633,15.388270369277974,14.896679491449555,15.379331588745115,37817400
2010-07-08,15.558094093462772,15.641515143874935,15.31676745066485,15.596824645996094,29743000
2010-07-09,15.581933144605058,15.70110708580788,15.516388499817744,15.677271842956545,18225800
2010-07-12,15.617683605017694,15.751753993859646,15.489573162931874,15.635560035705566,16413800
2010-07-13,15.84411557712762,15.942433115325922,15.76665217221796,15.823260307312012,28330200
2010-07-14,15.75175647195164,15.89178569305251,15.641521306684478,15.805384635925291,23880200
2010-07-15,15.78452803726806,15.850073818061306,15.51936721355273,15.787508010864258,29824600
2010-07-16,15.650456095483284,15.710043059735806,15.298894256572888,15.412109375,36261600
2010-07-19,15.474669858422258,15.599802554005526,15.346558327087054,15.510422706604004,25082600
2010-07-20,15.28995437412908,15.88582165647714,15.286975537789065,15.86496639251709,33496400
2010-07-21,15.96626674796123,15.96626674796123,15.489573290946662,15.605767250061035,45027600
2010-07-22,15.82326055202812,16.094380200351022,15.778570038002384,15.951372146606444,45984400
2010-07-23,15.91561661830704,16.025852898055618,15.730898055187094,16.022872924804688,36051600
2010-07-26,16.031814308247068,16.1897188203533,15.984144957241773,16.162904739379883,23881600
2010-07-27,16.234408445155466,16.261222524660543,15.94541238121486,16.08544158935547,32817800
2010-07-28,16.046705688271707,16.16587845980117,15.9990363523546,16.049684524536133,21551400
2010-07-29,16.15694171879279,16.30292970750617,15.91561505290904,16.07352066040039,29114600
2010-07-30,15.909656300758176,16.12416774157601,15.85900699265114,16.040746688842773,23632200
2010-08-02,16.34166693261733,16.65151832813165,16.317832821861614,16.60087013244629,55158000
2010-08-03,16.53234385487277,16.70216599700587,16.45786041932222,16.59490966796875,28509000
2010-08-04,16.63959454083009,16.764727269658994,16.55915345236539,16.7230167388916,26215400
2010-08-05,16.612777452374214,16.776641845703125,16.53531521450406,16.776641845703125,17817400
2010-08-06,16.568092534953077,16.660451250652045,16.33570462251462,16.577030181884766,36234800
2010-08-09,16.654496188424538,16.705144377681354,16.544259888523825,16.645557403564453,13428400
2010-08-10,16.451901680134416,16.588950929381056,16.34166537673743,16.508508682250977,24521000
2010-08-11,16.204610977309294,16.228446214747454,15.96328544914464,16.01691246032715,37659400
2010-08-12,15.78154843394356,16.046709244784306,15.76069316589048,15.921576499938965,30510800
2010-08-13,15.885815813856192,16.040741386670035,15.847084136521174,15.894753456115724,18199400
2010-08-16,15.80836453873758,15.9364761369293,15.716004670858638,15.891785621643066,20571400
2010-08-17,16.05267172549215,16.240369180885576,15.97520830941764,16.15694808959961,36034800
2010-08-18,16.112250415807463,16.13608451397087,15.856027325523195,16.00201416015625,37387800
2010-08-19,15.92455859524162,15.954351514565207,15.653438937899669,15.74281883239746,32998200
2010-08-20,15.656413440954864,15.668331059995875,15.424025552288644,15.54915714263916,24849400
2010-08-23,15.578949982327709,15.707061535768702,15.543197127976768,15.55511474609375,16351600
2010-08-24,15.343587054357654,15.519368000053122,15.260165973867256,15.313794136047363,29477600
2010-08-25,15.227387314939284,15.313788336455364,15.021812392261262,15.266119003295898,38673400
2010-08-26,15.352519550226134,15.403168858188051,15.042669439593352,15.129069328308104,21953600
2010-08-27,15.218448554575517,15.55213386223158,14.9949983586714,15.522339820861816,39417400
2010-08-30,15.492548894662866,15.564053466556096,15.29293390636056,15.295912742614746,18313200
2010-08-31,15.22738591322264,15.37337273535471,15.138006063842086,15.254199981689451,35157400
2010-09-01,15.507450149847566,15.86199200976684,15.48361604285557,15.823260307312012,38265800
2010-09-02,15.844120995883795,15.984150258130878,15.75474107517331,15.95435619354248,19697400
2010-09-03,16.097351416145795,16.21950414191798,16.013930375089604,16.148000717163086,26494200
2010-09-07,16.025847316336623,16.043722603509163,15.85602526903908,15.906673431396484,22814000
2010-09-08,15.924556980368154,16.124172019953146,15.915618196255922,16.043729782104492,18584400
2010-09-09,16.240361297035328,16.270155341264807,16.01691107968383,16.07649803161621,15673400
2010-09-10,16.171844471332314,16.276121971455243,16.14205154931269,16.243349075317383,15190600
2010-09-13,16.386354953977232,16.40721022390559,16.258243360687615,16.37443733215332,18263200
2010-09-14,16.341667057715515,16.454882210121497,16.249308315105267,16.317832946777344,27955800
2010-09-15,16.20759290257092,16.288033997297717,16.11523305116267,16.28505516052246,28226000
2010-09-16,16.204614385798212,16.279097813669342,16.11225566261524,16.210573196411133,33517600
2010-09-17,16.258154161456318,16.28509150246422,16.07557897704182,16.129453659057617,28705800
2010-09-20,16.180341089953483,16.464678386781003,16.108507776577493,16.401824951171875,38781800
2010-09-21,16.42277229778107,16.51256306241858,16.273120642801377,16.413793563842773,33533000
2010-09-22,16.380871345807655,16.57242529703939,16.28210183922012,16.2940731048584,32318000
2010-09-23,16.150413755322358,16.32999650889852,16.108511455346864,16.19231605529785,24716800
2010-09-24,16.37189669055171,16.623311599626707,16.3030570435344,16.542499542236328,49249000
2010-09-27,16.58439666440651,16.641263883314856,16.47964096069336,16.47964096069336,21783000
2010-09-28,16.494615096736148,16.65623925124279,16.32700473557161,16.596378326416016,33159200
2010-09-29,16.569428632942454,16.850773285915707,16.536505091708616,16.7729549407959,42985800
2010-09-30,16.90465277964425,16.985464819761685,16.611335638709665,16.778945922851562,46339600
2010-10-01,16.940569119689332,17.045325977032498,16.838805935221163,17.0034236907959,40019800
2010-10-04,16.922610639471113,17.02736634881058,16.665209591663732,16.790916442871094,29505400
2010-10-05,16.973503217271265,17.248863063530347,16.94057964569929,17.18600845336914,43231600
2010-10-06,17.186000562718874,17.39252063803122,17.18001549950134,17.338645935058594,28210200
2010-10-07,17.410474811622166,17.43142709592015,17.12314387805658,17.25184440612793,27125600
2010-10-08,17.236880559692022,17.533191388662562,17.19797080317531,17.467344284057617,31677600
2010-10-11,17.47931981093745,17.60502669660851,17.449388784526306,17.515235900878906,16092000
2010-10-12,17.440413720244237,17.566120632387833,17.248859677881338,17.48830223083496,33330200
2010-10-13,17.593048657563553,17.790588801671134,17.557132579112597,17.70079803466797,29362800
2010-10-14,17.64393829155526,17.796582545965272,17.53020266289068,17.67386817932129,23005600
2010-10-15,17.77264198438047,17.799579344800005,17.527213208003477,17.721759796142578,30153600
2010-10-18,17.67685476161995,17.90133225506631,17.622980071852698,17.769638061523438,21854400
2010-10-19,17.58407608705272,17.616999646236447,17.269807721506847,17.416465759277344,38568400
2010-10-20,17.47632309208013,17.751682778320216,17.410475987201732,17.640939712524414,25257200
2010-10-21,17.69182272601945,17.832495678004435,17.440407844680202,17.631961822509766,26826000
2010-10-22,17.721752302460242,17.805558022634823,17.664885073066426,17.748689651489258,13117600
2010-10-25,17.8863720669144,18.04500365759156,17.766651382693247,17.796581268310547,22706400
2010-10-26,17.745698385367596,17.853447789165866,17.69182368346846,17.832496643066406,21375800
2010-10-27,17.67087309575958,17.77562882956711,17.491290369837127,17.757671356201172,25804800
2010-10-28,17.87440127263997,17.919296102258777,17.649923699290014,17.71876335144043,23175600
2010-10-29,17.625976996686003,17.74869134469126,17.587067235098427,17.73073387145996,18718400
2010-11-01,17.90732401024233,18.009086076071704,17.67985277364793,17.751686096191406,24041200
2010-11-02,17.88338220251564,18.030041404120592,17.820528748292997,17.94623565673828,20455000
2010-11-03,18.006087172567504,18.02105210979087,17.715762595077855,17.985136032104492,45454800
2010-11-04,18.24852824938247,18.562796583902745,18.24852824938247,18.55681037902832,38657000
2010-11-05,18.53885028456236,18.649593353271484,18.48198305542245,18.649593353271484,29371800
2010-11-08,18.541846215288853,18.730407680609265,18.529873805037933,18.706462860107425,23977400
2010-11-09,18.79326184073825,18.933933670436403,18.55980439892188,18.67054748535156,40127600
2010-11-10,18.73040304629916,18.918963323213763,18.53585542398861,18.909984588623047,35556600
2010-11-11,18.823188373896944,19.12249173781135,18.81121596531996,19.11949920654297,36081400
2010-11-12,18.90998906544657,18.99977985786593,18.67054657174432,18.83815574645996,35748600
2010-11-15,18.954888370536587,18.96386710883414,18.73938951737872,18.742382049560547,21502600
2010-11-16,18.553818863126224,18.559803926576443,18.245535574852727,18.392194747924805,47399600
2010-11-17,18.347300112901163,18.5867426296242,18.29342540391948,18.467021942138672,33635600
2010-11-18,18.64659614952636,18.93392705564663,18.64659614952636,18.874067306518555,32105000
2010-11-19,18.820200144078907,19.038691512663508,18.67952716552708,19.03270530700684,22721600
2010-11-22,18.92795214893126,18.984819397812675,18.60171131744918,18.97284698486328,36263000
2010-11-23,18.70047890793444,18.709457645828408,18.431106495347205,18.601709365844727,45070000
2010-11-24,18.730403183998373,18.957873215397683,18.71843077662167,18.93692207336425,45245200
2010-11-26,18.751357014590223,18.868085148870463,18.661565088142247,18.709453582763672,13178800
2010-11-29,18.61667742640228,18.87707114469084,18.446074527342297,18.835168838500977,29468800
2010-11-30,18.58973413841375,18.92196109119329,18.532865762360263,18.76931571960449,38537600
2010-12-01,19.0775999565566,19.37091716289595,19.0775999565566,19.326021194458008,39947600
2010-12-02,19.320032005251186,19.625320415129192,19.3170383323936,19.61334800720215,35355200
2010-12-03,19.496630685024748,19.73607440920589,19.48765194498126,19.700157165527344,20023400
2010-12-06,19.68518373571857,19.813884289859367,19.67021993572773,19.7659969329834,23980400
2010-12-07,20.023394735315858,20.05332461385976,19.64327819894798,19.6911678314209,45864800
2010-12-08,19.712125066238272,19.80191701312103,19.475675070717468,19.59839057922364,25520400
2010-12-09,19.69715472909724,19.7390570196638,19.46669213098119,19.643280029296875,21904800
2010-12-10,19.688180968787705,19.74504935614461,19.60138269253396,19.724098205566406,17352200
2010-12-13,19.846806687619587,20.04434801739314,19.81987047910697,19.89170265197754,25768800
2010-12-14,19.915645898398395,19.96952059467373,19.733070665659955,19.798917770385746,23029200
2010-12-15,19.71511264765736,19.86775571328223,19.634299463735147,19.6911678314209,22232200
2010-12-16,19.685187579442804,19.80790309424939,19.52955078482664,19.80191802978516,22051600
2010-12-17,19.79680077950143,19.83588477077005,19.71863509062564,19.808826446533203,22644800
2010-12-20,19.883986456438645,20.001233850653207,19.77275074930567,19.938100814819336,20469400
2010-12-21,20.04933919432145,20.16357961339148,19.986206150072604,20.139528274536133,17402000
2010-12-22,20.199652892833782,20.2297159140224,20.13952455679506,20.20867156982422,15711000
2010-12-23,20.187625256934155,20.2898399777398,20.17559959089915,20.26579093933105,9052000
2010-12-27,20.16958651475276,20.22971484762184,20.11547445566264,20.19363784790039,8286400
2010-12-28,20.2206927416032,20.30186311013296,20.178604062563924,20.2687931060791,10298200
2010-12-29,20.337942825538867,20.521330220321527,20.301865827108063,20.4702205657959,11065400
2010-12-30,20.488265991210938,20.5844690538356,20.416114267657928,20.488265991210938,11953400
2010-12-31,20.48224880270517,20.59348450824892,20.42212275810192,20.518325805664062,8889000
2011-01-03,20.71374435596596,20.80092874920539,20.62355297160457,20.671655654907227,20391600
2011-01-04,20.800928733111927,20.800928733111927,20.29886672459316,20.494279861450195,29084000
2011-01-05,20.39205777500453,20.61151988099946,20.31389208960706,20.5754451751709,22572400
2011-01-06,20.64459322506528,20.65361190297916,20.292851024453565,20.380035400390625,22898400
2011-01-07,20.389055806419208,20.57545024253064,20.322915771229283,20.527347564697266,22160600
2011-01-10,20.46421197669664,20.485256322217563,20.28984323171664,20.44617462158203,21608400
2011-01-11,20.578449938045047,20.809940004946,20.5513939085862,20.785888671875,22730600
2011-01-12,20.96927651424277,21.08351690824384,20.873073473594136,21.07149124145508,22053200
2011-01-13,21.10456385990524,21.14965954252085,20.93620909137945,21.01136779785156,23043800
2011-01-14,20.98431373796817,21.24586459314544,20.888110676382823,21.23985290527344,28010800
2011-01-18,21.224819012548107,21.38415510901518,21.15867898148741,21.372129440307617,25070400
2011-01-19,21.40820342502223,21.41722210186462,21.077505610052963,21.113582611083984,30234000
2011-01-20,20.95123307998772,21.026391755357267,20.662624041807923,20.963258743286133,46345000
2011-01-21,21.176718072081385,21.230832433005304,20.957253637872785,21.074501037597656,29148000
2011-01-24,21.041426588304663,21.20076264698226,20.960256210856897,21.15266227722168,26197000
2011-01-25,21.104564115725783,21.137634130467312,20.852031959876005,21.0925407409668,31635400
2011-01-26,21.16469216278488,21.65472610237357,21.14965950405312,21.59760475158692,48443200
2011-01-27,21.58558097152205,21.63067435954689,21.360104856751256,21.471338272094727,29977200
2011-01-28,21.43526657564088,21.540488318596587,21.299979511558995,21.378145217895508,47383200
2011-01-31,21.56152254015433,21.991430282592773,21.492375545167896,21.991430282592773,50229800
2011-02-01,22.07862404383607,22.37024021434278,21.4112143120912,22.349193572998047,40886400
2011-02-02,22.24698408837772,22.496511622550667,22.195876702437456,22.33116149902344,27115200
2011-02-03,22.33716992241286,22.379258617260323,22.06058412156428,22.343181610107425,29031000
2011-02-04,22.394287144814893,22.418338480942275,22.16580633258971,22.28605842590332,26557200
2011-02-07,22.379256177282933,22.61375096405558,22.37624918693258,22.41533088684082,32347200
2011-02-08,22.37925771757333,22.41533242961413,22.141755924103872,22.34017372131348,31192000
2011-02-09,22.240964553247228,22.32213494383188,21.901245745417874,22.05757713317871,32643400
2011-02-10,21.94934762932988,22.319127152907623,21.92529629458912,22.283052444458008,33611400
2011-02-11,22.19286589064589,22.400304683786675,22.13273983443855,22.28005027770996,37725400
2011-02-14,22.24096307296736,22.797136983226,22.24096307296736,22.770078659057617,30430800
2011-02-15,22.73400265097063,22.77609133623646,22.43637257045487,22.532575607299805,22887200
2011-02-16,22.652827694899987,22.857259414310267,22.57766900825888,22.833208084106445,31806600
2011-02-17,22.83021020064822,23.109800690129862,22.791126203989016,23.05869102478028,21592800
2011-02-18,23.10979477410817,23.20900250149896,22.950456424996887,23.15488815307617,24816400
2011-02-22,23.260120662335044,23.46755716245184,22.821194028417704,22.929420471191406,49665600
2011-02-23,23.05568448880246,23.56075106520293,23.01359579857422,23.39540100097656,64379400
2011-02-24,23.45553268343544,23.467558354056923,22.923409946992017,23.0647087097168,44766600
2011-02-25,23.148877268163908,23.44951203788032,23.091755927946185,23.431474685668945,23537400
2011-02-28,23.52166890707799,23.65695595936384,23.35932582053204,23.611860275268555,31746200
2011-03-01,23.750154899379005,23.77420623962942,23.139866475912537,23.16992950439453,40399200
2011-03-02,23.10679294351172,23.347301722126737,22.93543118418857,23.30220603942871,30085800
2011-03-03,23.449517095302404,23.72309589570525,23.37736537723446,23.702049255371094,22657600
2011-03-04,23.696040673023905,23.72309900438372,23.36534277041088,23.551734924316406,28247000
2011-03-07,23.7080583569635,23.816287058620865,23.25710619794492,23.38637924194336,29327200
2011-03-08,23.374359715561543,23.392397072688563,22.962489143086746,23.193979263305664,32348400
2011-03-09,23.12182755548898,23.27214498140584,22.959484460259343,23.034643173217773,27189800
2011-03-10,22.72798230584292,22.73098929499444,22.129719909688223,22.195859909057617,72320600
2011-03-11,22.042549845692683,22.74302968359977,21.95536545313384,22.580686569213867,48341000
2011-03-14,22.47244975959627,22.782103215384826,22.355202379126062,22.70393753051757,32830400
2011-03-15,22.00045306148967,22.73099566097698,21.916275690958017,22.532575607299805,43619000
2011-03-16,22.59871866969881,22.791124769309693,21.94032997939286,22.171817779541016,63229400
2011-03-17,22.60773874189487,22.965494930582565,22.460428314531253,22.84824752807617,41830600
2011-03-18,23.13028033341094,23.184576857957698,22.71099139994874,22.74115562438965,48328600
2011-03-21,23.136319343316785,23.43796628287181,23.091074143490346,23.431934356689453,34325600
2011-03-22,23.437966643151924,23.5163954930292,23.30524355264833,23.38065528869629,20025000
2011-03-23,23.374620125316547,23.519411665341163,23.22379665925832,23.44098281860352,20190800
2011-03-24,23.534494978755163,23.56767632870859,23.27206359452092,23.52544593811035,30706200
2011-03-25,23.5495770330834,23.7999445511368,23.46511625624215,23.73659896850586,23273800
2011-03-28,23.67927932739257,23.95076197104056,23.631014723462723,23.67927932739257,28291000
2011-03-29,23.64910814467838,24.017117586559884,23.56766222484832,23.96885299682617,33912800
2011-03-30,24.12572802733021,24.24337017299871,23.929657017421405,24.1347770690918,38082400
2011-03-31,24.261453468514407,24.42434302508921,24.04728450562417,24.05633354187012,37701000
2011-04-01,24.267489966426176,24.33988687280509,24.06538711423012,24.12873268127441,25823800
2011-04-04,24.24034098660587,24.297654624398223,24.11063274939036,24.143814086914062,14951200
2011-04-05,24.12270722194189,24.35195955082133,24.098574913347512,24.216217041015625,38580800
2011-04-06,24.342908825652003,24.40323959866611,23.85424222184793,23.96283531188965,32947400
2011-04-07,23.917587807474987,24.0623770599415,23.74866624580283,23.96283531188965,29621400
2011-04-08,24.137789233116617,24.24638232510611,23.91155400836913,24.04729652404785,38279600
2011-04-11,24.056338306090915,24.10158579766424,23.48924300900321,23.57370376586914,35365400
2011-04-12,23.30524273736604,23.31730889087764,22.71401502359887,22.84372329711914,75875600
2011-04-13,23.051854143021547,23.12726586343294,22.75925629960407,22.93722915649414,53669400
2011-04-14,22.810537291244987,23.160446466078152,22.72607423391547,23.094083786010746,41344800
2011-04-15,23.1544142218032,23.317303806616945,22.97644137304295,23.284122467041016,30527800
2011-04-18,22.93722915649414,23.04280510479348,22.680829767372032,22.93722915649414,40069400
2011-04-19,22.92214995620025,23.22681400506971,22.910083802629003,23.16950035095215,30109200
2011-04-20,23.61594436955251,23.727554590240725,23.504334148864288,23.71548843383789,44828000
2011-04-21,23.763733516518947,23.88740980387787,23.65212567819073,23.824064254760746,25276600
2011-04-25,23.836137679627488,23.85725287115171,23.5525911507855,23.70039749145508,14150800
2011-04-26,23.7727945805031,23.9718826653624,23.670235725672686,23.93568420410156,18399000
2011-04-27,24.032205652238986,24.041254690144697,23.5224240053591,23.92361259460449,37414200
2011-04-28,23.842173951196152,23.992997418269976,23.694367597851176,23.92060279846192,29992400
2011-04-29,23.926634927034737,24.285595518151144,23.914568773400696,24.276546478271484,19857200
2011-05-02,24.327822634768307,24.37307012946744,23.80597249182033,23.953781127929688,35524000
2011-05-03,23.76977258268308,23.82105199459692,23.14837850982414,23.353498458862305,57490400
2011-05-04,23.30524678840837,23.30826160127272,22.741166095953165,22.94025421142578,59484200
2011-05-05,22.59637323157778,22.81959132132357,22.19518225168206,22.463647842407227,89000000
2011-05-06,22.723072563358954,23.06091578252596,22.315849510893408,22.56319999694824,70404600
2011-05-09,22.668766552825808,23.066940396128626,22.62955098024609,22.95834732055664,48448600
2011-05-10,22.95533011887887,23.17553338277248,22.777359540997523,23.066940307617188,35520600
2011-05-11,22.92516597733969,22.94929828333206,22.234394252645952,22.40030097961425,82325600
2011-05-12,22.29171090978954,22.548110366726416,21.953865484492304,22.367122650146484,77901800
2011-05-13,22.472687176320694,22.57826309875174,22.05943022122488,22.25851821899414,71863800
2011-05-16,22.165011321094127,22.54206987968976,22.032285972025967,22.089599609375,56288200
2011-05-17,21.98703848471793,22.19517554550522,21.80303372401264,22.089599609375,60198400
2011-05-18,22.18914871728096,22.69591568103636,22.10468794021899,22.53604316711425,51692600
2011-05-19,22.63860655478777,22.73211638125785,22.3490234315172,22.5390625,39321800
2011-05-20,22.51794180435867,22.704961411625188,22.237410092075663,22.51190757751465,54092800
2011-05-23,22.11977026938919,22.28265989026012,22.020226228626377,22.16200065612793,40600000
2011-05-24,22.38823204285337,22.72306026736879,22.382197816413903,22.475709915161133,49661600
2011-05-25,22.36108088919844,22.97342594777385,22.35806607759603,22.85578155517578,49835400
2011-05-26,22.7803760688308,23.024711657023268,22.665751059260185,22.970415115356445,37491000
2011-05-27,23.097112677676822,23.26301946245085,22.91310780779442,23.027732849121094,33394200
2011-05-31,23.329372010620265,23.425901235682627,23.000577967939325,23.259994506835938,38622400
2011-06-01,23.2026835340598,23.30222758286236,22.64463712018384,22.704965591430664,55227800
2011-06-02,22.714007968110167,22.89197849901164,22.45157438886371,22.69590759277344,48210600
2011-06-03,22.3550518644883,22.9191323940024,22.31282148274748,22.70194625854492,44755000
2011-06-06,22.653682561083983,22.74719466845634,22.14088373281822,22.18914604187012,46875200
2011-06-07,22.382199880844283,22.49682717993621,22.15294988542702,22.18914604187012,38331600
2011-06-08,22.258521721093462,22.52698723810745,22.207242308042,22.255504608154297,50113200
2011-06-09,22.367124557767745,22.67782058631525,22.321877049417825,22.55716133117676,34544000
2011-06-10,22.38220333767444,22.427450841599875,22.08357349398037,22.11977195739746,41937000
2011-06-13,22.13183314810244,22.291705631583337,21.561720710105245,21.76985549926757,55501200
2011-06-14,22.053406382768674,22.342987148193583,22.047372155627524,22.234394073486328,45755400
2011-06-15,21.968944936246697,22.165015887386247,21.60395245249869,21.724609375,71279800
2011-06-16,21.73366532507411,21.95688344070533,21.53759433234853,21.757795333862305,50527800
2011-06-17,21.95004277963705,21.98637471648049,21.56251135945154,21.701780319213867,54247600
2011-06-20,21.58672864010186,22.343626526362527,21.53828606664404,21.762327194213867,34722600
2011-06-21,21.91369881246453,22.30123232976876,21.898562246158303,22.19526481628418,46391000
2011-06-22,22.12564444031685,22.42840366152578,22.05903704207177,22.13169860839844,37099800
2011-06-23,21.66243206286164,21.92280528440132,21.32939493540124,21.88950157165528,90907200
2011-06-24,21.889493350324408,21.94096186528466,21.444436910665413,21.47471237182617,34131400
2011-06-27,21.399026125417635,21.72297846447918,21.347557601891506,21.589763641357425,39388400
2011-06-28,21.77746952231818,22.228580087157496,21.75930470933131,22.219497680664062,31715600
2011-06-29,22.29216777041076,22.634287278338217,22.186202471001035,22.47987937927246,42642800
2011-06-30,22.555567053367792,22.83410504516137,22.552538813711102,22.812911987304688,38834800
2011-07-01,22.76446731095404,23.052087656366552,22.57070158796399,23.02786636352539,29776800
2011-07-05,23.058142770436056,23.27310153447816,23.00061778080877,23.17016220092773,31367000
2011-07-06,23.118708038601724,23.161094169940046,22.92191396603328,23.127790451049805,21930600
2011-07-07,23.43960878108216,23.509244389870137,23.26400795011124,23.475940704345703,35648000
2011-07-08,23.06722331580585,23.27915382385254,23.03391962027434,23.27915382385254,34260000
2011-07-11,22.946125010722167,22.949153250140903,22.63730926636764,22.728137969970703,38289000
2011-07-12,22.63428345155298,22.95520753546948,22.616116324818343,22.64336585998535,41091400
2011-07-13,22.746304574077943,23.13989257412501,22.72208558643464,22.812911987304688,40326000
2011-07-14,23.049059073873032,23.097501658833583,22.63125217300144,22.661527633666992,45265800
2011-07-15,22.91887678229827,23.29732588576997,22.90374020408141,23.270078659057617,54734200
2011-07-18,23.17016551074192,23.23374467736869,23.00667523518601,23.19135856628418,40723800
2011-07-19,23.357878014788955,23.63338774785053,23.33971088797672,23.615222930908203,39114600
2011-07-20,23.715134285489707,23.72421669405342,23.50925788852244,23.554672241210938,21035600
2011-07-21,23.693931111080182,24.048158753022022,23.678792230025326,24.01788330078125,34714000
2011-07-22,24.039079318600084,24.16926585820328,23.8967821346304,24.13899040222168,22999200
2011-07-25,23.83925812170768,24.21165294406008,23.80292849699869,24.0421085357666,30966400
2011-07-26,24.02697409444164,24.14807825555698,23.84229076846144,23.92706298828125,33937800
2011-07-27,23.763560923109164,23.81200348746056,23.40327916768721,23.475940704345703,47569000
2011-07-28,23.38209661373153,23.669716961537134,23.333654027646155,23.37906837463379,39108000
2011-07-29,23.06722885052936,23.34879505584677,22.99759320410898,23.14594459533692,34671200
2011-08-01,23.55467675661556,23.569813337166764,22.89768725616692,23.11264610290528,43970000
2011-08-02,22.98245406602997,23.22163182304649,22.46170782520141,22.467761993408203,54402400
2011-08-03,22.50105720581532,22.513167847530354,21.81379503503516,22.340595245361328,71128000
2011-08-04,21.92278938588929,21.94700836042865,20.669364481257286,20.80863571166992,109053800
2011-08-05,21.062962689172394,21.24159186272284,19.51889084719364,20.60882377624512,132818800
2011-08-08,19.773202595970183,20.097154847299,18.771070383983467,18.85584259033203,111986400
2011-08-09,19.24943720369714,19.827706276239024,18.498593109494333,19.81559562683105,100798200
2011-08-10,19.55824185298664,19.91549776475684,19.05263459518829,19.131351470947266,98747400
2011-08-11,19.255485149495616,20.42413587611335,19.13740924327144,20.12440490722656,84065200
2011-08-12,20.42414002585617,20.54221595607081,20.14257381306665,20.27276039123535,53101000
2011-08-15,20.542214019072933,20.996352880113022,20.53615985060173,20.956995010375977,58621200
2011-08-16,20.687541834582767,20.90552888236705,20.372671911102124,20.60882377624512,59890400
2011-08-17,20.83891687718786,21.07204045141004,20.55735072086425,20.690563201904297,43327800
2011-08-18,20.04569400752425,20.09110836683566,19.27365798377624,19.49164390563965,74495400
2011-08-19,19.19190327882158,19.82467113461431,19.07382738929642,19.1464900970459,54637400
2011-08-22,19.730822481014943,19.736878960374742,18.92245572673753,18.992090225219727,49050800
2011-08-23,19.116215509699504,19.864031095708565,18.98602896262259,19.848892211914062,71707000
2011-08-24,19.73385250646492,20.003308115607823,19.558251547061367,19.966976165771484,37735600
2011-08-25,20.1092672955317,20.22734320922845,19.44319792032596,19.54613494873047,53585400
2011-08-26,19.352368696747263,20.01238388562879,19.10713446886227,19.9245834350586,47672200
2011-08-29,20.2394564458043,20.53313330305057,20.08202264401624,20.50588607788086,71086400
2011-08-30,20.366616193356915,20.769286598906053,20.197071732018347,20.626989364624023,39676600
2011-08-31,20.814698661143503,21.08415421174909,20.584600981907688,20.781394958496094,48969600
2011-09-01,20.81469798681208,21.087181767886104,20.575517907306526,20.62396049499512,42588400
2011-09-02,20.07596090210868,20.25459002313736,19.87614104030545,20.04871368408203,41702000
2011-09-06,19.409891541046623,19.86100208007052,19.24640130391256,19.83072662353516,38711000
2011-09-07,20.197069719081828,20.569464620830143,20.16679425541306,20.557353973388672,37051400
2011-09-08,20.457441425812647,20.75717242183478,20.203124777035,20.318172454833984,36978200
2011-09-09,20.0517442424772,20.148627100895688,19.50374848122833,19.646045684814453,70078800
2011-09-12,19.30393331548701,19.782292430124333,19.17677495821948,19.73990631103516,51513800
2011-09-13,19.82770105375838,19.93064039167752,19.434115446082963,19.794397354125977,56409000
2011-09-14,19.912474069114857,20.3212008883557,19.521916684737068,20.039634704589844,51431800
2011-09-15,20.28789929138751,20.45744374311094,20.11835252979417,20.436250686645508,34662400
2011-09-16,20.51952850358819,20.59551549756792,20.157829670184206,20.3918685913086,46072800
2011-09-19,19.8934021576782,20.25206100735864,19.68063941589317,20.069692611694336,41719800
2011-09-20,20.163905112329985,20.416182457646748,19.91466789569885,19.94506454467773,40268800
2011-09-21,19.890360006601057,19.96330688516307,19.097055455553345,19.115291595458984,53565800
2011-09-22,18.44052028398668,18.449639510289945,17.70800582194808,18.03627014160156,76132000
2011-09-23,17.805275753156703,18.10922377631497,17.7414457870965,17.84174919128418,65590600
2011-09-26,17.972444362434526,18.53170869140287,17.61378565366844,18.49219512939453,68786400
2011-09-27,19.039310956657552,19.249035911491404,18.65633681741288,18.7627182006836,64972400
2011-09-28,18.79614857054261,18.969398876536207,18.1122654175774,18.148738861083984,46186600
2011-09-29,18.61681324056894,18.641129634816267,17.951167600886595,18.321983337402344,45739000
2011-09-30,18.00283950828938,18.22472140431461,17.78399658203125,17.78399658203125,59458800
2011-10-03,17.58034938274497,17.783993951638198,17.163941018066847,17.17913818359375,70130600
2011-10-04,16.869115051650688,17.79311730752734,16.49221899798769,17.741445541381836,82731000
2011-10-05,17.872150165002783,18.44965208719396,17.607715611332985,18.39494132995605,75130000
2011-10-06,18.35846198635447,18.777909444601512,18.15177722744879,18.741436004638672,47634400
2011-10-07,18.88429103432925,18.899488203618063,18.32502662442549,18.51043510437012,48779200
2011-10-10,18.853895304969,19.358448971667087,18.850856334936395,19.34933090209961,35816000
2011-10-11,19.169994944069625,19.55600777654735,19.12136332395256,19.38883781433105,44856000
2011-10-12,19.54385469338324,19.787011669246123,19.40403775103137,19.4921817779541,37262400
2011-10-13,19.29462288073852,19.562097500561627,19.08185900495809,19.46483421325684,30318400
2011-10-14,19.79613127513915,20.24901543892293,19.79309346494879,20.242935180664062,33232000
2011-10-17,20.188226297010097,20.255095230337616,19.829567551931003,19.87516021728516,37612800
2011-10-18,19.850847556993475,20.650232459067933,19.63200457724594,20.51345443725586,48910600
2011-10-19,20.42226745724816,20.74141147518578,20.206464649231496,20.300687789916992,48058000
2011-10-20,20.288526304353347,20.549921735138028,20.03624894132692,20.45873641967773,43755000
2011-10-21,20.68062769049133,20.920746952533264,20.58032426730804,20.83564186096192,48340200
2011-10-24,20.8994711978616,21.16390455052376,20.84172031903199,21.109193801879883,45945000
2011-10-25,21.05751968530154,21.097034414332214,20.51649254911086,20.668466567993164,43836600
2011-10-26,20.984567178627746,21.188211752778216,20.5134469188455,21.115264892578125,36364800
2011-10-27,21.692772868992456,22.2459582197293,21.635021998215347,22.05143165588379,62364800
2011-10-28,21.82347014713701,22.23987747681516,21.76267914791937,22.20036506652832,35022400
2011-10-31,21.823469759731186,21.83866577006121,21.15478269384464,21.188217163085938,43910200
2011-11-01,20.358437848866497,20.81435984413076,20.163908997463032,20.50433158874512,83484400
2011-11-02,21.011922158853714,21.17909446855745,20.802199638153247,21.1213436126709,40618800
2011-11-03,21.428336857239287,21.75052103813855,21.145665086790466,21.677574157714844,39424400
2011-11-04,21.48912173329928,21.720122852506968,21.2763590701732,21.65933418273925,25105800
2011-11-07,21.665421889061328,21.92985759153241,21.39794837498976,21.77788352966309,26937800
2011-11-08,21.954165215287027,22.15780982017895,21.66237309256104,22.13349342346192,38305400
2011-11-09,21.48000562425083,21.686690366830696,21.100070606195143,21.15478134155273,50543200
2011-11-10,21.49824222826649,21.68061055742028,21.10918685541553,21.52255630493164,40707200
2011-11-11,21.76268052184197,22.05143256874135,21.732286179784047,21.963287353515625,28803000
2011-11-14,21.829549913640363,21.878182717082627,21.47393123449269,21.674535751342773,30765000
2011-11-15,21.607667913657178,21.82955103259144,21.476972465321165,21.650222778320312,33349400
2011-11-16,21.48000302517027,21.878176452792378,21.29763470235797,21.32499122619629,43882200
2011-11-17,21.315876723911146,21.42833834151468,20.641113975108947,20.83867835998535,51071800
2011-11-18,20.95721301603534,21.06967460733111,20.58639841555835,20.71405601501465,53903400
2011-11-21,20.34019870139825,20.47089642835958,20.05448917094769,20.343238830566406,40016600
2011-11-22,20.321962602636088,20.455700459018068,20.024092554950524,20.151752471923828,37392600
2011-11-23,19.863003338508143,19.90859600689197,19.53777903848138,19.54081916809082,43575200
2011-11-25,19.45571170813572,19.73534330553699,19.4010009765625,19.4010009765625,14299600
2011-11-28,20.109201453014823,20.297647735077977,19.942029119953045,20.12743759155273,43699600
2011-11-29,20.2155846941226,20.635032152521205,20.14567562491975,20.416189193725582,28954200
2011-11-30,21.169981211597715,21.6015868669961,21.16390095226,21.54079818725586,65999200
2011-12-01,21.48304514331259,21.69884794916402,21.30371461403708,21.42225646972656,32664600
2011-12-02,21.628945454912213,21.744444884988408,21.3614696731404,21.404022216796875,29879400
2011-12-05,21.793068772491488,21.93592469106749,21.483042859852983,21.6684513092041,29724000
2011-12-06,21.65325661093083,21.841705220894223,21.48912439946711,21.665414810180664,27718800
2011-12-07,21.58031229295406,21.62590496581161,21.27636423248992,21.45873260498047,34288600
2011-12-08,21.30371288615398,21.41617447399988,20.799160443282844,20.85994911193848,34289800
2011-12-09,20.990651298864808,21.422259286253286,20.945060947150846,21.33411407470703,31036600
2011-12-12,21.07575880406401,21.090957135675964,20.543849662803247,20.83564186096192,38629800
2011-12-13,20.996733885010578,21.264207360109,20.51041742167717,20.64111518859864,37277600
2011-12-14,20.39795225835229,20.4921754045733,19.972424557163546,20.0605697631836,53368600
2011-12-15,20.34019473017925,20.361470992324136,19.923787554066685,19.9754581451416,35498600
2011-12-16,20.136316422982784,20.30114330039001,19.98064620619475,20.18820571899414,43941200
2011-12-19,20.273673017858293,20.273673017858293,19.77919466492539,19.834136962890625,25074800
2011-12-20,20.234001105094308,20.68879998887346,20.209581779168623,20.649120330810547,25326600
2011-12-21,20.65217309539388,20.932988354101056,20.520922130970185,20.8780460357666,24051600
2011-12-22,20.994032574036897,21.1680161793395,20.923829929641126,21.12223052978516,21976200
2011-12-23,21.20159298425428,21.26874496235486,21.076448021320896,21.244325637817383,10428200
2011-12-27,21.198536955090223,21.39693986326425,21.198536955090223,21.29926490783692,11260600
2011-12-28,21.30536167648706,21.35725096467283,20.86582340302259,20.893293380737305,22641400
2011-12-29,20.942141665173924,21.13443858417088,20.923828338246985,21.110021591186523,15404200
2011-12-30,21.06117904444837,21.20158662529418,21.039812724075187,21.10085868835449,13160000
2012-01-03,21.5495556119609,21.79374414774271,21.51597963007204,21.686912536621094,48509600
2012-01-04,21.604496699726187,21.769323602785867,21.47629877359788,21.73269462585449,28037000
2012-01-05,21.592284906084384,21.64417653379562,21.36641205922374,21.62891387939453,25349400
2012-01-06,21.66859664931589,21.67775331177704,21.45493342937441,21.50071907043457,17786200
2012-01-09,21.54650831503108,21.65334228317032,21.482409331400586,21.6045036315918,24086400
2012-01-10,21.94330613467568,21.970778448269243,21.735746599346296,21.796794891357425,27266800
2012-01-11,21.696073913502254,21.699124582515417,21.41830933547636,21.503774642944336,26944000
2012-01-12,21.387789615584893,21.48241160207589,21.207702308552943,21.302324295043945,39409600
2012-01-13,21.16801375064305,21.22600905534149,20.98182050490504,21.195486068725582,32434800
2012-01-17,21.43356910506626,21.534297059035925,21.277898842454466,21.34505081176757,25054000
2012-01-18,21.33284177757957,21.70522828833934,21.229063151960474,21.69607162475586,30723600
2012-01-19,21.8090029416158,21.86394524186409,21.68385801417785,21.78458595275879,26608800
2012-01-20,21.78153595205465,21.86700124669622,21.616709028636784,21.78763961791992,30786600
2012-01-23,21.863954882792907,22.02267818850129,21.802908890600648,21.96162986755371,25974000
2012-01-24,21.76932404393008,21.91278462887553,21.68080576111789,21.89752197265625,21234400
2012-01-25,21.863948117775543,22.23938760698204,21.583132914570868,22.1661319732666,39276200
2012-01-26,22.30348145890285,22.33095377071285,21.778477825462858,21.863943099975582,33958400
2012-01-27,21.76626747800909,21.912781035926045,21.732691502835497,21.818159103393555,18448200
2012-01-30,21.567874704503627,21.72964864553081,21.406098434721603,21.714385986328125,27251600
2012-01-31,21.87005505817357,21.89142138262937,21.47019623085102,21.57703018188477,29361800
2012-02-01,21.77238310901312,21.84869175386841,21.61671282145691,21.662498474121094,25553000
2012-02-02,21.696071064490656,21.909734305103488,21.628919094939576,21.827322006225582,30942200
2012-02-03,22.111190343684804,22.23328229403547,21.986043067194288,22.21191596984864,29993000
2012-02-06,22.08676495312617,22.48051767244959,22.053188977379325,22.47746467590332,26769200
2012-02-07,22.422531375271564,22.63009097734105,22.19055244854567,22.593461990356445,35097400
2012-02-08,22.64839798666932,22.678923298349552,22.37063581466285,22.517147064208984,22055600
2012-02-09,22.550721803267965,22.605664101013307,22.34011160253932,22.520198822021484,19210800
2012-02-10,22.25769971035262,22.334008337167123,22.14781510143938,22.294328689575195,29674000
2012-02-13,22.52020319605308,22.53546585401784,22.300433962386588,22.47136688232422,19828600
2012-02-14,22.44694648730525,22.55072510448636,22.327905212889497,22.511045455932617,29095800
2012-02-15,22.58429751227272,22.648396470753124,22.401157298220948,22.47441291809082,29478800
2012-02-16,22.52020347666884,22.807124682948043,22.38284886829308,22.76744270324707,36203200
2012-02-17,22.94753678878384,22.975006784344068,22.71861084409476,22.852914810180664,26986000
2012-02-21,23.00552858539184,23.13372653589439,22.94448027889912,23.00857925415039,28764600
2012-02-22,23.057411862294813,23.21918575682292,23.00246956521412,23.06046485900879,24684600
2012-02-23,23.075726605095195,23.20392452992108,22.907849035562524,23.176454544067383,28176200
2012-02-24,23.22834818575388,23.35044246833271,23.21003485843121,23.268030166625977,24549800
2012-02-27,23.176457486760587,23.29244576746032,23.017736559026503,23.19477081298828,22366400
2012-02-28,23.164249163201543,23.271080786952847,22.98721257026812,23.11846351623535,33212600
2012-02-29,23.14288591291153,23.240560885996366,22.7918656778784,22.85596466064453,34488600
2012-03-01,22.95668429796025,23.124564188610663,22.90174199999777,23.07572555541992,28015000
2012-03-02,22.99025943080786,23.0818307002966,22.72165394439722,22.81322288513184,29042600
2012-03-05,22.71555193315025,22.733867587511224,22.44694639965285,22.66671562194824,25370400
2012-03-06,22.32179552732052,22.382843817409523,22.153917969272587,22.297378540039062,27735600
2012-03-07,22.379791076266297,22.544617968257512,22.227173842432308,22.483572006225582,28964400
2012-03-08,22.599563656385257,22.743024250314445,22.486626048051647,22.66671562194824,20596200
2012-03-09,22.715550223926844,22.852907141903355,22.60871861800357,22.645347595214844,29306400
2012-03-12,22.623979752764555,22.657555730761946,22.42252388478024,22.520198822021484,24517400
2012-03-13,22.64230011043818,22.822387385871192,22.41642718453333,22.7918643951416,35585600
2012-03-14,22.80712779762897,22.868173781076187,22.51715355436718,22.57209587097168,27712800
2012-03-15,22.59956411642933,22.71250172706193,22.456103519579813,22.608720779418945,30353200
2012-03-16,22.717504666519066,22.990212590095883,22.6837989826837,22.91973876953125,47180800
2012-03-19,22.90748182324631,23.125035202825423,22.84007045593301,23.02391815185547,28405400
2012-03-20,22.818617571061743,22.846193668597127,22.631705117489,22.67766761779785,26568200
2012-03-21,22.65009083831789,22.65315562862916,22.37431815405468,22.40802383422852,33163800
2012-03-22,22.159823418579386,22.19352908937049,21.801320197709693,21.902437210083008,40430600
2012-03-23,21.951466014478168,22.21191705825252,21.83809216207648,22.14144325256348,26443800
2012-03-26,22.33754090176715,22.368181779120235,22.1812693881926,22.306900024414062,20377200
2012-03-27,22.34674302986252,22.35287027300245,22.077099914452845,22.083227157592773,25545800
2012-03-28,21.98210302855076,22.05870640073893,21.62972704893524,21.80744743347168,30570400
2012-03-29,21.657305478552672,21.84421789371179,21.50103394471895,21.80744743347168,32660600
2012-03-30,21.969848753067904,22.04032489225348,21.76761704269786,21.985170364379883,25506600
2012-04-02,21.93001816649093,22.365124856083483,21.862606809955487,22.19966125488281,35776400
2012-04-03,22.15369801520455,22.18740368879176,21.782935605745266,22.00661849975586,27989600
2012-04-04,21.740035457864657,21.841152467263864,21.61134235740166,21.72471618652344,31660600
2012-04-05,21.64812200916176,21.905508319383483,21.57458339734845,21.60215950012207,19157800
2012-04-09,21.271219863117484,21.491837907935302,21.24977101641292,21.329439163208008,28859200
2012-04-10,21.29880297766689,21.335571101400365,20.86675882180284,20.909656524658203,43906000
2012-04-11,21.142534012892625,21.20381578507647,20.87289094243405,20.91578865051269,25650000
2012-04-12,20.93416603062198,21.42442706480829,20.918844423593125,21.3723373413086,30117800
2012-04-13,21.28041974717897,21.34476864879448,21.00771187937925,21.050609588623047,26215000
2012-04-16,21.13640419717881,21.203813203273327,20.82079632938653,20.909656524658203,30250800
2012-04-17,21.10270345014992,21.357024937074023,21.08431704624273,21.249780654907227,25510600
2012-04-18,21.18542981000478,21.338636564394605,21.142532105795595,21.20687866210937,21588600
2012-04-19,21.21914086227166,21.387669269924057,21.09963975057274,21.17930793762207,41945800
2012-04-20,21.38154050534284,21.48572234434628,21.124154205011223,21.13028144836425,30190600
2012-04-23,20.777904177137724,21.16705073410297,20.738071253202342,21.10883140563965,34055200
2012-04-24,21.18543040269594,21.335572371628515,21.08431338090988,21.265098571777344,19830600
2012-04-25,21.39685471356677,21.48877735854353,21.25283999824549,21.47652053833008,29285600
2012-04-26,21.372342799254188,21.712461989961213,21.33863712538235,21.703269958496094,22459600
2012-04-27,21.75535638969308,21.770677998306645,21.58376559441751,21.694074630737305,13670000
2012-04-30,21.67262069680144,21.84421145182079,21.611336614474027,21.82888984680176,15218000
2012-05-01,21.871797838797256,22.2977124761782,21.835029709828994,22.14144325256348,28510400
2012-05-02,21.95145794501497,21.95758752275629,21.71858308357276,21.77986717224121,24164400
2012-05-03,21.77373901513401,21.80131744127141,21.35395408467364,21.41830062866211,32080800
2012-05-04,21.200745401806795,21.23445106522373,20.826920653181816,20.928037643432617,44377000
2012-05-07,20.80548038672544,20.99852008046805,20.66453043510784,20.866762161254883,30416000
2012-05-08,20.70130039530641,20.836123116493148,20.355053896872352,20.799352645874023,50350400
2012-05-09,20.48067701073766,20.82079617931764,20.37343275437223,20.69823265075684,43909800
2012-05-10,20.90353659747156,21.01690813565129,20.74420021304285,20.787097930908203,24600000
2012-05-11,20.64001400920861,20.94029793679311,20.597116305267967,20.63388442993164,20606800
2012-05-14,20.379559186034605,20.413264852508167,20.247801309205894,20.29069900512696,27105800
2012-05-15,20.3029607511511,20.379564132137297,19.89236541343527,19.953649520874023,33951000
2012-05-16,20.002667828481894,20.318273279328675,19.84026908874512,19.84026908874512,33026600
2012-05-17,19.8862385521046,20.042510106876723,19.71158293362389,19.714645385742188,38364400
2012-05-18,19.85559613378356,19.965905183018428,19.509347375671503,19.592079162597656,36966800
2012-05-21,19.619660667586324,20.060896959941548,19.607405013034803,20.04251289367676,27340800
2012-05-22,20.07008597129149,20.35198585440849,19.858659890078908,19.99348258972168,42672000
2012-05-23,19.82495345919973,20.094598848203105,19.543053586832183,20.06702041625977,37762000
2012-05-24,20.17119783499701,20.17119783499701,19.80043784359216,20.05169677734375,37363000
2012-05-25,20.03025365446802,20.16507402039964,19.913815014834203,19.95671272277832,16028600
2012-05-29,20.18651721664074,20.4347137004687,20.082337765903624,20.29069900512696,28107400
2012-05-30,20.008805130066296,20.02105961446668,19.604338181235,19.668685913085938,46467400
2012-05-31,19.65643029915356,19.70852004318122,19.163104281597604,19.497095108032227,53377000
2012-06-01,19.10488276914317,19.221320235641333,18.98538168170749,19.00989532470703,39020600
2012-06-04,19.08343645333809,19.14165577876558,18.72493314336353,18.99457740783692,38069800
2012-06-05,18.95167522454886,19.28260237813045,18.942483193240967,19.15697288513184,31604600
2012-06-06,19.35920600726764,19.766736544036583,19.35920600726764,19.748350143432617,41568000
2012-06-07,20.005734648818017,20.186517464166503,19.720770043705848,19.760602951049805,29372000
2012-06-08,19.61659046486377,19.79124605944001,19.44806444918459,19.763669967651367,31168000
2012-06-11,19.965902461287047,20.05782509795229,19.466447018183985,19.4940242767334,32296600
2012-06-12,19.601268471829016,19.818821737483752,19.49402306463864,19.769794464111328,29032600
2012-06-13,19.65643533626613,19.852539877476463,19.42968872994465,19.5185489654541,24344800
2012-06-14,19.564505828941257,19.91075465658184,19.48790243702077,19.8249568939209,29129400
2012-06-15,19.960730068202025,20.225518585198387,19.86220427227596,20.20396614074707,31002000
2012-06-18,20.003841213216912,20.080814588764746,19.886840178997968,20.02231407165528,28074000
2012-06-19,20.179342745357072,20.413342491770944,20.07465772102405,20.311737060546875,30745800
2012-06-20,20.30249644905584,20.453363593746428,20.04386470911688,20.23167991638184,35247000
2012-06-21,20.237842354400385,20.237842354400385,19.369581536663315,19.40345001220703,37929000
2012-06-22,19.532758712768555,19.62204808906266,19.29568063149812,19.532758712768555,40126000
2012-06-25,19.24334692998369,19.249504941943776,18.926216948424187,19.095558166503903,31107600
2012-06-26,19.126344437140087,19.372659009267608,18.98779212328069,19.30184364318848,28524000
2012-06-27,19.406531567249445,19.77600526497701,19.406531567249445,19.702110290527344,23315600
2012-06-28,19.588181784650644,19.871444381324444,19.498893573027708,19.837575912475582,33047000
2012-06-29,20.364074214361345,20.474916053098376,20.15778615022774,20.434890747070312,43491000
2012-07-02,20.434897327182803,20.5241867454192,20.21937041621999,20.44413375854492,29112600
2012-07-03,20.60732259214804,21.15229333238973,20.58884972439,20.93368911743164,31383200
2012-07-05,20.8105237048892,20.822839728648656,20.585762731142804,20.659656524658203,24282000
2012-07-06,20.342528007852145,20.50263163013801,20.25015899754469,20.41026496887207,22381200
2012-07-09,20.394867366687592,20.431815437024373,20.173183642749475,20.3178939819336,19127800
2012-07-10,20.441046871911706,20.50262462504985,19.9022333103104,20.00075912475586,37602200
2012-07-11,20.10545089025265,20.373316790496315,20.05310719852464,20.271711349487305,41929800
2012-07-12,20.031544236096245,20.3086487712134,19.95765047641176,20.20396614074707,38736800
2012-07-13,20.28710469237564,20.57652536495943,20.25939540195783,20.55805015563965,20419200
2012-07-16,20.49339531297856,20.721238246594005,20.373317008335444,20.625789642333984,22669600
2012-07-17,20.742785852685763,20.905969031147155,20.41333990304456,20.884416580200195,35969200
2012-07-18,20.810520298158043,21.09070450747585,20.76741539657699,21.06607246398925,31036000
2012-07-19,21.152280216645565,21.19538511404802,21.001413075736963,21.130727767944336,27978800
2012-07-20,21.06299399956241,21.18614951177558,20.967545423844133,21.17999267578125,27328800
2012-07-23,20.739710557595657,21.01989247796467,20.607316231761093,20.976787567138672,25441000
2012-07-24,20.98602159603044,21.007574046564027,20.37023461045266,20.64118003845215,25317800
2012-07-25,20.721232039550145,20.80744183767065,20.477995909686825,20.656572341918945,18999000
2012-07-26,20.973704473310164,21.315466420286533,20.96138845236029,21.24464988708496,28081000
2012-07-27,21.358579760125405,21.70341908684114,21.213869393075026,21.62028884887696,30720600
2012-07-30,21.589493328393285,21.76191293879848,21.521756381722387,21.681859970092773,19466600
2012-07-31,21.632597475731792,21.72188687058596,21.423229806531893,21.44478225708008,24031200
2012-08-01,21.524843105649506,21.657235101042662,21.293922901335645,21.54947280883789,32289200
2012-08-02,21.28159512083715,21.40475061588243,20.986017704455584,21.18922615051269,30882600
2012-08-03,21.583341380343576,21.820420773190968,21.55870932801417,21.688026428222656,28752000
2012-08-06,21.728050040171155,21.8666012127886,21.706497583340848,21.746522903442383,11872400
2012-08-07,21.909700442777748,22.16832982992059,21.89122523723844,22.07288360595703,24501800
2012-08-08,21.977442438967927,22.16833730026405,21.937417120052963,22.09136390686035,18998000
2012-08-09,22.04517588654533,22.325360121407464,22.01438700390056,22.24222755432129,23966000
2012-08-10,22.091356560219555,22.30996064290269,21.95588268118858,22.282251358032227,22631000
2012-08-13,22.27917827355052,22.30996715985836,22.09136301331885,22.199125289916992,16578000
2012-08-14,22.3068910102644,22.33152306272996,22.088286829976663,22.159103393554688,14242600
2012-08-15,22.165255641316527,22.220676573364425,22.066729800902635,22.15601921081543,13064200
2012-08-16,22.19296570699916,22.393096966805984,22.131385592959504,22.35306930541992,13767800
2012-08-17,22.3992548540538,22.408491284332573,22.26686053896165,22.343833923339844,24208200
2012-08-20,22.28532809602953,22.34690819830194,22.189881873808183,22.266855239868164,11135600
2012-08-21,22.368463063125144,22.48546174652009,22.15909539086405,22.19604110717773,17460400
2012-08-22,22.12523373058352,22.30073298423272,22.057496764430905,22.2791805267334,17077600
2012-08-23,22.22682460484214,22.28840234330656,21.989745378769808,22.03285026550293,14657200
2012-08-24,21.99591524609004,22.223755807925297,21.87891419752065,22.16217803955078,14983200
2012-08-27,22.18680477980317,22.32227867101693,22.097515383234185,22.171411514282227,12135600
2012-08-28,22.125226060253407,22.25454076041873,22.085200752785344,22.186803817749023,13641600
2012-08-29,22.199118384708324,22.21759358997933,22.01746236766861,22.03901481628418,12703800
2012-08-30,21.95279970307672,21.95279970307672,21.74035251173747,21.805009841918945,15570800
2012-08-31,21.986678698954066,22.134466281884432,21.854284383514912,22.023624420166016,20299800
2012-09-04,22.002066108032626,22.01746172046579,21.675699796007294,21.854278564453125,17550000
2012-09-05,21.84196713240049,21.92201775655442,21.73420252081281,21.77115058898925,14450000
2012-09-06,21.94356884613113,22.377699811335884,21.940491602421748,22.229909896850582,27044200
2012-09-07,22.28225529625633,22.62093770465263,22.26070284342316,22.61477851867676,26845200
2012-09-10,22.5839894686861,22.73177939347726,22.507016087845965,22.516252517700195,11684200
2012-09-11,22.58398674179536,22.81798644902672,22.58398674179536,22.75640869140625,15011000
2012-09-12,22.891875089494462,22.95345518233308,22.79950847379708,22.894954681396484,16683400
2012-09-13,22.94729808829995,23.402981420642547,22.768719326365648,23.267507553100582,28348400
2012-09-14,23.4306985917772,23.815565527742788,23.40606654410547,23.575408935546875,30480600
2012-09-17,23.47995643455068,23.64929643185651,23.31985051636106,23.39682388305664,20367000
2012-09-18,23.319853516169367,23.329089945514472,23.048908076201844,23.23056411743164,19840400
2012-09-19,23.20902025923888,23.230572718704405,22.98425923181865,23.00581169128418,29613600
2012-09-20,22.80874848269028,23.116641948118467,22.716379503445527,23.070457458496094,23487600
2012-09-21,23.269630973808948,23.27890875881324,23.0407702919878,23.096439361572266,25396400
2012-09-24,22.89540948600409,23.04076772704636,22.89231610482744,22.97891426086425,14781000
2012-09-25,23.04077240069303,23.08407030771485,22.70675795261701,22.72840690612793,26986600
2012-09-26,22.635626429863024,22.663459787105754,22.434599086949422,22.51191711425781,31606200
2012-09-27,22.68509957651407,22.88303345770161,22.589226016439536,22.818086624145508,16654600
2012-09-28,22.75314439438017,22.77479334327925,22.573766040897315,22.70984649658203,16897200
2012-10-01,22.86757195343379,23.050041297002824,22.79334497611528,22.82427406311035,22242800
2012-10-02,22.9789163051186,22.9789163051186,22.72531329591734,22.864484786987305,17582200
2012-10-03,22.821182924507863,22.8521096549832,22.47479740833258,22.58304214477539,25151600
2012-10-04,22.70984993419093,22.86757936265036,22.663458648225355,22.80881690979004,22754600
2012-10-05,22.93870447647855,22.96654018442291,22.68200814120115,22.756235122680664,27778400
2012-10-08,22.62942882847048,22.82117829380241,22.60777988557476,22.79334259033203,10885600
2012-10-09,22.814993921277,23.00365002606827,22.7871605744511,22.82427406311035,20581200
2012-10-10,22.69130338396605,22.728414539844028,22.33563986292362,22.39749336242676,30383600
2012-10-11,22.613975938672976,22.75314743453976,22.55212010529758,22.564491271972656,16543400
2012-10-12,22.558313205692965,22.5985177390125,22.279967776205392,22.44078826904297,21523600
2012-10-15,22.40057977536843,22.58923595758064,22.23975931096343,22.55521583557129,16188000
2012-10-16,22.688203614032496,22.957271216199818,22.688203614032496,22.913970947265625,26698600
2012-10-17,22.97891756568369,23.21705604024809,22.93252627959589,23.20159149169922,20691400
2012-10-18,23.09643932555992,23.254168749063098,23.080974777537715,23.19849967956543,28824800
2012-10-19,23.179932586512475,23.22632385268088,22.75004474849703,22.83354949951172,28185200
2012-10-22,22.84283121086363,22.91705583376848,22.49026130261782,22.7191219329834,21687800
2012-10-23,22.335635389847106,22.357284346293618,22.029456617372297,22.19027709960937,30857000
2012-10-24,22.301608925161165,22.344906825747405,21.979965692550085,22.020170211791992,21391000
2012-10-25,22.239755733233896,22.27996025297765,21.96450141955892,22.227384567260746,19586400
2012-10-26,22.18408724909286,22.391298975581343,22.143880368733893,22.25521850585937,22016800
2012-10-31,22.344912305447263,22.412952554356647,22.066566905163075,22.249038696289062,22251600
2012-11-01,22.16243647439341,22.38820375197335,22.12532297855245,22.344905853271484,18981600
2012-11-02,22.41912867812592,22.480984499541147,21.902644956989928,21.976869583129883,22529800
2012-11-05,21.9335719531804,22.202639470584497,21.908829624315075,22.143877029418945,14834800
2012-11-06,22.25522080045137,22.5954196502733,22.24284963287762,22.49954605102539,21038400
2012-11-07,22.168620731049675,22.218103032286106,21.757288336536224,21.911924362182617,38087200
2012-11-08,21.896465596214533,21.979968024903343,21.50368870835681,21.51605987548828,30026600
2012-11-09,21.448016609594355,21.763475428036337,21.386163142223808,21.50987243652344,24455400
2012-11-12,21.5933756772057,21.61811800892124,21.46348197503705,21.55317115783692,11166800
2012-11-13,21.36142155476072,21.744918256831337,21.33977260447186,21.46348190307617,22601200
2012-11-14,21.53152340445158,21.57172792605541,21.148024320217186,21.20369338989257,38484200
2012-11-15,21.21297130612741,21.423276419584365,21.089264359024668,21.231529235839844,29302200
2012-11-16,21.26245536466448,21.34595778752715,20.9593676899878,21.315031051635746,42955400
2012-11-19,21.605746823624,21.840794255592897,21.590282276426045,21.806774139404297,22916200
2012-11-20,21.748015777538544,21.83151821324352,21.56863737839861,21.72018241882324,15425000
2012-11-21,21.78821332595362,21.86553133258874,21.698526514668192,21.83769798278809,11737000
2012-11-23,21.93976660850596,22.1469783782959,21.887188550861406,22.1469783782959,9004800
2012-11-26,21.955215197865765,21.97067973927904,21.778930279719987,21.93047523498535,18781000
2012-11-27,21.86553124821826,21.96140718057552,21.707804214173205,21.748008728027344,15576000
2012-11-28,21.540801956428965,21.979967766416458,21.4727617177855,21.945947647094727,23175800
2012-11-29,22.091305492908244,22.17790130061736,21.918113877490025,21.99543190002441,21902200
2012-11-30,22.020167478341385,22.09748548544168,21.896460554627566,21.976869583129883,16730200
2012-12-03,22.14388153513185,22.174808272727127,21.831516058434232,21.856258392333984,19533000
2012-12-04,21.8655352158856,21.96759556906376,21.76347722226616,21.775848388671875,22791600
2012-12-05,21.84388056862568,22.048001221756177,21.785120492969,21.927385330200195,25062200
2012-12-06,21.880997368808035,21.998519897460938,21.84388387365311,21.998519897460938,16213600
2012-12-07,22.072740177457003,22.13459362435274,21.96449310605284,22.131500244140625,20768800
2012-12-10,22.12222602415574,22.2088218075725,22.06037256730324,22.10676383972168,11671600
2012-12-11,22.19645693640533,22.320166244736825,22.15315903242312,22.23666381835937,15749400
2012-12-12,22.304702656008907,22.521192162332387,22.242846825946017,22.317073822021484,18386600
2012-12-13,22.289241677818573,22.29233505970673,22.02017408296572,22.10986328125,21534600
2012-12-14,21.96141460133267,22.06965937486839,21.93048786025948,22.0263614654541,18883400
2012-12-17,22.10058188570493,22.236662351850946,22.060377365961173,22.227384567260746,18989000
2012-12-18,22.22428214226065,22.685096679339978,22.180984258752936,22.6356143951416,22374000
2012-12-19,22.672734722327835,22.697477054249937,22.46861638286708,22.480987548828125,16181200
2012-12-20,22.484076685526293,22.651083872660223,22.437687766510017,22.63252830505371,18014800
2012-12-21,22.35618719162848,22.468092659356863,22.26915013263574,22.402814865112305,30420400
2012-12-24,22.35618168247123,22.37794094185736,22.194541808685926,22.231842041015625,7179600
2012-12-26,22.36551170732245,22.37483913905765,22.10129139279156,22.13237571716309,13040200
2012-12-27,22.13548133583694,22.16034974000646,21.818417483211,22.09196281433105,23321600
2012-12-28,21.95830045582751,21.970734659242662,21.687861867606863,21.706514358520508,23604800
2012-12-31,21.669217627673564,22.206985806275505,21.625699089703748,22.200767517089844,32769600
2013-01-02,22.676360719313777,22.69811998451569,22.38105606706175,22.691904067993164,29091600
2013-01-03,22.657706655663244,22.887733472284243,22.555126264025446,22.68568420410156,19572000
2013-01-04,22.719876393523908,22.968555711639524,22.70744456204169,22.937471389770508,18585400
2013-01-07,22.83178194195541,22.83178194195541,22.673251188307063,22.76028823852539,15946800
2013-01-08,22.698116034983453,22.704334322006027,22.54269206156193,22.68568420410156,14751400
2013-01-09,22.75095683323799,22.778932003755823,22.55201438206309,22.64837646484375,14745000
2013-01-10,22.83489220808354,22.89395408288421,22.710552542410383,22.85354232788086,16733600
2013-01-11,22.87840635969749,22.915708963739643,22.797585236730185,22.881515502929688,12732800
2013-01-14,22.86908876094624,22.94990991027552,22.80381096126643,22.884632110595703,16794200
2013-01-15,22.797588061595302,23.005857995494125,22.750962765242,22.987205505371094,19279000
2013-01-16,22.94990968509434,23.092899488454105,22.915716213466773,23.08979034423828,17170400
2013-01-17,23.204803202414368,23.38198646394782,23.13952540833173,23.23588752746582,21004000
2013-01-18,23.254538937646146,23.46591567993164,23.20480448912244,23.46591567993164,26813000
2013-01-22,23.425503663198405,23.72080829179229,23.360225872822344,23.68972396850586,20299600
2013-01-23,23.63377229326001,23.67418404976052,23.518760054806464,23.60890388488769,14338600
2013-01-24,23.63688248341005,23.87001848616012,23.61201407393701,23.677291870117188,17641600
2013-01-25,23.792307641136105,23.950840794751084,23.75189825246577,23.901103973388672,15590600
2013-01-28,23.99124856781655,23.99124856781655,23.72080995593004,23.86069297790528,14902400
2013-01-29,23.92597028921889,24.29277101411366,23.916645228925447,24.246143341064453,23292000
2013-01-30,24.295877681171035,24.429540027193227,24.084500973601624,24.12491035461425,19886000
2013-01-31,24.04720513755919,24.165326541806284,23.95705891921967,24.044095993041992,21030600
2013-02-01,24.17154025671126,24.298986698810072,23.985031937874343,24.26790237426757,23636600
2013-02-04,24.059631575883262,24.14666862160384,24.02232896846804,24.037872314453125,21348000
2013-02-05,24.20262481197372,24.31142113470056,24.109369465875293,24.246143341064453,23370200
2013-02-06,24.11558549592081,24.274116249230605,24.04408942106173,24.26168441772461,22772800
2013-02-07,24.24303482660747,24.298987561403013,24.0378763800785,24.19951629638672,23861800
2013-02-08,24.233708864217142,24.43576053076961,24.233708864217142,24.42643547058105,18895400
2013-02-11,24.4295397694987,24.4295397694987,24.271009019180195,24.30520248413086,13922000
2013-02-12,24.361154524758568,24.413998106709105,24.230596584270327,24.370479583740234,14405400
2013-02-13,24.395347077941608,24.479274977224783,24.37980373249805,24.45751571655273,11385800
2013-02-14,24.40778596103781,24.715527214355017,24.33629224313503,24.66889953613281,14621400
2013-02-15,24.63782067412233,24.64714573751924,24.25547647377004,24.386032104492188,28675600
2013-02-19,24.47617290621941,24.69065880309221,24.469956989194824,24.66889953613281,15394000
2013-02-20,24.65957107475422,24.66267784704704,24.13112808040111,24.15288734436035,25535400
2013-02-21,24.031650694208807,24.07516921103302,23.80473305242273,23.98502540588379,24524800
2013-02-22,24.13734325198929,24.24613955773975,23.944616673530184,24.236814498901367,13129200
2013-02-25,24.395351154128804,24.46995400724376,23.587144487652687,23.60268783569336,27616000
2013-02-26,23.733244556254395,23.894886845910705,23.45659002329323,23.835824966430664,33703000
2013-02-27,23.76432862259717,24.26479409171785,23.76432862259717,24.19951629638672,21989200
2013-02-28,24.17464058144441,24.392235538371065,24.137340350574537,24.1497745513916,19879800
2013-03-01,24.05340983371872,24.22437712866964,23.944613542195984,24.180858612060547,26525400
2013-03-04,24.09693454473842,24.162214708014407,23.88866696577416,24.12802124023437,20843400
2013-03-05,24.28965555094831,24.3766925864862,24.1870751712438,24.28343963623047,19969800
2013-03-06,24.38602137927208,24.432649047332028,24.22127234083109,24.311418533325195,16400200
2013-03-07,24.367377365334427,24.476173703676103,24.25858102699275,24.43576431274414,16932400
2013-03-08,24.53522866617869,24.594290535290693,24.39845480995369,24.553878784179688,15633400
2013-03-11,24.473061729185787,24.60672645119051,24.36737218613047,24.566314697265625,16334200
2013-03-12,24.58807149279938,24.72484534482217,24.51657779493769,24.59428977966309,17046600
2013-03-13,24.556985916644567,24.63158875412068,24.47616479262293,24.5383358001709,15565400
2013-03-14,24.57875121170157,24.91135847611519,24.57875121170157,24.87405586242676,21982200
2013-03-15,24.86687148635939,24.963665427968056,24.74822077141297,24.854381561279297,22493200
2013-03-18,24.539022416256604,24.80442920847029,24.520288715991207,24.6545524597168,16094000
2013-03-19,24.69513739615071,24.69513739615071,24.164328695256067,24.382896423339844,24704200
2013-03-20,24.560871774653144,24.601462236433072,24.3797714703258,24.520278930664062,13646000
2013-03-21,24.401639526873883,24.59210676570104,24.376659670126983,24.39539337158203,16555000
2013-03-22,24.46407524905304,24.629562553088,24.44846463260603,24.588972091674805,15809600
2013-03-25,24.68577514179796,24.78881525373017,24.392270192641085,24.49530792236328,19679000
2013-03-26,24.626455126986905,24.78569636446929,24.58898533935024,24.754472732543945,13862400
2013-03-27,24.617079360463013,24.87623996286633,24.55150903615792,24.835649490356445,11389400
2013-03-28,24.835652393736822,24.938692507780512,24.75134597962469,24.763835906982425,13790600
2013-04-01,24.763834047713207,24.83565052907563,24.545266290888243,24.713876724243164,14815600
2013-04-02,24.754464598567,24.77319829512449,24.49530401254345,24.5733642578125,16816200
2013-04-03,24.58273567402429,24.59834629514031,24.03943460345428,24.1143741607666,31487000
2013-04-04,24.09563888293357,24.229902616494687,23.93015152389056,24.083148956298828,27505400
2013-04-05,23.77090856348242,24.16433292510989,23.72719501021381,24.13623237609864,33239600
2013-04-08,24.173696649834767,24.311083446467475,24.08939263148904,24.298593521118164,17807200
2013-04-09,24.35480197357107,24.607716462527826,24.23927192712642,24.50467872619629,19159600
2013-04-10,24.56711556148256,24.73260286712476,24.52964579366937,24.63580894470215,18383600
2013-04-11,24.74822766173155,24.86063463653872,24.58274027721276,24.741981506347656,22622600
2013-04-12,24.576490106330684,24.62332673521618,24.22053553833673,24.354799270629883,38874200
2013-04-15,24.083147673062825,24.09563759903206,23.3431380215114,23.36187171936035,49586400
2013-04-16,23.596047572513235,23.68347465393728,23.324397099051968,23.64912796020508,32920800
2013-04-17,23.43993345106996,23.4649133045868,22.955958913573543,23.130815505981445,41253400
2013-04-18,23.19638923038123,23.4742835903579,22.98406520882722,23.32752990722656,41071200
2013-04-19,23.50550700225046,23.552343638462848,23.14018552777233,23.28069305419922,26833000
2013-04-22,23.39621761670506,23.62727528367604,23.193260495542432,23.530481338500977,26696000
2013-04-23,23.62416195663854,23.82399606318613,23.51175497392921,23.80213928222656,27895200
2013-04-24,23.889557354012616,24.23302194561009,23.86457750460673,24.120615005493164,27430200
2013-04-25,24.17994183507636,24.42973318542797,24.023821347778,24.13934898376465,27277600
2013-04-26,24.086272585286164,24.158089069528664,23.90829529553124,24.09876251220703,22324800
2013-04-29,24.245510297330195,24.44222123866797,24.136226441031432,24.342304229736328,24429400
2013-04-30,24.370411153483293,24.44847140396568,24.15184102280675,24.43910217285156,20071000
2013-05-01,24.229901441531304,24.29547176652662,24.03006738948563,24.05817031860352,30648000
2013-05-02,24.154963597630303,24.442224741702567,24.07065719482469,24.37353134155273,27194200
2013-05-03,24.545263839339693,24.879361595522827,24.539017685648616,24.81379127502441,28098000
2013-05-06,24.826282303235363,25.0823198251234,24.826282303235363,24.982402801513672,24014400
2013-05-07,25.09481201446183,25.285279230118736,25.0011387541614,25.17599296569824,19401200
2013-05-08,25.15725479813769,25.263417966435675,25.06046085997357,25.21658134460449,14340800
2013-05-09,25.22594292854393,25.316493076599595,25.057332554461905,25.194719314575195,16271200
2013-05-10,25.05422605859816,25.104185779777342,24.84502508613425,25.0635929107666,26442200
2013-05-13,25.00114401157481,25.07296051053521,24.91996066105664,25.060470581054688,14846200
2013-05-14,25.082324062785723,25.41642189025879,25.06671105743617,25.41642189025879,19200600
2013-05-15,25.29776595620414,25.4257859156584,25.13227859961001,25.344602584838867,26097200
2013-05-16,25.272784541648736,25.41329202341657,25.16349829781873,25.219701766967773,24110800
2013-05-17,25.357085427434484,25.66932635482396,25.328984887429858,25.641225814819336,29314200
2013-05-20,25.628739295745184,26.05963097517632,25.628739295745184,26.003427505493164,20384400
2013-05-21,26.065883667492024,26.17516755756607,25.862926510377285,25.950353622436523,21676600
2013-05-22,25.98781551156289,26.212626996192927,25.52569785392519,25.65059471130371,39678800
2013-05-23,25.32898819682955,25.6630859375,25.24468180138204,25.6630859375,25583400
2013-05-24,25.43514814979151,25.516331465880505,25.29151759499372,25.513208389282227,17330000
2013-05-28,25.872292281721133,25.987822321958834,25.6506014333272,25.781742095947266,21416800
2013-05-29,25.58814954120711,25.822330296186585,25.53819221889393,25.725536346435547,25506000
2013-05-30,25.65372072403328,25.79422821578496,25.48823099929525,25.66620826721192,24149600
2013-05-31,25.56003321069097,25.641216489305084,25.132262438149024,25.135385513305664,30014400
2013-06-03,25.229068176786534,25.38518864228098,25.11353817472531,25.378942489624023,36730800
2013-06-04,25.254054385124896,25.41329798208669,24.991773055738484,25.17911720275879,31962000
2013-06-05,25.10417112293398,25.194721278046387,24.86999042660476,24.88560104370117,35592200
2013-06-06,24.901226351490656,25.08544744686828,24.698269171243325,25.072959899902344,36648400
2013-06-07,25.238440853348944,25.41017197573517,25.09168720073229,25.388315200805664,21164000
2013-06-10,25.49760197463939,25.503845746655934,25.232195210844303,25.31650161743164,15888000
2013-06-11,25.007375053248573,25.17286474795219,24.901214280029265,24.93243789672852,21191800
2013-06-12,25.182234880790592,25.225948426315608,24.723240270568336,24.779443740844727,18689400
2013-06-13,24.773192188265607,25.26028961857225,24.74196857429688,25.194719314575195,24786000
2013-06-14,25.21033965160365,25.23531950529453,24.89185485477982,24.951181411743164,20796800
2013-06-17,25.11978784742622,25.375825375708423,25.10730030359668,25.31025505065918,22195000
2013-06-18,25.275918222137783,25.53195585042586,25.26655136950212,25.453895568847656,15483400
2013-06-19,25.43202571906308,25.572535583040427,25.194724300175604,25.219701766967773,30107200
2013-06-20,24.888726607024434,24.901216531275164,24.407875243313985,24.48281478881836,50979600
2013-06-21,24.688003306343152,24.71310048582977,24.236220564805546,24.524858474731445,41108400
2013-06-24,24.258180852960844,24.430737417263504,23.85032118840561,24.16092300415039,37809600
2013-06-25,24.427594517705028,24.549951914029243,24.264449726855112,24.47151756286621,25080600
2013-06-26,24.590742333935268,24.697414319709807,24.411912069620183,24.62211799621582,22405600
2013-06-27,24.74761238163507,24.89193133998725,24.65662822218165,24.669178009033203,16327000
2013-06-28,24.5750588672323,24.760162842671825,24.48721275050661,24.56564712524414,21635400
2013-07-01,24.71937720123516,24.948404229216475,24.669178053738,24.7413387298584,23921400
2013-07-02,24.74761472029254,25.00487939099317,24.67231838569481,24.794675827026367,17383600
2013-07-03,24.72879064092615,24.81977480679165,24.58133362706231,24.77898979187012,10511600
2013-07-05,24.923304337721408,25.09585850281001,24.735059948712983,25.08644676208496,20617000
2013-07-08,25.2088120427523,25.400192142619627,25.193126601193025,25.24959945678711,23158400
2013-07-09,25.390776991658942,25.54137205091003,25.34057784069949,25.506860733032227,18514600
2013-07-10,25.600973628734696,25.600973628734696,25.296647940800565,25.349985122680664,21623000
2013-07-11,25.67000640914529,25.68882989630466,25.41587975798364,25.55392265319824,28972400
2013-07-12,25.522553226257635,25.713933353335328,25.516279527467447,25.6982479095459,17555600
2013-07-15,25.71392079383438,25.76411993414872,25.62921273658739,25.67627143859864,20790200
2013-07-16,25.6919734571764,25.742172625214064,25.35627430021578,25.51941680908203,13447600
2013-07-17,25.59469633811109,25.70764198773936,25.55390894630705,25.632343292236328,15846000
2013-07-18,25.720198094761106,25.977462716923853,25.70764830909135,25.90530204772949,18839000
2013-07-19,25.99942923762174,26.26610565185547,25.939818342646586,26.26610565185547,21369600
2013-07-22,26.22845759361306,26.300618280261745,26.156299300591822,26.181396484375,13604600
2013-07-23,26.24728283361084,26.34140265616499,26.19394563450669,26.225318908691406,12019400
2013-07-24,26.25355344040283,26.27237692397226,25.80177068571956,25.93354225158692,18677200
2013-07-25,25.91158194837849,26.14061140284643,25.83628560995685,26.10610008239746,19242200
2013-07-26,25.986874023543216,26.059032297904984,25.81431746550104,26.04020881652832,13660200
2013-07-29,25.95864151163368,25.98060304209997,25.720202721893227,25.823734283447266,16587200
2013-07-30,25.83000379455777,25.883338584443184,25.626073981530755,25.773530960083008,15870400
2013-07-31,25.820600783665203,26.046489804304542,25.801774903391298,25.858247756958008,22495000
2013-08-01,26.068451935111185,26.306893143825874,26.059040191571896,26.278657913208008,21293400
2013-08-02,26.18139634686315,26.19708418106925,25.99315430452706,26.162572860717773,16371000
2013-08-05,26.06844542856175,26.118644573078573,25.968049533155053,26.09982109069824,10382000
2013-08-06,26.03707337625083,26.165706894863487,25.8676548460334,25.939815521240234,12988800
2013-08-07,25.867652751144345,25.94608711654336,25.742159681407426,25.84882926940918,14067200
2013-08-08,25.97432387147777,26.046482144821084,25.7641203536491,25.990009307861328,13478600
2013-08-09,25.98374363603128,26.04335453612681,25.78608984244838,25.911582946777344,19630000
2013-08-12,25.73588086916446,25.902161323239387,25.726469129292543,25.80176544189453,12627000
2013-08-13,25.82686774284253,25.90844015307303,25.682548797743568,25.84882926940918,13832600
2013-08-14,25.789213199118088,25.89902320349364,25.710778849493487,25.729604721069336,12425000
2013-08-15,25.569605014184912,25.7013741833458,25.475482811283104,25.588428497314453,21638000
2013-08-16,25.53823241287313,25.57901742526367,25.38450171149496,25.48489761352539,17900800
2013-08-19,25.42214424390856,25.45038185804304,25.06448375571644,25.080171585083008,21694800
2013-08-20,25.092728676034,26.04021496243498,25.051941265255643,25.2339096069336,18071200
2013-08-21,25.164876416108992,25.31547142040304,25.04565706652824,25.095853805541992,18975800
2013-08-22,25.20880320275354,25.56960174288151,25.155468411625307,25.46920585632324,16674400
2013-08-23,25.55079005647856,25.69197101431147,25.397056914201656,25.651185989379883,14785000
2013-08-26,25.72333728021613,25.823733185741176,25.557056786092826,25.607255935668945,14524000
2013-08-27,25.419005123876605,25.632346668651653,25.397043599868585,25.447242736816406,20401000
2013-08-28,25.52881591938821,25.97118445756252,25.51940178570223,25.87078857421875,23796400
2013-08-29,25.823726411420584,25.839414239954543,25.55705008172925,25.60097312927246,22817600
2013-08-30,25.698236158143946,25.729609425004227,25.52881764474624,25.5915641784668,17082600
2013-09-03,25.848830672712182,25.939814828749693,25.654312574256792,25.7798080444336,17268800
2013-09-04,25.74844146144008,25.996294421152257,25.691968604877456,25.91786003112793,14980000
2013-09-05,25.968051703529174,26.12492045281469,25.95550430997823,26.00570106506348,12230200
2013-09-06,26.109235472636325,26.206493332940862,25.823733194981177,26.0025634765625,16046200
2013-09-09,26.09667500460377,26.325704342043927,26.059025657817035,26.294328689575195,16869800
2013-09-10,26.322576869588502,26.341400353728545,26.07786200125928,26.30375099182129,18304400
2013-09-11,26.30060967882666,26.504539489746094,26.181387921930583,26.504539489746094,21400400
2013-09-12,26.45120113094965,26.5296354859992,26.32884372856248,26.34766960144043,21404800
2013-09-13,26.369632494487902,26.44179076444981,26.29119813536525,26.3382568359375,11958000
2013-09-16,26.54219092281153,26.56101679969889,26.2943380208338,26.331987380981445,16112600
2013-09-17,26.33826052283819,26.52650492598487,26.3037492085031,26.45120620727539,10843800
2013-09-18,26.44493010896685,26.88102497563553,26.36649574598865,26.771217346191406,22313200
2013-09-19,26.81200329818571,26.899849404837028,26.658272611545915,26.7053337097168,18277000
2013-09-20,26.722036247321373,26.78822642457994,26.438362341406503,26.488794326782227,27947800
2013-09-23,26.419458854920908,26.47934625293264,26.283925862657053,26.35957145690918,17040200
2013-09-24,26.35327161978065,26.58021083276056,26.2776260170308,26.384790420532227,11080800
2013-09-25,26.46042737814013,26.54237815710358,26.37217380297776,26.37847900390625,22387400
2013-09-26,26.44466774414436,26.48564192902836,26.29967939217469,26.42575454711914,15440400
2013-09-27,26.315437389052523,26.36902197470897,26.23033641962309,26.3343505859375,14342000
2013-09-30,26.01600912204599,26.22403508057725,25.968729729965776,26.132631301879883,20866400
2013-10-01,26.060135464905454,26.36902540374781,26.047527466919057,26.2996826171875,21688200
2013-10-02,26.18936706629433,26.391092658850145,26.050683877620447,26.35957145690918,15428400
2013-10-03,26.33435037057688,26.350108562334505,26.00339708218459,26.12947463989257,20280200
2013-10-04,26.1862115749978,26.46358030099133,26.072742004198265,26.394237518310547,18626200
2013-10-07,26.120019217128743,26.343805739584656,26.088498024187,26.17675399780273,15857400
2013-10-08,26.186207374390364,26.24294215068913,25.87101470711478,25.89623069763184,21146800
2013-10-09,25.896232906323657,25.91829629872557,25.62831719250549,25.804826736450195,26219400
2013-10-10,25.98448628537448,26.287070980980005,25.97818108488908,26.283918380737305,25655200
2013-10-11,26.16728903604358,26.64953574216376,26.14207545521138,26.56758499145508,23850800
2013-10-14,26.410008616079608,26.763025466110253,26.35012120636739,26.747264862060547,16739800
2013-10-15,26.649547576904297,26.822902143980745,26.54868599459788,26.649547576904297,22783600
2013-10-16,26.82920318680943,27.13178788682581,26.81659519038424,27.04983711242676,25208800
2013-10-17,27.021468328377523,27.119177285375223,26.945820357092977,27.106569290161133,24574000
2013-10-18,27.31774773841337,27.418609295171883,27.19482279126172,27.402851104736328,25901200
2013-10-21,27.39024899777583,27.497413372800413,27.220044633269392,27.279932022094727,15707000
2013-10-22,27.412321651525687,27.60773967309832,27.311460039018048,27.43123245239257,28575800
2013-10-23,27.204286652858865,27.229502651078395,26.923765285673923,27.0025634765625,33670600
2013-10-24,27.030926685747897,27.17906763983576,26.8575697384686,27.13178825378418,15746600
2013-10-25,27.19167255601882,27.368182099243345,27.11287438280073,27.29568672180176,17492200
2013-10-28,27.3114481348212,27.37763831373565,27.169609975950696,27.317750930786133,15322400
2013-10-29,27.387090540380964,27.52892627810652,27.365027149963005,27.5100154876709,12934000
2013-10-30,27.50056377232845,27.61718593998824,27.109725487742264,27.32405662536621,22793200
2013-10-31,27.3461200774561,27.47850043796204,27.141244335875275,27.2294979095459,18169600
2013-11-01,27.220041825224744,27.24525781841618,26.803987556483897,27.13178825378418,24695200
2013-11-04,27.264175572368725,27.491114759577624,27.204288174430243,27.469051361083984,14466400
2013-11-05,27.3492728620495,27.424920850696267,27.19482909350609,27.22004508972168,16054600
2013-11-06,27.383950351974672,27.506875354979467,27.207443148630404,27.302001953125,18167400
2013-11-07,27.37449704518154,27.41232105081698,26.791390785502,26.8796443939209,41767000
2013-11-08,26.892243902152885,27.305145613157755,26.85441990846377,27.279932022094727,26485800
2013-11-11,27.327209719207755,27.41861590278708,27.2421087371055,27.33036231994629,10358200
2013-11-12,27.27992631598225,27.32405309702474,26.999405034471035,27.078203201293945,17361400
2013-11-13,26.95843823784084,27.31775781665104,26.95528563669897,27.31460762023925,21806800
2013-11-14,27.302004589911665,27.49742261113591,27.286243986063667,27.47851181030273,19336200
2013-11-15,27.582513781286703,27.63609596301752,27.42491743168116,27.62979316711425,14739600
2013-11-18,27.74641607411656,27.77163207004881,27.330361760153384,27.418615341186523,20932400
2013-11-19,27.365031219875256,27.55729896699676,27.23265085767901,27.465892791748047,18912800
2013-11-20,27.57935989880367,27.67076606589294,27.31774939348569,27.39970016479492,26525600
2013-11-21,27.494262252387266,27.70544079940881,27.45959086052049,27.66131401062012,14242800
2013-11-22,27.755867472067308,27.81260225237509,27.51001755897672,27.80945205688477,15119000
2013-11-25,27.78108327239471,27.78108327239471,27.418611200973583,27.557296752929688,19505200
2013-11-26,27.528935009278783,27.661317798502715,27.37764382835138,27.487960815429688,13549200
2013-11-27,27.412318955215166,27.538396559631195,27.14440554878753,27.302001953125,18638600
2013-11-29,27.29883286989324,27.48164516568604,27.169602742089378,27.245250701904297,9953400
2013-12-02,27.273632721673305,27.450139920951965,27.109733523018868,27.26417732238769,19238800
2013-12-03,27.20113454642364,27.41546570677832,27.14439975677888,27.33036231994629,21690200
2013-12-04,27.295691488716887,27.387097674180566,27.024625533129377,27.24210929870605,20068600
2013-12-05,27.172764917699773,27.2893870933006,27.097119335955018,27.15070152282715,20142200
2013-12-06,27.38709284243768,27.43437222723006,27.15069832320518,27.235801696777344,23346000
2013-12-09,27.29568972225184,27.37764050473124,27.150701356160376,27.27362632751465,26144200
2013-12-10,27.21058838477496,27.35557674895285,27.157006198938934,27.191675186157227,21122800
2013-12-11,27.22004008500527,27.22004008500527,26.750403664304304,26.807138442993164,29365400
2013-12-12,26.80399585617633,27.04039045490289,26.753563854177496,26.920618057250977,21967200
2013-12-13,26.857571494107347,26.87333209206461,26.709430530335737,26.83235549926757,24326800
2013-12-16,26.977345362032068,27.153854930992075,26.90169977803764,27.06560134887696,24321600
2013-12-17,27.043534647707087,27.09081162896865,26.8228983146588,26.911151885986328,19712400
2013-12-18,26.989950231831635,27.32720632709827,26.731492312138784,27.317750930786133,30528000
2013-12-19,27.223187099560352,27.409149588661784,27.163299733029262,27.396541595458984,22421200
2013-12-20,27.38800063603818,27.55266565738938,27.372169040555413,27.44499969482422,31388600
2013-12-23,27.54633568657282,27.65716653718425,27.438672121959247,27.4735050201416,19535800
2013-12-24,27.49566430108951,27.65082745306861,27.460831411634707,27.6254940032959,11188800
2013-12-26,27.701498561356768,27.859829022595605,27.65716380955327,27.82182884216309,17715200
2013-12-27,27.916829408920883,27.995994643293823,27.824997447136525,27.95799446105957,11731800
2013-12-30,27.99282756452433,28.021325889462403,27.729998404638494,27.75849914550781,14091400
2013-12-31,27.82499945587088,28.03716171948322,27.72366804519547,28.02766227722168,16150800
2014-01-02,27.85983138746148,27.94216149482381,27.51783698233212,27.6286678314209,22267200
2014-01-03,27.65716010309217,27.767993343850986,27.47033134351504,27.52733039855957,19428600
2014-01-06,27.60966474560825,27.657161948038123,27.410166831678968,27.565332412719727,18513200
2014-01-07,27.64449661606909,27.793325204732504,27.50199776625441,27.77432632446289,13302000
2014-01-08,27.77750171424767,27.78700115715405,27.476672331933216,27.5811710357666,21883000
2014-01-09,27.609666536342285,27.657163741852784,27.26767216108008,27.495668411254883,24445400
2014-01-10,27.514666424139133,27.552666603278027,27.337337086686347,27.5178337097168,20940200
2014-01-13,27.44183145922743,27.48299650155039,26.94467158661827,26.97000503540039,33435200
2014-01-14,27.07767863067592,27.334173228211903,27.07767863067592,27.32150650024414,26444200
2014-01-15,27.359505504592537,27.38483895943585,27.201175035718656,27.242340087890625,23335800
2014-01-16,27.191673617777507,27.286670442638496,27.06500876869848,27.28033828735352,22594200
2014-01-17,27.34682704381058,27.49565800724399,27.20116336485645,27.23599624633789,25265800
2014-01-21,27.42916127476145,27.524158071814977,27.229663410681404,27.460826873779297,25451600
2014-01-22,27.52733707832207,27.61916904572939,27.41333894057032,27.58750343322754,21115200
2014-01-23,27.43866325614204,27.495662306029487,27.144168567711983,27.273998260498047,29801600
2014-01-24,27.10933551044935,27.10933551044935,26.68817600092338,26.704010009765625,34852200
2014-01-27,26.75151336283218,26.805345134937863,26.422185743471903,26.6090145111084,32109000
2014-01-28,26.67235067643988,26.85284730638052,26.59951760095139,26.81167984008789,18225600
2014-01-29,26.57735774159894,26.846519107551376,26.438026128946607,26.66285514831543,40249800
2014-01-30,26.84335654703758,26.887691317358296,26.596361310891933,26.74835968017578,24531400
2014-01-31,26.438017782914,26.637515695493867,26.29235405927544,26.40318489074707,31966400
2014-02-03,26.377857142362288,26.488687987646585,25.896531162940143,25.93136405944824,50345600
2014-02-04,26.077024490192088,26.26385567646152,25.982027670266568,26.19735717773437,40679600
2014-02-05,26.197359650288327,26.203691805841963,25.906029760266755,25.94086265563965,54541800
2014-02-06,26.010527574271425,26.39051970895883,26.0010281332939,26.32718849182129,26056600
2014-02-07,26.488686956607584,26.653349575201936,26.327189207804427,26.612184524536133,24804600
2014-02-10,26.605848865983056,26.640681759712063,26.37152046665876,26.482351303100582,15922000
2014-02-11,26.510859369728745,26.91935235061405,26.48235862337634,26.8275203704834,21739400
2014-02-12,26.90984921079187,26.963680993702194,26.73568471792744,26.7641830444336,13624800
2014-02-13,26.637524619954867,26.960517782161546,26.5646915257686,26.890851974487305,19598000
2014-02-14,26.91301242272121,27.296171867484247,26.871847370549244,27.242340087890625,25236600
2014-02-18,27.28350889612871,27.400671902654302,27.23600926994717,27.3658390045166,17708000
2014-02-19,27.2803407166706,27.679334181224096,27.2803407166706,27.400671005249023,47644000
2014-02-20,27.39117492984417,27.63500282285717,27.353174742287056,27.5811710357666,18873800
2014-02-21,27.6413335614253,27.647665717174068,27.34683879251737,27.362672805786133,23165600
2014-02-24,27.444998709514707,28.018156562266945,27.429167114600315,27.77432632446289,37227800
2014-02-25,27.7204945762635,27.815491393621887,27.536830680400755,27.761659622192383,19166600
2014-02-26,27.774332238140406,27.805997850642253,27.50200362194804,27.58750343322754,20096600
2014-02-27,27.59700224526935,27.66033346882702,27.416505600605543,27.61600112915039,18666800
2014-02-28,27.634998339651787,27.86299459614367,27.590666002659606,27.75533103942871,20949000
2014-03-03,27.587502880237192,27.89466197287264,27.489336342738422,27.578001022338867,24927200
2014-03-04,27.818655990329937,27.961154826491413,27.71099245787652,27.87882232666016,21049000
2014-03-05,27.79332747439816,27.81866092744701,27.546332346999563,27.619165420532227,21730800
2014-03-06,27.6381679021782,27.84716529315613,27.62233630390892,27.81866455078125,15576600
2014-03-07,27.932663916082923,27.95166280121362,27.76483398827784,27.87249755859375,19705600
2014-03-10,27.844002689644743,27.935834672402823,27.682504898178344,27.91683578491211,17729000
2014-03-11,27.951661574649293,27.970662874877657,27.50833816817696,27.600170135498047,24536000
2014-03-12,27.40700997167534,27.673004046741656,27.37850922595729,27.60333824157715,18737400
2014-03-13,27.64449789445824,27.65399733503233,27.223338312179425,27.327836990356445,22545600
2014-03-14,27.296167523838623,27.460832538185763,27.25816976355147,27.353166580200195,21306800
2014-03-17,27.46083303431444,27.584330589340567,27.391167251288227,27.49883079528809,20838400
2014-03-18,27.600169807862432,27.815496936489254,27.51466999767817,27.729999542236328,13990400
2014-03-19,27.73949620854833,27.74899564963352,27.350004628469367,27.5210018157959,18645200
2014-03-20,27.384839963425588,27.673000171056408,27.293007998200224,27.6286678314209,17426800
2014-03-21,27.723179145258065,27.9109267767402,27.697721098605687,27.704084396362305,28260400
2014-03-24,27.79000258288845,27.917290378654663,27.59588924060285,27.64680290222168,20088000
2014-03-25,27.78999360016034,27.91728135478256,27.78044744343077,27.89500617980957,14337600
2014-03-26,27.9904916695103,28.063682973662388,27.74546455664501,27.764556884765625,17128800
2014-03-27,27.77408810402724,28.07639689421446,27.707262563749023,27.990476608276367,22772600
2014-03-28,28.0827610341385,28.400979289482844,28.066849150246235,28.340517044067383,19911200
2014-03-31,28.48053385331893,28.509172330949863,28.25459918336196,28.340517044067383,16903200
2014-04-01,28.350061414593032,28.512353394366723,28.337334821657315,28.50917053222656,20494600
2014-04-02,28.448715682338324,28.661921354493654,28.426440499095424,28.611007690429688,20017200
2014-04-03,28.67465400380046,28.913317752076804,28.62692076858255,28.79557609558105,21584000
2014-04-04,29.011956151949352,29.05332607665536,28.639641396470235,28.6905574798584,27995600
2014-04-07,28.623732883970447,28.68101227062067,28.210050582885746,28.210050582885746,22489600
2014-04-08,28.280059486533016,28.553727402224983,28.22596053366344,28.49326515197754,23288800
2014-04-09,28.582371731599537,28.64283399422074,28.33416181024789,28.62373924255371,14449000
2014-04-10,28.51553957093357,28.700106751516127,28.16549995701638,28.22595977783203,24596600
2014-04-11,28.08594444756826,28.31187912195841,28.07321542576721,28.146404266357425,26911800
2014-04-14,28.362796347095788,28.588731049890253,28.229145243101254,28.53145408630371,19922800
2014-04-15,28.5123590831138,28.92286097984859,28.423258347911755,28.913314819335938,44885800
2014-04-16,29.081972313817136,29.26653952363601,29.04060480588386,29.260173797607425,26073400
2014-04-17,29.29835212265156,29.616570350301863,29.24743846868996,29.52746963500977,37082000
2014-04-21,29.556112887759173,29.7502262322284,29.502016362989146,29.727951049804688,17012800
2014-04-22,29.64520834550441,29.762947524386654,29.502008700420063,29.68021011352539,12690400
2014-04-23,29.67703626746208,29.91888040241605,29.67703626746208,29.836145401000977,17123400
2014-04-24,29.922055736609984,29.99206412620332,29.791587542395952,29.845684051513672,17753000
2014-04-25,29.762957855571543,29.855241455909063,29.575210219852902,29.66749382019043,17744200
2014-04-28,29.7693132172304,29.794768827781965,29.47018733598696,29.71839714050293,22334000
2014-04-29,29.861614612256822,30.122556040759005,29.8457051483475,29.85525131225586,16545200
2014-04-30,29.788413076654127,29.87433094312707,29.63885009815236,29.82978057861328,21643200
2014-05-01,29.788414665432043,29.86796923885157,29.677038748207288,29.76295661926269,21430600
2014-05-02,29.708870288399112,30.046181018566244,29.667502770035853,29.823429107666016,17422000
2014-05-05,29.712035814385512,30.014342149604744,29.6579368723234,29.963428497314453,16074600
2014-05-06,29.992058932216512,30.167079875889925,29.966600898989164,30.007970809936523,14953400
2014-05-07,30.14163501184775,30.310290306995693,29.972979716699804,30.268922805786133,19261800
2014-05-08,30.20846019080694,30.259373851076777,29.810687356959704,29.836145401000977,21932600
2014-05-09,29.874328287412176,29.92842723478068,29.692943982926764,29.80750274658203,17421600
2014-05-12,29.944342975246496,30.03344371505386,29.85205937249942,30.017534255981445,10427800
2014-05-13,30.074815437919856,30.173462344598303,30.03026506536745,30.1289119720459,9977600
2014-05-14,30.160728214690952,30.237099922166013,30.10026596454125,30.14163589477539,9969200
2014-05-15,30.081164735961178,30.090710893091824,29.57837941937567,29.797950744628903,22897600
2014-05-16,29.74385949991962,29.82977735711377,29.572021357718807,29.72158432006836,29622000
2014-05-19,29.638854151117705,29.8934297784194,29.638854151117705,29.81387519836425,10064400
2014-05-20,29.7502262322284,29.86796786950387,29.670671662456183,29.727951049804688,9351200
2014-05-21,29.86477408473579,30.09070868892219,29.823406597595824,30.049341201782227,11714800
2014-05-22,30.049347079466063,30.179815289234536,29.98252154356333,30.02070617675781,13738400
2014-05-23,30.01434928895826,30.12890806862632,29.95388703640765,29.96025276184082,10561200
2014-05-27,30.046175888340866,30.11300145020082,29.93161708863427,30.04299545288086,10114600
2014-05-28,30.03980796698384,30.195734253995965,29.976162850377804,30.09390449523925,15071000
2014-05-29,30.1511736513597,30.36756211874052,30.06843624176382,30.35165023803711,14556600
2014-05-30,30.268931641278115,30.36439569373828,30.18301132346918,30.329391479492188,11916000
2014-06-02,30.35801471988508,30.46620773524463,30.2052689259405,30.291189193725582,10151400
2014-06-03,30.22119301193873,30.43439869500792,30.21801014908028,30.396211624145508,11997200
2014-06-04,30.345286789985497,30.41211231854223,30.25300322355607,30.380290985107425,7373200
2014-06-05,30.348473204902227,30.60622919205825,30.288010964828626,30.55531311035156,12349600
2014-06-06,30.625328768840635,30.85126347239633,30.625328768840635,30.806713104248047,10840000
2014-06-09,30.848075485480457,31.01673075615517,30.77806708758249,30.85443878173828,11304000
2014-06-10,30.85762435231443,30.88308239520508,30.727153703359303,30.80352783203125,7532200
2014-06-11,30.7112494578832,30.962642211501308,30.64442390481707,30.92127227783203,11303400
2014-06-12,31.05809455733444,31.22993266960595,30.965810991791656,31.023090362548828,23739200
2014-06-13,31.10584033185464,31.322228883449625,30.92127312623857,31.31904602050781,19473200
2014-06-16,31.43041032360197,31.57679283104202,31.37313095089436,31.50678443908692,26773800
2014-06-17,31.443153834619068,31.490887071843783,31.284044662412207,31.48452377319336,20091000
2014-06-18,31.497246085827555,31.75181925041764,31.39223347187541,31.723180770874023,29727200
2014-06-19,31.74227528089888,31.95548095825588,31.65317454575344,31.94911766052246,17354000
2014-06-20,32.113444042570734,32.28608007751914,32.00794627600687,32.26689910888672,18192400
2014-06-23,32.36601038506343,32.45552484169867,32.282891211951295,32.38199615478516,15918400
2014-06-24,32.35319816109683,32.37877439796852,31.63068776260295,31.701021194458008,35497000
2014-06-25,31.569955287366465,31.972772614989577,31.534788559767662,31.94080352783203,27720600
2014-06-26,31.959976457813845,32.0015360167624,31.68503798702337,31.97595977783203,16160000
2014-06-27,31.899233500125323,31.991945536934608,31.790538143297848,31.97595977783203,16444200
2014-06-30,31.95358248281729,32.03990168295955,31.828901361798017,32.00153732299805,12589000
2014-07-01,32.0814466702492,32.18055394535804,31.9407822924577,32.02070617675781,13771600
2014-07-02,31.995147385806405,32.08785943481276,31.90563297685813,31.972768783569336,11852800
2014-07-03,32.12622644312198,32.12622644312198,31.91522850850859,32.09425735473633,7337600
2014-07-07,32.06228092960595,32.06547856943833,31.790540081882146,31.848085403442383,13864800
2014-07-08,31.800135582842103,31.876861877340986,31.67225679928736,31.796937942504883,20784600
2014-07-09,31.84809051491917,32.02711934891346,31.79693802572942,32.007938385009766,12816000
2014-07-10,31.71700451318967,31.81930702159225,31.537975733256207,31.701021194458008,29817400
2014-07-11,31.66267205544089,31.66906489818896,31.374945350070547,31.458066940307617,21610400
2014-07-14,31.611518580613566,31.76817127258381,31.566761365503577,31.72980690002441,13740600
2014-07-15,31.64348914985585,31.723413094280627,31.38773155206247,31.59233665466309,19908400
2014-07-16,31.72341311343464,32.084668464382084,31.713820191266294,32.07188034057617,16334800
2014-07-17,32.04629628556615,32.14540361114527,31.53158601343119,31.553964614868164,22035600
2014-07-18,31.633888896377435,31.72660094311391,31.490026805387696,31.64667701721192,16635600
2014-07-21,31.566752808423946,31.717010178026715,31.518797965495565,31.69463157653809,18793400
2014-07-22,31.83530644234868,32.0207305806217,31.803337352080803,31.92162322998047,11955800
2014-07-23,32.00154717312321,32.12942597327169,31.86407788980351,32.12622833251953,13402400
2014-07-24,32.17737356664395,32.27967609585875,32.04629715532374,32.15499496459961,11494400
2014-07-25,32.03990673110291,32.06867817629384,31.87686122443301,31.918420791625977,9605800
2014-07-28,31.892840633946985,31.947188312316435,31.646673602840472,31.84168815612793,14957200
2014-07-29,31.784148851922023,31.94399671672439,31.74578692538376,31.76177024841309,13657600
2014-07-30,31.912031180017923,32.01113608670814,31.470851902177305,31.57315444946289,21560600
2014-07-31,31.3717324891504,31.38771824689312,30.869810428489608,30.892189025878903,34569600
2014-08-01,30.80589071184104,30.90499563972073,30.377497026617405,30.6428451538086,35666600
2014-08-04,30.63644006019365,31.234269468791283,30.543728012857805,31.157543182373047,25793000
2014-08-05,31.02646809444862,31.090406257648,30.297559862918988,30.47659111022949,32879800
2014-08-06,30.412655578977773,30.920973085783068,30.358307887287864,30.56611061096192,23094000
2014-08-07,30.72275376530348,30.77710144447088,30.208043535342963,30.374286651611328,26513400
2014-08-08,30.46701105456997,30.914583228280755,30.393479946554383,30.882614135742188,23170000
2014-08-11,31.084009685268004,31.19590267697624,30.863418902268705,30.88579750061035,22407200
2014-08-12,30.84104949383953,30.84104949383953,30.53094422506953,30.658823013305664,19996200
2014-08-13,30.82506848835581,30.924175845055203,30.646039620643965,30.757932662963867,12978000
2014-08-14,30.802682583948155,30.850637430465323,30.53733454709333,30.582094192504883,15234800
2014-08-15,30.642838866050777,30.85383924363014,30.562914924074075,30.80908203125,22150600
2014-08-18,30.920962901998973,30.984901054801497,30.76111508090848,30.892189025878903,17195000
2014-08-19,30.95613106600544,31.18631232939793,30.93375246756918,31.128767013549805,11995400
2014-08-20,31.0904112261558,31.237470976283404,30.96253244023636,31.195911407470703,11895800
2014-08-21,31.237474185439208,31.25345994997829,31.08082393711418,31.22149085998535,11134400
2014-08-22,31.176735971440312,31.176735971440312,30.885814037235896,31.01369285583496,14766800
2014-08-25,31.100005841418792,31.311006232090342,31.09041535804014,31.28862762451172,8758000
2014-08-26,31.378141421894725,31.60832277468057,31.31739844294145,31.448474884033203,11193000
2014-08-27,31.477256471684715,31.51242321408035,31.30142519879258,31.3845443725586,7720200
2014-08-28,31.2886181156143,31.422889720279667,31.23746563436013,31.39092063903809,6209000
2014-08-29,31.46125375700097,31.582737240100865,31.34935831518174,31.56675148010254,10734800
2014-09-02,31.522003472205835,31.550777360777644,31.03286931825222,31.16714096069336,17284600
2014-09-03,31.37494437605359,31.4708540878947,31.231082247377223,31.250263214111328,14381800
2014-09-04,31.32378398223,31.336569663110208,30.684392618502034,30.82825469970703,24573000
2014-09-05,30.84424528926292,31.045652722304737,30.633244935432085,31.036062240600582,17549800
2014-09-08,30.882606133111665,30.908182376149096,30.412653033409185,30.55331993103028,21956200
2014-09-09,30.53732650589709,30.725948202106807,30.240009462683,30.41904067993164,19996600
2014-09-10,30.3902829599119,30.3902829599119,29.990663196861995,30.34552574157715,20865400
2014-09-11,30.10255370839392,30.409461343020272,29.974674917528333,30.36470413208008,25011400
2014-09-12,30.27518521307401,30.30395909762819,29.81802021318905,29.91073226928711,30880400
2014-09-15,29.878753809060857,30.201647083945016,29.72849647008256,30.121723175048828,26782600
2014-09-16,30.08016824804045,30.67800010510083,30.03541104367066,30.486183166503903,26910800
2014-09-17,30.55971043184028,30.61725575472501,30.23042425497718,30.31993865966797,22138600
2014-09-18,30.41904179918972,30.435025118351543,30.08336038869588,30.16328430175781,24569200
2014-09-19,30.225318381460585,30.363495039608665,30.12570350638965,30.13855743408203,18949200
2014-09-22,30.090338882186227,30.10640689566704,29.57940841507376,29.6950912475586,21259200
2014-09-23,29.6501108185156,29.903970312872417,29.601911665869405,29.60833740234375,18280200
2014-09-24,29.589051424548195,29.8043490991904,29.16488181036636,29.6340389251709,49479800
2014-09-25,29.61797761444101,29.630831539190737,29.16488841228163,29.180953979492188,26872800
2014-09-26,29.1841608203584,29.682239861170423,29.08133189955245,29.55691719055176,22969600
2014-09-29,29.18094652825801,29.54406306771993,29.11025118600401,29.48943328857422,30908600
2014-09-30,29.4605182317684,29.53121358464756,28.93994536645068,29.119897842407227,43464200
2014-10-01,29.116689477101865,29.26129185343288,28.435446112715656,28.525421142578125,37954600
2014-10-02,28.358323868584343,28.56398177189705,27.885952529163227,28.37760353088379,58485400
2014-10-03,28.51899697212454,28.535064993326547,28.091613105163766,28.332618713378903,40196000
2014-10-06,28.477215399355465,28.653951323818102,28.155874680366896,28.364744186401367,40244400
2014-10-07,28.21371863947046,28.57683280192117,27.985564551077378,27.995206832885746,35798600
2014-10-08,27.91487244411426,28.294054635452383,27.4649948939721,28.268346786499023,71977200
2014-10-09,28.05305525271478,28.10125441558481,27.153299954056173,27.23042106628418,73334800
2014-10-10,27.150075332853927,27.44571064310525,26.555595522130783,26.8480167388916,120948600
2014-10-13,26.790183171831195,27.117949706581875,25.983617083597995,26.01896476745605,95098600
2014-10-14,26.237473386651484,26.44313127568473,25.55301600291809,25.691192626953125,111991200
2014-10-15,25.35699868487269,25.95469019904311,24.907121163607567,25.88720893859864,138939200
2014-10-16,25.33129350769102,26.613442494555425,25.22525046511394,26.349943161010746,119592600
2014-10-17,26.83516443776393,27.603168568846883,26.34993926005388,26.57487678527832,76000000
2014-10-20,26.55238630740877,26.88658099441148,26.42063786971051,26.806245803833008,53005200
2014-10-21,27.11152488833348,27.68351113504562,27.10188260470704,27.622455596923828,62716400
2014-10-22,27.693149015465856,27.863459239660667,27.082601032181422,27.098669052124023,72285000
2014-10-23,27.481061242064005,27.895591124588265,27.336458877952616,27.603172302246094,53116000
2014-10-24,27.6160224861403,27.66422163322457,27.14365123163319,27.506765365600582,50494800
2014-10-27,27.06974060060097,27.085808616681778,26.65199915048541,26.92835235595703,47002800
2014-10-28,27.06974110780381,27.616021793531363,26.88979109217526,27.542112350463867,47250000
2014-10-29,27.844179524557013,28.075545282134875,27.36859408379856,27.63209342956543,53445000
2014-10-30,27.42001714724194,27.654594610467186,27.214359185659685,27.532485961914062,37592000
2014-10-31,27.59030976392583,28.12373399434645,27.33323625061137,28.09160041809082,40528600
2014-11-03,28.11090213733841,28.409749263118947,27.56462115332899,27.648170471191406,53211200
2014-11-04,27.313959827936188,27.330027843783093,26.841588601003217,27.07938003540039,46878200
2014-11-05,27.35252978086693,27.67387058089369,27.14044367606411,27.55497360229492,54890200
2014-11-06,27.38145218877044,27.908450960742663,27.291477147453623,27.90202522277832,46052600
2014-11-07,27.96628298633909,28.43222850993391,27.911655651321656,28.21050262451172,36084000
2014-11-10,28.45472706280931,28.58647550781972,27.873098583628217,27.956647872924805,45906800
2014-11-11,27.98236164375316,28.10768437839387,27.70922241316793,28.040203094482425,34761800
2014-11-12,27.86345429423326,28.152661440419905,27.76062535910414,27.79275894165039,35249200
2014-11-13,27.64493982462635,27.680287497496163,26.9765505851689,27.423213958740234,63176600
2014-11-14,27.558186931299343,27.73492289542361,27.371808684068068,27.702789306640625,35924600
2014-11-17,27.53247963254427,27.72206952631634,27.429650675392224,27.55818748474121,24430200
2014-11-18,27.54854725820025,27.808832515965168,27.448929945273928,27.58068084716797,39360600
2014-11-19,27.63209354677901,27.82168588567897,27.3878763141981,27.725282669067383,29492400
2014-11-20,27.779899753596727,28.11409434234027,27.70599277291036,28.07232093811035,33834600
2014-11-21,28.55755472650188,28.670023504154635,28.23299986673065,28.43865776062012,57370400
2014-11-24,28.345468882728287,28.499713530260102,28.09803756981168,28.22014617919922,33356200
2014-11-25,28.37438586899498,28.39687962078444,27.722062163830667,27.76062393188477,45108000
2014-11-26,27.63209911536546,27.702794494909494,27.3621739770731,27.410375595092773,41746400
2014-11-28,26.26639346544196,26.34994275086605,25.57229868734276,25.6494197845459,85076600
2014-12-01,25.5112453799394,25.819732247262547,25.27987961653812,25.739397048950195,103189000
2014-12-02,25.55623323450382,26.269610197259937,25.54659340283994,26.01896476745605,66469800
2014-12-03,26.186055189735207,26.54595768701692,26.09608017832358,26.33708572387696,63098400
2014-12-04,26.083228461055374,26.27603242347769,25.874356480249777,26.108936309814453,47159000
2014-12-05,26.051093054106232,26.12821414335481,25.694404645333123,25.79723358154297,46886600
2014-12-08,25.450189006426395,25.546592221880186,24.698252751775016,24.752880096435547,82385400
2014-12-09,24.698255074823305,25.12563894435904,24.61470577701398,25.022809982299805,67337800
2014-12-10,24.63076522465181,24.65968471096016,24.09091274884779,24.251583099365234,89067600
2014-12-11,24.219457654410103,24.852496988700448,24.180895874745204,24.23552322387696,71103400
2014-12-12,23.946316848739936,24.22267015031385,23.74387301455081,23.78564643859864,100108600
2014-12-15,23.98166826324948,24.206608343397622,23.522150720744136,23.57356643676757,94962200
2014-12-16,23.358262811385767,24.51508916514592,23.300421371115977,23.782432556152344,114568800
2014-12-17,23.917394054630925,25.00995318330713,23.872406542123866,24.76894760131836,124940400
2014-12-18,25.40520010668629,25.49838922277037,24.605062287969524,25.244529724121094,104527000
2014-12-19,25.53068165935492,26.08358746950765,25.24937766463238,26.051254272460938,93485600
2014-12-22,25.85725397840916,25.921920375891546,25.51774922446428,25.78611946105957,66476200
2014-12-23,25.97365883728505,26.18705995015631,25.78935686699682,26.099760055541992,53058400
2014-12-24,25.94778454414866,26.00921934056575,25.608279834395265,25.90898323059082,28095600
2014-12-26,26.009226740614107,26.1288598411086,25.78935750162588,25.90252494812012,28929200
2014-12-29,25.960721041780005,26.19028995399494,25.841085495894102,25.996288299560547,36448200
2014-12-30,25.96395272269612,26.01891940082434,25.708516288796886,25.789350509643555,38296200
2014-12-31,25.637388906001423,25.866957860993903,25.44338721541704,25.595355987548828,43083800
2015-01-02,25.45632061383148,25.79905701102312,25.34315070137132,25.714988708496094,55498200
2015-01-05,25.356077655881595,25.36577736762852,24.52510196907827,24.65120315551757,90790400
2015-01-06,24.60917685195125,24.809646660346672,24.117703278744823,24.2890739440918,83753200
2015-01-07,24.58330198568699,24.690003745504143,24.179130895650403,24.34079933166504,62384800
2015-01-08,24.53803692262332,24.94544210367573,24.437803273922903,24.88724136352539,56373800
2015-01-09,24.90341310207569,24.94544848824912,24.46690867266092,24.69001197814941,49904200
2015-01-12,24.376371260321854,24.376371260321854,23.84933294589952,23.978668212890625,57881200
2015-01-13,24.07567063233255,24.26320666808754,23.56479762466839,23.787900924682617,68102800
2015-01-14,23.5615630954433,23.89783380035508,23.18325701062692,23.862266540527344,104305000
2015-01-15,24.14357353946728,24.205008359733256,23.538934919708502,23.558334350585938,82692000
2015-01-16,23.697362073975853,24.356969656491952,23.677962649064,24.324636459350582,85483800
2015-01-20,24.198528383810107,24.36666492526632,23.904293136558287,24.353731155395508,56171600
2015-01-21,24.53157139102464,24.854908289705985,24.353735110004,24.84844017028809,56661600
2015-01-22,25.006878572851043,25.042445834762763,24.508941839817325,24.96484565734864,66037600
2015-01-23,24.85167850433231,25.14268225656932,24.748210777633066,24.787012100219727,42294800
2015-01-26,24.871078696452447,25.207349435274512,24.651209462102067,25.142683029174805,36724200
2015-01-27,24.94544842331931,25.246151912465084,24.884013607912152,25.12651634216309,43204600
2015-01-28,25.058609896750227,25.058609896750227,24.088599191069573,24.13710021972656,77666800
2015-01-29,24.33110298964287,24.36343618795048,23.67149538333508,24.21793556213379,60247400
2015-01-30,24.036866447682247,24.70617626808924,23.87519798096327,24.4281063079834,87696200
2015-02-02,24.72881415114589,25.184718025576064,24.56067753442172,25.175018310546875,70931400
2015-02-03,25.466018781897088,25.996291180656645,25.456319068130107,25.86372184753418,94055800
2015-02-04,25.527446471095583,25.67294955167075,25.223511472054764,25.436912536621094,82264400
2015-02-05,25.737621091732088,25.947790605586512,25.58242073497496,25.802289962768555,63572400
2015-02-06,26.005987772404136,26.05125474245918,25.67941680255147,25.808752059936523,52269200
2015-02-09,25.918687809155653,26.13208888632281,25.776418779800988,25.834619522094727,40407600
2015-02-10,25.879890356697864,25.90252384503284,25.35285200440329,25.82168960571289,43942600
2015-02-11,25.49187832823949,25.757016936918035,25.36254555027337,25.64061546325684,52393200
2015-02-12,25.989822430280405,26.0965242128612,25.802288879312304,25.97688865661621,52844600
2015-02-13,26.232323949950445,26.555660876340458,26.164423491432338,26.526561737060547,62375800
2015-02-17,26.400459742773705,26.6526621431094,26.245256937332176,26.60739517211914,44251800
2015-02-18,26.390757734634413,26.49745703305133,26.219387111516365,26.2905216217041,38762800
2015-02-19,25.74408726313048,26.316392543997924,25.627685770943028,26.16765785217285,47744000
2015-02-20,26.09652208811177,26.22909140722731,25.824920263872464,26.04155540466309,51283600
2015-02-23,25.786117921277697,26.145022079662848,25.72145152765677,25.934852600097656,39359000
2015-02-24,26.09329470062069,26.115928191761625,25.837860643543884,26.00599479675293,30861400
2015-02-25,26.02539429317026,26.19029685296684,25.896059000523245,26.14826393127441,32051400
2015-02-26,25.99305637715177,26.00599015075961,25.52745039472993,25.663253784179688,38698200
2015-02-27,25.76348671860648,25.78288614503793,25.52421808078012,25.55008316040039,26724400
2015-03-02,25.49835272699856,25.52098621540328,25.12651473160805,25.37225151062012,35957000
2015-03-03,25.388412230139327,25.6179835993253,25.275244808835183,25.466014862060547,24699400
2015-03-04,25.47248335294548,25.491882779655025,25.149146417839567,25.430450439453125,33205600
2015-03-05,25.36578806859553,25.39812374387946,25.239686828958384,25.278488159179688,22489000
2015-03-06,25.100649237110936,25.22998452437908,24.764378476959948,24.82581329345703,38352600
2015-03-09,24.783773008117542,25.068308582055067,24.6479721069336,24.6479721069336,34882200
2015-03-10,24.45073416100136,24.59300070146647,24.292297323979074,24.30523109436035,38061200
2015-03-11,24.34727414862264,24.476606959522886,24.201771036062,24.376373291015625,26102000
2015-03-12,24.41517785643757,24.531579375196657,24.21147396517637,24.221176147460938,38490000
2015-03-13,24.06273194629391,24.15973400481493,23.868730296116688,24.13063240051269,42023800
2015-03-16,23.998065105561054,24.47660233597445,23.92369653316267,24.45720291137696,33897000
2015-03-17,24.30847096547408,24.45397160003771,24.1856038177729,24.36343765258789,27872600
2015-03-18,24.205005300502982,25.20411533426426,24.166203976786573,25.071548461914062,55507400
2015-03-19,24.76760565729295,24.8743074246632,24.602703150162995,24.673837661743164,46481800
2015-03-20,24.94566595745134,25.183306836253163,24.848007261597672,25.03681755065918,45221200
2015-03-23,25.09215885165482,25.26143542223337,24.94892311096192,24.94892311096192,24320200
2015-03-24,25.014024823363915,25.053089787249068,24.76662083630464,24.78289604187012,29561800
2015-03-25,24.9391539302425,25.29398471261404,24.91311062044641,25.10517692565918,31797000
2015-03-26,25.39490055478221,25.4730279963524,24.98472714019228,25.07587623596192,30637200
2015-03-27,24.981472731373927,25.030303316892848,24.8187057687287,24.870792388916016,23934600
2015-03-30,25.111682111135465,25.453493662342225,25.10191649257977,25.4046630859375,36375600
2015-03-31,25.212590441517065,25.39163501520273,25.066101232956544,25.25491142272949,18807400
2015-04-01,25.33630481779343,25.466518878551767,25.19632513711288,25.248409271240234,26586600
2015-04-02,25.131216128591024,25.44698440949952,25.072619927147937,25.30049514770508,27715400
2015-04-06,25.44698406062184,25.89622242673531,25.329791659342373,25.756242752075195,31086600
2015-04-07,25.733449966271944,25.948301000176208,25.66183212709519,25.77251243591309,28284200
2015-04-08,25.892970354920024,25.95482259940163,25.55441475314881,25.564180374145508,24091400
2015-04-09,25.63252897856901,26.032936618214684,25.609741713459133,25.974340438842773,27750200
2015-04-10,26.04271280479736,26.13060586771784,25.93203246751776,26.088287353515625,17701000
2015-04-13,26.202218576220755,26.238027497980543,25.78553565060809,25.82785415649414,19880600
2015-04-14,25.997132880450245,26.35521961074651,25.964579992900788,26.29336738586425,27440200
2015-04-15,26.44311535894274,26.97699066679557,26.39102875152972,26.92164802551269,40013800
2015-04-16,26.820731571047386,27.094181274798697,26.648199041640787,26.85979652404785,42555000
2015-04-17,26.732843935550346,26.76865286213329,26.45288459151631,26.66448211669922,33834800
2015-04-20,26.69377636465202,27.05837517983564,26.68401074628905,26.76539421081543,25420800
2015-04-21,26.833754882253363,26.85003256791716,26.37149741946485,26.482177734375,23640800
2015-04-22,26.55054364718503,26.75888514102612,26.374755046076643,26.6579704284668,20259000
2015-04-23,26.716561405051326,27.0127983833378,26.68726455240815,26.84026336669922,25151600
2015-04-24,26.758884579874938,26.784927886965555,26.56030870965528,26.68726921081543,23015200
2015-04-27,26.79795010248126,26.879333576126264,26.61239588191572,26.6579704284668,22651200
2015-04-28,26.651457492632247,26.84026524019476,26.56681799526727,26.79143714904785,22250800
2015-04-29,26.697039706696074,27.03884886109796,26.61240018500408,26.999786376953125,31806200
2015-04-30,27.10069819732947,27.143016711820305,26.762142630522828,26.915143966674805,33104200
2015-05-01,26.941186540076483,27.0225700159243,26.762141899760653,26.97699546813965,22709200
2015-05-04,27.04209988056156,27.13324897149689,26.77190615841293,26.908632278442383,28868400
2015-05-05,27.110463079930334,27.234167552753195,26.566822057279428,26.57658767700196,32152600
2015-05-06,26.81423136711968,26.921655679103093,26.348717736435407,26.47241973876953,32777200
2015-05-07,26.42033606981641,26.426845655896305,25.990628879737017,26.18595123291016,34793200
2015-05-08,26.394287043808088,26.64494703345894,26.094796476435903,26.61565017700196,29030400
2015-05-11,26.64169362903924,26.654715283292017,26.088286983242494,26.114330291748047,36288800
2015-05-12,26.07526842074689,26.371505501962705,26.029693867271675,26.23477935791016,19703000
2015-05-13,26.462657091922097,26.495209992655013,26.068761280711406,26.16641998291016,25069400
2015-05-14,26.24128049206332,26.417069046622693,26.140365806226324,26.156641006469727,19235800
2015-05-15,26.045965512386505,26.364987312664773,25.980857248515,26.26081657409668,19561200
2015-05-18,26.208734171714067,26.31615846782679,26.0980513576604,26.283605575561523,14459600
2015-05-19,26.10781466928788,26.133857974248688,25.87017634149265,25.909238815307617,27839600
2015-05-20,26.00038983823796,26.042708345193468,25.80832357270653,25.95806884765625,25247600
2015-05-21,26.104566044853325,26.241289696258143,26.01016090927569,26.202224731445312,20174600
2015-05-22,26.023179673912946,26.225009093962623,25.974349094227023,26.107816696166992,12721400
2015-05-26,25.8962250883796,25.951565260331016,25.59673198564619,25.694393157958984,26367200
2015-05-27,25.67811010307741,25.886451575764045,25.50883358787937,25.648813247680664,22750000
2015-05-28,25.560918415442902,25.593473789389613,25.385132310987608,25.54789924621582,24328400
2015-05-29,25.54138582690006,25.6813654831368,25.45674632964324,25.518598556518555,25956200
2015-06-01,25.583706591519785,25.58696262575484,25.42093965053709,25.45349502563477,16974400
2015-06-02,25.53162464598336,25.752987804001304,25.394900999932265,25.62928581237793,20366000
2015-06-03,25.55115370004853,25.7399639476588,25.417686099928456,25.45349502563477,17280600
2015-06-04,25.32002264115661,25.36885321573966,25.08889390399812,25.10842514038086,31892200
2015-06-05,24.99449474287111,25.508838948235592,24.98472912235341,25.28421974182129,37912000
2015-06-08,25.186550484525444,25.333039698076423,25.0823797700029,25.14097595214844,19414600
2015-06-09,25.29397877758868,25.45349214994118,25.12795830475406,25.13772392272949,22066200
2015-06-10,25.446992874145508,25.51861075346842,25.359099784557543,25.446992874145508,19570800
2015-06-11,25.492558781575752,25.53487977787651,25.310260593284934,25.33304786682129,16833000
2015-06-12,25.18981681392294,25.20935054029876,25.00751859192865,25.04983711242676,21009000
2015-06-15,24.87730126649773,25.12470773809158,24.80242985664311,24.99123764038086,16151000
2015-06-16,25.0368048955274,25.193059723363312,24.91635649953353,25.18655014038086,18035200
2015-06-17,25.32002610977362,25.430708926232835,24.997748247178222,25.124706268310547,20827400
2015-06-18,25.20283025560777,25.31676660721742,25.085637870058928,25.10842514038086,25345200
2015-06-19,24.99996244099332,25.1015475403332,24.865605696591736,24.875438690185547,34469800
2015-06-22,25.101548404157867,25.2031360071192,24.990132807515508,25.180194854736328,21154800
2015-06-23,25.14415276434021,25.30800100925279,25.117936445124,25.262121200561523,14235400
2015-06-24,25.206401500627905,25.350588688139045,25.09498594673266,25.10481643676757,13596600
2015-06-25,25.09827546232345,25.127769449418828,24.84267257475177,24.84922790527344,17371400
2015-06-26,24.8262819579385,24.9376975428267,24.68864755878941,24.93114471435547,23544600
2015-06-29,24.61656016369828,24.77385307202184,24.439603766740003,24.459264755249023,27794400
2015-06-30,24.68536743395928,24.72468939713536,24.472364299631195,24.62965965270996,30341200
2015-07-01,24.6788162342702,24.68864672670839,24.21676558879851,24.315073013305664,27820200
2015-07-02,24.38061813192164,24.55429686288144,24.360954643423355,24.4232177734375,19400400
2015-07-06,24.10206794738769,24.33473205978074,24.00048037709652,24.10206794738769,27018200
2015-07-07,24.00705160501604,24.406841823546728,23.73506284976956,24.32164001464844,41372200
2015-07-08,24.154508399823623,24.32163431267826,23.731779620324165,23.8300895690918,33042600
2015-07-09,24.15778053002352,24.2593656203836,23.951330184936523,23.951330184936523,23912000
2015-07-10,24.09551897006745,24.24625903330876,23.964439893297698,24.08241081237793,26500800
2015-07-13,24.164333903592564,24.311798796285508,24.098795618034814,24.2528133392334,28717600
2015-07-14,24.18399802792304,24.52480012197241,24.17416503471694,24.42649269104004,25308400
2015-07-15,24.301967314631465,24.42321338799241,23.91200778109166,23.997209548950195,25416600
2015-07-16,24.1348462942864,24.20693992003276,23.98410621323754,24.02998352050781,15721400
2015-07-17,24.007043749977164,24.02998240254511,23.65968379664388,23.73833274841309,28192000
2015-07-20,23.78093020871328,23.784207873101245,23.394248315070563,23.423742294311523,27666800
2015-07-21,23.47945198114224,23.666238864308696,23.36148105491862,23.433574676513672,21238000
2015-07-22,23.338541563093468,23.479451136562705,23.19435432508992,23.24350929260254,30418600
2015-07-23,23.266446070560537,23.41390846109848,23.046890066826165,23.223846435546875,22569200
2015-07-24,23.223840672063087,23.233671162309268,22.69297169764725,22.77817344665528,25108200
2015-07-27,22.48653012977921,22.715916632801257,22.35217339220532,22.450483322143555,34393400
2015-07-28,22.48324844444813,23.21728762296644,22.46686262568045,23.09276390075684,37877200
2015-07-29,23.03378816007089,23.43030064011933,22.96169452731191,23.40736198425293,46854600
2015-07-30,23.358202550048315,23.42701850451578,23.141924193168496,23.24350929260254,25254400
2015-07-31,23.043613996451075,23.076383141045515,22.69953172789578,22.735578536987305,43578800
2015-08-03,22.49307908975536,22.633988631697992,22.2112600058701,22.257137298583984,33853200
2015-08-04,22.35545094060361,22.52912964915156,22.086739966975102,22.181772232055664,25525000
2015-08-05,22.35545693206175,22.60122932137619,21.99171359586629,22.014652252197266,36947600
2015-08-06,21.88356789127726,22.42426751799657,21.72299733550621,22.36528205871582,46519200
2015-08-07,22.273525771940225,22.45048213640776,21.88684390146492,21.965490341186523,34163400
2015-08-10,22.0113703923868,22.683149128546216,22.0113703923868,22.666763305664062,38888800
2015-08-11,22.21454348645964,22.7323044970899,22.17194384639218,22.70936584472656,42107800
2015-08-12,22.63071823203436,23.18124842143825,22.499641639420943,23.12226295471192,46966000
2015-08-13,22.9715205525042,23.056722329196365,22.742134038477783,22.771625518798828,39627200
2015-08-14,22.82077734360209,22.978072717363844,22.67003729798153,22.72246742248535,24242400
2015-08-17,22.611054958980336,22.88304361141558,22.53568367572852,22.771625518798828,19064200
2015-08-18,22.72902197899341,22.788007429635915,22.57500427453104,22.68642234802246,22126800
2015-08-19,22.56189718352667,22.597943988405103,21.95565932894647,22.060522079467773,40366000
2015-08-20,22.001541512137308,22.152281593230168,21.559151763258686,21.562429428100582,50673200
2015-08-21,21.34614931185286,21.578813521408264,20.795619104695085,20.808727264404297,50840400
2015-08-24,19.59296598335651,20.507239142654367,19.24888504976792,19.691274642944336,86002200
2015-08-25,20.55639515697448,20.55639515697448,19.38979551529157,19.40618133544922,55393200
2015-08-26,19.897729008650007,20.09762404481394,19.51104709444565,20.074684143066406,79464400
2015-08-27,20.54001074603041,21.11675711832144,20.46464072295901,21.067602157592773,64482800
2015-08-28,20.995509496554927,21.765595582325343,20.98567900399035,21.546039581298828,62926800
2015-08-31,21.38219134028696,21.90978277490023,20.9987871300774,21.76887321472168,72387000
2015-09-01,21.142975241320663,21.39202525969816,20.821834099318064,21.002065658569336,57425200
2015-09-02,21.300268721476023,21.333037865637824,20.703861297279715,21.195405960083008,51057800
2015-09-03,21.33631865371084,21.7098924521222,21.1233154352875,21.25439453125,43790000
2015-09-04,20.94963057580581,21.054493321917747,20.815275104220973,20.90375328063965,33368400
2015-09-08,21.12987164057191,21.260948241839152,20.87098985279211,21.2314567565918,31255200
2015-09-09,21.37890972832849,21.63451248793642,20.7988882738432,20.83165740966797,36955400
2015-09-10,20.920140326339563,21.07088163552121,20.63176711537,20.95290946960449,36985600
2015-09-11,20.74318607269928,20.792341042683432,20.4777527349607,20.7661247253418,26688600
2015-09-14,20.62193471322737,20.71368930592469,20.481025160120737,20.585887908935547,24962600
2015-09-15,20.65142888684488,20.884093048955425,20.6481512225545,20.81527709960937,29633200
2015-09-16,20.982397958620663,21.43462054472157,20.94962882197745,21.40512657165528,34433400
2015-09-17,21.421513246095536,21.772148272452387,21.254387392374056,21.392019271850582,39645400
2015-09-18,20.988625329281017,21.143779139308503,20.70472740424501,20.83016967773437,42473800
2015-09-21,21.051350361908245,21.104168502437428,20.81696994201524,20.94901466369629,31379400
2015-09-22,20.625502820874686,20.94571349725825,20.58258768936424,20.72783851623535,34100800
2015-09-23,20.80706257092368,20.902795829877583,20.450540490358392,20.4604434967041,27969400
2015-09-24,20.301984901887828,20.69481960355796,20.16663838624657,20.549570083618164,37824000
2015-09-25,20.777346524053204,20.777346524053204,20.40431911671656,20.58918190002441,31666800
2015-09-28,20.374617339015963,20.374617339015963,19.750702666730707,19.767208099365234,32702800
2015-09-29,19.86293194418158,20.02468813976252,19.605443774974443,19.737489700317383,37762400
2015-09-30,19.919061072000872,20.27888506194094,19.895953213321736,20.202959060668945,32256200
2015-10-01,20.46045164043124,20.684929108360976,20.061014274576657,20.242576599121094,34891000
2015-10-02,20.011489901192352,21.09096173046376,19.975177196772005,21.077756881713867,39859600
2015-10-05,21.34184489624748,21.78749775571926,21.32203636748041,21.71487236022949,47614000
2015-10-06,21.79079630504391,22.36189134045384,21.67525706538581,22.196834564208984,54932800
2015-10-07,22.480735999574343,22.75803273746353,22.01857644880365,22.477434158325195,80006200
2015-10-08,22.43452121081757,22.999015196219133,22.295874095504985,22.906583786010746,54143400
2015-10-09,22.956105268483466,22.982514966947427,22.6160885861042,22.758037567138672,51971400
2015-10-12,22.794348961897214,22.797648285089853,22.259563932313025,22.464235305786133,43492400
2015-10-13,22.29257316506185,22.563266242547897,22.16713089159123,22.22985076904297,41675600
2015-10-14,22.180332731229026,22.503842636306864,22.13081518943272,22.42131423950196,30353400
2015-10-15,22.318985029649664,22.833961539666333,22.243057778742585,22.824058532714844,39016400
2015-10-16,22.903280512495645,22.962701060852226,22.540156058568524,22.8537654876709,40062400
2015-10-19,22.625991451748263,22.63919630089758,22.2826729295683,22.401514053344727,39000400
2015-10-20,22.35529719481332,22.569871574998984,22.23645607712794,22.464235305786133,27513000
2015-10-21,22.36520284444401,22.47414096829015,22.163833288934825,22.186941146850582,29324200
2015-10-22,22.30907815465541,22.64249108419489,22.299175149420943,22.58637237548828,37481400
2015-10-23,22.480732791618347,22.744824645392484,22.335484538752485,22.533552169799805,31262000
2015-10-26,22.49063686330079,22.49063686330079,21.975660494412008,21.982261657714844,23672200
2015-10-27,21.67856705762662,21.79080703037168,21.49370418318508,21.718181610107425,42214600
2015-10-28,21.8700245144642,22.34868819452389,21.69506472131916,22.200138092041016,39513000
2015-10-29,22.117612106616026,22.52035111809528,22.084601248976263,22.3123779296875,19507200
2015-10-30,22.431220462248227,22.698614218883264,22.167131065724945,22.457630157470703,28514400
2015-11-02,22.32228426920213,23.10135262708416,22.289270891789275,22.982511520385746,30773800
2015-11-03,23.144267242683355,23.74507396001199,23.134364236565016,23.570114135742188,42654400
2015-11-04,23.593227094691443,23.65924882881108,23.183886802300737,23.35884666442871,35437600
2015-11-05,23.243304555243355,23.50079281311816,23.055137346800706,23.160776138305664,32467000
2015-11-06,22.95610090792324,23.13436256084261,22.70191201598438,23.04193115234375,27522400
2015-11-09,22.98911541800797,23.243304350332902,22.71842231358145,22.81415557861328,25374000
2015-11-10,22.71841575786657,23.065036013353968,22.63258552457668,22.863666534423828,25370800
2015-11-11,22.86036244997536,22.89337329998045,22.32557761305376,22.37839698791504,28739400
2015-11-12,22.06478952226616,22.21994330111434,21.83040919284938,21.870023727416992,38623000
2015-11-13,21.79740894507209,21.978972501968013,21.523413947781098,21.78090476989746,35559200
2015-11-16,21.751188182453767,22.53025659741762,21.73468149253791,22.50714874267578,34726200
2015-11-17,22.447722354759488,22.5401537497202,22.17702933298888,22.259557723999023,30457800
2015-11-18,22.41471548950709,22.65569702372852,22.203442972422383,22.6259880065918,41903000
2015-11-19,22.493946522957955,22.61608949433327,22.13742313507939,22.3222885131836,37825000
2015-11-20,22.32888573701624,22.431220156399057,22.06149450259424,22.08460235595703,28428000
2015-11-23,22.064795574377204,22.36850205223203,21.922849120017297,22.24305725097656,32814600
2015-11-24,22.34869185456613,22.82075444855328,22.30577798913717,22.718420028686523,37886200
2015-11-25,22.52694848824384,22.72171679707974,22.39490256135677,22.533552169799805,22201200
2015-11-27,22.35199345724888,22.464233400461925,22.292572903446004,22.37179946899414,16752800
2015-11-30,22.464237878098707,22.67220859857856,22.37180392820672,22.45433235168457,35210600
2015-12-01,22.47413621049445,22.65239787034972,22.4180174986605,22.63258934020996,27594000
2015-12-02,22.484037912269763,22.56986815505189,21.86012339824517,21.932748794555664,50856200
2015-12-03,22.03838218851417,22.111007575402287,21.38805806591901,21.49369430541992,48438400
2015-12-04,21.29232903551949,21.483795544481044,20.955612983378643,21.35835075378418,65678600
2015-12-07,20.830172800846977,20.859883082556053,20.252473858169,20.546276092529297,65600800
2015-12-08,20.09401251643084,20.61229071705793,19.88934245702428,20.33499526977539,54673800
2015-12-09,20.42743047949047,21.038140152486008,20.311889960759235,20.60239028930664,57513800
2015-12-10,20.61229499043,21.04144372490529,20.47034602612514,20.734437942504883,77829800
2015-12-11,20.377916068895694,20.45384205953772,19.93886555617723,19.95867156982422,58008000
2015-12-14,19.86293674105429,20.16994252122733,19.64836363465698,20.06430625915528,78233200
2015-12-15,20.34820680329286,20.665115630276105,20.321798364019457,20.56938362121582,58140600
2015-12-16,20.49015306058129,20.70472742533645,20.216159400540068,20.43403434753418,57502400
2015-12-17,20.447238905639665,20.486853450087484,19.932262420654297,19.932262420654297,58149600
2015-12-18,19.9529133627868,19.96623654588021,19.57650580289352,19.58316802978516,54278400
2015-12-21,19.586496391326744,19.75971045972178,19.38996516667561,19.603151321411133,48030000
2015-12-22,19.673108622630306,19.959576790300755,19.57650822677573,19.83299827575684,50583000
2015-12-23,20.23272379609861,20.709061023983462,20.162771037819528,20.69573783874512,60421000
2015-12-24,20.72238149889742,20.749030405634656,20.435912104921208,20.50919532775879,14430600
2015-12-28,20.15277477415509,20.259367861388,20.032857233345617,20.136119842529297,25107800
2015-12-29,20.48255294758236,20.54251046174675,20.166104087670146,20.27602767944336,30212600
2015-12-30,19.996221682325167,20.282691167602845,19.982898495400093,20.00288391113281,30102400
2015-12-31,19.90961050537644,20.199410400662693,19.84632125281896,20.092817306518555,38404800
2016-01-04,20.03951681238034,20.246040732770563,19.753047451783445,20.086151123046875,43617400
2016-01-05,20.072831153818424,20.18608647816732,19.84965225416351,20.16276931762696,31058400
2016-01-06,19.686429319221748,19.726402680468688,19.223415352308404,19.38663673400879,53924200
2016-01-07,19.010233753467983,19.44660018866677,18.833689146189847,18.913633346557617,56163800
2016-01-08,19.07352071346581,19.116824558002182,18.600513984817752,18.67046546936035,38454200
2016-01-11,18.74707702471156,18.770394183543107,18.04089749147799,18.27073860168457,56889400
2016-01-12,18.553872341883988,18.61383109660548,17.80771965573301,18.314037322998047,71188200
2016-01-13,18.537222749297563,18.67046347648668,17.68114628025328,17.874345779418945,67916800
2016-01-14,18.05755087617976,18.807034184749703,17.77441324566256,18.643814086914062,76148600
2016-01-15,17.86434942874793,18.27739725064048,17.76108683792999,18.104183197021484,73760400
2016-01-19,18.24076372172977,18.32737142223184,17.431322648207658,17.714460372924805,71744600
2016-01-20,17.3646990488707,17.504602015595804,16.631870536056887,17.244781494140625,102614800
2016-01-21,17.224792573699418,17.99759308079501,17.111537261244557,17.781076431274414,87341400
2016-01-22,18.43063482215289,18.69378587210977,18.13750310711952,18.56720733642578,77245000
2016-01-25,18.21411186438992,18.68045758970736,17.687807366654813,17.70113182067871,58240000
2016-01-26,18.020910402670985,18.39398747690704,17.78773881963573,18.37067031860352,50709800
2016-01-27,18.24409695739411,18.7937175155588,18.05422787557664,18.284069061279297,72989000
2016-01-28,18.976921688698976,19.050203652118928,18.46394159130929,18.84034919738769,76343800
2016-01-29,18.87365646008941,19.409953645090155,18.81702943841348,19.38996696472168,62996400
2016-02-01,19.06686019897461,19.21009364987592,18.78372123436125,19.06686019897461,55370200
2016-02-02,18.600512071018947,18.687118480490792,18.33735982307431,18.43062973022461,50462400
2016-02-03,18.69711273611037,19.103498422976344,18.02424304847275,19.086843490600582,72881400
2016-02-04,19.126817600861884,19.48657027745378,18.98691462931394,19.07685279846192,74112200
2016-02-05,18.82036387943948,18.900309347057547,18.4772673870192,18.633825302124023,60482000
2016-02-08,18.26407884817036,18.653809617752948,17.98760213140463,18.53722381591797,69613400
2016-02-09,18.26074460084304,18.483924738994528,17.80106114236024,18.09086227416992,74822600
2016-02-10,18.03757053166707,18.4273013516041,17.82438304111157,18.0175838470459,60431600
2016-02-11,17.704464210433247,18.07754004177866,17.444642430321153,17.940967559814453,95973800
2016-02-12,18.187462228037948,18.49391830486641,18.02424212019579,18.41397285461425,51564000
2016-02-16,18.72376173937864,18.78039003841422,18.32736872888948,18.597183227539062,67600400
2016-02-17,18.820360142883768,19.29003633632991,18.74707691800754,19.20676040649414,58560000
2016-02-18,19.369985015338944,19.399964405902328,18.87365983172072,18.966928482055664,57664600
2016-02-19,18.71376455306902,18.9302824499782,18.55387494163796,18.923620223999023,50257600
2016-02-22,19.28337391386972,19.49322961072045,19.200097984878614,19.4066219329834,49416600
2016-02-23,19.22008811962475,19.3133567702368,18.710438478533067,18.74374961853028,42910000
2016-02-24,18.39398522903828,18.976916656767923,18.34401916981416,18.933612823486328,50559600
2016-02-25,18.87698837686538,19.0002376758298,18.58052625093192,18.950271606445312,37177800
2016-02-26,19.266719630449685,19.32001617596959,19.000236902850148,19.063526153564453,42310200
2016-02-29,19.14013808938812,19.193434629982324,18.830351550093724,18.847007751464844,45966600
2016-03-01,18.980251311356326,19.369983355279224,18.78705179926451,19.34000396728516,47286000
2016-03-02,19.22007949183978,19.826327990056672,19.126809612406,19.813003540039062,53590000
2016-03-03,19.733068219436365,20.149447938805302,19.72307424210227,20.11280632019043,48791200
2016-03-04,20.22605938499527,20.59580473761389,20.00954144694421,20.30600357055664,61103200
2016-03-07,20.29601359989956,20.805661981270088,20.19941319786368,20.782344818115234,66721000
2016-03-08,20.61245984497861,20.625783028891743,19.876299611783352,19.909610748291016,59635200
2016-03-09,20.179426684535606,20.492543766046065,19.932929339443103,20.232723236083984,50935200
2016-03-10,20.146109886753585,20.272689637634485,19.882957681473968,20.249372482299805,57247200
2016-03-11,20.515860268111187,20.84230179468242,20.49254310697681,20.772350311279297,49567200
2016-03-14,20.512526598364094,20.70905656286656,20.43258115070548,20.63577461242676,43532200
2016-03-15,20.352641143281133,20.599138507984662,20.206075932535057,20.595808029174805,43439200
2016-03-16,20.7190518706902,20.998859049458364,20.575817167827328,20.952224731445312,53940800
2016-03-17,21.1221131308723,21.411913097868485,20.932244055527537,21.238698959350582,56321600
2016-03-18,21.40039945160296,21.420527554779,21.101820643375927,21.299755096435547,60948000
2016-03-21,21.215886188741123,21.366852093007346,20.99111254146224,21.225950241088867,33397000
2016-03-22,20.97768466726119,21.29974829258643,20.964266362684224,21.108522415161133,28360200
2016-03-23,20.95756343230145,21.034724147870968,20.60530626676082,20.645565032958984,37747600
2016-03-24,20.360403355586666,20.74620819091797,20.263114542298524,20.74620819091797,31032000
2016-03-28,20.752917519227427,20.80994884712482,20.49124195873386,20.635498046875,23129800
2016-03-29,20.40401211353905,20.74955811280173,20.283238406676965,20.732784271240234,28733800
2016-03-30,20.9206594044296,21.00788416833726,20.65227403883405,20.77304649353028,31489600
2016-03-31,20.692522896260567,20.92400493761792,20.658975219459272,20.76297378540039,28092800
2016-04-01,20.40401135970325,20.544914439090643,20.33356045989057,20.484527587890625,29609600
2016-04-04,20.44762869248424,20.66233697335607,20.27317789433529,20.33356475830078,31619000
2016-04-05,20.162463535999684,20.340269829622027,20.108786478244,20.19601249694824,32097600
2016-04-06,20.360400257416345,20.63549536987912,20.209434395031323,20.63214111328125,36437600
2016-04-07,20.47110841547956,20.66233302154316,20.340270661832044,20.51136589050293,27854200
2016-04-08,20.89717524181084,21.038077075310447,20.82001453111882,20.924013137817383,35333000
2016-04-11,21.091748153990007,21.155490538447904,20.836782455444336,20.836782455444336,32471400
2016-04-12,20.91729990535003,21.58155531904936,20.87368817153829,21.457426071166992,55260800
2016-04-13,21.44736527218962,21.621814793399068,21.29639810983306,21.558074951171875,37405800
2016-04-14,21.64865273146245,21.652008268079875,21.48091173393428,21.608396530151367,34871000
2016-04-15,21.487619102916863,21.524522320773272,21.28968342900302,21.3165225982666,28442400
2016-04-18,20.8770448308012,21.722459629409137,20.82672329835878,21.66878128051757,41371600
2016-04-19,21.79290637996148,22.12503278183281,21.69226333430074,22.10154914855957,34682800
2016-04-20,21.984137941801425,22.470588441493486,21.91368701967876,22.29949188232422,42176600
2016-04-21,22.32967574681972,22.423610274772496,22.12167859478826,22.16864585876465,38670200
2016-04-22,22.22232084751396,22.57457787437889,22.205548287844664,22.490707397460938,31529000
2016-04-25,22.41355091840893,22.416906454973617,22.0713604150202,22.23910140991211,34468600
2016-04-26,22.36658345025916,22.60477535379309,22.31290766331285,22.594711303710938,27171400
2016-04-27,22.71212960837168,23.074450770408745,22.695357044653424,23.02412796020508,43924800
2016-04-28,22.92013008368326,23.08787108328853,22.59471213492511,22.68193817138672,31110400
2016-04-29,22.732258911201672,22.953675679546453,22.29948686452289,22.64503288269043,48214800
2016-05-02,22.604772577881413,22.698709672669548,22.34309706978192,22.62154769897461,30132000
2016-05-03,22.316260712465617,22.356519472448817,21.95058657416821,22.088132858276367,32316200
2016-05-04,22.101554739055167,22.25587616238917,21.63859046905316,21.769428253173828,37210800
2016-05-05,22.13845784966696,22.25923158199189,21.766072601585822,21.94723320007324,28704000
2016-05-06,21.806326898123206,22.16529248468057,21.749295580521608,21.89690589904785,25091000
2016-05-09,21.772781460623424,21.819748734025115,21.30310616708208,21.578201293945312,32041600
2016-05-10,21.688912301121,21.964007444945075,21.67884825041792,21.95729637145996,20702800
2016-05-11,21.90361367023916,22.21896747690065,21.72580867185301,22.02438735961914,28429600
2016-05-12,22.222326022604435,22.39006701550352,21.92039172348119,22.084779739379883,24954400
2016-05-13,21.987483132787045,22.15522407591829,21.755999812218345,21.802967071533203,24743800
2016-05-16,22.08813229749938,22.242456260421427,22.024392461883103,22.1720027923584,27455400
2016-05-17,22.17536106853329,22.4471032459262,22.1049101512906,22.2760066986084,31674600
2016-05-18,22.27264919608811,22.346455643692867,21.920392081437942,22.06129646301269,41166400
2016-05-19,21.839869708920848,22.11496474603417,21.63522555892542,22.06464195251465,33709800
2016-05-20,22.131749387581834,22.24245906906132,21.99755606695743,22.195491790771484,19667000
2016-05-23,22.0646498954764,22.23574643122567,21.98749046922394,22.13845634460449,20545000
2016-05-24,22.25252393300356,22.38000618451468,22.111622092987368,22.249168395996094,22605800
2016-05-25,22.383357562678345,22.634969041468302,22.36322946342293,22.60142135620117,28511000
2016-05-26,22.68864500937107,22.785935089099112,22.43703352854747,22.50748443603516,21433600
2016-05-27,22.426973794320737,22.537683481472133,22.302847077991743,22.52090835571289,18517400
2016-05-31,22.574577550908675,22.75238254990316,22.33303017132228,22.43367576599121,30812200
2016-06-01,22.21561543066011,22.507483092902724,22.158584112695944,22.44038772583008,33391400
2016-06-02,22.269293829022608,22.42361523904158,22.185423330565047,22.41019821166992,25700000
2016-06-03,22.410197375803463,22.527615557359628,22.19213357604236,22.32297134399414,24315400
2016-06-06,22.541038337864794,22.83626160182893,22.5007795729732,22.816133499145508,36447600
2016-06-07,22.88994270181505,23.393165805485523,22.883231627098745,23.332778930664062,31236600
2016-06-08,23.47367486131029,23.57096494394297,23.21535229995209,23.27909469604492,36259400
2016-06-09,23.010710079507025,23.218709849325,22.98722644094085,23.10129165649414,24681200
2016-06-10,22.86309688461884,23.01070721169907,22.57122664779373,22.60142135620117,28980400
2016-06-13,22.49070719776866,22.83960868579235,22.467223566821097,22.534318923950195,23147600
2016-06-14,22.440393383023164,22.634973579921105,22.26594384894128,22.52090835571289,24405000
2016-06-15,22.437035132329864,22.73896944280509,22.309552894362337,22.46722984313965,33659000
2016-06-16,22.225685211761192,22.39342623222732,21.920395325940923,22.359878540039062,39987400
2016-06-17,22.59152574805246,22.632047014386565,22.45644884872447,22.58814811706543,34871800
2016-06-20,22.91233924567447,22.962993422912472,22.7637569225224,22.78401756286621,21826400
2016-06-21,22.733357566040137,23.10144208845586,22.66582039793085,23.054162979125977,22444600
2016-06-22,23.15547227323216,23.15547227323216,22.90558164915417,22.92584228515625,20516400
2016-06-23,23.16560351971325,23.310810761763204,23.077803132888675,23.30405807495117,19077000
2016-06-24,22.405800967886435,22.811031779422443,22.38554032904204,22.551008224487305,53759800
2016-06-27,22.24370537656373,22.263966010555308,21.649368541160083,21.828344345092773,43319400
2016-06-28,22.23695630377677,22.439570429221387,22.108634625483468,22.43619537353516,29100800
2016-06-29,22.574644133261728,22.99675790754253,22.574644133261728,22.86168098449707,32708800
2016-06-30,22.763751479412303,23.057540999662542,22.716472369284336,23.04403305053711,24264600
2016-07-01,23.017019444556578,23.250024479055213,23.00013386426374,23.16560173034668,25357600
2016-07-05,22.85493016277824,22.935975292667948,22.47334020718505,22.69959259033203,30139800
2016-07-06,22.567889705290742,22.81440268767973,22.412552157505583,22.79751968383789,31795000
2016-07-07,22.932594839753023,23.07779948245657,22.40579517851241,22.564510345458984,28195600
2016-07-08,22.767135789633784,22.9461116796413,22.642191718092867,22.865066528320312,23135800
2016-07-11,22.986630420046502,23.09469145651528,22.88869970318756,22.908960342407227,19500800
2016-07-12,23.25340357415008,23.577586640432266,23.206127038007548,23.47627830505371,31049000
2016-07-13,23.408739479311908,23.53706112886869,23.057540538212617,23.273662567138672,25092400
2016-07-14,23.456015443932603,23.51342229289285,23.32431616625779,23.39185333251953,21797200
2016-07-15,23.4762774279945,23.530309225211933,23.29054892190984,23.37834930419922,18259000
2016-07-18,23.31081230084201,23.405365380721417,23.162227417386823,23.395235061645508,18802200
2016-07-19,23.33783081062545,23.37497703564033,23.1757379581625,23.263538360595703,13983800
2016-07-20,23.16898045336517,23.344578645346576,22.976496680295305,23.22976493835449,23110000
2016-07-21,23.16560137797028,23.37834835036146,22.9427266644864,23.000133514404297,18513800
2016-07-22,23.05079572395392,23.10820259390953,22.92247145419585,23.0710563659668,15981200
2016-07-25,22.91908782562864,22.96973941171549,22.527365050705445,22.611787796020508,25543400
2016-07-26,22.480089744253902,22.763751523684075,22.4665817951022,22.74348831176757,24787800
2016-07-27,22.77389060057245,22.93935853266064,22.422691516686104,22.52062225341797,32355800
2016-07-28,22.49359967511809,22.63205165745963,22.36527801143836,22.52399063110352,21727000
2016-07-29,22.20318657023827,22.780637957424325,22.18292593164944,22.75362205505371,33003600
2016-08-01,22.554377784386144,22.57126078525476,21.92627244122085,22.003942489624023,61297000
2016-08-02,22.159287127145625,22.311247065656254,21.804710502116567,22.20318603515625,51200200
2016-08-03,22.206562629394845,22.64218436285054,22.11876224109776,22.632051467895508,47811200
2016-08-04,22.5476353056686,22.753627098239264,22.469967789611427,22.598289489746094,33580400
2016-08-05,22.61179550550208,22.83467286578508,22.57127164643828,22.80427932739257,22853600
2016-08-08,22.9629966004988,23.26354149695384,22.95624391157592,23.108203887939453,43326800
2016-08-09,23.172360592645656,23.20950681395799,22.89545403692168,22.986629486083984,22256800
2016-08-10,23.03390345859738,23.084557625319448,22.68945976236761,22.736736297607425,36073600
2016-08-11,22.834673621220915,23.16898709632686,22.78401943981003,23.0710563659668,34859400
2016-08-12,23.131836068291857,23.27029063032563,23.071051578487936,23.19937324523925,20379400
2016-08-15,23.3310752315203,23.4323835849904,23.26353804679253,23.38510704040528,21406800
2016-08-16,23.34458067485049,23.49654318872392,23.202751056337835,23.422250747680664,20485600
2016-08-17,23.30743297170652,23.506672012410256,23.28379470345808,23.4931640625,29439000
2016-08-18,23.57420587971229,23.976058959960938,23.550567614778704,23.976058959960938,48297000
2016-08-19,23.89839517717351,23.89839517717351,23.68902836890312,23.77682876586914,22091400
2016-08-22,23.570831826690497,23.61473072732485,23.39523107139757,23.503292083740234,28273400
2016-08-23,23.503294329652512,23.72954669330601,23.503294329652512,23.66876220703125,24912400
2016-08-24,23.537062995054534,23.692403131015805,23.513424726778343,23.57420921325684,32905200
2016-08-25,23.537066962671368,23.60798435583242,23.43238355357016,23.510053634643555,23791600
2016-08-26,23.550577490632616,23.732931000751464,23.31757237468525,23.42900848388672,29150200
2016-08-29,23.3614609147812,23.60797645128644,23.33444501942053,23.58771324157715,14788000
2016-08-30,23.64175266424561,23.7329281200488,23.41887532013808,23.506675720214844,14265800
2016-08-31,23.37497418095754,23.40874276965292,23.006889607956825,23.13521385192871,26465600
2016-09-01,23.037287488890254,23.121710264750227,22.885324946515105,23.06767845153809,33337000
2016-09-02,23.29392916504817,23.385104612602817,23.18249050307612,23.32769775390625,21588800
2016-09-06,23.38847769050553,23.69915276971445,23.368214480033515,23.67889213562012,25688200
2016-09-07,23.78695533595897,23.864622824726933,23.68226937194688,23.813968658447266,30189000
2016-09-08,23.965934100310804,24.29349482924892,23.85111780421888,24.25972366333008,36010600
2016-09-09,24.03346397881437,24.107756399063035,23.53705787658691,23.53705787658692,43543600
2016-09-12,23.371593641967948,23.891638087598327,23.32769473976238,23.770069122314453,43945800
2016-09-13,23.51005309535228,23.52018341517764,23.023777132707902,23.0913143157959,49160800
2016-09-14,23.064300875242303,23.34120744675008,22.760378400080512,22.817785263061523,52940400
2016-09-15,22.908963561284747,23.270295520660813,22.87181990962252,23.101449966430664,32954800
2016-09-16,22.76545186900165,22.99986528762503,22.76545186900165,22.91493225097656,34788800
2016-09-19,23.101785013384543,23.16633494799316,22.89794625224477,22.901344299316406,23595000
2016-09-20,22.87417190728157,23.03044842368241,22.717895390880727,22.73488044738769,28265800
2016-09-21,22.93191688952031,23.27164899158728,22.90473769928689,23.261457443237305,40521800
2016-09-22,23.512857080173944,23.59779010065945,23.26824956646367,23.28863525390625,26631800
2016-09-23,23.17652215070381,23.38715437453414,22.8469816292209,22.979476928710938,46150400
2016-09-26,23.05761793991164,23.179921699978,22.833393515806588,22.8775577545166,26480400
2016-09-27,22.64993656916051,22.785829916056457,22.46987898610213,22.72467803955078,38820400
2016-09-28,22.85717643592456,23.74047942246396,22.663529232752644,23.706506729125977,82286800
2016-09-29,23.689520202498223,23.934125134462256,23.4517061800482,23.66573905944824,54003200
2016-09-30,23.832206976330475,24.114185237173867,23.67932597845084,23.98848342895508,29429000
2016-10-03,24.02925109801844,24.06661924212976,23.77105399212615,23.971494674682617,26309800
2016-10-04,23.99187608631243,24.049629907405752,23.631758384075525,23.726882934570312,23705600
2016-10-05,23.96810833752208,24.202521798772995,23.944327186613982,24.09041213989257,26702400
2016-10-06,24.16174283933123,24.23987975452153,23.910339271628445,24.12776756286621,22351600
2016-10-07,24.131170286749256,24.23309095200235,23.917140000057987,23.98848342895508,23488800
2016-10-10,23.988482508905587,24.45391639418328,23.988482508905587,24.36558532714844,23069000
2016-10-11,24.2806528021798,24.32141899398928,23.954510307953303,24.08700561523437,27424400
2016-10-12,23.985090255737305,24.070023296722173,23.78125147576376,23.985090255737305,20878200
2016-10-13,23.835601699009096,23.97489049068347,23.54003388455397,23.85258674621582,27086800
2016-10-14,23.974895199828687,24.053034726567216,23.696314969811425,23.713302612304688,22744800
2016-10-17,23.720097353984936,23.79483883774149,23.468696302035987,23.59779357910156,14850000
2016-10-18,23.83220828079054,23.883168616206408,23.58760074435463,23.692916870117188,13890200
2016-10-19,23.87637010784594,24.21270414045696,23.852588965983543,24.02925109863281,28631800
2016-10-20,23.886564924778483,24.10059782278402,23.7540696031324,24.0020751953125,24989000
2016-10-21,23.845796585083008,23.886562777647896,23.70650518195248,23.845796585083008,28477000
2016-10-24,23.845797548642874,23.92733252901749,23.512858941525185,23.77445411682129,21336800
2016-10-25,23.76765713311237,24.02245620519799,23.62497027481248,23.66573905944824,26454200
2016-10-26,23.45510406238613,23.818617299002835,23.414335278036063,23.720094680786133,35735600
2016-10-27,23.82202288285804,23.855995584590133,23.624977584080465,23.631771087646484,28412600
2016-10-28,23.591001835202075,23.927335945223746,23.41773770921184,23.56722068786621,37116800
2016-10-31,23.482282115304564,23.607981325053387,23.271647294283483,23.31241607666016,25947600
2016-11-01,23.48568295687973,23.567220540335697,23.061017762861542,23.31581687927246,37649600
2016-11-02,23.09499174451132,23.17652673140085,22.762053110790788,23.057621002197266,45966000
2016-11-03,23.05761887017381,23.190114183599544,22.931917058381327,23.14934539794922,25496200
2016-11-04,23.03383381760037,23.2580556207502,22.88435088753393,23.02363967895508,35108200
2016-11-07,23.28523735288327,23.533240322759028,23.28523735288327,23.5196533203125,29599000
2016-11-08,23.404147009142115,23.68272726135796,23.370174313398824,23.55023193359375,22417400
2016-11-09,23.631760765902545,24.11078420453834,23.35657863252871,23.93412208557129,51987600
2016-11-10,23.91714505654165,24.21610843016628,23.835610062271428,24.03605079650879,41269600
2016-11-11,23.89336146706146,23.94092375818828,23.404146367527964,23.59779357910156,35319400
2016-11-14,23.51285542737946,23.7540648775689,23.383758178418184,23.730283737182617,25144000
2016-11-15,23.93753064819281,24.41315624950833,23.91714754549176,24.399566650390625,38457400
2016-11-16,24.345206549945868,24.508276526681144,24.15495478782065,24.22969627380371,33218200
2016-11-17,24.433533086632057,24.593207595380388,24.00547248797309,24.066621780395508,20676000
2016-11-18,24.15155627756431,24.301039246664207,24.029255093333163,24.16514587402344,23924600
2016-11-21,24.50487238091656,24.76646751675336,24.50487238091656,24.739288330078125,33750800
2016-11-22,24.7460815648818,24.86838531165633,24.42673519670375,24.725698471069336,32026400
2016-11-23,24.60678941458123,24.90575264817269,24.579610231904866,24.82761573791504,22924000
2016-11-25,24.72230731788789,24.77666570581056,24.58301848474958,24.705322265625,17583600
2016-11-28,24.824226141545896,24.83101964355254,24.31802600366284,24.36219024658203,37580200
2016-11-29,23.991885167302968,24.209313534145284,23.80503144957101,24.06322860717773,36723400
2016-11-30,24.898968091782294,25.520678511077435,24.898968091782294,25.28626251220703,89709600
2016-12-01,25.75509540540157,25.84002844931011,25.327034730307105,25.3474178314209,54764800
2016-12-02,25.333822401822022,25.541059188611527,25.262478972395343,25.42215347290039,36677600
2016-12-05,25.653164118244305,25.85360475467503,25.544449981615045,25.6463680267334,45070200
2016-12-06,25.490092241932405,25.70072702079086,25.337213874534022,25.598806381225582,33927000
2016-12-07,25.541059778403607,25.84002309794528,25.541059778403607,25.80265235900879,32016600
2016-12-08,25.87059878815805,25.97591490507188,25.670155510217104,25.94194221496582,29200400
2016-12-09,26.07783402148015,26.07783402148015,25.87399530097696,26.023475646972656,17949600
2016-12-12,26.60102095776774,26.651978692485585,26.037064502024645,26.14577865600586,32260400
2016-12-13,26.34282641299284,26.631598169385697,26.101616941561147,26.441349029541016,32057200
2016-12-14,26.31564946493064,26.420965591749084,25.840023982864462,25.91136741638184,39702800
2016-12-15,25.80264944663456,26.06424458966347,25.656564554176203,25.96912002563477,40503600
2016-12-16,26.1542321889918,26.1542321889918,25.997129517610787,26.13032531738281,35729800
2016-12-19,26.102997513728244,26.150811247933728,25.9595563111118,26.010786056518555,14226400
2016-12-20,26.143985843310297,26.17813814360488,25.881007659169715,25.95272827148437,17964200
2016-12-21,26.007374820566653,26.11324773636782,25.863933591612767,25.99371337890625,16205400
2016-12-22,26.010796726429017,26.167899432642702,25.95956696000726,26.099592208862305,21940800
2016-12-23,26.05860683708406,26.130327457785853,26.0176225085457,26.075681686401367,12796200
2016-12-27,26.116658904720943,26.22253180088741,26.092752037662287,26.13373374938965,20017800
2016-12-28,26.19179557220816,26.20204100016156,25.82977394871843,25.85026741027832,16187400
2016-12-29,25.81270509772326,25.887841727699044,25.706829571096616,25.799043655395508,13394800
2016-12-30,25.77513149546408,25.91857270200072,25.64193571715817,25.723901748657227,17706600
2017-01-03,25.993715071619,26.23278380211032,25.7375688865267,26.014205932617188,49246200
2017-01-04,26.03469510574563,26.082508843958667,25.874176439321865,25.95955848693848,22371000
2017-01-05,25.976630792516925,26.07225825959049,25.77171441940884,25.894664764404297,22282400
2017-01-06,25.976638279640856,26.00737717757597,25.74781497381171,25.9185791015625,14821000
2017-01-09,25.74781653000452,25.7717234051084,25.50533176662112,25.54290008544922,21921800
2017-01-10,25.52240786656252,25.580467045064992,25.290168546898773,25.310659408569336,19321600
2017-01-11,25.399452031082618,25.63169130087648,25.29357652199429,25.58387756347656,26254000
2017-01-12,25.72732120035139,25.754644083055897,25.37554755390477,25.478004455566406,21791200
2017-01-13,25.44385832691823,25.49850410558265,25.337985387823604,25.40287399291992,19813400
2017-01-17,25.48142082390509,25.62144603983156,25.46092996441672,25.55997085571289,19566000
2017-01-18,25.41994702261277,25.57022028211173,25.38920812605449,25.50191307067871,17450400
2017-01-19,25.501916032653952,25.51216146414546,25.300415598243635,25.36189079284668,18001800
2017-01-20,25.52581649841672,25.61119854694495,25.37212985332724,25.45751190185547,18364400
2017-01-23,25.341398405939167,25.392628171237508,25.06476132124386,25.18771171569824,30414000
2017-01-24,25.28674859729249,25.573631038624715,25.23893485707045,25.46434211730957,23714400
2017-01-25,25.47117802166382,25.67609445464655,25.46434599736057,25.59754180908203,18820600
2017-01-26,25.679505727209616,25.72048744285,25.563384786370744,25.618030548095703,17303400
2017-01-27,25.46092579539541,25.48824606835525,25.276500273237595,25.35163688659668,19901800
2017-01-30,25.235526613941083,25.24918805901769,24.71298871661837,24.887168884277344,26572800
2017-01-31,24.90082354349008,24.938389250145725,24.63442934557413,24.89740753173828,28014800
2017-02-01,25.030603526176,25.064755827003943,24.55929552118184,24.71298217773437,36848600
2017-02-02,24.75397117555747,24.89741242950803,24.55588414544249,24.853012084960938,25760200
2017-02-03,24.952049603867646,25.197950326207824,24.80519237278412,25.06817054748535,23657200
2017-02-06,25.068167002950258,25.15354904137608,24.78469801001982,24.85641860961914,21043400
2017-02-07,24.74713676898616,24.863257729332773,24.374872225896294,24.50465202331543,28315600
2017-02-08,24.50465063429421,24.617355576157244,24.1289701004044,24.56270980834961,32296800
2017-02-09,24.709567349427,24.91448376986274,24.709567349427,24.8393497467041,18523200
2017-02-10,25.03743086889733,25.16721324920169,24.95204882107744,25.02718544006348,20810800
2017-02-13,24.975955368716367,25.085244284292784,24.92814163100501,25.07499885559082,15969800
2017-02-14,25.146726755153114,25.16722022415379,24.84276678912577,25.15697479248047,21543400
2017-02-15,25.08183304890293,25.19112197393645,24.97595752996324,25.05792617797852,17853200
2017-02-16,25.08183333060088,25.11598563149739,24.67882992645352,24.716398239135746,22750800
2017-02-17,24.59003363845257,24.66175425721961,24.501235565175115,24.57978820800781,23290000
2017-02-21,24.81202444732708,24.88032904560583,24.709564944255547,24.747133255004883,23605000
2017-02-22,24.63101834601273,24.658338625735816,24.354378691466263,24.371456146240234,23078800
2017-02-23,24.64467922129068,24.68566094275863,24.32022582763172,24.473915100097656,34780200
2017-02-24,24.29632215620652,24.38853625296708,24.122142000056392,24.245092391967773,27995200
2017-02-27,24.26900076186364,24.5593019085362,24.228019032473032,24.453426361083984,47372800
2017-02-28,24.381704281507456,24.49440924194899,24.309983653677584,24.37828826904297,28036800
2017-03-01,24.60368934563032,24.97936980640207,24.58661189510078,24.86666488647461,37995200
2017-03-02,24.743716192045184,24.866666548245554,24.62076583584481,24.63101387023925,21540600
2017-03-03,24.672000487474435,24.764214575774087,24.531975257433885,24.58661842346192,22333000
2017-03-06,24.54563646790817,24.67541626594282,24.450006368370563,24.641263961791992,16749400
2017-03-07,24.73005963462426,24.736889052529445,24.39194482111315,24.422683715820312,22923600
2017-03-08,24.32364045955907,24.46708168786572,23.777195823876426,23.78744125366211,51132400
2017-03-09,23.667910583281305,23.958209096924925,23.527882739323275,23.94454765319824,55541400
2017-03-10,24.098224040108835,24.12896292677525,23.77035734769986,23.910385131835938,34958600
2017-03-13,23.88648663558375,24.02992787520748,23.831840864877325,23.913806915283203,26157600
2017-03-14,23.729381152140963,23.73279455816686,23.435666683399944,23.643999099731445,52769600
2017-03-15,23.84550160691657,24.22459816167893,23.729383256057893,24.169952392578125,46410000
2017-03-16,24.22118133913144,24.22118133913144,23.930882866045923,23.999187469482425,32555000
2017-03-17,24.098477609200017,24.15001465573829,23.98166275024414,23.98166275024414,28487800
2017-03-20,23.902639728164537,23.998840820233205,23.75833809006153,23.947303771972656,24437400
2017-03-21,24.06069225516313,24.07787215036712,23.68962853754242,23.778959274291992,33434400
2017-03-22,23.706800913540228,23.854539053070138,23.610599821992032,23.74459457397461,24839200
2017-03-23,23.675886134945475,23.851108471785004,23.62434907416993,23.648399353027344,23600800
2017-03-24,23.68275795302373,23.73429501691821,23.51096948756477,23.555633544921875,20885000
2017-03-27,23.33230606019558,23.51096487586384,23.315126168505955,23.4456844329834,22982600
2017-03-28,23.48004639821687,23.837366723931183,23.42507545187528,23.778959274291992,55845200
2017-03-29,23.77551820918223,24.1465818556069,23.71024038675669,24.10535430908203,37150400
2017-03-30,24.256523342347528,24.3149307735416,24.03663438385433,24.098478317260746,31824600
2017-03-31,24.01945823088757,24.167193756198564,23.90607724416291,24.016021728515625,39722400
2017-04-03,24.0538182239804,24.070995495296824,23.73429161911878,23.974794387817383,26266600
2017-04-04,24.026330808165586,24.170632465563934,23.79613493260867,24.1500186920166,25948000
2017-04-05,24.352728812773258,24.56231092359652,24.04007520859531,24.074432373046875,45467400
2017-04-06,24.17063125158408,24.3355492955302,24.10535343153496,24.26683235168457,26249400
2017-04-07,24.280582187610907,24.34586264627715,24.13628049914413,24.17407417297364,25160600
2017-04-10,24.308058667773604,24.466103681660297,24.25652162337332,24.35615921020508,21641800
2017-04-11,24.39395913915897,24.404266026432104,24.0984828046721,24.359601974487305,27783000
2017-04-12,24.383655169627588,24.53826373979232,24.180943417626143,24.25653076171875,22907200
2017-04-13,24.235911301829173,24.25308857155085,23.75833969026288,23.813310623168945,35312000
2017-04-17,23.80643594370605,23.88889363882748,23.74802851888183,23.86484336853028,16024400
2017-04-18,23.758338942190043,23.91638397358325,23.59342090609789,23.641521453857425,29500600
2017-04-19,23.699934528948603,23.744598580050585,23.23266975863713,23.29451370239257,36250800
2017-04-20,23.3632224646652,23.57967490560243,23.339172193449947,23.40788650512696,32470800
2017-04-21,23.308250113617657,23.407887705557123,23.174255364077748,23.291072845458984,28232200
2017-04-24,23.46286592298116,23.52470986747985,23.356357926843724,23.42850875854492,26701400
2017-04-25,23.486910068462866,23.682748738033627,23.41475925559816,23.627775192260746,31182000
2017-04-26,23.51783236876865,23.868282194402727,23.507525483535264,23.54875564575196,37475200
2017-04-27,23.366660164949828,23.390710437398447,23.057440503979613,23.291072845458984,41095400
2017-04-28,23.490354112166525,23.531581663449696,23.273898982794755,23.308256149291992,28852000
2017-05-01,23.30138458454997,23.36666503248764,23.19144008455602,23.242977142333984,18838800
2017-05-02,23.291071965973927,23.366659282610545,23.02995285976097,23.12615394592285,32871200
2017-05-03,23.074618104371,23.301377419065428,23.00933767650794,23.19143295288086,33869600
2017-05-04,23.029958709045125,23.05744548958206,22.6176674861258,22.765405654907227,67889000
2017-05-05,22.779143259593653,23.16394760424116,22.76883375354802,23.12615394592285,37487600
2017-05-08,23.12272093831863,23.33230300734938,23.102104546731884,23.291072845458984,37897400
2017-05-09,23.339171759807964,23.339171759807964,23.02995212044081,23.098669052124023,21439400
2017-05-10,23.23266487231832,23.51439775210909,23.212048481213508,23.40445327758789,36518400
2017-05-11,23.486910091833096,23.528140251203784,23.32199207563328,23.356351852416992,23937400
2017-05-12,23.33917433325209,23.38383837780877,23.208616080582644,23.27733039855957,21417200
2017-05-15,23.62434684187309,23.6621405081184,23.38384145474084,23.459428787231445,26413800
2017-05-16,23.569372589730992,23.569372589730992,23.26015288467854,23.342613220214844,23386800
2017-05-17,23.20517870822553,23.40445389268334,23.102104613841675,23.11241149902344,31213600
2017-05-18,23.009342038109864,23.21892412607757,22.923447825706155,23.10554313659668,28230000
2017-05-19,23.218914845152742,23.43880373131089,23.16394131297206,23.390703201293945,31249000
2017-05-22,23.51439918866907,23.528142576484225,23.25671656502217,23.339174270629883,20678400
2017-05-23,23.40102278616808,23.42507306423191,23.270464508290697,23.39414978027344,18173600
2017-05-24,23.3666669686355,23.438817806989565,23.163955223587905,23.27046585083008,26961400
2017-05-25,23.21204707998244,23.44224552132248,22.765398826014,22.847856521606445,46658400
2017-05-26,22.84786269002759,22.906270130954184,22.73791819246076,22.885656356811523,26398200
2017-05-30,22.765407800227496,22.765407800227496,22.569569057693208,22.57987594604492,29058200
2017-05-31,22.401207051609056,22.55238168741432,22.36684989473051,22.483667373657227,32186000
2017-06-01,22.49397635014224,22.706992315365856,22.4218255276036,22.6245346069336,35967400
2017-06-02,22.521466255706216,22.528336640162063,22.2672174690178,22.36341857910156,33085000
2017-06-05,22.294703331396423,22.48710554364156,22.287832947223475,22.40464782714844,25105000
2017-06-06,22.390903760233435,22.706993848298858,22.33936670600281,22.66920280456543,29670600
2017-06-07,22.57643742689195,22.686381928299355,22.1950668642292,22.34967803955078,45884200
2017-06-08,22.24316314745691,22.449308720340373,22.236292764250173,22.284393310546875,39138600
2017-06-09,22.33593154423964,22.895960860856945,22.332495041812344,22.82037353515625,46368400
2017-06-12,23.02308364753714,23.20861544654615,22.93375293958099,22.981853485107425,45848800
2017-06-13,23.05057615104321,23.1845735721582,22.940631632687488,23.15365028381348,31615800
2017-06-14,23.09179821119837,23.09179821119837,22.559255702508423,22.73447799682617,60560400
2017-06-15,22.63140958964723,22.744787965669342,22.463055034393346,22.56269264221192,38517800
2017-06-16,22.69726177934469,22.946340517886387,22.551966728304965,22.93596267700196,49242000
2017-06-19,22.884074348514613,22.9325060396342,22.73185895395065,22.790668487548828,31356800
2017-06-20,22.527754207284705,22.562347895108555,22.24753926545436,22.500078201293945,32126800
2017-06-21,22.430889827660984,22.562349546071847,22.01576026473995,22.1368408203125,54611000
2017-06-22,22.147215624269624,22.31326902014297,22.033055399229365,22.12300109863281,30863200
2017-06-23,22.12645825044035,22.29596915461004,22.064188561657545,22.271753311157227,29111000
2017-06-26,22.34094744738885,22.38245882135942,22.133381339882824,22.22332572937012,27206800
2017-06-27,22.302891787695007,22.403215332209875,22.185270079207854,22.188730239868164,28455000
2017-06-28,22.216405510977136,22.444725959742595,22.20256750812329,22.3098087310791,33719800
2017-06-29,22.375538290735733,22.603858736500527,22.30980843787612,22.35824012756348,38044800
2017-06-30,22.52083636632173,22.56235037987977,22.31327157719051,22.45856666564941,39286400
2017-07-03,22.538129504703644,22.998233154860834,22.513913662028468,22.890989303588867,36805600
2017-07-05,22.776824980404097,22.797583299674216,22.3409398656603,22.427425384521484,41976400
2017-07-06,22.465481121571152,22.53120832671404,22.12991685775288,22.17834854125977,41367200
2017-07-07,22.10569921220343,22.17488657175944,21.894674334430448,22.14375305175781,32073400
2017-07-10,22.112624063559213,22.26829963203875,22.064192368297874,22.216407775878903,28307600
2017-07-11,22.25445708308948,22.417050300832685,22.11607970803172,22.33748245239257,23799600
2017-07-12,22.55888663827663,22.61423864756832,22.302890193625263,22.39975357055664,29637200
2017-07-13,22.417050880100607,22.506993932782763,22.292511503263352,22.48969841003418,20113600
2017-07-14,22.50353550390527,22.66612607996113,22.482777182383927,22.62461471557617,20545000
2017-07-17,22.583101085447204,22.75261198459063,22.56234540291137,22.596939086914062,24429800
2017-07-18,22.7111011601162,22.718018841349835,22.396292557741752,22.48969841003418,29913600
2017-07-19,22.465482403276603,22.839097891741183,22.448184241324903,22.818342208862305,49605400
2017-07-20,22.94633810390481,23.02936346157475,22.686881551773816,22.7491512298584,34318600
2017-07-21,22.67304721165788,22.78028842592873,22.493155828455627,22.5242919921875,26095200
2017-07-24,22.572724243044647,22.607317928578144,22.43088670122958,22.482778549194336,20866800
2017-07-25,22.752609067568,22.92904026448976,22.700719867880927,22.766447067260746,30958600
2017-07-26,22.89445219099321,23.053585267433164,22.728398793348045,22.790668487548828,42422800
2017-07-27,22.79759036154623,23.03283115129092,22.69380665103293,23.02245330810547,31631800
2017-07-28,22.946342177563192,23.223094298704208,22.90828833201534,22.994773864746094,29530000
2017-07-31,23.0016891228492,23.178120330045164,22.93941944026996,23.04666328430176,27039000
2017-08-01,23.06050342329,23.1746623191644,22.942881727808928,23.04320526123047,25337400
2017-08-02,22.925586092248786,23.050125482681068,22.72148148196376,22.956722259521484,30237000
2017-08-03,22.918663095827085,22.956716936264563,22.53466717092429,22.634990692138672,30655600
2017-08-04,22.64537000937556,22.769909379052176,22.593478165455497,22.707639694213867,18742000
2017-08-07,22.61077947990037,22.65229348869184,22.465484408124,22.534671783447266,22874600
2017-08-08,22.46894054711513,22.679965459997195,22.4170513384794,22.482778549194336,20858200
2017-08-09,22.517371586717253,22.64537112276952,22.42050821427941,22.503536224365234,20875800
2017-08-10,22.54159397528233,22.579645187337523,22.22678532097868,22.26483917236328,30524200
2017-08-11,22.19565209905072,22.320188858828697,22.0987873888201,22.119543075561523,31981800
2017-08-14,22.16105324871948,22.257916628270795,22.026136021583124,22.05381202697754,22813400
2017-08-15,22.08840744113364,22.08840744113364,21.842788812544,21.970787048339844,25451200
2017-08-16,21.977702488667003,22.03997217591768,21.714787057792066,21.7597599029541,33166600
2017-08-17,21.67327595369118,21.756301329638298,21.44495419033978,21.45187187194824,29593800
2017-08-18,21.396519332126505,21.70440892367444,21.38268265044093,21.559112548828125,37265400
2017-08-21,21.527976558204823,21.538354398831988,21.37922135078172,21.448410034179688,20750400
2017-08-22,21.50722521674913,21.638683617831123,21.493388532160026,21.590251922607425,30343600
2017-08-23,21.545269812004616,21.794348502901737,21.52451413420596,21.68364715576172,23052000
2017-08-24,21.607546899281395,21.749383131454152,21.600627897752897,21.697492599487305,20781000
2017-08-25,21.73900660389336,21.880842844645183,21.73208760194636,21.794357299804688,16440400
2017-08-28,21.80473382401756,21.87738268023451,21.579872212832,21.697492599487305,19912000
2017-08-29,21.593711173000354,21.697494887205902,21.51068578523361,21.669818878173828,17454200
2017-08-30,21.586789732327013,21.74592279756349,21.52452004251021,21.68019294738769,17328800
2017-08-31,21.77359453384058,21.83932437511617,21.70094701211272,21.783973693847656,20667400
2017-09-01,21.81857150933609,22.06765028207644,21.763220817578752,21.99500274658203,23191000
2017-09-05,22.084944487571125,22.223320540601947,21.960405116078288,22.116079330444336,36229600
2017-09-06,22.226781839951112,22.53813028464113,22.21640399834961,22.475860595703125,34104200
2017-09-07,22.4862405110206,22.572726051447603,22.36862144291791,22.51737403869629,17280600
2017-09-08,22.46893975539152,22.48277775698312,22.17488947972452,22.27867317199707,20529400
2017-09-11,22.365159033196925,22.520831934579007,22.31326718629324,22.48969841003418,27102200
2017-09-12,22.555432085301675,22.67651397589677,22.4966225403056,22.628082275390625,18819400
2017-09-13,22.676510015230026,22.925586157473973,22.65229416920648,22.91175079345703,31786600
2017-09-14,22.95672344882508,23.178126234546035,22.9532632879868,23.02245330810547,29166800
2017-09-15,23.069767724313824,23.0767765045166,22.92255927327873,23.0767765045166,26136200
2017-09-18,23.024203048904567,23.18893745500166,23.00667708796761,23.174917221069336,25167000
2017-09-19,23.22398656903333,23.30459957107218,23.17842014049416,23.269550323486328,21008600
2017-09-20,23.33615098937259,23.49036824808791,23.315119296844355,23.42727851867676,36547600
2017-09-21,23.39572923648772,23.493868197191496,23.32913379568754,23.43428421020508,17748200
2017-09-22,23.41325645068532,23.62004888980085,23.38872170919557,23.55345344543457,29295800
2017-09-25,23.66211114346717,23.96353951528865,23.637576400369447,23.8934383392334,29667600
2017-09-26,23.833851738044164,23.928484972759083,23.767256296597942,23.88292121887207,21421400
2017-09-27,23.903951961257544,23.99157642251448,23.770763742818083,23.98456764221192,21836400
2017-09-28,24.03714044695873,24.149299639173723,23.939001488031373,24.00559425354004,23599800
2017-09-29,23.92147288278463,24.00559159912293,23.84436294527212,24.00208854675293,28575000
2017-10-02,23.74622403612584,24.00208858610177,23.65509386672658,23.99507713317871,24833600
2017-10-03,23.963534128727986,24.05115857353585,23.917967706012952,23.970542907714844,14479600
2017-10-04,23.97054605672349,24.04064455214429,23.868901366503,23.953020095825195,20395200
2017-10-05,23.97054394276277,24.100229089349128,23.956523710097816,24.061674118041992,20323600
2017-10-06,23.83385606323913,23.96704429621545,23.77777511835228,23.85839080810547,23926600
2017-10-09,23.8864245256449,23.9810577507716,23.85838406113111,23.907453536987305,11528200
2017-10-10,24.07569507337047,24.15981379779917,23.903949223634072,23.92848396301269,15527400
2017-10-11,23.900448908149432,23.998587876903382,23.80230993939548,23.98456764221192,20574000
2017-10-12,23.80231270083073,23.92848947951973,23.763757719477795,23.89694595336914,20362200
2017-10-13,24.03714111523757,24.10723960953853,23.86890098519465,23.88292121887207,17787400
2017-10-16,23.9565262981618,24.07569695164514,23.886427801350127,23.935497283935547,15333800
2017-10-17,23.928484609147105,23.99858577646897,23.81983114240584,23.94951629638672,16754200
2017-10-18,23.9319870345264,24.030125981152267,23.753232425123134,23.7812728881836,15412600
2017-10-19,23.61654383802734,23.805812995254552,23.606029330529108,23.70767402648925,15183800
2017-10-20,23.76024440889729,23.76725318777616,23.595510027342964,23.753232955932617,19640400
2017-10-23,23.770765325473395,23.847875284367287,23.6095366269164,23.630565643310547,17310600
2017-10-24,23.71468145043432,23.781274211300754,23.627057004059527,23.67612648010254,19640400
2017-10-25,23.634068203402265,23.70416669804613,23.43779027913052,23.511394500732425,27045400
2017-10-26,23.52190988329333,23.63757481043972,23.420265190414955,23.56046485900879,18724400
2017-10-27,23.43778827328996,23.72869940784293,23.252022197618142,23.602519989013672,32376000
2017-10-30,23.437790634788545,23.79179151442388,23.437790634788545,23.72519874572754,23229600
2017-10-31,23.73571739654313,23.889937322927523,23.63056696053801,23.80231285095215,19298000
2017-11-01,23.94601370215172,24.184352354053672,23.93549919419944,24.07219314575196,34612600
2017-11-02,24.072187031353884,24.138782463584835,23.858383177009458,24.00208854675293,22656600
2017-11-03,23.991577461307067,24.166826391408904,23.967042718056263,24.07219314575196,22223800
2017-11-06,24.18084661796891,24.65401819425559,24.138788586175004,24.62247467041016,38200000
2017-11-07,24.6645351678244,24.699584418718565,24.46124576891719,24.590930938720703,26820600
2017-11-08,24.531341876908403,24.59443159199612,24.335063951784928,24.471757888793945,28493200
2017-11-09,24.37712690681982,24.587425085191768,24.342074982019145,24.54536437988281,25977800
2017-11-10,24.503308216847422,24.524337234061992,24.22991762262492,24.41568374633789,21068400
2017-11-13,24.34909023263239,24.440220437965767,24.247445517854164,24.27548599243164,14979600
2017-11-14,24.184349557721283,24.184349557721283,23.854880751517225,23.88292121887207,33055400
2017-11-15,23.66911918908876,23.71818867376058,23.514899280642275,23.613040924072266,35386200
2017-11-16,23.53943378621538,23.623552510381312,23.45180933526744,23.51840209960937,25028000
2017-11-17,23.56396714104637,23.683135103772702,23.504380485597327,23.63406562805176,18344800
2017-11-20,23.60602431963516,23.627056004253525,23.472836129452403,23.57798385620117,15570600
2017-11-21,23.669120622757493,23.763756544704187,23.581496155666528,23.630565643310547,16928800
2017-11-22,23.770762500528846,23.81983198234139,23.711178511768782,23.72519874572754,18615000
2017-11-24,23.81983429388082,23.8689037804552,23.788290769977205,23.791793823242188,9981400
2017-11-27,23.69015047370855,23.71819094594623,23.50088397132072,23.54995346069336,21191600
2017-11-28,23.57448529474109,23.767257500879545,23.54644482596544,23.732208251953125,24226600
2017-11-29,23.721687346173848,23.90745072205511,23.672617876095234,23.86188697814941,27198600
2017-11-30,23.91796639627799,24.26496110405773,23.91796639627799,24.21939468383789,44607200
2017-12-01,24.3911470517183,24.59093341753545,24.16332556089811,24.42269325256348,42376600
2017-12-04,24.629477317875736,24.797717425416234,24.335060472287097,24.41217041015625,27151800
2017-12-05,24.412166758425123,24.49979118851704,24.27897591327076,24.307016372680664,21379600
2017-12-06,24.236921471269927,24.278979492499627,23.95652218400492,23.9915714263916,24122400
2017-12-07,23.967038216075043,24.1037321419509,23.94600920412059,24.061674118041992,17280000
2017-12-08,24.18434321131441,24.29299665119413,23.37469431603427,24.2824821472168,21393400
2017-12-11,24.328058284039543,24.583920230008072,24.314038048439187,24.457740783691406,22633400
2017-12-12,24.39114189147949,24.58041103424829,24.359598371394423,24.39114189147949,23516400
2017-12-13,24.39114360983289,24.44722454827209,24.28599586138889,24.35609436035156,18432000
2017-12-14,24.264963896801024,24.44021279699028,24.257952443305296,24.26846694946289,23565600
2017-12-15,24.44064928416684,24.44064928416684,24.214837224364405,24.2465934753418,20306800
2017-12-18,24.306574130316505,24.55708429916671,24.29951868117501,24.43359375,19321400
2017-12-19,24.54649928345792,24.61000909201622,24.4124242173424,24.46887588500977,13528400
2017-12-20,24.550033403199954,24.856995297789062,24.47593905995801,24.81465721130371,24509000
2017-12-21,24.825234399628098,25.41446259222873,24.80053629250986,25.340368270874023,33606200
2017-12-22,25.3686028957628,25.495622538772874,25.26275229595688,25.39330101013184,21321600
2017-12-26,25.4850392983035,25.65792610757779,25.43211399573999,25.61558532714844,17262200
2017-12-27,25.61911461831124,25.62969914053621,25.477981374228463,25.530906677246094,21710600
2017-12-28,25.52736901129471,25.56970977783203,25.48150186646481,25.56970977783203,15933600
2017-12-29,25.63675778910371,25.65086869108694,25.45328376060828,25.495624542236328,14712800
2018-01-02,25.622637138458064,25.94371256205802,25.54148466899449,25.91548538208008,29782800
2018-01-03,25.96841051516572,26.37063840580675,25.94018333535778,26.30360221862793,38599200
2018-01-04,26.28595790863037,26.480016392766263,26.190694547622115,26.462373733520508,28613600
2018-01-05,26.42709174754937,26.47295889405161,26.233033258709234,26.45178985595703,28408800
2018-01-08,26.441209378468503,26.624680684413143,26.370641420880304,26.610567092895508,19558400
2018-01-09,26.66348907831978,26.670544527256627,26.50118683385234,26.54352760314941,18469000
2018-01-10,26.621147199674265,26.63878985911918,26.490601210592704,26.51177024841309,21644000
2018-01-11,26.60350781620188,27.150395276406577,26.50824176013479,27.055131912231445,36179000
2018-01-12,27.06218583917626,27.38679299534856,27.06218583917626,27.316225051879883,39638400
2018-01-16,27.379742401736934,27.3973850654399,26.921062756277745,26.970458984375,33789800
2018-01-17,27.048080670956303,27.3232889790417,26.871664812758755,27.20685386657715,28014800
2018-01-18,27.10453103522612,27.17156991950525,26.93517063511281,26.984569549560547,23029200
2018-01-19,26.924591205951547,26.95987653607085,26.77287343887388,26.94928932189941,25925400
2018-01-22,26.98457223508922,27.54204432968028,26.97751409294044,27.53145980834961,34033400
2018-01-23,27.58437429317834,27.612601466922747,27.351504147624144,27.48911094665528,20369800
2018-01-24,27.52086673852895,27.658470856870263,27.319752820038445,27.415016174316406,25839400
2018-01-25,27.552626473287567,27.552626473287567,27.150398546078428,27.19979476928711,23436800
2018-01-26,27.259774492628058,27.39384955280896,27.203320135567527,27.34798240661621,15570600
2018-01-29,27.23860660964357,27.333872677664505,26.892833045436515,26.935171127319336,25294400
2018-01-30,26.70936159751293,26.78345863165706,26.370643450694608,26.391815185546875,45503600
2018-01-31,26.462375821026324,26.50824297003496,26.22597924307925,26.40945053100586,31450600
2018-02-01,26.44473399298167,26.69877323956449,26.29654532977241,26.681133270263672,36023200
2018-02-02,26.190694714408863,26.254204519449427,25.425047983672087,25.566181182861328,62010800
2018-02-05,25.22393363512412,25.54501172529985,24.091344373758623,24.493572235107425,69535200
2018-02-06,24.07370899405607,24.864051278484745,23.95727388255891,24.68763542175293,65630400
2018-02-07,24.765256140879703,25.075747045939288,24.27129125727741,24.27482032775879,49207400
2018-02-08,24.29952237180812,24.398314826146173,23.530349087742923,23.54093360900879,55542200
2018-02-09,23.819668753757288,23.84436686501216,22.74000192430621,23.52328872680664,70348200
2018-02-12,23.82672259132107,24.17249881738816,23.713816562952804,23.90787506103516,49913800
2018-02-13,23.7843839222796,23.91140084563308,23.6432507173522,23.80908203125,24570000
2018-02-14,23.57621386820289,24.22542558998052,23.51976219650914,24.154857635498047,39513800
2018-02-15,24.204258041226858,24.221900705869945,23.70676666262558,24.09488105773925,32938800
2018-02-16,23.992554172674964,24.260707002452293,23.89023266273504,24.034894943237305,27582200
2018-02-20,24.08429137769377,24.26070721877174,23.79496950600159,23.904346466064453,35616200
2018-02-21,23.833781714027207,24.056064709438704,23.50211906433105,23.50211906433105,25090800
2018-02-22,23.671479491140666,24.108992774827595,23.611498743050387,23.75968742370605,30660600
2018-02-23,23.87611881201717,24.292460296381552,23.833780733808897,24.27482032775879,31369600
2018-02-26,24.39831795426589,24.46888323301386,24.27835375012296,24.41948699951172,24312800
2018-02-27,24.468879752440948,24.662938279233263,24.0984080538726,24.1019344329834,26931400
2018-02-28,24.22895031273586,24.31715823089077,23.53740055742844,23.547985076904297,35244000
2018-03-01,23.52328746159272,23.883177282683604,23.343345242939364,23.51270294189453,45950000
2018-03-02,23.35039309900241,23.706753733681484,23.163392800097828,23.62207221984864,29157800
2018-03-05,23.512699345287576,23.946683429773724,23.47035858107937,23.872589111328125,25663000
2018-03-06,24.02077933342398,24.10898724576009,23.766740115193283,23.886701583862305,31355800
2018-03-07,23.62914271288753,23.87965293219805,23.484480403372835,23.70676612854004,24725200
2018-03-08,23.75968395588859,23.830251906776724,23.53034551820537,23.69970321655273,16026600
2018-03-09,23.883176997717165,24.17249886421456,23.862005266681315,24.15132713317871,22786200
2018-03-12,24.16544279889665,24.320689610997984,24.02430957806746,24.14427375793457,18972000
2018-03-13,24.218372843835784,24.327749832784804,23.87259921146471,23.971391677856445,21461800
2018-03-14,24.06312305181852,24.13016194232132,23.78085928128157,23.83025550842285,22696400
2018-03-15,23.9184646400243,24.020786170485096,23.526821182426737,23.70676612854004,24817000
2018-03-16,23.71920212750281,24.02479805719128,23.67300840271119,23.918193817138672,28685200
2018-03-19,23.84356766316292,23.87555001387407,23.413602004458536,23.54863166809082,29050000
2018-03-20,23.67655496866787,23.907528966740493,23.64457532993336,23.74762535095215,22518200
2018-03-21,23.889760902821536,24.52582381354811,23.81513633147296,24.369474411010746,32879200
2018-03-22,24.099419585707302,24.227343587462126,23.82580601648961,23.871999740600582,36967600
2018-03-23,23.992809007968127,24.26997941257664,23.67300179913729,23.726301193237305,38428600
2018-03-26,23.99991586320538,24.18824760644352,23.722748187416613,24.15271377563477,31906000
2018-03-27,24.25577433412886,24.35527018809766,23.78672051466258,23.9253044128418,27846200
2018-03-28,23.93951321300109,24.02124077028005,23.420711580987263,23.45979690551757,36457400
2018-03-29,23.56284548301701,24.04966744377032,23.55929399713367,23.953725814819336,27936200
2018-04-02,23.86133661774608,23.903976138500127,23.07247295109985,23.474010467529297,37986200
2018-04-03,23.562838558247737,23.996358281708613,23.338973015780933,23.975038528442383,28228600
2018-04-04,23.60904617638369,23.99636967017861,23.445588331300268,23.94306755065918,24981600
2018-04-05,24.003476424537023,24.52582956915732,24.003476424537023,24.373031616210938,27056800
2018-04-06,24.220237736646386,24.33749914489902,23.616151574505555,23.93240737915039,37767800
2018-04-09,24.046112060546875,24.35170791703003,23.95017043632905,24.046112060546875,21639600
2018-04-10,24.42633810462911,25.037530025823703,24.41923241973419,24.84209251403809,43684400
2018-04-11,24.802994941377968,25.15833869291028,24.77101259399007,25.101482391357425,42381800
2018-04-12,25.18676685569068,25.296925274094665,25.00909496071557,25.097930908203125,28623200
2018-04-13,25.232964929363074,25.47815031690232,25.19743109026184,25.37510299682617,26660800
2018-04-16,25.431962223087524,25.75177226786148,25.29693252020908,25.63450813293457,28048600
2018-04-17,25.7020196092574,25.85126336566292,25.556327339153267,25.733999252319336,32210600
2018-04-18,25.957866194680232,26.373617798358943,25.95075780034525,26.139089584350582,34623000
2018-04-19,26.16041021918118,26.36650755243455,26.011163770266656,26.17107009887696,36300600
2018-04-20,26.117771018876976,26.13909078074151,25.87969130786228,26.046703338623047,27380800
2018-04-23,25.96497012295334,26.210158200833504,25.82283206750023,26.20660400390625,29689200
2018-04-24,26.27767579549934,26.45890191238825,25.78374807643955,25.925886154174805,45575000
2018-04-25,25.844151426524625,26.1675128204682,25.68069092024557,26.13197898864746,26326600
2018-04-26,26.22793273050037,26.533528705335407,26.14620515063684,26.51220893859864,24433800
2018-04-27,26.24213761706004,26.36295591203902,26.128427715875183,26.23147773742676,21078600
2018-04-30,26.188832504015927,26.52285648652224,26.18172682209472,26.22792053222656,25926400
2018-05-01,26.09644801994192,26.114213582272605,25.737550043744303,26.06801986694336,27601800
2018-05-02,25.989846997920385,26.38072466101754,25.95431315783123,26.17462730407715,26869400
2018-05-03,26.05380615081737,26.156856173569103,25.762424356196497,26.114213943481445,30659200
2018-05-04,26.04314625741325,26.334528051881435,25.93654203777892,26.242137908935547,27171000
2018-05-07,26.44824186307316,26.85333361985877,26.224376222025835,26.27767562866211,35947400
2018-05-08,26.288338606196863,26.497990171526663,25.81217644848945,26.483776092529297,57548200
2018-05-09,26.80713723536105,27.322384662779594,26.803583038252096,27.023897171020508,49807800
2018-05-10,27.13050179619468,27.290408151739754,27.00613199369853,27.2264461517334,27780200
2018-05-11,27.28685320966656,27.45031104720968,27.205122935365846,27.265533447265625,24021400
2018-05-14,27.350813115104422,27.57823293350696,27.350813115104422,27.4538631439209,20452600
2018-05-15,27.393457537031647,27.50361597984951,27.251322158397173,27.460973739624023,20965400
2018-05-16,27.42187909582787,27.574677031029125,27.28329523727998,27.55691146850586,23994400
2018-05-17,27.645750124836965,28.01175382360784,27.63153604678998,27.972665786743164,32542600
2018-05-18,27.92290950014577,27.95133764771936,27.73457776682115,27.755897521972656,28185400
2018-05-21,27.91226191896564,28.040185928344727,27.770123829537926,28.040185928344727,23026200
2018-05-22,28.03663795568053,28.22141561522265,27.588903823441115,27.66707992553711,33166800
2018-05-23,27.507171347628443,27.68484328953724,27.279748767811192,27.66352081298828,33211600
2018-05-24,27.34370313933401,27.386345369464973,27.084303694779955,27.20867347717285,38309600
2018-05-25,26.728960951807004,26.76449478943857,26.238584774894026,26.501541137695312,64907000
2018-05-29,26.295437663022515,26.583265234768493,26.174622088581177,26.41980743408203,38655000
2018-05-30,26.647229932484496,27.34015194648535,26.636570052601986,27.21933364868164,46044400
2018-05-31,27.02034348651585,27.33659925876137,26.956381492631472,27.01323509216309,26517400
2018-06-01,27.105630933611344,27.32239091890325,26.99547519753333,27.14116477966309,28205000
2018-06-04,27.233550957892955,27.43254263547272,26.83556489167514,26.906635284423828,27378400
2018-06-05,26.77515234993391,27.04876856921389,26.71474456008792,26.842668533325195,27415800
2018-06-06,26.942164346721928,27.04166016786492,26.73251282517888,26.970592498779297,26958400
2018-06-07,27.11273030538918,27.535587541462945,27.10562191190955,27.37923812866211,30357800
2018-06-08,27.411217106067053,27.4858389694596,27.15536916811678,27.32593536376953,22473200
2018-06-11,27.318837838112906,27.592454157123363,27.26198422431697,27.46808433532715,21435600
2018-06-12,27.468079027476453,27.532041025048787,27.183802880253115,27.258424758911133,31414400
2018-06-13,27.17314089410073,27.31527895670116,27.045216908866152,27.155372619628903,25004200
2018-06-14,27.23354368547833,27.31171974109672,27.05231762118644,27.11627960205078,20582200
2018-06-15,26.959596602076243,27.013258764956262,26.476642594898014,26.53388023376465,32178800
2018-06-18,26.46591234674404,26.97748656971347,26.46591234674404,26.798614501953125,26368800
2018-06-19,26.47663941841856,26.83795896442878,26.401513491147995,26.737791061401367,25215200
2018-06-20,26.898772853895583,26.956010475943472,26.641196731254634,26.85584259033203,23311800
2018-06-21,26.666249360777343,26.6805594543514,26.233379265304364,26.35858917236328,30019600
2018-06-22,27.00967796036999,27.1778181141736,26.88088987360003,26.88446807861328,56072600
2018-06-25,26.80576084212922,26.84511290460837,26.165398687406206,26.34427070617676,36760600
2018-06-26,26.412239736814296,26.780715614001288,26.319225534133963,26.67696952819824,27047200
2018-06-27,26.89877580434077,27.37099783785572,26.88804391961528,27.034717559814453,41167800
2018-06-28,27.074069250271,27.174237145489105,26.791451129122525,26.998943328857425,28570800
2018-06-29,27.07407332564066,27.453281194438787,27.07407332564066,27.16708755493164,26335800
2018-07-02,26.97748124520827,26.984634925583467,26.61973718029499,26.76641082763672,30593200
2018-07-03,27.04545677243161,27.35311695498426,26.870162905888755,26.93455696105957,18616400
2018-07-05,27.0991136002252,27.18497141374469,26.82722733981433,26.90593147277832,19939000
2018-07-06,26.82364836062441,27.15635041509827,26.69843576760701,27.07048988342285,18620600
2018-07-09,27.235052312420965,27.51409495147453,27.22074222354357,27.474742889404297,22118400
2018-07-10,27.64288284889982,27.90403721866424,27.610687192976183,27.67865943908692,22007200
2018-07-11,27.42108674246353,27.58922691187517,26.91309075825416,27.09196281433105,38725600
2018-07-12,27.16350594843738,27.313757795067502,26.945281858601497,27.138463973999023,25136000
2018-07-13,27.163504711122226,27.446122826550507,27.09195699580611,27.28156089782715,22846200
2018-07-16,27.013253849660103,27.14561740072568,26.73778940403893,26.96674537658692,22781200
2018-07-17,26.87730633914553,27.009672604682137,26.70916894805224,26.859420776367188,19506400
2018-07-18,26.730634259361167,26.91665995334968,26.465904442364707,26.877307891845703,30703000
2018-07-19,26.805763944546,26.99894607470095,26.777143763181407,26.88446807861328,32463600
2018-07-20,26.88446471359565,26.94528054435532,26.70559269651168,26.79145050048828,21722400
2018-07-23,26.86656958428829,26.884457873193394,26.626881797430105,26.67338752746582,15247600
2018-07-24,26.791453781049693,27.167086154669647,26.755679919126536,27.00967788696289,20337000
2018-07-25,27.045453891165568,27.30303008440816,26.91309031862825,27.235057830810547,22070600
2018-07-26,27.29229833915319,27.582070193365176,27.238636177054804,27.531986236572266,24374800
2018-07-27,27.22432694632092,27.557029086609315,27.188553080247434,27.413930892944336,25281800
2018-07-30,27.63215061240001,27.74662860318013,27.53913912133345,27.639307022094727,22790000
2018-07-31,27.68939750814465,27.76452345144797,27.52483552814149,27.589229583740234,22581000
2018-08-01,27.34952775930029,27.36026237199123,27.059755992157868,27.206432342529297,22345000
2018-08-02,27.00609510255699,27.10984119510151,26.830801298298443,27.05617904663086,19379400
2018-08-03,27.006098230874223,27.05618218074969,26.780720456434626,26.916662216186523,15326600
2018-08-06,26.995372391448537,27.145624274723986,26.834388620706445,27.01683616638184,16400200
2018-08-07,27.292294733247,27.3674206585106,27.131308268221645,27.2171688079834,23596600
2018-08-08,27.027570763637023,27.120582274528044,26.85943058179154,27.020414352416992,18797600
2018-08-09,27.04187831782841,27.09196500860794,26.727064456208687,26.769994735717773,30465000
2018-08-10,26.70917913264733,26.93455696105957,26.65551696510978,26.93455696105957,33955400
2018-08-13,26.88446596402506,26.97748018145864,26.576805861981345,26.59111595153809,19634000
2018-08-14,26.795029909980315,26.83438197385801,26.54460743717945,26.65550994873047,20875800
2018-08-15,26.40151217012503,26.444439709634203,25.6502474762683,25.72537612915039,52800800
2018-08-16,25.850584012104218,26.058073472293867,25.83627392357901,25.9113998413086,50026600
2018-08-17,25.9793739505812,26.04376798889733,25.882781528421766,25.97579574584961,23065400
2018-08-20,25.982952369679207,26.24410675726276,25.97222048363907,26.151092529296875,16691400
2018-08-21,26.369316527029984,26.494526412563964,26.2548385274888,26.2834587097168,19018200
2018-08-22,26.448012875814964,26.680547011548505,26.430124584847,26.598264694213867,18690800
2018-08-23,26.47305679321289,26.519562532033103,26.372888906910777,26.47305679321289,12937800
2018-08-24,26.63761670369133,26.823645103696844,26.61257473400251,26.666236877441406,15506600
2018-08-27,26.755684985704487,26.898783189865565,26.71633291132592,26.863006591796875,13969800
2018-08-28,26.913076876622004,27.02397662078943,26.730626709306584,26.748512268066406,16787000
2018-08-29,26.834387515536985,27.023991464628786,26.75210516606283,26.9130916595459,15520800
2018-08-30,26.90235333218716,26.956015489279253,26.69843931873375,26.83795928955078,18500400
2018-08-31,26.75568207473165,26.76283575594434,26.51956965414882,26.63047218322754,17819200
2018-09-04,26.75210278958556,26.77356656172817,26.465909153324283,26.573230743408203,30189400
2018-09-05,26.451596794521468,26.55176469509448,26.18328874825636,26.53745460510254,19196200
2018-09-06,26.43729052532796,26.52672655367523,25.97580029153152,26.047348022460938,28812800
2018-09-07,25.950757512936185,26.09027749450808,25.678871230916457,26.04377174377441,20268800
2018-09-10,26.17613153713928,26.283455844107603,26.025879690880025,26.03303337097168,17823400
2018-09-11,26.00799425105982,26.43013238643153,25.93644652480867,26.27988052368164,28563200
2018-09-12,26.49452329527224,26.676973523795493,26.40866548806091,26.41581916809082,25378800
2018-09-13,26.37289157328898,26.476637674410984,26.197597754537554,26.42655372619629,22074800
2018-09-14,26.430133678393585,26.66624609943151,26.419401791868392,26.56607818603516,18988600
2018-09-17,26.634043133713867,26.78787318267309,26.544607122211307,26.60900115966797,29457800
2018-09-18,26.79861375770908,26.96675120406257,26.78072545968137,26.784303665161133,20447000
2018-09-19,26.791456932795736,26.97748540367369,26.76641495356652,26.8665828704834,21823000
2018-09-20,26.98106275575936,27.084808885314327,26.841542757585383,26.873741149902344,25024800
2018-09-21,27.01890017723041,27.141368206192823,26.83519538564863,27.05131721496582,27420200
2018-09-24,27.28905051533566,27.56640633234704,27.26743641079472,27.44753837585449,25569000
2018-09-25,27.620435887715843,27.739303837392413,27.58441604639687,27.624038696289062,26055200
2018-09-26,27.454750979083816,27.59883313741992,27.31066882074772,27.357494354248047,25457200
2018-09-27,27.465556660034768,27.501576512584144,27.28545464914929,27.357494354248047,21344200
2018-09-28,27.227815856812907,27.57001126567888,27.21341011685936,27.28184700012207,29666200
2018-10-01,27.382698533363413,27.775322202849747,27.382698533363413,27.660057067871094,25425200
2018-10-02,27.72850548812277,27.78253389031142,27.4979723968512,27.68888282775879,18936800
2018-10-03,27.807749062237864,27.995056690366138,27.728506486794352,27.912208557128903,26489600
2018-10-04,27.82215210888031,27.99144840374589,27.63484726553972,27.796937942504883,30385400
2018-10-05,27.768119954692143,27.88338785179177,27.624040579593466,27.793336868286133,23966400
2018-10-08,27.58801612281821,27.814946344720926,27.479956598798683,27.77172088623047,23157200
2018-10-09,27.86897299168798,28.22557403534557,27.750105061089684,28.0202579498291,33633400
2018-10-10,28.06708705114761,28.113915316659902,27.01529232934482,27.1413631439209,52810600
2018-10-11,26.87841997711031,26.896428525887465,26.02473561869671,26.22284889221192,71184200
2018-10-12,26.48219046085832,26.561435761379297,25.89505907230212,26.294885635375977,47158000
2018-10-15,26.291288547355823,26.39935084396766,26.067963831627623,26.075166702270508,23180800
2018-10-16,26.147204333795425,26.338114742466185,26.03914479386621,26.29128646850586,29142200
2018-10-17,26.240860260255765,26.32010557817581,25.90227037660426,26.12559509277344,31608400
2018-10-18,25.88425592942281,26.23725425959132,25.83022478758207,25.99591827392578,33173400
2018-10-19,25.866245156574383,26.143603741175824,25.747379939883285,25.76538848876953,27136200
2018-10-22,25.74737831299384,25.80140670437679,25.325937623241405,25.480825424194336,24589000
2018-10-23,25.10621169374122,25.113417310974697,24.46144910637128,24.8144474029541,52955400
2018-10-24,24.93331502315692,24.94051789215703,23.827489132342663,23.834692001342773,56200400
2018-10-25,24.126462936401367,24.375001805078305,23.96436950225048,24.126462936401367,50666600
2018-10-26,23.92834833777265,24.241726761367385,23.5501330937148,23.94635963439941,51159800
2018-10-29,24.12285251481198,24.155269542529425,23.18632304509816,23.499698638916016,48919600
2018-10-30,23.48529062821828,24.10124164863406,23.37723111884545,24.043607711791992,52794800
2018-10-31,24.27775144831945,24.598332805617257,24.15888346240761,24.191303253173828,34575600
2018-11-01,24.241726270522303,24.511879225625577,23.99318467242314,24.39661407470703,42951600
2018-11-02,24.66676451183673,24.846866463520847,24.09043606793741,24.33537483215332,42425000
2018-11-05,24.63073986828152,24.83965877436001,24.573108677581818,24.74240493774414,26463200
2018-11-06,24.80363870021185,24.911700960432675,24.562302766941112,24.857669830322266,26144200
2018-11-07,25.17826127825991,25.343954795910623,24.890096966087384,25.26470947265625,33325800
2018-11-08,25.14943914238495,25.347552409912428,24.627144525285946,24.71719551086425,30289800
2018-11-09,24.389404062883603,24.8324560386122,24.25612763971444,24.67396545410156,45835600
2018-11-12,24.84326262250721,24.94772207991912,24.112049168761427,24.162477493286133,36083200
2018-11-13,24.09404383239341,24.22371748412977,23.48169816996811,23.60776901245117,65463800
2018-11-14,23.97517330644688,24.06522429121945,23.3520220307779,23.56814384460449,45084200
2018-11-15,23.41685809181277,23.94275549608649,23.41685809181277,23.913938522338867,40613600
2018-11-16,24.06162697114758,24.281351618870712,23.942758998155405,24.19850349426269,39511000
2018-11-19,24.05082115737165,24.28855712919533,23.97517864310192,24.191303253173828,31167600
2018-11-20,23.87431861627305,23.931952570396824,23.218747502875186,23.398849487304688,52648800
2018-11-21,23.582555345207144,24.01840183742018,23.52852419781217,23.766260147094727,34661800
2018-11-23,23.175520127210195,23.258368242400422,22.85133740639693,23.02063369750977,28843600
2018-11-26,23.189928375558267,23.521318084765912,23.186328314862983,23.366430282592773,33365400
2018-11-27,23.2475645427637,23.470891993389586,23.16831922969845,23.30159568786621,44528600
2018-11-28,23.279979141200243,23.71942837804368,23.13229695807789,23.701419830322266,42296400
2018-11-29,23.719426831971987,24.047213707908096,23.6870097993037,23.856306076049805,28828400
2018-11-30,23.64739205348737,23.88152519226216,23.528524079444097,23.81308555603028,36258000
2018-12-03,24.356991189881803,24.490264887657432,24.05802126285668,24.34258270263672,43990800
2018-12-04,24.3533896150158,24.43263492481013,23.60056192010773,23.643787384033203,36592600
2018-12-06,23.125089134942368,23.24395708074595,22.718059719838227,23.207937240600582,70712200
2018-12-07,23.650991832912062,24.000387343519616,23.038643490860395,23.078266143798828,54891400
2018-12-10,22.9161733311436,23.027837042594385,22.1957654809115,22.718061447143555,46765600
2018-12-11,23.067461439848028,23.11068690346269,22.487532856673827,22.72526741027832,34483200
2018-12-12,23.09628101749859,23.251168844394066,22.800912479133192,22.81532096862793,38534800
2018-12-13,22.761285513669403,23.03143845727204,22.66042885442648,22.887357711791992,30598000
2018-12-14,22.74687744518772,22.840529857111207,22.256999908187662,22.36506080627441,45787200
2018-12-17,22.30743475695153,22.49474100962368,21.799547150808102,21.95803642272949,41464600
2018-12-18,21.91840920999841,21.997654516538905,21.32047072427129,21.43933868408203,53234000
2018-12-19,21.55100155907453,21.958031006256004,21.010695669900503,21.18719482421875,91097800
2018-12-20,20.92784498681306,21.24842759589196,20.473988700251592,20.600059509277344,77008800
2018-12-21,20.60369704178786,20.945456811455344,20.229217008476805,20.400096893310547,74787400
2018-12-24,20.16014039311344,20.25830535361527,19.556608751708264,19.57478713989257,31211800
2018-12-26,19.76384347846776,20.796391636384502,19.40027020296076,20.792755126953125,58194000
2018-12-27,20.3746453659683,20.92727687519555,20.09832891789373,20.901826858520508,48754600
2018-12-28,20.996355267341407,21.09088370245524,20.614603630774123,20.74185371398925,38874800
2018-12-31,20.92728071119625,21.00363077521645,20.60733580259266,20.850929260253903,37410400
2019-01-02,20.52007472747809,21.403557878847348,20.414639533917168,21.261764526367188,49785200
2019-01-03,21.32357374767297,21.399923804760704,20.81093547063502,21.050893783569336,36048200
2019-01-04,21.414468544666747,21.83257701961675,21.290853563611503,21.767133712768555,42703000
2019-01-07,21.93074174534854,22.250686643526684,21.63988337742391,22.09071350097656,36113400
2019-01-08,22.399749187350764,22.45064922279047,22.14161250080829,22.2615909576416,37384600
2019-01-09,22.55972316963977,22.69060978060337,22.32703647766986,22.61425971984864,37513600
2019-01-10,22.44337767241682,22.708785991687765,22.316127583356074,22.67970085144043,38335200
2019-01-11,22.563355323542943,22.690605400235512,22.34521055174192,22.545175552368164,28211800
2019-01-14,22.33067131607244,22.581537779531907,22.29795105067032,22.49064445495605,26383400
2019-01-15,22.61426134572085,22.785139867278044,22.457924703265714,22.570632934570312,19642400
2019-01-16,22.54517908322246,22.72696572806577,22.465193902598383,22.54154396057129,25082200
2019-01-17,22.3706646404564,22.846946161370244,22.319764600511206,22.74878120422364,20349600
2019-01-18,23.01782449176577,23.228696269628657,22.883301381711167,23.21051788330078,29063600
2019-01-22,22.956021442274103,23.006921490131905,22.643348134664983,22.705156326293945,39726400
2019-01-23,22.78513544509218,22.81422197149549,22.28704046927177,22.47246360778809,46735400
2019-01-24,22.425200089737807,22.79604500289931,22.334306769460632,22.592443466186523,26098400
2019-01-25,22.785133650961782,23.02145680515359,22.748776882742337,22.879663467407227,20467200
2019-01-28,22.577895053069664,22.661518109145334,22.403380084367218,22.650609970092773,24044800
2019-01-29,22.781499014900536,22.87239232430996,22.70151245880525,22.71969223022461,23768200
2019-01-30,22.86149028017284,23.112355366526003,22.73787529843603,23.039640426635746,24233000
2019-01-31,23.07599670693083,23.29777663138287,23.014188527645207,23.188703536987305,35688400
2019-02-01,23.439571680715243,23.73042866367908,23.36322161866808,23.59227180480957,29544800
2019-02-04,23.4322989270726,23.65407887004038,23.2577852900829,23.64680862426757,20215800
2019-02-05,23.628626143702288,23.72315597099097,23.552276089530483,23.683162689208984,15705400
2019-02-06,23.570458530842107,23.635901838089588,23.48683544841978,23.50865173339844,13607600
2019-02-07,23.36322238476769,23.44320895920494,22.774232606147827,22.988740921020508,29200200
2019-02-08,22.92692866061319,22.98146381362023,22.49427562404614,22.883298873901367,21268800
2019-02-11,22.77422962397184,23.0287311927374,22.708786323805786,22.992374420166016,24994800
2019-02-12,23.301408733792005,23.41775483904244,23.014186914525503,23.28323173522949,21354600
2019-02-13,23.37776571211026,23.75951603587056,23.35231569052624,23.574092864990234,26123400
2019-02-14,23.49046577472788,23.835859221376506,23.44683599009966,23.6577091217041,20426400
2019-02-15,23.904939949098143,24.057640040464968,23.850403409654668,24.03946304321289,20367600
2019-02-19,23.919487308131902,24.20307403319831,23.883130533556947,24.112180709838867,17443200
2019-02-20,24.07582666716735,24.33396340193785,24.07219015714399,24.2139835357666,19871400
2019-02-21,24.137634275405865,24.19944107864753,23.75224741537603,23.83950424194336,23732200
2019-02-22,24.01765493688903,24.09037127217524,23.78860472188774,23.90858459472656,19896600
2019-02-25,23.832232620186748,24.028559775172457,23.81041633442052,23.948575973510746,31808800
2019-02-26,23.9267566733249,24.090366313659707,23.86494988143672,23.872222900390625,21101400
2019-02-27,23.988567619602616,24.210344781267963,23.85040798996736,23.963117599487305,20588000
2019-02-28,23.966753255493824,23.99947629760329,23.57409339324639,23.723159790039062,22498800
2019-03-01,23.850406174070464,24.16307941102069,23.850406174070464,24.159442901611328,40655800
2019-03-04,24.24670711599886,24.304877408440625,23.83950397352861,24.20307731628418,39560000
2019-03-05,24.23579845025924,24.246705205867567,23.95220893522144,24.12308883666992,31615000
2019-03-06,23.92675831547957,23.97765835627429,23.697708131903333,23.81768798828125,45381000
2019-03-07,23.832228490205537,23.85040548904237,23.58136205120005,23.675891876220703,46892400
2019-03-08,23.294142843897525,23.341406377608408,23.01782772688112,23.232336044311523,31243000
2019-03-11,23.40321191853945,23.65044184812875,23.381395636563667,23.59590530395508,26424200
2019-03-12,23.635900801122656,23.86858748916199,23.62862778183411,23.748607635498047,22026200
2019-03-13,23.89767592818269,23.99947601560376,23.79950957685212,23.988569259643555,26413600
2019-03-14,24.010380595497264,24.13399418363563,23.98493057594853,24.01401710510254,24640800
2019-03-15,23.99349760176327,24.0777737418704,23.91288369689598,24.00448989868164,24854800
2019-03-18,24.03380123971249,24.37824144558198,24.02280894303144,24.337934494018555,20135800
2019-03-19,24.458855812213223,24.58343890442517,24.17304491069226,24.2719783782959,25052000
2019-03-20,24.24999494354285,24.70436094214898,24.17671109704493,24.484506607055664,27325800
2019-03-21,24.41121909836412,24.69702997066777,24.35991985439162,24.656723022460938,35755800
2019-03-22,24.43320559366096,24.4735125450084,23.89822572512145,23.98983192443848,39949600
2019-03-25,23.8872312848929,24.041129014991093,23.76997547211345,24.000822067260746,24692600
2019-03-26,24.27930976163708,24.510156395678333,24.21335318111106,24.34526634216309,23033000
2019-03-27,24.326943867358903,24.43687243291461,23.9898336998674,24.173046112060547,19165200
2019-03-28,24.0704456510134,24.29396499935943,24.02280863853352,24.26465034484864,18298400
2019-03-29,24.49915604767843,24.55778254688136,24.14738866566493,24.228002548217773,20075200
2019-04-01,24.38923402140912,24.59809604753768,24.356257130988528,24.54679679870605,24823400
2019-04-02,24.60908998988047,24.63107458246678,24.31961407323056,24.37824058532715,22304800
2019-04-03,24.44786149111377,24.495495705556817,24.059452123318707,24.143728256225582,23979600
2019-04-04,24.15838889807279,24.363585906109467,24.04113306553761,24.34526634216309,21008600
2019-04-05,24.41122884071752,24.80330338789534,24.40023374496466,24.773988723754883,34538400
2019-04-08,24.81062449067314,25.008494231050094,24.781309833817392,24.8839111328125,21204200
2019-04-09,24.810623386280376,24.810623386280376,24.502827889794563,24.579776763916016,29083800
2019-04-10,24.63474098250559,24.784973699528702,24.60542632702812,24.67138290405273,18751200
2019-04-11,24.64939984290886,24.86192693903976,24.49916709950592,24.689706802368164,21828400
2019-04-12,25.04513696648078,25.063459326509665,24.693369459603407,24.755661010742188,30853600
2019-04-15,24.726348545166875,24.78497506374936,24.568785757802075,24.609092712402344,16601400
2019-04-16,24.69703513415984,24.806960910398107,24.609093954049275,24.77031898498535,16260400
2019-04-17,24.92055141969398,24.975515698789422,24.704359334078376,24.73733901977539,21869200
2019-04-18,24.80696325320421,24.83994294611014,24.55779422302597,24.620088577270508,19519000
2019-04-22,24.84727223823012,25.15873564803131,24.777653406378263,25.14041328430176,28329400
2019-04-23,25.15872313985839,25.213684612521423,24.935203832366,25.10009384155273,20424400
2019-04-24,25.122084102074144,25.13674142995953,24.64939576126821,24.66039085388184,22038200
2019-04-25,24.656725511792946,24.784973634672056,24.52847738891383,24.583438873291016,24121800
2019-04-26,24.403890760375944,24.411220821803305,24.05212329304432,24.26465034484864,33676800
2019-04-29,24.271976194359272,24.37457468356093,24.195027327458035,24.242664337158203,25949000
2019-04-30,24.477180192626165,24.495499757088524,24.195031503029323,24.224346160888672,28654000
2019-05-01,24.23167337364432,24.30496001812964,23.72234307576977,23.740665435791016,44311400
2019-05-02,23.590425914896493,23.733331352934048,23.315608732531675,23.326601028442383,56066000
2019-05-03,23.546458304673976,23.72967070369285,23.491494025848443,23.54279327392578,39249000
2019-05-06,23.36324212808621,23.641724331196976,23.34125753703508,23.564775466918945,40689400
2019-05-07,23.28629195138278,23.37789813639829,23.062772636297023,23.35957717895508,30129000
2019-05-08,23.348584884049043,23.553781843892136,23.29728564408827,23.35957717895508,19647400
2019-05-09,23.24965003649636,23.44751973160173,23.051780341390987,23.35957717895508,28819000
2019-05-10,23.359576771716853,23.528131813735023,23.02979395229049,23.4695053100586,26150000
2019-05-13,23.25697971582538,23.37057049561913,22.95651152766204,23.06643867492676,28139600
2019-05-14,23.19102995499125,23.546462520014103,23.169043959965126,23.34859275817871,18484000
2019-05-15,23.216671349231905,23.52080454912505,23.154378417651625,23.4695053100586,20184600
2019-05-16,23.52813763560909,23.685700421900684,23.52813763560909,23.59775924682617,18753000
2019-05-17,23.44019106906456,23.568439168966485,23.33026252880638,23.35957717895508,21111400
2019-05-20,23.36324438016658,23.48050160087351,23.32293882675444,23.37057304382324,16372200
2019-05-21,23.469512029031403,23.70768593762606,23.440197371001403,23.6417293548584,36761000
2019-05-22,23.49882083527228,23.55378511303011,23.198354016341646,23.27530288696289,19274000
2019-05-23,22.8868940895645,22.905215051138903,22.359242848102987,22.49481964111328,47927200
2019-05-24,22.674367071457528,22.762308240907185,22.38489114326973,22.5790958404541,20306800
2019-05-28,22.593754408825863,22.63406136278717,22.31160712889644,22.34458541870117,25861200
2019-05-29,22.03678399978669,22.216332740350268,21.9048708675848,22.201675415039062,33903200
2019-05-30,22.16503813387422,22.205343690208,21.849912562793552,21.919532775878903,30347800
2019-05-31,21.61906567763647,21.816935427785104,21.534788131713867,21.534788131713867,43797000
2019-06-03,21.68135133158965,21.915864340820143,21.648374446669155,21.809600830078125,36049400
2019-06-04,22.01480065826803,22.238318591843896,21.95617135369784,22.18701934814453,29486800
2019-06-05,22.23098753375518,22.238316196036912,21.809599936051047,21.94151306152344,31763800
2019-06-06,21.98548826403633,22.432526972700977,21.98548826403633,22.348249435424805,64787800
2019-06-07,22.417871242423168,22.59375499333197,22.36290695872676,22.45084953308105,31548200
2019-06-10,22.57176662155941,22.71833709743693,22.48382545427262,22.51680374145508,19675600
2019-06-11,22.714674906053947,22.787958750843742,22.55344709279701,22.560775756835938,19045200
2019-06-12,22.414207868309187,22.465508522524782,22.17236751820668,22.241989135742188,27633000
2019-06-13,22.49848594850636,22.604748090786327,22.23465961390816,22.50214958190918,24383000
2019-06-14,22.55711223645045,22.56077586958836,22.30061458500503,22.35557746887207,15832600
2019-06-17,22.30794211853521,22.604745310654856,22.238320512245668,22.54245376586914,17590400
2019-06-18,22.689024715784267,22.98949436120964,22.64871915879042,22.85391616821289,34444200
2019-06-19,22.82093175940984,22.96017354832977,22.70734098759044,22.82826042175293,17655400
2019-06-20,23.19468915628061,23.37057288947993,23.16903953255152,23.33393096923828,51908000
2019-06-21,23.36943098176956,23.587595027318454,23.36943098176956,23.50254821777344,32712600
2019-06-24,23.4951534063615,23.56171202648049,23.25480267698085,23.29178047180176,20793200
2019-06-25,23.27698330503054,23.2991685655993,23.0810045698041,23.106889724731445,23774600
2019-06-26,23.339847504137445,23.639361269198748,23.280684448014554,23.46187210083008,28653600
2019-06-27,23.461866546747085,23.53212221846199,23.24000408088844,23.288074493408203,21217400
2019-06-28,23.34354456491212,23.580196774970773,23.34354456491212,23.55801010131836,34739200
2019-07-01,23.850131749724515,23.92778300293373,23.521037134216147,23.5802001953125,29772600
2019-07-02,23.509940841337723,23.558009851236683,23.099496551755024,23.203031539916992,24190800
2019-07-03,23.23631385390382,23.313965105081262,23.095801058517065,23.29547691345215,13974600
2019-07-05,23.2104283150696,23.35094109962937,23.158660818273496,23.328754425048828,14726400
2019-07-08,23.291778156655628,23.4914525866068,23.2252195431524,23.36203384399414,17256400
2019-07-09,23.32505720402842,23.395312890585675,23.16975330406173,23.380521774291992,14976200
2019-07-10,23.5284273324252,23.761382449534683,23.373123450832765,23.68003273010254,23534800
2019-07-11,23.750293630979176,23.753989294370804,23.580198607541693,23.728105545043945,25362600
2019-07-12,23.74289748926705,23.909295444552388,23.74289748926705,23.82794570922852,16162800
2019-07-15,23.86861953453419,23.88340783020436,23.561710208712373,23.61347770690918,19077800
2019-07-16,23.56540675833911,23.606081623319803,23.269591481968384,23.36203384399414,21174200
2019-07-17,23.34354474652317,23.41749891538147,23.081007376548293,23.09579849243164,27329400
2019-07-18,22.98487160561075,23.09950065612793,22.85175436257368,23.09950065612793,25509000
2019-07-19,23.12167928459761,23.28437871740176,23.014447234545568,23.20672607421875,19930600
2019-07-22,23.29547284065595,23.39161226665425,23.129076323968164,23.31396102905273,15686200
2019-07-23,23.313963791972828,23.43968546275185,23.24370810351575,23.3768253326416,14537600
2019-07-24,23.347241535565164,23.62826709168874,23.321357788364104,23.476661682128903,19815400
2019-07-25,23.56540463015327,23.59498686039803,23.140170649572664,23.210426330566406,20140800
2019-07-26,23.21043199421392,23.214129068617464,22.99226792987826,23.09210586547852,19307600
2019-07-29,23.07361657888661,23.09210477114561,22.829568773615414,22.999662399291992,16569800
2019-07-30,22.907219761774904,23.313965628990186,22.862847818756187,23.258501052856445,21602600
2019-07-31,23.25849969137568,23.45817412855089,22.99226522773065,23.184545516967773,30556000
2019-08-01,22.929404971944525,23.036638460323,22.51526354681223,22.659473419189453,50380400
2019-08-02,22.75191828761368,22.885035541517563,22.104821622682145,22.33407974243164,43399800
2019-08-05,21.919930868445405,21.97909391949898,21.513185068771897,21.668487548828125,55153800
2019-08-06,21.72395647041234,21.8496781472592,21.40965298357449,21.64260673522949,33995000
2019-08-07,21.24695472139029,21.58344490347353,21.13602415564304,21.479909896850582,49604400
2019-08-08,21.62411906938933,22.10851759707142,21.524281140299497,22.0974235534668,46535600
2019-08-09,22.115911869338213,22.163980883446808,21.76093211637281,21.85337448120117,29186400
2019-08-12,21.801607736605018,21.834887045516552,21.498396882325995,21.59453773498535,43838000
2019-08-13,21.49839516206065,21.997584755789312,21.38376753763881,21.79421043395996,28695200
2019-08-14,21.3283020444772,21.380069541922865,20.906765096067023,20.94004440307617,47299400
2019-08-15,20.82911276898084,20.928949274268792,20.58506358987292,20.810623168945312,28575800
2019-08-16,20.921555267880898,21.14711343791452,20.851298172612807,21.084253311157227,42798600
2019-08-19,21.38006965920032,21.627815926195936,21.33939479368174,21.55016326904297,27763200
2019-08-20,21.44662783803505,21.472511586374203,21.28762686363252,21.36897659301757,19042600
2019-08-21,21.590839427813325,21.627817221662625,21.42814136655224,21.50579261779785,24074800
2019-08-22,21.57974632629802,21.664793134466567,21.39855866676777,21.409652709960938,18706200
2019-08-23,21.154508769703444,21.35418460060678,20.573970876955865,20.692296981811523,48817800
2019-08-26,20.87348062416915,20.984411149898392,20.692293017383463,20.78103828430176,21610600
2019-08-27,20.891981191936857,20.977028025752,20.540699810137625,20.651630401611328,23662600
2019-08-28,20.75885788090909,21.050976101598707,20.65532288038461,20.94744110107422,31388800
2019-08-29,21.11013320548481,21.343088301508004,21.08794653567749,21.25434303283692,24663400
2019-08-30,21.335692744905565,21.520577428292,21.12862139171181,21.25434303283692,26044600
2019-09-03,20.910463335647083,21.195185998029487,20.84760320254688,21.150814056396484,27929600
2019-09-04,21.44662857055664,21.5390709350849,21.38376843974552,21.44662857055664,22381800
2019-09-05,21.63521316123404,21.95321516187501,21.601933849293506,21.712865829467773,29077000
2019-09-06,21.6684850920494,21.85336978194934,21.54646193020573,21.827486038208008,24468600
2019-09-09,22.00497983797957,22.31558623930605,21.960607897949657,22.263818740844727,49514200
2019-09-10,22.400635476025062,22.85175327641483,22.35626212341602,22.526355743408203,51436000
2019-09-11,22.652077022519386,22.829567608713305,22.42651883157516,22.54854202270508,45504000
2019-09-12,22.263819687128905,22.570729027563587,22.0789349501611,22.40802955627441,38119000
2019-09-13,22.55593755613064,22.70384590760738,22.459798115061755,22.58551979064941,28123200
2019-09-16,23.53212771368348,23.535826198118464,23.07361438284165,23.34354591369629,61355600
2019-09-17,23.358335641533955,23.3657311998523,22.86284592923153,23.01814842224121,52900000
2019-09-18,22.85174914295896,22.999657470451368,22.74821416004929,22.907215118408203,23209000
2019-09-19,23.04403224497404,23.09579974280994,22.77779778689393,22.84805488586425,28037000
2019-09-20,22.86297977625289,22.95626759902684,22.75476556020491,22.8667106628418,40300200
2019-09-23,22.71372084114952,22.93388018068085,22.687600362176248,22.874176025390625,18660800
2019-09-24,22.80327603206464,22.82566419891456,22.377883780405337,22.5122184753418,41101000
2019-09-25,22.40773594720537,22.575654321894795,22.35549499140406,22.54953384399414,20248400
2019-09-26,22.448784349213547,22.50102530857543,22.142800367128785,22.25474548339844,28011000
2019-09-27,22.13160449793708,22.42266206146035,22.0905576264742,22.251012802124023,31263200
2019-09-30,22.14652893894243,22.23608587667137,22.06816750809163,22.090557098388672,39616800
2019-10-01,22.165191316114548,22.24728364722408,21.57561148504534,21.579343795776367,32749400
2019-10-02,21.452473162158604,21.50471412687364,20.989764831114943,21.049468994140625,37824600
2019-10-03,20.933790091645992,21.29947966599812,20.762140812882784,21.27709007263184,40914200
2019-10-04,21.36663783698136,21.44126836429733,21.15021087356987,21.41141700744629,20275800
2019-10-07,21.44500290282944,21.52709521029768,21.209917215556995,21.221111297607425,23284800
2019-10-08,21.004684416122544,21.16887045533436,20.829302871345583,20.859155654907227,40038400
2019-10-09,21.045738106715064,21.16514643276642,21.008422115161807,21.049468994140625,17833800
2019-10-10,21.12036845182773,21.37038062743683,21.086784769237244,21.31440734863281,20111400
2019-10-11,21.53455919031588,21.80322855698206,21.497244633149624,21.601726531982425,45127800
2019-10-14,21.445003538053903,21.66889372644872,21.362909804694887,21.590532302856445,24321200
2019-10-15,21.54575667832959,21.896518387721585,21.5196347777592,21.680089950561523,22170000
2019-10-16,21.605462581218696,21.75845456961456,21.370376844697468,21.37784004211425,23910600
2019-10-17,21.46739225355751,21.534559596490936,21.32559579488396,21.392763137817383,22616200
2019-10-18,21.33679220558038,21.508441468045703,21.27708805239856,21.280818939208984,20555600
2019-10-21,21.32186652411356,21.68009145517832,21.295746045189627,21.661434173583984,20948000
2019-10-22,21.72860139066765,22.191309658003643,21.66143403857921,21.94129753112793,39393800
2019-10-23,21.90398047310146,22.168917540905174,21.81069265287825,22.1241397857666,23640800
2019-10-24,22.251016450018483,22.265941422894244,21.91517964977261,22.03085708618164,24233600
2019-10-25,22.03831360936094,22.27339787487097,22.008460825732264,22.20996284484864,23750000
2019-10-28,22.28459760787868,22.41146911545012,22.04578098738171,22.08309555053711,23513200
2019-10-29,22.000998235979456,22.359223108638705,21.926367698310667,22.17264747619629,26936800
2019-10-30,22.22489703984541,22.23609112590688,21.635317167308585,21.721141815185547,31013400
2019-10-31,21.63158761212674,21.665171295839247,21.41515911187733,21.62785530090332,30064800
2019-11-01,21.73606362133955,22.16145588334276,21.7174063406912,22.12040901184082,26620200
2019-11-04,22.37415042298571,22.90775686763964,22.370419536505107,22.84058952331543,43060400
2019-11-05,22.90402892794776,23.07194731036235,22.79581470111843,22.870445251464844,35110200
2019-11-06,22.836862458614373,22.885372531735456,22.340570489548025,22.40400695800781,35655800
2019-11-07,22.631622962858927,22.81073538477045,22.57191882222176,22.739835739135746,26483400
2019-11-08,22.60177337625832,22.67640391847083,22.389077256201144,22.64655113220215,20779600
2019-11-11,22.433857296469245,22.624165269662186,22.3480326623965,22.519681930541992,28961000
2019-11-12,22.58685031879901,22.709990945154203,22.288329529321967,22.40400695800781,25082400
2019-11-13,22.28832285619896,22.3853429733933,22.21369232530922,22.30698013305664,21151200
2019-11-14,22.29952107512764,22.422661687462348,22.142798212293552,22.24728012084961,16233600
2019-11-15,22.340565300764244,22.504752764437253,22.31444482671792,22.418928146362305,18363600
2019-11-18,22.277133966727742,22.303254445107992,22.053242321877924,22.146530151367188,25508200
2019-11-19,22.075634943022475,22.09429222678896,21.79204052877721,21.818161010742188,30758200
2019-11-20,21.8106942014254,22.19877190273745,21.676359503012826,22.03831672668457,34290000
2019-11-21,22.11294757678576,22.418932982327693,22.04204933528934,22.4002742767334,31283400
2019-11-22,22.41892945152191,22.52714224024548,22.2808624538574,22.32564163208008,22984000
2019-11-25,22.29952573464384,22.38535180427321,22.213701088474004,22.34803581237793,24672000
2019-11-26,22.377885107521926,22.38534830473425,22.060705631565185,22.142799377441406,26804000
2019-11-27,22.16892154664258,22.24355210099809,22.015929550770515,22.198774337768555,19336600
2019-11-29,22.01593091180917,22.09429235817008,21.89279027599103,21.974884033203125,15660400
2019-12-02,22.049514592172347,22.19131251186792,21.948763551082823,21.974884033203125,30779000
2019-12-03,21.78084004581178,21.81815602828266,21.568143927834875,21.64650535583496,33891000
2019-12-04,21.83681095438356,22.03831296763244,21.76591273051852,21.97114562988281,34853000
2019-12-05,22.06443796147694,22.090558440013584,21.79203766855245,21.86666679382324,21784800
2019-12-06,21.95995472194365,22.35176474866172,21.95622383504717,22.284597396850582,33459200
2019-12-09,22.112946050414784,22.36295816883524,22.112946050414784,22.25847625732422,16812600
2019-12-10,22.333106447265813,22.385348828975527,22.20623493860378,22.30325508117676,17570200
2019-12-11,22.26967393071963,22.4189350484737,22.22116385393064,22.265941619873047,24872400
2019-12-12,22.29952321384074,22.75476829928413,22.27340273419655,22.67640686035156,44981600
2019-12-13,22.75476570348964,22.90029448017989,22.48982862677357,22.5047550201416,22743000
2019-12-16,22.66521226369544,22.896565688228097,22.6540167559156,22.807008743286133,22271800
2019-12-17,22.90402940311664,23.027168603802423,22.7361110172184,22.821935653686523,46292400
2019-12-18,22.79580980830883,23.053283657108388,22.76595702519402,22.90775489807129,25881400
2019-12-19,22.91149076470404,22.974925803482755,22.85924838614248,22.90029525756836,25534800
2019-12-20,22.96924717741056,23.146339932891987,22.92779981443849,23.11996459960937,34839600
2019-12-23,23.09358890762879,23.372414265813564,23.067213574755847,23.35734367370605,26944400
2019-12-24,23.410096137138208,23.444007487342915,23.30459336019693,23.346040725708008,10074800
2019-12-26,23.447771025001288,23.52689701703721,23.308358357507363,23.3385009765625,20312400
2019-12-27,23.42516497387674,23.44777301810061,23.22546561395004,23.240537643432617,21436600
2019-12-30,23.33018086158004,23.372867724187834,23.13227079351845,23.16719627380371,29259000
2019-12-31,23.05077502522397,23.322415963907183,22.984804025592272,23.29913330078125,21444800
2020-01-02,23.45435639780208,23.543610060236112,23.37286411649257,23.508686065673828,23889400
2020-01-03,23.722122754736503,23.79197371597748,23.32241970311705,23.438838958740234,59005800
2020-01-06,23.520330350432378,23.74152455909275,23.43883805889061,23.621225357055664,44916200
2020-01-07,23.5552535791504,23.58241767373562,23.28361115296603,23.55913352966309,22925000
2020-01-08,23.535855319438006,23.563019419163293,23.140033677299336,23.171077728271484,38042800
2020-01-09,23.159429117557835,23.365100516665613,22.88778672532201,23.34181785583496,30733600
2020-01-10,23.33018045930031,23.34958317460593,23.18271863871172,23.20988273620605,18302400
2020-01-13,23.17495687662097,23.291374646878605,23.05465767516647,23.21764373779297,17557000
2020-01-14,23.16719699464489,23.248689291068665,23.015853735477204,23.221525192260746,34678000
2020-01-15,23.12062839264801,23.19047786966104,22.984806428773418,23.05077743530273,21661600
2020-01-16,23.18659558015711,23.26420791163828,23.07793920428273,23.089580535888672,16449000
2020-01-17,23.151676320241457,23.1633176549726,22.9033179770938,22.942123413085938,23818200
2020-01-21,22.81406269272725,22.817942643921818,22.491971971280115,22.53077888488769,34709200
2020-01-22,22.488086765965463,22.50360952778175,22.251369829429187,22.313459396362305,29355400
2020-01-23,22.08062277539703,22.297935508522844,21.90987536470449,22.228084564208984,26556000
2020-01-24,22.12719428718664,22.228089294705427,21.801223637794124,21.971969604492188,40781200
2020-01-27,21.52958270235888,21.614956431897973,21.33555257546632,21.362716674804688,43365000
2020-01-28,21.483018113573365,21.591674522191404,21.374361704955327,21.45973396301269,28600200
2020-01-29,21.580030672169244,21.657643017994094,21.20749318860881,21.234657287597656,27490800
2020-01-30,21.013464812022217,21.428689194339505,20.959135129193257,21.405405044555664,48861000
2020-01-31,21.04450779635535,21.102717427693545,20.62928343511801,20.737939834594727,66861000
2020-02-03,20.710772098205474,20.74181762422333,20.392562858183243,20.46629524230957,42578400
2020-02-04,20.761221825978023,20.92420640825799,20.50122218843648,20.540027618408203,39639600
2020-02-05,20.881527294355603,21.38600543705261,20.86988447760405,21.31227302551269,68764000
2020-02-06,21.41315892281231,21.41315892281231,21.060024250021403,21.09494972229004,30801200
2020-02-07,20.935849359137084,21.036744365926165,20.83883430323777,20.947490692138672,27386600
2020-02-10,20.83883435879227,20.88928260248744,20.714655205336687,20.842714309692383,29281200
2020-02-11,21.1260006635368,21.15704619583989,20.98241877746617,21.07555389404297,27689200
2020-02-12,21.38987735856107,21.479131025039543,21.184205930603376,21.35883331298828,34399600
2020-02-13,21.300623319817152,21.413161128757537,21.16868279769136,21.29286193847656,23949800
2020-02-14,21.366602876952623,21.382124165516924,21.04839351622728,21.180334091186523,25040000
2020-02-18,20.99405253244109,21.176441268042865,20.81166527717124,21.00569534301757,32629400
2020-02-19,21.14540051126295,21.370474652827205,21.028981269409137,21.28510093688965,24910800
2020-02-20,21.33943409396601,21.498538739453096,21.207493547928003,21.26182174682617,26101600
2020-02-21,21.060026944639503,21.07942965830865,20.83495132114732,21.009578704833984,27616400
2020-02-24,20.217937973954555,20.334357230577936,19.977341038908754,20.039430618286133,66075000
2020-02-25,20.093756612001044,20.109279375226468,19.03047249670669,19.154651641845703,85674600
2020-02-26,19.22450406968889,19.317637695516257,18.5686813362982,18.57644271850586,97656600
2020-02-27,18.09524910984726,18.44450243193779,17.575248337535648,17.583009719848633,122557400
2020-02-28,17.028084205366763,17.788681941019362,16.88838227834233,17.567487716674805,137511600
2020-03-02,17.959426315771466,18.30091972021135,17.43554561650862,18.27763557434082,73285400
2020-03-03,18.382412749136662,18.62301115847287,17.52092004195098,17.718830108642578,97190600
2020-03-04,18.09912682430958,18.141813681589987,17.72270797047191,18.1379337310791,48969000
2020-03-05,17.617937158536005,17.699429461382742,17.18330858268844,17.474353790283203,58774600
2020-03-06,16.880615750481102,17.031958965184028,16.24419737053446,16.492555618286133,123034800
2020-03-09,13.609274424526223,14.137036662474838,13.08927357011598,13.17076587677002,133113800
2020-03-10,14.230163915628792,14.288373525867032,12.945685863513448,13.795536994934082,96862200
2020-03-11,13.368675581188764,13.601511133354036,12.856436182159284,13.065987586975098,86954600
2020-03-12,12.103597376565018,12.417925919146926,11.401207908843704,11.43613338470459,77658200
2020-03-13,12.402402642202652,12.50329911509804,11.176132567747468,12.491656303405762,68196800
2020-03-16,10.846285847698022,12.076437047203488,10.73762869556886,10.791956901550291,80467200
2020-03-17,10.896732161751643,11.3235985993324,10.458224389980517,10.865687370300291,90887200
2020-03-18,10.105086621048908,10.314638716328313,8.878815870978269,9.305682182312012,104271600
2020-03-19,9.44150551637617,9.97702831661577,8.917624049515284,9.938222885131836,104453000
2020-03-20,10.190464154254554,10.415539111622463,9.608373670699644,10.035240173339844,116714400
2020-03-23,9.97016869155158,10.0336483787455,9.184616359496156,9.351248741149902,96520400
2020-03-24,10.077291932488052,10.906486499137085,10.077291932488052,10.850942611694336,89022200
2020-03-25,11.088989741214409,11.902314245283977,10.608929339822332,11.36274242401123,104869800
2020-03-26,11.4777993432248,12.299058966007394,11.33497131953085,12.057044982910156,93836200
2020-03-27,11.553178800536264,11.588885043290995,11.17230439162277,11.239750862121582,73056800
2020-03-30,11.088986684209251,11.4539909173763,10.747786861086336,11.35480499267578,84254800
2020-03-31,11.672203092147914,11.90231447506332,11.299263693378538,11.529375076293944,68701200
2020-04-01,11.156435008170993,11.29926224903915,10.803332542637552,10.958063125610352,47653000
2020-04-02,11.5095358475216,12.600581119185302,11.211978046158777,11.96182346343994,146256200
2020-04-03,12.33873029450685,12.42204611552354,11.497633244391864,11.83486557006836,127668600
2020-04-06,12.100684659828229,12.545038003248106,11.93801977903768,12.461721420288086,76041400
2020-04-07,13.07667342071666,13.437710166713297,12.703734846723,12.727540016174316,103019000
2020-04-08,12.99732627145881,13.620215432206212,12.890206776894429,13.576573371887209,83811600
2020-04-09,14.100273609624896,14.465277142779428,12.941781042112904,13.453580856323242,182655200
2020-04-13,13.921739616986056,13.973316733325763,13.195697756633653,13.409939765930176,67685600
2020-04-14,13.477385551523929,13.640050427033891,13.259175280205564,13.34645938873291,72648200
2020-04-15,12.814824061205387,12.846564290733438,12.32286185445147,12.719606399536133,73421000
2020-04-16,12.687866457366525,12.72754174517516,12.160197237171468,12.176067352294922,64605800
2020-04-17,12.429983726930036,13.485322973843454,12.422048668993906,13.469452857971191,91706800
2020-04-20,12.675963908112823,13.528962115896164,12.608517436124693,13.04890251159668,112790000
2020-04-21,12.671995865773996,13.052870267655315,12.45378634443437,12.818791389465332,120861600
2020-04-22,13.398037463669231,13.48532157847758,13.096511347126244,13.275046348571776,73753200
2020-04-23,13.67972514030955,14.024891799780294,13.544832196666432,13.703530311584473,83207200
2020-04-24,13.977283499865589,14.100274619256364,13.517060765328171,13.735269546508787,64859200
2020-04-27,13.63211496391914,14.132011403627324,13.3226553352168,14.032825469970703,46576000
2020-04-28,14.243099261382126,14.441471108958718,14.012987191733878,14.35418701171875,59138000
2020-04-29,14.82631991596953,15.46904615819806,14.814418082636466,15.417469024658203,71075000
2020-04-30,15.504745469003533,15.504745469003533,14.854084489977572,15.076261520385742,84040200
2020-05-01,14.766804792562894,14.87789257280007,14.04869796620438,14.223264694213867,58531800
2020-05-04,13.961414230869291,14.727129910829898,13.893968509137055,14.715228080749512,52780400
2020-05-05,15.318273924594989,15.441263498369343,14.675549578470296,14.72712516784668,68733400
2020-05-06,14.79854146470678,14.925499342707072,14.33038372203422,14.342287063598633,47350200
2020-05-07,14.746966798783054,14.992949052466306,14.61207535531858,14.715228080749512,48469400
2020-05-08,15.060396140036358,15.393661033629026,14.973113522435243,15.38572597503662,49646200
2020-05-11,15.282569441401376,15.326211496082491,15.044522283174558,15.115936279296877,46531400
2020-05-12,15.266703192297769,15.2865400821399,14.830285561940093,14.850122451782228,56129000
2020-05-13,14.750931183207667,14.77076806591448,14.07249980581758,14.175652503967283,68994800
2020-05-14,13.925707243717996,14.469247357717066,13.608312495717744,14.334354400634766,61968400
2020-05-15,14.338321164996229,14.635879024856829,14.151851088510506,14.278810501098633,54427800
2020-05-18,15.096103103628302,15.54442407533709,15.05642932423786,15.44523811340332,73139600
2020-05-19,15.46507263283023,15.51268146349348,15.00088312858429,15.012784957885742,53940600
2020-05-20,15.322246048630433,15.6396408049218,15.242896981193198,15.611868858337402,54521200
2020-05-21,15.659477233372591,15.722956176630865,15.23892828837566,15.361919403076172,56241800
2020-05-22,15.238927848671514,15.282569904675588,14.953271855522908,15.26669979095459,38495000
2020-05-26,15.75469828677239,15.853884251579755,15.651545549294122,15.691219329833984,74888600
2020-05-27,15.921326628080582,16.012577506196383,15.4492006112962,15.8935546875,71225600
2020-05-28,15.933230442503126,15.933230442503126,15.373821762770298,15.44920253753662,54356800
2020-05-29,15.314308648476612,15.492843644542091,15.056426110566338,15.377787590026855,71500400
2020-06-01,15.35398580548729,15.734859501241564,15.147678841922676,15.647575378417969,47680000
2020-06-02,15.818176656281592,16.09986593610147,15.798339766748333,16.083995819091797,50318400
2020-06-03,16.337909231822476,16.631498785985002,16.306169002476565,16.55611801147461,54601800
2020-06-04,16.46486802418339,16.623566152691055,16.22682234487941,16.560087203979492,54849400
2020-06-05,17.389280821881446,17.95265627008533,17.37341070725269,17.78999137878418,100393400
2020-06-08,18.43668366816696,18.59934855502231,18.0240697798411,18.591413497924805,95069400
2020-06-09,17.99629500542791,18.04787211171853,17.647160115352992,17.89314079284668,87399000
2020-06-10,17.726515415672566,17.74238553297098,17.00444172662911,17.01237678527832,80977000
2020-06-11,15.826106467176452,16.282362342444724,15.357948764826151,15.409525871276855,96304400
2020-06-12,16.08796169887115,16.20301777062016,15.369856348795258,15.798338890075684,85635000
2020-06-15,15.12386818941953,16.008606386802807,14.957236575439778,15.845941543579102,65694800
2020-06-16,16.59976006418496,16.623565236185918,15.8380112081861,16.302202224731445,64083800
2020-06-17,16.238719396495508,16.242686167485076,15.742789782660331,15.746756553649902,46736000
2020-06-18,15.588062320919462,16.115730722105106,15.492843154874922,15.941164016723633,36937800
2020-06-19,16.4370937034967,16.4410604750803,15.683279972200236,15.69915008544922,53934200
2020-06-22,15.62320203804222,15.824117696592117,15.438358467199045,15.771879196166992,38896400
2020-06-23,16.00896223649008,16.049144761333952,15.739734414867929,15.787955284118652,29611600
2020-06-24,15.542838636659196,15.546856276188718,14.811505613075,14.91196346282959,64726000
2020-06-25,14.771323727518364,15.25352178388401,14.694976302299404,15.197265625,48034400
2020-06-26,15.08877012036901,15.08877012036901,14.60255445053098,14.670865058898926,67722200
2020-06-29,14.707026554096956,14.996345611838183,14.642733600472786,14.867759704589844,38905600
2020-06-30,14.747212037397484,15.297720601961734,14.59451568291697,15.209317207336426,41886800
2020-07-01,15.269592442003276,15.474525771369532,14.81954172554645,14.839632987976074,49146800
2020-07-02,15.145028263486305,15.353980821639908,14.97224060064516,15.004387855529783,41558400
2020-07-06,15.269591882405871,15.37808653498782,14.859723705829072,15.048584938049316,45084400
2020-07-07,14.859727005222751,14.879818271377058,14.546298961192615,14.57040786743164,41821800
2020-07-08,14.57040405934399,14.795430166909805,14.437800511090256,14.558349609375,41301800
2020-07-09,14.494059806167522,14.534242336710893,13.823002042328485,13.83907413482666,61087200
2020-07-10,13.758707378345472,14.297161498749023,13.758707378345472,14.281087875366213,50456000
2020-07-13,14.413693053114686,14.469949208400552,14.096247386449402,14.204740524291992,74447600
2020-07-14,14.108298458147264,14.731136722636029,14.06811440481144,14.703008651733398,68442200
2020-07-15,15.076713415156602,15.116895939620424,14.79945031748011,15.02045726776123,51805000
2020-07-16,14.919997959285586,15.145022526780108,14.731136740539917,14.952143669128418,37645600
2020-07-17,15.00036895258784,15.165119787841483,14.67890256225993,14.74319553375244,35433800
2020-07-20,14.690954344515692,14.859722771566776,14.486019502679476,14.498075485229492,40153000
2020-07-21,14.747209530363794,15.490596848117406,14.727118271236767,15.374065399169922,72340400
2020-07-22,15.20931817773524,15.20931817773524,14.964202306492908,15.185209274291992,39243400
2020-07-23,15.13297402352214,15.233431897160196,14.964205531585648,15.157084465026855,42087800
2020-07-24,15.15708053539826,15.382105132973647,15.016438629048537,15.072694778442385,39901200
2020-07-27,15.0526031198734,15.157080137028984,14.863743413709964,15.088768005371094,36462000
2020-07-28,15.00036635347767,15.145024364621944,14.791413849115823,14.83159637451172,35553800
2020-07-29,14.871776775515595,15.153059011701735,14.771318943510892,15.14100456237793,34430000
2020-07-30,14.82356504844736,14.831601863073647,14.417715873446529,14.54630184173584,65667400
2020-07-31,14.325292435379357,14.49406091602298,14.184650501977602,14.477987289428713,49548200
2020-08-03,14.47396959378507,14.610592353582362,14.353420460520493,14.53022575378418,42206800
2020-08-04,14.482004382588643,14.915981508247835,14.469948397941735,14.883835792541504,45144200
2020-08-05,15.177172976581453,15.229411490587603,14.903927487285737,15.040550231933594,61517400
2020-08-06,14.956167830996993,15.09279059235898,14.8637467766735,14.920002937316896,38381400
2020-08-07,14.787393832500724,14.976255063380696,14.614606224007348,14.94009017944336,36753200
2020-08-10,15.052604358634502,15.410234070840158,15.016439470160604,15.402198791503906,52616200
2020-08-11,15.703571425159934,15.884394324001503,15.277629600791451,15.34995937347412,53026200
2020-08-12,15.58302199444286,15.683479849554772,15.33790458271136,15.502656936645508,51065400
2020-08-13,15.378085834733334,15.506671743153332,15.165115711324887,15.20128059387207,31522000
2020-08-14,15.080734739217446,15.370053891216097,15.024478578076693,15.345943450927734,26559400
2020-08-17,15.349958874360691,15.357995685826898,15.173152087834216,15.257537841796877,28511600
2020-08-18,15.201281849239423,15.349959030716075,15.020457421570484,15.064659118652344,28697600
2020-08-19,15.052603084155953,15.120915215651747,14.843650583205664,14.891871452331545,29587800
2020-08-20,14.670865731068517,14.76730595462067,14.56639022734692,14.57040786743164,38215400
2020-08-21,14.514152182833117,14.542280262940388,14.341364529108224,14.477987289428713,34695600
2020-08-24,14.566386003822322,14.980271791483124,14.477982618937528,14.8757963180542,49654000
2020-08-25,14.956164404818445,14.976255667179206,14.594515550864482,14.666845321655272,40237000
2020-08-26,14.64675431464762,14.64675431464762,14.337343963729396,14.35743522644043,36002400
2020-08-27,14.36145399529851,14.48200310104367,14.208757643826615,14.385562896728516,44519400
2020-08-28,14.44182260553822,14.686940049627951,14.36949281768009,14.642738342285156,29150200
2020-08-31,14.662830108866888,14.682921374552532,14.325291633605955,14.325291633605955,37583000
2020-09-01,14.2609947462206,14.293140455914196,14.05204226818509,14.22884750366211,36521000
2020-09-02,14.22483259165214,14.309216820247158,14.072136225957449,14.160539627075195,47700400
2020-09-03,14.132407238741628,14.4257454606055,13.971675625341234,14.056059837341309,78884600
2020-09-04,14.200723067353035,14.29716328684628,13.839074160334976,14.01186180114746,68682000
2020-09-08,13.7466528328592,13.810945800253142,13.348840576129591,13.501535415649414,98437600
2020-09-09,13.654231695286672,13.730579114527986,13.545737026134123,13.593957901000977,49955200
2020-09-10,13.634140119677188,13.650213744266338,13.07157552197858,13.095685958862305,74006600
2020-09-11,13.123814981644,13.192127124640368,12.999246681394936,13.107741355895996,50794600
2020-09-14,13.143904631466526,13.328746706247893,13.051483594075844,13.208197593688965,38888400
2020-09-15,13.296602231483304,13.417151355283492,13.07157607628842,13.111760139465332,51220800
2020-09-16,13.228290537165796,13.814965616435488,13.115778222202032,13.638158798217772,71772200
2020-09-17,13.421169269556769,13.670304306431618,13.288564172804993,13.658249855041504,44713400
2020-09-18,13.650212791014184,13.658249602747516,13.368930511808014,13.505553245544434,52812800
2020-09-21,13.17634636945095,13.20902249750466,12.8373401103532,13.05789852142334,61439200
2020-09-22,13.066067816205525,13.274373462486478,12.898606551771344,12.923112869262695,44697400
2020-09-23,12.972126750024616,13.021139386770797,12.32270347032413,12.339040756225586,52969200
2020-09-24,12.29411273914276,12.559600064369857,12.065385281305458,12.334957122802734,70487600
2020-09-25,12.208339315259815,12.420729484617528,12.130735844143656,12.326787948608398,55116800
2020-09-28,12.551429586353729,12.755650702092806,12.535092302196302,12.616780281066896,52752000
2020-09-29,12.580020085076262,12.608611694918327,12.147071549295784,12.269604682922363,47601800
2020-09-30,12.34720959672836,12.49016454659211,12.175663812700218,12.2328462600708,49149000
2020-10-01,12.098062456245524,12.151159617678776,11.783561667406126,11.857081413269045,56730400
2020-10-02,11.5384954907245,12.07355470950778,11.518073686428473,11.971444129943848,57410400
2020-10-05,12.077637981701734,12.339040789157186,12.04904714701652,12.330872535705566,63144400
2020-10-06,12.510587138562563,12.580022359793713,12.114398393327107,12.14707374572754,62223200
2020-10-07,12.216507261364224,12.351293168578245,12.077636838290172,12.318617820739746,42086000
2020-10-08,12.420730289730894,12.788328204190488,12.363548616982603,12.780159950256348,61126200
2020-10-09,12.894522705863553,12.927198057230886,12.555515643286752,12.57593822479248,51035800
2020-10-12,12.535093282160844,12.653541133447789,12.404391882516578,12.608613014221191,33369200
2020-10-13,12.608613346628491,12.682132301585264,12.375800595952366,12.41256046295166,50767600
2020-10-14,12.441152042711837,12.75565279963664,12.416645722925002,12.465659141540527,54488000
2020-10-15,12.25326694434469,12.620864796866684,12.142987354875572,12.616780281066896,40707800
2020-10-16,12.592275343161017,12.608613408147892,12.310449954471974,12.330872535705566,37423000
2020-10-19,12.375801171790616,12.437068139001362,12.057216681695628,12.069469451904297,50372000
2020-10-20,12.138903593701794,12.318618404856004,12.057215609752994,12.21242332458496,45980600
2020-10-21,12.142991044233554,12.212426275842748,11.975529740771728,11.9796142578125,49315200
2020-10-22,12.000033609774968,12.490164647840432,11.92243013899735,12.473827362060549,65648400
2020-10-23,12.539178128856696,12.612697083813469,12.25735274154272,12.41256046295166,49975400
2020-10-26,12.20017426173166,12.216511551867782,11.848913564821888,11.967361450195312,60802000
2020-10-27,11.955104946048875,11.959189462068592,11.783559168429637,11.81215000152588,43193600
2020-10-28,11.52215515516854,11.595674882624136,11.252583340525852,11.317934036254885,81098200
2020-10-29,11.170895833319506,11.701870453357804,11.019771856147006,11.66511058807373,74504200
2020-10-30,11.583421498871049,11.738629198223853,11.448635598708291,11.730460166931152,75799400
2020-11-02,11.889753467606928,12.290026662771828,11.669194291266033,12.13073444366455,83786200
2020-11-03,12.3349595503567,12.343127805462773,11.951023514860196,12.06130313873291,69755000
2020-11-04,12.07763957977295,12.367634039326488,11.750886027218742,12.07763957977295,87227400
2020-11-05,12.09397764692162,12.318620616922397,12.053133258091863,12.07763957977295,63591600
2020-11-06,12.07763738312314,12.257352193862843,11.76722117513339,11.816234588623049,66446400
2020-11-09,13.233530460776516,13.801264979204888,13.19268529803268,13.50310230255127,198713400
2020-11-10,13.756333788259232,13.940133094787598,13.470423929002152,13.940133094787598,146676200
2020-11-11,14.091258151685375,14.119848985607328,13.666477821868424,13.797179222106934,93085000
2020-11-12,13.556200421423997,13.748168815813692,13.209025062886395,13.35197925567627,77169600
2020-11-13,13.454089274081667,13.907460492313778,13.437752765650972,13.83802604675293,78865400
2020-11-16,14.426181050757544,14.781525394295988,14.250550747588097,14.74885082244873,95865400
2020-11-17,14.556884162554612,14.908144810113717,14.364915771892354,14.899975776672363,78020200
2020-11-18,15.026593829450755,15.083775506870346,14.467026710510254,14.467026710510254,82000400
2020-11-19,14.36491349534117,14.732512151525953,14.217875590950824,14.7039213180542,65872400
2020-11-20,14.667162537250528,14.732513241174235,14.524208359318564,14.62631893157959,39506400
2020-11-23,14.85504659798852,15.680100263352552,14.838710089490734,15.65967845916748,76324600
2020-11-24,16.186568803424496,16.509237036642894,16.043613063413865,16.464309692382812,106932000
2020-11-25,16.358114667353956,16.358114667353956,15.99051751278917,16.080373764038086,71352400
2020-11-27,15.990519147064363,16.121220578678845,15.76587460077326,15.892492294311523,37510800
2020-11-30,15.716859758737964,15.737281562435284,14.989832952143884,15.014338493347168,83087200
2020-12-01,15.4309479541419,15.516722012162406,15.059265562998249,15.083772659301758,68935600
2020-12-02,15.034764974347803,15.810804582434914,14.985750765604902,15.573908805847168,75483600
2020-12-03,15.643340254427708,15.929250184745012,15.48404800187366,15.737281799316406,72975400
2020-12-04,16.023189083882023,16.60726161886055,16.023189083882023,16.595008850097656,103700400
2020-12-07,16.398961512396443,16.43572138742278,16.05178456868458,16.206993103027344,69313200
2020-12-08,16.00685106299811,16.611345400227734,16.002767326094048,16.447969436645508,57854600
2020-12-09,16.615435009580096,16.885006899667165,16.28459614343891,16.48473358154297,86691800
2020-12-10,16.505155557615407,17.187255102916748,16.460226649123925,16.991201400756836,77604400
2020-12-11,16.8768357137671,16.88092100929457,16.558251218308328,16.795146942138672,56152200
2020-12-14,17.05246867054917,17.05655240862589,16.14572612528879,16.206993103027344,79884400
2020-12-15,16.29684517742762,16.607260578617474,16.145720434428313,16.525571823120117,58671800
2020-12-16,16.566419735895106,16.627685144147655,16.329522461350958,16.443885803222656,47628800
2020-12-17,16.590926378097777,16.59501167376954,16.26825813379868,16.366283416748047,46363400
2020-12-18,16.33360564501153,16.423461877114672,15.966007010687637,16.09262466430664,73140400
2020-12-21,15.484187720988269,15.918787703876657,15.32276500553736,15.78219985961914,80158800
2020-12-22,15.749083513328948,15.802891600572604,15.50074116730337,15.517297744750977,50185800
2020-12-23,15.64975180649643,16.08021189420655,15.645611871456593,15.86084270477295,53931800
2020-12-24,15.881534301368871,15.881534301368871,15.620775289942072,15.778058052062988,22903000
2020-12-28,15.836003223697343,16.03467899581592,15.633190675587748,15.678720474243164,37824600
2020-12-29,15.773919105311004,15.819448905925835,15.500741880544222,15.575244903564451,37968600
2020-12-30,15.58766299867753,15.96845643832808,15.5504114837,15.819450378417969,56436600
2020-12-31,15.74908220552506,15.815306930894057,15.616632754787071,15.686997413635254,36309800
2021-01-04,15.86911252196246,16.00156195190375,15.52557072754354,15.711828231811523,67717600
2021-01-05,15.88153420840538,16.845933604173737,15.86911756381648,16.41547203063965,95473400
2021-01-06,16.738318625713294,17.073582264037352,16.523087823459594,16.916297912597656,86262800
2021-01-07,17.065302534390515,17.3384797644121,16.887323262521065,17.164640426635742,51457200
2021-01-08,17.384013304839453,17.384013304839453,17.0073597463915,17.14394760131836,62744000
2021-01-11,16.771428679809862,17.48334569551368,16.676230731255387,17.412981033325195,46890400
2021-01-12,17.62407306978708,18.11661937904462,17.49162203662903,18.02142143249512,87947200
2021-01-13,18.083507897787456,18.091786186807763,17.74410594256579,17.880695343017578,54764400
2021-01-14,17.992450503604196,18.625724635972134,17.97589392498644,18.410493850708008,83314600
2021-01-15,18.08350712067924,18.087647054472576,17.520597701788095,17.69443702697754,95497000
2021-01-19,17.90967010532166,18.174569061063504,17.85172365611842,18.050397872924805,55619400
2021-01-20,18.2035406836113,18.24907048367039,17.938641751182633,18.11662101745605,50725600
2021-01-21,18.017284916900763,18.10834452605837,17.342620874811132,17.504043579101562,59968000
2021-01-22,17.119108899232415,17.462649184979256,16.978381153777523,17.412981033325195,50444600
2021-01-25,17.222585873985302,17.28881060533496,16.92043543851986,17.235002517700195,81823200
2021-01-26,17.38815218158387,17.64891283106319,16.85835417025552,16.86663246154785,54999600
2021-01-27,16.589314610576043,17.102555971323095,16.353387287307864,16.63898277282715,99867200
2021-01-28,16.775564919760637,17.03632544618543,16.622420550428814,16.833511352539062,57248200
2021-01-29,16.597585529462318,16.81281626266701,16.212653853778026,16.27474021911621,63069000
2021-02-01,16.47342158917134,16.55620291955362,16.117462973773332,16.390640258789062,61021400
2021-02-02,16.7838457272985,16.965964919287234,16.568614959716797,16.568614959716797,63929000
2021-02-03,16.655538283246848,17.321924022496813,16.59345190022966,17.276395797729492,74385600
2021-02-04,17.40470477196398,17.470929508189723,17.098415959015764,17.4667911529541,48327800
2021-02-05,17.73997014556062,17.797916598136265,17.56612920891126,17.615798950195312,48196400
2021-02-08,17.872416983077226,18.43946635787957,17.85586040510231,18.35254669189453,62368200
2021-02-09,18.20767639058179,18.265622821232764,17.917942658405078,18.15800666809082,64798800
2021-02-10,18.22009953456454,18.522250015741704,18.104206631899974,18.505693435668945,58451000
2021-02-11,18.44774593227293,18.45188586651621,17.835166714817234,18.2200984954834,49632600
2021-02-12,18.09178358518777,18.50568850315,18.058672012790204,18.489131927490234,47400800
2021-02-16,18.915459590663765,19.172080259078097,18.82026162623462,18.95271110534668,76593400
2021-02-17,19.147242045939244,19.35833445191984,18.86992649088959,19.23416328430176,68964400
2021-02-18,19.15138261624644,19.18863412566245,18.741616012670303,18.79956245422364,61360200
2021-02-19,18.824401885235577,19.18863877908721,18.803706948079547,19.1141357421875,54404200
2021-02-22,19.242442429175536,20.061974066639934,19.209329274245032,19.7763786315918,75644600
2021-02-23,20.012309140150776,20.16131521527722,19.250723761999783,20.10336875915528,98370800
2021-02-24,20.23581333603841,20.935313732207103,20.06611236480477,20.81528091430664,77748800
2021-02-25,21.030514646052737,21.030514646052737,20.27306770115796,20.413795471191406,75887800
2021-02-26,20.140614292431835,20.19856073133292,19.34177763290216,19.92952346801757,90308800
2021-03-01,20.45518566188808,20.728364495278985,20.306181178569,20.446908950805664,69391600
2021-03-02,20.52141114996261,20.686972206579213,20.322735355747,20.33515357971192,74468200
2021-03-03,20.48415708606945,21.10087458989291,20.48001715228904,20.633161544799805,82574400
2021-03-04,20.8194210483136,21.50650328067167,20.624886773250594,21.12571144104004,107573800
2021-03-05,21.72587338794164,21.965937458539823,21.1836572884168,21.916269302368164,112395800
2021-03-08,22.13149967950436,22.247392568092344,21.638951745161044,21.957658767700195,100610000
2021-03-09,21.833489714333183,22.148056833501062,21.419584696051984,21.572729110717773,118889600
2021-03-10,21.60584207080223,22.19358643345831,21.502365817186245,22.119083404541016,78416600
2021-03-11,22.16461090083857,22.50401285104452,22.077691235793136,22.12735939025879,50797400
2021-03-12,22.16875326138039,22.371565835353312,22.00732897858344,22.17289161682129,59786800
2021-03-15,22.123222392034315,22.18530719419336,21.65550930360937,21.920408248901367,60452600
2021-03-16,21.556174580251607,21.57686951583269,21.16296448852146,21.295413970947266,77287000
2021-03-17,21.23333007835576,21.56445382329858,21.05121241336785,21.46097755432129,64552200
2021-03-18,21.270576257357416,21.365774211441856,20.409654736681265,20.49657440185547,87207200
2021-03-19,20.48829861031954,20.84011724781669,20.22339964859147,20.500715255737305,81158600
2021-03-22,20.45470423299728,20.534180011989864,20.26228658565094,20.30411720275879,59561800
2021-03-23,19.89418748487169,20.454705010010176,19.768697224456027,20.00712776184082,103196200
2021-03-24,20.31248068946733,20.785154633867755,20.31248068946733,20.509078979492188,81630800
2021-03-25,20.16607504269739,20.64293282483504,19.839804264534703,20.58437156677246,80670200
2021-03-26,20.95666120133841,21.123980497010496,20.71823224219447,21.09469985961914,72348600
2021-03-29,20.914827221703185,21.02358362115918,20.58855642766052,20.84371757507324,47286200
2021-03-30,20.630386293445035,20.885547451365937,20.50907990760153,20.66385078430176,53392200
2021-03-31,20.62202152867603,20.7140472889171,20.44215386766385,20.521631240844727,48097400
2021-04-01,20.61365381230946,21.052866473570667,20.50489740961818,21.04450035095215,65039600
2021-04-05,21.002668968699567,21.00685282769297,20.421237031240945,20.542543411254883,53372200
2021-04-06,20.6429322572482,20.919007891719943,20.454700103129635,20.48816299438477,53257800
2021-04-07,20.496535261539208,20.66385455500546,20.4212417390469,20.55928039550781,49888600
2021-04-08,20.41287324263721,20.41705710210894,20.05732177993367,20.291566848754883,63766600
2021-04-09,20.28738353952146,20.463067332084147,20.06568686919004,20.15771102905273,44373400
2021-04-12,20.33339329238852,20.47979643035772,19.92764517333885,19.998756408691406,39196200
2021-04-13,19.96529149536446,20.12842687294717,19.81888836052728,20.019670486450195,44825400
2021-04-14,20.195356153506875,20.847899321073847,20.17444164593911,20.576005935668945,66767800
2021-04-15,20.601109383764168,20.601109383764168,20.325033667016868,20.40869331359864,49686200
2021-04-16,20.55927832457732,20.60947346929104,20.16189623937944,20.245555877685547,57189000
2021-04-19,20.28738693386853,20.43797397878876,20.02804346521428,20.22464179992676,40827800
2021-04-20,20.15353185253093,20.182812489109835,19.48844014398508,19.68922233581543,72574000
2021-04-21,19.438244236170952,20.01131015271337,19.34621847012949,19.94019889831543,56991000
2021-04-22,20.036410242982868,20.04477477181789,19.639028104965234,19.705955505371094,50062800
2021-04-23,19.7226811896372,19.97365845870185,19.605557081155744,19.88581657409668,33897800
2021-04-26,19.81052223915452,20.170257479811003,19.81052223915452,20.019670486450195,35891800
2021-04-27,20.094967562310604,20.333396479041067,20.002941806493663,20.262285232543945,42268800
2021-04-28,20.41286931672784,21.04031408012526,20.396137073408685,20.960838317871094,65874000
2021-04-29,21.262016419057044,21.45443246734515,20.935743994052363,21.195087432861328,66042400
2021-04-30,20.89391270058119,21.182536741617746,20.613653186234377,20.659666061401367,58519000
2021-05-03,20.89809717677432,21.282930867913496,20.83116978644683,21.228551864624023,45740000
2021-05-04,21.270379034922183,21.42933217150093,20.99848723347598,21.241098403930664,53917600
2021-05-05,21.50462425506542,21.99403201835257,21.50462425506542,21.92710304260254,79621200
2021-05-06,21.92292226042055,22.0400447845459,21.51717409373672,22.0400447845459,58710400
2021-05-07,21.8141659949014,22.47089145900028,21.734688628170822,22.433244705200195,63196200
2021-05-10,22.71350213386109,23.064871296408462,22.42487809149796,22.44161033630371,68998000
2021-05-11,21.97311720997734,22.28683962175052,21.671944779733884,21.86436080932617,113531800
2021-05-12,21.977301135304188,22.61729434663506,21.86854313865043,21.968935012817383,82195600
2021-05-13,21.70540754413016,22.10697184583696,21.40841737905583,21.70122528076172,79698200
2021-05-14,21.93965458091616,22.458341414404263,21.93965458091616,22.37468338012696,57183600
2021-05-17,22.29520548876784,22.901735797048342,22.261742594979605,22.893369674682617,67404200
2021-05-18,22.85990498862316,22.943563014372085,22.32030210589995,22.36213111877441,70435400
2021-05-19,21.83926619887833,22.05259836916076,21.50044695710916,21.805803298950195,87969600
2021-05-20,21.79743341986872,21.872726926329467,21.46279649986244,21.772335052490234,56522600
2021-05-21,21.98984945216253,22.14461872849578,21.801615685987123,21.818347930908203,50539800
2021-05-24,21.96893838918572,22.086060930651936,21.72214332275693,22.035865783691406,48020400
2021-05-25,21.981483633192944,22.040044895550565,21.5548209558628,21.588285446166992,48558600
2021-05-26,21.60919916622981,21.86017645165398,21.50880729465534,21.78070068359375,39554400
2021-05-27,21.86854158838559,22.06514146370174,21.6761255718536,21.79743194580078,39053600
2021-05-28,21.91874128692775,21.94802191968228,21.72214138499752,21.839263916015625,37125400
2021-06-01,22.27011178844279,22.73023741228741,22.257561805326183,22.680042266845703,72570200
2021-06-02,22.818078186133604,23.211277993707427,22.55036862946409,23.102519989013672,67893400
2021-06-03,23.00631098874568,23.294935043070662,22.85990782981447,23.165264129638672,58761600
2021-06-04,23.315849856445183,23.41624013253088,22.977029084387983,23.320032119750977,52658800
2021-06-07,23.31585225752244,23.458073159685355,23.18617974224379,23.21964263916016,40070400
2021-06-08,23.140169655325227,23.46225825484842,22.86409394083035,23.420429229736328,57553000
2021-06-09,23.48735329524361,23.5877435795406,23.261472762063217,23.27402114868164,56052200
2021-06-10,23.58774258137426,23.69650057971425,22.997944500145,23.244739532470703,57353800
2021-06-11,23.32839953406909,23.45807204317584,23.13598349785243,23.165264129638672,38091400
2021-06-14,23.2489223321774,23.39114162315316,22.87663707324347,23.064870834350582,37745000
2021-06-15,23.21127542812805,23.566826844591056,23.15271257286417,23.50408172607422,64285000
2021-06-16,23.4664391645916,23.654672958081093,23.17363281435788,23.378597259521484,60786400
2021-06-17,23.32003499396424,23.5166349027356,22.27847577823553,22.583833694458008,106941800
2021-06-18,22.11115639693422,22.39141432595718,21.897824257949075,21.9145565032959,113812200
2021-06-21,22.096261594797816,22.89069476331377,22.096261594797816,22.848438262939453,84366800
2021-06-22,22.7935057417954,23.089306109158045,22.54418849655888,23.000566482543945,48344400
2021-06-23,23.211852780865023,23.473846661280987,23.021695282183146,23.063953399658203,40553000
2021-06-24,23.16959716006557,23.27946504573115,22.94563315885194,23.262561798095703,41756800
2021-06-25,23.32594538537928,23.3977817612783,23.194947649820666,23.38510513305664,38330000
2021-06-28,23.283686630655804,23.29636487051083,22.50193008017499,22.59489631652832,65702800
2021-06-29,22.730121465340385,22.856892593465187,22.45544934441801,22.48502922058105,31911000
2021-06-30,22.55263791923176,22.831535012792333,22.531509669049417,22.76392364501953,47034000
2021-07-01,23.283686847781823,23.355524834356263,22.94563000150204,23.161142349243164,47251600
2021-07-02,23.06395016640961,23.18649465995235,22.865341072074976,23.11043167114257,30471800
2021-07-06,23.03437495758773,23.076633080651163,22.26529484964145,22.35826110839844,68446200
2021-07-07,22.32445514744316,22.531514298549144,21.749757597301453,21.994848251342773,60823800
2021-07-08,21.60608054695025,22.07513515468378,21.53001755045388,21.86807441711425,49379800
2021-07-09,22.1469758134244,22.34980997261754,21.88920689903854,22.33290672302246,51206000
2021-07-12,22.07935969941892,22.43431980499892,21.92300870409864,22.299097061157227,41353000
2021-07-13,22.18922566180272,22.328675011110303,21.99906980290272,22.13006591796875,49786800
2021-07-14,22.19767947446864,22.45544833688009,21.3863430012873,21.47085762023925,66999400
2021-07-15,21.23844114293777,21.49620999476356,21.0694135239575,21.17082977294922,59670800
2021-07-16,21.331410120820127,21.33986174465194,20.53275020651173,20.570781707763672,74253800
2021-07-19,19.869312772142425,20.12708165347538,19.56506076637468,19.843957901000977,114994800
2021-07-20,19.852409117725905,20.32146374634108,19.683381482862,20.11017799377441,83342000
2021-07-21,20.50739352465584,20.980674745562265,20.460910403675538,20.8116455078125,82042600
2021-07-22,20.79051700080878,20.79051700080878,20.401750403550786,20.57923126220703,47270000
2021-07-23,20.64684247167748,20.65529409459294,20.29610737460588,20.5031681060791,46951800
2021-07-26,20.55387594702691,21.094766910270074,20.515844450424986,21.01025390625,47266200
2021-07-27,20.845455591619185,20.879260477804017,20.57078343594812,20.815874099731445,46888400
2021-07-28,20.87080448130136,21.17928145853832,20.680646998899885,21.006027221679688,39169200
2021-07-29,21.276475591405728,21.369441842532336,21.082093077215944,21.208864212036133,43794000
2021-07-30,21.166608041653213,21.25534767624292,20.74403651086515,20.87080764770508,49600600
2021-08-02,20.88348227983348,21.39056839066178,20.68064815789861,20.714454650878903,57810800
2021-08-03,20.6468389228496,21.111666819428603,20.452456465151613,21.06941032409668,64302000
2021-08-04,20.689102756612566,20.94687166072111,20.469365356585325,20.49894523620605,64523800
2021-08-05,20.625716601147552,20.984901750612085,20.53697535628317,20.731359481811523,45800000
2021-08-06,20.908841694173898,21.086322596931904,20.807425417154462,20.921518325805664,36214800
2021-08-09,20.6426168904344,20.79051788090588,20.48626588860554,20.625715255737305,42193400
2021-08-10,20.735585827609604,21.04406286564296,20.71023095429825,20.98912811279297,53283000
2021-08-11,20.934191394843552,21.19196025419108,20.803193656425982,21.153928756713867,47686200
2021-08-12,21.13702385836814,21.25111834188059,20.87503001399629,21.132797241210938,36517200
2021-08-13,21.145479391528447,21.145479391528447,20.83277575532886,20.88348388671875,33050800
2021-08-16,20.600363117750373,20.608814742210942,20.317240952242656,20.49894523620605,48258400
2021-08-17,20.300331207985923,20.61725976993082,20.10594874353541,20.28765296936035,51108200
2021-08-18,20.283434045618456,20.44401168316804,19.839734248267057,19.86508750915528,56305800
2021-08-19,19.522802581123727,19.649573701965764,19.074876234700785,19.34954833984375,99256200
2021-08-20,19.172068277952565,19.514351769236868,19.087553656550995,19.39180564880371,61587600
2021-08-23,19.86086058159029,20.17356420214714,19.818604076209635,20.118629455566406,58704400
2021-08-24,20.287658895607045,20.558106034865485,20.2538540106888,20.45246315002441,45382200
2021-08-25,20.41019943257753,20.722902995238474,20.27497670601661,20.60880851745605,39817600
2021-08-26,20.490492357285017,20.604585241585774,20.262303364718875,20.29610824584961,41465400
2021-08-27,20.54965116287612,20.976447640908813,20.503168042975258,20.83699989318848,46202600
2021-08-30,20.91728966343849,20.997577669711767,20.58345778496441,20.591909408569336,31817800
2021-08-31,20.4904946530465,20.67642555005309,20.4017534046733,20.45246315002441,53873200
2021-09-01,20.431332442759413,20.54965356506082,20.07637229982005,20.15243530273437,63459800
2021-09-02,20.33836564924108,20.82854849831982,20.33836564924108,20.66374588012696,61635400
2021-09-03,20.621490326691287,20.77361633529847,20.44823606399587,20.54542732238769,39162800
2021-09-07,20.44823151985959,20.706000353607347,20.34681527798047,20.42287826538086,42472800
2021-09-08,20.536973215215458,20.6721959594092,20.14820822865403,20.16088485717773,43798400
2021-09-09,20.025663204568776,20.52007269971263,19.920020329160007,20.203144073486328,50529600
2021-09-10,20.51584430855495,20.558102422255,20.131304339786748,20.194690704345703,37513000
2021-09-13,20.45668438005276,20.91306233207512,20.45668438005276,20.77361297607422,68499600
2021-09-14,20.959545188144443,20.99757668659479,20.384849317758068,20.473588943481445,58935800
2021-09-15,20.7651637349826,21.255346621902643,20.73135885242727,21.23844337463379,76695000
2021-09-16,21.21731311768267,21.22153973509189,20.883481269572098,20.99757575988769,60643800
2021-09-17,20.89193470719865,21.221541578513733,20.78629183054255,20.84122657775879,64459000
2021-09-20,20.33739301418156,20.44859734044629,19.87547199492572,20.204805374145508,85660000
2021-09-21,20.44431403439904,20.55124036473749,20.037993652799656,20.25184631347656,51323400
2021-09-22,20.594013436199607,21.12009082553717,20.594013436199607,20.876298904418945,79252200
2021-09-23,20.991782258085195,21.67183229213051,20.89340857823085,21.6076774597168,49734200
2021-09-24,21.49219162782645,21.881403391047822,21.44942174985032,21.77020072937012,55503000
2021-09-27,22.24922978759145,22.634163576675995,22.21929054727042,22.54434585571289,81697400
2021-09-28,22.75820540423952,23.02338394400056,22.570015603515607,22.62133979797364,132975200
2021-09-29,22.59995485291335,22.76248337219161,22.32194567242949,22.62133979797364,69894400
2021-09-30,22.557180110673475,22.68121341796986,22.279170989990234,22.279170989990234,89198800
2021-10-01,22.441698812353064,23.049039587656683,22.441698812353064,23.02765464782715,83312000
2021-10-04,23.27572456422816,23.660660035168625,23.168798225807627,23.404037475585938,114815800
2021-10-05,23.737647162825887,23.97288478136943,23.297111170013444,23.540903091430664,98029600
2021-10-06,23.15169330477848,23.421146526765888,22.88223845122448,23.292835235595703,100174800
2021-10-07,23.35271072611887,23.600780604502827,23.237231721013377,23.472469329833984,77596200
2021-10-08,23.7205364496875,24.250891759772248,23.66493593329796,24.195289611816406,86200400
2021-10-11,24.55884305494784,24.63155382068182,24.084091435908043,24.10547637939453,86021400
2021-10-12,24.05842687152288,24.357820954459573,23.96005483299174,24.126859664916992,71038200
2021-10-13,23.95150217578525,24.2295113358094,23.68204731946902,24.10547637939453,57902600
2021-10-14,24.37920404886156,24.50323898735275,24.156797079294503,24.40058898925781,46786600
2021-10-15,24.67432014502602,24.76841584066037,24.50751532572247,24.520347595214844,45354800
2021-10-18,24.75986157502697,24.89672715166257,24.400589028466943,24.53745460510254,65257600
2021-10-19,24.640108683398527,24.901009241925884,24.50751942026769,24.815467834472656,44552600
2021-10-20,24.627277188516327,25.020765364949906,24.52890351284135,25.016489028930664,50212600
2021-10-21,24.824022200135868,24.913839943980232,24.35354527375592,24.554567337036133,64241800
2021-10-22,24.64438272176196,24.806911217612512,24.413423064209194,24.78552627563477,43005000
2021-10-25,25.08919416297056,25.285938219826065,24.95660492557681,25.149072647094727,50112200
2021-10-26,25.234614236961203,25.40997335537913,25.14051854312893,25.294492721557617,45503200
2021-10-27,25.020762506466024,25.157628085377794,24.511793736860792,24.5673942565918,68007600
2021-10-28,24.43480723829568,24.764140555416088,24.43052927109468,24.742753982543945,46735000
2021-10-29,24.866790628095725,24.922392784548894,24.477578796056644,24.580228805541992,43997800
2021-11-01,24.824020908983616,25.07208918358928,24.755588112723444,25.0036563873291,49656800
2021-11-02,24.85823509251699,25.0507028310328,24.68715392727686,24.76841735839844,34125400
2021-11-03,24.46902038334633,24.81973860687515,24.36637202266614,24.5631160736084,46674800
2021-11-04,24.926669155551803,24.99082561551624,24.374930452437155,24.597335815429688,76363200
2021-11-05,24.935222314576947,25.029318016455164,24.712815330225283,24.918113708496094,45207000
2021-11-08,25.127691579038075,25.405700734241297,25.00793459233716,25.144800186157227,40022400
2021-11-09,25.174735032634054,25.255998454896435,24.815462503760628,25.24744415283203,39378000
2021-11-10,25.140521811301245,25.221786878017387,24.43480891051824,24.580228805541992,72033000
2021-11-11,24.59733122862416,24.841124752087502,24.59733122862416,24.67431831359864,48996600
2021-11-12,24.571669134424816,24.712811031122264,24.46474281237037,24.61443901062012,34190000
2021-11-15,24.593056987883948,24.96516017590552,24.383480653924074,24.81974029541016,42751400
2021-11-16,24.89245161655984,25.059256441474776,24.73847743000253,24.85823440551757,40958800
2021-11-17,24.61444087419057,24.969437073440027,24.39203391169085,24.477575302124023,47339000
2021-11-18,24.42197295267213,24.61444067167164,24.03703914623943,24.332155227661133,57911000
2021-11-19,23.80607744196413,23.87023389096297,23.331324287758267,23.38264846801757,91379600
2021-11-22,23.34843324347593,24.1567960288958,23.34415690820917,23.79752349853516,67785800
2021-11-23,24.10974911676007,24.61016520379637,24.08836417646557,24.52890014648437,67724600
2021-11-24,24.400590487360777,24.90956091049885,24.36637490693934,24.76841735839844,42868600
2021-11-26,23.540902658733224,23.848849398693083,23.155967194325378,23.77186393737793,89454400
2021-11-29,24.289387051054508,24.533178968352804,23.831742460226728,23.908729553222656,70882400
2021-11-30,23.45963711814516,23.81463333155664,23.23295381128543,23.348434448242188,92524000
2021-12-01,23.895896878149266,24.114027515127745,23.087534046965644,23.1003646850586,89549600
2021-12-02,23.11319731230958,23.857403701409524,22.83946615164908,23.77186393737793,100743800
2021-12-03,24.09264195531687,24.19956828752069,23.35698826765335,23.58367156982422,75880200
2021-12-06,23.94722329170833,24.21667648778789,23.65210555566913,23.93439102172852,63939000
2021-12-07,24.268002808346,24.725647412342862,24.23806193214919,24.494686126708984,73686600
2021-12-08,24.631549575884147,24.75130654402384,24.43908185454085,24.49040603637696,47030000
2021-12-09,24.33643660418144,24.400591431792183,24.152523161544185,24.30221939086914,46798800
2021-12-10,24.56311499569501,24.58022359891302,24.045591985096856,24.48185157775879,39051200
2021-12-13,24.26372452250367,24.33643528105588,23.686322947566456,23.801803588867188,57208000
2021-12-14,23.65638395688021,24.06698070930599,23.622166745061502,23.70343017578125,57597600
2021-12-15,23.669213178662847,23.729091664194737,23.06187075776861,23.587949752807617,67716200
2021-12-16,23.79324634150189,24.2252279774418,23.69915065322012,23.73764419555664,53731800
2021-12-17,23.566563925105665,23.673490261665247,23.044764512160057,23.25433921813965,69270200
2021-12-20,22.62830297088374,22.98356243274741,22.381354360873445,22.966232299804688,72661600
2021-12-21,23.20018711928949,23.70708283053465,23.191522051704062,23.620433807373047,50319400
2021-12-22,23.646426779925594,23.932367372505656,23.36048453465304,23.772066116333008,42206200
2021-12-23,23.876039675950125,24.11432317187397,23.776393910479865,23.785058975219727,33370600
2021-12-27,23.707079815680448,24.326618021363515,23.50778659194529,24.3049545288086,43484400
2021-12-28,24.36561021283816,24.52590981248989,24.15332021381901,24.28762626647949,35877000
2021-12-29,24.248636391083537,24.36561232074129,24.014684531768022,24.13166046142578,30218200
2021-12-30,24.14032382169501,24.33095033097637,23.962694086114595,23.984355926513672,27180000
2021-12-31,23.92370008756637,24.17064868313913,23.884708117071074,24.04500770568848,26482400
2022-01-03,24.07967077798563,24.829181718084964,24.06667235117628,24.790189743041992,65054200
2022-01-04,25.128115961640383,25.7476541253238,25.04580031466632,25.648008346557617,79957600
2022-01-05,25.89929236133265,26.185232966143783,25.60468668938268,25.643678665161133,90804000
2022-01-06,26.245883746953645,26.362858000697496,25.84729899324253,26.21555519104004,74681400
2022-01-07,26.31520794130338,26.64447223688337,26.133244832480607,26.57515335083008,71169200
2022-01-10,26.635803551196727,26.68779229550113,26.146238055310825,26.492834091186523,66473000
2022-01-11,26.72245680692514,27.44164088608362,26.497170008880087,27.393983840942383,76887800
2022-01-12,27.54128270444053,27.614934941569565,27.246677061309203,27.445968627929688,60496800
2022-01-13,27.445972675622908,27.66692776690375,27.194692326889133,27.307334899902344,59554000
2022-01-14,27.3333256293092,27.99185578255488,27.31599549700717,27.948532104492188,64801000
2022-01-18,28.247469192419683,28.39044031193613,27.63226433953577,28.061174392700195,82133400
2022-01-19,28.2777968267625,28.30812373422351,27.636598410334024,27.857553482055664,65978000
2022-01-20,27.67558857699289,28.34278215025049,27.54561588883582,27.60193634033203,83980800
2022-01-21,27.29000116821127,27.463297528182004,26.7701087829144,27.056049346923828,114539600
2022-01-24,26.414852688558543,27.333328305492305,25.92528714559375,27.238014221191406,124505600
2022-01-25,27.134036975675407,28.399108673615068,26.631474653870143,28.295127868652344,118434400
2022-01-26,28.594066928515613,28.82368542195874,27.939868411158407,28.24747085571289,130725400
2022-01-27,28.74569378394637,29.053296146244747,28.08283202944861,28.55506896972656,108901400
2022-01-28,28.3644481806692,28.711040944978173,27.8402240216611,28.43376541137696,105302400
2022-01-31,28.368783312474363,28.74136964839787,27.918209715882664,28.55940818786621,63298400
2022-02-01,28.39043458440324,29.64684088913136,28.32544742451684,29.5775203704834,90444600
2022-02-02,29.425885833389096,29.72915814404422,29.061963027064053,29.672834396362305,65197000
2022-02-03,29.551536625037706,29.612190446269327,29.070636109997448,29.3912353515625,61962600
2022-02-04,29.763818929868613,30.32703664689336,29.69450170776146,29.8504695892334,81733400
2022-02-07,29.70749592188532,30.51332880496311,29.48221083770797,30.231719970703125,65165000
2022-02-08,30.14074398573138,30.20139779887012,29.373904602257333,29.581859588623047,75764200
2022-02-09,29.65117785722692,30.058424385011488,29.577523970851765,29.82880592346192,70791400
2022-02-10,29.68150308107371,30.214390554994125,29.447551273480183,29.64250946044922,75643200
2022-02-11,29.841804015083152,30.54365950862411,29.65550922203502,30.504669189453125,93034000
2022-02-14,30.318377101896964,30.35303406468,29.43022673605285,29.78548622131348,99633000
2022-02-15,29.05330600954321,29.54287324556859,28.888674681057225,29.473552703857425,86092200
2022-02-16,29.70750631544602,30.22739718721325,29.529878201323346,29.71183967590332,73444200
2022-02-17,29.685839037022824,29.976114653745302,29.43456035406287,29.6641788482666,67622800
2022-02-18,29.243926895716665,29.716160573077737,29.19626986152992,29.48221206665039,63291600
2022-02-22,30.374694553324456,30.374694553324456,28.56807039746994,29.00564384460449,93002800
2022-02-23,29.17461395351276,29.529876775374152,29.00564926307816,29.304588317871094,67958000
2022-02-24,29.928458467603825,29.96311873706804,28.31679229675553,29.07496833801269,123485800
2022-02-25,29.13994485477213,29.87212377333844,29.13994485477213,29.841796875,78423000
2022-02-28,29.629519155069342,30.61298363340287,29.464887834708115,30.57832336425781,96394200
2022-03-01,30.851257403577613,31.405808341985978,30.452674329769643,30.88591766357422,124231000
2022-03-02,31.35815215493181,31.84338589179276,31.206517645095392,31.592103958129883,90908200
2022-03-03,31.28450554034141,31.895380321375,31.219518369216694,31.67875862121582,89119800
2022-03-04,31.67442221232067,32.61022614811575,31.59210491646196,32.592899322509766,105216800
2022-03-07,32.93083512348595,33.60236047885327,32.33729041491514,33.07380294799805,131214800
2022-03-08,33.82764076498261,34.754781247726775,32.63622158052886,33.59368896484375,196054400
2022-03-09,32.36328483688361,33.33375255807618,31.84339401190457,32.56690979003906,174036400
2022-03-10,32.95249117008368,33.650013292084395,32.71853934294822,33.5633659362793,137802600
2022-03-11,33.026145240612024,33.71066728817149,32.97415484361134,33.29475402832031,91837800
2022-03-14,32.584240665398184,32.81385917340508,31.86505823098763,32.298301696777344,101490000
2022-03-15,31.04622613468769,31.47513620977464,30.51766861519412,31.11554336547852,124724400
2022-03-16,31.23251580393173,31.5054612673601,30.647637862190045,30.972570419311523,107536200
2022-03-17,31.52279173647686,32.12066645801626,31.327830216894387,32.03834915161133,76956400
2022-03-18,31.98202876117434,32.22464401583667,31.76540705368728,32.00802230834961,58550800
2022-03-21,32.65535998338751,33.40329238274068,32.63786407885847,33.298316955566406,68714800
2022-03-22,33.15835114295223,33.342056461405306,32.67722547567559,33.05337905883789,66462200
2022-03-23,33.674470766065205,33.932531188191234,33.51263948793783,33.62198638916016,58663000
2022-03-24,33.748831001524195,34.0375051009619,33.48202428129991,33.7050895690918,52700600
2022-03-25,33.503887146107104,34.48800917718271,33.47764495978583,34.444271087646484,56083600
2022-03-28,33.73569734124648,33.7488217695877,33.37703971762938,33.59136199951172,69760400
2022-03-29,32.83905953875358,33.52138307974451,32.44978486862391,33.50388717651367,73274000
2022-03-30,33.827552970957825,34.13372627133485,33.61760880664441,33.89316177368164,49736400
2022-03-31,33.5738742732408,34.20808498040659,33.4295355593608,33.43391036987305,65606600
2022-04-01,33.390169942794095,34.0200091953895,33.36830256358068,33.7050895690918,49612600
2022-04-04,33.923781258701204,34.033128158928584,33.39016785167119,33.74882888793945,46007400
2022-04-05,33.81006132223632,34.33055027409729,33.180222138200115,33.21958541870117,54577200
2022-04-06,33.58261843545028,33.88441693867614,33.22833555740425,33.416412353515625,64328400
2022-04-07,33.57387014032106,33.96751961289823,32.95277726714275,33.853797912597656,54097400
2022-04-08,33.94564762296674,34.88165670199103,33.94564762296674,34.785430908203125,53426200
2022-04-11,34.4136552524043,34.42240153580572,33.66572288399151,33.74007797241211,52461000
2022-04-12,34.42239472320915,34.92539101280406,34.234317965778075,34.2999267578125,63929400
2022-04-13,34.719825033674844,34.90790182728404,34.1468483694944,34.811676025390625,49295800
2022-04-14,34.64546819440103,35.20095226379706,34.59298048592985,34.92539596557617,51869400
2022-04-18,35.21407235734256,35.64708509468426,34.99537858375554,35.437137603759766,60913200
2022-04-19,35.25344393394836,35.59898057799995,34.94289910278874,35.14847183227539,45727800
2022-04-20,35.24031952368798,35.472134422537806,34.89915772258803,35.2840576171875,52079400
2022-04-21,35.49400741957584,35.651467235898764,34.0331309763582,34.16434860229492,65157800
2022-04-22,34.028752649169384,34.51862456839921,33.315808808572555,33.32892990112305,71499200
2022-04-25,32.27920279565183,32.40167077675909,31.054516310574755,32.226715087890625,110724400
2022-04-26,32.467292329491094,33.15399092498979,32.18736111515075,32.27046585083008,89168600
2022-04-27,32.476029295611006,33.06212707777057,31.89430298680901,32.74283599853516,89132600
2022-04-28,32.96152424673262,34.0112549771831,32.31418923957086,33.73569869995117,87469600
2022-04-29,33.81005857200985,34.00250682269796,32.75157817671557,32.86967468261719,79416200
2022-05-02,32.66847727936809,33.40765997201516,32.567876674272945,33.39453887939453,104141200
2022-05-03,33.45577968131939,34.48801477966941,33.43391230150014,34.3305549621582,83298800
2022-05-04,34.9909996476013,35.83078283826331,34.54486587037516,35.75642776489258,90767400
2022-05-05,36.010118576110344,36.04511038175244,34.50112949356716,35.21844482421875,93194000
2022-05-06,35.673325909503944,36.27254802743775,34.96038543631423,36.26817321777344,94245600
2022-05-09,35.48963410086526,35.520251103270624,33.1321149046436,33.267704010009766,106044000
2022-05-10,33.77944749620468,34.41803302352259,32.86093082092285,33.56949996948242,113727800
2022-05-11,34.129351163713125,35.13534389803419,33.96314509033062,34.02000427246094,99705000
2022-05-12,34.006888785971995,34.18184450822,33.101496510616585,34.16434860229492,90043600
2022-05-13,34.671712391452154,35.47213247280848,34.61047839651803,35.33216857910156,59437400
2022-05-16,35.459006787358625,36.63558030637796,35.43713607614186,36.26380157470703,56518800
2022-05-17,36.75368466682846,36.90676968097328,36.355663630051936,36.6837043762207,56329400
2022-05-18,36.946132598999206,36.98987069336625,35.31467531678711,35.743316650390625,66461400
2022-05-19,34.929771342952215,36.21131704683873,34.929771342952215,35.61209487915039,71441000
2022-05-20,36.0494851018134,36.47375160668276,35.047867099854415,35.76518249511719,63840000
2022-05-23,36.189445785004274,36.83678084217408,35.9663805320153,36.709938049316406,53289400
2022-05-24,36.30316863923115,37.0029880901773,36.023240858852695,36.84990310668945,53127600
2022-05-25,36.976747425805925,37.663445811722845,36.92425971344832,37.610958099365234,52648000
2022-05-26,37.83840101816644,38.31077707516109,37.812155493831625,38.0264778137207,42678200
2022-05-27,37.85589824584847,38.82689591812767,37.76404391296824,38.721923828125,37334400
2022-05-31,39.36050957014351,39.56608227805122,37.93462838300113,38.14019775390625,78681200
2022-06-01,38.62132380016455,39.04558694036008,38.19705732296668,38.76128768920898,59297200
2022-06-02,38.49011045954279,38.91000217320657,38.25392074491891,38.63882064819336,52605400
2022-06-03,38.68692919347348,39.273030271935575,38.643191103917154,39.15056228637695,41050600
2022-06-06,39.33863783819296,39.36488002370138,38.89687547245524,39.1068229675293,33384600
2022-06-07,39.080580970350745,40.32713494948175,39.04996397216165,40.27465057373047,51378800
2022-06-08,40.47147229185923,40.81263407074667,40.11281460931059,40.36212539672852,56985400
2022-06-09,40.01658689705917,40.27027248253063,39.426114358946265,39.469852447509766,49176200
2022-06-10,39.01497820017123,39.60107940376329,38.35015042077142,38.8006591796875,62543600
2022-06-13,37.62408053173809,37.66344715165745,36.04511433858508,36.77555084228516,89462600
2022-06-14,37.51473009141126,37.995859083919264,36.36440199342008,36.84552764892578,69512800
2022-06-15,36.762426002862505,36.94612797843152,35.424017790996984,36.031986236572266,86446400
2022-06-16,35.074119530730954,35.266567842983804,33.70946875210319,34.00251770019531,115958200
2022-06-17,33.76631940852572,34.01563019245101,31.754337233707247,32.143611907958984,128468400
2022-06-21,32.99944557436317,34.038832333674314,32.9419487608812,33.808841705322266,70013400
2022-06-22,32.181209830661345,33.02598692384288,32.00429211957068,32.45542907714844,82425200
2022-06-23,32.610231738641666,32.844646254132705,30.72606449946413,31.25239372253418,113842200
2022-06-24,31.78756391458604,32.336005682252434,31.32757929916698,31.663719177246094,94797000
2022-06-27,32.03082728432391,32.81368702717355,31.991022572530472,32.5925407409668,67958800
2022-06-28,33.36654895119148,34.01229562860693,32.96848500636712,33.47269821166992,79568000
2022-06-29,33.93711581286424,34.05210946988462,32.216594335704855,32.309478759765625,71184000
2022-06-30,31.61507915765692,32.44658809990183,31.34528037930232,31.628347396850582,75533400
2022-07-01,32.01312868169026,32.238698792696475,31.01797059565701,32.10158920288086,69204000
2022-07-05,31.438159073941463,31.588536939442488,30.159933719483657,30.82779312133789,89865800
2022-07-06,30.496074350837528,31.044519621159505,29.390342817095416,30.30146789550781,96419000
2022-07-07,31.12412978653005,31.64161129056517,31.04893748405073,31.39392852783203,67587200
2022-07-08,31.774291528402458,31.906980627955424,30.9427828445526,31.380651473999023,43940600
2022-07-11,30.987012090254883,31.34084744710496,30.66414044847144,31.079893112182617,45508200
2022-07-12,30.26608470847448,30.655301006828907,29.92552086921747,30.47396278381348,64690200
2022-07-13,30.03166996786449,31.062212595880265,30.03166996786449,30.42531013488769,58978000
2022-07-14,29.35938148362986,29.88571075583992,28.96132084438416,29.850326538085938,73273600
2022-07-15,30.50049677934512,30.531457125848693,29.88571034561372,30.33684730529785,59920600
2022-07-18,31.14624173038274,31.544305715211124,30.88529073581021,31.031248092651367,51453600
2022-07-19,30.98701495393921,32.06620985508476,30.978170587691423,31.986597061157227,48776400
2022-07-20,31.632764724661115,32.442160978639606,31.5000789715919,32.29620361328125,41849400
2022-07-21,31.41161323826244,31.76102473346617,30.810098516440146,31.730064392089844,43159200
2022-07-22,31.853910507856884,32.16794121290663,31.287776538593302,31.469118118286133,40836400
2022-07-25,31.90256177710064,32.65446116881785,31.52218989792682,32.62350082397461,39112000
2022-07-26,33.012718558712095,33.15867592288081,32.1104412726118,32.32716369628906,37228800
2022-07-27,32.53504043219667,33.22059526679002,32.20332100405625,33.05694580078125,44810800
2022-07-28,33.35327942508912,33.58327004296541,32.627916612346915,33.242706298828125,46665400
2022-07-29,33.84864536511523,34.79073057423964,33.78230081350556,34.68457794189453,51667600
2022-08-01,34.0919161931248,34.18037336796112,33.51251056234468,33.968074798583984,51331000
2022-08-02,33.972495370603866,34.229025902393246,33.587702947344724,33.88846206665039,39864400
2022-08-03,34.0299960349018,34.13172145013244,32.71196251264304,32.9154167175293,57013200
2022-08-04,32.689851064554134,32.78273211522337,31.575271707673107,31.694692611694336,55991000
2022-08-05,31.26565977904785,32.60138172437167,31.26565977904785,32.32273864746094,45179600
2022-08-08,32.287352434930746,32.78272124872505,32.23869999007488,32.490806579589844,37756600
2022-08-09,32.950797702955164,33.48154745712552,32.893300881487846,33.061370849609375,34683000
2022-08-10,33.13656716648182,33.49040266442436,32.48197588204112,33.30021667480469,34788400
2022-08-11,33.92383820194156,34.73765827183326,33.822112802220374,34.445743560791016,60531600
2022-08-12,34.22018196834031,34.724395296150874,34.07422459070437,34.70670318603516,38381000
2022-08-15,33.45058184337079,34.21574938246915,33.14540230127242,34.02998733520508,42024400
2022-08-16,34.078647496553096,34.43690343658002,33.73808029171588,33.950382232666016,39357600
2022-08-17,33.79556800023515,34.58726852270828,33.70710748485852,34.233436584472656,45472400
2022-08-18,34.61381443725158,35.18879270316869,34.55189375283626,35.153411865234375,46866000
2022-08-19,35.0649527883795,35.387827834297376,34.86149862051764,35.14456558227539,39488400
2022-08-22,34.84380964967737,35.29494998049985,34.26883130816739,35.078224182128906,45696200
2022-08-23,35.653198759283626,36.61739654600031,35.626662289051424,36.34317398071289,54367000
2022-08-24,36.34760532692762,36.84297424450688,36.18395585317852,36.78989791870117,49093200
2022-08-25,37.00220627172516,37.25873345492864,36.714715362274,37.07297134399414,39798600
2022-08-26,36.9977741998348,37.4002586843176,36.475868831630784,36.6395149230957,38635200
2022-08-29,36.6218245764458,37.67447963314444,36.52894017123252,37.192378997802734,52125000
2022-08-30,36.55548074778674,36.5643251142373,35.635511413404174,35.931846618652344,57641800
2022-08-31,35.042839367884454,36.1972197908026,34.914574126577044,35.604549407958984,58304600
2022-09-01,35.07822472734094,35.21091385598041,34.242291990416504,34.72881317138672,56604200
2022-09-02,35.58243745072061,35.83454409158302,35.175529078525955,35.36571502685547,57188200
2022-09-06,35.69743668482775,35.81685758100097,34.892464257503164,35.038421630859375,45568200
2022-09-07,34.273256165356905,34.78189338272128,33.95922879188762,34.63151550292969,60541400
2022-09-08,34.786307109751384,34.95437705128737,34.36170669869408,34.781883239746094,53681600
2022-09-09,35.40552572014849,35.82127848997623,35.144571318620265,35.64878463745117,38678800
2022-09-12,36.17068612231569,36.69701536461682,35.86108267062358,36.30337524414063,41731800
2022-09-13,35.73724420814287,36.34760679464393,35.22860703217958,35.38783264160156,61146000
2022-09-14,35.719546096769655,36.643935875851554,35.719546096769655,36.38740539550781,54384200
2022-09-15,35.74166801702453,35.892049272937406,35.27726275852552,35.44975662231445,55886400
2022-09-16,35.33917863099316,35.36571510658861,34.18921857138646,34.69343185424805,70403600
2022-09-19,33.73929378714534,34.73636162863416,33.65881295953093,34.71400451660156,37625800
2022-09-20,34.472557067871094,34.67376081353124,34.06568429497696,34.472557067871094,42299600
2022-09-21,35.12087280462105,35.17005571097997,33.95390277413307,33.967315673828125,68705800
2022-09-22,34.58433601393658,34.6961147362901,33.8197699623844,33.84659576416016,57748000
2022-09-23,32.53208048031675,32.59467629226726,31.27121662197433,31.512659072875977,105475600
2022-09-26,31.31592771869428,31.709387599054978,30.698910390379925,30.73914909362793,72159600
2022-09-27,31.271216367389183,31.66020413688397,30.909050988377224,31.083425521850582,67671200
2022-09-28,31.39640485726421,32.63938357643534,31.20861744168056,32.46053695678711,63147600
2022-09-29,32.22356663551981,32.527604865557144,31.655732285193373,32.46053695678711,48563000
2022-09-30,32.20120620727539,32.64832100466792,31.888227213586696,32.20120620727539,43369400
2022-10-03,33.35924128246403,34.1998160241085,33.30558626912749,34.02096939086914,69550600
2022-10-04,34.70952582208812,35.514333945433435,34.43678548091086,35.483036041259766,66330800
2022-10-05,35.46962375847269,36.4979859215188,35.16558550782954,36.216304779052734,61273600
2022-10-06,35.921205468096126,36.97192809622067,35.894379668642934,36.86014938354492,52670200
2022-10-07,36.93615944836306,37.35197641126349,36.310197952106456,36.573997497558594,56915400
2022-10-10,36.71706740027263,37.030046385525566,35.706587030260856,35.822837829589844,46331600
2022-10-11,35.152166941205856,36.14923103881601,35.00461823793845,35.53668594360352,53842200
2022-10-12,35.304183041210585,36.07322101779219,35.0716848537677,35.822837829589844,41102400
2022-10-13,35.35336859853207,37.4279810855983,35.34442780308768,37.28490447998047,70134800
2022-10-14,36.87803335280216,37.41009769059223,35.822842061835,35.894378662109375,53494600
2022-10-17,36.45774633342064,36.940631204086905,36.23866100572075,36.341495513916016,37988400
2022-10-18,36.64106198694053,36.9987552450344,35.95250809361577,36.6589469909668,50375800
2022-10-19,36.76625627009713,37.87957131125024,36.75283995893751,37.740966796875,62527600
2022-10-20,38.02712003855182,38.375869082008,37.54870727692578,37.7767333984375,50523600
2022-10-21,37.986878036135806,38.94370356212428,37.88851222129698,38.86769485473633,50548400
2022-10-24,38.8453415007314,39.323754309952456,38.63520036198017,39.0510139465332,44992000
2022-10-25,38.89899185182761,39.27009799508277,38.68884732706348,39.091251373291016,37683600
2022-10-26,39.23880246700365,39.93630058186977,39.21197325482094,39.623321533203125,45413000
2022-10-27,40.16879620202421,40.437067839096,39.64567264992224,39.766395568847656,50021200
2022-10-28,40.19562794498907,40.52201989346023,39.18961947623292,39.90500259399414,49328000
2022-10-31,39.51154137857407,40.76793304270541,39.46682716363284,40.24033737182617,59520800
2022-11-01,40.91547524369523,40.93336024457795,40.38340755388346,40.62932205200195,43510800
2022-11-02,40.49966541268332,40.70980994566238,39.55625277178736,39.650146484375,56499200
2022-11-03,39.40870466187319,40.611444762703584,39.296925943542206,40.38341522216797,53634400
2022-11-04,41.28212034498505,41.59062731240616,40.30293760320008,40.875244140625,60590600
2022-11-07,40.96018844179737,41.706869363549565,40.88864843407209,41.57720565795898,38775400
2022-11-08,41.49672779532435,41.79629733488224,41.107740062204336,41.61745071411133,43718600
2022-11-09,41.05408867528931,41.18375240150958,39.49365867907966,39.58308029174805,63028000
2022-11-10,40.401298084331664,40.508604693099485,39.569664191145925,40.46389389038086,58488200
2022-11-11,41.23740798104618,41.85442530383306,41.13904215903322,41.63980865478516,51082600
2022-11-14,41.51908575432312,42.34624755474893,41.51461365062777,41.62639236450195,46245200
2022-11-15,41.78288301612901,42.17187417901029,41.51014267397359,42.06456756591797,51542200
2022-11-16,41.68899342016808,41.94384878343979,40.99149524936467,41.20611190795898,47277200
2022-11-17,40.57567322013149,41.331298419070606,40.36552869181951,41.295528411865234,42859800
2022-11-18,40.53096461168371,41.08091400458224,40.021253920658616,40.96913528442383,47366200
2022-11-21,40.079374861201664,40.52201760734151,39.02865564646651,40.41471099853516,85153600
2022-11-22,40.919948804060894,41.77393978893716,40.73216138927253,41.68004608154297,53755000
2022-11-23,40.92442018118812,41.49225793024589,40.77240277511941,41.228458404541016,41197400
2022-11-25,41.25528209918934,41.545907408506,41.00489889668406,41.076438903808594,15182600
2022-11-28,40.07043376476308,40.575672313187205,39.81557843874871,39.94971084594727,58262400
2022-11-29,40.39235259533245,40.7902879371831,40.24480729216443,40.553314208984375,38048400
2022-11-30,41.00490364777606,41.08538445950854,40.11514602616721,40.754520416259766,43830200
2022-12-01,41.0406732749272,41.246345700510695,40.481779701749545,40.620384216308594,38902000
2022-12-02,40.33870188358702,40.857353330236414,40.14197026009127,40.37894058227539,36770000
2022-12-05,40.776871513498605,40.93783312670368,38.84533556625321,39.18067169189453,51753800
2022-12-06,38.934757784649904,39.4042262801148,37.8840386819825,38.14783477783203,64930200
2022-12-07,38.13889526275437,38.6396616747238,37.723078346406695,38.05841445922852,48894200
2022-12-08,38.91240899739521,38.997361919539365,37.67837092471822,37.88851547241211,51280800
2022-12-09,37.7677967248779,38.18361372466912,36.95404773091418,36.96746063232422,48097800
2022-12-12,37.177596926584734,38.02711574309416,37.03452032463059,37.93769073486328,42184800
2022-12-13,38.67543581571032,38.97947406030558,38.35351256717233,38.65755081176758,54557400
2022-12-14,38.92135171182222,39.05995623318748,38.07630486057859,38.42058181762695,52675600
2022-12-15,38.08524192062457,38.27750143682425,37.53976127414103,38.188079833984375,40406600
2022-12-16,37.46822563287017,37.89745547767285,37.20442609867594,37.71860885620117,59101000
2022-12-19,38.11611882144248,38.238085108079225,37.4385390621015,37.714088439941406,36836600
2022-12-20,37.83153668969078,38.527185658501885,37.68698647840204,38.28325653076172,28593000
2022-12-21,39.06473618997728,39.18669903947019,38.49105002048139,39.010528564453125,34058200
2022-12-22,39.05117739769191,39.07376476742645,37.34819517797903,38.111602783203125,37359400
2022-12-23,38.617528798074645,39.33576514770625,38.41877440869049,39.32672882080078,29630000
2022-12-27,39.49838612844294,39.91396757743493,39.35383590938707,39.746829986572266,32749200
2022-12-28,39.69262572944658,39.69262572944658,38.73497837613804,38.85694122314453,31838000
2022-12-29,38.694327995900245,39.439663068189546,38.67625878647485,39.26349258422852,26915800
2022-12-30,39.055698170146194,39.58872773581389,39.05118000662769,39.51193618774414,22661800
2023-01-03,39.26349284793646,39.4622507066015,37.65085294414334,38.12516021728516,53082800
2023-01-04,37.56050436492203,38.3419777369376,37.41595415790276,38.120635986328125,45705200
2023-01-05,38.05740222624187,39.02860071713098,37.94899041336453,38.81629180908203,38723800
2023-01-06,39.31770419229069,40.03593724631696,39.21832525356638,39.55259704589844,44422400
2023-01-09,40.14885778664138,40.21209828797922,39.28607469190441,39.41255569458008,46003200
2023-01-10,39.67004720571977,39.77394431410893,39.0692588248842,39.69263458251953,31599000
2023-01-11,40.04045039697545,40.13982932325584,39.38545794118086,39.81459045410156,32903000
2023-01-12,40.053992625799175,40.8354693725247,39.97720108924855,40.57347106933594,36716000
2023-01-13,40.54186335647908,40.73158489826574,40.11273080534029,40.632205963134766,31808400
2023-01-17,40.72706534962026,41.14264680510231,40.55089142874398,40.7180290222168,33933200
2023-01-18,40.90774667725938,41.36398467026147,39.932033637150106,39.972686767578125,38075200
2023-01-19,39.7423195282036,40.63220486335948,39.656491641759104,40.46958541870117,34293800
2023-01-20,40.55541037890561,41.01164842385248,40.14434707915386,40.87161636352539,28560000
2023-01-23,41.16975237695931,41.37302495819242,40.79482402403214,40.92582321166992,29305000
2023-01-24,40.79030664139324,40.86258003026681,39.95914026807737,40.76771926879883,30755200
2023-01-25,40.56896745520496,40.77224349975586,39.92300779126264,40.77224349975586,26861200
2023-01-26,41.43174109399019,42.07770055343028,40.925813671363095,42.05963134765625,36663000
2023-01-27,41.83377559485586,42.04156631234687,41.14264477559578,41.21040344238281,34841000
2023-01-30,40.91227124092673,40.97099358729232,40.212104016774646,40.26631164550781,27525000
2023-01-31,40.13078871556142,40.68640563216727,39.71972545547321,40.623165130615234,27848200
2023-02-01,40.4334447658699,40.605097068300566,39.29962697662408,39.82362365722656,46967200
2023-02-02,39.67003986266676,39.74683141541188,38.48653253223653,38.91566848754883,49803000
2023-02-03,39.078285094514456,39.71069357226363,38.78918466691752,38.829837799072266,45454800
2023-02-06,38.86597249534516,39.159591058315016,38.17935646073733,38.65366363525391,31714400
2023-02-07,38.8975989692896,39.96817632080781,38.69432640273448,39.90945053100586,41014000
2023-02-08,39.87783595577813,40.081111997627765,39.32673707474306,39.55259704589844,26967200
2023-02-09,39.55710656908799,39.68358757388941,39.18669643516289,39.21379852294922,32150400
2023-02-10,39.86427478464361,40.83095493997409,39.82813637131286,40.7496452331543,40003200
2023-02-13,40.541858680437,40.8038570344093,40.12175905987767,40.645755767822266,24744800
2023-02-14,40.3250266113298,40.957435045405326,40.212096656900194,40.6593017578125,27022600
2023-02-15,40.20307446135296,40.28890235236076,39.45773587476581,39.96818161010742,31939600
2023-02-16,39.751350536060535,40.09465861930431,39.534523471288345,39.57518005371094,25314200
2023-02-17,38.96084143627306,38.9879435274839,37.99867928844565,38.16581344604492,44680400
2023-02-21,37.99867303269848,38.41425444581077,37.90381228272821,37.9760856628418,33622600
2023-02-22,37.872186558553125,38.229045615818585,37.39788283409796,37.723121643066406,40270400
2023-02-23,38.29229736328125,38.51364261274357,37.80895717081493,38.29229736328125,35023400
2023-02-24,37.72763575052081,38.29680365702512,37.510812178942,38.24259948730469,37496800
2023-02-27,38.31940280742388,38.522675399073066,38.03933520781092,38.35554122924805,30676400
2023-02-28,38.74401040821574,38.75756489878534,37.77281547801604,37.80443572998047,38007600
2023-03-01,37.83605561125593,38.74401002863134,37.69602011420061,38.54977035522461,37094000
2023-03-02,38.4820199050496,39.03311874192983,38.360053600442,38.88856506347656,32798600
2023-03-03,38.42329034693947,39.6113157892934,38.39618825805959,39.41707611083984,50675200
2023-03-06,39.200257651581154,39.49839447999336,39.04215635455186,39.43515396118164,33898400
2023-03-07,39.200247369222815,39.299626285959455,38.64914861011883,38.74852752685547,37000400
2023-03-08,38.57687692943955,39.06924992509581,37.98060684906138,38.351016998291016,39399000
2023-03-09,38.57236391832989,39.114426446955385,37.79992326418127,37.80895614624024,37888200
2023-03-10,37.80894736694075,38.34197688973695,37.10878371724108,37.32560729980469,56624800
2023-03-13,36.37247559495098,37.22171099695437,35.735552489796895,36.56671524047852,83327000
2023-03-14,36.56220480514583,37.750226738874446,36.27761910142896,36.92809677124024,61066400
2023-03-15,35.57293574385117,35.843966945963146,34.43911803325998,34.945045471191406,115347000
2023-03-16,34.17713163103765,35.41484327690308,34.04161427320841,35.32449722290039,88790400
2023-03-17,35.121216030510446,35.41483460299346,34.48428942960042,34.76887512207031,67351600
2023-03-20,34.73464129246592,35.693152398588055,34.73464129246592,35.464935302734375,52288800
2023-03-21,36.195237363201855,36.80685758576497,36.08569063609926,36.6927490234375,59712400
2023-03-22,36.71556805408432,36.88444647890376,35.88485795182635,35.9122428894043,49209400
2023-03-23,36.10851593797001,36.423456703493095,35.07240817891268,35.41473388671875,49486200
2023-03-24,34.71182512041249,35.68859410910945,34.60227839625287,35.55166244506836,41298000
2023-03-27,35.92593867231839,36.51473926077644,35.638386354273855,36.30934524536133,40223800
2023-03-28,36.10394837945239,37.030509347238805,36.09025590916068,36.87075805664063,32596800
2023-03-29,37.23590681702428,37.42304304804736,36.993997222563806,37.38196563720703,36204600
2023-03-30,37.692346377388,37.74711626622719,37.327197534312006,37.54628753662109,27460800
2023-03-31,37.64213328099991,37.870350406765816,37.50520161261357,37.80644989013672,32294600
2023-04-03,39.39940397134535,39.77367991373389,39.19400995359341,39.5180778503418,62452200
2023-04-04,39.636747533396594,39.6869555781328,38.45458452917501,38.80147552490234,49363000
2023-04-05,38.89732716395222,39.38571166992188,38.57325926581506,39.38571166992188,40552200
2023-04-06,39.32637326969592,39.36745067715138,38.71018429933065,38.78778076171875,33378600
2023-04-10,38.93384318034619,39.54546340795645,38.93384318034619,39.09815979003906,26977200
2023-04-11,39.31724467182668,39.71434370938062,39.09359287202397,39.46786880493164,25575200
2023-04-12,39.74172942586797,39.823887728956784,39.37658063829175,39.49525451660156,33334400
2023-04-13,39.4359234120197,39.8421496521478,39.34007262885302,39.74173355102539,31384600
2023-04-14,39.7965043271622,40.04754108129819,39.58197966734178,39.81476211547852,23560200
2023-04-17,39.6823988968252,39.846715522335984,39.207706810051526,39.344635009765625,23762000
2023-04-18,39.25334579450128,39.60023680215261,39.057078926236095,39.49982070922852,24493600
2023-04-19,39.14380943548503,39.394846229644365,38.92928474146247,39.36289596557617,34246200
2023-04-20,38.8151666682512,39.02512599255536,38.54130683143346,39.01599884033203,30396200
2023-04-21,39.15749135808458,39.17574914439256,38.61433353295124,38.78778076171875,33757600
2023-04-24,38.664543863294696,39.563719868864766,38.65085139333242,39.38114547729492,25251800
2023-04-25,38.99773792565463,39.06620026763029,38.4135027253524,38.641719818115234,30665200
2023-04-26,38.36785943917657,38.723877573794425,37.89316743224718,38.12594985961914,40070000
2023-04-27,38.10312715029302,38.358729178574194,37.7425437276441,38.26287841796875,34114600
2023-04-28,38.12595283531992,39.06620628806253,37.993586483240726,38.85624694824219,38228600
2023-05-01,38.36786369844059,38.83342860486744,38.21267771784306,38.41807174682617,27821400
2023-05-02,37.95707184004956,38.01640703569293,36.396064143267566,36.747520446777344,67648000
2023-05-03,36.2774005895514,36.701884638297024,36.040052797608986,36.05374526977539,59367600
2023-05-04,36.06743390411524,36.4325827071796,35.54253728789619,35.65208053588867,52861000
2023-05-05,36.63797858067034,36.90727662003648,36.41889207363349,36.61972427368164,39073400
2023-05-08,37.15375155219087,37.31350285572134,36.61515895577585,36.61972427368164,32711800
2023-05-09,36.33216315129136,36.98029890678926,36.25457016978458,36.6334114074707,41421200
2023-05-10,36.81599081652297,36.88901849075647,35.94419966736416,36.21805953979492,36052000
2023-05-11,35.70686134063834,35.97159062158395,35.51059442750414,35.784454345703125,38168200
2023-05-12,35.96246117318237,36.20437081020259,35.57905452630088,35.8392219543457,37913200
2023-05-15,35.97158150556489,36.22718704911643,35.68859450414567,36.02178955078125,32544600
2023-05-16,35.85291611289063,36.00810210534757,35.081541021760536,35.136314392089844,44511200
2023-05-17,35.4968841048474,36.00352631550348,35.236716765509115,35.811824798583984,46200600
2023-05-18,35.59730655336718,36.1176413252036,35.37365474358553,36.071998596191406,33154200
2023-05-19,36.40519526691271,36.63341238258388,36.14502789434026,36.35042190551758,36122200
2023-05-22,36.21349868634088,36.56952039494025,36.14503632153104,36.199806213378906,26943600
2023-05-23,36.5466876642984,37.003121881902885,36.450836896479466,36.5877685546875,42803800
2023-05-24,36.87532147266571,37.03050743772536,36.43714503434127,36.747520446777344,33474200
2023-05-25,36.21805381955348,36.29564679939575,35.7570542930092,36.094818115234375,38251000
2023-05-26,36.31391068280278,36.41432678290179,35.76619093248466,35.95332717895508,28785800
2023-05-30,35.32801227912926,35.62469524340575,35.191080608750255,35.583614349365234,40331600
2023-05-31,35.02676738600291,35.296065435184545,34.83963113285132,34.95830154418945,44797600
2023-06-01,35.04045424636798,35.789009586049474,34.80310997938371,35.39191055297852,51623600
2023-06-02,36.05374029996533,36.64254089817971,35.807265387993006,36.46909713745117,55278800
2023-06-05,37.003121055322254,37.003121055322254,36.16328378520242,36.2271842956543,37826200
2023-06-06,35.74793490186417,36.55126025986039,35.711419321428565,36.519309997558594,34750800
2023-06-07,36.6973092841632,37.5325846810571,36.6744861819159,37.4869384765625,60654200
2023-06-08,37.537161233456445,37.66496229859081,36.70645082776521,37.32720184326172,46155200
2023-06-09,37.30893570613747,37.491510107916206,37.02138337389998,37.12179946899414,38387000
2023-06-12,36.56495300570313,37.13549589559075,36.514744952807625,36.76578521728516,36387000
2023-06-13,37.1720028485603,37.66494914444755,36.92096264234999,36.9392204284668,40136400
2023-06-14,37.30436900920516,37.46868211884369,36.28651920250061,36.56037902832031,47605400
2023-06-15,36.62428750009074,37.24047311271797,36.61516034624978,36.96205139160156,46777000
2023-06-16,37.09897004635541,37.20395144125688,36.80228712926845,36.90726852416992,47461800
2023-06-20,36.66138855848232,36.70282777725188,35.80954492300265,36.08121490478516,42552000
2023-06-21,35.933874618856734,36.67520674840499,35.87861880646554,36.36670303344727,34473800
2023-06-22,36.0351727008285,36.07661192252294,35.745084097010235,35.87861633300781,33507400
2023-06-23,35.491835168094504,35.71745689877044,35.32607126021323,35.62076187133789,34905200
2023-06-26,35.68522740924169,36.46339671819337,35.60234545022323,36.26079559326172,32488600
2023-06-27,36.22396215707394,36.500234211564006,36.01215346486523,36.34368133544922,28388400
2023-06-28,36.30683772687037,36.75808469631266,35.98452097226098,36.712039947509766,32903200
2023-06-29,36.85017519305912,37.13565826416016,36.65217960614808,37.13565826416016,28435800
2023-06-30,37.388912258103474,37.56388725508757,37.11264019964258,37.375099182128906,35970600
2023-07-03,37.4671833483897,37.74345534150566,37.32444006677175,37.46257781982422,19539800
2023-07-05,37.61913857226387,37.628349631331865,37.04357033515464,37.2553825378418,32557400
2023-07-06,36.850179195108375,37.10803263379093,36.14107872574171,36.41735076904297,41967800
2023-07-07,36.23776729864876,37.54545988930289,36.210141153145386,37.20011901855469,48916000
2023-07-10,37.10343132145302,37.56388590668926,37.075801657505856,37.490211486816406,30925000
2023-07-11,37.66057799084516,38.37428043412614,37.58690357675737,38.31442260742188,39642000
2023-07-12,38.62752547134608,38.88537885215253,38.42952990737289,38.6689682006836,43077600
2023-07-13,38.668978478243055,38.90841332220265,38.16247561276931,38.52163314819336,53226400
2023-07-14,38.27297854584634,38.30981223524438,37.41192738324216,37.5040168762207,43988200
2023-07-17,37.37048962115789,37.59150581811222,37.259978009691615,37.43034744262695,32445800
2023-07-18,37.3428622966694,38.199308017642416,37.2830044714577,37.80792236328125,43209400
2023-07-19,37.80792208431438,38.28679522144253,37.72504012763856,38.02893829345703,37521000
2023-07-20,38.34204987810352,38.553862068308845,38.153265334211184,38.475582122802734,35449800
2023-07-21,38.61832292238152,38.834733601840384,38.36967705316379,38.81631851196289,31529000
2023-07-24,39.01431256136341,39.72801495108266,39.00049597501679,39.44253540039063,44539600
2023-07-25,39.424116584510834,39.87996556778156,39.18467827098237,39.64973831176758,33606600
2023-07-26,39.32281975769728,39.8201115209495,39.26756394633944,39.66355514526367,32788000
2023-07-27,39.87996679246157,40.04112517402257,39.29979310585273,39.410301208496094,35550600
2023-07-28,39.38268015526426,39.53923654116653,38.95445725001734,39.53002548217773,34627800
2023-07-31,39.87536112456358,40.39567698563295,39.76024749342282,40.28056335449219,36266400
2023-08-01,40.11940395054554,40.20689143979905,39.65894939740401,40.09177780151367,35766000
2023-08-02,39.820111610363234,40.02270922648466,39.23072682685784,39.56686019897461,45920000
2023-08-03,39.67276239661226,40.32660695981724,39.45634821413152,39.96745300292969,41630600
2023-08-04,40.25293616926002,40.630508762098366,39.9766641401326,40.022708892822266,43208200
2023-08-07,40.24832895851565,40.33120739486684,39.94903283517672,40.06874847412109,26821600
2023-08-08,39.41951935609656,40.28517275630874,39.12482868738645,40.26675415039063,37237200
2023-08-09,40.65813694580056,41.14621762994569,40.4048855457313,40.773250579833984,52085600
2023-08-10,40.83310577540556,41.29816581059004,40.49237042424531,40.76864242553711,39226600
2023-08-11,40.750226081275706,41.44090787926344,40.74101853635116,41.39486312866211,46689200
2023-08-14,41.27975193549259,41.39026004606518,40.94361856155621,41.21989059448242,30189400
2023-08-15,40.93441177707354,40.98045653125232,40.289774679602,40.36344909667969,44982400
2023-08-16,40.40488201786859,40.8423123838066,39.98586674033744,40.01349639892578,37995400
2023-08-17,40.57526020253693,41.0449223440277,40.43251688916079,40.49237823486328,40464200
2023-08-18,40.25754872432663,40.94362514421077,40.12862198909901,40.892974853515625,35307200
2023-08-21,41.05873009204144,41.22449400587925,40.35423521472539,40.63511276245117,30488400
2023-08-22,40.68576575447851,40.82850554585792,40.29898209207785,40.32200622558594,25732800
2023-08-23,39.88457706290879,40.257544149287405,39.53923612722795,40.22070693969727,38798600
2023-08-24,39.85694001192061,40.3680447830365,39.82931386634321,39.944427490234375,33455000
2023-08-25,40.18386957996479,40.53381604378428,39.83392662913495,40.33121490478516,38036800
2023-08-28,40.437114666986176,40.9067767184431,40.36804578833363,40.60287857055664,25718200
2023-08-29,40.75022755735291,40.75483308647665,40.30819161218781,40.7133903503418,27019400
2023-08-30,40.897574132743244,40.98966364011952,40.73641573834,40.915992736816406,27890200
2023-08-31,41.06793964703984,41.137005014453536,40.64892434878772,40.9436149597168,29617400
2023-09-01,41.39486279628571,41.82768766404997,41.38565173844583,41.78164291381836,35764200
2023-09-05,42.01647191651861,42.43088165719712,41.97503269894522,42.00265884399414,48737400
2023-09-06,41.91977946172471,42.24670174577364,41.71257282220808,42.02108001708984,40324200
2023-09-07,42.103961831895234,42.32037601528405,41.90596625060218,41.979637145996094,30729200
2023-09-08,42.1776390636782,42.68874393140479,42.15461844234194,42.38484573364258,34739000
2023-09-11,42.693346936939946,42.82227365036812,41.65732418733427,41.82769012451172,44095000
2023-09-12,42.27893939091023,42.85911314529011,42.20066295543547,42.81306838989258,53599400
2023-09-13,42.85450506248284,42.94199255161819,42.26972932649826,42.4907455444336,36315400
2023-09-14,42.9327851084409,43.13999178231621,42.803858384957465,42.988040924072266,37099800
2023-09-15,42.59205014371968,43.01106551244975,42.36642837524414,42.36642837524414,49612800
2023-09-18,42.804298852263486,42.92954098189818,42.41002502053897,42.72544479370117,33746600
2023-09-19,43.045499194888656,43.10579872595893,42.07604594992582,42.3265266418457,36264400
2023-09-20,42.11779644631433,42.59556381931376,41.90442124270831,41.932254791259766,35930400
2023-09-21,42.2198406951413,42.31725280601132,41.287499989730094,41.357078552246094,43446200
2023-09-22,41.667860034426425,41.94617075390706,41.3895493149458,41.42665481567383,42067400
2023-09-25,41.31532753051807,42.01110603627884,41.31532753051807,41.9461669921875,35073800
2023-09-26,41.58436869762433,41.95544849721991,41.51942964422228,41.70497131347656,33460000
2023-09-27,42.224483517814,42.86460209641682,42.038941849539086,42.74399948120117,46289400
2023-09-28,42.55844860542111,43.04085542300216,42.46104004690651,42.790374755859375,48462800
2023-09-29,42.72544666220187,42.89243381640896,41.7699118100604,41.92761993408203,48369200
2023-10-02,41.87195793526118,41.9832850681704,40.80973896866339,41.09268569946289,50599800
2023-10-03,40.99527509829127,41.14370772929795,40.66130433271104,41.06485366821289,41466600
2023-10-04,40.45256507468346,40.52214363850205,39.385706738811855,39.77534103393555,59572400
2023-10-05,39.20480405894336,39.87739217546788,39.20480405894336,39.52950286865234,47037000
2023-10-06,39.52949799979319,40.12786795848408,39.084200166586335,39.76606369018555,51481000
2023-10-09,40.83292946716788,41.264312375179664,40.54070370583599,41.09268569946289,61489000
2023-10-10,41.12979608274954,41.41738587709099,40.89786985667484,41.14371109008789,41700600
2023-10-11,40.721601546737766,40.763346562958624,40.14642557680224,40.61491394042969,47145400
2023-10-12,41.04629928947544,41.08340833208421,40.47112328469181,40.66130447387695,39986400
2023-10-13,41.324607619079,41.755990482214976,41.148344985345496,41.55653381347656,48511800
2023-10-16,41.82557128121681,41.9600889058183,41.43593695250608,41.8348503112793,38365200
2023-10-17,41.74207872744712,42.40075186040424,41.68177918621656,42.27087020874024,40424000
2023-10-18,42.44249304406789,42.83212734710576,42.345084468308414,42.65586471557617,47616800
2023-10-19,42.507431701003206,42.93417504006862,42.10387885752514,42.58164978027344,63297000
2023-10-20,42.50743608908204,42.66514775435559,41.72352435570218,41.8673210144043,46549600
2023-10-23,41.62611283794855,41.63075235278319,40.99991281396225,41.19009399414063,51888200
2023-10-24,41.29214301811304,41.32461254764465,40.59636435193856,40.61028289794922,44271600
2023-10-25,40.63810842591812,40.84684058716225,40.33196414791962,40.53606033325195,41412600
2023-10-26,40.16498233599287,40.406187594121455,39.82173251056275,40.220645904541016,44770400
2023-10-27,40.17889381277061,40.33196240624692,39.12130742992022,39.25582504272461,53809400
2023-10-30,39.39498716143303,39.677937427851454,39.00534927861373,39.38571166992188,45530600
2023-10-31,39.43209708660535,39.59908424884387,39.03782321867511,39.51559066772461,37205600
2023-11-01,39.76607442605536,39.9794461408901,39.367161012564544,39.42282104492188,46082600
2023-11-02,39.520222022186445,40.652022980790136,39.2929353430762,40.61491394042969,45323000
2023-11-03,40.54070036761968,40.67057847307272,39.960884869052215,40.20672607421875,47235000
2023-11-06,40.52678384115308,40.52678384115308,39.63618457919845,39.75214767456055,41035400
2023-11-07,39.232627122642015,39.302205673188624,38.69919628700078,38.87082290649414,47550200
2023-11-08,38.72240289775627,38.97751961409866,38.369874055652105,38.3837890625,50742000
2023-11-09,38.66673945954536,38.75487255509167,38.2446320428901,38.267826080322266,38232200
2023-11-10,38.699205452935686,38.78269902558471,38.32348614547152,38.6899299621582,34565600
2023-11-13,38.75022764912021,39.04709288460485,38.62962504129434,38.968238830566406,28447400
2023-11-14,39.11667491226976,39.42745518023364,39.051735857438885,39.31613159179688,34724000
2023-11-15,39.2558278477515,39.73823477468539,39.18625281797839,39.24191284179688,33043600
2023-11-16,38.87083223872491,39.01926486403488,38.086920556259166,38.47655487060547,53166000
2023-11-17,38.80589348289528,39.54341710022118,38.71312087954698,39.28366088867188,48850800
2023-11-20,39.44600492116365,39.677931100000045,39.33004183174545,39.339317321777344,29093800
2023-11-21,39.1537892195969,39.32077285524923,38.8754749027114,39.251197814941406,26973800
2023-11-22,38.46727835646946,39.26510502337863,38.24926716970791,39.23263549804688,36547200
2023-11-24,39.21872255773758,39.68721094234698,39.1955285217453,39.39498519897461,19152600
2023-11-27,39.1908859936346,39.32540360643898,38.88938124348082,39.25582504272461,24501800
2023-11-28,39.334688590116215,39.62691435525799,39.19089192629538,39.26511001586914,28921800
2023-11-29,39.51095185816583,39.56197591081197,38.847642712679374,38.97288131713867,45268000
2023-11-30,39.30685003927109,39.79389645816022,38.76414359919201,39.23263549804688,58364600
2023-12-01,39.18625224977509,39.90522134533845,39.00998607313775,39.43672943115234,43048000
2023-12-04,39.14914097875363,39.50166977303709,38.96823883644392,39.25582504272461,37070200
2023-12-05,39.23263739095437,39.30685193575931,38.54613427221536,38.56932830810547,37747200
2023-12-06,38.31884348867689,38.58787870503235,37.845712102822446,37.99414825439453,62306600
2023-12-07,38.17042034430167,38.36059801758042,37.59988024663837,37.7343978881836,40908800
2023-12-08,37.984874092597366,38.2585488584845,37.90602003115533,38.14258575439453,34127200
2023-12-11,38.17505365277642,38.31420724839784,37.99878747717785,38.18896865844727,29344200
2023-12-12,37.83644065978926,37.87818921661249,37.45144231302318,37.66481399536133,45386600
2023-12-13,37.68800722081912,38.20288366411811,37.51174458413348,38.18896865844727,46445600
2023-12-14,38.57396177844499,39.36250933035961,38.57396177844499,39.311485290527344,60717400
2023-12-15,38.9589598580035,39.1769710397669,38.77805771545787,39.10275650024414,46366400
2023-12-18,39.79679346606838,39.99816593793744,39.384680366668704,39.42214584350586,42447200
2023-12-19,39.49707334681833,39.9372837687594,39.40809730518469,39.895137786865234,36862400
2023-12-20,40.03562689874533,40.26978076410477,39.478343128764855,39.52517318725586,39818200
2023-12-21,39.60477944610864,39.74058909894151,39.30974690072246,39.6797103881836,26062800
2023-12-22,39.965374735639166,40.14333393642051,39.7359049783676,39.79678726196289,25037800
2023-12-26,40.133968724069774,40.35407391617807,40.01221129376221,40.13865280151367,25983400
2023-12-27,40.13866047842422,40.2744701670384,39.81552695817306,39.9607048034668,20238200
2023-12-28,39.75464312917294,39.90918553840698,39.337849533048,39.351898193359375,26198000
2023-12-29,39.487705837095255,39.525171311271606,39.14583963781851,39.262916564941406,24345400
2024-01-02,39.53922058785736,40.0496742830846,39.48302237571588,39.68439483642578,39301800
2024-01-03,39.74527712889187,40.47583602226012,39.54390466816801,40.33066177368164,37936000
2024-01-04,40.621010230243016,40.79428537117317,39.60009926783375,39.62351608276367,42049000
2024-01-05,40.002850166502185,40.02158290666448,39.47366365531034,39.65630340576172,34029200
2024-01-08,38.98193604185721,39.24419081097668,38.44806549361716,39.197357177734375,47218600
2024-01-09,39.24886510373304,39.29101465239883,38.48552487962516,38.569820404052734,33750400
2024-01-10,38.64474614710296,38.6587983780026,38.03594833889503,38.19049072265625,33159800
2024-01-11,38.39655002531384,38.49489422048777,38.13429883818337,38.288841247558594,38588600
2024-01-12,38.87890751955252,39.033449933303984,38.48553072771739,38.71968460083008,38769200
2024-01-16,38.63538266693425,38.68689679632248,37.77369827153834,37.79711151123047,36031200
2024-01-17,37.40841789922226,37.857992863789335,37.32412237005941,37.48334884643555,39284200
2024-01-18,37.492717211440514,37.525498610927954,36.98694755833498,37.4224739074707,35705600
2024-01-19,37.40373743328414,37.548911677529375,37.27260827552562,37.544227600097656,39940200
2024-01-22,37.464617699739954,37.769018433131215,37.22109925676956,37.68472290039063,30136800
2024-01-23,37.62384188203833,38.06873637600732,37.56764724024757,37.76433563232422,24709200
2024-01-24,37.96102077203391,38.32161969951742,37.78306513343563,38.30288696289063,33841000
2024-01-25,38.57450475249763,39.17862208632643,38.34503141761187,39.16456985473633,37609400
2024-01-26,39.12242748358671,39.46897419708994,38.83675948763405,39.454925537109375,36469600
2024-01-29,39.39404309801314,39.45492180981251,38.9866141325447,39.39872360229492,29680600
2024-01-30,39.01003072603661,39.815516925164886,38.860172413070416,39.80615234375,35341200
2024-01-31,39.80615384136934,39.88108478712355,39.04281358924504,39.0615463256836,38580800
2024-02-01,39.29569979863464,39.4783395110459,38.69626295700596,39.056861877441406,51101400
2024-02-02,39.38467933817813,39.42214481403692,38.78524601605531,39.113059997558594,38075000
2024-02-05,38.87421932033811,39.24886329942365,38.593235442798,39.01470947265625,31593600
2024-02-06,39.20671802976001,39.52516738279925,38.9772482758197,39.14115524291992,28056200
2024-02-07,39.25355700512048,39.42214808758008,38.90232617881379,39.22077560424805,26920400
2024-02-08,39.197354346788536,39.76869033119706,39.18798976455916,39.62351608276367,36201000
2024-02-09,39.69843821806862,39.86702925917346,38.97256349883196,39.01470947265625,38073400
2024-02-12,39.15052430784854,39.55795330664809,39.15052430784854,39.445560455322266,25893800
2024-02-13,39.48302312250147,39.61883279140053,38.79461019559099,39.0474967956543,41156800
2024-02-14,39.33316638199377,39.45492739573512,38.8039799180058,39.01003646850586,40894600
2024-02-15,39.00066611015027,40.20890087781881,38.96788471286799,40.09650802612305,43364400
2024-02-16,40.26040956097624,40.39153513234998,39.95600887148501,40.07308578491211,26960800
2024-02-20,40.11523842462754,40.13865166537586,39.6562953165301,39.70780944824219,28995600
2024-02-21,39.8763990299313,40.48988093760741,39.84829814000519,40.452415466308594,28745800
2024-02-22,40.19484916850259,40.691254167660375,40.0028413040561,40.52266311645508,35206800
2024-02-23,40.12928436498934,40.38685143319604,39.87171372387875,40.2557258605957,28952400
2024-02-26,40.20889737577471,40.66315639348226,40.0075249320354,40.39622116088867,23376400
2024-02-27,40.43367935819174,40.60695446881834,40.01688585024207,40.22294235229492,26317400
2024-02-28,40.27446283616241,40.57886356055146,39.984110771330585,40.14333724975586,26679600
2024-02-29,40.22763400269052,40.47115244586075,40.11524114991228,40.34002685546875,27335400
2024-03-01,40.63037870359948,40.99565815277947,40.56013183116386,40.80833435058594,32459600
2024-03-04,40.78491989410452,40.892632247788825,40.33534488658329,40.37281036376953,33198000
2024-03-05,40.31193191833961,40.934782082422686,40.26041778008284,40.67252731323242,32174200
2024-03-06,41.01439038816756,41.22981150753629,40.70998965994277,40.79896926879883,28008800
2024-03-07,40.85515958939658,41.37498138204559,40.82237819584682,41.14551162719727,24569200
2024-03-08,41.08931891048111,41.300059531086106,40.98629063901704,41.29069137573242,28252000
2024-03-11,41.30005671851698,41.73089893993112,40.990971925173696,41.71685028076172,24983800
2024-03-12,41.71216579229283,41.82924271475608,41.43118189296184,41.65128707885742,23780600
2024-03-13,42.08681440643989,42.54575395293511,42.016567536656765,42.3162841796875,42725200
2024-03-14,42.48486914324789,42.77053708592175,42.32096218587037,42.75180435180664,35946000
2024-03-15,42.71902342501823,43.18733106427885,42.62067924952195,42.87824630737305,37753400
2024-03-18,43.05009531205568,43.17755864034556,42.69130417787285,43.0264892578125,30496800
2024-03-19,43.021769152855946,43.55051381505563,42.99344476798433,43.5174674987793,28545800
2024-03-20,43.26725901318815,43.61188436720993,43.20116638086128,43.45609664916992,32659400
2024-03-21,43.53163211776673,43.80544652604987,43.39472491362516,43.71574783325195,23334200
2024-03-22,43.73462375817315,43.84320655550563,43.512739834503456,43.62132263183594,17948800
2024-03-25,43.77239821940216,44.32002340931192,43.76295435649532,44.02732849121094,35074400
2024-03-26,44.0698096363454,44.168948573975726,43.60243932986589,43.68741607666016,35373800
2024-03-27,43.59299787293131,44.10285838182339,43.51746498371293,44.09341812133789,33960000
2024-03-28,44.35307057637407,44.65049103340971,44.14063048001585,44.57023620605469,34615200
2024-04-01,44.70241411522379,45.03287723332412,44.263368200160286,44.900691986083984,42899000
2024-04-02,45.09424830746954,45.57578439994775,44.89597043493281,45.5285758972168,38671200
2024-04-03,45.69853484477044,45.90153467235133,45.54746545692732,45.84016036987305,29148800
2024-04-04,45.91097136838583,46.07620293573135,45.63243866940024,45.81183242797852,36941200
2024-04-05,46.00066811472424,46.48692253608981,45.7221318256701,46.30280685424805,31194600
2024-04-08,46.326413722777374,46.45860258548129,45.929857940000325,46.01011276245117,34034600
2024-04-09,46.20838478000032,46.33112976459052,45.68908406304177,46.02426910400391,35322800
2024-04-10,45.89681254030474,46.33585850958199,45.69853464496103,46.1659049987793,39199600
2024-04-11,46.312252046509975,46.331136169963685,45.48136862343833,46.13285827636719,39204600
2024-04-12,46.42555234115832,46.72297277792244,45.16506683821747,45.38222885131836,46572400
2024-04-15,45.59939390422944,45.81655953358553,44.90069931146285,44.95735168457031,48690800
2024-04-16,44.87237048365139,45.08008862759215,44.24920884827295,44.56550979614258,36497600
2024-04-17,44.4710880000622,44.9148558625497,44.12174074756032,44.43804168701172,27421000
2024-04-18,44.58911258402543,44.71657951141481,44.14534830816041,44.3011360168457,25555600
2024-04-19,44.38611632595399,45.13674495359128,44.32002369229768,44.8346061706543,35451400
2024-04-22,44.5985554329023,45.434157130603445,44.244486245409306,45.12729644775391,30244400
2024-04-23,44.91957999481865,45.37751007080078,44.70241798387645,45.37751007080078,28657400
2024-04-24,45.09425223364261,45.46248723127167,44.87709022075051,45.41055679321289,21303800
2024-04-25,45.35862610165609,45.7551818790398,44.966788653685406,45.6182746887207,26500200
2024-04-26,45.20755635009817,45.377509853810345,44.73546408462615,45.19811248779297,32366600
2024-04-29,45.06592462495368,45.604109488342665,45.0376002432315,45.50497055053711,22236400
2024-04-30,45.32086067600909,45.40111550236271,44.131189668046346,44.15007019042969,35399000
2024-05-01,44.08869336932141,44.23032247998909,43.21060152744877,43.44664764404297,50943800
2024-05-02,43.739351446170254,43.99428171531771,43.48914310842692,43.69686126708984,34616800
2024-05-03,43.73462254391508,43.78183104509672,43.125623153871935,43.70157623291016,38087800
2024-05-06,43.83849328324623,44.489979390582285,43.83849328324623,44.04621505737305,33445600
2024-05-07,44.10758020380811,44.32946414333864,43.98955713825172,44.003719329833984,20942200
2024-05-08,43.74878623760224,44.16422970654483,43.68269361332099,43.951786041259766,19811800
2024-05-09,43.99899762475865,44.54190444946289,43.99899762475865,44.54190444946289,22489400
2024-05-10,44.636328080836,44.78267554020175,44.17839797688439,44.29642105102539,20568400
2024-05-13,44.40027825491811,44.565509824673846,43.98955669428693,44.17839431762695,20978000
2024-05-14,44.09341325500334,44.268085068043526,43.91401590957473,44.23503875732422,24911600
2024-05-15,44.140623197453046,44.414437553371954,43.48913722123227,44.33418273925781,38792200
2024-05-16,44.23503967532956,44.556062529741205,44.09341417006954,44.2114372253418,24580200
2024-05-17,44.2916948822883,44.900694318807815,44.27753269103078,44.82987976074219,29001600
2024-05-20,44.84876447312535,44.94790341501047,44.42860265199305,44.53718185424805,20134600
2024-05-21,44.42388346237631,44.78739654016604,44.28697626700677,44.32002258300781,22467600
2024-05-22,44.140626960065816,44.1595110829573,43.29558137000733,43.47025680541992,34868000
2024-05-23,43.68742137486844,43.83849076507058,42.99816705695999,43.07369995117188,26931400
2024-05-24,43.40888541128799,43.52219015622129,43.01232960935664,43.13507461547852,19041400
2024-05-28,43.28613964323319,43.69213926720237,43.1775568407297,43.578834533691406,28904200
2024-05-29,43.45608999073829,43.49385463072561,42.61576281946497,42.80932235717773,30053600
2024-05-30,42.71490967633645,43.08785939572314,42.70074388290795,42.932071685791016,22731400
2024-05-31,43.007599990520674,44.032039230842656,42.96511342009871,43.99899291992188,32503000
2024-06-03,43.85265463349377,43.86681682658857,42.5307947173751,42.84709930419922,40796600
2024-06-04,42.40332453712645,42.47413909295498,41.87457993562177,42.436370849609375,34721400
2024-06-05,42.488308258106805,42.55440089392158,42.17200727216775,42.43165588378906,21040200
2024-06-06,42.28530255796745,42.667696126718695,42.12479292231612,42.65353393554688,25506600
2024-06-07,42.57327640234261,42.97927599833706,42.275859601369945,42.48357772827149,20089800
2024-06-10,42.64409394001269,43.05953382466912,42.48358070158717,42.80460357666016,22543800
2024-06-11,42.61577031284079,42.76683970468678,42.22393644140732,42.71963119506836,18591200
2024-06-12,43.07369898123239,43.08786117346707,42.04925958943697,42.26169967651367,32560600
2024-06-13,42.14840242709936,42.26642550898608,41.662147906010674,41.87458801269531,28495600
2024-06-14,41.827370217527005,41.87457871944896,41.38832430627496,41.5629997253418,25811400
2024-06-17,41.50635350095353,41.86042272040344,41.35528411139271,41.67158508300781,29547800
2024-06-18,41.94068091088235,42.37500859227461,41.74240299650813,41.84626388549805,29285800
2024-06-20,41.96900431564563,42.83293405048164,41.836819053834745,42.61576843261719,34073800
2024-06-21,42.72906850606999,42.84709156290784,42.308906711869504,42.37027740478516,39972600
2024-06-24,42.60584455967807,43.60519907530277,42.53446131626861,43.43864059448242,31188200
2024-06-25,43.40056378504803,43.543330254556935,43.162622089667934,43.538570404052734,27666600
2024-06-26,43.586162523212096,43.586162523212096,42.90565268954351,43.11027908325195,23127400
2024-06-27,43.33870727573582,43.38629489638452,42.96751875169216,43.21022033691406,15631600
2024-06-28,43.54333613203347,43.69561869240373,43.219735237408834,43.37677764892578,25670000
2024-07-01,43.72416312614766,43.86692959072668,43.143588459257934,43.40056228637695,24563200
2024-07-02,43.819347606639816,43.82886367783952,43.09124653132975,43.36725616455078,25226800
2024-07-03,43.40532700646384,43.7574797263784,43.32918754599424,43.55760955810547,16280000
2024-07-05,43.47194852788511,43.505260221165855,42.68674017975077,42.87709426879883,23450400
2024-07-08,42.56777282550799,43.01034457586011,42.44880196391551,42.61536407470703,19595000
2024-07-09,42.19182278788324,42.70577408594596,42.068092090802345,42.23941040039063,19086600
2024-07-10,42.19182735113787,42.53922022764594,42.06333678969872,42.52494430541992,19320800
2024-07-11,42.41548753315161,43.05793304889126,42.26796483611331,42.96751403808594,22684800
2024-07-12,43.21021956514874,43.27208310781685,42.75812810030396,43.07696914672852,18117200
2024-07-15,43.381538529803215,44.12391557539194,43.21497641203928,43.72893142700195,30792000
2024-07-16,43.54333733594116,43.966873332140544,43.31967152499711,43.92404556274414,24129400
2024-07-17,44.02397774882607,44.647383889122345,44.014458046898,44.361854553222656,29435400
2024-07-18,44.31426591069769,44.97574358200123,44.157223508839394,44.442752838134766,32867600
2024-07-19,44.37137177632407,44.67593689328388,43.84314085738071,43.95735549926758,26500200
2024-07-22,43.72416321025363,43.9335530571851,43.43387406089938,43.68133544921875,21527600
2024-07-23,43.55760801823352,43.59567956247361,42.93420191178686,42.986549377441406,33103800
2024-07-24,43.10076108874756,43.37677434297696,42.69626090897129,42.99130630493164,29328600
2024-07-25,43.01986320277807,43.87169498617455,42.81523318072525,43.73368835449219,36437400
2024-07-26,43.61947503149846,44.05728689660886,43.46243263508855,43.8716926574707,23730800
2024-07-29,43.876451181491966,43.90976287665828,43.08648656867566,43.49574661254883,27156600
2024-07-30,43.49098393308689,44.30950396759914,43.43863646827258,44.1714973449707,25673200
2024-07-31,44.77111755003069,44.79966939629169,44.32378592819367,44.35709762573242,36173800
2024-08-01,44.25716113367391,44.48082693751995,42.95799770933756,43.1816635131836,42558400
2024-08-02,42.68674631553846,42.919931832723975,41.64456397269367,42.06809997558594,45836200
2024-08-05,41.16392090087047,41.48752181156207,40.673761498801454,41.1401252746582,50039200
2024-08-06,41.292406705689146,41.85870919148319,41.130608070149535,41.3923454284668,31418600
2024-08-07,41.89677955576258,42.32507538876441,41.53510711559407,41.55890274047852,26126000
2024-08-08,41.67787120039552,42.51066719349665,41.67787120039552,42.45355987548828,21596800
2024-08-09,42.39169417876596,42.72957095736383,42.12044078576755,42.548736572265625,22345600
2024-08-12,42.796196850807085,43.03413856494908,41.6397999748489,42.75812530517578,28785800
2024-08-13,42.43452396304708,42.47259550826059,42.13471871357104,42.34410858154297,31386400
2024-08-14,42.425005715082506,42.78191826406408,42.258447251698215,42.5915641784668,21657600
2024-08-15,42.83426785890424,43.238768041729,42.7961963137507,43.10076141357422,18335200
2024-08-16,42.83427092563095,43.1578718211995,42.80095922891224,43.05317687988281,17753000
2024-08-19,43.12455795446848,43.70989254317227,43.12455795446848,43.34346389770508,21762600
2024-08-20,43.24828565040772,43.28635719691493,42.18230776312335,42.20134353637695,33866400
2024-08-21,42.46783829391146,42.68198802600547,42.15375710315724,42.272727966308594,22737800
2024-08-22,42.30127613700992,42.57252953620364,42.21561697775388,42.38217544555664,19595400
2024-08-23,42.58205035878539,43.086485626184505,42.52970289171163,43.01510238647461,20734600
2024-08-26,43.4909812893238,43.78127043811967,43.081721296946085,43.40056228637695,19514800
2024-08-27,43.40057108586693,43.51954195357018,42.91993139445175,42.996070861816406,16627200
2024-08-28,42.73433417939317,42.98655182058957,42.5297041558504,42.72005462646485,17049000
2024-08-29,42.97227131790149,43.43863500418016,42.56776753420605,43.27683639526367,22498800
2024-08-30,42.83902643282656,43.4529165170238,42.73909134433436,43.43864059448242,28085000
2024-09-03,42.72957550430472,42.7961988969937,42.09188979194967,42.3583869934082,38194200
2024-09-04,42.40121053369181,42.672463928509785,41.69214527893995,41.77304458618164,30114000
2024-09-05,42.07285741815283,42.1061691143146,41.41137608459317,41.44944763183594,24991200
2024-09-06,41.539866776696506,41.79208442422649,40.76417806042661,40.93073654174805,35912000
2024-09-09,41.054462160752095,41.60648868567987,40.992598621525,41.22578048706055,32824400
2024-09-10,41.28764848730992,41.33999595644038,40.169323123591326,40.51671600341797,49326800
2024-09-11,40.51195078414761,40.53098655500921,39.5078365630861,40.14076232910156,48125800
2024-09-12,40.29780757863023,40.65947998929142,39.99800233534008,40.502437591552734,31762000
2024-09-13,40.70707348283915,41.03543424721885,40.61189460802476,40.730865478515625,26195400
2024-09-16,41.07349677236928,41.45420496022379,40.887902529233344,41.197227478027344,26875000
2024-09-17,41.21150621670432,41.782568537520966,41.12109082970287,41.75401306152344,25034600
2024-09-18,41.692148676142,42.34886651955417,41.63504135600517,41.83491516113281,28209600
2024-09-19,42.54398078988747,42.81047435776845,42.10140903996938,42.334590911865234,37806800
2024-09-20,42.15850746535575,42.33934547586677,41.77304308413319,42.23941040039063,27961600
2024-09-23,42.31953996392745,42.9720864738158,42.17559814187559,42.76097106933594,26630200
2024-09-24,43.25038220842105,43.25038220842105,42.59303649267364,42.65541458129883,34627400
2024-09-25,42.54505316312364,42.67460483069257,41.73417100898796,41.82053756713867,27633600
2024-09-26,40.99046256230544,41.54224875362865,40.86571004219304,41.00005722045898,46896400
2024-09-27,41.22077362843882,41.897308662823534,41.19678149260623,41.83493423461914,30489600
2024-09-30,41.758162305246735,42.204388942408286,41.51825558979829,42.12762069702149,22806600
2024-10-01,41.74856238375817,43.259975232664765,41.695782620159,43.08724212646485,66114200
2024-10-02,43.691802230893664,43.80216091146708,43.04405494421761,43.52866744995117,41925200
2024-10-03,43.68221467602015,44.35395420353775,43.35114224116316,44.2963752746582,44726000
2024-10-04,44.67062512875916,44.84815739793284,44.26278448622644,44.70901107788086,35945600
2024-10-07,44.86735534667969,45.20322328701637,44.71861069251402,44.86735534667969,32519400
2024-10-08,44.28678163441652,44.33476224590894,43.48549041368045,43.69660949707031,39759800
2024-10-09,43.3703343275328,44.07566063391927,43.28396776632862,43.96050643920898,31519600
2024-10-10,44.205208208044624,44.502693840512734,43.88373410145403,44.25798797607422,26047400
2024-10-11,44.24359537435758,44.68982200496987,44.1572288116363,44.5314826965332,26414600
2024-10-14,44.21960433613926,44.584259881435656,44.15242709286287,44.51228713989258,22198600
2024-10-15,43.32714935386028,43.61503664756759,43.05365587573549,43.07764434814453,37839200
2024-10-16,43.32235583282284,43.42791537507905,43.16881567881908,43.28396987915039,19877000
2024-10-17,43.27916870607226,43.63423326999287,43.23118809655716,43.49028778076172,21433400
2024-10-18,43.40871826339083,43.5334707706001,43.03925990068645,43.34634017944336,24015200
2024-10-21,43.63423203874531,43.77337836489284,43.14002481938196,43.216793060302734,21162000
2024-10-22,43.3751334014619,43.5190752293955,43.15921516853274,43.31755447387695,17956400
2024-10-23,43.1976005511304,43.36553451185,42.84253965408242,43.092041015625,19813200
2024-10-24,43.18320333627124,43.31275133557843,42.79935117567463,43.08724212646485,17046600
2024-10-25,43.31755514384508,43.43270934011015,42.948100419680266,43.07284927368164,19104600
2024-10-28,42.15640634327285,42.82814584698507,42.11802039204682,42.799354553222656,24228000
2024-10-29,42.703393942899744,42.736980735528526,42.055646564667086,42.14680862426758,23791600
2024-10-30,42.29555473371733,42.5738474026497,42.13241626339333,42.242774963378906,19364200
2024-10-31,42.511467249896086,42.82814585655283,42.396313056878085,42.50666809082031,31623200
2024-11-01,43.08244485338325,43.23598499220488,42.15160570264147,42.23797225952149,26304600
2024-11-04,42.52586097494589,43.04406033344071,42.46828570890366,42.97688674926758,25811800
2024-11-05,43.18800608042846,43.37513301756604,42.99607998419648,43.264774322509766,20876600
2024-11-06,44.4547063015952,45.23200156288533,44.16681903220311,44.891334533691406,50053200
2024-11-07,44.86255655177244,44.86255655177244,44.3443571590269,44.68502426147461,26138000
2024-11-08,44.68981554454752,45.04967556041665,44.512283285538665,44.98250198364258,22336800
2024-11-11,44.99210290698744,45.39034892525218,44.78098749087063,45.23680877685547,20909400
2024-11-12,45.366360853506265,45.51030268477075,44.948921855398815,44.99690246582031,18500400
2024-11-13,45.1312459338547,45.53429108181299,44.58905812530391,45.347164154052734,23676200
2024-11-14,45.64944546506278,45.66863843987498,45.23200649944017,45.5198974609375,18011000
2024-11-15,45.47671293009283,45.91334487607383,45.28958599915403,45.45272445678711,28080400
2024-11-18,45.81258312079723,46.14845102243279,45.61105871913032,46.05728530883789,23892600
2024-11-19,45.68783441752406,46.03809616398215,45.54868808650445,45.76460266113281,23796400
2024-11-20,45.93253692971554,46.25881017775092,45.78859145002602,46.2252197265625,17917600
2024-11-21,46.43634121241251,46.949741414445405,46.32118701905829,46.59947967529297,33541000
2024-11-22,46.53710439148605,46.98333103587538,46.49392293913515,46.67145156860352,21555600
2024-11-25,46.66185216657605,46.89695970262903,45.63985096396215,45.75020599365234,32950600
2024-11-26,45.81258438586548,45.90854560021535,45.47671281426959,45.68783187866211,24932800
2024-11-27,45.64464611462377,46.02849828788547,45.582271692260136,45.63985061645508,15595600
2024-11-29,45.74061714325523,45.91335027839784,45.65904973518403,45.83657836914063,13636400
2024-12-02,45.82218180754182,45.89895371220201,44.94412236659184,45.35196304321289,22190000
2024-12-03,45.64464611065333,45.72621716842715,45.15043890858468,45.347164154052734,17886600
2024-12-04,45.32797392683763,45.32797392683763,43.989294058935165,44.25319290161133,32518000
2024-12-05,44.41632773618849,44.71860887017315,44.23879545456749,44.42592239379883,22662400
2024-12-06,44.33475602864453,44.339555187326575,43.59104384240512,43.672611236572266,26206600
2024-12-09,44.0372714301976,44.27237896140301,43.56225720899488,43.60064315795898,23627800
2024-12-10,43.85014863292638,43.91252306035082,43.2407871936693,43.30316162109375,23299800
2024-12-11,43.39432649031592,43.538268318624326,43.16401444006228,43.3751335144043,23147600
2024-12-12,43.29836151138733,43.37513341485764,42.98168656128694,43.02486801147461,21746200
2024-12-13,43.13042643246402,43.14482024882082,42.68899898098863,42.80895233154297,22346000
2024-12-16,42.68899931426058,42.68899931426058,41.834932037355706,41.8685188293457,25036200
2024-12-17,41.55183765154823,41.633405046947054,41.167989146955534,41.556636810302734,32011600
2024-12-18,41.44148654123976,41.63820814053815,40.32831954956055,40.32831954956055,39241200
2024-12-19,40.75535310562942,40.8849011184529,39.9492664128225,39.97805404663086,49981400
2024-12-20,39.97325211795227,40.51064442948649,39.86769258705398,40.37149810791016,35704800
2024-12-23,40.30860401172277,40.74405961344793,40.03765550015894,40.608585357666016,34445400
2024-12-24,40.72470170063158,41.029522438193936,40.4585926356474,40.95210647583008,15024200
2024-12-26,40.96662272626969,40.99081613834981,40.666645088296086,40.91823959350586,15386400
2024-12-27,40.88436960231148,41.358533146173954,40.71018737733313,40.91339874267578,20369800
2024-12-30,40.91824067148933,41.14080604118352,40.56987620017788,40.90856552124024,23545400
2024-12-31,41.00533031108618,41.56174556096132,40.92307861704628,41.44562530517578,21165000
2025-01-02,41.78431315153647,42.23912274043565,41.64883889732732,41.929466247558594,34887000
2025-01-03,42.176216093187584,42.46168282879344,42.006873296504175,42.32136917114258,22120800
2025-01-06,42.51491059588767,42.85359623082204,42.02139302338723,42.127838134765625,22835200
2025-01-07,42.437490198574814,42.872945749046366,42.18105628868495,42.54877471923828,25035800
2025-01-08,42.28750244130782,42.61167347918312,42.13750993655951,42.59231948852539,28483800
2025-01-10,43.14389212723475,43.6422453529573,42.53909380642661,42.76649856567383,34075800
2025-01-13,42.96003505590319,43.92287295552259,42.96003505590319,43.66643905639648,48896200
2025-01-14,43.5890250036075,44.17447305610239,43.52612730397409,44.1357650756836,31173000
2025-01-15,44.40671126312502,44.90506448824976,44.22285390272245,44.788944244384766,34657800
2025-01-16,44.63896115625701,45.15666843686099,44.58573860196531,45.11312103271485,25230600
2025-01-17,45.11311855327197,45.62115065580866,44.95345459056856,45.46148300170898,23899600
2025-01-21,45.345364488979456,45.480838737147536,44.99216060648719,45.22924423217773,49302000
2025-01-22,45.08892973343744,45.14215228586623,44.37768625224937,44.406715393066406,35880200
2025-01-23,44.74540989861594,44.90991330422491,44.29543970667814,44.60993194580078,29359200
2025-01-24,44.67282737865949,44.85668475296527,44.12608729346709,44.1793098449707,29156800
2025-01-27,44.0293220021571,44.10673796655862,43.414848473154585,43.71966552734375,31993400
2025-01-28,43.85029854764609,44.00512677867827,43.08583623333509,43.30356216430664,37401800
2025-01-29,43.19712202012992,43.62290247287312,43.13422431297314,43.400333404541016,20681800
2025-01-30,43.6664418120759,43.85029918553988,43.35194592501161,43.62289810180664,39092600
2025-01-31,43.50194145926015,43.59870772752946,42.30201979917952,42.40362548828125,44537400
2025-02-03,42.39878278017373,42.84391717733121,42.01171404571031,42.669734954833984,39816400
2025-02-04,42.47136187822963,43.65676894666388,42.398785332587295,43.56483840942383,40279800
2025-02-05,43.55031988570319,43.71966268256716,43.30840054978433,43.65676498413086,21772000
2025-02-06,43.85514174692482,43.961586857068255,42.62135152138449,42.85359573364258,41309600
2025-02-07,43.01326196337951,43.2406667472065,42.79069660023295,42.8487548828125,22568400
2025-02-10,43.23098926562096,43.86482050442318,43.23098926562096,43.79224395751953,25871400
2025-02-11,44.00029356416922,44.44058487169894,43.71966622582485,44.14544296264648,26226800
2025-02-12,43.78256209206502,44.08254340923054,43.003581504651365,43.080997467041016,38798800
2025-02-13,43.01326226492872,43.50194039797884,42.73263492583883,43.40517044067383,31550400
2025-02-14,43.569678182340695,44.18899115288773,43.569678182340695,43.57935333251953,25885800
2025-02-18,43.78740417088038,44.46477911732799,43.53580966063232,44.17447662353516,29574800
2025-02-19,44.358327593951806,44.93893249758055,44.33413418488563,44.522830963134766,24531200
2025-02-20,44.4309070026456,45.00667252341077,44.24221021219537,44.92926025390625,28332200
2025-02-21,44.65831322487794,44.77927289916917,43.97125946944261,43.995452880859375,31276600
2025-02-24,44.07286789432708,44.24221440198563,43.772890245919086,44.005130767822266,26295200
2025-02-25,43.99545209481114,44.19866345805459,43.01809956821439,43.37129974365234,26608600
2025-02-26,43.42451971962723,43.54063996439523,42.92616649062702,43.12453842163086,24305600
2025-02-27,43.42452194108619,43.88900663531578,43.05196777817366,43.35678482055664,30048000
2025-02-28,43.21647063528435,44.063188323037885,42.94552215645,44.0293197631836,26627200
2025-03-03,44.19866110092613,44.4502592727208,42.098803076604106,42.4907112121582,49501800
2025-03-04,41.866558509067744,42.76165928857923,41.334336723255184,42.07944869995117,50677000
2025-03-05,41.46981668524632,41.68270690553665,40.65696747942455,41.4649772644043,56510800
2025-03-06,41.26660727548278,41.84721229674352,40.94243620013548,41.59077835083008,47104200
2025-03-07,41.77946676829279,42.60683041839115,41.77946676829279,42.3020133972168,44849200
2025-03-10,42.534260607996025,43.20195666498638,42.21976472418747,42.616512298583984,40045400
2025-03-11,42.790695935518414,42.97455331315828,42.05042331295735,42.27782440185547,30230200
2025-03-12,42.30685967153415,42.86327125711579,42.14719200492886,42.47136306762695,32240400
2025-03-13,42.321370638835255,42.93100841943372,41.92462306224812,42.18105697631836,30742000
2025-03-14,42.41330270719355,43.48742153291407,42.2197664866632,43.42936325073242,32023200
2025-03-17,43.39549213682945,44.32446151106517,43.39549213682945,44.12125015258789,29761600
2025-03-18,44.36800699412452,44.46961636882201,43.84546400734648,44.193824768066406,30806600
2025-03-19,44.25188501354771,45.11311726911497,44.24220986420932,44.91474533081055,31742600
2025-03-20,44.6679919630407,45.229246668710985,44.479295151299006,45.07925415039063,33163600
2025-03-21,44.92925849911696,45.03570359549994,44.48412781551184,44.76475143432617,36975600
2025-03-24,44.96760116170309,45.54298375107049,44.89445858200146,45.27479553222656,23824600
2025-03-25,45.47472222505857,45.85505920781563,45.32355988869597,45.4600944519043,22292000
2025-03-26,45.88431489487122,46.23539633239664,45.61613037245176,45.72827911376953,25564600
2025-03-27,45.591744082660014,45.76240762128515,45.10413184648183,45.284549713134766,19147800
2025-03-28,45.260172002458106,45.43083555763372,44.84570230554974,45.07000350952149,22248800
2025-03-31,44.97248367780113,45.83555580447131,44.90909169842872,45.56736755371094,28813800
2025-04-01,45.59174988117624,45.87943935142137,45.09926041834765,45.83555603027344,27121200
2025-04-02,45.44546526302625,45.93795473191683,45.33819368105983,45.89894485473633,33960600
2025-04-03,43.71444385715406,44.05089381764521,42.28086249098253,42.29549026489258,75657800
2025-04-04,40.78877035744616,41.247123397792194,38.40434646606445,38.40434646606445,100752000
2025-04-07,37.16093299659222,39.77941239108822,36.56117194992812,38.15566253662109,113906800
2025-04-08,39.33080708702058,39.535603345509344,36.67819517452721,37.2730827331543,90538400
2025-04-09,36.54653926100669,40.57421777547295,36.32223805640069,40.15974807739258,118962400
2025-04-10,39.11625484216508,39.11625484216508,36.80497384529224,37.53639221191406,79046600
2025-04-11,37.71193097331974,38.755424648079966,36.97076196378728,38.46773147583008,41916800
2025-04-14,39.37956876517844,39.37956876517844,38.21904915813241,38.60426330566406,32748200
2025-04-15,38.570128044577096,39.26253654338642,38.52624472797854,38.54574966430664,22167000
2025-04-16,38.7846777632264,39.5209732824794,38.68715308375037,38.86269378662109,27331400
2025-04-17,39.17964733586407,40.35479475780208,39.16014239755373,39.74040222167969,47908800
2025-04-21,39.11137855000999,39.20890323317881,38.2726848756895,38.701786041259766,31012000
2025-04-22,39.20402864068099,39.97933039175344,39.033365084173205,39.68676376342773,22097400
2025-04-23,40.032967618297725,40.46206880748571,39.36981461699492,39.61362075805664,43216200
2025-04-24,39.98420556365318,40.36454253354104,39.638001303365854,40.24751663208008,21219000
2025-04-25,39.88668418026646,40.208506335951085,39.73064840656167,40.17437362670898,17664800
2025-04-28,40.13049213252623,40.569340208382,40.07685448411071,40.45719146728516,16436800
2025-04-29,40.00371053239299,40.48644563146621,39.92569078456611,40.34016418457031,19843400
2025-04-30,39.691640339779845,39.750151432466026,38.770053428107865,39.25278854370117,37814200
2025-05-01,38.93095971249704,39.9159385270931,38.93095971249704,39.399070739746094,36314400
2025-05-02,39.87693209793422,40.17437588959206,39.165018607794856,39.974456787109375,32038800
2025-05-05,39.47221258164728,39.52585023006725,39.03336450575507,39.25278854370117,29530200
2025-05-06,39.428329018600685,39.60386973594792,39.043114873321294,39.26253890991211,22995400
2025-05-07,39.35030713536683,39.47708736217505,38.97972450344472,39.27716827392578,22446200
2025-05-08,39.63800109072804,40.33528677184398,39.57461283614889,39.794036865234375,30565800
2025-05-09,40.27677136401452,40.39379726311216,39.86717885707967,40.193878173828125,19993200
2025-05-12,41.68109648654462,41.87126496515069,40.93992378822528,41.24224472045898,32610000
2025-05-13,41.44704233082148,42.15407862368449,41.28125594718764,41.82250213623047,29031600
2025-05-14,41.5445609238631,41.72985595403733,41.40803009332595,41.56894302368164,21332600
2025-05-15,41.042324885864126,41.768869864627405,40.9399267530596,41.74448776245117,29721600
2025-05-16,41.83713088833069,41.86150926775764,41.2568711432522,41.681095123291016,21725800
2025-05-19,41.33488872527691,41.37877576219907,40.83752586800524,41.13984680175781,24787000
2025-05-20,41.11058764110666,41.20323515914303,40.72050007289516,40.75950622558594,22782200
2025-05-21,40.51570421641672,40.59372397009687,40.00371353359053,40.00859069824219,25698400
2025-05-22,39.79891286191134,40.081725137279136,39.36006109642862,39.8525505065918,23732200
2025-05-23,39.501470224024665,40.08172628369463,39.48684245145456,39.97932815551758,23511000
2025-05-27,40.25726558945794,40.38892297836513,39.95982182362902,40.325531005859375,19028000
2025-05-28,40.52057769487372,40.64248075876936,39.71114328510353,39.81354141235352,29552600
2025-05-29,39.8769330773608,40.11098861694336,39.62337631965074,40.11098861694336,23792800
2025-05-30,39.80378825395039,39.9647011958673,39.438079051513625,39.755027770996094,31038600
2025-06-02,40.50107273643509,40.55471038213521,39.81354139093049,40.27677154541016,32031000
2025-06-03,40.30603245680417,41.0081916034191,39.92569175716248,40.75463485717773,30352600
2025-06-04,40.735132932562415,41.05208167894583,39.91106693600288,39.9598274230957,44939200
2025-06-05,40.257264422331225,40.27676935790704,39.81841639252669,39.92081451416016,27655000
2025-06-06,40.28165017903505,40.79364455387261,40.28165017903505,40.6717414855957,28556800
2025-06-09,40.8326490495911,41.17397985901203,40.51082689691073,40.749755859375,28680400
2025-06-10,41.18373266235238,41.74448752757237,41.16422772475843,41.47629928588867,46092200
2025-06-11,41.7591163300884,42.1443304866449,41.349523791078376,42.07606506347656,48996600
2025-06-12,41.88102013769143,42.23697875347416,41.57382572804438,42.22234725952149,34028200
2025-06-13,43.01227870057146,43.18781941869333,42.39788618714494,42.958641052246094,84194800
2025-06-16,42.84161391723121,43.27558853563563,42.51003742809438,42.83185958862305,69406600
2025-06-17,43.18782148488799,43.55353071177375,42.91963323043045,43.23170852661133,67884200
2025-06-18,43.38773863014174,43.607162649450586,42.851362191500286,42.94888687133789,70473000
2025-06-20,43.11955285434859,43.50964415543267,42.99277262346831,43.38774108886719,56744800
2025-06-23,43.93241055832595,43.96190409413921,42.10865316836324,42.29053497314453,105688200
2025-06-24,41.6760634960043,42.177476133859386,41.58266229375781,41.73997116088867,65358800
2025-06-25,41.69081106639535,41.8432030967464,41.42044488432715,41.55808639526367,43723000
2025-06-26,41.65148421015818,42.23646058403933,41.548249334906046,42.15289306640625,33565600
2025-06-27,42.128314983193455,42.128314983193455,41.68098008395396,41.93168640136719,35411800
2025-06-30,41.76946177058175,41.95134357216633,41.56791261153451,41.6908073425293,26247600
2025-07-01,41.75471462692313,42.20696633280343,41.371283669744194,42.01033401489258,40772800
2025-07-02,42.36427174031362,42.801776681811226,41.89727326357558,42.73295593261719,42468800
2025-07-03,42.67396416084409,42.91975361690324,42.575649878600224,42.78211212158203,22266200
2025-07-07,42.52157848795832,42.747704351250725,41.93168525766941,42.36919021606445,35673000
2025-07-08,42.32002734939768,43.66695628819202,42.31019742121247,43.50965118408203,47472400
2025-07-09,43.401505511913925,43.57355739260494,43.1606328789465,43.2884407043457,28672400
2025-07-10,43.19012663172985,43.6423783633674,42.8804332449356,43.617801666259766,28823800
2025-07-11,43.54406027482619,43.96681843286911,43.41133187031652,43.81442642211914,30171600
2025-07-14,43.73086129761657,43.73086129761657,43.10164086534793,43.33268356323242,33441600
2025-07-15,43.2491138206543,43.43591245486139,42.65430004371582,42.7083740234375,33859000
2025-07-16,42.64938828296751,42.89517774373768,42.18730289657572,42.339691162109375,35501600
2025-07-17,42.123399016355215,42.66413508033734,42.02016789281359,42.6002311706543,36085600
2025-07-18,42.93941697293344,43.1360492867235,42.08898756018192,42.25612258911133,60975600
2025-07-21,42.28561725046806,42.35935483891068,41.73505125772222,41.81861877441406,30434400
2025-07-22,41.76946169810487,42.24629385360921,41.73013448414689,42.01525115966797,32444000
2025-07-23,42.18730336648176,42.69854590063218,42.07915540246634,42.67396545410156,28046000
2025-07-24,42.56090695855227,43.03282230679013,42.36919146553221,42.9787483215332,24022200
2025-07-25,43.02298292519846,43.09672050899844,42.59531168996734,42.81652069091797,20143200
2025-07-28,43.10164290275978,43.37692591727752,43.03773898880381,43.30318832397461,23705200
2025-07-29,43.37201083823638,43.74069503738666,43.22945249784432,43.72594451904297,24552000
2025-07-30,43.45558005372149,43.48015675102156,42.83127268519348,43.10164260864258,26552400
2025-07-31,42.64939261705981,43.36709746538898,42.64939261705981,42.870601654052734,24960800
2025-08-01,42.708375078243805,42.86076709324567,41.84319888222775,42.07423782348633,42329400
2025-08-04,42.00050619815661,42.31511642245031,41.76454665471147,41.98084259033203,26509600
2025-08-05,41.97100826201846,42.0939029961839,41.4646825573288,42.034915924072266,31413600
2025-08-06,42.30036918710093,42.54615865651942,41.5236735636306,41.64656829833984,38249400
2025-08-07,41.89235973562784,42.359358249280085,41.430274311271006,41.48434829711914,35042000
2025-08-08,41.680980880697504,42.13323262826252,41.46960177578888,41.74980163574219,40736200
2025-08-11,41.83336870929431,42.015254274497046,41.341789749724576,41.41552734375,28828800
2025-08-12,41.49909522214835,41.98084425685009,41.3762004812035,41.6170768737793,34522600
2025-08-13,41.64656801215172,42.1037365721465,41.49909283133419,42.098819732666016,25601200
2025-08-14,42.06932769786657,42.12340168273257,41.61215912155837,42.05949401855469,24944600
2025-08-15,42.07915762672867,42.53632620303687,41.92676935144253,42.05949401855469,27297800
2025-08-18,41.83828565176048,42.00542069820872,41.567915723153234,41.80879211425781,26428400
2025-08-19,41.69080750893356,42.06932538216008,41.58265954515455,41.82353591918945,25693800
2025-08-20,41.89235798424348,42.344609710202654,41.85303076882538,42.17255783081055,27967200
2025-08-21,42.0988181012022,42.55598664348024,41.98575705067992,42.46258544921875,22088000
2025-08-22,42.60514479414883,43.43099754329398,42.53632404425753,43.32776641845703,30936400
2025-08-25,43.21961746786825,43.494904211600506,43.07705913193267,43.44083023071289,23412800
2025-08-26,43.268778210518725,43.41133655831876,42.96891849670809,43.372013092041016,22855600
2025-08-27,43.30810333940915,44.01597820458003,43.25894619609442,43.858673095703125,26877400
2025-08-28,43.87341653998393,44.25684747942113,43.58338679108376,44.19294357299805,24086200
2025-08-29,44.21261359634444,44.54688744471041,44.15362277000343,44.43382263183594,23745000
2025-09-02,44.31584462293665,44.57638087536172,43.98157077537528,44.49772644042969,25964400
2025-09-03,44.14379169104928,44.51247590756545,43.35234927289192,43.49982070922852,36018200
2025-09-04,43.50473546179847,43.97173394680177,43.31793681788707,43.789852142333984,25895400
2025-09-05,43.43099803161734,43.57355637240922,42.72804000658135,42.9443359375,48182200
2025-09-08,43.08689619762799,43.27369485054722,42.46750566360132,42.84602355957031,34931800
2025-09-09,43.07706311752359,43.66204328282269,43.02790597138203,43.05248641967773,41193400
2025-09-10,43.15079886988591,43.82918020920927,43.05248458179976,43.80459976196289,29932800
2025-09-11,43.45557592196954,43.90782761414822,43.32284751745987,43.81442642211914,25176800
2025-09-12,43.996315846261325,44.192948175552445,43.54406411420658,43.55389404296875,22297800
2025-09-15,43.637460611517504,43.75052541728813,43.33268407069609,43.40642166137695,23287800
2025-09-16,43.59813389306007,44.27159458657442,43.58830021479671,44.13395309448242,41593000
2025-09-17,44.07496823689847,44.546883555071325,43.88324900564273,44.237186431884766,26044800
2025-09-18,44.27651323663125,44.36499759237363,43.76527070905854,44.09954452514648,28713000
2025-09-19,44.06021741747716,44.094627791990405,43.362176248522815,43.51456451416016,29979200
2025-09-22,43.36038074258463,43.67767570600414,43.18686065047307,43.46449279785156,22502400
2025-09-23,43.6380123986841,44.68905431721249,43.6380123986841,44.213111877441406,44214800
2025-09-24,44.52544847124742,45.2046600106822,44.47587184250097,44.7882080078125,35406200
2025-09-25,44.78325439795452,45.234406650895,44.65931093097188,45.189788818359375,31887200
2025-09-26,45.264154118956206,46.06235032183315,45.25423652375967,45.60623550415039,40161600
2025-09-29,45.28893947333051,45.353392493224106,44.53536490171186,44.76837921142578,37674400
2025-09-30,44.37671912297328,44.47091358399714,43.94539450449627,44.29243469238281,47544800
2025-10-01,44.07429676676315,44.44116836287954,44.02472013741569,44.29243469238281,27661200
2025-10-02,44.19328118323424,44.5849429830319,43.801619383436574,43.84624099731445,31793600
2025-10-03,44.06933655536667,44.337054884199866,44.01480113009764,44.07925415039063,24048000
2025-10-06,44.35688802393239,44.55023952745327,44.11891490596972,44.297393798828125,21488400
2025-10-07,44.25773135984792,44.40150623490294,43.58348238184989,44.36680221557617,25324000
2025-10-08,44.36680190393392,44.36680190393392,43.77683357952291,44.10900115966797,20024200
2025-10-09,44.20319744512434,44.57998284062736,43.46449169923572,43.50911331176758,23397800
2025-10-10,43.18685967070845,43.40500137153083,42.23497480204499,42.249847412109375,44892200
2025-10-13,42.57210160387576,42.8794789682472,42.43328174945318,42.82494354248047,22889600
2025-10-14,42.215143556103136,43.06291637510748,42.16060813068874,42.81998825073242,25084600
2025-10-15,43.09266391369308,43.33559583359189,42.47790537339425,42.79520034790039,24267000
2025-10-16,42.86956652860174,42.998468792038295,41.99204467312608,42.27959442138672,29193800
2025-10-17,42.45807143234371,42.71587594778768,42.28455134451847,42.62663650512695,24071800
2025-10-20,42.70100012345376,43.176942563158825,42.70100012345376,43.07778930664063,25352400
2025-10-21,43.196775624493554,43.29593266726169,42.76049598367702,42.9786376953125,25885200
2025-10-22,43.26618260279686,43.71733862581209,42.90426980731292,43.52894592285156,32814000
2025-10-23,44.30731146119414,44.40150592301692,43.8412828199758,44.10900115966797,47308800
2025-10-24,44.30731118016081,44.322183790751424,43.63305842872113,43.66280364990234,21191000
2025-10-27,43.80161838547708,43.94539325421223,43.57356287100367,43.76691436767578,19597200
2025-10-28,43.60330720632631,43.74212705716833,43.28601225502432,43.3108024597168,22474600
2025-10-29,43.36037951612365,43.85615335525031,43.27114007378268,43.633056640625,26807800
2025-10-30,43.61818367256431,43.93547862440423,43.31576133058341,43.37525177001953,20663400
2025-10-31,43.47936394351159,43.94043376270644,43.29097124734485,43.69254684448242,26985400
2025-11-03,43.70246474841446,43.81649061342946,43.19677331348726,43.69750595092773,22232000
2025-11-04,43.16207133002527,43.34550902113628,42.81998993640527,43.226524353027344,29477600
2025-11-05,43.23147861577019,43.82145071323373,43.176943189158216,43.34054946899414,23857200
2025-11-06,43.40500127313157,44.173448456865565,43.40500127313157,43.76195526123047,32154800
2025-11-07,43.91564768557127,44.4957021709862,43.796659240521365,44.3915901184082,35458400
2025-11-10,44.50561737010978,44.89727917007947,43.93052166426808,44.79316711425781,31264600
2025-11-11,45.0608864851226,45.69547642991647,45.02618246571838,45.37818145751953,38752800
2025-11-12,45.07080387501588,45.2790279904912,44.67914206783837,44.74359130859375,29863200
2025-11-13,44.88736546028819,45.2641546506418,44.65930993999516,44.85762023925781,32243800
2025-11-14,45.09558992670051,45.72026605042659,44.53040802795695,45.62110900878906,34179400
2025-11-17,45.5665765871945,45.581449197573,44.60973290081614,44.7882080078125,37447400
2025-11-18,44.59485522682529,45.26415293426436,44.47091176729276,45.145164489746094,34839400
2025-11-19,44.3469710463228,44.70392883701243,44.0346348706966,44.56015396118164,41062800
2025-11-20,44.78820945459842,45.39801297699568,44.01976222806961,44.054466247558594,41630000
2025-11-21,44.12883079125295,44.525447595881424,43.66280216879888,44.33209609985352,39317200
2025-11-24,44.2825196041026,44.34696884215264,43.52398622781562,44.208152770996094,33681800
2025-11-25,43.86111487950479,44.10404301669213,43.56860632935907,43.93052291870117,29299000
2025-11-26,43.92060252425545,44.57998263705607,43.880943491852285,44.26268768310547,26611000
2025-11-28,44.287478632402376,45.03609441753375,44.22302561156224,44.84274291992188,16666600
2025-12-01,44.90719534247486,45.52195384509015,44.87249132496724,45.27406692504883,31150000
2025-12-02,45.2046616758398,45.2046616758398,44.4659596676802,44.689056396484375,33305000
2025-12-03,44.991476033582295,45.60623453682725,44.92702679598906,45.52691268920898,30174000
2025-12-04,45.502122733374726,45.79463126780111,45.36826545996215,45.72026443481445,23799600
2025-12-05,45.64093883174246,46.26561493376992,45.52195416836484,45.53186798095703,22164400
2025-12-08,45.27406777752773,45.53186851494506,44.88736478017461,45.036094665527344,27891900
2025-12-09,45.115421844158185,45.69052134478272,45.075759027055575,45.3137321472168,20917400
2025-12-10,45.45254648400949,45.87891229539871,45.24432237587641,45.7896728515625,26255100
2025-12-11,45.512042759521286,45.85908295539112,45.45254853346312,45.571533203125,25827200
2025-12-12,45.66077237731027,45.84916886747138,45.006351024410655,45.125335693359375,33161200
2025-12-15,45.2244926329479,45.2244926329479,44.44116901737707,44.80804061889648,27521600
2025-12-16,44.451083974889904,44.47091159978072,43.40004208032951,43.43970489501953,49312400
2025-12-17,43.75700078512412,44.50066155545105,43.687592749156615,44.40150451660156,43375300
2025-12-18,44.27260521452593,44.33209565427243,43.60826630520776,43.75699996948242,29920200
2025-12-19,43.87598463142963,44.15361677012452,43.657842932481245,43.75699996948242,31959600
2025-12-22,44.13999938964844,44.4900016784668,44.09000015258789,44.209999084472656,23707400
2025-12-23,44.369998931884766,44.54999923706055,44.220001220703125,44.5,19137500
2025-12-24,44.41999816894531,44.560001373291016,44.310001373291016,44.369998931884766,11293900
2025-12-26,44.31999969482422,44.43999862670898,43.9900016784668,44.20000076293945,17884500
2025-12-29,44.5099983215332,44.7400016784668,44.290000915527344,44.619998931884766,31352100
2025-12-30,44.79999923706055,45.09000015258789,44.79999923706055,44.959999084472656,18654700
2025-12-31,44.93000030517578,45.02000045776367,44.56999969482422,44.709999084472656,16965900
2026-01-02,44.720001220703125,45.77999877929688,44.4900016784668,45.650001525878906,31935500
2026-01-05,47.15999984741211,47.31999969482422,45.75,46.88999938964844,94961000
2026-01-06,47.0,47.060001373291016,45.52999877929688,45.63999938964844,69568200
2026-01-07,45.81999969482422,45.81999969482422,45.08000183105469,45.130001068115234,42739200
2026-01-08,45.31999969482422,46.84999847412109,45.220001220703125,46.54999923706055,51451000
2026-01-09,46.75,46.880001068115234,46.5099983215332,46.66999816894531,38839900
2026-01-12,46.75,46.810001373291016,46.09999847412109,46.34000015258789,28264400
2026-01-13,46.72999954223633,47.38999938964844,46.68000030517578,47.0,50469200
2026-01-14,47.25,48.650001525878906,47.18000030517578,48.060001373291016,80750200
2026-01-15,47.630001068115234,48.06999969482422,47.27000045776367,47.61000061035156,49328800
2026-01-16,47.560001373291016,47.810001373291016,47.4900016784668,47.68999862670898,30796300
2026-01-20,48.09000015258789,48.310001373291016,47.5,47.59999847412109,50178700
2026-01-21,48.290000915527344,49.04999923706055,48.290000915527344,48.75,58996000
2026-01-22,48.619998931884766,49.0,48.41999816894531,48.90999984741211,50869500
2026-01-23,49.52000045776367,49.88999938964844,49.09000015258789,49.18999862670898,51431200
2026-01-26,49.869998931884766,49.88999938964844,48.95000076293945,49.220001220703125,40122600
2026-01-27,49.38999938964844,49.81999969482422,49.15999984741211,49.66999816894531,39840300
2026-01-28,49.970001220703125,50.13999938964844,49.560001373291016,50.04999923706055,41890400
2026-01-29,51.150001525878906,51.72999954223633,50.47999954223633,50.5099983215332,77520700
2026-01-30,50.36000061035156,51.09000015258789,49.880001068115234,51.04999923706055,74039400
2026-02-02,50.09999847412109,50.5099983215332,49.77000045776367,50.04999923706055,61479900
2026-02-03,50.2400016784668,51.77999877929688,50.02000045776367,51.66999816894531,83754100
2026-02-04,51.81999969482422,52.959999084472656,51.81999969482422,52.83000183105469,78149900
2026-02-05,52.2599983215332,52.4900016784668,51.43999862670898,52.209999084472656,54235600
2026-02-06,52.5,53.41999816894531,52.36000061035156,53.25,41669600
2026-02-09,53.209999084472656,53.720001220703125,52.97999954223633,53.63999938964844,38798500
2026-02-10,53.77000045776367,53.790000915527344,53.2400016784668,53.58000183105469,32146000
2026-02-11,54.27999877929688,55.11000061035156,54.25,54.97999954223633,57349700
2026-02-12,54.93999862670898,55.2400016784668,53.7599983215332,53.97999954223633,67427800
2026-02-13,53.93999862670898,54.58000183105469,53.810001373291016,54.34999847412109,48392100
2026-02-17,54.560001373291016,54.90999984741211,53.18000030517578,53.75,50499600
2026-02-18,54.52999877929688,54.86000061035156,54.220001220703125,54.77999877929688,59196100
2026-02-19,55.459999084472656,55.880001068115234,54.93000030517578,55.18000030517578,62513500
2026-02-20,55.0,55.290000915527344,54.5099983215332,54.880001068115234,50833500
2026-02-23,55.040000915527344,55.93000030517578,54.869998931884766,55.150001525878906,44013500
2026-02-24,55.11000061035156,55.220001220703125,54.400001525878906,55.09999847412109,42921700
2026-02-25,55.29999923706055,55.369998931884766,54.18999862670898,54.869998931884766,36207500
2026-02-26,54.369998931884766,55.66999816894531,54.119998931884766,55.04999923706055,47033500
2026-02-27,55.63999938964844,56.150001525878906,54.93000030517578,55.91999816894531,59071500
2026-03-02,57.77000045776367,57.880001068115234,56.27000045776367,57.040000915527344,135633300
2026-03-03,57.38999938964844,57.720001220703125,56.04999923706055,56.52000045776367,154770800
2026-03-04,56.060001373291016,56.43000030517578,55.33000183105469,56.18999862670898,70732700
2026-03-05,56.52999877929688,57.060001373291016,56.08000183105469,56.47999954223633,85177800
2026-03-06,57.150001525878906,57.34000015258789,56.16999816894531,56.56999969482422,68219000
2026-03-09,56.84000015258789,57.150001525878906,55.93999862670898,56.31999969482422,88747400
2026-03-10,56.060001373291016,56.459999084472656,55.369998931884766,55.59999847412109,88817900
2026-03-11,55.630001068115234,57.040000915527344,55.540000915527344,56.97999954223633,48743700
2026-03-12,57.130001068115234,58.220001220703125,57.060001373291016,57.5099983215332,69358700
2026-03-13,57.5,57.93000030517578,57.09999847412109,57.70000076293945,43374600
2026-03-16,57.7599983215332,58.09999847412109,57.27000045776367,57.900001525878906,39474300
2026-03-17,58.22999954223633,59.04999923706055,57.97999954223633,58.5099983215332,40137700
2026-03-18,58.7400016784668,58.970001220703125,58.43000030517578,58.43000030517578,42908000
2026-03-19,58.869998931884766,59.720001220703125,58.52000045776367,59.36000061035156,69231400
2026-03-20,59.560001373291016,60.31999969482422,59.27999877929688,59.310001373291016,73003400
2026-03-23,57.88999938964844,59.84000015258789,57.65999984741211,59.630001068115234,71027200
2026-03-24,59.79999923706055,61.470001220703125,59.77000045776367,60.84000015258789,51207500
2026-03-25,60.31999969482422,61.0,60.2599983215332,60.56999969482422,42680700
2026-03-26,60.66999816894531,61.86000061035156,60.59000015258789,61.52000045776367,54967600
2026-03-27,61.52999877929688,62.790000915527344,61.2599983215332,62.560001373291016,59553200
2026-03-30,63.130001068115234,63.459999084472656,61.77999877929688,61.959999084472656,49750100
2026-03-31,62.040000915527344,62.83000183105469,60.040000915527344,61.2599983215332,94766900
2026-04-01,59.720001220703125,60.619998931884766,58.36000061035156,58.970001220703125,96652900
2026-04-02,60.52999877929688,61.0099983215332,58.97999954223633,59.25,60400500
2026-04-06,59.11000061035156,59.68999862670898,58.88999938964844,59.68000030517578,25474200
2026-04-07,59.810001373291016,60.77000045776367,59.790000915527344,60.15999984741211,38811700
2026-04-08,56.68000030517578,58.18999862670898,56.18000030517578,58.04999923706055,88023600
2026-04-09,58.20000076293945,59.02000045776367,57.11000061035156,57.33000183105469,55088500
2026-04-10,57.16999816894531,57.47999954223633,56.400001525878906,56.93999862670898,42561700
2026-04-13,57.619998931884766,57.720001220703125,56.650001525878906,57.11000061035156,43100900
2026-04-14,56.5,56.5,55.40999984741211,55.95000076293945,58830100
2026-04-15,55.599998474121094,56.209999084472656,55.27000045776367,55.7599983215332,39551500
2026-04-16,55.84000015258789,56.880001068115234,55.77000045776367,56.58000183105469,31282600
2026-04-17,54.40999984741211,55.15999984741211,53.40999984741211,55.02000045776367,90913300
2026-04-20,55.099998474121094,55.720001220703125,54.79999923706055,55.06999969482422,35150000
2026-04-21,55.31999969482422,55.959999084472656,54.91999816894531,55.869998931884766,41118517
