Date,Open,High,Low,Close,Volume
1998-12-22,12.07200218025851,12.106926005273722,11.839176680157092,11.938127517700195,601000
1998-12-23,12.200056530180431,12.223339080810549,11.978872299194336,12.223339080810549,676600
1998-12-24,12.223343913003546,12.223343913003546,12.130213673666375,12.17677879333496,487400
1998-12-28,12.363035120204929,12.363035120204929,12.141850876058136,12.211698532104492,618600
1998-12-29,12.269905592552156,12.299008784185345,12.106927719406302,12.246623039245604,247600
1998-12-30,12.17677733370366,12.345575872268386,12.136032858877693,12.20005989074707,191200
1998-12-31,12.200058034553384,12.25826441830602,12.048721436796518,12.15349292755127,154400
1999-01-04,12.1651387711366,12.502735923637044,12.141856208895192,12.293192863464355,1301200
1999-01-05,12.316471013556118,12.677350599019482,12.316471013556118,12.607502937316896,590400
1999-01-06,12.921817950603671,13.014948170067482,12.817046453706888,12.980024337768556,1249400
1999-01-07,12.851974713818423,13.049876498360918,12.770485743712692,12.939284324645996,1069200
1999-01-08,13.224491392839766,13.24777394810885,12.84614986971715,12.991665840148926,1065600
1999-01-11,13.364190214168952,13.364190214168952,12.980027951914966,13.119723320007324,995800
1999-01-12,13.224493274610444,13.247775833192504,12.764662742614746,12.764662742614746,972000
1999-01-13,11.920665880189324,13.096434682825189,11.920665880189324,12.758837699890137,1096600
1999-01-14,12.79375612327724,12.898527556497893,12.502724364330987,12.584213256835938,732600
1999-01-15,12.6657084750358,12.96256101741945,12.60750209417626,12.956740379333496,1307800
1999-01-19,13.271055432749064,13.41075075309379,13.044050537188882,13.404930114746094,874600
1999-01-20,13.736710359635738,13.963715318968704,13.503884760319878,13.527167320251465,2264400
1999-01-21,13.503882809157083,13.527165365724596,13.084796790941866,13.177927017211914,2985800
1999-01-22,12.94510269165039,13.18956955902868,12.81122797856228,12.94510269165039,2582000
1999-01-25,13.10807971052506,13.177927382161965,12.886895417008208,13.172106742858888,1893200
1999-01-26,13.31761825418918,13.713421593911583,13.31761825418918,13.701780319213867,1427800
1999-01-27,13.876400457488163,13.963710024125046,13.410749435424805,13.410749435424805,2733800
1999-01-28,13.69013547117605,13.888037089381829,13.637749748709815,13.882216453552246,1807200
1999-01-29,13.922967251864346,14.097586406360971,13.75998937433416,14.085945129394531,1867200
1999-02-01,14.21400324949836,14.2954922116167,13.992818923748592,14.097590446472168,1826000
1999-02-02,14.155790736724327,14.155790736724327,13.643574624540223,13.858938217163086,2518400
1999-02-03,13.80655863287053,14.17907960778778,13.71342838914122,13.957895278930664,2668200
1999-02-04,14.062666265458024,14.062666265458024,13.364189464193553,13.480602264404297,3891800
1999-02-05,13.410746292519358,13.49223520228293,12.94509537958466,13.154638290405272,3664800
1999-02-08,13.317626149681365,13.597016908066289,13.084800517693926,13.375832557678224,2629200
1999-02-09,13.410753001337463,13.42239427998446,12.782123954399772,12.851971626281738,4171000
1999-02-10,12.910178853453491,13.18956955902868,12.758842221266931,12.94510269165039,2803600
1999-02-11,13.177924543747723,13.51552155061052,13.049870506661838,13.492238998413086,5333400
1999-02-12,13.177924626599747,13.32926121683455,12.886892722302049,12.956740379333496,5834800
1999-02-16,13.317619757531784,13.34090230955544,12.851968717058645,12.898533821105955,3452800
1999-02-17,12.572579106465602,13.026588907532416,12.502731444763016,12.607502937316896,5567000
1999-02-18,12.782124416887267,12.817048254091876,12.421244765772965,12.677352905273438,4151200
1999-02-19,12.898537536010188,12.991667770927227,12.723918345540737,12.793766021728516,3347200
1999-02-22,12.886896368070312,13.282699869889996,12.793766132348033,13.24777603149414,4736000
1999-02-23,13.410749662056864,13.585368798281564,13.24777180158048,13.422390937805176,4131000
1999-02-24,13.55044734318484,13.57372989875732,13.049872398376465,13.049872398376465,5001000
1999-02-25,12.805403424327483,13.084794044494627,12.712273217605102,13.084794044494627,5132400
1999-02-26,13.06151141770389,13.0847939692506,12.572577835222996,12.688990592956545,4685200
1999-03-01,12.526020120365828,12.735563207881242,12.456172424527358,12.630791664123535,2184200
1999-03-02,12.73556154605114,12.85197435725819,12.293192863464355,12.293192863464355,4960400
1999-03-03,12.479452577161169,12.560941539885167,12.24662696937831,12.502735137939451,3215600
1999-03-04,12.805410903719713,12.840334751638949,12.339759598129906,12.630791664123535,6398200
1999-03-05,12.991668319702148,13.038233439127604,12.764663362503052,12.921820640563965,3753800
1999-03-08,13.22448677022904,13.31761695875178,13.049867666748902,13.294334411621094,3318800
1999-03-09,13.224485927345478,13.480593929459562,13.108073199111804,13.154638290405272,1872000
1999-03-10,13.154638290405272,13.236127200168848,12.997481107289811,13.154638290405272,884000
1999-03-11,13.224493148479056,13.399112336179044,13.003308844059072,13.131362915039062,2432400
1999-03-12,13.247781200784264,13.247781200784264,12.875260112537257,13.014955520629885,1672000
1999-03-15,13.108081181284406,13.224493980407717,12.90435878281862,13.224493980407717,864200
1999-03-16,13.236134367760824,13.503883787689142,13.18956925125155,13.451498031616213,1517600
1999-03-17,13.445673308721403,13.45731458431337,13.247771623657972,13.364184379577637,850800
1999-03-18,13.317621906188757,13.562088741879284,13.271056794628654,13.550447463989258,642800
1999-03-19,13.666862617076282,13.736710296550267,13.224493980407717,13.224493980407717,1273000
1999-03-22,13.224493980407717,13.352548059443352,13.108081181284406,13.224493980407717,1547000
1999-03-23,13.13135818384608,13.13135818384608,12.747196109318669,12.840326309204102,2997200
1999-03-24,12.921820530736642,13.14882548600634,12.700636215345654,13.090619087219238,1233400
1999-03-25,13.352548533786804,13.44567877639386,13.247777010853865,13.399113655090332,1190200
1999-03-26,13.340906874477602,13.550449914390862,13.259417914511332,13.329265594482422,967000
1999-03-29,13.503882026030158,13.85312035428956,13.46895819320422,13.829837799072266,1899400
1999-03-30,13.759991586308857,13.969534605389702,13.690143913281908,13.806556701660156,1685000
1999-03-31,13.96953703296378,14.08594984157181,13.608657326278882,13.631939888000488,1549400
1999-04-01,13.969527216907707,13.981168489588464,13.5970064911235,13.847293853759766,637000
1999-04-05,14.016096856815938,14.342052597672122,14.004455580356789,14.324590682983398,2007000
1999-04-06,14.411898341705298,14.57487619048064,14.272203042755004,14.446822166442873,1080200
1999-04-07,14.714575661210905,14.737858217636871,14.13251175056174,14.41190242767334,1863400
1999-04-08,14.41190509185791,14.598165577697754,14.109231802368164,14.551600456237791,1213800
1999-04-09,14.522496811472452,14.662192171582808,14.411904651385086,14.52831745147705,557600
1999-04-12,14.016100729064693,14.382801038836735,13.946253051012876,14.307132720947266,2075000
1999-04-13,14.365335776589133,14.435183438387783,13.969532359730112,14.085945129394531,1601200
1999-04-14,14.295483062226896,14.33622751720881,13.690136873924128,13.736701965332031,951400
1999-04-15,13.89967826073911,13.922960803889428,13.445668669307937,13.853113174438477,3398400
1999-04-16,13.853123225078685,13.87640578512083,13.41075458427785,13.480602264404297,544200
1999-04-19,13.620291491818298,13.63193276659763,12.712272059030411,12.82868480682373,2416600
1999-04-20,12.968377925231394,13.177920836052008,12.712269923117308,13.154638290405272,2058800
1999-04-21,13.154645928021136,13.550449433820004,13.06151569136258,13.503884315490724,1015600
1999-04-22,14.08594829337706,14.149975331074227,13.853122701750992,14.12669277191162,2064600
1999-04-23,14.051022640968624,14.283848202542254,13.8764034697884,14.155794143676758,489000
1999-04-26,14.318774191971864,14.52831722892755,14.237285233155765,14.51667594909668,530200
1999-04-27,14.691292935296108,14.702934213374787,14.144152865598077,14.155794143676758,826000
1999-04-28,14.155800170898438,14.307136850357056,13.899691944122315,13.969539642333984,1788600
1999-04-29,13.969538317228618,13.992820881090664,13.631941141228928,13.82402229309082,968000
1999-04-30,14.062664958131334,14.062664958131334,13.387470779678008,13.71342658996582,1520000
1999-05-03,13.78327268863768,13.876402909506853,13.631936079725271,13.829837799072266,403200
1999-05-04,13.77163117726644,13.946250338432115,13.52716435163449,13.620294570922852,2869800
1999-05-05,13.690144735365058,13.899687767028809,13.317623790185056,13.899687767028809,886200
1999-05-06,13.78327302178976,14.00445730170024,13.503882352429155,13.550447463989258,686800
1999-05-07,13.759984475535315,13.853114658110847,13.515517746274536,13.7832670211792,739400
1999-05-10,13.922970326102558,14.06266568054506,13.806557530733809,13.899687767028809,486400
1999-05-11,13.981175973470457,14.24892538844949,13.981175973470457,14.109230041503906,931200
1999-05-12,14.330410184212102,14.470105490638216,13.969530642611309,14.388616561889648,589400
1999-05-13,14.481755109249216,14.633091778397318,14.330418440101113,14.347880363464355,1231000
1999-05-14,14.109235038757324,14.202365303039551,13.911333227157591,13.969539642333984,815600
1999-05-17,13.888040293409086,14.22563724940981,13.824013284512397,14.167430877685549,451200
1999-05-18,14.318770911872193,14.411901129185182,14.179075585902709,14.295488357543944,820200
1999-05-19,14.365335012411142,14.376976288758316,14.138330123641277,14.342052459716797,637400
1999-05-20,14.423543539486433,14.429364178525772,14.155794143676758,14.155794143676758,552000
1999-05-21,14.06265884627915,14.173250948133166,13.957887381364818,13.99281120300293,550000
1999-05-24,13.992817802494075,14.062665478712848,13.64940006108511,13.690144538879396,1409600
1999-05-25,13.783271607346396,13.876401820909546,13.381647561355305,13.404930114746094,712600
1999-05-26,13.573726431758594,13.690139179886884,13.177923088122409,13.684318542480469,1353800
1999-05-27,13.684323798721431,13.707606357290077,13.422395014824168,13.585372924804688,761400
1999-05-28,13.58537340406234,13.759992599487305,13.46896060711236,13.759992599487305,265800
1999-06-01,13.77745384718112,13.77745384718112,13.434036112925233,13.451498031616213,637600
1999-06-02,13.38746670174272,13.666857311170396,13.212847570850425,13.597009658813477,646000
1999-06-03,13.58537327256696,13.713427347972477,13.486422396117243,13.503884315490724,912200
1999-06-04,13.503882055653843,13.946250605752848,13.503882055653843,13.905506134033203,500000
1999-06-07,14.010278167693238,14.24892436830621,14.010278167693238,14.155794143676758,1003600
1999-06-08,14.155793572114373,14.196538043744637,13.789093327442004,13.829837799072266,508400
1999-06-09,13.92297297805103,14.074309640855931,13.864766569279912,14.039385795593262,563800
1999-06-10,13.899685464724149,13.946250575158734,13.719245661790122,13.829837799072266,502800
1999-06-11,13.87640313158263,13.963712715044773,13.597012464503786,13.643577575683594,210800
1999-06-14,13.759992484212484,13.759992484212484,13.527166892263034,13.57955265045166,341200
1999-06-15,13.550443748143536,13.818193066191045,13.550443748143536,13.701780319213867,830800
1999-06-16,14.039387683097996,14.330419766080958,14.01610511645936,14.266392707824709,719000
1999-06-17,14.132511970205975,14.47010904362935,14.120870691812067,14.423543930053713,682200
1999-06-18,14.4235463722229,14.551600456237791,14.312954208755494,14.551600456237791,409800
1999-06-21,14.615627342399748,14.929941908902968,14.59816542203846,14.91830062866211,1514000
1999-06-22,14.87755586693324,14.970686107101836,14.574882586385302,14.603985786437988,1052800
1999-06-23,14.52831437316122,14.720395452614072,14.388619042650053,14.714574813842772,915400
1999-06-24,14.668010548358971,14.679651826571956,14.336234119288948,14.41190242767334,533600
1999-06-25,14.435182935338483,14.656367189992864,14.365335275973942,14.429362297058104,546400
1999-06-28,14.574874799213712,14.691287537226602,14.487565245704046,14.668004989624023,437000
1999-06-29,14.66800954274623,14.877552536214033,14.66800954274623,14.854269981384276,215600
1999-06-30,14.848444741741195,15.133655950030228,14.697108182240894,15.081270217895508,630200
1999-07-01,15.145304777422025,15.319923971627505,14.935761744375448,15.250076293945312,946800
1999-07-02,15.226799347567756,15.447983741760254,15.226799347567756,15.447983741760254,444000
1999-07-06,15.529457092285156,15.69243490284887,15.29663164862271,15.360658645629885,656000
1999-07-07,15.22679265054424,15.576031014088834,15.22679265054424,15.541107177734377,1111200
1999-07-08,15.459613752118411,15.826313927714594,15.436331201286908,15.750645637512209,758400
1999-07-09,15.80886143853503,15.919453620910645,15.704089897337084,15.919453620910645,247400
1999-07-12,15.971830278210676,16.030036656775586,15.785569866802971,15.942727088928224,468800
1999-07-13,15.832139320499431,15.901986993972224,15.698264613009917,15.872883796691896,400200
1999-07-14,15.995119107974176,16.076608069950755,15.797217343173914,16.07078742980957,603800
1999-07-15,16.18137609268512,16.274506314801293,16.03003948174634,16.187196731567383,772000
1999-07-16,16.29779405111257,16.390924302833213,16.158098673531608,16.332717895507812,200800
1999-07-19,16.355995684647112,16.379278240781844,16.11152884523246,16.134811401367188,445400
1999-07-20,16.05914306963661,16.064963708661487,15.366487025676207,15.46543788909912,1616600
1999-07-21,15.459614608536906,15.69244012974981,15.389766952173034,15.599309921264648,795400
1999-07-22,15.59931843566307,15.59931843566307,15.046357520966058,15.116205215454102,1034600
1999-07-23,15.203505561465308,15.261711938040596,15.011424518766855,15.156940460205078,802800
1999-07-26,14.947399887354765,15.063812659063132,14.79606328413388,14.813525199890137,719800
1999-07-27,15.040532881496874,15.26171718857771,14.993967764216698,15.180228233337402,833800
1999-07-28,15.250068131188852,15.436328505310245,15.11037285059781,15.319915771484377,951200
1999-07-29,15.017243345517096,15.250068823742168,14.912471880315811,15.06380844116211,933200
1999-07-30,15.203509822668204,15.255895576268514,14.900836579644182,14.906657218933104,601800
1999-08-02,14.830987875077271,15.174405569201904,14.819346597310336,14.87755298614502,638800
1999-08-03,15.04052779923624,15.052169074622649,14.627262523018835,14.819343566894531,940400
1999-08-04,14.80770596756376,14.970683863433171,14.58070104117422,14.638907432556152,975200
1999-08-05,14.580699486139965,14.755318641662598,14.353694583960538,14.755318641662598,1759600
1999-08-06,14.737855410350235,15.01724603424313,14.621442650394862,14.761137962341309,954400
1999-08-09,14.819349241009451,14.860093720462343,14.574882364292092,14.592344284057615,420000
1999-08-10,14.557423443823266,14.621450496155155,14.132516641984363,14.347880363464355,1399800
1999-08-11,14.574875621675696,14.83098365975626,14.435180328177209,14.807701110839844,1272800
1999-08-12,14.871728291177446,14.877548928473406,14.615620250155212,14.621440887451172,834200
1999-08-13,14.895010420569667,15.12201526871434,14.865907234910097,15.087091445922852,683200
1999-08-16,15.15694860164936,15.267540776546186,15.005611941264227,15.133666038513184,1104000
1999-08-17,15.343209481348854,15.36649204505348,14.970688462074827,15.203514099121094,696400
1999-08-18,15.220968808248742,15.244251360919105,15.02306711055067,15.028887748718262,368400
1999-08-19,14.877552986145018,14.970683208280512,14.778602125126056,14.87755298614502,537400
1999-08-20,14.970687936137136,14.970687936137136,14.819351277373697,14.92412281036377,417200
1999-08-23,15.087098238352732,15.31410318869832,15.046353760085577,15.267538070678713,585000
1999-08-24,15.343203831005384,15.645877047702,15.273356165613857,15.506181716918944,1077200
1999-08-25,15.599313441444846,15.896166047979804,15.482900654568391,15.832139015197754,783600
1999-08-26,15.901981480111852,15.901981480111852,15.62259088309671,15.640052795410156,453200
1999-08-27,15.669161469636563,15.773932980206196,15.50618356430602,15.552748680114746,344200
1999-08-30,15.622596203645797,15.657520040166611,15.2384340019168,15.296640396118164,863000
1999-08-31,15.30827712940747,15.506178810928327,15.087092897119454,15.43051052093506,902600
1999-09-01,15.5411080508921,15.616776367244755,15.413053977064523,15.512004852294922,1188800
1999-09-02,15.273357522105991,15.523645011988064,15.180227293312662,15.453797340393066,578000
1999-09-03,15.832134069398393,16.059138932893443,15.826313431872878,16.018394470214844,901200
1999-09-07,16.088252288230844,16.227947677130096,16.018404593781217,16.02422523498535,821400
1999-09-08,15.995115615018722,16.152272864511264,15.785572615695331,15.913626670837402,401800
1999-09-09,16.01839419911961,16.12316567280571,15.832133801455424,16.05331802368164,372400
1999-09-10,16.274510450650492,16.367640696433902,16.099891239806603,16.22794532775879,337000
1999-09-13,16.227945892333985,16.28033165740967,16.00676155090332,16.00676155090332,807400
1999-09-14,16.064960836506575,16.222118062081098,15.948548076821746,16.181373596191406,794800
1999-09-15,16.361821365917017,16.361821365917017,15.803039846483353,15.84378433227539,772600
1999-09-16,15.808860115811392,15.936914211005742,15.477083596444215,15.77393627166748,1847800
1999-09-17,16.01258278376114,16.152278162463528,15.896169968175816,16.0882511138916,1207400
1999-09-20,16.158092498779297,16.233760799385973,15.983473343533124,16.158092498779297,466000
1999-09-21,15.977662106829998,16.04168916809598,15.73901578756587,15.82632541656494,1311800
1999-09-22,15.797215624877884,15.98347608913584,15.640058358160234,15.855422019958496,1067200
1999-09-23,16.01839621474103,16.01839621474103,15.139479852667668,15.273354530334473,1873200
1999-09-24,15.145298331228046,15.319917451111536,14.924114112708958,15.308276176452637,1271600
1999-09-27,15.5993125866713,15.680801533019585,15.436334693974734,15.46543788909912,2083600
1999-09-28,15.447973517185297,15.599310107783191,15.08709395499031,15.535283088684082,936000
1999-09-29,15.482901886219288,15.576032123128876,15.250076293945314,15.250076293945312,399600
1999-09-30,15.366496086120604,15.49455022017161,15.18023552750096,15.366496086120604,771600
1999-10-01,15.296637082972175,15.35484346456644,15.034708365797997,15.273354530334473,1905000
1999-10-04,15.366489972387042,15.645880699157717,15.319924851258596,15.645880699157717,486400
1999-10-05,15.739009857177734,15.91362904938015,15.459619149653868,15.739009857177734,1226200
1999-10-06,15.808853139657804,15.977651645199067,15.750646758436677,15.931086540222168,965600
1999-10-07,16.012577728624517,16.018398367566217,15.744828337306185,15.849599838256836,1896600
1999-10-08,15.843785652909284,15.89035078341012,15.506188456778226,15.83796501159668,1064600
1999-10-11,15.919448874749818,16.09406805801947,15.878704398653566,15.9951171875,1238200
1999-10-12,15.995116952879863,16.06496462516318,15.669161148891046,15.709905624389648,471800
1999-10-13,15.576031088284706,15.669161319006886,15.180227607715436,15.296640396118164,1058600
1999-10-14,15.31992558779682,15.389773272847563,15.017252285910256,15.209333419799805,1401000
1999-10-15,14.90665418070842,15.087093961888414,14.726214399528429,14.848447799682615,2097600
1999-10-18,14.81352567295485,14.88919397698173,14.330412654937067,14.714574813842772,3011800
1999-10-19,14.877550039260717,14.900832590182878,14.406078383086962,14.481746673583984,2947800
1999-10-20,14.854265510759546,15.069629078117735,14.737852771647011,15.06380844116211,796800
1999-10-21,14.574876783780011,14.842626117667344,14.481746580688764,14.819343566894531,1361800
1999-10-22,14.993965310362812,15.06381297485208,14.848449342676838,14.854269981384276,399400
1999-10-25,14.761148575741409,14.988153620873078,14.74368664919282,14.895023345947266,325000
1999-10-26,15.156949929893017,15.186053136363626,14.889200430363417,14.90084171295166,982400
1999-10-27,14.895016446820357,14.900837086307195,14.650549588373128,14.88337516784668,1298600
1999-10-28,15.156945915382144,15.267538070678713,14.947402884293911,15.267538070678713,680400
1999-10-29,15.529465769318971,15.925269244698915,15.529465769318971,15.832139015197754,1633600
1999-11-01,15.878706554249916,16.006760639364835,15.797217590994968,15.80885887145996,461600
1999-11-02,15.8088575340587,15.995118005741276,15.69826537899717,15.739009857177734,312600
1999-11-03,15.971831321716309,16.06496153350474,15.878701109927874,15.971831321716309,418400
1999-11-04,16.181380039097817,16.193021319701487,15.983478268835473,16.094070434570312,818200
1999-11-05,16.484059604378633,16.484059604378633,16.193027478595113,16.268695831298828,1796000
1999-11-08,16.088245820205263,16.501511179552068,16.088245820205263,16.431663513183594,754200
1999-11-09,16.571361616211156,16.577182256048253,16.204661306474133,16.2512264251709,1963000
1999-11-10,16.204657775169945,16.66448822209467,16.204657775169945,16.536434173583984,1167800
1999-11-11,16.658675265312194,16.856577067905,16.641213341554007,16.763446807861328,591000
1999-11-12,16.99044589969993,16.996266538925592,16.402561337908327,16.856571197509766,878600
1999-11-15,16.891493087752675,16.891493087752675,16.71105329253547,16.780900955200195,374600
1999-11-16,16.914782894694287,17.135967254638672,16.775087509466253,17.135967254638672,511200
1999-11-17,17.205813754569682,17.275661442341956,16.94970556607135,16.97298812866211,1031200
1999-11-18,17.229085994992488,17.54922103881836,17.10103197746214,17.54922103881836,1505600
1999-11-19,17.566686116900836,17.741305263192096,17.415349523448413,17.712202072143555,890600
1999-11-22,17.671459260288987,17.881002255470282,17.648176705268845,17.822795867919922,872400
1999-11-23,17.968305353984803,17.968305353984803,17.426986145069808,17.665632247924805,1170000
1999-11-24,17.61326069865886,18.003243668523414,17.514309795857404,17.93921661376953,1253400
1999-11-26,18.026517451692225,18.253522353408723,18.026517451692225,18.078903198242188,851800
1999-11-29,18.020701904891567,18.18367982909601,17.91010974203855,17.921751022338867,706400
1999-11-30,17.834442680162212,17.921752288583374,17.310585029635256,17.386253356933594,872400
1999-12-01,17.32222241874715,17.68310205247105,17.32222241874715,17.5550479888916,1801000
1999-12-02,17.741312634759616,18.078909791195333,17.741312634759616,17.974138259887695,417200
1999-12-03,18.486352920532227,18.672613403358746,18.381581398942306,18.486352920532227,1246200
1999-12-06,18.42814799530048,18.75410386634812,18.369941589756262,18.614408493041992,694800
1999-12-07,18.74245006444673,18.74245006444673,18.451418231147866,18.660961151123047,409000
1999-12-08,18.463077545166016,18.67262066989048,18.439794975752186,18.463077545166016,815800
1999-12-09,18.649323698542965,18.719171352844626,18.10218373984664,18.4164981842041,2375000
1999-12-10,18.55619148638264,18.62603913313188,18.18367070372,18.509626388549805,453200
1999-12-13,18.503808601615354,18.789019869774886,18.369933924724148,18.63186264038086,754000
1999-12-14,18.69589772558516,18.69589772558516,18.18368134954173,18.276811599731445,1432200
1999-12-15,18.230245933104097,18.64933204650879,17.92757262897849,18.64933204650879,2496800
1999-12-16,18.789017011137567,19.04512504970326,18.74245191321653,18.998559951782227,838800
1999-12-17,19.27832794189453,19.313252449035645,19.06878089904785,19.208478927612305,795400
1999-12-20,19.27832983779449,19.464593894198305,19.13863179549164,19.394744873046875,578400
1999-12-21,19.441308975219727,19.825478553771973,19.30161094665528,19.76727104187012,763600
1999-12-22,19.930252075195312,20.00010108947754,19.505337238311768,19.76727104187012,615400
1999-12-23,19.953536037541163,20.11651707868793,19.848762511089664,19.872045516967773,718400
1999-12-27,20.093236936524857,20.093236936524857,19.604293743399687,20.023387908935547,1252000
1999-12-28,19.97681616393613,20.09323117654648,19.79055214375957,19.83711814880371,1400800
1999-12-29,19.883693121156355,20.209655303470395,19.883693121156355,20.15726852416992,1167000
1999-12-30,20.48905389157333,20.48905389157333,20.0932426232134,20.13980865478516,3379600
1999-12-31,20.17473129440626,20.279504855658228,20.04667471954275,20.069957733154297,1510600
2000-01-03,20.721883806058763,20.721883806058763,19.93026127863629,20.652034759521484,1876200
2000-01-04,20.11652002764994,20.39591613914508,19.48787877678588,19.604293823242188,1091000
2000-01-05,19.278332701643382,19.76727592233724,18.67297442840337,19.313257217407227,3812000
2000-01-06,19.09207170443642,19.40639239713141,18.486713333320143,18.67297744750977,3340000
2000-01-07,18.48670763595432,18.99893379211425,18.30044357916888,18.99893379211425,1372000
2000-01-10,19.74398994670989,19.906970995798304,19.394744841520453,19.720706939697266,2041000
2000-01-11,19.743997863547047,19.918620486160965,19.068790389439897,19.161922454833984,2822600
2000-01-12,19.51115896470522,19.51115896470522,18.859234798820083,19.08042335510254,3966400
2000-01-13,19.32490352275438,19.371469555339328,18.95237526207477,19.25505447387696,2386000
2000-01-14,19.837129660531986,20.011752280783146,19.662507040280826,19.69743156433105,2767800
2000-01-18,19.65086264276701,20.011749338220664,19.5984758643947,19.802202224731445,1101600
2000-01-19,19.72070313619336,19.918608657630955,19.58100512106094,19.83711814880371,1580800
2000-01-20,20.209661655136696,20.27951071615676,19.79056728901635,19.953548431396484,2191200
2000-01-21,20.06995776872257,20.06995776872257,19.796382358302047,19.976825714111328,2869400
2000-01-24,20.09323905806944,20.244578633825466,19.22012612101544,19.32489967346192,1137800
2000-01-25,19.284159408069858,19.75564051644706,19.022225458971416,19.738178253173828,5964800
2000-01-26,19.62758085669541,19.65086387076029,18.97565646287872,19.092071533203125,1678600
2000-01-27,19.324890052156498,19.418022052407853,18.521626549988547,18.90579605102539,2476200
2000-01-28,18.672971771746912,19.04549988689398,17.927915541452773,18.23059463500977,4914000
2000-01-31,18.230590881611715,18.8359489440918,17.834779840759353,18.8359489440918,2624600
2000-02-01,18.81849419695413,19.278333677795263,18.638050856370903,19.231767654418945,949800
2000-02-02,19.161920464955845,19.61593923660425,19.161920464955845,19.37146759033203,1069400
2000-02-03,19.464595705549293,19.93025588989257,19.284152384116272,19.93025588989257,2489200
2000-02-04,20.02339356490701,20.34935578573108,19.97682753336072,20.1630916595459,1383400
2000-02-07,20.20965569204392,20.44248582674488,20.04667459775324,20.395919799804688,1310600
2000-02-08,20.558902729690345,20.76844986963056,20.518157452479745,20.58218574523925,1772000
2000-02-09,20.76844999088318,20.90814808499226,20.20965761444686,20.326072692871094,3246600
2000-02-10,20.372647372159093,20.815024857954548,20.302798295454547,20.8092041015625,2315200
2000-02-11,20.809191383164503,20.81501213599896,20.06995577318915,20.2562198638916,2004200
2000-02-14,20.3959169689093,20.3959169689093,20.023388805093607,20.267860412597656,703000
2000-02-15,20.23876138405292,20.465770786980173,19.732355792907505,20.326072692871094,601200
2000-02-16,20.256222739738504,20.48905288617228,20.18637369580837,20.22129821777344,344200
2000-02-17,20.48323666566127,20.721887618571788,20.186378163260382,20.67532157897949,462400
2000-02-18,20.69859913734845,20.69859913734845,19.930259686805705,19.976825714111328,725400
2000-02-22,19.88368987145825,20.11651996362989,19.37146366868064,19.93025588989257,2467800
2000-02-23,19.97682179561278,20.67531206818665,19.924435025169736,20.535614013671875,366600
2000-02-24,20.66948937248409,20.88485718627793,20.30278201386216,20.791725158691406,639800
2000-02-25,20.8150072200208,21.04783727841029,20.442479126597608,20.59381866455078,1874400
2000-02-28,20.39591217041016,20.721874237060547,19.837120056152344,20.349346160888672,3016600
2000-02-29,20.76845356815347,20.861585646934422,20.62875544998203,20.815019607543945,948200
2000-03-01,20.861583621002907,21.32724396968601,20.861583621002907,21.024564743041992,1927000
2000-03-02,21.187540041772944,21.35052111901735,20.896502403836504,21.234106063842773,2195200
2000-03-03,21.60663266714874,21.90931178856354,21.37380257375274,21.82200050354004,803200
2000-03-06,21.82200910724677,22.130509102627965,21.606641185942927,21.787084579467773,1335000
2000-03-07,22.037371941451187,22.165428513747,21.18754196166992,21.18754196166992,2609600
2000-03-08,21.4436587669422,21.65320592101656,21.047847475912864,21.560073852539062,2179200
2000-03-09,21.58335097330921,22.25855828531133,21.373803876480967,22.211992263793945,571800
2000-03-10,22.35168265498333,22.596154184022208,22.16541863285847,22.2585506439209,530000
2000-03-13,21.792901932054264,22.44482634882512,21.60663781297688,21.932600021362305,4022400
2000-03-14,22.211987530129683,22.39825157650393,21.350516315648765,21.4320068359375,928400
2000-03-15,21.606631353324524,21.67648037709605,20.95470713145697,21.05948066711425,1238600
2000-03-16,21.327243560399765,21.792903900146484,20.81501718667837,21.792903900146484,5453200
2000-03-17,21.88603008963121,22.351690304304213,21.86274707889756,22.30512428283692,882000
2000-03-20,22.39825634986349,22.584520435933047,22.0257281777244,22.211992263793945,790800
2000-03-21,22.153786444931885,22.957050378037668,21.84528652859416,22.794069290161133,1298400
2000-03-22,22.933767234465204,23.376144470459963,22.81735217236132,23.18988037109375,1337000
2000-03-23,23.213159493507423,23.84180072352217,23.143310467950226,23.632253646850582,968200
2000-03-24,23.865079402341365,24.377305496830644,23.469268329326923,23.835975646972656,2206200
2000-03-27,23.934945993645247,24.19105922898581,23.86509692946146,24.02807807922364,1566200
2000-03-28,24.02806873188947,24.02806873188947,23.44599342346192,23.44599342346192,1251200
2000-03-29,23.46926978225904,23.4925527879954,22.64272307861797,22.759138107299805,6663800
2000-03-30,22.607809307447365,23.038545118145382,21.51350751810645,22.142148971557617,9271600
2000-03-31,22.444829871903018,22.7940751499928,21.83947138988073,22.56124496459961,639200
2000-04-03,22.281841456890103,22.281841456890103,21.32723800889377,21.60663414001465,5290000
2000-04-04,21.50187023005107,21.88604008256416,19.47624737134566,21.397096633911133,4423000
2000-04-05,21.094409785915065,22.04901331927325,20.908145681845173,21.53678703308105,1200400
2000-04-06,21.88603404237469,22.142147206700344,21.51350580335554,21.8161849975586,346000
2000-04-07,22.09558459381324,22.584527983138926,21.93260346403801,22.56124496459961,466000
2000-04-10,22.561241507274943,22.63109055218911,21.746335983276367,21.746335983276367,1330200
2000-04-11,21.414553257034587,21.65320416313364,20.86158164534166,21.210826873779297,2958400
2000-04-12,21.164249292561703,21.164249292561703,19.79055214375957,19.83711814880371,2676200
2000-04-13,20.11652745125075,20.58218780891859,19.452961441574075,19.45878219604492,4364200
2000-04-14,18.905809643292667,19.3831114877354,17.60196070237593,18.440149307250977,3816000
2000-04-17,18.16074727680869,19.441312789916992,18.114181258150204,19.441312789916992,1810800
2000-04-18,19.604301837348395,20.547264099121094,19.418037686874776,20.547264099121094,1146400
2000-04-19,20.209649102200384,20.535611184493938,19.837121008150607,19.872045516967773,710600
2000-04-20,19.930261724665936,20.069959820866867,19.46460140399617,19.69743156433105,482800
2000-04-24,18.859241392554303,19.13863756133289,18.39358111125667,19.092071533203125,1222200
2000-04-25,19.65086807998525,20.19801902770996,19.47042468233136,20.19801902770996,715800
2000-04-26,20.256216091779088,20.55889518280567,19.813838958740234,19.813838958740234,2924000
2000-04-27,19.511162543228888,20.48904897140981,19.511162543228888,20.43084144592285,963400
2000-04-28,20.65203483538194,20.745166897773743,20.302789601412687,20.48905372619629,1293000
2000-05-01,20.791731839220063,20.954712939863445,20.582184709821423,20.78009033203125,391600
2000-05-02,20.60546692103556,20.65203294797575,19.93025953040276,20.395919799804688,1365200
2000-05-03,19.674144792670564,19.86040888538224,18.998937456590745,19.51116371154785,1533200
2000-05-04,19.476241153020126,19.74399581322304,19.2550525206786,19.37146759033203,357200
2000-05-05,19.581008411283623,19.97681952066748,19.51115939198059,19.90114974975586,600000
2000-05-08,19.44131959923258,19.60430072162136,19.15028188068119,19.19684791564941,310800
2000-05-09,19.32489052796975,19.34817352860586,18.626400508886505,18.841768264770508,2472400
2000-05-10,18.486713647223137,18.55656269123028,17.788223207151734,17.927921295166016,2039600
2000-05-11,18.04433195682064,18.486709127374954,17.811501867055213,18.43432235717773,862400
2000-05-12,18.812675533151985,19.15027924012068,18.67297744750977,18.67297744750977,443000
2000-05-15,18.812667846679688,19.06878089904785,18.30044174194336,19.022214889526367,315200
2000-05-16,19.46459671718622,19.65086080060428,19.103710055563752,19.592653274536133,816000
2000-05-17,19.39474775418953,19.49952130148108,19.04550259655107,19.313257217407227,737200
2000-05-18,19.32490276272973,19.32490276272973,18.766110393686947,18.824317932128903,413600
2000-05-19,18.67298359913869,18.69626662108276,17.986134451788825,18.09090805053711,1555000
2000-05-22,17.92791651384863,18.044331556146343,17.136294226224145,18.00940704345703,905200
2000-05-23,18.06762376038925,18.06762376038925,17.113019927688267,17.136302947998047,668600
2000-05-24,17.32256110696232,17.881353400735296,16.647353751986635,17.811504364013672,1427200
2000-05-25,18.137465644912464,18.31208822814333,17.39240928979411,17.520465850830078,1212200
2000-05-26,17.718370467937547,17.77657799247085,17.229427261857797,17.578672409057617,287000
2000-05-30,18.021053029530083,18.71954345703125,17.92792097252993,18.71954345703125,1642200
2000-05-31,18.626408646510384,18.8825217653999,18.33537101140866,18.3586540222168,505600
2000-06-01,18.71954699395929,19.18520736694336,18.603131900713283,19.18520736694336,1080400
2000-06-02,20.023392662362724,20.198015272790308,19.79056251512595,20.05831718444824,1716200
2000-06-05,19.9302634133233,20.39592377344768,19.9302634133233,20.116527557373047,783800
2000-06-06,20.116514179068552,20.39591020933339,19.83711814880371,19.83711814880371,894400
2000-06-07,19.95354261266471,20.2445802820443,19.66250494328512,20.20965576171875,476600
2000-06-08,20.372640755441456,20.483235090971,19.95354643132952,20.116527557373047,554200
2000-06-09,20.372638801504227,20.372638801504227,20.04667658068016,20.1630916595459,261800
2000-06-12,20.12816928242737,20.17473531893964,19.67415042643277,19.74399948120117,738600
2000-06-13,19.81384642294868,20.1630916595459,19.511167217897764,20.1630916595459,724400
2000-06-14,20.209657871021943,20.326072950924143,19.778922075383804,19.790563583374023,445200
2000-06-15,19.93026149094173,20.349355774629764,19.83712942789996,20.18637466430664,254600
2000-06-16,20.2562198638916,20.40755943758734,20.058314267520245,20.2562198638916,941000
2000-06-19,20.279507327279006,20.97799782075589,20.20965827793132,20.8965072631836,1025000
2000-06-20,20.989638344446817,21.228289251857333,20.80337422158983,20.954713821411133,404200
2000-06-21,20.768449615276857,21.19918539765648,20.745166600013093,21.14097785949707,682000
2000-06-22,20.97799705375325,21.05948760834607,20.41920467940244,20.48905372619629,1244400
2000-06-23,20.48904857441718,20.54725609877632,19.953539350313097,20.05249214172364,227800
2000-06-26,20.232940695827534,20.395921806150657,20.02339355398352,20.18637466430664,384000
2000-06-27,20.209645239641723,20.40755075178108,19.95353222393198,19.98845672607422,295800
2000-06-28,19.93026149094173,20.45412934555177,19.93026149094173,20.18637466430664,319000
2000-06-29,19.930261679256663,20.069959775139303,19.674148503471823,19.790563583374023,925800
2000-06-30,19.79056339637906,20.18637466430664,19.79056339637906,20.18637466430664,527200
2000-07-03,20.13980856739232,20.326072692871094,20.069959520337783,20.326072692871094,78800
2000-07-05,20.00010884527624,20.046674872855466,19.546090076378817,19.67414665222168,297800
2000-07-06,19.60429749566636,20.000108727764136,19.35982585231185,19.976825714111328,254800
2000-07-07,20.04667839872728,20.47741422959424,20.04667839872728,20.302791595458984,383000
2000-07-10,20.209654850614243,20.32606991311778,20.000107738107875,20.08159828186035,206800
2000-07-11,19.98846820026445,20.26786437778707,19.74399654493215,19.91861915588379,190400
2000-07-12,20.16308682868284,20.54725649689677,20.0699547879037,20.43084144592285,694200
2000-07-13,20.570539415848863,21.0012751025418,20.52397339566584,20.82665252685547,396200
2000-07-14,21.094411797633416,21.298138180888703,20.9139684296073,21.210826873779297,271200
2000-07-17,21.18754283591464,21.51350503339025,21.14097680770384,21.385448455810547,225600
2000-07-18,21.18754397498237,21.245751513375176,20.8732232676612,20.954713821411133,368000
2000-07-19,20.861581975763496,20.87322348356247,20.442487695000388,20.48905372619629,267800
2000-07-20,20.628748800864667,20.98963548981885,20.61710729476937,20.91978645324707,541800
2000-07-21,20.663664799365847,20.6985893032521,20.407551770866664,20.46575927734375,457400
2000-07-24,20.44248696819339,20.61710957896953,19.88951536740228,19.96518516540528,409000
2000-07-25,20.22130103286253,20.326074613343685,19.94190481824612,20.302791595458984,445400
2000-07-26,20.128166238628523,20.13980774599615,19.697430466026294,20.0350341796875,548200
2000-07-27,19.743994812705715,19.837126863709045,19.324900583190736,19.452957153320312,959400
2000-07-28,19.487877961343088,19.62757601124519,18.56819913282092,18.73118019104004,748600
2000-07-31,18.835960248791487,19.243413035384627,18.603130085023977,19.1153564453125,1128000
2000-08-01,19.092064867472104,19.126989376376017,18.812668796240803,18.8941593170166,335000
2000-08-02,18.71954152135565,19.266692299653982,18.71954152135565,18.812673568725582,287000
2000-08-03,18.230600888611843,19.17356300354004,18.19567636583672,19.17356300354004,1807600
2000-08-04,19.278336571865395,19.46460069333269,18.975657374481035,19.17356300354004,467600
2000-08-07,19.255049628916414,19.63339854846888,19.185200597614426,19.56937026977539,478800
2000-08-08,19.528624043045586,19.72070886969849,19.44713351052617,19.604293823242188,342600
2000-08-09,19.906976790117792,19.994288091828835,19.569373090168423,19.67414665222168,318400
2000-08-10,19.482063882728585,19.58101670197161,19.208488441292005,19.25505447387696,173800
2000-08-11,19.09206955691418,19.348182685116686,18.870880946193832,19.32489967346192,536600
2000-08-14,19.25504679944468,19.720706939697266,19.17355627490047,19.720706939697266,215200
2000-08-15,19.76727104187012,19.90696907043457,19.627573013305664,19.76727104187012,208800
2000-08-16,19.860412631315345,20.093242791119746,19.662506995481603,19.790563583374023,142600
2000-08-17,19.81384642294868,20.2096576910922,19.720714359856093,20.1630916595459,372200
2000-08-18,20.279506727348423,20.4192048219111,20.116525617025303,20.18637466430664,504200
2000-08-21,20.256214141845703,20.45411968231201,20.06995010375977,20.279497146606445,146800
2000-08-22,20.32606315612793,20.465761184692383,20.198006629943848,20.279497146606445,295200
2000-08-23,20.1165245450851,20.483232023771546,19.95354344344668,20.4774112701416,322200
2000-08-24,20.46577393239869,20.66950035095215,20.419207893872187,20.66950035095215,210400
2000-08-25,20.62875320076707,20.74516828655018,20.53562113214058,20.59964942932129,219600
2000-08-28,20.558900756151687,20.89650444920288,20.54725924949475,20.76844787597656,204800
2000-08-29,20.768442151794776,20.85575342765714,20.652027117311626,20.791725158691406,226600
2000-08-30,20.721883806058763,20.7568083293274,20.54726118971557,20.652034759521484,210600
2000-08-31,20.745160060142403,21.10604668296194,20.745160060142403,21.05948066711425,369000
2000-09-01,21.2457514599542,21.303958998200645,20.97799678402053,21.071128845214844,676800
2000-09-05,20.9081392433766,20.9081392433766,20.52979039849367,20.59381866455078,254200
2000-09-06,20.46576896455061,20.512334991773702,20.0233917059312,20.069957733154297,615200
2000-09-07,20.15144815836868,20.454127333479928,20.139806651633624,20.395919799804688,263400
2000-09-08,20.20965984632384,20.20965984632384,19.72071646294504,19.74399948120117,502800
2000-09-11,19.604295841429483,19.860408969999227,19.185201631042627,19.231767654418945,563200
2000-09-12,19.3714599609375,19.53444099426269,18.905799865722656,18.95236587524414,412600
2000-09-13,18.69625654939897,19.23176576563332,18.69625654939897,19.138633728027344,343000
2000-09-14,19.394742004523764,19.57518528247701,19.10370445943787,19.2434024810791,405600
2000-09-15,19.092068236290253,19.161917266423025,18.73118158060428,18.911624908447266,543000
2000-09-18,18.99893776535688,19.16191884912832,18.358654936254776,18.486711502075195,1348000
2000-09-19,18.59147930145264,19.231761932373047,18.544913291931152,19.208478927612305,536600
2000-09-20,19.11536014713527,19.324907335106303,18.75447332340738,19.27834129333496,373400
2000-09-21,18.97565654702898,19.150279153289983,18.70790188409544,18.882524490356445,819600
2000-09-22,18.067615450941368,18.37029457576384,17.88135137412754,18.34701156616211,872400
2000-09-25,18.5798447040946,18.67297675774921,17.858071288271375,17.962844848632812,642200
2000-09-26,17.997763168097567,18.230593222018623,17.57866907103967,17.584489822387695,1557400
2000-09-27,17.85807635498047,17.881359375,17.252717834472655,17.462265014648438,1100400
2000-09-28,17.601960890071908,18.114187265179822,17.36913071956831,18.0676212310791,1274000
2000-09-29,17.741655503964488,17.788221528909276,17.2759952545166,17.2759952545166,521400
2000-10-02,17.532107460037512,17.671805527448168,17.08973024657043,17.147937774658203,790000
2000-10-03,17.485538573112116,17.56702909908534,16.67063331337986,16.69391632080078,1655800
2000-10-04,16.693914877821918,17.281810764383987,16.41451881292113,17.142112731933594,1031800
2000-10-05,17.043159003919705,17.264347542905004,16.81032896288255,16.897640228271484,493200
2000-10-06,17.136296935455505,17.136296935455505,16.29810849839518,16.54840087890625,956600
2000-10-09,16.414525491170004,16.81033674414857,16.018714238191436,16.455270767211914,680400
2000-10-10,16.333029790105346,16.55421836174612,15.87901114305324,15.972143173217772,527600
2000-10-11,15.529763217431954,15.855725263974756,15.040820147617756,15.459914207458496,1050200
2000-10-12,15.45992504006801,15.832453354286516,14.924415588378906,14.924415588378906,1155600
2000-10-13,15.22708511352539,16.204971313476562,15.22708511352539,16.18168830871582,920600
2000-10-16,16.088561106843557,16.30974971829799,15.762598942594918,15.925580024719238,593400
2000-10-17,15.97214519512188,16.01871121609891,15.273654880466404,15.506484985351562,776200
2000-10-18,14.71486360621216,15.663646346644352,14.71486360621216,15.262014389038086,820400
2000-10-19,16.158404840312365,16.670630930351084,16.01870681575635,16.618244171142578,1544000
2000-10-20,16.647351227438474,17.18286042776167,16.5192946795351,16.868539810180664,933600
2000-10-23,16.926754090521072,17.13630125257704,16.57750882042779,16.76377296447754,574400
2000-10-24,16.938395790608006,17.066452391086827,16.27482976994501,16.43781089782715,461400
2000-10-25,15.66946758306594,16.076920306251164,15.27365636625744,15.2794771194458,1083200
2000-10-26,15.448282133255685,15.727678343653675,14.761433116027286,15.646187782287598,2114800
2000-10-27,16.111846597376715,16.111846597376715,15.529771214523512,15.78006362915039,855800
2000-10-30,15.69274424721968,15.879008273892913,15.215442678869527,15.564687728881836,515600
2000-10-31,15.948862930635968,16.39124015060981,15.797523355381756,16.286466598510742,788600
2000-11-01,16.111841218464576,16.344671293875916,15.762596105347573,15.972143173217772,777400
2000-11-02,16.321387762201827,16.46108580296247,16.11184070106086,16.38541603088379,527600
2000-11-03,16.379595741734686,16.56585980134219,16.25153920075453,16.507652282714844,630000
2000-11-06,16.50765425018048,16.635710806423067,16.204975117243464,16.251541137695312,323600
2000-11-07,16.158409069815537,16.47272970734077,16.071097781614085,16.367956161499023,575400
2000-11-08,16.36795637342665,16.41452239440368,15.45991896437453,15.506484985351562,558200
2000-11-09,14.970977200462706,15.471561974661691,14.761430085681734,15.2794771194458,1523800
2000-11-10,14.924405065659553,14.947688068882112,14.388895991540725,14.43546199798584,1003800
2000-11-13,13.9698047082401,14.807992990734506,13.806823653310634,14.388898849487305,2663200
2000-11-14,14.924409804852852,15.273654964092778,14.78471174115688,15.1688814163208,800800
2000-11-15,15.296934127807615,15.483198165893556,14.970972061157228,15.273651123046877,800600
2000-11-16,15.192170405951073,15.378434564184955,14.720689255421556,14.784717559814451,304400
2000-11-17,14.65666087716818,15.069934476166964,14.435472190380096,14.901132583618164,536400
2000-11-20,14.458745956420898,14.703217506408691,14.202632904052734,14.295764923095703,1021400
2000-11-21,14.55187604338462,14.55187604338462,14.167706515839264,14.365612030029297,674800
2000-11-22,14.3656198759857,14.4471104263357,13.830110545114271,13.841752052307127,546400
2000-11-24,14.249200802404903,14.470389376952038,14.121144259246035,14.388898849487305,265200
2000-11-27,14.901129006369509,14.970978048586865,14.30741214752197,14.307412147521973,589400
2000-11-28,14.342331430678552,14.482029464094252,13.690407274738616,13.731152534484863,1175200
2000-11-29,13.736974725934472,13.89995578200488,13.31788058175342,13.667125701904297,890200
2000-11-30,12.945353507995604,13.230570379349825,12.57864610196875,12.945353507995604,3366600
2000-12-01,13.317884049836762,13.66712926093388,12.89878979652022,13.114157676696776,1781200
2000-12-04,13.201466596126556,13.341164655344826,12.77073091353689,13.038485527038574,1419000
2000-12-05,13.643848994816691,14.330698048310024,13.434301825954318,14.272490501403809,1993200
2000-12-06,14.156068840282876,14.388898919892792,13.690408681063044,13.876672744750977,3677200
2000-12-07,13.411016938381236,13.690413124597512,13.277139599152605,13.416837692260742,3142400
2000-12-08,13.969808550023322,14.342336778023943,13.81264820383556,14.039657592773438,2772400
2000-12-11,13.99309089895348,14.668298280100988,13.99309089895348,14.569345474243164,2618200
2000-12-12,14.48203767026618,14.55770748124426,14.20264144511635,14.272490501403809,2124200
2000-12-13,14.482030982256342,14.482030982256342,13.667125701904297,13.667125701904297,2092400
2000-12-14,13.783541748680458,13.94652281665472,13.457579612731934,13.457579612731934,1257400
2000-12-15,13.038487477345509,13.20146857081233,12.665959263707066,12.922072410583496,1503800
2000-12-18,13.178187640274272,13.248036691371132,12.526263163370244,12.665961265563965,1456000
2000-12-19,12.68924153212345,13.218930054794658,12.235222798405273,12.29343032836914,1598400
2000-12-20,11.618223272302131,11.851053397999571,11.22241205861649,11.373751640319824,4089800
2000-12-21,11.338830901165398,11.781208287453165,11.036151636863242,11.408679962158203,12317400
2000-12-22,11.75791878347465,12.194475173950195,11.75791878347465,12.194475173950195,4057000
2000-12-26,12.363277494560167,12.374918998792332,11.734636266023209,11.99074935913086,2246000
2000-12-27,12.037320098510156,12.264329520097146,11.8044899225235,12.107169151306152,2589600
2000-12-28,12.223584271859432,12.235225780689774,11.833594436584274,12.048961639404297,2969600
2000-12-29,12.083882434639388,12.107165445110756,11.57165620426932,11.664788246154783,6775400
2001-01-02,11.71135647620185,11.775385477616942,10.85570639051958,10.989583015441896,3811600
2001-01-03,11.012862074984252,12.898785601567178,10.919730048980156,12.759087562561035,5149800
2001-01-04,12.910431872215376,13.294601621343514,12.759092274073986,12.8871488571167,1854800
2001-01-05,12.71252760887146,12.735810626470126,11.973291800113826,12.107169151306152,2125800
2001-01-08,11.874340870341316,12.095529572828063,11.6007660804386,12.072246551513672,1221800
2001-01-09,12.293428413822967,12.572824514137125,12.200296380384914,12.339994430541992,1261400
2001-01-10,12.316713214357256,12.782373449304602,12.03731707338885,12.7125244140625,2290600
2001-01-11,12.77073454647366,13.411017500034326,12.596111922775297,13.24803638458252,2164400
2001-01-12,13.178185509742104,13.451760915642229,12.945355377061148,13.050128936767578,1431000
2001-01-16,12.968635569410631,13.038484594021464,12.689239470967316,12.898786544799805,1326200
2001-01-17,13.4110107421875,13.626378536224363,13.18982219696045,13.294595718383787,1230800
2001-01-18,13.271314522589304,14.039653784423422,13.248031514654937,13.993087768554688,2244800
2001-01-19,14.342337200178882,14.435469259920303,13.969808961213197,14.185176849365234,2071800
2001-01-22,14.03965187072754,14.179349899291992,13.748614311218262,13.923236846923828,1125000
2001-01-23,14.01637358728208,14.28994898537272,13.806826473850952,14.156071662902832,936200
2001-01-24,14.330696105957031,14.551884754221192,14.202639520119885,14.330696105957031,1141600
2001-01-25,14.249207756736062,14.307415304761944,13.78936812733159,13.830113410949709,914600
2001-01-26,13.550708770751951,13.969802856445312,13.24220895767212,13.923236846923828,1462800
2001-01-29,13.783545494213726,14.24920581496419,13.690413430063634,14.215678215026855,690000
2001-01-30,14.21194952793303,14.331158422556816,14.062937699112236,14.249201774597168,1412200
2001-01-31,14.267829046122127,14.528599057002728,13.8654993496602,13.89530086517334,1903400
2001-02-01,13.94000639625197,14.02568914407943,13.690413151527393,13.887852668762209,2874200
2001-02-02,13.969811765451343,14.007064028392785,13.265733479845832,13.27690887451172,2428600
2001-02-05,13.18749507040042,13.288076405032848,12.956526629390382,13.194944381713867,1565400
2001-02-06,13.187497745953122,13.560025914809623,13.187497745953122,13.273179054260254,645000
2001-02-07,12.982605105333285,13.15769378580896,12.639879898790849,12.93045139312744,1409800
2001-02-08,13.094364310126506,13.187496342428735,12.703208637591509,12.74046230316162,1552600
2001-02-09,12.554200921511836,12.602629986561729,12.051286986952974,12.151869773864746,1674600
2001-02-12,12.144421144359002,12.382840433043432,11.94698161420421,12.256180763244627,2485800
2001-02-13,12.461070133988908,12.610080579991404,12.04383889566644,12.047563552856444,1288200
2001-02-14,12.01403063870482,12.382834064982935,11.79051364750445,12.330678939819336,1426600
2001-02-15,12.665958579769129,12.982606975830445,12.591452656848148,12.703210830688477,1379200
2001-02-16,12.014034618944356,12.095991278843188,11.738363832332745,11.917177200317385,1218600
2001-02-20,11.920901806014015,11.924626462552212,11.261526754338997,11.27642822265625,1274400
2001-02-21,11.224275492625058,11.507397038626811,10.915077083663087,10.989583015441896,1849000
2001-02-22,10.952328236851947,11.239175103021246,10.52764634340828,11.008207321166992,1870400
2001-02-23,10.85919243455336,11.03428107149611,10.430785322350696,10.926247596740724,2161800
2001-02-26,11.082709407363724,11.194467537339282,10.76606042504516,11.101335525512695,1713000
2001-02-27,11.06408930495602,11.16467139240594,10.646857352478536,10.67665958404541,933400
2001-02-28,10.67293379621528,10.889000144206465,10.27805406586061,10.434515953063965,3324600
2001-03-01,10.300404000573645,10.728811264038086,10.00238174178302,10.728811264038086,1990400
2001-03-02,10.356285095214844,10.818220751803908,10.132768713012634,10.356285095214844,1631000
2001-03-05,10.505294446070682,10.6468548349044,10.415887061970238,10.57979965209961,1089400
2001-03-06,10.989579626166115,11.254074252380263,10.952326671765828,11.026832580566406,1796200
2001-03-07,11.209371687451362,11.209371687451362,10.915074118469422,11.041733741760254,1930600
2001-03-08,11.04545935854331,11.04545935854331,10.747437126721914,10.821942329406738,928800
2001-03-09,10.434515974533063,10.490395067818971,10.039636243365928,10.114141464233398,1460200
2001-03-12,9.7229857408101,9.883172973555752,9.443589602916369,9.573974609375,2050200
2001-03-13,9.629856081788535,10.054538089279362,9.503196411038411,10.05081272125244,2338000
2001-03-14,9.536719299512283,10.114137558029354,9.536719299512283,9.804939270019531,1594400
2001-03-15,10.024733107945252,10.151392743979477,9.689457893371582,9.689457893371582,750200
2001-03-16,9.611229140654157,9.722988048663472,9.350459776381664,9.47711944580078,938600
2001-03-19,9.49947211598774,9.842198197221505,9.37281243093126,9.771417617797852,4159000
2001-03-20,9.89062215423988,9.96512806887782,9.302027702331545,9.302027702331545,3183000
2001-03-21,9.31320739713735,9.648482721326028,9.238701453743715,9.346735000610352,2128000
2001-03-22,9.417511242857138,9.831016977871183,9.182818126526591,9.775137901306152,3179200
2001-03-23,10.0210128586081,10.095518815692468,9.674561366086287,9.983759880065918,1468600
2001-03-26,10.058261855235054,10.0917894515958,9.760239565963085,9.853371620178224,3437400
2001-03-27,9.909251705470444,10.225900863701172,9.778866674370583,10.170021057128906,1629800
2001-03-28,9.778863001443868,9.886896495662349,9.361631200744226,9.417510986328123,916600
2001-03-29,9.331831760019329,9.588876434440833,9.100864658224747,9.29457950592041,939200
2001-03-30,9.275953836028911,9.387712744017987,9.052436730592046,9.23870086669922,1598400
2001-04-02,9.294577654786666,9.369082858687042,8.86616971256,9.015181541442873,2215400
2001-04-03,8.773034029560115,8.843814547815883,8.34835234110704,8.41168212890625,2167800
2001-04-04,8.530898273362899,8.642657194213545,8.139743826739066,8.25150203704834,2446400
2001-04-05,8.69853556665066,9.16047055318153,8.661282596171766,9.123217582702637,3381800
2001-04-06,8.866170311166304,8.899697903874484,8.571873421389176,8.698533058166504,971000
2001-04-09,8.810290997837724,8.93695063132294,8.530894872892292,8.720884323120117,2918000
2001-04-10,8.97793014424465,9.477118010335364,8.97793014424465,9.30575466156006,1697600
2001-04-11,9.797490907648832,9.927875913527126,9.503194013192054,9.64475440979004,3049400
2001-04-12,9.611231203219212,9.935331182294236,9.37281328516771,9.886902809143066,932400
2001-04-16,9.760239303724372,9.853371355437234,9.495743907378438,9.648480415344238,843000
2001-04-17,9.499472345157656,9.87200067241874,9.499472345157656,9.749066352844238,834000
2001-04-18,10.151395626406044,11.920904955779571,10.106691920183694,10.635682106018066,8998400
2001-04-19,10.803318264965098,11.306231498718262,10.676658614670488,11.306231498718262,2278400
2001-04-20,11.134870620646687,11.41054147641668,11.0119363104987,11.175848960876465,2133800
2001-04-23,10.710186814836833,10.844297207543631,10.479218995235254,10.557450294494627,2965200
2001-04-24,10.803317727028327,10.844296056124705,10.345108214653209,10.393536567687988,1645600
2001-04-25,10.393535880781576,10.628229027588556,10.281777713138988,10.576074600219728,944400
2001-04-26,10.69156030392643,10.754890130374234,10.367460436683857,10.427064895629885,1251400
2001-04-27,10.65430676644346,10.67665825971082,10.434515069447796,10.568625450134276,843400
2001-04-30,10.76606582117202,11.026835869204982,10.661758370391809,10.732538223266602,1380200
2001-05-01,10.728812964757292,11.015659878402111,10.579801811740902,10.989583015441896,1673800
2001-05-02,11.175845879638883,11.309956257567718,11.023109376127112,11.209373474121094,2541000
2001-05-03,10.859198248280652,10.974681805796362,10.68411022814127,10.851747512817385,761000
2001-05-04,10.486668016658063,11.064087116023146,10.486668016658063,11.008207321166992,992800
2001-05-07,11.064087352354152,11.175845523371418,10.915075510276305,10.997032165527344,1708800
2001-05-08,11.10134170442702,11.17212227176254,10.926253680535217,11.045462608337402,665400
2001-05-09,10.896446542281527,11.052908367207722,10.728808618953131,10.89272117614746,2013600
2001-05-10,11.138594055195556,11.138594055195556,10.713912095781913,10.732538223266602,648000
2001-05-11,10.840570079964795,10.840570079964795,10.535097088873284,10.617053031921388,3981600
2001-05-14,10.5984273834182,10.5984273834182,10.360008856542349,10.468042373657228,1507000
2001-05-15,10.523922087900146,10.728812322209164,10.374910943808027,10.449416160583496,1250400
2001-05-16,10.37491182350432,10.907627330526516,10.300405889870255,10.874099731445312,628800
2001-05-17,10.915077221959002,11.08271521531471,10.86664886306804,10.937429428100586,1706400
2001-05-18,10.933704236142542,11.019385562772026,10.825670703012218,10.985857963562012,503600
2001-05-21,11.026834952707889,11.492495206533889,10.937428269238236,11.473868370056152,3830200
2001-05-22,11.567004504568771,11.619158954578475,11.369564941986573,11.451520919799805,1941200
2001-05-23,11.362113431976564,11.362113431976564,11.142321672678626,11.172123908996582,1991800
2001-05-24,11.119967914732085,11.257802963256836,10.993308258468616,11.257802963256836,1445200
2001-05-25,11.250353574721014,11.250353574721014,11.026836479821284,11.045462608337402,757800
2001-05-29,10.915073015710504,10.985853553466958,10.60214935572939,10.631952285766602,723200
2001-05-30,10.393535328621336,10.427062919241166,10.121589947408086,10.199820518493652,1683800
2001-05-31,10.233351882606708,10.494121970131614,10.233351882606708,10.292956352233888,1802800
2001-06-01,10.39353645078206,10.549998320387,10.170019392697697,10.468042373657228,1201400
2001-06-04,10.561174652190378,10.594702247160914,10.393536677337693,10.445691108703612,336800
2001-06-05,10.542549409086412,10.978407499033306,10.542549409086412,10.859198570251465,444600
2001-06-06,10.859197892800792,10.98958291697484,10.7213628439486,10.754890441894531,507600
2001-06-07,10.766068900441908,11.0603666305542,10.766068900441908,11.0603666305542,348400
2001-06-08,11.026838015047318,11.026838015047318,10.713914180728713,10.814496994018556,613800
2001-06-11,10.766067146080166,10.766067146080166,10.512747802083242,10.635682106018066,1309600
2001-06-12,10.3749118540166,10.684110271587194,10.255702928284505,10.553725242614746,1363400
2001-06-13,10.579802338133744,10.658033641447975,10.304131513702249,10.3153076171875,395200
2001-06-14,10.11413800064863,10.20727002774584,9.871994872304084,9.946500778198242,545200
2001-06-15,9.704359765001051,9.939052939526269,9.611227710785911,9.853371620178224,971400
2001-06-18,9.81611951165818,9.894350102955327,9.585151684442389,9.607503890991213,706400
2001-06-19,9.980030342203117,10.009832568357488,9.555347731326924,9.64475440979004,997600
2001-06-20,9.55534895737676,9.771415302354772,9.49201912985521,9.745338439941406,795200
2001-06-21,9.778862515231054,10.01728026918168,9.69318122372267,9.927873611450195,571200
2001-06-22,9.909248456723631,10.076885689856798,9.801214957346703,9.834742546081545,474800
2001-06-25,9.909253610288356,10.028462560880593,9.84964913499224,9.976308822631836,275000
2001-06-26,9.853371234270137,10.039635335405364,9.775139942311936,10.032184600830078,895200
2001-06-27,9.98375815088976,10.117868566197252,9.920428311499148,10.05453872680664,603800
2001-06-28,10.151395119460874,10.61333007816405,10.151395119460874,10.251977920532228,2177800
2001-06-29,10.31903070449736,10.617052959494806,10.244524785477443,10.494118690490724,802000
2001-07-02,10.393536537629366,10.620778964810416,10.38236114648351,10.486668586730955,427600
2001-07-03,10.46804299768325,10.505295961341576,10.371185576388076,10.449416160583496,281600
2001-07-05,10.345109283167368,10.412164479326943,10.114141464233398,10.114141464233398,570200
2001-07-06,9.9651295332762,10.00238249606958,9.622403554551225,9.648480415344238,2081600
2001-07-09,9.704362406821906,9.849648934116914,9.667110143427603,9.771417617797852,1552000
2001-07-10,9.868271196485336,9.883172664433324,9.439863940556076,9.47339153289795,1212600
2001-07-11,9.473391717666072,9.585149887291305,9.354182813921527,9.521820068359377,443200
2001-07-12,9.868272980936492,10.214724357422911,9.860822245615203,10.15511989593506,475000
2001-07-13,10.132769440477764,10.319033579379626,10.028461266897857,10.18492317199707,679800
2001-07-16,10.151391595970376,10.225897506579228,9.89434698596496,9.939050674438477,447000
2001-07-17,9.871999634636774,10.069439883124383,9.74906532798559,10.058263778686523,763000
2001-07-18,9.875721320122272,9.939051133905126,9.592599841477806,9.674555778503418,767200
2001-07-19,9.871997746804777,10.0396357286085,9.730437337035886,9.853371620178224,5580200
2001-07-20,9.719255764783648,9.819838497258392,9.652200609800486,9.797486305236816,386200
2001-07-23,9.834742265477187,9.90179744103365,9.555346174352604,9.55907154083252,410600
2001-07-24,9.51809729632828,9.633581575040091,9.331833155808813,9.432415962219238,430800
2001-07-25,9.469665713583147,9.633578300476074,9.398885165293308,9.633578300476074,439000
2001-07-26,9.540448383719896,9.83101995403991,9.458491716775296,9.816119194030762,1293400
2001-07-27,9.778868439846056,9.89807738904518,9.734164728625696,9.801219940185549,735200
2001-07-30,9.816121328628942,9.89062656595892,9.72671461750814,9.771417617797852,443200
2001-07-31,9.816116854752748,9.96512797203952,9.38770962610038,9.767687797546388,532000
2001-08-01,9.946501705906757,10.099238187748604,9.871995793063444,10.028457641601562,697000
2001-08-02,10.225898548242684,10.24452467252174,10.024732995431622,10.16629409790039,581200
2001-08-03,10.188646466629638,10.188646466629638,9.939052542872368,10.021008491516112,397200
2001-08-06,9.92787542108726,9.994930604243825,9.842194113961028,9.898073196411133,1389000
2001-08-07,9.85337352267142,9.93905485856285,9.741614609710089,9.84219741821289,778200
2001-08-08,9.786319040585854,9.894351882840777,9.473395198023209,9.525548934936523,953800
2001-08-09,9.480843722284732,9.540448182144418,9.395161689512875,9.529272079467772,1115000
2001-08-10,9.514368057250977,9.544170276961497,9.227521248449127,9.514368057250977,812200
2001-08-13,9.499470569401604,9.611228762472177,9.443591472866318,9.551624298095703,358400
2001-08-14,9.614957002133655,9.655935350084974,9.406341314506122,9.428692817687988,733800
2001-08-15,9.428686705989852,9.4882911495334,9.190268931815664,9.21634578704834,524800
2001-08-16,9.12694236839314,9.294580369580132,9.000282703172138,9.264778137207031,606200
2001-08-17,9.112042403312172,9.164196851493074,8.91087747917305,8.989108085632324,406200
2001-08-20,8.944401722773536,9.063610627162875,8.910874129596396,9.048709869384766,427200
2001-08-21,9.078511608421016,9.123214589898147,8.78421401977539,8.78421401977539,517200
2001-08-22,8.903425126177714,8.948128829284247,8.720886367030108,8.87362289428711,768800
2001-08-23,8.903425760680747,9.037536169016477,8.847546660721296,8.866172790527344,691400
2001-08-24,8.929499852639816,9.29830265045166,8.922049829356562,9.29830265045166,587400
2001-08-27,9.22379672022696,9.395159321496934,9.186543764568828,9.27595043182373,738800
2001-08-28,9.275950246972023,9.305752468796426,9.018905639648438,9.018905639648438,3132000
2001-08-29,9.093413223041448,9.115764715888089,8.810291708333152,8.84754467010498,405800
2001-08-30,8.68363033725744,8.746960146509434,8.407959611849062,8.504817008972168,844400
2001-08-31,8.45639075542769,8.653830254414459,8.426588526682071,8.575599670410156,496600
2001-09-04,8.385609311631809,8.75441211992988,8.381883944613714,8.389334678649902,906400
2001-09-05,8.359533208596494,8.452665260842984,8.050334823559792,8.318554878234863,1002800
2001-09-06,8.121112109819064,8.270123914839628,7.923672676086426,7.923672676086426,878400
2001-09-07,7.8976025601135955,8.124844406582,7.793294349731319,7.830547332763672,1802400
2001-09-10,7.789564791368796,8.00935649146628,7.748586461016027,7.998180389404297,1157200
2001-09-17,7.543697338555988,7.7858405678087905,7.428213775781503,7.487818241119385,5433800
2001-09-18,7.562322470960107,7.666630626826334,7.3797837311000976,7.420762062072754,3598600
2001-09-19,7.543698267153457,7.543698267153457,6.91039985680551,7.353708744049072,3126400
2001-09-20,7.18979373828602,7.4244868944365425,7.003529644438806,7.033331871032715,1758800
2001-09-21,6.742761408309011,7.018432225640116,6.563948020398226,6.832168102264404,2934200
2001-09-24,7.171168586520806,7.323905107364444,7.003530595086946,7.215872287750244,3486400
2001-09-25,7.338807322967406,7.443114785523018,7.11529021521191,7.282927513122559,2197600
2001-09-26,7.338804755732404,7.428211425450414,6.914122186395545,7.03705644607544,1706600
2001-09-27,7.074311298766879,7.078036666487874,6.73531065210997,6.981179237365723,2049400
2001-09-28,7.096661926272787,7.305278229876799,6.9625522574315255,7.171167850494385,1725200
2001-10-01,7.1339149195914855,7.1339149195914855,6.9551015533268,7.078035831451416,1218200
2001-10-02,7.078035985579721,7.171168038021559,6.958827072140755,7.070585250854492,932200
2001-10-03,6.966274868291899,7.659176563005418,6.966274868291899,7.5436930656433105,3066000
2001-10-04,7.711334382795039,7.908773883229677,7.532520298468873,7.703883647918701,3396000
2001-10-05,7.618201697140081,7.7523113610944865,7.387233908902345,7.700157642364502,2093400
2001-10-08,7.506446381370656,7.82682100130928,7.506446381370656,7.752315044403076,1083800
2001-10-09,7.696433495323812,7.763488693201605,7.52879550062933,7.573499202728271,1476200
2001-10-10,7.50644180078126,7.811914758716003,7.458013455723252,7.808189392089844,1117200
2001-10-11,8.046607513989192,8.184442520141602,7.97210160595908,8.184442520141602,2884400
2001-10-12,8.031708772365393,8.221698262796002,7.90504911207832,8.16581916809082,2411200
2001-10-15,8.046608802714946,8.136015480345643,7.949751390979747,8.109938621520996,1237600
2001-10-16,8.083862359155153,8.217972030225775,8.031707927116589,8.1956205368042,1842800
2001-10-17,8.363260182129773,8.363260182129773,7.823093891143798,7.823093891143799,4309200
2001-10-18,7.677807069000619,7.908774174339123,7.677807069000619,7.804466724395752,1528400
2001-10-19,7.785836329560912,7.972100359983617,7.662902097903562,7.908770561218262,3806000
2001-10-22,7.785838171426906,8.095036506652832,7.785838171426906,8.095036506652832,3221600
2001-10-23,8.083865246038025,8.281304811096373,8.020535399943112,8.10249137878418,1549600
2001-10-24,8.009353955392296,8.262673170923813,8.009353955392296,8.203068733215332,1263600
2001-10-25,8.01308182196556,8.441489118128164,7.916224402830692,8.400510787963867,1588000
2001-10-26,8.363253802020155,8.51971558890404,8.34835234110704,8.41168212890625,1880800
2001-10-29,8.3073797710558,8.463841665989305,8.009357452392578,8.009357452392578,1849800
2001-10-30,7.878975151567698,7.983283354512959,7.782117686805991,7.845447540283203,2046400
2001-10-31,7.934852924537883,8.139743926675619,7.897600661005004,7.953479766845703,2691000
2001-11-01,8.009356218465932,8.270126240027793,7.867795816545104,8.229147911071777,1143800
2001-11-02,8.22542159951415,8.2999275144184,8.136014927953688,8.240323066711426,1162600
2001-11-05,8.460115211645556,8.564423365051889,8.44893982021924,8.493642807006836,1302400
2001-11-06,8.437758450113414,8.79166030883789,8.437758450113414,8.79166030883789,7600800
2001-11-07,8.679902945030413,8.93694748853894,8.679902945030413,8.754408836364746,2154200
2001-11-08,8.866170611792432,9.071061542016476,8.702258720262556,8.799116134643555,4176800
2001-11-09,8.773040693299219,8.854997369491661,8.672458597899602,8.76559066772461,1806200
2001-11-12,8.624026979328514,8.903423106372902,8.530894936980385,8.832642555236816,1307800
2001-11-13,9.089687852938102,9.16419377645822,8.694808163580234,9.145566940307615,3150200
2001-11-14,9.290848067960765,9.313199547924375,9.011452081523032,9.19399070739746,5559400
2001-11-15,9.149297001802452,9.290858187013782,9.06361564317226,9.138121604919434,3026600
2001-11-16,9.201446561501092,9.21262195243568,9.03008322491238,9.108314514160156,1145800
2001-11-19,9.164192994318954,9.309478751188172,9.141841503387017,9.29830265045166,5668000
2001-11-20,9.220074429444496,9.2573273975303,8.992831963608213,9.037535667419434,8892800
2001-11-21,8.944399519396988,9.0114546892328,8.817739912049552,8.948124885559082,8005600
2001-11-23,8.955578937901791,9.100864719379205,8.907149870381849,9.085963249206545,469200
2001-11-26,9.123218871981898,9.25732930044167,9.097142002123922,9.242427825927734,4416000
2001-11-27,9.186544830020006,9.369083552320484,9.011456841823495,9.212621688842772,4313800
2001-11-28,9.10831457193764,9.186545151140528,8.922050476074219,8.922050476074219,1280200
2001-11-29,8.996558311417504,9.160470962524414,8.929503103667342,9.160470962524414,7643000
2001-11-30,9.089690304702511,9.212624614291004,9.041261938730642,9.141844749450684,6510600
2001-12-03,9.033806068380535,9.104586603537866,8.974201631576765,9.011454582214355,1077800
2001-12-04,9.059886326066495,9.29830416289734,9.033809463980774,9.29457950592041,3529800
2001-12-05,9.387711984418337,9.797492482264,9.387711984418337,9.741613388061523,7263600
2001-12-06,9.741615848421088,9.797494956736491,9.652209133008158,9.71553897857666,8649800
2001-12-07,9.682007955699545,9.685733323011796,9.424963295483474,9.53672218322754,6939000
2001-12-10,9.41006283200531,9.59260157278561,9.313205410471468,9.328106880187988,1514600
2001-12-11,9.462212981343184,9.570246464363487,9.343004110797272,9.39515781402588,3096800
2001-12-12,9.39888836008243,9.503196534568202,9.283404791911924,9.432415962219238,3987600
2001-12-13,9.29085225969641,9.324379850038774,9.07106059435916,9.097137451171877,9124600
2001-12-14,9.089690934316192,9.231252094884995,9.03753719649684,9.134394645690918,3240400
2001-12-17,9.134390777978808,9.380259310079907,9.134390777978808,9.309478759765623,2873200
2001-12-18,9.369086499411909,9.45104317925317,9.275954425440537,9.346735000610352,6122000
2001-12-19,9.14556650298931,9.343006693497715,9.138116479426456,9.212621688842772,4430200
2001-12-20,9.238698191510036,9.238698191510036,8.88479686170807,8.89597225189209,3203800
2001-12-21,9.0338076647827,9.078511355555774,8.955577094106147,9.015181541442873,2617000
2001-12-24,9.033805963790911,9.071058913997206,8.963025429453051,8.98165225982666,1998200
2001-12-26,9.03008437967037,9.205172395266604,9.018908276765462,9.052435874938965,3550000
2001-12-27,9.123215997878336,9.179095088619077,9.052435437318096,9.130666732788086,2696600
2001-12-28,9.22007158498578,9.275950664604755,9.130664915487207,9.149291038513184,6261200
2001-12-31,9.093415132343427,9.216349434623604,8.940678596496582,8.940678596496582,4026000
2002-01-02,9.089690072689429,9.197723617121856,8.977931870658441,9.164196014404297,6364000
2002-01-03,9.279674839374085,9.592598497695583,9.279674839374085,9.566521644592283,5502200
2002-01-04,9.708083178460983,9.741610768073537,9.264775201212435,9.626127243041992,9138000
2002-01-07,9.68573266627868,9.741611751091297,9.503193943602207,9.521820068359377,3103000
2002-01-08,9.48084547817204,9.659658890868,9.454767900430207,9.59260368347168,1233000
2002-01-09,9.741613049742371,9.804942877116776,9.46221687789197,9.518095970153809,4484000
2002-01-10,9.480847274963915,9.544177126113556,9.398890579039987,9.439868927001951,1723200
2002-01-11,9.484569751303717,9.53299882603353,9.320657818249314,9.350460052490234,3463600
2002-01-14,9.294577053496528,9.343005397371764,9.138115211724282,9.205169677734377,2588800
2002-01-15,9.227525169105336,9.350459466462045,9.156744600766244,9.264778137207031,2440800
2002-01-16,9.164195332586416,9.205172957993664,9.033810299556729,9.037535667419434,4076000
2002-01-17,9.20144293332865,9.27222274980933,9.100860191330815,9.26104736328125,1590000
2002-01-18,9.033807783315677,9.085961497784355,8.888522029843742,8.951851844787598,3200200
2002-01-22,9.015183602481192,9.037535097707163,8.6165777927942,8.631479263305664,3783600
2002-01-23,8.661280920821191,8.821468165516515,8.57187423529056,8.761863708496094,2936400
2002-01-24,8.791666315357338,8.996556556364881,8.791666315357338,8.89224910736084,8242000
2002-01-25,8.810296458215301,8.948132277919948,8.79912106103758,8.858725547790527,2238600
2002-01-28,8.568148409717269,8.996555688094904,8.568148409717269,8.922050476074219,2186000
2002-01-29,8.963027748329374,8.989104607057994,8.57187344631785,8.605401039123535,2326200
2002-01-30,8.571874446170687,8.71716022491455,8.359533473993901,8.71716022491455,5865600
2002-01-31,8.847546893741319,8.940678966307015,8.661282748609922,8.84382152557373,2754800
2002-02-01,8.773038895836434,8.869896313874781,8.63892922593355,8.679906845092773,4099800
2002-02-04,8.679903771258502,8.68735450320933,8.381881598634527,8.434035301208496,2595000
2002-02-05,8.32600425330432,8.50854296063385,8.270125173189738,8.3036527633667,6906000
2002-02-06,8.404236325363463,8.404236325363463,8.191895356653797,8.25522518157959,2411400
2002-02-07,8.255228994059822,8.370712595008017,8.12111854744804,8.132294654846191,3421400
2002-02-08,8.176991556189023,8.296200426877476,8.06895807303954,8.288749694824219,2287800
2002-02-11,8.32600639217532,8.475017547607422,8.273851954868155,8.475017547607422,1265000
2002-02-12,8.329731067062564,8.456390716280383,8.292478103667703,8.337181091308594,2014800
2002-02-13,8.419135923608248,8.501091856836931,8.381882968307565,8.47128963470459,1112600
2002-02-14,8.54579912795412,8.549524496100075,8.35953498390437,8.38188648223877,1585600
2002-02-15,8.33717749581062,8.396782637861742,8.102485135556618,8.139738082885742,2396800
2002-02-19,8.009354717172679,8.05778306096405,7.841716776085218,7.852892875671387,3603600
2002-02-20,7.8640700666768,7.957202111197213,7.681531344681725,7.949751377105713,3243400
2002-02-21,7.82681688658791,7.882695969620027,7.569772251990861,7.580948352813721,2031800
2002-02-22,7.543697464092392,7.763489200136411,7.4766422618360755,7.629378795623779,2428800
2002-02-25,7.741133107807073,7.9646493685951425,7.6778033111062225,7.88641881942749,2616800
2002-02-26,7.953480067355449,7.994457700898167,7.763490531885512,7.837996482849121,894000
2002-02-27,7.931125880394787,7.987004969423249,7.692707344376891,7.782114028930664,3199200
2002-02-28,7.767213466217947,7.897598484270471,7.677806779406806,7.692707538604736,829200
2002-03-01,7.79329035422475,8.091312644608776,7.7858396193298525,8.080137252807617,3147000
2002-03-04,8.121117009751188,8.374436378479004,7.99073266750132,8.374436378479004,3348400
2002-03-05,8.363258535677598,8.512269676446177,8.344631698993297,8.400510787963867,1839000
2002-03-06,8.344626269702578,8.538340981935095,8.270121103064405,8.482461929321289,1016600
2002-03-07,8.579329817722643,8.60913206307233,8.352087252842786,8.452670097351074,959800
2002-03-08,8.687352409533341,8.746956829693307,8.568143569213412,8.676177024841309,3953400
2002-03-11,8.605403531636528,8.77676620179674,8.54207369472051,8.702260971069336,1919200
2002-03-12,8.512270611562972,8.515995979309082,8.404237078549482,8.515995979309082,1831800
2002-03-13,8.419136281129076,8.419136281129076,8.262674430654833,8.292476654052734,1163600
2002-03-14,8.326005551088862,8.337180942529068,8.18444443482283,8.1956205368042,718200
2002-03-15,8.199346091478285,8.296203512573099,8.173269230133755,8.25522518157959,813600
2002-03-18,8.419137241438449,8.419137241438449,8.236598513487818,8.281301498413086,1285000
2002-03-19,8.311104458858836,8.366983550218617,8.251500000002908,8.31482982635498,1154800
2002-03-20,8.18071802956387,8.206795597545133,8.046608375508464,8.061509132385254,2164800
2002-03-21,8.083861824358575,8.2328729548797,8.009355903827453,8.221696853637695,3094200
2002-03-22,8.214249596343945,8.229151070974005,8.09504064146915,8.10249137878418,1764600
2002-03-25,8.139745144581301,8.191898889763916,7.91995334625244,7.919953346252441,2307200
2002-03-26,7.905051085453178,8.098765991960923,7.890150321397961,7.979557037353516,4002800
2002-03-27,7.957198716175648,7.998176315113155,7.890143559044152,7.97582483291626,1625400
2002-03-28,8.046612186605573,8.136018901835017,8.039161449367766,8.072689056396484,2679800
2002-04-01,8.016804575451847,8.214244006142854,7.95347477245601,8.162090301513672,712600
2002-04-02,8.039156185490512,8.076409136745651,7.905045845188383,7.923672676086426,908000
2002-04-03,7.897597170738568,7.987003842679551,7.72250848313071,7.800739765167236,1483800
2002-04-04,7.823092943925856,7.908774267543722,7.733686252688793,7.834269046783447,2802400
2002-04-05,7.916222012193763,7.916222012193763,7.696430379482519,7.711331844329834,1622600
2002-04-08,7.506441479876973,7.700156272909657,7.443111671021712,7.674079418182373,1657600
2002-04-09,7.711332552043491,7.756035529606186,7.458013310718164,7.480364799499512,1835200
2002-04-10,7.506443339191413,7.577223898512518,7.338806069903968,7.502717971801758,2450600
2002-04-11,7.431938323891094,7.45056445080162,7.223322007678988,7.253124237060547,1409200
2002-04-12,7.338805849956318,7.413311063892943,7.279201394590555,7.376058101654053,1827400
2002-04-15,7.487814425833445,7.487814425833445,7.353704091886169,7.39468240737915,1300800
2002-04-16,7.636825090431306,7.744858566916538,7.580946024560714,7.729957103729248,3304600
2002-04-17,7.823087301535704,7.845438780588694,7.696427736000917,7.7597575187683105,2170400
2002-04-18,7.711333972027271,7.77466379402031,7.547421366185085,7.677806377410889,2312200
2002-04-19,7.767214011726159,7.767214011726159,7.640554352212832,7.655455112457275,452000
2002-04-22,7.487819908520906,7.539973649669925,7.390962453143134,7.465468406677246,996000
2002-04-23,7.461740743075308,7.506443733014148,7.286652019281411,7.3127288818359375,697000
2002-04-24,7.331357128600148,7.402137705236359,7.193521343628722,7.200972080230713,1498400
2002-04-25,7.189793305072773,7.290376080219633,7.130188855476357,7.249397754669189,1422800
2002-04-26,7.301555503817688,7.3350831107913,7.003532409667969,7.003532409667969,3914200
2002-04-29,6.988623500317403,7.100381586277917,6.9103922717125785,6.958821296691895,1921600
2002-04-30,7.003529051807952,7.186068473608133,6.94764997049044,7.09666109085083,3062400
2002-05-01,7.05940864641073,7.115287726166854,6.847067006471775,7.03705644607544,908600
2002-05-02,7.033332425317868,7.145091316758405,6.835892925026267,6.8582444190979,927800
2002-05-03,6.832168855611649,7.107839703339525,6.6384539754110925,6.694333076477051,1660000
2002-05-06,6.612376083780457,6.735310371282615,6.496892531409633,6.504342555999756,1345400
2002-05-07,6.571397751099335,6.612376083780457,6.433562703875721,6.504342555999756,1497400
2002-05-08,6.891771094909151,7.189793344526624,6.85079276913384,7.17861795425415,6047800
2002-05-09,7.152542665422647,7.167443425902045,6.932750941656867,6.943926334381104,3875800
2002-05-10,6.947648972553552,6.970000459761852,6.664527529264888,6.705505847930908,1695400
2002-05-13,6.724133162963153,6.984903165352761,6.70550703873865,6.970001697540283,2033600
2002-05-14,7.279203816344287,7.3276321859879054,7.171170260963412,7.305280685424805,4165600
2002-05-15,7.17116931451546,7.487818491290636,7.152543184928043,7.282927513122559,5863600
2002-05-16,7.282924338308353,7.394683198738186,7.245672095372731,7.390957832336426,1471800
2002-05-17,7.469190741718005,7.49899297175395,7.335081061826855,7.428213119506836,1858600
2002-05-20,7.320178378651581,7.364882071569112,7.204694845214511,7.2344970703125,2145000
2002-05-21,7.338807086119629,7.338807086119629,7.04450941645558,7.055685520172119,5041000
2002-05-22,7.040780394299542,7.141363143920898,6.977450593857308,7.141363143920898,1862800
2002-05-23,7.167441941997913,7.241947860593384,7.025881549315836,7.197244167327881,779000
2002-05-24,7.081760299142292,7.130188646567562,7.003529017250931,7.0407819747924805,906200
2002-05-28,7.055685007902008,7.081761870806043,6.899223119936579,6.977453708648682,1906200
2002-05-29,6.902947149260233,6.940199397305861,6.843342699737925,6.847067356109619,2000200
2002-05-30,6.794914838411675,6.92157449361298,6.753936505687368,6.880596160888672,997000
2002-05-31,6.936476174284966,6.992355268441329,6.802365779876709,6.802365779876709,1626800
2002-06-03,6.806088602244649,6.861967675503572,6.571395499799817,6.601197719573975,1408400
2002-06-04,6.537871167167574,6.76138828197273,6.537871167167574,6.694333076477051,3079000
2002-06-05,6.668256392395604,6.776289939880371,6.612377289801326,6.776289939880371,1374600
2002-06-06,6.686882144761474,6.716684375328326,6.552771751940026,6.6123762130737305,1629000
2002-06-07,6.388859305200149,6.545321197637514,6.292001875544518,6.467090606689453,3143600
2002-06-10,6.4298350646844025,6.526692455548916,6.385131380231181,6.407483577728272,1383000
2002-06-11,6.481991282987381,6.534145720150443,6.26592493057251,6.26592493057251,1897600
2002-06-12,6.213771872299856,6.407486749932822,6.169068165714822,6.392585277557373,2063200
2002-06-13,6.474540885807606,6.474540885807606,6.262199889993974,6.284552097320557,1352800
2002-06-14,6.146716322101798,6.299452852656178,6.001430527316235,6.273375988006592,1765600
2002-06-17,6.3143527719424695,6.508066880522241,6.3143527719424695,6.485715389251709,807800
2002-06-18,6.407484612001727,6.556495733330379,6.407484612001727,6.4149346351623535,696600
2002-06-19,6.332977963782058,6.362780184601745,6.131812440343422,6.161615371704102,1163000
2002-06-20,6.183968380976269,6.21377060912748,5.967902049244695,6.020055770874023,953000
2002-06-21,5.885944417900473,6.049856635797426,5.8039881313167445,5.848691463470459,1403600
2002-06-24,5.774188990179543,6.031233731274607,5.68850764666165,5.949277400970459,1805200
2002-06-25,6.027507278304022,6.034958013932339,5.73320997112747,5.744385719299316,1276600
2002-06-26,5.438913718573551,5.822617796067566,5.401660743749757,5.748112201690674,2459600
2002-06-27,5.818889711293074,5.900846004486084,5.640076368257996,5.900846004486084,1129200
2002-06-28,5.941822685436079,6.023778960863395,5.856141399289236,5.8933939933776855,908000
2002-07-01,5.878494481198989,5.915747440675237,5.636351310415031,5.643801689147949,1169000
2002-07-02,5.550669908177658,5.643801956001247,5.442636746913118,5.4761643409729,2827400
2002-07-03,5.409110861707264,5.67733097076416,5.409110861707264,5.67733097076416,1037400
2002-07-05,5.75555986969457,5.997703381334987,5.75555986969457,5.982801914215088,4479400
2002-07-08,6.023781603274616,6.034957706147105,5.763011909183588,5.803989887237549,2180200
2002-07-09,5.796538424255168,5.871043986465019,5.703406382675217,5.718307495117188,795200
2002-07-10,5.755560780741762,5.796539111266882,5.565571308135986,5.565571308135986,1815800
2002-07-11,5.532042374427691,5.77046012878418,5.468712569609129,5.77046012878418,2555800
2002-07-12,5.904572982601832,5.904572982601832,5.695957003527146,5.744385719299316,2222200
2002-07-15,5.625175572376399,5.856142997741699,5.49851593630853,5.856142997741699,1097400
2002-07-16,5.774189037765319,5.97535467433443,5.740661431670467,5.789090156555176,2009800
2002-07-17,6.0722098892766825,6.0722098892766825,5.755561105661795,5.830066680908203,3634000
2002-07-18,5.777912419000657,5.893395961084472,5.699681483443316,5.707131862640381,738600
2002-07-19,5.613999234228981,5.722032385970085,5.453812367677333,5.528317928314209,2839200
2002-07-22,5.405383352445864,5.543218720485831,5.196767439433431,5.237745761871338,2315200
2002-07-23,5.282449240050203,5.293624984988483,4.97325090635042,4.976975917816162,2018600
2002-07-24,4.805613551378679,5.234021186828613,4.805613551378679,5.234021186828613,1788600
2002-07-25,5.1595169418285005,5.178143072051396,4.824241268756486,4.921098709106445,2473800
2002-07-26,4.973253292491889,5.029132399264325,4.86149472367632,4.988154411315918,2312000
2002-07-29,5.140890362999524,5.308528018856657,5.088736275618585,5.282451152801514,2021800
2002-07-30,5.22657024851074,5.412834337890159,5.200493389684199,5.364405632019043,1533600
2002-07-31,5.297351652606355,5.356956113941741,5.226571088317623,5.334604263305664,718400
2002-08-01,5.27872395746242,5.345779138702084,5.081284135809614,5.099910259246826,2134600
2002-08-02,5.047759407846233,5.103638520388775,4.917374338219325,4.991879940032959,1884600
2002-08-05,4.943450149194973,4.976977393953766,4.75346065254199,4.775812149047852,886400
2002-08-06,4.898744992707149,5.133437768034188,4.898744992707149,4.976975917816162,869400
2002-08-07,5.185594217291519,5.215396454323139,4.883846123258006,5.066385269165039,1362200
2002-08-08,5.062657026558775,5.282448666340401,4.980700743614503,5.252646446228027,794200
2002-08-09,5.170691365547063,5.293625640912292,5.137163771307352,5.234021186828613,393200
2002-08-12,5.140888836592596,5.248921992092365,5.114811623009514,5.185592174530029,377800
2002-08-13,5.196769967360704,5.327155020827059,5.066385269165039,5.066385269165039,1398400
2002-08-14,5.11853593026262,5.4091080996025935,5.073832601580426,5.383030891418457,1792800
2002-08-15,5.483613427689817,5.51341564561717,5.327151605935985,5.457536220550537,715800
2002-08-16,5.345781228394177,5.640078570153097,5.345781228394177,5.587924480438232,3721000
2002-08-19,5.602821998211234,5.818888244204811,5.587920890048589,5.792811393737793,2438600
2002-08-20,5.736934655158327,5.744385390359994,5.606549986564635,5.628901481628418,1334400
2002-08-21,5.722033575859016,5.826341737711916,5.628901516878606,5.803989887237549,1280200
2002-08-22,5.848691836958925,5.900845905437323,5.748109422007655,5.871043682098389,1566000
2002-08-23,5.777910647876897,5.7965371230657805,5.606547715626006,5.658701419830322,1902000
2002-08-26,5.643803571071655,5.722034527841411,5.5432211153794935,5.695957660675049,1284800
2002-08-27,5.707130393161672,5.725756869264229,5.483613745742439,5.505965232849121,2273600
2002-08-28,5.438912636151104,5.4575387645854345,5.323428721396873,5.353230953216553,2237800
2002-08-29,5.252648728758963,5.472440108780129,5.237747612227517,5.427736759185791,1332600
2002-08-30,5.345779263477311,5.397932978751669,5.286174459167197,5.289899826049805,3210400
2002-09-03,5.159516932286351,5.200494916079859,5.029131889343262,5.029131889343262,2919800
2002-09-04,5.036581048071916,5.19304255321766,5.029130314113735,5.185592174530029,1838400
2002-09-05,5.047757208065636,5.077559435803467,4.976976650735352,5.010504245758057,785800
2002-09-06,5.092461220393825,5.222846250372614,5.0738347367867656,5.178142547607422,5887800
2002-09-09,5.096185797942465,5.256372679474707,5.055207469307009,5.234021186828613,1398400
2002-09-10,5.278724338194016,5.338328790141382,5.230295632169143,5.323427677154541,580000
2002-09-11,5.476165248290392,5.476165248290392,5.330879456987106,5.353230953216553,1437000
2002-09-12,5.271272409119417,5.30852536077692,5.155788898468018,5.155788898468018,680800
2002-09-13,5.1222634520568695,5.230296630653062,5.111087704000885,5.178142547607422,493600
2002-09-16,5.140890304745497,5.166967170505149,5.05148360333756,5.092461585998535,401600
2002-09-17,5.166967313307598,5.22284676968492,5.014230772030109,5.029131889343262,757200
2002-09-18,4.943448683001321,5.047756464723164,4.895019981241406,4.976975917816162,1211000
2002-09-19,4.86149358218244,4.887570445183889,4.75346040725708,4.75346040725708,2299400
2002-09-20,4.8428655794928055,4.8428655794928055,4.742282816158114,4.77953577041626,2982600
2002-09-23,4.671501638415432,4.705029219081377,4.58209499348653,4.630523681640625,1797000
2002-09-24,4.567193972953101,4.678952458877208,4.529941025888253,4.556017875671387,2655600
2002-09-25,4.660328924564451,4.79816434720302,4.585823338715312,4.731109142303467,2690200
2002-09-26,4.805614712231476,4.824241197449715,4.645427792004197,4.675230026245117,3233800
2002-09-27,4.63797625187684,4.73855904145824,4.556019944285024,4.5597453117370605,2185600
2002-09-30,4.522490590751055,4.522490590751055,4.36602878354865,4.407006740570068,3170600
2002-10-01,4.447986091957637,4.6566020187151125,4.392107009841272,4.645426273345947,2156800
2002-10-02,4.611898210552843,4.712480619135161,4.507590435471418,4.541117668151856,5077800
2002-10-03,4.544844581985664,4.645427380082839,4.51131698261994,4.529943466186523,1044400
2002-10-04,4.596999037613863,4.596999037613863,4.395833780380921,4.433086395263672,2278200
2002-10-07,4.418183923583724,4.485239107191597,4.32877724895359,4.354854106903076,1374800
2002-10-08,4.399557799488687,4.4368104029493045,4.254271686761811,4.354854106903076,2372200
2002-10-09,4.284073453511671,4.403282340270651,4.246820498764237,4.313875675201416,1965000
2002-10-10,4.325051384990796,4.570920244874195,4.269172308586231,4.541117668151856,2984600
2002-10-11,4.656602281386169,4.861492852821272,4.649151547206082,4.827965259552002,4996600
2002-10-14,4.7162069304597605,4.842866574639785,4.7162069304597605,4.835415840148926,1476000
2002-10-15,5.047757587130617,5.155790759610729,5.006779254460867,5.140889644622803,5464000
2002-10-16,4.917372681206798,4.980702510225747,4.835416369193345,4.8614935874938965,2210600
2002-10-17,5.140890861744089,5.159517348706524,5.010505808277735,5.066385269165039,3150200
2002-10-18,5.066384222196959,5.144615167056212,4.954625678787937,5.133439064025879,1247200
2002-10-21,5.051481693395082,5.278723729038728,5.036580582127802,5.237745761871338,2944600
2002-10-22,5.137164034937736,5.308527026857648,5.07755957779526,5.215394973754883,5402600
2002-10-23,5.200493193814686,5.356955051422119,5.133438010477059,5.356955051422119,1502800
2002-10-24,5.401660084179453,5.450088803428713,5.24519817745743,5.271275043487549,3005000
2002-10-25,5.248921930305996,5.416559534415707,5.248921930305996,5.412834167480469,1373400
2002-10-28,5.494790578710622,5.532043538301627,5.37185630943908,5.401658535003662,1220200
2002-10-29,5.379306876915231,5.438911685406042,5.18186703680552,5.312252044677734,2317600
2002-10-30,5.312252756458216,5.520868370681163,5.289900905870451,5.494791507720947,1708600
2002-10-31,5.520867574858901,5.60654924194544,5.453812743302654,5.498516082763672,4234400
2002-11-01,5.438911221702062,5.673603647430027,5.379306418292963,5.66242790222168,1282200
2002-11-04,5.904573552532789,6.016331755579814,5.826342597237473,5.882221698760986,6071800
2002-11-05,5.792813644070712,5.893396074424189,5.740659567605951,5.844967365264893,2855800
2002-11-06,5.904572618695807,5.95300097621265,5.774187595401088,5.93809986114502,1619200
2002-11-07,5.844967211949159,5.844967211949159,5.684780329992336,5.703406810760498,1449200
2002-11-08,5.733208450839126,5.811439377838627,5.628900311326103,5.66242790222168,2894000
2002-11-11,5.647525469709113,5.647525469709113,5.438909950001639,5.464986801147461,1722200
2002-11-12,5.505967305731972,5.707132541779076,5.505967305731972,5.617725849151611,661600
2002-11-13,5.587922605204128,5.699681128362322,5.513417041522184,5.643801689147949,3293200
2002-11-14,5.77418627861159,5.871043682098389,5.718307198668721,5.871043682098389,3078600
2002-11-15,5.789089626041356,5.900848184359044,5.736935537420925,5.882221698760986,1837600
2002-11-18,5.956725800749535,5.967901902484337,5.811440030902837,5.815165042877197,2332200
2002-11-19,5.792813098046881,5.822615323140312,5.681054576311238,5.72203254699707,1701800
2002-11-20,5.707133209267568,5.997705527197184,5.707133209267568,5.960452556610107,2580400
2002-11-21,6.128090036019785,6.277101194867237,6.075935597517237,6.269650459289551,7346800
2002-11-22,6.165342521030347,6.288276820447455,6.146716391937956,6.2472991943359375,2595200
2002-11-25,6.258472657993155,6.377682263270685,6.243571901421627,6.340429306030273,3775200
2002-11-26,6.277099209192065,6.329252920655241,6.157890319824219,6.157890319824219,3468400
2002-11-27,6.314351553113273,6.4298350646844025,6.25474711420295,6.407483577728272,2463600
2002-11-29,6.444736351097984,6.444736351097984,6.351604318795753,6.3702311515808105,869600
2002-12-02,6.556495309398255,6.631000509974661,6.314352164078135,6.388857364654541,3563200
2002-12-03,6.277098320780316,6.29572444065496,6.157889448284366,6.165339469909668,6049400
2002-12-04,6.008878592248898,6.142988950171274,5.967900979971202,6.072208404541016,3542200
2002-12-05,6.161617297700686,6.161617297700686,5.934374848831068,5.93809986114502,1951800
2002-12-06,5.88594300067043,6.049855179100256,5.81143746502051,5.99397611618042,1987600
2002-12-09,5.88594771414728,5.908299215106167,5.695958179643229,5.710859298706055,2260200
2002-12-10,5.718308563505464,5.856143968163998,5.718308563505464,5.803989887237549,6605800
2002-12-11,5.770460543383833,5.915746639336283,5.718306833506418,5.848691463470459,1468200
2002-12-12,5.904570957245912,5.919472068120613,5.789087081514102,5.822614669799805,1327000
2002-12-13,5.777912854770783,5.789088602044543,5.681055431009932,5.692231178283691,1067600
2002-12-16,5.70340844523364,5.90829872658882,5.70340844523364,5.885947227478027,3185200
2002-12-17,5.897120969005194,5.964176154045962,5.837516517978092,5.856142997741699,5131800
2002-12-18,5.7667378809568905,5.800265484611168,5.662430057020772,5.695957660675049,1610600
2002-12-19,5.725758084639162,5.8151647625847165,5.613999559571941,5.6736040115356445,4875000
2002-12-20,5.752418636454706,5.782301302911914,5.6963887259048125,5.7337422370910645,3538600
2002-12-23,5.715068070250033,5.838334214279201,5.700126730253457,5.804716110229492,2141800
2002-12-24,5.744951248168945,5.812187462095852,5.733745331257686,5.744951248168945,1050600
2002-12-26,5.786037205788153,5.85327338901536,5.677712441827383,5.715065956115723,1577800
2002-12-27,5.71133137952333,5.730008139434294,5.6030065995152185,5.614212512969971,2507600
2002-12-30,5.6702443815168255,5.6702443815168255,5.509624699997968,5.558184146881104,7433600
2002-12-31,5.591800094911458,5.595535161515138,5.498416661458433,5.528299331665039,4342200
2003-01-02,5.565653965588547,5.827127933502197,5.55818347417281,5.827127933502197,4144400
2003-01-03,5.808449269513941,5.864479183597072,5.752418999201304,5.8495378494262695,3162400
2003-01-06,5.886889650245108,6.1483627440467945,5.886889650245108,6.107274532318115,2575600
2003-01-07,6.133422857890645,6.226806274903317,6.088598504242633,6.1707763671875,3594400
2003-01-08,6.069923769909295,6.107277289446715,5.969069480895996,5.969069480895996,3033600
2003-01-09,6.084866033916607,6.196925890589213,6.062453492614731,6.144631385803223,1743600
2003-01-10,6.032569296699298,6.238013265447467,6.032569296699298,6.178247928619385,1583600
2003-01-13,6.294044765519762,6.312721170812132,6.125954268051659,6.144631385803223,2677400
2003-01-14,6.1595691667533945,6.249217147998156,6.144628192775346,6.230540752410889,1894800
2003-01-15,6.256687830556051,6.267894095095948,6.08859742475162,6.107274532318115,1816000
2003-01-16,6.096070290059288,6.144630073382359,5.957862854283576,5.976539611816406,2588400
2003-01-17,5.808451090201798,5.842069191681239,5.677714108054996,5.685184955596924,5678600
2003-01-21,5.737477051220166,5.752418383792505,5.647829055786133,5.647829055786133,2873800
2003-01-22,5.640360600260577,5.744949965958359,5.610477924346924,5.610477924346924,2727800
2003-01-23,5.752420795378205,5.752420795378205,5.58433064441364,5.707596778869629,1054800
2003-01-24,5.677713054170836,5.688918967174094,5.457328079805957,5.483475685119629,2671800
2003-01-27,5.397565588112106,5.539508534012343,5.390095094238272,5.423713207244873,3370400
2003-01-28,5.509622335583344,5.5395050044983165,5.4050329943809405,5.498416423797607,1193200
2003-01-29,5.490945580178158,5.603005766759245,5.405032996078015,5.5768585205078125,1993400
2003-01-30,5.636625470604359,5.636625470604359,5.393828270859635,5.40503454208374,1759800
2003-01-31,5.337797162056427,5.4311805976111085,5.278031820298157,5.397562503814697,1676200
2003-02-03,5.390091776289651,5.49094569699763,5.386356353537257,5.446121692657471,2158200
2003-02-04,5.345270271848821,5.378888023654297,5.296710822045772,5.35274076461792,1377200
2003-02-05,5.453593634799833,5.505888138930915,5.322856662012941,5.334062576293945,1449400
2003-02-06,5.289236429320513,5.386355263858128,5.270559675566441,5.304177761077881,844200
2003-02-07,5.360210447037956,5.386357700383731,5.20706128196091,5.244414806365967,1116400
2003-02-10,5.24067925041032,5.322856788289605,5.18464932144648,5.300444602966309,1139000
2003-02-11,5.319121970313717,5.378887329674377,5.23694477930763,5.281768798828125,639000
2003-02-12,5.270562188563847,5.322857052763485,5.21079683303833,5.21079683303833,574800
2003-02-13,5.244416246395802,5.251887095820028,5.136091423352465,5.225739479064941,1257000
2003-02-14,5.274297681546329,5.393828394165743,5.233209088140812,5.390093326568604,2567600
2003-02-18,5.434914383286338,5.584327692671967,5.434914383286338,5.565650939941406,2075400
2003-02-19,5.546976089601549,5.573123336974947,5.4423863876489005,5.528299331665039,1064400
2003-02-20,5.52829909063043,5.56191718220449,5.434915661248935,5.442386150360107,960800
2003-02-21,5.472269531583028,5.550711636723387,5.36020968672214,5.509623050689697,916600
2003-02-24,5.490947389060176,5.498418236867142,5.390093437273554,5.416240692138672,1383600
2003-02-25,5.322857110530788,5.44985867051563,5.259356330538366,5.431181907653809,882800
2003-02-26,5.39756226544747,5.442386269786654,5.274296164457333,5.2892374992370605,1415000
2003-02-27,5.307914612648596,5.41250396311909,5.285502430861575,5.341532707214356,1917200
2003-02-28,5.360212406283458,5.442389620044327,5.360212406283458,5.423713207244873,1851200
2003-03-03,5.434914930587289,5.490944838191807,5.304178004537463,5.330325603485107,1388800
2003-03-04,5.315383783976426,5.337795960204245,5.25561845567485,5.270559787750244,712200
2003-03-05,5.248149270480721,5.330326795408742,5.248149270480721,5.322855949401856,776000
2003-03-06,5.251884459302072,5.311649799774037,5.233207701347202,5.255619525909424,1019600
2003-03-07,5.121148795003819,5.28550352254667,5.121148795003819,5.22947359085083,1616800
2003-03-10,5.195852374806713,5.221999613094126,5.106204395338951,5.121145725250244,767800
2003-03-11,5.1211479937356765,5.184648763044596,5.083794474296466,5.095000743865967,697200
2003-03-12,5.087528126528972,5.173441048841231,5.012821469885337,5.162234783172607,884000
2003-03-13,5.285501498044133,5.449856518863795,5.210794832321324,5.438650608062744,2896200
2003-03-14,5.49094689604031,5.528300419261987,5.3900929533091375,5.457328796386719,2836600
2003-03-17,5.416240493449075,5.711332202636081,5.378886968243786,5.707596778869629,5973400
2003-03-18,5.744948147955146,5.748683570319668,5.644093881489958,5.7337422370910645,2887400
2003-03-19,5.688917997526838,5.748683687893078,5.614211329855902,5.722536087036133,2966600
2003-03-20,5.666506530032686,5.778566716668193,5.603005769480216,5.715065956115723,1280400
2003-03-21,5.827124826660073,5.830859892261709,5.726270574597802,5.8009772300720215,3290600
2003-03-24,5.632887107279654,5.677711100095342,5.550709609002843,5.565650939941406,1847400
2003-03-25,5.54697643784634,5.677713039150635,5.532035101805005,5.644094944000244,1304000
2003-03-26,5.659036882361005,5.659036882361005,5.576859703501911,5.6254191398620605,2671200
2003-03-27,5.565654757302838,5.63289097075694,5.517095665618956,5.561919689178467,1021400
2003-03-28,5.584330219390551,5.5992715570895575,5.487211346232206,5.490946769714356,845400
2003-03-31,5.382621291556092,5.434916144906111,5.341532707214356,5.341532707214356,2439200
2003-04-01,5.360210525876163,5.453593982032685,5.356475102134795,5.40503454208374,1305200
2003-04-02,5.509623270525233,5.666507487065672,5.509623270525233,5.636624813079834,3119000
2003-04-03,5.715068983877905,5.718804408531616,5.617950080259619,5.62168550491333,2762600
2003-04-04,5.647832192097815,5.659038108692488,5.513360124272747,5.558184146881104,798200
2003-04-07,5.789773492123941,5.789773492123941,5.573123931884766,5.573123931884766,1554400
2003-04-08,5.60300721848142,5.60300721848142,5.49468242650663,5.517094612121582,2225200
2003-04-09,5.49094593936938,5.576858885319045,5.38262116837513,5.397562503814697,2548200
2003-04-10,5.397563805748454,5.446123246697342,5.352739788617854,5.431181907653809,1067400
2003-04-11,5.5245636668410665,5.546975846629071,5.3639440543439845,5.382620811462402,1287600
2003-04-14,5.37888713669475,5.5245654620820535,5.37888713669475,5.513359546661377,1345600
2003-04-15,5.505888457510414,5.558183320896953,5.472270356492611,5.52456521987915,706400
2003-04-16,5.632887107279654,5.677711100095342,5.546974543440274,5.565650939941406,1124600
2003-04-17,5.565652371067015,5.696389317568594,5.528299212230506,5.681447982788086,2423600
2003-04-21,5.696391116891769,5.72253837195943,5.617948995459156,5.659037590026856,3037600
2003-04-22,5.603007733633581,5.782303810119629,5.599272309649379,5.782303810119629,1659800
2003-04-23,5.786037795127906,5.88315665718607,5.763625969255745,5.879421234130859,1962600
2003-04-24,5.819657085856837,5.875687018278549,5.756156305789764,5.827127933502197,782400
2003-04-25,5.800979145288288,5.800979145288288,5.700125216158125,5.718801975250244,1581400
2003-04-28,5.715066075209601,5.871950268522653,5.711330652457024,5.838332176208496,997800
2003-04-29,5.88315760721362,5.954128875575487,5.830862744684618,5.898098945617676,1180600
2003-04-30,5.879418593484541,5.898095344142678,5.830859184265137,5.830859184265137,1018000
2003-05-01,5.815920702719658,5.9167749919187465,5.774832116136453,5.886892318725586,969800
2003-05-02,5.879420174767325,6.010157108306885,5.879420174767325,6.010157108306885,1167600
2003-05-05,6.028833504919185,6.084864128166157,5.9914807060331645,5.99521541595459,1858600
2003-05-06,6.010158408662321,6.163307197171054,6.010158408662321,6.103541851043701,2328200
2003-05-07,6.069922802306497,6.114747161097803,5.991481064995478,6.028833866119385,2072200
2003-05-08,5.991482627510143,6.013894456521055,5.9317169189453125,5.9317169189453125,1228600
2003-05-09,6.006423220585943,6.096071243286133,6.002687797249374,6.096071243286133,739800
2003-05-12,6.10354148778679,6.211865904023436,6.066187970565537,6.189454078674316,1005000
2003-05-13,6.125952724550553,6.211865307183545,6.125952724550553,6.178247928619385,1424400
2003-05-14,6.200660469384533,6.234278564298149,6.103541607685098,6.15583610534668,1082800
2003-05-15,6.19692611057777,6.256691464586034,6.144631603935345,6.2193379402160645,1354400
2003-05-16,6.189454918644156,6.219337593984715,6.125954144488071,6.1633076667785645,2263800
2003-05-19,6.099808160901111,6.125955418203269,5.939188480377197,5.939188480377197,1921200
2003-05-20,5.957865122551701,6.021366264831178,5.90183518485111,5.950394630432129,3637600
2003-05-21,5.976541046531714,5.976541046531714,5.894363507397613,5.957864284515381,1881000
2003-05-22,5.965335354407861,6.04377747281981,5.931717252769937,6.021365642547607,5500200
2003-05-23,5.980274797182898,6.051246401744543,5.980274797182898,6.028833866119385,595800
2003-05-27,5.976541684264914,6.211867699600759,5.976541684264914,6.185720443725586,1399200
2003-05-28,6.21186495104511,6.267895574510728,6.163305884828409,6.226806640625,1882600
2003-05-29,6.223074783783575,6.357547217213609,6.219339359248365,6.241751194000244,1460000
2003-05-30,6.286575535924882,6.361282601234518,6.286575535924882,6.331399917602539,2174800
2003-06-02,6.3500745404489125,6.447193413033233,6.294044613466198,6.2977800369262695,1386200
2003-06-03,6.249218709204464,6.361279248099971,6.249218709204464,6.353808403015137,1720800
2003-06-04,6.379957063296928,6.51442945481116,6.353809812160084,6.488282203674316,5049000
2003-06-05,6.443457835683186,6.495752337956873,6.387427910038642,6.488282203674316,1011200
2003-06-06,6.641427436689898,6.667574673799662,6.409836299151404,6.424777984619141,1690200
2003-06-09,6.417312543987057,6.447195227619036,6.290310960436302,6.331399917602539,2334000
2003-06-10,6.338869306059433,6.4397236185869104,6.335133881988864,6.421047210693359,1137600
2003-06-11,6.368749972728952,6.510693192699038,6.338867302070892,6.462133407592773,918400
2003-06-12,6.5331057361436535,6.544312006045136,6.435986867708243,6.492016792297363,1967800
2003-06-13,6.495753701487796,6.521900958113239,6.33886944927583,6.350075721740723,2936800
2003-06-16,6.421045886126949,6.5181647545496775,6.368750672386006,6.506958484649658,4128200
2003-06-17,6.581663840834413,6.581663840834413,6.477074152586491,6.536839485168457,2267200
2003-06-18,6.480808294307648,6.656368835018637,6.477072872702032,6.600338935852051,874400
2003-06-19,6.630225804674896,6.686255739405645,6.54804861456708,6.551784038543701,797200
2003-06-20,6.574194674193117,6.611548194705976,6.5144293263562,6.544312000274658,778600
2003-06-23,6.51069162257066,6.529368020055768,6.353807461335503,6.413572788238525,3413600
2003-06-24,6.394897698685526,6.4434567695538085,6.346337915358203,6.387426853179932,1206400
2003-06-25,6.368752980773326,6.469607309051232,6.290311200419002,6.323929309844971,1194000
2003-06-26,6.323927845714776,6.462134963615149,6.312721574347487,6.443458557128906,3227400
2003-06-27,6.458398702028263,6.506957774712047,6.357544421309172,6.394897937774658,1001600
2003-06-30,6.432252063619412,6.4770764350812895,6.357545727795234,6.376222133636475,1116400
2003-07-01,6.316455128022161,6.4658684730529785,6.2641606353761325,6.4658684730529785,1207800
2003-07-02,6.477072872702032,6.604074357457666,6.477072872702032,6.600338935852051,1607200
2003-07-03,6.529371501800494,6.626490387920641,6.518165942317696,6.521900653839111,1528600
2003-07-07,6.600343294232071,6.760962967040809,6.600343294232071,6.746021270751953,1470400
2003-07-08,6.746021727474187,6.828199637707956,6.689991787516198,6.798316955566406,1561800
2003-07-09,6.798316242000587,6.876758007216488,6.749756443330421,6.7908453941345215,2366600
2003-07-10,6.71613645950023,6.749754553023326,6.607812045616197,6.633959293365479,2022400
2003-07-11,6.660106419769653,6.760960698501405,6.660106419769653,6.72734260559082,690800
2003-07-14,6.858083667372043,6.891701780444218,6.738552915319634,6.757229328155518,989600
2003-07-15,6.854344252484772,6.854344252484772,6.704930899390908,6.768431663513184,1414800
2003-07-16,6.854346431468281,6.854346431468281,6.682520486442901,6.746021270751953,978400
2003-07-17,6.61528278518465,6.648900881788657,6.480811111227758,6.540576457977295,1333000
2003-07-18,6.581664679556434,6.59287023555666,6.469604132340802,6.555516719818115,423200
2003-07-21,6.506959466884228,6.555518552196082,6.38742875307728,6.4098405838012695,936400
2003-07-22,6.525633576766362,6.57419335744476,6.462132818350843,6.548046112060547,839600
2003-07-23,6.592871428351023,6.592871428351023,6.469605302833631,6.585400581359863,494400
2003-07-24,6.611548200535739,6.66757812512486,6.462134118352556,6.492016792297363,1099600
2003-07-25,6.499485867347764,6.633958219676137,6.421044136795515,6.630222797393799,693400
2003-07-28,6.611548180941119,6.667578105364184,6.592871064494002,6.641430854797363,1909200
2003-07-29,6.641431706421161,6.652637265267165,6.521900283209653,6.577930927276611,1697200
2003-07-30,6.619020263225686,6.619020263225686,6.521901366493268,6.529372215270996,400800
2003-07-31,6.648900274855697,6.704930905720473,6.570458531579518,6.574193954467773,2461800
2003-08-01,6.5629882848935885,6.600341804726832,6.521899341831107,6.540576457977295,2422400
2003-08-04,6.574194428092551,6.630224350534824,6.473340140220988,6.596606254577637,677800
2003-08-05,6.61154575913416,6.61154575913416,6.406101828224772,6.432249069213867,666600
2003-08-06,6.36127912903197,6.48080979831598,6.327661039238468,6.372484683990479,1286400
2003-08-07,6.346337557930303,6.394897338522723,6.320190312592385,6.353808403015137,902800
2003-08-08,6.379957804389822,6.421046753782968,6.31272160082258,6.346339702606201,650000
2003-08-11,6.34260403315487,6.42851663995932,6.335133185834688,6.376222133636475,875400
2003-08-12,6.394898286838779,6.488281726870274,6.372485748260663,6.473340034484863,448200
2003-08-13,6.533105017577816,6.536840440467457,6.4359861598243535,6.462133407592773,529200
2003-08-14,6.454663864690319,6.5443118848647375,6.435986748533691,6.51816463470459,458800
2003-08-15,6.488282203674316,6.555517686972274,6.488282203674316,6.488282203674316,549200
2003-08-18,6.57793125039522,6.68999111911523,6.544313147287363,6.6787848472595215,654200
2003-08-19,6.719871878470761,6.768431663513184,6.671312805887405,6.768431663513184,1002000
2003-08-20,6.723606349502046,6.77590083756686,6.675047283793143,6.731077194213867,1089800
2003-08-21,6.798315406231378,6.846874486472537,6.731079208621173,6.794579982757568,614200
2003-08-22,6.891699946891465,6.962670866753429,6.768433802575226,6.783374786376953,668400
2003-08-25,6.742285251617432,6.783374200326054,6.708667150393873,6.742285251617432,733200
2003-08-26,6.704932901455196,6.802051075620979,6.641432118371858,6.77963924407959,757600
2003-08-27,6.787108892846105,6.846874241369221,6.74975537190437,6.824462413787842,409000
2003-08-28,6.854344484624103,6.891698002277405,6.768431892742872,6.8655500411987305,1086400
2003-08-29,6.843137979181354,6.925315857671448,6.828197000111652,6.887962341308594,582000
2003-09-02,6.966404786809725,7.048582673584985,6.884227612493602,7.037376403808594,881200
2003-09-03,7.108350394738093,7.171851186426324,7.063526013121951,7.112085819244385,1388400
2003-09-04,7.13076124840494,7.209203014868474,7.089672296947311,7.179320335388184,777400
2003-09-05,7.138230442961657,7.246554863814298,7.115817904198396,7.141965866088867,1063200
2003-09-08,7.171847700614291,7.276436686118459,7.171847700614291,7.272701263427734,937400
2003-09-09,7.246553176567129,7.254024021082079,7.168111446536992,7.194258689880371,970800
2003-09-10,7.164376607458093,7.164376607458093,6.97760975413524,6.981345176696777,1121200
2003-09-11,7.048584216044513,7.108349576345596,6.962670887209824,7.063525199890137,629000
2003-09-12,6.985084136280279,7.0934085955808746,6.958936165109024,7.0709967613220215,585600
2003-09-15,7.1232897264865045,7.1232897264865045,7.018700714430279,7.029906272888184,542000
2003-09-16,7.0299071606937815,7.227880363809536,7.0299071606937815,7.209203243255615,424400
2003-09-17,7.205467463477628,7.257761968357953,7.168113940366311,7.197996616363525,624200
2003-09-18,7.171850865992949,7.321264277272106,7.149438319956569,7.298852443695068,888400
2003-09-19,7.313788172716791,7.328729859336898,7.160639447154856,7.306317329406738,515000
2003-09-22,7.197992552926575,7.220404369157687,7.115814705981177,7.168109893798828,823200
2003-09-23,7.171850427066375,7.220409515587968,7.115819777863915,7.209203243255615,577200
2003-09-24,7.250290551725827,7.250290551725827,6.958933949294964,6.962669372558594,1216600
2003-09-25,7.007490604425855,7.0560496602116185,6.910371780395508,6.910371780395508,1365400
2003-09-26,6.9215813943722,6.966405050254561,6.8655507558305,6.873021602630615,787200
2003-09-29,6.929049619057401,6.985080242156982,6.858078731393476,6.985080242156982,604600
2003-09-30,6.940257808403507,7.007494004778153,6.802049992249047,6.828197956085205,873800
2003-10-01,6.880488435841847,6.985078092655779,6.835664093647662,6.977607250213623,1245400
2003-10-02,6.962669372558593,7.000022892735751,6.914110295049685,6.962669372558594,593400
2003-10-03,7.048579257761868,7.23908076442732,7.048579257761868,7.175580024719238,1815600
2003-10-06,7.216670870136256,7.227877137466411,7.153170113516673,7.212935447692871,1340400
2003-10-07,7.186792337974719,7.265234829499792,7.145703379915901,7.261499404907227,546400
2003-10-08,7.272704028220344,7.291381148774265,7.175585138717859,7.209203243255615,423400
2003-10-09,7.302585495023041,7.369821692924501,7.224143739110794,7.239084720611572,1000200
2003-10-10,7.283910746337481,7.306322579914519,7.231616230504611,7.298852443695068,650400
2003-10-13,7.3249987371410175,7.377293246088354,7.27643893958199,7.321263313293457,519600
2003-10-14,7.302585124969482,7.317526818172283,7.254026046978672,7.302585124969482,440600
2003-10-15,7.451995574549973,7.451995574549973,7.317523251112334,7.347405910491943,2073400
2003-10-16,7.339938042599267,7.377291560078826,7.283908122609473,7.373556137084961,486400
2003-10-17,7.351144319862175,7.395967970920871,7.235349056758276,7.254025459289551,689000
2003-10-20,7.254026513369307,7.347409964513371,7.239084819205845,7.339939117431641,891000
2003-10-21,7.373558280868521,7.399705536968522,7.324999192748418,7.38102912902832,450400
2003-10-22,7.283907531499908,7.336202024251992,7.250289439742417,7.272701263427734,949200
2003-10-23,7.190525645349248,7.250290996313858,7.153172122881571,7.216672897338867,1104400
2003-10-24,7.10087895172223,7.1270262086196325,7.003760060060933,7.108349800109863,737600
2003-10-27,7.171850330483903,7.201733010508449,7.11955510609648,7.145702362060547,488600
2003-10-28,7.17931994071057,7.321263194783188,7.175584516923476,7.317527770996094,702800
2003-10-29,7.321261168196198,7.351143837761936,7.246554138052333,7.328732013702393,411200
2003-10-30,7.395969652866904,7.418382195952262,7.3100570417507775,7.321263313293457,982200
2003-10-31,7.369820239068382,7.384761930080772,7.313790322690004,7.328732013702393,1413200
2003-11-03,7.388497586339648,7.504292845509091,7.388497586339648,7.5005574226379395,1227200
2003-11-04,7.470674634293918,7.489351035896032,7.407173871404058,7.437056541442871,886400
2003-11-05,7.433321592658726,7.470675110704066,7.358615269027144,7.459468841552734,380600
2003-11-06,7.508030052145296,7.530441882237765,7.4221174430748,7.519235610961914,836200
2003-11-07,7.549121420972797,7.579004823441429,7.466944201562644,7.48935604095459,388600
2003-11-10,7.5005602095973245,7.5005602095973245,7.377294058883965,7.39223575592041,667000
2003-11-11,7.414645077558384,7.422115923546113,7.354879734574726,7.373556137084961,332000
2003-11-12,7.414640372637562,7.545377244628082,7.403434110766843,7.530435562133789,607000
2003-11-13,7.451996090629386,7.508025991789089,7.418378007441795,7.466937065124512,892000
2003-11-14,7.4706762063762895,7.508029729900012,7.3474100774694495,7.366086483001709,704200
2003-11-17,7.268967751069159,7.336203952254253,7.1942614149984445,7.265233039855957,1317800
2003-11-18,7.336199584713727,7.343670427610863,7.171845315729462,7.175580024719238,793600
2003-11-19,7.153171175718854,7.261496305285696,7.153171175718854,7.254025459289551,1254000
2003-11-20,7.171848538647435,7.2988500751361265,7.141965866088866,7.141965866088867,704600
2003-11-21,7.17931581412352,7.224140161344897,7.138227601000989,7.201728343963623,362600
2003-11-24,7.298851110911074,7.39223456496597,7.276438568967265,7.384763717651367,1031800
2003-11-25,7.410910732431861,7.440793408269926,7.369821785982326,7.377292633056641,557200
2003-11-26,7.4071741104125985,7.448263050213935,7.336202499608218,7.407174110412598,354400
2003-11-28,7.399704805557265,7.459470160009661,7.392234670595133,7.433322906494141,194200
2003-12-01,7.470678311045664,7.541649954489231,7.433324776998555,7.508031845092773,1013800
2003-12-02,7.496822838015987,7.545382628311555,7.4744110107421875,7.4744110107421875,730800
2003-12-03,7.541645640126694,7.57152830777747,7.43705594711948,7.448262214660644,531000
2003-12-04,7.433323232919979,7.541648387908935,7.414646826005661,7.541648387908935,486800
2003-12-05,7.466939452418684,7.500557546354491,7.399703264547068,7.407174110412598,746400
2003-12-08,7.377292740129974,7.444528939856276,7.347410063858195,7.425851821899414,644400
2003-12-09,7.463205507279606,7.489352760527317,7.254026768838703,7.265233039855957,725200
2003-12-10,7.306317329406737,7.339935411843146,7.239081164533921,7.306317329406738,1032400
2003-12-11,7.317529377098273,7.470678223687107,7.295117541915842,7.444530963897705,732600
2003-12-12,7.463200446895231,7.466935868034866,7.388494161478726,7.451994895935059,405800
2003-12-15,7.582735577061398,7.582735577061398,7.35114502852779,7.358615875244141,1785200
2003-12-16,7.36982071186759,7.418380498314091,7.328732483865651,7.395967960357666,1575000
2003-12-17,7.403440123478661,7.403440123478661,7.332468498908359,7.384763717651367,553200
2003-12-18,7.369823982856291,7.534179105187928,7.369823982856291,7.508031845092773,1358400
2003-12-19,7.534738922997843,7.561070895394712,7.436933941600591,7.48207426071167,2056600
2003-12-22,7.463264356266358,7.519690102124255,7.448217108041701,7.493358135223389,760600
2003-12-23,7.512168632200469,7.561071485461698,7.504645723423157,7.5535478591918945,1053000
2003-12-24,7.553544930855766,7.57235327174622,7.523451154935712,7.538498401641846,1895200
2003-12-26,7.572356207373911,7.583641646778616,7.54226241978719,7.5535478591918945,611200
2003-12-29,7.5685940025781315,7.692730947868044,7.561070377410892,7.688969135284424,1233800
2003-12-30,7.692730603084143,7.707777135251859,7.6551131964263215,7.677683353424072,760000
2003-12-31,7.722824998453763,7.722824998453763,7.643828366447194,7.666398525238037,704000
2004-01-02,7.69649210658209,7.767965111276925,7.666398323156748,7.704015731811523,543600
2004-01-05,7.749154137084719,7.910908437186478,7.749154137084719,7.892099380493164,1341200
2004-01-06,7.910909524813096,7.9748588913781076,7.865768500035104,7.963573455810547,925800
2004-01-07,7.993670373576685,8.02000234942025,7.903389006044805,8.00119400024414,1021600
2004-01-08,8.106516957799878,8.166704499433804,8.031282889503517,8.159181594848633,3746400
2004-01-09,8.016238058769492,8.166706958155448,8.016238058769492,8.050093650817871,1046400
2004-01-12,8.087710104594331,8.177991433616317,7.993666963843235,8.174229621887207,877600
2004-01-13,8.181756054562992,8.196803306645931,8.008716960564023,8.057619094848633,2270400
2004-01-14,8.095235597785008,8.162946789563607,8.06890362709164,8.155423164367676,2025000
2004-01-15,8.136612997193545,8.241941583165724,8.102758123390933,8.189277648925781,694000
2004-01-16,8.215609356264919,8.29836706709547,8.200562108390855,8.294605255126953,1032600
2004-01-20,8.354787321099872,8.366072749588945,8.26074423616633,8.313408851623535,1430200
2004-01-21,8.24570127024186,8.294603379791704,8.181751916219996,8.249463081359863,1271400
2004-01-22,8.238176626100987,8.302125972190252,8.155418944246888,8.170465469360352,959400
2004-01-23,8.166708495966473,8.238181505692959,8.09523620373243,8.14413833618164,1321000
2004-01-26,8.181753766040542,8.305890691032502,8.14413636384765,8.294605255126953,7664200
2004-01-27,8.264516829297978,8.317181513472663,8.151665267124448,8.166711807250977,957000
2004-01-28,8.181753213391035,8.238178954122874,8.00495236776668,8.03128433227539,7795000
2004-01-29,8.03880723409193,8.08770934700518,7.892099460367867,7.989904403686523,1299000
2004-01-30,7.986145884033142,8.046333455884666,7.9635757239619345,7.993669509887695,721800
2004-02-02,8.031286921668011,8.087712680592256,7.944767376818003,7.993669509887695,4168200
2004-02-03,7.967339776741009,8.035050993482685,7.967339776741009,8.00495719909668,1066200
2004-02-04,7.862012553507999,7.914677241287346,7.783016598078153,7.8093485832214355,1374800
2004-02-05,7.80934082607322,7.865766554973463,7.779247056160286,7.820626258850098,597600
2004-02-06,7.816868227812753,7.986145496368408,7.816868227812753,7.986145496368408,1297800
2004-02-09,7.956049548682458,7.997428760130555,7.9221939606780545,7.925955772399902,835400
2004-02-10,7.91843142251286,8.01247455445478,7.91843142251286,7.989904403686523,451000
2004-02-11,7.974858099990468,8.080185951533126,7.974858099990468,8.053853988647461,1346400
2004-02-12,8.004952257137498,8.080186337909469,7.978619575500487,7.978619575500488,675200
2004-02-13,8.01999549323246,8.072659399897917,7.903382249548131,7.929714202880859,2313200
2004-02-17,8.023762202318665,8.065141421387011,7.986144795664927,8.046332359313965,714400
2004-02-18,8.023758339803285,8.061375728348583,7.997426383069178,8.008711814880371,1474800
2004-02-19,8.10652058869347,8.110282401417011,7.884578660451509,7.888340473175049,1709600
2004-02-20,7.937238462267975,7.937238462267975,7.794292536248183,7.850718975067139,1117200
2004-02-23,7.865770320846643,7.899625917894154,7.692731240374844,7.745395183563232,2281400
2004-02-24,7.692727840345221,7.801817491233244,7.681442407153178,7.752915382385254,2182600
2004-02-25,7.767964552553549,7.831913927419288,7.760440927865265,7.813105583190918,1108400
2004-02-26,7.801821591733774,7.877056417571968,7.756681270224837,7.831915378570557,870000
2004-02-27,7.865765454613716,7.880812696211226,7.756675822999651,7.790530681610107,713600
2004-03-01,7.801814843108856,7.910905174461082,7.794291223534526,7.884572505950928,1144600
2004-03-02,7.899624632312405,7.982382346353689,7.809343294042197,7.854483604431152,1041400
2004-03-03,7.824389781389515,7.862007184832139,7.783011283345692,7.816866874694824,826600
2004-03-04,7.820623892044681,7.8958579353124225,7.813100272470351,7.884572505950928,799000
2004-03-05,7.816866551319162,7.925956227548323,7.786772773308469,7.824389457702637,772800
2004-03-08,7.828152286889251,7.873293318517385,7.655113220214844,7.655113220214844,1185200
2004-03-09,7.677683377282732,7.685207002136147,7.583640219092114,7.655113220214844,941200
2004-03-10,7.636301886836742,7.681442905038706,7.497118455907296,7.519688606262207,5181400
2004-03-11,7.440694375926127,7.594925086384571,7.421885315204181,7.436932563781738,2429600
2004-03-12,7.534737972786452,7.587401910938702,7.493358754242631,7.583640098571777,568600
2004-03-15,7.549780626901449,7.561066058205586,7.421881942089134,7.440690994262695,1413600
2004-03-16,7.478309545267317,7.519688752968732,7.399313658737878,7.485833168029785,1763800
2004-03-17,7.561067607509406,7.602446095785966,7.504641874410733,7.579875946044922,2245200
2004-03-18,7.515928569849239,7.553545974318911,7.451979197498494,7.530975818634033,771000
2004-03-19,7.497116362048265,7.542256650150918,7.418119781630708,7.429405212402344,920200
2004-03-22,7.324080879703693,7.34288994178103,7.245084971455946,7.30903434753418,1256800
2004-03-23,7.324079576730902,7.395552564924841,7.252607306029192,7.297747611999512,813800
2004-03-24,7.297746945202864,7.406837323399277,7.271414982877431,7.33536434173584,1252200
2004-03-25,7.436935283005972,7.572356982257754,7.414364401886869,7.568595886230469,1464800
2004-03-26,7.5309749518040014,7.59492431679405,7.523451328277588,7.523451328277588,1742200
2004-03-29,7.628779975066292,7.6588737519554355,7.572353515593441,7.621256351470947,806600
2004-03-30,7.59116623893496,7.6438301945394675,7.546025193064966,7.632545471191406,1252800
2004-03-31,7.602448442914054,7.655113098558648,7.583640098571777,7.583640098571777,896600
2004-04-01,7.628779738747436,7.70777563157477,7.613732492022869,7.662635326385498,904800
2004-04-02,7.86576904077454,7.86576904077454,7.764202266160943,7.854483604431152,2958000
2004-04-05,7.839438185625571,7.937243162000033,7.839438185625571,7.922195911407471,885800
2004-04-06,7.805576194092674,7.88081095043005,7.805576194092674,7.839431762695312,518000
2004-04-07,7.843195309709422,7.843195309709422,7.726582057296602,7.790530681610107,1432400
2004-04-08,7.899623273366905,7.899623273366905,7.76043911904436,7.805580139160156,685400
2004-04-12,7.835674893516245,7.843198517391984,7.805581115505553,7.824389457702637,538800
2004-04-13,7.843198690867745,7.854483409438685,7.7152999521203744,7.726585388183594,1002800
2004-04-14,7.700253266858477,7.764202640906312,7.670159485982573,7.719062328338623,529000
2004-04-15,7.711539040312113,7.752918259882076,7.55730831690526,7.628781318664551,1404800
2004-04-16,7.5761174975796015,7.606211283089148,7.515929926560508,7.557309150695801,616800
2004-04-19,7.546022472146169,7.647589250611618,7.53849956512424,7.643827438354492,522800
2004-04-20,7.681441673951049,7.704011820688692,7.478308200836181,7.478308200836182,519000
2004-04-21,7.530977019178919,7.591164588928222,7.497121421508383,7.591164588928223,1048400
2004-04-22,7.515927502984025,7.74163118027172,7.515927502984025,7.707775592803955,1570400
2004-04-23,7.786778412740448,7.824395124377832,7.734113724961102,7.8093485832214355,1009800
2004-04-26,7.798057796552766,7.828151575740198,7.700252834820539,7.7153000831604,426400
2004-04-27,7.722821814413781,7.786771169199186,7.673918986787941,7.692728042602539,536000
2004-04-28,7.666397841994408,7.666397841994408,7.542260903469468,7.561069965362549,1476800
2004-04-29,7.538497036687487,7.583637333648156,7.376742751345578,7.448215007781982,944000
2004-04-30,7.433169037255978,7.470786432531516,7.293984889984131,7.293984889984131,1048800
2004-05-03,7.342887964540867,7.418122040114656,7.278938605682458,7.33536434173584,774000
2004-05-04,7.369218642888732,7.489593716826943,7.339124874404179,7.406836032867432,1198000
2004-05-05,7.418125316364946,7.47831289040297,7.380508620710541,7.4444580078125,1468200
2004-05-06,7.376744595464157,7.4256467156453105,7.3203181339190975,7.410600185394287,950800
2004-05-07,7.388028076039556,7.493356640119741,7.372981548309326,7.372981548309326,835000
2004-05-10,7.301510567568001,7.372983566958582,7.282702223382641,7.342889785766602,850600
2004-05-11,7.395549986538123,7.459499328944281,7.395549986538123,7.440690994262695,762800
2004-05-12,7.436930871168871,7.436930871168871,7.245082800422616,7.418121814727783,814800
2004-05-13,7.365457891677018,7.474548266558905,7.3616960803888,7.418121814727783,745000
2004-05-14,7.440696762171535,7.440696762171535,7.305274351512512,7.316559791564941,1345600
2004-05-17,7.233797983770451,7.290223722923871,7.17737224461703,7.237559795379639,1350200
2004-05-18,7.327842692119161,7.350413566611964,7.297748910287778,7.30903434753418,663200
2004-05-19,7.372983566958582,7.478311442384343,7.339127973431061,7.342889785766602,876400
2004-05-20,7.331602010967687,7.380504838243961,7.293984617099502,7.339125633239746,302600
2004-05-21,7.388029641022435,7.395553265227327,7.316557363552844,7.361697673797607,359400
2004-05-24,7.4482156219447635,7.4482156219447635,7.346649586662316,7.372981548309326,438800
2004-05-25,7.335367500344555,7.515930220462535,7.320320248255154,7.5121684074401855,555800
2004-05-26,7.500880284369424,7.523450434775951,7.440692738290588,7.497118473052978,672400
2004-05-27,7.504644433757584,7.576116718560799,7.482073558826957,7.542261123657227,1904000
2004-05-28,7.5234502129462495,7.579875946044922,7.5159265905351935,7.579875946044922,564600
2004-06-01,7.489593324425047,7.561066289890694,7.459499557517195,7.527210712432861,499200
2004-06-02,7.527210712432861,7.561066289890694,7.478307892775103,7.527210712432861,1880400
2004-06-03,7.497116362048265,7.497116362048265,7.425643402145131,7.429405212402344,953800
2004-06-04,7.504643483917834,7.576115759675022,7.4971198598932,7.500881671905518,1043200
2004-06-07,7.5422633630512355,7.685209410084903,7.5422633630512355,7.673923969268799,2318200
2004-06-08,7.62878055768307,7.719061895245366,7.62878055768307,7.7153000831604,1117200
2004-06-09,7.711539040312113,7.711539040312113,7.621257693744128,7.628781318664551,709200
2004-06-10,7.677682487048671,7.681444299039193,7.636303272645201,7.670158863067627,1713600
2004-06-14,7.606207357970498,7.643824749818406,7.538496913634749,7.564828872680664,828800
2004-06-15,7.632543039428571,7.722824384911929,7.625019414598535,7.677683353424072,1184000
2004-06-16,7.636303813840239,7.670159406662055,7.613733657789802,7.643827438354492,1427800
2004-06-17,7.636305068598694,7.636305068598694,7.5422618991948065,7.557309150695801,451200
2004-06-18,7.523447929332777,7.632538268704217,7.523447929332777,7.572350025177002,670000
2004-06-21,7.579876895099287,7.632541541078543,7.527212966612246,7.538498401641846,805800
2004-06-22,7.527214194318933,7.628780973674482,7.519690569738745,7.617495536804199,670600
2004-06-23,7.640063774713406,7.734106905875533,7.609970001441211,7.722822189331055,859200
2004-06-24,7.722821421305527,7.752915191584932,7.666394974226074,7.685204029083252,997800
2004-06-25,7.700252834820539,7.752917486517763,7.673920867718072,7.7153000831604,439000
2004-06-28,7.764202910619936,7.764202910619936,7.636304158081306,7.655113220214844,850400
2004-06-29,7.662636643119005,7.741632549520852,7.636303956826052,7.734108924865723,1281600
2004-06-30,7.726588484355643,7.813108043033309,7.71530304377016,7.786776065826416,684200
2004-07-01,7.767964372870379,7.767964372870379,7.576116252710858,7.643827438354492,973400
2004-07-02,7.651351309972291,7.651351309972291,7.542260903469468,7.561069965362549,705200
2004-07-06,7.474547277005056,7.512163949922887,7.361695105775427,7.399312496185303,1693600
2004-07-07,7.38050456234098,7.482070589248526,7.38050456234098,7.448215007781982,414400
2004-07-08,7.369224374831605,7.433173772289015,7.320321514573976,7.32408332824707,551800
2004-07-09,7.380504329436413,7.418121003219216,7.365457085929643,7.384265422821045,437400
2004-07-12,7.335364152745535,7.388028076039556,7.297746757181746,7.372981548309326,2477200
2004-07-13,7.406836798704057,7.410598609840086,7.331602010967687,7.339125633239746,629800
2004-07-14,7.2601265243635025,7.316552954403834,7.1961771921440745,7.222509860992432,1674200
2004-07-15,7.222515788198759,7.275179734130772,7.184898376464844,7.184898376464844,502000
2004-07-16,7.245081507180775,7.252605128414248,7.094612669971353,7.109659194946289,915200
2004-07-19,7.098377789666754,7.181135509338425,7.079568727814775,7.132232666015625,1379600
2004-07-20,7.15103827117817,7.248843193054199,7.132229218418165,7.248843193054199,1004000
2004-07-21,7.36169663238791,7.365458443958198,7.128470054967609,7.139754772186279,1276400
2004-07-22,7.120946994792125,7.252607540192196,7.102137935453687,7.214990139007568,1563200
2004-07-23,7.184896841599782,7.184896841599782,7.0833300668630255,7.090853691101074,536400
2004-07-26,7.120947946396783,7.162327164978792,7.068284008195934,7.132232666015625,915800
2004-07-27,7.151039524369916,7.233797218540904,7.124707563383335,7.199941635131836,1165200
2004-07-28,7.173611142905784,7.245084135568899,7.094615243772029,7.196181297302246,1913600
2004-07-29,7.241321870790498,7.327841388477134,7.241321870790498,7.297747611999512,1026600
2004-07-30,7.290223815422261,7.346650272783822,7.263891851316044,7.3127946853637695,338600
2004-08-02,7.263894237336069,7.354175594280795,7.237562264580413,7.331605434417725,846000
2004-08-03,7.305273930728046,7.327844092040329,7.196183502315779,7.211230754852295,859200
2004-08-04,7.1660834309521,7.263888334198982,7.1660834309521,7.222509860992432,1572400
2004-08-05,7.256372732937582,7.256372732937582,7.10590305809248,7.113426685333252,702200
2004-08-06,7.034428748527894,7.064522531428331,6.899006366729736,6.899006366729736,963800
2004-08-09,6.9930504388381465,6.9930504388381465,6.921577426080471,6.94414758682251,618800
2004-08-10,6.9629521939781895,7.064518928527833,6.9629521939781895,7.064518928527832,1663400
2004-08-11,6.970475161296805,6.970475161296805,6.835052861268735,6.887716770172119,813200
2004-08-12,6.793677812101855,6.827533407772008,6.718443713106701,6.752299308776856,5286000
2004-08-13,6.797440141069133,6.812487392506717,6.752299821741261,6.789916515350342,855800
2004-08-16,6.8200076970534615,6.89148067911081,6.789913923159657,6.850101470947266,851200
2004-08-17,6.906529558490737,6.936623339502996,6.872673965165403,6.895244121551514,709200
2004-08-18,6.838819885190051,7.026906237511042,6.838819885190051,7.008097171783447,1697000
2004-08-19,7.004333235651195,7.0306651994988885,6.944144967223635,6.9855241775512695,860200
2004-08-20,6.978000880359763,7.053235681290422,6.978000880359763,7.01938009262085,473200
2004-08-23,7.04947371913775,7.087091118800745,7.026903566336841,7.053235530853272,303000
2004-08-24,7.090850715922882,7.090850715922882,6.9892839838014815,7.015615940093994,567000
2004-08-25,6.977999091951876,7.109659601090828,6.977999091951876,7.094613075256348,780600
2004-08-26,7.060760542160762,7.102139044180493,7.05323691725086,7.0569987297058105,575000
2004-08-27,7.072043722541481,7.117184744681913,7.060759005125528,7.087090969085693,641000
2004-08-30,7.083327094841595,7.083327094841595,7.01185412955335,7.015615940093994,445200
2004-08-31,7.023139616182669,7.023139616182669,6.921572883265766,6.989284038543701,1829200
2004-09-01,6.9855216459409,7.07204112936858,6.962951501892797,7.041947364807129,1044600
2004-09-02,7.01185879780569,7.124711036682129,7.01185879780569,7.124711036682129,324200
2004-09-03,7.0419498486347605,7.056997094968903,6.962953957857098,6.97047758102417,338600
2004-09-07,6.978001807653063,7.053236618581531,6.970478900554081,7.000572681427002,572600
2004-09-08,6.996812449839384,7.057000025182702,6.989288823548345,7.008097171783447,447800
2004-09-09,7.041953661531087,7.139758663183369,7.015621683680969,7.113426685333252,536800
2004-09-10,7.120947017454944,7.245083939514712,7.090853239909917,7.233798503875732,585400
2004-09-13,7.267651557922363,7.331600902582839,7.245081412010431,7.267651557922363,1092800
2004-09-14,7.252607306029192,7.301509423745743,7.241321870790498,7.297747611999512,360600
2004-09-15,7.233802475719198,7.241326103609495,7.166091259691819,7.181138515472412,315600
2004-09-16,7.203704921265158,7.241322323587443,7.188658390831607,7.196181297302246,277400
2004-09-17,7.203704122347138,7.252606955190281,7.18113397045379,7.245083332061768,512800
2004-09-20,7.184895720847345,7.320317348546669,7.184895720847345,7.2714152336120605,1062200
2004-09-21,7.271415647268121,7.335365011969596,7.271415647268121,7.297747611999512,479200
2004-09-22,7.226275053055481,7.2601306432904,7.169849308494707,7.177372932434082,388400
2004-09-23,7.192420202813063,7.22627507566162,7.162326424453689,7.196181297302246,472000
2004-09-24,7.1848963171679285,7.23003662431679,7.135993480682374,7.135993480682373,668000
2004-09-27,7.10213719318834,7.1322309674924025,7.064520513427393,7.072043418884277,2521600
2004-09-28,7.105900222084872,7.105900222084872,7.023142507943236,7.090853691101074,2060200
2004-09-29,7.079568574084719,7.173611728825466,7.079568574084719,7.166088104248047,2367200
2004-09-30,7.151042214909557,7.214991594577047,7.151042214909557,7.192421436309815,286200
2004-10-01,7.233797399970945,7.395551698650743,7.233797399970945,7.372981548309326,1866000
2004-10-04,7.478308707790226,7.500879573549974,7.433168411254883,7.433168411254883,3342400
2004-10-05,7.448215771709603,7.50088041355472,7.41812199815189,7.485833168029785,695000
2004-10-06,7.451975381326833,7.534733772277833,7.43316704746994,7.534733772277832,1468800
2004-10-07,7.489593167538445,7.538495986171822,7.455737590789794,7.455737590789795,1162800
2004-10-08,7.421886566438843,7.467027602289409,7.327843399451552,7.350414276123047,745800
2004-10-11,7.339125964051129,7.388028076039556,7.335364152745535,7.372981548309326,407000
2004-10-12,7.282704219810133,7.361700148034822,7.267656966343028,7.354176521301269,573800
2004-10-13,7.455740979753047,7.455740979753047,7.31279570433313,7.3278422355651855,392200
2004-10-14,7.361696557909005,7.361696557909005,7.267653422079832,7.2714152336120605,379000
2004-10-15,7.309036164863322,7.372985556842023,7.278942375549376,7.316559791564941,497600
2004-10-18,7.271418573521424,7.399317354394967,7.271418573521424,7.391793727874756,480600
2004-10-19,7.429411142983301,7.497122346680179,7.384270101354543,7.391793727874756,5270200
2004-10-20,7.339129643625239,7.418125568171969,7.324082390858718,7.403079032897949,425600
2004-10-21,7.455740321289352,7.497119534134584,7.388029142994333,7.4670257568359375,759200
2004-10-22,7.474550063562218,7.474550063562218,7.301510290163339,7.305272102355957,1303200
2004-10-25,7.293984889984131,7.339125907813203,7.278938362369199,7.293984889984131,878800
2004-10-26,7.2902252854568435,7.335366316950095,7.26013150362546,7.30903434753418,633800
2004-10-27,7.335364300241217,7.508403318825031,7.301508715302269,7.485833168029785,1832600
2004-10-28,7.429411467763514,7.546024813954547,7.429411467763514,7.504646301269531,1958400
2004-10-29,7.542260323060352,7.557307571416867,7.467026233754658,7.508404731750488,1629000
2004-11-01,7.542263191591517,7.583642422817305,7.504646491378145,7.568595886230469,780400
2004-11-02,7.587399568455978,7.658872546376762,7.549782173892822,7.579875946044922,1782400
2004-11-03,7.711537682138378,7.734107835432176,7.587400762784132,7.621256351470947,1917400
2004-11-04,7.617494265387319,7.715299216128395,7.587400489581774,7.707775592803955,1142800
2004-11-05,7.786769993705272,7.8055783291884415,7.726582459168722,7.775484561920166,9837800
2004-11-08,7.7792524387694275,7.798060788919332,7.749158648034041,7.786776065826416,928800
2004-11-09,7.756681844901685,7.820631236354288,7.752920031581822,7.783013820648193,1267200
2004-11-10,7.771725829450299,7.771725829450299,7.700252834820539,7.7153000831604,1371600
2004-11-11,7.700253365343667,7.820629207879202,7.700253365343667,7.813105583190918,1063000
2004-11-12,7.899625753011024,7.922195911407471,7.794297151340281,7.922195911407471,788600
2004-11-15,8.004954062278012,8.035047844871478,7.918433809515971,7.967336654663086,5157600
2004-11-16,7.873296092788632,7.925960050334741,7.865772465284156,7.907151699066162,1206000
2004-11-17,7.993670418548184,8.057619810596272,7.963576629201587,7.997432231903076,1380800
2004-11-18,7.967336430948871,8.038809431661107,7.963574618543769,8.0275239944458,1548200
2004-11-19,7.97485958939756,8.035047149374783,7.888339344124529,7.90338659286499,672200
2004-11-22,7.862009613985392,7.937244444116215,7.835677638687359,7.914674282073975,723800
2004-11-23,7.899621935291448,7.944762947761045,7.846958018653628,7.8808135986328125,981000
2004-11-24,7.8883428918152285,7.944769382476807,7.8883428918152285,7.944769382476807,519000
2004-11-26,7.974862354671453,7.974862354671453,7.9221976833107375,7.933483123779297,431000
2004-11-29,7.956046072462112,8.001187075908684,7.888334926038211,7.937237739562988,1522000
2004-11-30,7.944764021742295,7.944764021742295,7.892099380493163,7.892099380493164,589800
2004-12-01,7.937240702657157,8.061377611612558,7.918431645244413,8.053853988647461,2342600
2004-12-02,8.144134812570812,8.151658435074761,8.02375972247615,8.076423645019531,1645800
2004-12-03,8.16670934612526,8.208088574615422,8.121569021856464,8.132854461669922,1582200
2004-12-06,8.087715857228051,8.1968063224895,8.087715857228051,8.166711807250977,702600
2004-12-07,8.196803306645931,8.230658188847602,8.046333655786428,8.057619094848633,1859800
2004-12-08,8.042570026475495,8.083949242866248,8.016238058769492,8.050093650817871,854400
2004-12-09,8.001192045323364,8.06890323380162,7.914672512264416,8.046332359313965,1493000
2004-12-10,7.986148129172517,8.053859345914193,7.986148129172517,8.00495719909668,1041400
2004-12-13,8.08771167870505,8.106520023519048,8.038809551693241,8.098997116088867,1180600
2004-12-14,7.974856957305469,8.147895955755592,7.974856957305469,8.11404037475586,3396800
2004-12-15,8.125325807586462,8.166704292981189,8.076422982812593,8.11404037475586,997400
2004-12-16,8.087707603981137,8.151656948619273,8.035043691041027,8.080183982849121,1315800
2004-12-17,8.018032839320595,8.09859718761944,8.018032839320595,8.041050910949707,964400
2004-12-20,8.133123588869127,8.133123588869127,7.983504313673562,7.99501371383667,665200
2004-12-21,8.048727325907937,8.09476422080516,8.018036306553661,8.08325481414795,3929800
2004-12-22,8.102438764568042,8.14080199756618,8.064074799838137,8.098602294921875,1267000
2004-12-23,8.11395184309212,8.133134201728199,8.083260801006556,8.117788314819336,2971800
2004-12-27,8.140800912765815,8.140800912765815,8.052564317857215,8.067910194396973,476200
2004-12-28,8.094762281739536,8.117780357808456,8.060234801770433,8.110107421875,976400
2004-12-29,8.090925813772808,8.133126229675366,8.08708934580608,8.110107421875,769800
2004-12-30,8.117784338195028,8.136965955702529,8.106274928651446,8.113947868347168,1085600
2004-12-31,8.113947441774778,8.14080199756618,8.090929355629541,8.098602294921875,978600
2005-01-03,8.159983769501451,8.17149244589539,8.018037329545244,8.029546737670898,2647800
2005-01-04,8.048727887554595,8.083255378203964,7.84923588196528,7.879927635192871,1529400
2005-01-05,7.883768452924877,7.956659950348435,7.853077411651611,7.853077411651611,1627000
2005-01-06,7.868420638886737,7.910621080774668,7.826220196998806,7.830056667327881,963400
2005-01-07,7.826216560161711,7.910617404716562,7.803198480615641,7.845398902893066,791200
2005-01-10,7.922126078623819,7.922126078623819,7.82238009161544,7.845398902893066,987600
2005-01-11,7.718800776749251,7.833891942129906,7.718800776749251,7.768673419952393,1467800
2005-01-12,7.768671652097372,7.822380752821952,7.726471226252848,7.8108720779418945,5578800
2005-01-13,7.807037581658763,7.8147105213385855,7.7111280308564,7.7341461181640625,2369200
2005-01-14,7.7264729752845085,7.787855027645181,7.7264729752845085,7.757164001464844,8207000
2005-01-18,7.745655109677499,7.841564655303955,7.72647276151315,7.841564655303955,1050600
2005-01-19,7.841560128182863,7.841560128182863,7.676595687866212,7.676595687866211,2025000
2005-01-20,7.665088254035669,7.688107064454895,7.596033286241045,7.622888565063477,2012600
2005-01-21,7.67276296421899,7.67276296421899,7.565344019296512,7.569180488586426,3038400
2005-01-24,7.576854138800403,7.59603575531985,7.4924540016903665,7.50779914855957,1966200
2005-01-25,7.515470667610406,7.596034319845539,7.515470667610406,7.5193071365356445,2121400
2005-01-26,7.576852913407717,7.615216871973833,7.538488954841601,7.596034526824951,727200
2005-01-27,7.561504083209721,7.611377429380973,7.546158944817202,7.588359355926514,1442000
2005-01-28,7.615213896911944,7.6420684378973744,7.526977338893713,7.588359355926514,686400
2005-01-31,7.596037195325269,7.672765139412152,7.596037195325269,7.642074108123779,2628400
2005-02-01,7.672762567846977,7.703453588849098,7.645908015936578,7.688108444213867,1404400
2005-02-02,7.672764886975557,7.726474007030184,7.657419005970303,7.691946506500244,928800
2005-02-03,7.684274550544756,7.688111020922291,7.603710136080338,7.642074108123779,1973400
2005-02-04,7.653581475041706,7.787854243732638,7.626726189571811,7.772509098052978,1695000
2005-02-07,7.772509299734817,7.803200323622219,7.7418182758474146,7.749491214752197,1863400
2005-02-08,7.730308618174643,7.822381686867336,7.726472148845985,7.787854194641113,971600
2005-02-09,7.780184122264013,7.791692801675771,7.653583526611328,7.653583526611328,2332400
2005-02-10,7.65358014233173,7.695779834401387,7.619052655900095,7.6689252853393555,824800
2005-02-11,7.607546795760884,7.76100195602126,7.607546795760884,7.741820335388184,1134600
2005-02-14,7.703454888582201,7.776346350159919,7.703454888582201,7.757164001464844,1926800
2005-02-15,7.726472943473682,7.845401309698151,7.726472943473682,7.795527935028076,2085200
2005-02-16,7.737982393735431,7.79552797642576,7.737982393735431,7.768673419952393,1080200
2005-02-17,7.7456566131215006,7.776347644409873,7.642074108123779,7.642074108123779,919000
2005-02-18,7.634399089179085,7.68043598944571,7.626726150512695,7.626726150512695,695600
2005-02-22,7.53849058593657,7.688109983544241,7.53849058593657,7.584527492523193,1974800
2005-02-23,7.565344648319835,7.611381551894851,7.519308476476578,7.5615081787109375,2073200
2005-02-24,7.569180573978191,7.642072027845473,7.538489551044343,7.626726150512695,1755200
2005-02-25,7.634395277999717,7.695777293224796,7.615213672641133,7.676595687866211,1155000
2005-02-28,7.661255735641865,7.73031073904004,7.626728233942778,7.653583526611328,1688600
2005-03-01,7.711129938630562,7.761002595424557,7.688111845628103,7.745657444000244,1192800
2005-03-02,7.703454768271443,7.784019168068954,7.672763742570432,7.726472854614258,902800
2005-03-03,7.714962177825397,7.749489664257032,7.638234267592522,7.6689252853393555,804600
2005-03-04,7.634402506119424,7.757166652800543,7.634402506119424,7.718803405761719,1489600
2005-03-07,7.67276230936159,7.841563285052403,7.67276230936159,7.7763447761535645,1081600
2005-03-08,7.74949220254555,7.822382936236858,7.711128234863281,7.711128234863281,1477200
2005-03-09,7.634399657327947,7.764836697436802,7.634399657327947,7.695781707763672,1192800
2005-03-10,7.672762956884549,7.737981471287336,7.645908403612524,7.730308532714844,1145000
2005-03-11,7.6766001632482945,7.768673239763607,7.611381642583478,7.630563259124756,1131400
2005-03-14,7.630565279691911,7.668929254664981,7.596037775389345,7.661256313323975,1297400
2005-03-15,7.661254694525157,7.703455131251911,7.584527492523193,7.584527492523193,657600
2005-03-16,7.576854138800403,7.59603575531985,7.484781062389882,7.50779914855957,1133600
2005-03-17,7.496290785731339,7.542326960001452,7.48094490648677,7.503962993621826,673600
2005-03-18,7.480946911772233,7.526983830114447,7.434909993430019,7.461765289306641,2694600
2005-03-21,7.465601028414165,7.503965005077344,7.423401312643461,7.461765289306641,1698200
2005-03-22,7.461761533955129,7.500124759578891,7.3773606814269534,7.396543025970459,3089200
2005-03-23,7.32749099728,7.465600274903138,7.32749099728,7.427237033843994,1324600
2005-03-24,7.404223123008879,7.503969225743321,7.404223123008879,7.4310784339904785,901000
2005-03-28,7.438742637634277,7.523143489222216,7.438742637634277,7.438742637634277,1290000
2005-03-29,7.385034875780945,7.47327148049933,7.365853259705382,7.381198406219482,1471600
2005-03-30,7.392706153634682,7.511633756387925,7.392706153634682,7.492452144622803,1858800
2005-03-31,7.492454315920197,7.538490490190309,7.473271966864486,7.503962993621826,1091200
2005-04-01,7.4809430634282466,7.55767097728426,7.423397493902045,7.438742637634277,847800
2005-04-04,7.423396984705076,7.488615487489635,7.40037890481981,7.465596675872803,1927200
2005-04-05,7.492453087355757,7.511634701534393,7.473270741445445,7.48094367980957,1091000
2005-04-06,7.515474997916321,7.542329564134571,7.46560160488353,7.469438076019287,906400
2005-04-07,7.477107420823602,7.573016957876339,7.477107420823602,7.569180488586426,1317200
2005-04-08,7.5806875686880435,7.588360504911775,7.503959669913669,7.515469074249268,852600
2005-04-11,7.550000741763166,7.550000741763166,7.46559985996742,7.473272800445557,1434000
2005-04-12,7.465597303313928,7.526980074386123,7.388870120004035,7.5193071365356445,1070200
2005-04-13,7.488615073232801,7.503960215063591,7.385032621881751,7.411887168884277,1576000
2005-04-14,7.38119863129489,7.400380979687132,7.300634963242795,7.30830717086792,1327200
2005-04-15,7.216235327999072,7.227744739002912,7.081961793215191,7.085798263549805,2733000
2005-04-18,7.116488183269691,7.154852148893473,7.085797157117022,7.093470096588135,4085000
2005-04-19,7.181703567504883,7.1970494397422415,7.135667414255731,7.181703567504883,1412600
2005-04-20,7.269944812237258,7.269944812237258,7.089634374314836,7.116488933563232,1590400
2005-04-21,7.154852042388854,7.312143640546369,7.154852042388854,7.30830717086792,2932600
2005-04-22,7.250762823523187,7.285290324775404,7.170199141755947,7.220071792602539,1300800
2005-04-25,7.258434305460185,7.308306946283882,7.243088427217971,7.269943714141846,1544200
2005-04-26,7.243089882860051,7.327490766690756,7.212398851939403,7.220071792602539,1077000
2005-04-27,7.174032734785575,7.28145093405949,7.174032734785575,7.246923446655273,853400
2005-04-28,7.2162309421986945,7.258431358499447,7.174031257629395,7.1740312576293945,721000
2005-04-29,7.246925251893731,7.262271130887926,7.147179233626813,7.239253044128418,847400
2005-05-02,7.273780441697539,7.300635732275553,7.212398383840063,7.23158073425293,512400
2005-05-03,7.227743070135579,7.308306733364827,7.227743070135579,7.281452178955078,570000
2005-05-04,7.30063640659101,7.362018470117975,7.269945374827528,7.331327438354492,831000
2005-05-05,7.331325520818757,7.373525221123606,7.292961558215663,7.3198161125183105,1447200
2005-05-06,7.346669347859299,7.365851691582865,7.327487735867327,7.338996410369873,701600
2005-05-09,7.358179834702087,7.381197918819166,7.308306465428098,7.369688510894775,543200
2005-05-10,7.350505253392238,7.354341721842992,7.269941611121004,7.292959690093994,691400
2005-05-11,7.292964254319971,7.350509853632531,7.23158218415564,7.327491760253906,3711000
2005-05-12,7.342836756775985,7.404218825643322,7.30830925157161,7.335164546966553,602400
2005-05-13,7.381200120148335,7.465600274903138,7.350509088261869,7.427237033843994,3716000
2005-05-16,7.438745315447207,7.500127375935796,7.408054285202913,7.496291637420654,1432400
2005-05-17,7.477110189377279,7.542328727990912,7.431074004315873,7.523147106170654,841400
2005-05-18,7.526981505377384,7.653582077052409,7.526981505377384,7.630563259124756,2766600
2005-05-19,7.657416993815786,7.688108747761362,7.630562440845097,7.672762870788574,1719800
2005-05-20,7.638232546142594,7.707287503442754,7.638232546142594,7.684269428253174,940800
2005-05-23,7.703455294980462,7.741819262662732,7.688110146946648,7.711128234863281,2038200
2005-05-24,7.695781374150447,7.75332695247286,7.676599758620219,7.749491214752197,1684600
2005-05-25,7.730307148280333,7.730307148280333,7.672761582755976,7.714962005615234,1371200
2005-05-26,7.753326400467826,7.814709175604158,7.753326400467826,7.803199768066406,1561400
2005-05-27,7.826221193063154,7.826221193063154,7.764839123449482,7.791693687438965,895000
2005-05-31,7.799365929019334,7.799365929019334,7.741820335388184,7.741820335388184,943000
2005-06-01,7.74949297817891,7.845402541118095,7.734147096877331,7.818547248840332,1676800
2005-06-02,7.810877687233462,7.853077411651611,7.737986189809903,7.853077411651611,918800
2005-06-03,7.837728411873499,7.841564881617092,7.75332754097802,7.768673419952393,1169800
2005-06-06,7.787855027645181,7.787855027645181,7.718800767538261,7.757164001464844,3478000
2005-06-07,7.77250975903166,7.8377282801127794,7.722636384935161,7.726472854614258,2060400
2005-06-08,7.780184308386259,7.784020778859259,7.7188022442821085,7.741820335388184,1197400
2005-06-09,7.768673429195468,7.799364455448945,7.707291376688516,7.780182838439941,3505400
2005-06-10,7.784020136923607,7.784020136923607,7.691946316628639,7.737983226776123,905000
2005-06-13,7.711127837262064,7.810873855400132,7.711127837262064,7.768673419952393,1469400
2005-06-14,7.764832821149162,7.78785089563875,7.71496020446649,7.72263240814209,1080400
2005-06-15,7.780182829183171,7.784019298926764,7.665090932070732,7.768673419952393,998000
2005-06-16,7.768675018594063,7.803202521659703,7.745656927127615,7.784020900726318,1186200
2005-06-17,7.8377275641819715,7.8377275641819715,7.768672579729525,7.787854194641113,1151200
2005-06-20,7.764835369266133,7.826217409202496,7.722634942410521,7.7763447761535645,1397200
2005-06-21,7.795526202459662,7.822380752821952,7.768671652097372,7.8108720779418945,1425800
2005-06-22,7.814713737214837,7.856913459356094,7.791694908702766,7.8262224197387695,1486600
2005-06-23,7.826221242363624,7.902949195730049,7.764839172363281,7.764839172363281,1734600
2005-06-24,7.7801806820038655,7.7801806820038655,7.65358014233173,7.6689252853393555,1546400
2005-06-27,7.638234965865046,7.6765989244886415,7.5960345382059264,7.6075439453125,2275400
2005-06-28,7.642076229557229,7.714967723501191,7.634403286672159,7.703458309173584,1116400
2005-06-29,7.711125537016069,7.745653022676996,7.691943194020239,7.714962005615234,1177400
2005-06-30,7.734147201988897,7.737983672366432,7.626728226613641,7.642074108123779,1650800
2005-07-01,7.688111608017496,7.703456758967548,7.642074691703421,7.661256313323975,1481800
2005-07-05,7.611382211582109,7.734146322779914,7.611382211582109,7.711128234863281,1272600
2005-07-06,7.6996194470028705,7.764837977811438,7.691946506500243,7.691946506500244,1080600
2005-07-07,7.61521993504558,7.722638184159594,7.603710523326818,7.707293033599853,2298600
2005-07-08,7.7187983677923455,7.849234639707781,7.69961602506099,7.845398902893066,2544400
2005-07-11,7.864584200764601,7.925966262817383,7.849238319385456,7.925966262817383,1587200
2005-07-12,7.998856902309147,7.998856902309147,7.902947348880336,7.968165874481201,1242200
2005-07-13,7.991180909808233,8.025708394391739,7.968162830663076,8.002690315246582,1377200
2005-07-14,8.075586380162465,8.098605206314575,8.041058872666326,8.07175064086914,2943800
2005-07-15,8.083255339205062,8.09092827747494,8.037219173049126,8.067910194396973,2910600
2005-07-18,8.083256479147517,8.09476588817545,8.006529280823269,8.02187442779541,2811800
2005-07-19,8.113944024245106,8.156144440846694,8.0679078713447,8.140798568725586,3799800
2005-07-20,8.041056404701422,8.14463889539825,8.010365377650341,8.113947868347168,2700400
2005-07-21,8.113946993134581,8.125456401436699,8.044892006785327,8.060237884521484,3232000
2005-07-22,8.079414851485762,8.087087785939232,8.018032839320595,8.041050910949707,2046600
2005-07-25,8.041056727890755,8.087093636183612,7.998857021331788,7.998857021331787,1493800
2005-07-26,8.075583030525916,8.079419499959954,8.029546860780895,8.060237884521484,1601400
2005-07-27,8.090929780991807,8.159984774789692,8.033384196737506,8.113947868347168,1823600
2005-07-28,8.11395184309212,8.129297730000983,8.079424329279341,8.117788314819336,3899200
2005-07-29,8.144642295268005,8.152315238166691,8.064078590028123,8.075587272644043,3616400
2005-08-01,8.106277516520972,8.110113987593598,8.056404856040912,8.079422950744629,1932800
2005-08-02,8.08325760158692,8.183003631817748,8.079421131378211,8.159985542297363,2161600
2005-08-03,8.159984506136253,8.221366558217516,8.125457010374069,8.213693618774414,2441400
2005-08-04,8.179166187184332,8.198348535942591,8.117784134621475,8.13696575164795,2102400
2005-08-05,8.133134201728199,8.152315828632116,8.087097272733773,8.117788314819336,2127800
2005-08-08,8.094762175296369,8.13696185891257,8.04872529203245,8.05256175994873,2301800
2005-08-09,8.087093311143947,8.152311835093972,8.087093311143947,8.113947868347168,1284400
2005-08-10,8.12929338352748,8.167657348555489,8.006529280823269,8.02187442779541,2003400
2005-08-11,8.029545713210872,8.090927751919423,8.014199837667924,8.08325481414795,1652200
2005-08-12,7.8108717805137795,8.010363032065111,7.764834887551725,7.975836277008057,3060200
2005-08-15,7.968167050189419,8.052567206236613,7.960494109167329,8.01803970336914,1876000
2005-08-16,8.018040970744336,8.018040970744336,7.925967859121474,7.941313743591309,1094400
2005-08-17,7.960492840910949,8.048729453411434,7.960492840910949,8.01036548614502,2953600
2005-08-18,7.991184432635391,8.018038992098539,7.95665693283081,7.95665693283081,3174600
2005-08-19,7.991190019828394,8.010371652361314,7.964335441589356,7.9643354415893555,994000
2005-08-22,7.960492246123176,8.048728852030846,7.948982837283661,7.979673862457275,1858400
2005-08-23,7.979672014000937,8.01803596951405,7.952817464661234,7.975836277008057,2616000
2005-08-24,7.968166704878132,8.04489391657816,7.922129792472597,7.925966262817383,2100000
2005-08-25,7.945143266952948,7.960489139416666,7.929798126220704,7.929798126220703,1545600
2005-08-26,8.0564020803803,8.0564020803803,7.887601070001717,7.902946949005127,3208000
2005-08-29,7.895274873563083,7.979675022123242,7.8645838439292195,7.95665693283081,922800
2005-08-30,7.914456492684798,7.95665693283081,7.887601933221651,7.95665693283081,1775600
2005-08-31,7.929802024758417,8.018038639610243,7.922129084754302,7.998857021331787,1711400
2005-09-01,8.002692680136306,8.018037826857233,7.960492246123176,7.979673862457275,933000
2005-09-02,7.991184432635391,8.014202521927823,7.9451475223186625,7.95665693283081,988000
2005-09-06,7.983507584334421,8.064071955019141,7.97583537948043,8.048726081848145,1359400
2005-09-07,7.960489506309432,8.060235486726391,7.960489506309432,8.048726081848145,4556000
2005-09-08,8.056400786992155,8.09476474660988,8.033382703914187,8.067910194396973,980200
2005-09-09,8.079423744093386,8.10627831250668,8.052569175680093,8.075587272644043,2782000
2005-09-12,8.079416929270579,8.125453816099418,8.07558046105722,8.094762802124023,1168400
2005-09-13,8.117785984817681,8.144640547468118,8.071749800768918,8.10244083404541,2110400
2005-09-14,8.102440591148266,8.117785741460516,8.01803970336914,8.01803970336914,3189400
2005-09-15,8.033384519618473,8.052566137896928,7.9796746713215,7.998857021331787,2218800
2005-09-16,8.037217408701403,8.060235486726391,7.998853457505418,8.048726081848145,2218000
2005-09-19,8.044890623812723,8.044890623812723,7.9643269747425265,7.983508586883545,2378400
2005-09-20,8.002693680529909,8.071748678735846,7.941311622509486,7.952820301055908,1874000
2005-09-21,7.9336391250769775,7.937475595383837,7.849238241789845,7.8569111824035645,1541400
2005-09-22,7.833892734040921,7.902947732942645,7.810874644984298,7.887601852416992,2168600
2005-09-23,7.860747454243788,7.914456573720005,7.83389289450568,7.8914384841918945,1335600
2005-09-26,7.929800270724365,7.960491292220285,7.85307235111873,7.879927635192871,1636400
2005-09-27,7.891441396176229,7.895277867801905,7.830059313629698,7.853077411651611,1860200
2005-09-28,7.876092392480945,7.922128566027604,7.853073573975831,7.902946949005127,1955800
2005-09-29,7.891443920845982,7.987353546975335,7.853079924047766,7.9643354415893555,1854600
2005-09-30,7.972003520700464,8.021876173880186,7.960494109167329,8.01803970336914,1342000
2005-10-03,7.998854009906093,8.071745449039197,7.998854009906093,8.006526947021484,2112600
2005-10-04,8.0257106937091,8.044892309870221,7.925964679861405,7.933637619018555,1570200
2005-10-05,7.937472410586277,7.937472410586277,7.814708336951663,7.822380542755127,3649200
2005-10-06,7.810874051498674,7.849237286434178,7.684273473708826,7.7341461181640625,2504400
2005-10-07,7.749495444572925,7.795531639665587,7.737986029933695,7.753331184387207,1952800
2005-10-10,7.741823089556968,7.780187076203107,7.691949687397333,7.699622631072998,1885000
2005-10-11,7.69194675956792,7.726474261233828,7.626728226613641,7.642074108123779,1714800
2005-10-12,7.4809453205868355,7.665091491324101,7.4809453205868355,7.592200756072998,4102000
2005-10-13,7.576851954864839,7.668925004736423,7.573015486320412,7.645906925201416,5529600
2005-10-14,7.665086285612256,7.688105090120167,7.615213672641133,7.676595687866211,1950200
2005-10-17,7.684271160078564,7.691943365716585,7.6305613302229185,7.6689252853393555,2850600
2005-10-18,7.680438087547972,7.688111028310415,7.645910585848885,7.653583526611328,2856600
2005-10-19,7.565344339696056,7.749491214752197,7.565344339696056,7.749491214752197,4312400
2005-10-20,7.753328567057498,7.799365478341379,7.665091946472931,7.691946506500244,3020000
2005-10-21,7.688110578203889,7.784020136923607,7.688110578203889,7.737983226776123,903600
2005-10-24,7.814708036192709,7.83772611618042,7.730307190018487,7.83772611618042,1982800
2005-10-25,7.864584586724854,7.864584586724854,7.711129424061975,7.784020900726318,1999400
2005-10-26,7.780185055729364,7.856912277363795,7.764839172363281,7.764839172363281,1975800
2005-10-27,7.776347605449141,7.780184075807455,7.680438041687011,7.680438041687012,1965000
2005-10-28,7.711131460840955,7.761004127480026,7.657421590923344,7.753331184387207,2169000
2005-10-31,7.7725088705317456,7.879927814071772,7.7648359320506675,7.833890914916992,1963000
2005-11-01,7.818547248840332,7.837729600467306,7.795529158619858,7.818547248840332,3015400
2005-11-02,7.787853332602291,7.925963286219769,7.780181126525917,7.906781673431396,1356400
2005-11-03,7.960492246123176,7.998856210523134,7.937474160175905,7.979673862457275,2678400
2005-11-04,7.979669872027865,8.018033817242992,7.941306658544132,8.01419734954834,1935000
2005-11-07,8.037219676421334,8.05640129156571,7.987346306275215,8.029546737670898,2171400
2005-11-08,7.97967542343511,8.060239837608144,7.97967542343511,8.033385276794434,1776600
2005-11-09,8.010364228705647,8.060237597842582,7.998855552544585,8.025710105895996,1887600
2005-11-10,8.041052978868462,8.094762802124023,7.983507419131033,8.094762802124023,2278600
2005-11-11,8.113947868347168,8.133130217586471,8.094766250839669,8.113947868347168,1777600
2005-11-14,8.1331295868737,8.152311202893692,8.09092915355162,8.121620178222656,7584200
2005-11-15,8.217526858025604,8.217526858025604,8.067908256361989,8.094762802124023,5602400
2005-11-16,8.056405602453797,8.125460624694824,8.056405602453797,8.125460624694824,2356600
2005-11-17,8.133128383567536,8.229037912941061,8.133128383567536,8.221364974975586,9564000
2005-11-18,8.286582129680944,8.305763739727537,8.229036567809647,8.267399787902832,2480000
2005-11-21,8.267403662921465,8.275076603229099,8.075584545621833,8.263567924499512,2490600
2005-11-22,8.248222901837353,8.340295999910497,8.24438643128448,8.317277908325195,2615600
2005-11-23,8.340292731339323,8.40934771076443,8.321111117824193,8.363310813903809,4545400
2005-11-25,8.401680527902165,8.440044512943794,8.363316542860534,8.386335372924805,1202000
2005-11-28,8.409351445808372,8.41702438731505,8.355642318725586,8.355642318725586,2189800
2005-11-29,8.363314528500286,8.424696597089751,8.347969377218908,8.355642318725586,3807800
2005-11-30,8.340299126972427,8.394008271386161,8.32495397073945,8.328789710998535,2791400
2005-12-01,8.40167726458893,8.474568734682881,8.382495645384566,8.455387115478516,4256600
2005-12-02,8.447712898254395,8.493749070079371,8.436203489432271,8.447712898254395,5787600
2005-12-05,8.455382347635778,8.455382347635778,8.374817982596175,8.405508995056152,4013200
2005-12-06,8.447710861783799,8.493747022510941,8.417019844055176,8.417019844055176,2684200
2005-12-07,8.443873737455007,8.451546674224273,8.370982301610026,8.401673316955566,3021400
2005-12-08,8.4093536811006,8.413190152873712,8.29042598306281,8.340298652648926,2264400
2005-12-09,8.340293055597195,8.390166423446175,8.317274972137803,8.370984077453613,2272200
2005-12-12,8.41318526214324,8.420858201229052,8.363311889817211,8.394002914428711,1893600
2005-12-13,8.378654943078335,8.409345957342188,8.344127460565064,8.367145538330078,2075800
2005-12-14,8.382491902128832,8.397837044293478,8.328782075223716,8.378655433654785,2581200
2005-12-15,8.390166461235749,8.390166461235749,8.324947948030655,8.34412956237793,1973400
2005-12-16,8.381984051373697,8.381984051373697,8.32018146510278,8.331768989562988,2159000
2005-12-19,8.324045261219812,8.327908015780462,8.215891080502013,8.231341361999512,3899000
2005-12-20,8.219755136334452,8.239068175450054,8.18112832135803,8.200441360473633,2371400
2005-12-21,8.227480115709477,8.262244176383213,8.188854036512202,8.20816707611084,1966200
2005-12-22,8.273828469404261,8.273828469404261,8.20816313485562,8.246789932250977,2098000
2005-12-23,8.262240409851074,8.293141701168972,8.242927379056725,8.262240409851074,1482200
2005-12-27,8.285418364223705,8.304731398359086,8.184988965880656,8.192713737487793,2966400
2005-12-28,8.212028642932996,8.215891397642752,8.161813568451299,8.173401832580566,1814400
2005-12-29,8.188853002788514,8.204303285168002,8.123187644999115,8.127050399780273,3287400
2005-12-30,8.107737310563838,8.107737310563838,8.061385722765888,8.072973251342773,2059800
2006-01-03,8.111598917599762,8.246792380242113,8.049796318119563,8.231341361999512,5416600
2006-01-04,8.24679287552026,8.327908515930176,8.231341856349717,8.327908515930176,5459200
2006-01-05,8.293144320428878,8.3781234509511,8.293144320428878,8.366535186767578,2564400
2006-01-06,8.420606387819465,8.50558545888436,8.397430612412956,8.497859954833984,9017400
2006-01-09,8.505591214648112,8.532629760376889,8.466964405001953,8.524904251098633,4916600
2006-01-10,8.482412581733154,8.524902135473809,8.466962303756056,8.517176628112793,4844800
2006-01-11,8.536490716726828,8.617606336825416,8.524902455250619,8.59829330444336,4685000
2006-01-12,8.60601873429054,8.61760625891703,8.540353393342258,8.55194091796875,3250800
2006-01-13,8.559669663765666,8.57512068477288,8.50945531898268,8.548081398010254,2902200
2006-01-17,8.737345156436723,8.737345156436723,8.432194386464543,8.463095664978027,4761200
2006-01-18,8.297006499782505,8.389710396586517,8.293143745322537,8.362671852111816,8722200
2006-01-19,8.412887022517246,8.474689621115116,8.370397459701802,8.436062812805176,7723400
2006-01-20,8.39357219517856,8.420610736574089,8.200438914644797,8.215889930725098,6537200
2006-01-23,8.242928814744346,8.250654323105612,8.177263467163636,8.184988975524902,3652400
2006-01-24,8.223615812330284,8.277692897577838,8.204302041352564,8.212027549743652,4566800
2006-01-25,8.24679067781457,8.250653431577812,8.177262583566112,8.239065170288086,3708800
2006-01-26,8.28155098471685,8.320177768159189,8.246786953293206,8.29313850402832,4260400
2006-01-27,8.381987933918756,8.432202282243857,8.339498359896934,8.385849952697754,4760200
2006-01-30,8.385846388715263,8.432198698561649,8.374258863812397,8.412885665893555,7540800
2006-01-31,8.412888063415949,8.416750818399377,8.34335994720459,8.34335994720459,2206800
2006-02-01,8.297006160002637,8.412886578820917,8.297006160002637,8.393572807312012,6163800
2006-02-02,8.37425847345454,8.393571505222376,8.273829087422934,8.277691841125488,4836400
2006-02-03,8.239070123760726,8.266108679614522,8.20816881182133,8.219757080078125,3067800
2006-02-06,8.215887976627322,8.235201005389214,8.157948153596818,8.196574211120605,2963200
2006-02-07,8.16953907787081,8.223616907062263,8.157951550486672,8.173401832580566,7051000
2006-02-08,8.208163817021154,8.343357250768138,8.204301063286104,8.331768989562988,3871400
2006-02-09,8.351079047564136,8.39743059829925,8.289275752009624,8.29313850402832,2608400
2006-02-10,8.293140331137412,8.362668409302826,8.242926017320599,8.358805656433105,4046000
2006-02-13,8.304731919220584,8.3356332178223,8.25065483085385,8.281556129455566,3745600
2006-02-14,8.300868914304418,8.420611350679428,8.285418633842344,8.393572807312012,3486600
2006-02-15,8.393570033206952,8.451509855094246,8.385844527156697,8.439922332763672,4090800
2006-02-16,8.486275335413662,8.532627642834825,8.463099550075547,8.517176628112793,3170400
2006-02-17,8.497860864615996,8.497860864615996,8.451508572095879,8.47082233428955,2311000
2006-02-21,8.44764850884059,8.463098785421733,8.35108188578763,8.378120422363281,4018200
2006-02-22,8.366532399498142,8.447648748269009,8.33949386215615,8.420609474182129,3358800
2006-02-23,8.38970794561292,8.439923002177585,8.370394915700276,8.378120422363281,3354400
2006-02-24,8.381983757019043,8.393571281072326,8.343356957769963,8.381983757019043,2996000
2006-02-27,8.374258724920688,8.482412884860171,8.374258724920688,8.459237098693848,5171400
2006-02-28,8.455375748915829,8.459238503375797,8.354946343191878,8.362671852111816,3014800
2006-03-01,8.405160496170822,8.559666973964497,8.405160496170822,8.528765678405762,3393400
2006-03-02,8.494004297975463,8.567395174269274,8.49014154272366,8.548081398010254,2490800
2006-03-03,8.45150766727635,8.582838289154262,8.45150766727635,8.497859954833984,3699600
2006-03-06,8.548073996703963,8.563525004333002,8.439919890279063,8.463095664978027,5595600
2006-03-07,8.412883176628833,8.436058956322123,8.35494262227848,8.40902042388916,2635000
2006-03-08,8.405159369120595,8.447648921095794,8.347219539810261,8.401296615600586,2818600
2006-03-09,8.447649435464212,8.474687975005722,8.351082801818848,8.351082801818848,2857200
2006-03-10,8.366532734153907,8.436060825382901,8.33176868853941,8.389708518981934,5768000
2006-03-13,8.432197734505078,8.463099025288052,8.393570936840137,8.420609474182129,3341800
2006-03-14,8.409022472038302,8.524902135473809,8.397434210996778,8.517176628112793,3509600
2006-03-15,8.505593546262842,8.586709205685182,8.505593546262842,8.56739616394043,1738000
2006-03-16,8.58670339179231,8.613741926625814,8.501725034209178,8.513313293457031,3904200
2006-03-17,8.521038102173625,8.567390402633977,8.50172507341629,8.540351867675781,1845400
2006-03-20,8.551941498571782,8.5673925147827,8.52876571100041,8.555804252624512,888600
2006-03-21,8.551942214707362,8.652371618253223,8.505590635683157,8.521040916442871,3823000
2006-03-22,8.459238895723697,8.536492515016015,8.436063104634048,8.524904251098633,2426400
2006-03-23,8.51331499287585,8.536490779253063,8.466962683376458,8.505589485168457,1829800
2006-03-24,8.50945227291768,8.555803845856735,8.4824129958341,8.532628059387207,3206000
2006-03-27,8.497864795717536,8.575118406740255,8.497864795717536,8.544217109680176,1480400
2006-03-28,8.497864284169992,8.57125513654915,8.439924447763287,8.447649955749512,1454000
2006-03-29,8.478555195063228,8.613747963987134,8.463104171903161,8.575121879577637,2189800
2006-03-30,8.609883101802367,8.66396019151469,8.567393538888346,8.602157592773438,4259600
2006-03-31,8.625331766497995,8.629194520288475,8.55194091796875,8.55194091796875,3247000
2006-04-03,8.609883101802367,8.67168570054362,8.57898106568665,8.602157592773438,6607600
2006-04-04,8.594434589335899,8.648511694813672,8.578983566773504,8.633061408996582,3987200
2006-04-05,8.652369788234425,8.710309618132653,8.636919510742521,8.70644760131836,5473600
2006-04-06,8.679407166791238,8.737347725693223,8.652368632234209,8.698720932006836,3302800
2006-04-07,8.694859939843562,8.737349495178037,8.59829330444336,8.59829330444336,3346400
2006-04-10,8.598294424484758,8.629195722368326,8.56739312660119,8.586706161499023,2341200
2006-04-11,8.609878356921413,8.625328629719576,8.490135243198392,8.509449005126953,4942400
2006-04-12,8.521041496459505,8.548080042188282,8.501728460008984,8.524904251098633,5234000
2006-04-13,8.625327710844273,8.625327710844273,8.505585346622357,8.536486625671387,1794600
2006-04-17,8.53263256513284,8.563533875658294,8.416752834848731,8.443791389465332,5201800
2006-04-18,8.497865052428141,8.621470244402431,8.463101000092239,8.613744735717773,1703000
2006-04-19,8.594430758324297,8.629194806848128,8.544216430870417,8.606019020080566,2348400
2006-04-20,8.602157209435845,8.679410086047248,8.5828434377242,8.613744735717773,4032000
2006-04-21,8.625333074364928,8.640784091869707,8.497865126930769,8.521040916442871,2783200
2006-04-24,8.501723500355528,8.528762030310828,8.463096713243091,8.509449005126953,1183400
2006-04-25,8.509452239022153,8.536490779253063,8.451511667961674,8.505589485168457,4229000
2006-04-26,8.536486625671387,8.555799648797803,8.497859842673947,8.536486625671387,4900600
2006-04-27,8.482414238673424,8.648508995655266,8.482414238673424,8.62147045135498,5294800
2006-04-28,8.536488948157434,8.536488948157434,8.424471320663162,8.439922332763672,5820000
2006-05-01,8.482416435747943,8.482416435747943,8.370399475097656,8.370399475097656,7702800
2006-05-02,8.412883176628833,8.447647214541144,8.393569412930464,8.40902042388916,1752400
2006-05-03,8.397434026172913,8.42447256459643,8.351082456516862,8.389708518981934,1630800
2006-05-04,8.405159197163083,8.451510764965104,8.335631108715168,8.420609474182129,3366400
2006-05-05,8.455369790745358,8.478546301173587,8.432194017061693,8.466958045959473,2252400
2006-05-08,8.474688157111496,8.497863943395803,8.459237141758647,8.478550910949707,1530400
2006-05-09,8.509456766425089,8.509456766425089,8.416752834848731,8.443791389465332,3140400
2006-05-10,8.459236362920679,8.478550130333527,8.331768444975452,8.354944229125977,5227800
2006-05-11,8.31245632671226,8.331769359500083,8.150224346361641,8.18112564086914,5251000
2006-05-12,8.15022173344483,8.177260265377365,8.096143932835023,8.103869438171387,9414200
2006-05-15,8.080701468736931,8.138641341267864,8.026624352607456,8.111602783203125,5769200
2006-05-16,8.111596359164764,8.115459112507084,8.015029735841374,8.034342765808105,3114000
2006-05-17,7.995717035306916,8.022755573072304,7.918463438767325,7.926188945770264,3303000
2006-05-18,8.015028577584317,8.015028577584317,7.895286188255929,7.899148941040039,8081800
2006-05-19,7.910739967952641,7.972542566394061,7.856662878502671,7.95709228515625,4114800
2006-05-22,7.879840102395934,7.941642712081767,7.8450760423545,7.887565612792969,3216800
2006-05-23,7.976402245521941,7.987990504541165,7.829621315002441,7.829621315002441,2050400
2006-05-24,7.868251919254607,7.930054523801194,7.802586559830715,7.9068779945373535,4181200
2006-05-25,7.976405247096408,7.9802680015563965,7.906877140306775,7.9802680015563965,2522400
2006-05-26,8.007310694544483,8.030487233311963,7.97640937959997,8.018898963928223,4045600
2006-05-30,7.964816802553695,7.991855343912469,7.860524654388428,7.860524654388428,1965200
2006-05-31,7.922326903630168,7.937777182278459,7.85279880785045,7.891425609588623,2706000
2006-06-01,7.887563704667983,8.034344682976917,7.887563704667983,8.026619911193848,1342800
2006-06-02,8.061380829737594,8.084556609569532,7.964814220902305,7.999577522277832,3067400
2006-06-05,7.991856617527964,7.991856617527964,7.872113434220627,7.879838943481445,1464600
2006-06-06,7.887564452742263,7.903014734518785,7.81031083362431,7.879838943481445,7301800
2006-06-07,7.841211056490652,7.903013648594902,7.771683692932129,7.771683692932129,3079600
2006-06-08,7.964817114856596,7.964817114856596,7.597863573254884,7.733057022094727,11834000
2006-06-09,7.771686577187376,7.802587884707702,7.690570184480718,7.702158451080322,1643800
2006-06-12,7.706017260939548,7.721467538416139,7.559235572814941,7.559235572814941,1602600
2006-06-13,7.559233875727183,7.651937730008949,7.547646354407426,7.566959381103516,3274800
2006-06-14,7.539921300405757,7.648075435170054,7.539921300405757,7.61717414855957,2461600
2006-06-15,7.651941117175552,7.829624135759693,7.651941117175552,7.810310363769531,3628800
2006-06-16,7.818037213056042,7.833488233297423,7.756234605580911,7.798724174499512,4521200
2006-06-19,7.814172785679776,7.833486556848149,7.73305715700772,7.76395845413208,2331800
2006-06-20,7.767825197079365,7.814176798194548,7.721472859218767,7.752374172210693,2047200
2006-06-21,7.72533194480604,7.903014225898947,7.72533194480604,7.852799892425537,3030400
2006-06-22,7.879839965758914,7.879839965758914,7.744646483135962,7.760097503662109,1339000
2006-06-23,7.740780248755238,7.802582823708809,7.717603730589043,7.736917495727539,967800
2006-06-26,7.744648659776358,7.80258926628846,7.729198371653102,7.752374172210693,1923400
2006-06-27,7.783270444166085,7.783270444166085,7.648077011108398,7.648077011108398,2653200
2006-06-28,7.628761797711947,7.69828987121582,7.617173539879725,7.69828987121582,1740000
2006-06-29,7.725329579850486,7.895287036895752,7.725329579850486,7.895287036895752,2171800
2006-06-30,7.883701190734958,7.883701190734958,7.8296241028797375,7.852799892425537,3577600
2006-07-03,7.83734977414078,7.91846540760544,7.83734977414078,7.910739898681641,822000
2006-07-05,7.883699849742304,7.883699849742304,7.78713321685791,7.78713321685791,1862600
2006-07-06,7.8025858720802495,7.841211943958342,7.77554659032245,7.794860363006592,1589000
2006-07-07,7.7948606413366495,7.7948606413366495,7.686705720678868,7.717607021331787,1667600
2006-07-10,7.744641883318464,7.756230141830397,7.597860959224507,7.628762245178223,3933400
2006-07-11,7.628762865585977,7.671252413507081,7.5515092760466676,7.659664154052734,4488200
2006-07-12,7.617180844828994,7.636494626404798,7.50130110235591,7.520614147186279,2064600
2006-07-13,7.2811244596701155,7.528334810643056,7.2811244596701155,7.397004127502441,3806600
2006-07-14,7.296577268103412,7.404732202526043,7.296577268103412,7.3776936531066895,1841200
2006-07-17,7.366102462536562,7.427905047166267,7.366102462536562,7.400866508483887,1976000
2006-07-18,7.397000841343079,7.439490377819697,7.312022505134476,7.416314601898193,4505000
2006-07-19,7.42404237449148,7.543785528169115,7.408592096538033,7.524471759796143,4155200
2006-07-20,7.512881194439864,7.555369994171849,7.416314601898192,7.416314601898193,1419800
2006-07-21,7.389277006030075,7.416316276914203,7.312024156595535,7.339062690734863,2674400
2006-07-24,7.39314212986399,7.474258495039366,7.362240832831712,7.451082706451416,3587000
2006-07-25,7.466531661959146,7.551510029535655,7.454943401348525,7.532196998596191,3102800
2006-07-26,7.474259830192554,7.597865040401695,7.474259830192554,7.551512718200684,1477400
2006-07-27,7.590137203773348,7.63648951176477,7.528334617614746,7.528334617614746,1823400
2006-07-28,7.586273317664874,7.682839936216595,7.57468579495536,7.659664154052734,1601400
2006-07-31,7.609450947444722,7.69056656523237,7.609450947444722,7.648077011108398,7260600
2006-08-01,7.617176540318582,7.617176540318582,7.497434109197475,7.539923667907715,2605000
2006-08-02,7.58241052586593,7.659664115011478,7.570823003215477,7.632625579833984,2071800
2006-08-03,7.590131712321837,7.68283552448864,7.536054672743972,7.655797004699707,1288800
2006-08-04,7.702153662716013,7.756230733071,7.578548509478997,7.632625579833984,1985000
2006-08-07,7.590136944904401,7.628763744122359,7.570823913667881,7.605587959289551,3739600
2006-08-08,7.601724691498799,7.640351488103969,7.543784864963476,7.578548908233643,2160200
2006-08-09,7.7253350300426735,7.763961852541959,7.609455299290178,7.624905586242676,3368400
2006-08-10,7.586268961388503,7.66738525749971,7.586268961388503,7.655797004699707,1538600
2006-08-11,7.609449274619558,7.636487807938084,7.582410004556253,7.613311290740967,2045400
2006-08-14,7.675118332494761,7.748508462409783,7.659667313515722,7.678980350494385,1683000
2006-08-15,7.763956026830786,7.864385395273261,7.752367767752682,7.856659889221191,2995400
2006-08-16,7.937778439241603,7.991856264936362,7.875975841371947,7.9802680015563965,8387800
2006-08-17,7.976403109722277,8.061382211580682,7.968677602872443,8.015029907226562,3681200
2006-08-18,7.957087861304144,8.065241980074319,7.949362356607795,8.045928955078125,1528400
2006-08-21,8.02275835382687,8.02275835382687,7.968680522807372,7.991857051849365,3181600
2006-08-22,7.972540527597541,8.061382384789743,7.960953003818702,7.9957170486450195,2045600
2006-08-23,7.903014458961191,8.053658937314104,7.903014458961191,7.95709228515625,4995400
2006-08-24,8.0652456352599,8.0652456352599,7.941640451078909,7.987992763519287,2274400
2006-08-25,7.987992692278444,8.049795283817755,7.972541676021113,8.011168479919434,1923800
2006-08-28,8.03434342610629,8.092283994258032,7.999579379913216,8.084558486938477,2762000
2006-08-29,8.100013613170791,8.157954216003418,8.038210991111667,8.157954216003418,3534000
2006-08-30,8.16567486520912,8.227477456040324,8.146361831853742,8.215889930725098,4024200
2006-08-31,8.24679156892498,8.24679156892498,8.177263467163636,8.184988975524902,2216800
2006-09-01,8.235207367675127,8.246795635931921,8.181130255967535,8.219757080078125,8053200
2006-09-05,8.219751594754529,8.269965916866774,8.169536535897382,8.262240409851074,4921000
2006-09-06,8.161813719320408,8.215891549511477,8.119324890217957,8.127050399780273,2667000
2006-09-07,8.084555997404376,8.142495810969377,8.045929209446141,8.080693244934082,3678200
2006-09-08,8.076834201780573,8.154087813176055,8.076834201780573,8.1463623046875,3789600
2006-09-11,8.092284749062689,8.23906571810055,8.092284749062689,8.215889930725098,6407800
2006-09-12,8.188848950634066,8.370393915042268,8.188848950634066,8.358805656433105,2847200
2006-09-13,8.354942903563385,8.374256667911988,8.308591342616294,8.358805656433105,3399600
2006-09-14,8.304729582554469,8.40515895893893,8.304729582554469,8.378120422363281,2958600
2006-09-15,8.464823803672392,8.476434886037682,8.387413142770841,8.399024963378906,13820000
2006-09-18,8.360315478360654,8.457078387280934,8.340962453631153,8.395150184631348,2346200
2006-09-19,8.406759784122446,8.410630388388265,8.275162192053742,8.356443405151367,7064800
2006-09-20,8.426114036152086,8.495783446628025,8.360315230507299,8.491912841796875,5118600
2006-09-21,8.491914326337023,8.515137221141323,8.395151403369509,8.410633087158203,3908800
2006-09-22,8.379671432530605,8.3990244657307,8.344836711013167,8.360319137573242,6683000
2006-09-25,8.41063883319309,8.53062547118067,8.39515713882751,8.511272430419922,3340600
2006-09-26,8.553844355957903,8.56932604303698,8.484174918495379,8.565455436706543,5045000
2006-09-27,8.592546861183363,8.615769753302201,8.472560319044094,8.499653816223145,10624200
2006-09-28,8.515139007432005,8.546103119747505,8.47256307615719,8.542232513427734,4533400
2006-09-29,8.546098908458589,8.57319240110337,8.499652393751603,8.515134811401367,2373400
2006-10-02,8.495785803726836,8.542231598101946,8.45320987701416,8.45320987701416,3948400
2006-10-03,8.41837332468599,8.522877446584413,8.395150432567151,8.499653816223145,4122800
2006-10-04,8.48417672289185,8.650609139283773,8.48030611573822,8.631256103515625,12510400
2006-10-05,8.64286396171481,8.650605172472266,8.59641743541255,8.627382278442383,3415600
2006-10-06,8.592551508464988,8.638997317822884,8.209369520926785,8.631256103515625,3297600
2006-10-09,8.604162824353738,8.673832278517386,8.592551740821696,8.65447998046875,1050200
2006-10-10,8.662217140197754,8.673828957526773,8.611900741590471,8.662217140197754,3180400
2006-10-11,8.64673721747499,8.708665446031798,8.611902496631446,8.65834903717041,2959000
2006-10-12,8.666089010198334,8.797686672821314,8.666089010198334,8.786075592041016,4867200
2006-10-13,8.801556018610075,8.855743023137972,8.778333122132773,8.828649520874023,5863400
2006-10-16,8.859612311807942,8.886705810044027,8.824777603149414,8.824777603149414,3802600
2006-10-17,8.786074491072489,8.786074491072489,8.693181427014341,8.751239776611328,14908200
2006-10-18,8.789944115152803,8.848002463141233,8.697051791910901,8.728015899658203,7511400
2006-10-19,8.708662309502298,8.770590515754918,8.673827601204893,8.755108833312988,3963400
2006-10-20,8.762851028700718,8.809297561645508,8.731886919485056,8.809297561645508,3479000
2006-10-23,8.805422034208174,8.890573102398166,8.697047343404579,8.863479614257812,2603000
2006-10-24,8.851869890948407,8.878963383220043,8.76671807153207,8.801552772521973,4397000
2006-10-25,8.82477859070332,8.886706804528128,8.809296906368386,8.878966331481934,2569000
2006-10-26,8.871224227283212,8.933152434874799,8.840260123487418,8.925411224365234,4339800
2006-10-27,8.902189889292492,8.902189889292492,8.770592240565282,8.809297561645508,4705000
2006-10-30,8.755112234582159,8.871227481854763,8.724148119426614,8.840263366699219,4953000
2006-10-31,8.882839420745674,8.898321109409247,8.817040582879308,8.851875305175781,5646200
2006-11-01,8.902186397798365,8.902186397798365,8.766718196270363,8.813164710998535,6624000
2006-11-02,8.75511278970881,8.8015585962657,8.747371575868401,8.75898265838623,5608200
2006-11-03,8.786076906827665,8.824781499544144,8.712536851829341,8.75898265838623,3833800
2006-11-06,8.80155143043924,8.886702498629232,8.774457942298888,8.863479614257812,3029000
2006-11-07,8.921541307604944,8.95637601934379,8.7783325933386,8.909930229187012,6573000
2006-11-08,8.909934756944043,8.952509963182756,8.832524083021637,8.917675971984863,5974800
2006-11-09,9.014435691388602,9.014435691388602,8.909931540788357,8.913802146911621,6209200
2006-11-10,8.81703546952477,8.944762464456884,8.81703546952477,8.937021255493164,3217800
2006-11-13,8.960245176358363,9.022173378717593,8.937022285034253,9.014432907104492,4094800
2006-11-14,9.02991622355287,9.103456254010704,8.96798800998076,9.080232620239258,4866800
2006-11-15,9.010563819539898,9.130549639536008,9.010563819539898,9.09958553314209,3437400
2006-11-16,9.12281143535436,9.157646158809737,9.076365629575712,9.13442325592041,3245800
2006-11-17,9.095718183745774,9.14990520477295,9.08797696981538,9.14990520477295,3094400
2006-11-20,9.134423515154952,9.180869322251732,9.103459397676168,9.14990520477295,2804000
2006-11-21,9.173126575422236,9.173126575422236,9.126680041582196,9.146032333374023,2863200
2006-11-22,9.200218466465072,9.215700149536133,9.149901335438544,9.215700149536133,2136200
2006-11-24,9.16151252928586,9.223440733849658,9.115066006741795,9.1963472366333,847000
2006-11-27,9.134415638212728,9.169250332617471,8.960242166189005,8.979595184326172,6463400
2006-11-28,8.95250955093702,9.029920221294812,8.921545430442475,9.026049613952637,5880200
2006-11-29,9.0841064453125,9.115070563072369,9.041531244794434,9.0841064453125,6330800
2006-11-30,9.080232862800562,9.142161816269526,9.045398887697946,9.103456497192385,3430400
2006-12-01,9.057013734447182,9.103460284310431,8.944769074495532,9.026049613952637,5798800
2006-12-04,9.041530669469864,9.173128346136258,9.041530669469864,9.14216423034668,2834000
2006-12-05,9.115068223561533,9.180867049193402,9.115068223561533,9.146032333374023,2318200
2006-12-06,9.1499018066238,9.176995307075227,9.080232383610111,9.087973594665527,1949000
2006-12-07,9.11119515703911,9.15377033168236,9.037655145211891,9.053136825561523,3126200
2006-12-08,9.041525749859886,9.107324552391113,8.998949836974283,9.053136825561523,1630400
2006-12-11,9.049267216031971,9.149900733219148,8.998950826559598,9.107325553894045,1924200
2006-12-12,9.091848115095187,9.122812234407313,9.018308054887832,9.076366424560549,5957600
2006-12-13,9.149903127199972,9.149903127199972,9.029917291493962,9.091845512390137,2795400
2006-12-14,9.091847455886748,9.188610414001648,9.057012731905962,9.16925811767578,2649000
2006-12-15,9.217915394788584,9.225700974397816,9.16730986980232,9.171202659606934,3691600
2006-12-18,9.190669673909593,9.237381682196933,9.093352123757985,9.136171340942385,4150200
2006-12-19,9.05831655940697,9.124492514538082,9.023282186544977,9.07777976989746,2978400
2006-12-20,9.116703212322305,9.155630359888852,9.073883275751738,9.081668853759766,2549800
2006-12-21,9.085565436731365,9.097243808620082,9.01160389971728,9.03885269165039,3646600
2006-12-22,9.04274704696178,9.046639838264928,8.961000657017728,8.968786239624023,2810800
2006-12-26,8.945427618206148,9.019389152526855,8.945427618206148,9.019389152526855,1788200
2006-12-27,9.02717234904754,9.097241074372343,9.023279559587976,9.085562705993652,1813800
2006-12-28,9.08556164276378,9.09724000977582,9.050527284201245,9.081668853759766,2011600
2006-12-29,9.077779332171508,9.143955284111646,9.050530541809188,9.054423332214355,2130200
2007-01-03,9.093347220771806,9.210127920997872,8.996029723092223,9.081668853759766,9484400
2007-01-04,9.077777237989425,9.24516347442748,9.058314032927472,9.221807479858398,5766000
2007-01-05,9.155628937699534,9.163414514498188,9.089453019857908,9.14784336090088,3298200
2007-01-08,9.147844870000878,9.206235220676378,9.11670330014237,9.175093650817873,3558600
2007-01-09,9.159520712168169,9.2140182587791,9.11280799902066,9.186769485473633,6938000
2007-01-10,9.155628821263798,9.249053514239128,9.136164879514691,9.233482360839844,5318000
2007-01-11,9.287985507382762,9.342483087803316,9.256843926789038,9.326911926269531,7137200
2007-01-12,9.33469625083999,9.365837827242904,9.280198677753328,9.35026741027832,6081200
2007-01-16,9.303553181635026,9.361943535212244,9.299660392400062,9.330801963806152,3113600
2007-01-17,9.291872027422528,9.311335223731753,9.19455456092971,9.210124969482422,3026000
2007-01-18,9.159525516460915,9.194559884079188,9.077778411193686,9.105027198791504,9660800
2007-01-19,9.050523825420324,9.1089141532187,9.04273825038766,9.101128578186035,4741400
2007-01-22,9.08945811877991,9.105028538638305,8.988247791041754,9.03495979309082,6799800
2007-01-23,9.011603792066287,9.09335090936298,8.999926162790963,9.03495979309082,2941600
2007-01-24,9.069989133086263,9.198448181152344,9.062204298713675,9.198448181152344,8763000
2007-01-25,9.233484993088714,9.27241214521068,9.085562705993652,9.085562705993652,2902800
2007-01-26,9.12059717812985,9.151738751706478,9.054421241470306,9.089455604553224,8337200
2007-01-29,9.105024043484468,9.163415130928929,9.089453631313194,9.12838077545166,4681000
2007-01-30,9.120598201146366,9.182881355285645,9.120598201146366,9.182881355285645,4996200
2007-01-31,9.167311285415398,9.260736770205432,9.112813704682754,9.237380027770996,3446800
2007-02-01,9.249053688178254,9.268516887819928,9.17119940466461,9.198448181152344,3014400
2007-02-02,9.229592758766682,9.245163917541504,9.198451183690754,9.245163917541504,3043200
2007-02-05,9.186773116767938,9.24516347442748,9.186773116767938,9.221807479858398,2069000
2007-02-06,9.21791054499545,9.241266529061187,9.140056274811856,9.210124969482422,3391400
2007-02-07,9.264625431787042,9.287982165684264,9.21791344893976,9.252947807312012,3141200
2007-02-08,9.206235198779783,9.276303916413166,9.206235198779783,9.264625549316406,2740200
2007-02-09,9.276303819677238,9.287982186652211,9.11670318338716,9.163415908813477,3774800
2007-02-12,9.128381619587586,9.155630400262254,9.10113209643933,9.124488830566406,5192000
2007-02-13,9.155630221308812,9.175093423560702,9.128381441166743,9.159523010253906,3063400
2007-02-14,9.198450271544363,9.295767776815556,9.19066543540264,9.287982940673828,2036400
2007-02-15,9.303553174202053,9.326909167119554,9.272411602820842,9.323017120361328,6126600
2007-02-16,9.252950700930947,9.303555488586426,9.241272330330233,9.303555488586426,4092600
2007-02-20,9.260730695818692,9.326905861888456,9.229588392999936,9.307442665100098,2642400
2007-02-21,9.276302777667246,9.311337132183167,9.252946788814462,9.291873931884766,2329400
2007-02-22,9.3502691016353,9.373625102543883,9.284093146999414,9.342483520507812,7157200
2007-02-23,9.31912539980071,9.3385886057183,9.291876614526595,9.33469581604004,2015800
2007-02-26,9.30355379937006,9.358052109804506,9.256841810396164,9.311339378356934,1975200
2007-02-27,9.15563142766294,9.245163357776145,8.867571690033282,8.953210830688477,9442800
2007-02-28,8.953210648440708,9.058313734246514,8.902605871464015,8.988245010375977,7235400
2007-03-01,8.848107347491458,9.0310647314767,8.715755481726083,8.980459213256836,7367200
2007-03-02,8.914283454203865,8.964888973410543,8.81307315826416,8.81307315826416,5225800
2007-03-05,8.743005919201341,8.922070547797537,8.743005919201341,8.832538604736328,2813600
2007-03-06,8.902610272418544,8.968786239624023,8.855897519254784,8.968786239624023,4354000
2007-03-07,8.91817339899493,8.937636597113361,8.855890274047852,8.855890274047852,3083800
2007-03-08,8.929853439331055,8.980458209420677,8.894819082163796,8.929853439331055,5550000
2007-03-09,8.98824519333689,8.996030772252908,8.879249315933638,8.953210830688477,2264600
2007-03-12,8.918177562077295,9.0193878729805,8.918177562077295,9.007709503173828,3186800
2007-03-13,8.968776230613702,8.992132209893672,8.836424443905212,8.863673210144043,3314200
2007-03-14,8.863677739406851,8.949316868843061,8.793609023289235,8.94542407989502,5799400
2007-03-15,8.945424189458869,8.960995345441754,8.894819417461656,8.94931697845459,4487400
2007-03-16,8.906494914082254,8.97267082625195,8.89481729235863,8.933744430541992,5810600
2007-03-19,8.980457635785942,9.085560700574169,8.964887223858154,8.992136001586914,1741000
2007-03-20,9.01160042382472,9.066098729144128,8.988244431529893,9.050527572631836,2582600
2007-03-21,9.06609691663829,9.233482360839844,9.02716977561354,9.233482360839844,1716800
2007-03-22,9.190663346779758,9.206233757998405,9.116701851689143,9.198448181152344,3440400
2007-03-23,9.167308072734846,9.217913587800917,9.15173765904239,9.175093650817873,2740200
2007-03-26,9.17509112156841,9.202339894873877,8.988241753925163,9.186769485473633,1917200
2007-03-27,9.163413610399852,9.190662384033203,9.147842458338854,9.190662384033203,3529800
2007-03-28,9.112811489736924,9.1400602734802,9.058313922250376,9.085562705993652,3973600
2007-03-29,9.10891902799752,9.132275023121531,8.999923889103002,9.097241401672363,5708000
2007-03-30,9.101135770980829,9.124492514538082,9.011603814766351,9.07777976989746,7548000
2007-04-02,9.105024885460509,9.143952033198715,9.050527324111172,9.124488830566406,3146600
2007-04-03,9.143950628176878,9.237375322909166,9.108916274843084,9.198448181152344,3981800
2007-04-04,9.19066466853325,9.252947807312012,9.18677187955038,9.252947807312012,4582000
2007-04-05,9.26462620482772,9.291875729981513,9.15563107410712,9.287982940673828,1319400
2007-04-09,9.287982940673828,9.319124512661665,9.26462620482772,9.287982940673828,1535600
2007-04-10,9.280200958251951,9.30355696067516,9.249059374196367,9.280200958251951,3884400
2007-04-11,9.303557133292868,9.303557133292868,9.18288358564774,9.194561958312988,4192200
2007-04-12,9.2062340686354,9.291873931884766,9.163414879484217,9.291873931884766,1541600
2007-04-13,9.233482854789436,9.29965877532959,9.182878088481552,9.29965877532959,2226400
2007-04-16,9.307447063340184,9.37751579284668,9.3035542736483,9.37751579284668,2643400
2007-04-17,9.358054818066352,9.396981239318848,9.330805283726155,9.396981239318848,2745800
2007-04-18,9.3035532190489,9.4008707228935,9.3035532190489,9.373621940612791,2132800
2007-04-19,9.299661483956417,9.400871788524272,9.287983857354476,9.37751579284668,3559200
2007-04-20,9.443692835771827,9.470941624324215,9.396980096486446,9.432014465332031,1973200
2007-04-23,9.420334597301723,9.447583379374615,9.385300236786971,9.412549018859863,3213600
2007-04-24,9.48651057454879,9.49818819979389,9.40087069622536,9.463153839111328,5673200
2007-04-25,9.470940952852745,9.544902475446785,9.451477745973456,9.53322410583496,3426800
2007-04-26,9.5254367757599,9.603291073918536,9.502080783301755,9.587719917297363,1438400
2007-04-27,9.541008874603287,9.614970390910695,9.541008874603287,9.579936027526855,1809800
2007-04-30,9.57215166893224,9.618863664417525,9.505975723266602,9.505975723266602,1851600
2007-05-01,9.533222744710146,9.55268669128418,9.474832389935337,9.55268669128418,6200200
2007-05-02,9.56825810021028,9.646112409648175,9.560472520771746,9.60329246520996,2660000
2007-05-03,9.653899216441294,9.70450475064384,9.614972796253332,9.6967191696167,2133400
2007-05-04,9.73174678433302,9.743425147764627,9.681142027742764,9.735639572143556,5899400
2007-05-07,9.712287066021744,9.747321426390087,9.704501487612417,9.72396469116211,1270600
2007-05-08,9.692822102354643,9.766783604530826,9.68503652476272,9.762890815734863,3855200
2007-05-09,9.712284768490848,9.801816671597637,9.692820827071907,9.751211166381836,11249600
2007-05-10,9.74731906278545,9.794031036967086,9.66557199425742,9.700606346130373,4766400
2007-05-11,9.681147345102811,9.805713653564451,9.681147345102811,9.805713653564451,5076400
2007-05-14,9.832957496715547,9.832957496715547,9.72396166037789,9.75899600982666,1408000
2007-05-15,9.770677011106716,9.832960150833047,9.720071496033077,9.743428230285645,6864200
2007-05-16,9.75900135397949,9.82907009124756,9.716181405099272,9.82907009124756,1182600
2007-05-17,9.82906476024219,9.844635912289208,9.778460001036168,9.8018159866333,1020800
2007-05-18,9.836858966719143,9.856322181380742,9.7784685802603,9.852429389953612,2826400
2007-05-21,9.875782344877898,9.94585033622848,9.844640767897497,9.895245552062988,5695400
2007-05-22,9.790141183863817,9.945849048607393,9.790141183863817,9.88356590270996,3869600
2007-05-23,9.910811990958877,9.934168721173736,9.840744027734688,9.848528861999512,7728400
2007-05-24,9.825174983062489,9.88356533618519,9.688930330793765,9.72396469116211,9670400
2007-05-25,9.743430499333632,9.813498490987982,9.7239665495904,9.805713653564451,3945600
2007-05-29,9.797929272334022,9.88356843425995,9.79014369148425,9.864105224609377,4741600
2007-05-30,9.790141541431048,9.949742201431544,9.758999967344945,9.938064575195312,4505600
2007-05-31,9.976992823661824,10.00424235567088,9.949744034126596,9.98477840423584,4341600
2007-06-01,10.031491145206106,10.054847144454325,9.96142240498762,9.98477840423584,4135800
2007-06-04,9.953634740497977,10.023703466046712,9.949741951025972,10.019810676574709,2835200
2007-06-05,9.969207985561638,10.000349565383871,9.922495244591373,9.98477840423584,2752200
2007-06-06,9.94195869628236,9.953636324082565,9.867997169494627,9.867997169494627,4098000
2007-06-07,9.852425807549158,9.910816172776896,9.704503499473974,9.727859497070312,4947600
2007-06-08,9.712290110408093,9.899139595959497,9.712290110408093,9.864105224609377,3353400
2007-06-11,9.856317119189043,9.914707475658677,9.836853914523722,9.88356590270996,2245200
2007-06-12,9.813501444836808,9.883570200055509,9.759003854099593,9.766789436340332,2585200
2007-06-13,9.809602510084291,9.891348838806152,9.770675368680491,9.891348838806152,2259200
2007-06-14,9.883568084195122,9.992563984809856,9.883568084195122,9.98477840423584,1699400
2007-06-15,10.042430877685549,10.08138463010943,10.022953258478404,10.042430877685549,1735600
2007-06-18,10.104755389699728,10.104755389699728,10.019055371393186,10.069696426391602,1316400
2007-06-19,10.011265781672702,10.085278493488625,10.00737025847264,10.065801620483398,2616800
2007-06-20,10.108650403342056,10.108650403342056,9.95283246626947,10.007369041442873,2223800
2007-06-21,9.945041962843732,10.061904670291636,9.925564349605766,10.058009147644045,3145800
2007-06-22,9.952835776239832,10.046326866773295,9.906090973968336,9.945045471191406,3794000
2007-06-25,9.948941950609866,10.015163636354544,9.859346375494372,9.909987449645996,2923400
2007-06-26,9.968417868251962,9.968417868251962,9.847659595605522,9.874927520751951,4166000
2007-06-27,9.847654427625244,9.999576069710937,9.824281295769872,9.972308158874512,8159400
2007-06-28,9.976205602627353,10.061904873621282,9.976205602627353,10.007369041442873,3403600
2007-06-29,10.042426068450938,10.06969397928736,9.906085771273982,9.972308158874512,2804800
2007-07-02,10.003473316567684,10.073591238234416,10.003473316567684,10.058009147644045,3356000
2007-07-03,10.089175464510843,10.15150235866573,10.085279940751766,10.128129959106444,3113000
2007-07-05,10.143707536387303,10.451446346343436,10.116438882218535,10.16707992553711,6720400
2007-07-06,10.18266320068723,10.225513208079484,10.155395284344884,10.186558723449709,5459600
2007-07-09,10.206034706058375,10.24888396360715,10.174871271934322,10.244988441467283,2021000
2007-07-10,10.147606834906652,10.217724776579695,10.108653083306235,10.128129959106444,4268400
2007-07-11,10.112545276952629,10.206036337262097,10.081381837847804,10.186558723449709,2182800
2007-07-12,10.209937529718632,10.385232449154907,10.202147222295713,10.357964515686035,2575800
2007-07-13,10.373535632688036,10.513771429795131,10.338477426405992,10.38132667541504,3357000
2007-07-16,10.369644441915865,10.435866842016942,10.342375782937197,10.412493705749512,2787200
2007-07-17,10.408596296563395,10.49040077268302,10.400805995547836,10.447550773620604,2627200
2007-07-18,10.369646325017367,10.40080976937149,10.276155248959878,10.39301872253418,3069800
2007-07-19,10.4865098050235,10.525464298998848,10.443659787351098,10.478718757629396,6020800
2007-07-20,10.447554115655498,10.463136208660828,10.346272740106116,10.439763069152832,3146600
2007-07-23,10.451450583879362,10.494300600523236,10.420287138046133,10.45534610748291,2205400
2007-07-24,10.342374322803924,10.459237758657371,10.280047454213374,10.350165367126465,3476000
2007-07-25,10.350166078586891,10.43976086547011,10.14760337024619,10.361852645874023,8055400
2007-07-26,10.36185473496427,10.36185473496427,10.030742691688168,10.206037521362305,5945600
2007-07-27,10.163186000866435,10.209930786512947,9.98789119720459,9.98789119720459,4116800
2007-07-30,10.030742172123947,10.093069054336375,9.960624243886205,10.022951126098633,3211000
2007-07-31,10.167084431314247,10.167084431314247,9.906090283992173,9.952835083007812,5476800
2007-08-01,9.960623785966275,10.233304440355983,9.839865550105698,10.05021858215332,19142200
2007-08-02,10.04242850892862,10.147604655857972,10.019055371393186,10.069696426391602,10085800
2007-08-03,10.093071664918638,10.112548542024593,9.874927520751951,9.874927520751951,5316000
2007-08-06,9.941149731043746,10.034640076549444,9.851554909475189,10.030744552612305,4985000
2007-08-07,10.003473794140518,10.108650681661835,9.886610338118498,10.05021858215332,5314000
2007-08-08,10.120337496634914,10.206037521362305,10.073592704051864,10.206037521362305,10562600
2007-08-09,10.065798457311464,10.283942486997685,9.898294727322192,9.972308158874512,7373200
2007-08-10,9.828179595941483,9.948938582345436,9.71131687560966,9.832075119018556,9740800
2007-08-13,9.972311737363032,10.003475181358114,9.90608932599909,9.968416213989258,5321800
2007-08-14,9.976202824129194,9.991784167699858,9.719104339757578,9.765849113464355,3041400
2007-08-15,9.75805893857717,9.835967892348163,9.594450730053962,9.641196250915527,6147200
2007-08-16,9.57108163400752,9.610036124295132,9.310087514974157,9.578872680664062,8078800
2007-08-17,9.824285948966546,9.828181472787524,9.57108284456443,9.672364234924316,8014800
2007-08-20,9.750266524008673,9.769743386731951,9.656776245546483,9.707416534423828,4386400
2007-08-21,9.676257636954253,9.820388271749836,9.676257636954253,9.738584518432615,5712800
2007-08-22,9.867133140563965,9.890505533797262,9.812597308687945,9.867133140563965,3990400
2007-08-23,9.913879164788588,9.933356036289185,9.839865715695275,9.894401550292969,3812600
2007-08-24,9.894398777066195,10.0541114561905,9.871026389217349,10.034634590148926,5134800
2007-08-27,9.983996365299038,10.04242846589219,9.980101585388184,9.980101585388184,2937600
2007-08-28,9.941145830769234,9.9489368755868,9.7619555149398,9.800909996032717,5599200
2007-08-29,9.835967435946666,10.046321155570755,9.835967435946666,10.034634590148926,6544400
2007-08-30,9.97231105069231,10.147605132471131,9.902193120782757,10.07748794555664,8625200
2007-08-31,10.186557488266462,10.186557488266462,10.08138061541791,10.14370822906494,9307200
2007-09-04,10.159290373121024,10.365748612742832,10.143709025731718,10.29952621459961,8888800
2007-09-05,10.260573368632633,10.272259938285345,10.151500947525928,10.190455436706545,4926000
2007-09-06,10.22941087951417,10.248887754422649,10.155397417470676,10.241097450256348,4577600
2007-09-07,10.081384877804684,10.108653545364662,9.972313179545646,10.030744552612305,9476000
2007-09-10,10.096965997722958,10.128129443213036,9.956730121520025,10.011266708374023,7000200
2007-09-11,10.073592702977663,10.190455427417906,10.069697179763644,10.155396461486816,4962400
2007-09-12,10.128129959106444,10.213829252820616,10.10475755954716,10.128129959106444,5573400
2007-09-13,10.182665805743174,10.186561329502252,10.116443387829207,10.128129959106444,3670800
2007-09-14,10.042428980601864,10.124232736832967,10.042428980601864,10.07748794555664,5792600
2007-09-17,10.073588371276855,10.1203331437544,10.034633898882394,10.073588371276855,1858600
2007-09-18,10.159289884008302,10.276152584284198,9.991786135416572,10.272257804870604,6788000
2007-09-19,10.330691109073989,10.369645597532562,10.272259747883664,10.311213493347168,4144600
2007-09-20,10.295629542858451,10.385224323583012,10.295629542858451,10.350165367126465,3706800
2007-09-21,10.390373601847266,10.448921762160133,10.38256698194415,10.429405212402344,7054000
2007-09-24,10.448916626784015,10.526980554007991,10.402077674865724,10.402077674865724,12531000
2007-09-25,10.40598630360742,10.53869586667208,10.382567187913732,10.50747013092041,5934000
2007-09-26,10.67920816683328,10.67920816683328,10.519176236233571,10.57382106781006,7763600
2007-09-27,10.60894993943004,10.60894993943004,10.546498491584092,10.566014289855955,5407600
2007-09-28,10.683112644666076,10.683112644666076,10.503564151366776,10.526983261108398,5307200
2007-10-01,10.605051539037026,10.683116257213827,10.546503372644588,10.640180587768556,20283200
2007-10-02,10.72214653613253,10.72214653613253,10.628469332678208,10.679211616516112,7112400
2007-10-03,10.624566236942972,10.655791972057091,10.538695651499202,10.554308891296388,4107400
2007-10-04,10.60504886486834,10.60504886486834,10.526984166376328,10.581629753112791,10153000
2007-10-05,10.628464700457736,10.722141863084596,10.620658084118856,10.694819450378418,3861400
2007-10-08,10.687015139531836,10.757273212778616,10.679209265988916,10.714338302612305,1730200
2007-10-09,10.788497051779231,10.815819465596626,10.729948915816248,10.792400360107422,5415000
2007-10-10,10.921210925834316,10.921210925834316,10.7845980576181,10.827533721923828,3587400
2007-10-11,10.874370168493757,10.93291831426892,10.640176840913028,10.710434913635254,9814000
2007-10-12,10.737760539144285,10.82753443911153,10.72214729855157,10.815824508666992,4375000
2007-10-15,10.702631496954616,10.843147684429123,10.679212380535628,10.737760543823242,10147000
2007-10-16,10.710438117254377,10.77288959069187,10.683115690685506,10.737760543823242,11204400
2007-10-17,10.889985191197487,10.889985191197487,10.698727473486878,10.827533721923828,13161600
2007-10-18,10.808019209446847,10.86656737583243,10.768986850363016,10.854857444763184,4794200
2007-10-19,10.854854820753284,10.858758130166128,10.573823243349755,10.59724235534668,6091800
2007-10-22,10.51917555904708,10.675304170986047,10.50746563397168,10.663594245910645,6714200
2007-10-23,10.772886436185386,10.81972465530824,10.687015126993373,10.78069305419922,12859800
2007-10-24,10.83143488253202,10.83143488253202,10.484048560569128,10.67140293121338,11222600
2007-10-25,10.741659357539806,10.768981772671577,10.58943330333713,10.761175155639648,6276400
2007-10-26,10.831432504128207,11.010980217116543,10.804110090802151,10.905593872070312,5234200
2007-10-29,10.936824798583984,10.971953845144254,10.89388913179248,10.936824798583984,5021400
2007-10-30,10.870467360641754,10.999273585077132,10.870467360641754,10.956337928771973,5465200
2007-10-31,11.104660588586144,11.131983007970405,10.97195105630823,11.08514404296875,7755000
2007-11-01,11.163208039031645,11.163208039031645,10.909498917697295,10.964143753051758,14404600
2007-11-02,11.081240315224075,11.081240315224075,10.862660223927303,10.987563133239746,10665200
2007-11-05,10.94072480399311,11.018788749284957,10.441112427309053,10.97195053100586,9410200
2007-11-06,11.073433200407395,11.073433200407395,10.88607811296139,11.030497550964355,6754000
2007-11-07,10.987565380667167,10.991468690441582,10.733856201171877,10.733856201171877,11670800
2007-11-08,10.42549998218924,10.694822363398536,10.25375884283501,10.35133934020996,28626600
2007-11-09,10.035179613887228,10.308405348469147,9.984438074626135,10.136663436889648,12801200
2007-11-12,9.953210067844878,10.199112577243936,9.953210067844878,9.972725868225098,14523800
2007-11-13,10.148373025123506,10.363049849016727,10.101534052820876,10.312308311462402,8956000
2007-11-14,10.538695253032628,10.538695253032628,10.17959894055749,10.25376033782959,12157600
2007-11-15,10.14446819737238,10.27327442132978,10.08982335826321,10.12885570526123,7741400
2007-11-16,10.109341036790722,10.29279287840374,10.109341036790722,10.273276329040527,6969600
2007-11-19,10.26936621429842,10.273269521584584,10.05859283220377,10.07030200958252,9532400
2007-11-20,10.26156462803442,10.26156462803442,9.96882315968094,10.156177520751951,10510400
2007-11-21,9.988341065244375,10.156179661596262,9.925889598389752,9.964921951293944,12597600
2007-11-23,9.972726332101322,10.109339174557524,9.972726332101322,10.062500953674316,1764200
2007-11-26,10.17959507879345,10.17959507879345,9.832208827509024,9.851724624633787,5631200
2007-11-27,9.992240468840258,10.019562881848318,9.840014426469764,9.961014747619627,6741000
2007-11-28,10.17959894055749,10.308405186093124,10.078115119153624,10.25376033782959,8484600
2007-11-29,10.300597270523363,10.355242856391904,10.238145810513714,10.304500579833984,9349400
2007-11-30,10.593333120037228,10.593333120037228,10.16007644029669,10.249850273132324,7207600
2007-12-03,10.281077013620587,10.29278693647849,10.167883326100272,10.187399864196776,5349400
2007-12-04,10.183499778004402,10.234241304147172,10.07030605467662,10.148370742797852,3942800
2007-12-05,10.320108349383869,10.402075568039466,10.249850307976365,10.382559776306152,7732400
2007-12-06,10.456723650335498,10.52307765604566,10.3630457428484,10.48794937133789,4544000
2007-12-07,10.58943243970032,10.58943243970032,10.468432863493652,10.499658584594728,5594600
2007-12-10,10.6128550534409,10.6128550534409,10.495758010449196,10.550403594970703,5049200
2007-12-11,10.67921235489318,10.784598750765724,10.386470794677734,10.386470794677734,7334000
2007-12-12,10.655788153074509,10.675304695826355,10.405982361690718,10.566014289855955,7625600
2007-12-13,10.558210793712774,10.577727342233622,10.468436903957482,10.511372566223145,5037600
2007-12-14,10.550402053564806,10.562111235017197,10.42940171903676,10.44501495361328,4215800
2007-12-17,10.35524207149997,10.421596835790774,10.214725924888834,10.245951652526855,3916800
2007-12-18,10.343532144455684,10.343532144455684,10.156177778627551,10.245951652526855,6774800
2007-12-19,10.327920805909809,10.33182411564171,10.214727801605443,10.312308311462402,3816600
2007-12-20,10.456727851596783,10.460630416870115,10.331824172924009,10.460630416870115,3856200
2007-12-21,10.54807028000576,10.606888367019463,10.528464500305375,10.595125198364258,6097600
2007-12-24,10.693157136217009,10.693157136217009,10.61473251027,10.673550605773926,1674200
2007-12-26,10.665708715394658,10.755896511474033,10.618653790359131,10.732369422912598,4802600
2007-12-27,10.669631952025028,10.732372117126667,10.544153117647443,10.583365440368652,3367400
2007-12-28,10.748055314487337,10.748055314487337,10.504940288879276,10.532388687133787,2125400
2007-12-31,10.583361465213256,10.583361465213256,10.410827758792044,10.453961372375488,3573400
2008-01-02,10.450043963329838,10.47749236478588,10.183401067049132,10.242219924926758,14921200
2008-01-03,10.30887741951423,10.30887741951423,10.17163470731548,10.257901191711426,4022000
2008-01-04,10.08144507785615,10.09713029945526,9.80303912568472,9.857935905456545,7784000
2008-01-07,9.787353861435614,9.873621084029736,9.665796386222338,9.771669387817385,11198400
2008-01-08,9.81480757357617,9.901074088464652,9.489346554248105,9.512873649597168,10589800
2008-01-09,9.457972471712422,9.661875116987458,9.430523333930898,9.646190643310549,10450000
2008-01-10,9.552083101246817,9.77167100359943,9.477579782481364,9.661876678466797,13048600
2008-01-11,9.650115852307827,9.65403715929141,9.442291069655017,9.520715713500977,6568600
2008-01-14,9.646194615668954,9.744225047234872,9.626588080608068,9.712855339050291,8271000
2008-01-15,9.638353251006285,9.657959040695712,9.477583382231575,9.508953094482422,7326200
2008-01-16,9.406999518890176,9.4775815447486,9.242308374524782,9.30112648010254,13374600
2008-01-17,9.34033705916661,9.422682989960064,9.14035493913982,9.218779563903809,11247000
2008-01-18,9.22269830822487,9.324649992934768,9.05800724029541,9.05800724029541,9112200
2008-01-22,8.038494493635119,8.971743769180412,7.748324538248552,8.889398574829102,17957600
2008-01-23,8.626675925132858,8.967822074890137,8.35611178897451,8.967822074890137,16725200
2008-01-24,9.026642206017472,9.097224235534668,8.889399453946574,9.097224235534668,8270400
2008-01-25,9.316810448356115,9.316810448356115,8.924688800266612,8.956058502197266,7827200
2008-01-28,8.92076646146179,9.014875556360664,8.850184453309481,8.995269775390625,5782200
2008-01-29,9.128589846717189,9.128589846717189,8.94821354690769,9.073692321777344,8515200
2008-01-30,8.999193187861344,9.214859820669346,8.999193187861344,9.003113746643066,10001400
2008-01-31,8.861949052984224,9.234464155485814,8.861949052984224,9.116827964782717,12088600
2008-02-01,9.246229427273027,9.277599132580232,9.108986686086729,9.273677825927734,6269800
2008-02-04,9.289357110500967,9.289357110500967,9.08153247833252,9.08153247833252,3920000
2008-02-05,8.987426388984767,9.014874779141394,8.82665660557091,8.854104995727539,8288800
2008-02-06,8.865869217720045,8.936451222220635,8.709019986424261,8.756074905395508,12319000
2008-02-07,8.626670659620936,8.830573963801815,8.571773903846163,8.810967445373535,9516800
2008-02-08,8.756074294929103,8.834498905109294,8.697256211250215,8.74431037902832,9563600
2008-02-11,8.791366669137192,8.920766772625807,8.775681445483963,8.897239685058594,6383200
2008-02-12,9.010949599608454,9.010949599608454,8.846258581562065,8.916840553283691,9568200
2008-02-13,9.007036663859422,9.156043353242724,8.865873337180346,9.120752334594728,11514400
2008-02-14,9.183493093943373,9.183493093943373,8.940377235412598,8.940377235412598,7289600
2008-02-15,8.846262909168425,8.948214612873247,8.846262909168425,8.909002304077148,4624800
2008-02-19,8.924687695110187,9.014875483503648,8.720784283854242,8.82665729522705,4624400
2008-02-20,8.7756797773308,8.865868300367831,8.673728834615005,8.842340469360352,11570200
2008-02-21,8.928609000855024,8.948214781666612,8.720784283854242,8.82665729522705,6893600
2008-02-22,8.822741307803414,8.822741307803414,8.638444314177995,8.818819999694824,6007200
2008-02-25,8.787442270488246,8.897236553680916,8.748229973068552,8.86978816986084,4957200
2008-02-26,8.83450065684549,9.003112330714552,8.77568181359128,8.971742630004883,6198800
2008-02-27,8.948213094428898,9.038400865816929,8.842340103019056,8.979582786560059,5043000
2008-02-28,8.971742749630424,9.0305615936689,8.865870475769043,8.865870475769043,5410000
2008-02-29,8.81881487581617,8.877632967444622,8.685493469238281,8.685493469238281,8987000
2008-03-03,8.697257183403508,8.724705575660922,8.603148089415555,8.681571960449219,5840000
2008-03-04,8.587461584074378,8.712940357320262,8.52080089229844,8.693334579467773,8617800
2008-03-05,8.76391751654281,8.83057821546975,8.677650289747616,8.756074905395508,10598800
2008-03-06,8.79528552034172,8.79528552034172,8.599224766871462,8.634515762329102,6034600
2008-03-07,8.520800166318391,8.724703529426439,8.50511569495523,8.634515762329102,9228800
2008-03-10,8.610992274065035,8.658047207698923,8.512961847914498,8.540410995483398,18617800
2008-03-11,8.681570697038344,8.842340469360352,8.571777143986722,8.842340469360352,10623800
2008-03-12,8.861948672019679,8.889397065476253,8.728627262734076,8.752154350280762,8805400
2008-03-13,8.61883511086151,8.830581195828486,8.563938310127622,8.716865539550781,7827200
2008-03-14,8.775679694991942,8.826655913784036,8.512958234506668,8.607068061828613,16473800
2008-03-17,8.305138069853788,8.669811385632897,8.277689669382296,8.567859649658203,11432000
2008-03-18,8.771761398366454,8.952136993408203,8.638439981199651,8.952136993408203,12224200
2008-03-19,8.920766583664708,8.936451806985689,8.665887687999668,8.685493469238281,14822600
2008-03-20,8.64078276359187,8.840819125362001,8.64078276359187,8.781984329223633,13974200
2008-03-24,8.931031149195038,9.138911496659931,8.891808202164617,9.09184455871582,8102000
2008-03-25,9.123221040814013,9.127143409586582,9.009474590755548,9.099687576293944,6624800
2008-03-26,9.083998738898408,9.083998738898408,8.90357425138655,8.923185348510742,12907800
2008-03-27,8.91533548930896,8.974169495001782,8.801589844718169,8.852579116821289,14213400
2008-03-28,8.911419910307616,8.942798120452112,8.762373599150148,8.797674179077148,8918600
2008-03-31,8.832969685555392,8.89964843732819,8.770213301312182,8.78590202331543,11624400
2008-04-01,8.989861353675906,9.17420815338425,8.923182596655412,9.040850639343262,15338200
2008-04-02,9.166365246824022,9.233044011708028,9.056541178745878,9.150675773620604,7379000
2008-04-03,9.095769710149462,9.178137250801315,9.029090904238842,9.146759033203123,13018400
2008-04-04,9.162442233305004,9.197742797411571,9.048695804936017,9.115374565124512,8162600
2008-04-07,9.150679144854358,9.225202673795549,9.103611456018994,9.123223304748535,3970600
2008-04-08,9.0565426770862,9.091843249518858,9.013397366753978,9.068309783935549,4401000
2008-04-09,9.076151123048266,9.076151123048266,8.931027254866367,9.02908420562744,3832200
2008-04-10,9.009476367670109,9.16244578750866,9.009476367670109,9.10361099243164,4426400
2008-04-11,9.017318858599074,9.029085964303848,8.844738382172281,8.860427856445312,14447600
2008-04-14,8.860427214390235,8.919261242420179,8.813359543097128,8.825126647949219,4385800
2008-04-15,8.852582477822175,8.872194319242327,8.750603146783154,8.825126647949219,9011200
2008-04-16,8.954562473002174,9.1859769821167,8.934951378242765,9.1859769821167,9298200
2008-04-17,9.095767490368832,9.18597975043327,9.021243961216864,9.18205738067627,5849400
2008-04-18,9.338944529464394,9.393856935009758,9.268343399559802,9.342866897583008,5527400
2008-04-21,9.319336322881943,9.417393311866666,9.295802854997936,9.401703834533691,10590200
2008-04-22,9.386016310249092,9.389938680085873,9.256581098097588,9.35463809967041,10162000
2008-04-23,9.362478121274762,9.47622379675886,9.350711017694266,9.413467407226562,7439800
2008-04-24,9.495836057222087,9.637038325114402,9.393857472761272,9.527215003967283,6630000
2008-04-25,9.53505781843099,9.56643601319714,9.342866281973937,9.413467407226562,11315600
2008-04-28,9.589970220358133,9.589970220358133,9.401700303646066,9.413467407226562,20443800
2008-04-29,9.437003361512632,9.53506033959851,9.417392265141606,9.503682136535645,5817800
2008-04-30,9.531135885931509,9.601737014409036,9.33502197265625,9.33502197265625,6563600
2008-05-01,9.480146890005662,9.746861939983582,9.468379785524789,9.727250099182127,15184600
2008-05-02,9.809617484423397,9.809617484423397,9.640959408719398,9.72332763671875,12979000
2008-05-05,9.742938846633296,9.76254993785982,9.640959526401994,9.680182456970217,3073000
2008-05-06,9.648810003759056,9.813545811681124,9.593897569041284,9.797856330871582,6996800
2008-05-07,9.750785555579958,9.821386695266863,9.582127443686868,9.625272750854492,9409600
2008-05-08,9.664494155302764,9.711561827304813,9.597815389700438,9.640960693359377,14934200
2008-05-09,9.601740069774678,9.66057411285577,9.527217297659169,9.60958480834961,5849800
2008-05-12,9.648806651092915,9.766474723815918,9.617428448492428,9.766474723815918,3302200
2008-05-13,9.71940779397286,9.77431946149488,9.680184853693408,9.766474723815918,10994000
2008-05-14,9.813540002157346,9.927285678227651,9.782161807229484,9.786084175109863,8452000
2008-05-15,9.793931409571243,9.993967749094208,9.78216505014458,9.974356651306152,5586000
2008-05-16,10.001808297259483,10.001808297259483,9.864528425909372,9.95081901550293,7263400
2008-05-19,9.99396724323685,10.07633549563145,9.907677369975476,10.001811981201172,8424400
2008-05-20,9.90375707020312,9.90375707020312,9.742943648912432,9.84492301940918,6230400
2008-05-21,9.78608829841021,9.84492234517487,9.582129571384923,9.586051940917969,8440600
2008-05-22,9.617426966481736,9.71548392801247,9.60958223001162,9.621349334716797,5496800
2008-05-23,9.609581758485092,9.648804690795828,9.535058261906212,9.601737022399902,6048600
2008-05-27,9.586051935573078,9.774321184361218,9.586051935573078,9.758631706237791,5138400
2008-05-28,9.813541412353516,9.825307769570292,9.71156207715484,9.813541412353516,10008200
2008-05-29,9.817462211662312,9.939052621531882,9.774316913789333,9.884140968322754,5021800
2008-05-30,9.931210798371248,9.982200846832018,9.903754963714857,9.942977905273438,5478800
2008-06-02,9.915521426962322,9.919443795675102,9.719407480015311,9.801774978637695,7097600
2008-06-03,9.817465466733664,9.899832973857064,9.672340801844046,9.746864318847656,10135000
2008-06-04,9.7115630562939,9.852765342053788,9.699795949775456,9.766474723815918,9887600
2008-06-05,9.8253131916311,10.005738499046616,9.80570208670397,9.96651554107666,7901400
2008-06-06,9.919443788267564,9.919443788267564,9.695873260498049,9.695873260498049,12721000
2008-06-09,9.766473172816672,9.766473172816672,9.574281618895904,9.676260948181152,8162600
2008-06-10,9.54290259790639,9.71156067609094,9.531135494271942,9.6331148147583,8567800
2008-06-11,9.58604641210294,9.597812765800256,9.38601016998291,9.38601016998291,11444600
2008-06-12,9.452691812539394,9.550748779997033,9.366401202382884,9.491914749145508,10051000
2008-06-13,9.515453603646687,9.648811214803317,9.472308274120806,9.59389877319336,6462800
2008-06-16,9.570360151016148,9.680184227066308,9.523293224219875,9.617427825927734,4927200
2008-06-17,9.6723406755641,9.676263044630492,9.554672596033944,9.578206062316896,8100000
2008-06-18,9.51545166482859,9.527218774515058,9.42131703168353,9.476228713989258,8858000
2008-06-19,9.421314819396226,9.605661672503029,9.34679130511246,9.511527061462402,12652600
2008-06-20,9.495400394685568,9.495400394685568,9.271192628983409,9.341995239257812,12916200
2008-06-23,9.341990122884964,9.36559072996758,9.220052777666718,9.255454063415527,8358400
2008-06-24,9.220054593043509,9.341991962270534,9.125651395875815,9.24365520477295,10971200
2008-06-25,9.267257555454233,9.467864668422155,9.267257555454233,9.32232666015625,10264200
2008-06-26,9.23578862714242,9.25545642994828,8.972246071543596,9.145318984985352,10697400
2008-06-27,9.043050196458902,9.070584374811853,8.905378554444068,9.023383140563965,18810000
2008-06-30,8.968314900794283,9.070585251887133,8.94471428138829,9.01158332824707,9530800
2008-07-01,8.90537907329457,9.007649420456982,8.818842971964902,8.948647499084473,18498400
2008-07-02,9.00371780121141,9.03911911172144,8.810977749684747,8.830645561218262,13003000
2008-07-03,8.86997449132274,8.897509411350784,8.74410357219397,8.791305541992188,8578400
2008-07-07,8.889647483825684,9.003717789571411,8.744108679667015,8.889647483825684,13705600
2008-07-08,8.869977470474236,8.987982059478949,8.826709796397608,8.980114936828613,13348200
2008-07-09,8.972244956738656,8.972244956738656,8.692968943845262,8.71263599395752,11885800
2008-07-10,8.748041570613283,8.8345776838569,8.653638333370182,8.82277774810791,13040600
2008-07-11,8.736239778342116,8.866045057145627,8.622169495795285,8.74017333984375,26645200
2008-07-14,8.81884236709604,8.869977162044933,8.626102370365473,8.673303604125977,23662400
2008-07-15,8.571032505360066,8.799173762373439,8.488429235445768,8.653635025024414,22237800
2008-07-16,8.69690604628181,8.842444076991764,8.602502816841529,8.779508590698242,13718800
2008-07-17,8.889644802952304,8.97618089674009,8.787374464703067,8.869976997375488,26019400
2008-07-18,8.921115781832329,8.968317031860352,8.724442156131442,8.968317031860352,19338400
2008-07-21,8.862108121564585,8.866041681568593,8.724436522423796,8.791305541992188,9950200
2008-07-22,8.614304591757728,8.744109153747559,8.55530265453514,8.744109153747559,15545600
2008-07-23,8.810976671238297,8.960449019596696,8.767708991661038,8.901446342468262,16389400
2008-07-24,8.936846201747382,8.94077976293577,8.673303604125977,8.673303604125977,12680000
2008-07-25,8.795245170593262,8.822779359369656,8.708708291295594,8.795245170593262,20218800
2008-07-28,8.799175927653039,8.799175927653039,8.60250235596008,8.610368728637695,10263200
2008-07-29,8.657570579716365,8.803108600338856,8.65363701831439,8.783441543579102,8644400
2008-07-30,8.81883999463241,8.858174845684271,8.716569681997525,8.842440605163574,15122400
2008-07-31,8.771637741972157,8.905375781108939,8.732303642431809,8.791305541992188,11852000
2008-08-01,8.842440860213129,8.842440860213129,8.637900229043632,8.69296932220459,17579200
2008-08-04,8.724438547113675,8.75983984511549,8.653635951110042,8.736238479614258,9051200
2008-08-05,8.759841868010554,8.932914086819999,8.720507000008332,8.901446342468262,9737800
2008-08-06,8.881777338779791,9.027316093444824,8.85030960131844,9.027316093444824,12255600
2008-08-07,8.960448527825728,9.074518813496493,8.897513042576307,9.01158332824707,17818000
2008-08-08,8.98797790105315,9.208251981598613,8.976177222537409,9.184651374816896,11782000
2008-08-11,9.208253912053824,9.35772620359011,9.153185567935152,9.24365520477295,11214400
2008-08-12,9.26725829893241,9.31446028528526,9.216123501446098,9.263324737548828,9625400
2008-08-13,9.255458322808966,9.294792435965093,9.145320855321502,9.227923393249512,9585800
2008-08-14,9.212192816165569,9.341997381349035,9.157124440102992,9.298728942871094,12528000
2008-08-15,9.31446036930228,9.373462290087952,9.251524887097546,9.33412742614746,9372600
2008-08-18,9.345928106709833,9.345928106709833,9.141387414500242,9.216123580932615,9678600
2008-08-19,9.149251866673003,9.172852478038912,9.03518086961296,9.054848670959473,10864800
2008-08-20,9.10598594424559,9.172854986611114,9.039116901880067,9.074518203735352,11079400
2008-08-21,9.035181391590852,9.094184048789163,8.976179484642492,9.039114952087402,8122400
2008-08-22,9.13745243501329,9.235789204439392,9.11385182042103,9.164986610412598,5864200
2008-08-25,9.137456265633892,9.17679113994437,9.027319517864942,9.04698657989502,13372600
2008-08-26,9.04698463248114,9.05878531730922,8.956514966216368,9.01158332824707,12225400
2008-08-27,9.046983985280182,9.14925432905684,9.00371556092272,9.098118782043455,7579600
2008-08-28,9.13352089705318,9.21612419179568,9.13352089705318,9.153188705444336,10645400
2008-08-29,9.086319149120415,9.11778689053576,8.948647499084473,8.948647499084473,17844800
2008-09-02,9.153184977851089,9.176785588059056,8.873908214432298,8.897509574890137,11437600
2008-09-03,8.869978258463908,8.901446001610669,8.728373789428572,8.779508590698242,13292800
2008-09-04,8.71263385182444,8.720500970035042,8.449091393766786,8.464825630187988,17805000
2008-09-05,8.40189018500255,8.527761075373427,8.358621785093929,8.464825630187988,14406200
2008-09-08,8.689040823509417,8.689040823509417,8.39009682310129,8.567103385925293,25333600
2008-09-09,8.53563480949215,8.633971612595746,8.38222888648036,8.417630195617676,16326400
2008-09-10,8.488429530706998,8.488429530706998,8.378292083740234,8.378292083740234,14894600
2008-09-11,8.323227316644335,8.51596736907959,8.244557570640016,8.51596736907959,19512600
2008-09-12,8.409761933571623,8.55530071258545,8.327159390259844,8.55530071258545,14368200
2008-09-15,8.228823367331882,8.433364089237417,8.142287254333496,8.142287254333496,40395400
2008-09-16,8.043948628407088,8.295690536499023,7.977079590288909,8.295690536499023,54852600
2008-09-17,8.063619220827022,8.126554725457348,7.465731176588533,7.835477828979492,44263200
2008-09-18,7.918075317245252,8.169817924499512,7.6742005808347695,8.169817924499512,45571800
2008-09-19,8.774098350115079,8.774098350115079,8.22941780090332,8.22941780090332,22431200
2008-09-22,8.308359246117982,8.347829038237336,7.992602414810492,8.016283988952637,17704400
2008-09-23,8.055751658783887,8.213630032844568,7.91760779917199,8.012334823608398,33454400
2008-09-24,8.028123106423736,8.087327403102387,7.945236488814842,8.03207015991211,14168600
2008-09-25,8.079432978325984,8.296516394706831,8.039963950641692,8.17021369934082,29713800
2008-09-26,7.961024135149162,8.257046350259582,7.949182975528314,8.20968246459961,33362600
2008-09-29,8.020228408022758,8.06759229356708,7.483441218363096,7.499229431152344,41041600
2008-09-30,7.570277783324229,7.86630011112164,7.570277783324229,7.834724426269531,20694600
2008-10-01,7.767622265671073,7.803144988146419,7.609743917349171,7.763675212860107,26947400
2008-10-02,7.601850617175762,7.649213750278985,7.368979746418537,7.459759712219238,21715800
2008-10-03,7.522911872514383,7.708419630247627,7.321616652979049,7.353192329406738,26107600
2008-10-06,7.163738928374483,7.211102823775132,6.733519827044258,6.946656227111816,40746800
2008-10-07,7.124268694691553,7.132162802234376,6.591429233551025,6.591429233551025,29725000
2008-10-08,6.4335496228878295,6.847981204656644,6.429603322228918,6.532223701477051,47608200
2008-10-09,6.662473132769833,6.7611472065851785,6.038853392781505,6.315140724182129,46289400
2008-10-10,6.0230669876547385,6.5440661007846765,5.896763887190049,6.275672435760498,63059800
2008-10-13,6.623005326671653,7.009807586669922,6.492755555332499,7.009807586669922,32866200
2008-10-14,7.25846457851749,7.282146898101491,6.68220835279527,6.772988319396973,48832800
2008-10-15,6.71773115209558,6.729571559192369,6.2519894014280135,6.263830184936523,35791800
2008-10-16,6.279618761021295,6.591429233551025,5.979649449805799,6.591429233551025,39838600
2008-10-17,6.480915401727635,6.824301626593981,6.366453075830954,6.5282793045043945,31264800
2008-10-20,6.630897747320369,6.788776874542236,6.465125265996186,6.788776874542236,37735000
2008-10-21,6.68220998111703,6.72562682477742,6.394081798044808,6.433550834655762,20008200
2008-10-22,6.370397529560252,6.370397529560252,5.940178913292205,6.098057270050049,22789600
2008-10-23,6.129634516325862,6.2677783962918925,5.841506347109353,6.236202716827393,37059600
2008-10-24,5.659946064910036,6.129634584475328,5.640211170922363,5.944127559661865,28272200
2008-10-27,5.880975446622916,6.133581245366058,5.762566843110971,5.821771144866943,17504600
2008-10-28,6.011224453003563,6.630897521972656,5.904656648009233,6.630897521972656,24178000
2008-10-29,6.532222211230357,6.658525635381697,6.3625034671478735,6.3743438720703125,33117600
2008-10-30,6.571695728047716,6.6743168951697,6.4256584634376175,6.611165523529053,38308400
2008-10-31,6.465126174088178,6.717732361430162,6.453285764859864,6.571694374084473,46909600
2008-11-03,6.5874825901536616,6.646686894765966,6.520384177506763,6.571694374084473,13548200
2008-11-04,6.694051237316049,6.887453154715361,6.646688086265218,6.847983360290527,24448000
2008-11-05,6.713785662099963,6.765095861388374,6.421710424801923,6.433550834655762,18078800
2008-11-06,6.358558151539283,6.401974236153743,6.030959849571463,6.0783233642578125,23825000
2008-11-07,6.161209491075298,6.287512570898626,6.133580868806951,6.251989841461182,18432400
2008-11-10,6.40197290669578,6.40197290669578,6.109897771910845,6.184890270233154,12580400
2008-11-11,6.149369028785313,6.169103921329856,5.97175574870796,6.050694942474365,30540800
2008-11-12,5.948073677688474,5.975702677236382,5.750725509203397,5.766513347625732,14837000
2008-11-13,5.750724866183291,6.141474482164823,5.474437536479737,6.1256866455078125,29438000
2008-11-14,5.987543816545023,6.1454222101182685,5.802036421787623,5.845453262329102,22160000
2008-11-17,5.746779236400453,5.873081952669105,5.65599887677352,5.679680824279785,19138800
2008-11-18,5.70336216100611,5.790195463078462,5.525748879449031,5.758619785308838,16192000
2008-11-19,5.750726342702998,5.821771814106588,5.42707541992987,5.438916206359863,16502200
2008-11-20,5.356030312749903,5.62047694494429,5.162629156790378,5.206045627593994,38023400
2008-11-21,5.269195307135132,5.482331275939941,5.107369521721305,5.482331275939941,40298400
2008-11-24,5.592846427933768,5.88492159055102,5.545482918569758,5.750724792480469,23877000
2008-11-25,5.877028219440343,5.944126622573326,5.64021028174608,5.829664707183838,25723400
2008-11-26,5.679679704998452,6.030959159497757,5.667838545372937,6.011224269866943,17516400
2008-11-28,5.908603455299823,6.05069398151276,5.908603455299823,6.019118309020996,3718000
2008-12-01,5.908604577218096,5.912551254720176,5.5810066306033885,5.584953308105469,12596000
2008-12-02,5.687573922444458,5.805982893965607,5.58495278869868,5.78230094909668,16009200
2008-12-03,5.659945709648363,5.959915025479593,5.64415787073155,5.948073863983154,19319800
2008-12-04,5.825718713283248,5.944127703666105,5.624423467273571,5.707309722900391,20125000
2008-12-05,5.648103788650877,5.948072667742391,5.533641885420929,5.932284832000732,20803400
2008-12-08,6.074374567274695,6.291457173063628,6.027011069116476,6.208570957183838,18814000
2008-12-09,6.113846946403498,6.346717875039844,6.098059105974516,6.16910457611084,16336600
2008-12-10,6.196731790508238,6.2677772444531294,6.082269879381314,6.11779260635376,13966400
2008-12-11,6.070428380096802,6.18883733057278,5.948072376775567,5.987542152404785,35361800
2008-12-12,5.813877834253324,6.137529140603276,5.805984101929181,6.058589935302734,15700200
2008-12-15,6.113846987799131,6.113846987799131,5.900710952358864,5.991491317749023,11140400
2008-12-16,6.303301811218262,6.303301811218262,6.023067343366905,6.303301811218262,19651200
2008-12-17,6.196734193049671,6.2717267293806405,6.094113025655642,6.180946350097656,16309200
2008-12-18,6.200682513134248,6.212523303661394,5.979652290293161,6.007281303405762,17684200
2008-12-19,6.118779992321936,6.194173353232886,6.059258937835693,6.059258937835693,34642200
2008-12-22,6.067196864460958,6.091005521012495,5.872760953255473,5.975931167602539,15816000
2008-12-23,6.027515950267095,6.059260952095027,5.88863331748904,5.892601490020752,11170600
2008-12-24,5.948151891822131,5.960056404413937,5.920375452625788,5.932279586791992,3326600
2008-12-26,5.956088195827242,5.97989646400886,5.924343585968018,5.924343585968018,4247400
2008-12-29,5.979896914310714,5.979896914310714,5.841014330324789,5.928311824798584,6016400
2008-12-30,5.944186353915683,6.059261089388161,5.944186353915683,6.0394206047058105,8545800
2008-12-31,6.063227751777597,6.186238431105481,6.035451305462724,6.114812850952148,8277400
2009-01-02,6.150524371776727,6.376704824352317,6.10290745430953,6.34496021270752,8959600
2009-01-05,6.305281774394507,6.364803225221145,6.237824357179767,6.325121879577637,12531400
2009-01-06,6.396547516155317,6.527494171392203,6.364802895396419,6.471940517425537,16853800
2009-01-07,6.3727372301869885,6.3727372301869885,6.217982329015704,6.265599250793457,12422000
2009-01-08,6.221951881009261,6.321153917997671,6.186239087145316,6.309249401092529,11421600
2009-01-09,6.309249876089993,6.325122188066071,6.146558583728762,6.170367240905762,7885600
2009-01-12,6.190205560445936,6.190205560445936,6.011641640135936,6.059258937835693,10259200
2009-01-13,6.079101542783112,6.114814341565517,5.98386766498056,6.031484603881836,17308400
2009-01-14,5.964026160522249,5.99577078103452,5.817207196046568,5.848951816558838,17025800
2009-01-15,5.844985530592211,5.940219801287288,5.702134692188369,5.88863468170166,15304600
2009-01-16,5.999737391573169,6.015609697698007,5.805301546937497,5.928311824798584,14892800
2009-01-20,5.916408898426854,5.94418534521314,5.67435608596965,5.686260223388672,33716200
2009-01-21,5.825142457301063,5.964025051612952,5.733876406478365,5.960057258605957,11724800
2009-01-22,5.8330788254014285,5.92434488253992,5.729908631566849,5.825142860412598,14986000
2009-01-23,5.718004921359294,6.015611009938792,5.710068955778544,5.908473014831543,14874600
2009-01-26,5.9441851861942485,6.091004516945862,5.928312877251601,5.979897975921631,14685600
2009-01-27,5.999738386129318,6.083068101704407,5.956089631656915,6.015610694885254,12281000
2009-01-28,6.106878628094332,6.261633591348587,6.075134000840854,6.186240196228027,14272800
2009-01-29,6.130684436183954,6.130684436183954,5.975929535358318,6.003705978393555,10149800
2009-01-30,6.03545104136333,6.03545104136333,5.825142860412598,5.825142860412598,10148800
2009-02-02,5.7933973094591344,5.995769114364246,5.777525003615094,5.916407585144043,9860600
2009-02-03,5.9441858190813415,6.063228338038699,5.868792438182933,6.035451889038086,12651800
2009-02-04,6.051325089697149,6.20608042494564,6.019580463762965,6.031484603881836,11547800
2009-02-05,5.964025360851739,6.202110361196498,5.9481530527238,6.126716613769531,17939000
2009-02-06,6.1743362357174805,6.392580838270611,6.154495748498865,6.337027549743652,15331400
2009-02-09,6.352897644042969,6.404482362990808,6.3052807184117965,6.352897644042969,9208800
2009-02-10,6.3290894627246805,6.380674563934718,6.059260197413496,6.094972610473633,17649000
2009-02-11,6.091005967915975,6.162431185959615,6.031484511382859,6.106878280639648,11357000
2009-02-12,6.051323847687232,6.150525877977187,5.952121817397278,6.134653568267822,11572200
2009-02-13,6.126718387724901,6.229888609641675,6.106878280639648,6.106878280639648,7834200
2009-02-17,5.9521230600648005,5.967995373087942,5.852921009063721,5.852921009063721,12472000
2009-02-18,5.936249364008791,5.952121673333987,5.809270889407225,5.8568878173828125,13326400
2009-02-19,5.916409179390653,5.916409179390653,5.710069147817357,5.71403694152832,13666400
2009-02-20,5.654515564273156,5.809270863318095,5.638643255019241,5.769589900970459,24569200
2009-02-23,5.793397500293148,5.801333464263768,5.487855129698801,5.503727436065674,28396800
2009-02-24,5.551344538082669,5.729908085200053,5.515631752974063,5.650546550750732,16381400
2009-02-25,5.674357677806793,5.805304361427842,5.559283308005695,5.702134132385254,36860200
2009-02-26,5.729909016470796,5.8291110452619685,5.63467515965344,5.642611503601074,14137000
2009-02-27,5.575152675396602,5.718003424280544,5.567216333468021,5.60292911529541,13934400
2009-03-02,5.531505390445062,5.626739633118104,5.424367387773279,5.468016147613525,14689400
2009-03-03,5.503727877726541,5.535472493007716,5.3886535527258665,5.416429996490479,14889600
2009-03-04,5.523569508612175,5.662452513245284,5.4918248867118775,5.559282302856445,12826000
2009-03-05,5.491822976007748,5.571184503147188,5.376748667049159,5.388652801513672,13908600
2009-03-06,5.479919605478492,5.499759706209979,5.225962304803431,5.416429996490479,46663200
2009-03-09,5.305324903956525,5.42436742427969,5.190250555943472,5.2458038330078125,18855000
2009-03-10,5.297387881797225,5.571185283379417,5.281515574146456,5.54737663269043,49537600
2009-03-11,5.630705836455453,5.729907844964311,5.571184782720391,5.670386791229248,28460000
2009-03-12,5.702132221498099,5.852919341469062,5.6307066440314095,5.833078861236572,16177800
2009-03-13,5.848951169737427,5.872759821701552,5.753717318732298,5.833078861236572,13471400
2009-03-16,5.88069568480507,5.912440301256529,5.761653562324939,5.781493663787842,9802400
2009-03-17,5.7973655055851445,5.995769531656958,5.765620891687706,5.991801738739014,11355200
2009-03-18,5.956087990564126,6.174332459644186,5.932279344777419,6.075130462646484,21289600
2009-03-19,6.186238223027121,6.206078703338554,6.047355239272776,6.091004371643066,12457200
2009-03-20,6.117724347266875,6.1695695139782005,5.9621888471328965,5.998081684112549,10532000
2009-03-23,6.14564187330107,6.353022575378418,6.085820721727624,6.353022575378418,10848600
2009-03-24,6.29718702441971,6.357008155120074,6.245341866990441,6.249330043792725,11955200
2009-03-25,6.313139963696361,6.380937454577933,6.117723845429955,6.285223484039307,18962800
2009-03-26,6.372960445966155,6.46468622989927,6.309151138824254,6.448734283447266,16755400
2009-03-27,6.39290329679492,6.3968914748017145,6.297188926299775,6.309153079986572,12588600
2009-03-30,6.209450130771234,6.209450130771234,6.053915011405868,6.113736152648926,12785400
2009-03-31,6.209448688114455,6.34903182569661,6.189508565888535,6.229389190673828,10078200
2009-04-01,6.1576044615961445,6.41284209608897,6.141652133211187,6.404865741729736,12126400
2009-04-02,6.5205209757978695,6.711948927510493,6.48462813976837,6.572365760803223,14645800
2009-04-03,6.592309505579366,6.692011702066648,6.556416653990554,6.6640944480896,30178400
2009-04-06,6.600284205191642,6.632188873300097,6.484630068548724,6.596296787261963,30654000
2009-04-07,6.516532601253154,6.540460904326602,6.408854096422076,6.412842273712158,12568400
2009-04-08,6.516534152957749,6.588319839938604,6.464688596508367,6.508557796478272,10671000
2009-04-09,6.664091287715458,6.751829665842409,6.628199213815471,6.672067642211914,30211600
2009-04-13,6.692008528453053,6.735876956849497,6.616234682070787,6.672067642211914,11552800
2009-04-14,6.660103129954929,6.6680787228967775,6.564388407983276,6.600281238555908,10869200
2009-04-15,6.548439056883581,6.5962964368375125,6.488617902441602,6.580343723297119,11345800
2009-04-16,6.668080227275002,6.807663404252343,6.616235438455079,6.775758743286133,29548600
2009-04-17,6.779747133466278,6.79968726194491,6.695997681055452,6.763794422149658,17962800
2009-04-20,6.656116105731063,6.660104283226058,6.532484885387452,6.548437595367432,10750600
2009-04-21,6.524508815631717,6.672067568858719,6.504567929609809,6.660103797912598,4293800
2009-04-22,6.636177139092714,6.823617732276633,6.620225185162531,6.692010879516602,18245600
2009-04-23,6.739866097028289,6.747842452664333,6.584330965461119,6.72391414642334,13641800
2009-04-24,6.779747220541363,6.879449385549324,6.723914251550394,6.8196282386779785,10391000
2009-04-27,6.7677831273971405,6.887426189594232,6.755819353644473,6.787724018096924,8749200
2009-04-28,6.751829664282816,6.835579104475162,6.699984120734861,6.783734321594238,14151400
2009-04-29,6.835578974538165,6.9592101848534815,6.803674317833216,6.859508037567139,11049400
2009-04-30,6.971175176530053,7.046949034724357,6.855521060970784,6.879449367523193,25428400
2009-05-01,6.903378163364066,6.971175670623779,6.823616882313773,6.971175670623779,7022400
2009-05-04,7.019031291851411,7.110757084412643,6.979150280969611,7.098792552947998,9104200
2009-05-05,7.058911711213993,7.078851834650453,6.99908981957071,7.054923534393311,9088200
2009-05-06,7.134688368536341,7.134688368536341,6.987129555470278,7.094808101654053,14494800
2009-05-07,7.110754494537637,7.130694612382452,6.7917080450201786,6.823612689971924,36639400
2009-05-08,6.911354442110506,6.927307154541867,6.755819299240713,6.815640449523926,13724600
2009-05-11,6.751829480543778,6.907364585620969,6.739864949127451,6.835578918457031,11392000
2009-05-12,6.883438082869833,6.895402617413834,6.763795019431446,6.79968786239624,11605600
2009-05-13,6.759806391072764,6.7757583402735095,6.628199577331543,6.628199577331543,26418800
2009-05-14,6.67605624612449,6.779746579204132,6.656116119276016,6.699984550476074,13505000
2009-05-15,6.759806452355658,6.803674883555717,6.699984550476074,6.699984550476074,14036600
2009-05-18,6.779749637841355,6.883440017700195,6.739868605485274,6.883440017700195,8677400
2009-05-19,6.851532707592361,6.9791513534923375,6.839568174289064,6.923318386077881,14238000
2009-05-20,6.971172804632067,7.00307745606897,6.843554198884451,6.8515305519104,17401600
2009-05-21,6.7996848179386,6.823613876312724,6.668078039548397,6.731887340545654,12901600
2009-05-22,6.759805590324604,6.795698422608359,6.660103447462395,6.755817413330078,10869400
2009-05-26,6.684033028712324,6.947246675418935,6.66010472283003,6.931293964385986,11486800
2009-05-27,6.935281980196066,7.019032189829106,6.859508886560354,6.86349630355835,15429800
2009-05-28,6.947246235611089,6.995103605013108,6.823615775600905,6.963198184967041,12355800
2009-05-29,6.983136099937321,7.050933567341247,6.915338632533395,7.038969039916992,10793600
2009-06-01,7.13468487039749,7.258316071251619,7.110756569866706,7.238375186920166,15874200
2009-06-02,7.190522220934544,7.298200008091671,7.166593147639766,7.222426891326904,13743800
2009-06-03,7.198493087318649,7.198493087318649,7.090815370925282,7.142660140991211,11487800
2009-06-04,7.194510167064843,7.262306923871366,7.182545630804523,7.242366790771484,18743600
2009-06-05,7.310163108979697,7.342067773105791,7.238377424529183,7.314151287078857,19307800
2009-06-08,7.242364356787989,7.310161851476733,7.146650380874538,7.270280838012695,13437600
2009-06-09,7.31813728941031,7.358018297877638,7.254327980129373,7.302184581756592,12225400
2009-06-10,7.34605325719089,7.369981556343451,7.218434647488012,7.32212495803833,10700000
2009-06-11,7.326116417450788,7.429806013796694,7.302187346908882,7.350044727325439,12335600
2009-06-12,7.330099105834961,7.354028160937866,7.254326046676056,7.330099105834961,11411200
2009-06-15,7.274268853677271,7.310161688930096,7.182543057216519,7.254328727722168,13549400
2009-06-16,7.274269595935993,7.290222306861511,7.146650951200346,7.16260290145874,13599400
2009-06-17,7.182543051246528,7.258316899013625,7.130697506739077,7.202483177185059,15441800
2009-06-18,7.202486969163218,7.230403464441504,7.154630337448282,7.170582294464111,13541800
2009-06-19,7.235075488418427,7.27914319291457,7.195014008340949,7.25911283493042,22896600
2009-06-22,7.19100891499656,7.211039274002881,7.054800334247768,7.078836917877197,15364400
2009-06-23,7.090858139991866,7.106882280133683,7.022753825142787,7.082845687866211,11561400
2009-06-24,7.146942439840313,7.239083329722211,7.126912077382282,7.182997703552246,13363400
2009-06-25,7.1469450392078935,7.311196516252466,7.110889762382535,7.2871599197387695,17386600
2009-06-26,7.263122082805616,7.311196036789982,7.243091714376049,7.275140762329102,17909400
2009-06-29,7.291164510687394,7.375292961665359,7.279145833072204,7.351256370544434,10663000
2009-06-30,7.367278921737963,7.383303821770353,7.243089002924105,7.295168399810791,15497600
2009-07-01,7.343244102852826,7.399329738243873,7.311195059185161,7.32721996307373,22071400
2009-07-02,7.255111152345649,7.259117379272287,7.14293909072876,7.14293909072876,18547800
2009-07-06,7.110888959594998,7.162968373513412,7.062815007885313,7.122907638549805,11724600
2009-07-07,7.134925196508782,7.150950100980297,6.946637153625488,6.946637153625488,8982600
2009-07-08,6.974681089550999,6.990705996589397,6.870521486130289,6.950644493103027,17221800
2009-07-09,6.98669923344671,7.030766196199944,6.958656412392043,6.994710922241211,28062400
2009-07-10,6.970674961523783,7.03877928918235,6.942632137919014,7.022755146026611,20055400
2009-07-13,7.014742417819001,7.154957294464111,6.934619412847622,7.154957294464111,16473800
2009-07-14,7.142937791840759,7.166974384920061,7.090858379484018,7.162968158721924,13903600
2009-07-15,7.287153849963811,7.435380296462168,7.2711289562294,7.431374073028564,16611200
2009-07-16,7.411345126734298,7.547553692894903,7.387308545679232,7.539541244506836,17033000
2009-07-17,7.539544222694722,7.61165475845337,7.507495180591928,7.611654758453369,36892200
2009-07-20,7.651711933540188,7.6877671810702,7.61165046249473,7.679754734039307,41402200
2009-07-21,7.707800078523899,7.723824977874756,7.62367164925967,7.723824977874756,31625400
2009-07-22,7.7198206098021505,7.791931146006462,7.7037957065969955,7.76789379119873,14524600
2009-07-23,7.763884835907743,7.960186010611572,7.747860702445513,7.920124530792236,26817200
2009-07-24,7.811958450083618,7.88406895803416,7.7558728390594815,7.8720502853393555,21417000
2009-07-27,7.88406895803416,7.88406895803416,7.783915644571549,7.8720502853393555,11474600
2009-07-28,7.81596578717159,7.900094215686207,7.76789185365663,7.888076305389404,11774400
2009-07-29,7.848015450581311,7.880064487457275,7.791929827075701,7.880064487457275,11856800
2009-07-30,7.960186010611572,8.03630198174822,7.904099633220833,7.920124530792236,22961200
2009-07-31,7.924136992662387,7.968203967452681,7.8800692537623185,7.892087936401367,13465600
2009-08-03,7.992238174853536,8.000249862670898,7.924133861694388,8.000249862670898,15641400
2009-08-04,7.952176387573877,7.988231655812339,7.936151484308141,7.976212978363037,11643000
2009-08-05,8.012266678473603,8.012266678473603,7.872051858778456,7.904100894927978,10024200
2009-08-06,7.928139726288953,7.944163865302761,7.819973922535359,7.848016738891602,20416400
2009-08-07,7.960187771031534,7.976211908037552,7.892083469509939,7.928138732910156,23483000
2009-08-10,7.888081708855017,7.916124537569688,7.827989823879327,7.892087936401367,24926200
2009-08-11,7.856033085827173,7.864044777251914,7.775910058701227,7.779916286468506,9643600
2009-08-12,7.791929322617761,7.992235981151798,7.779910648026384,7.936149597167969,10676800
2009-08-13,7.964191282940257,7.988228628730081,7.89208153789825,7.972203731536865,12151400
2009-08-14,7.9641919369297,7.97621061081154,7.84000202992089,7.896087646484375,6912000
2009-08-17,7.771900864110177,7.795937457428372,7.691778631679685,7.707802772521973,10120200
2009-08-18,7.743854982378354,7.827984171888867,7.731836308417074,7.823977947235107,7432200
2009-08-19,7.71981994356687,7.876058915786195,7.707801267200239,7.844009876251221,11440600
2009-08-20,7.852021952083627,7.94416284083158,7.82798536460793,7.9321441650390625,7821000
2009-08-21,7.980214591618789,8.060337533417556,7.932140673717729,8.048318862915039,13267200
2009-08-24,8.072359447802379,8.120433389572536,8.024286270141602,8.024286270141602,8479800
2009-08-25,8.06835574919029,8.120435932761078,8.040312926087385,8.044319152832031,9226800
2009-08-26,8.040309417161794,8.104407488883428,8.028291506282292,8.080370903015137,11368600
2009-08-27,8.060340993785687,8.100401717774453,7.960187655595111,8.096395492553711,18829400
2009-08-28,8.196552851214992,8.240620586149387,8.068356637707343,8.124443054199219,22097000
2009-08-31,8.032297796458662,8.044316472688312,7.980218394348913,8.020279884338379,19650400
2009-09-01,7.9882294859056175,8.108413171314407,7.848014676855874,7.856027126312256,27297000
2009-09-02,7.844007479827288,7.908105539314627,7.823977122778422,7.8720502853393555,9894400
2009-09-03,7.916120208279084,7.916120208279084,7.815966866723087,7.908107757568359,10676800
2009-09-04,7.908104096821701,8.048318862915039,7.896085426319185,8.048318862915039,20509600
2009-09-08,8.08838714073424,8.108417510986328,8.044319409248068,8.108417510986328,6249200
2009-09-09,8.092393464183358,8.188540617938195,8.076368556502725,8.168509483337402,14115000
2009-09-10,8.172514833521673,8.280680656433105,8.14847823868899,8.280680656433105,31455000
2009-09-11,8.276674748106412,8.304717570507465,8.216582876659926,8.28869342803955,23523400
2009-09-14,8.216580059871296,8.28067813598821,8.21257383460032,8.260647773742676,9048600
2009-09-15,8.284685272381738,8.340770904124817,8.252636230798633,8.316734313964844,9138000
2009-09-16,8.352787954360954,8.408873575180062,8.296701569432571,8.380830764770508,21677200
2009-09-17,8.356794035417936,8.40887343040916,8.324745000628893,8.34878158569336,11453000
2009-09-18,8.38376442289505,8.415932312675869,8.335512204752328,8.399847984313965,13098600
2009-09-21,8.343556164541837,8.399849792037418,8.311388267838197,8.36366081237793,12015800
2009-09-22,8.428000699471534,8.432021784380522,8.359644556849306,8.407896041870117,11379800
2009-09-23,8.444085039107488,8.540588776092637,8.379749214450722,8.407896041870117,13050800
2009-09-24,8.444080836588382,8.456144085311612,8.29530383677446,8.327471733093262,11164000
2009-09-25,8.299323709774258,8.355618095332703,8.263134735823483,8.275197982788086,18445000
2009-09-28,8.323450451537871,8.47624774959061,8.323450451537871,8.411911964416504,10126000
2009-09-29,8.411913605510184,8.452123670824411,8.351598891010449,8.367682456970215,22216400
2009-09-30,8.387787426814864,8.440059972081881,8.263136154278689,8.39180850982666,29816200
2009-10-01,8.351599289147819,8.351599289147819,8.142507553100586,8.142507553100586,32404800
2009-10-02,8.078171752308089,8.186738703749143,8.078171752308089,8.142507553100586,14310000
2009-10-05,8.16260993904752,8.226945721994145,8.106316320704982,8.210862159729004,12440600
2009-10-06,8.251073187350402,8.367681520067872,8.24303102179937,8.359640121459961,16493000
2009-10-07,8.339534367827758,8.367681179166539,8.303345391265585,8.343555450439453,10382400
2009-10-08,8.41191162250729,8.436037349231205,8.347575839948165,8.395827293395996,9998600
2009-10-09,8.363661345189856,8.452123641967773,8.351598862497015,8.452123641967773,18425600
2009-10-12,8.484290190272185,8.50439483618899,8.41191223786276,8.456143379211426,7997600
2009-10-13,8.460164004364872,8.508415458733609,8.423975030116802,8.488310813903809,9602200
2009-10-14,8.608942273228486,8.608942273228486,8.54058539075817,8.588837623596191,18362400
2009-10-15,8.548626269588366,8.57677308161072,8.512437292147313,8.572751998901367,11443000
2009-10-16,8.536560916155926,8.54058199787359,8.444078337478414,8.492330551147461,14431200
2009-10-19,8.516457208841473,8.588835153814086,8.484289318513978,8.584814071655273,18320800
2009-10-20,8.641111605364513,8.645132689346248,8.516461069704123,8.556671142578125,14169200
2009-10-21,8.560687065124512,8.697400003359379,8.536560575780516,8.560687065124512,18116800
2009-10-22,8.564707866198578,8.625023326041484,8.50037209151288,8.600896835327148,20659400
2009-10-23,8.713488365671461,8.725551615931149,8.540585613332148,8.576774597167969,32998000
2009-10-26,8.596878432855139,8.681319642786502,8.500374740750132,8.520480155944824,21219000
2009-10-27,8.524499050940118,8.572750501135996,8.444078944689695,8.47624683380127,18711800
2009-10-28,8.41995754229623,8.492335521690997,8.347579562901462,8.351600646972656,26111200
2009-10-29,8.432017695142838,8.524501069311277,8.387787316481223,8.51243782043457,21452200
2009-10-30,8.504392122876945,8.504392122876945,8.27921693928956,8.287259101867676,22670000
2009-11-02,8.295303056576786,8.395827818986284,8.226946187460605,8.3355131149292,33501600
2009-11-03,8.267156702415203,8.303345680236816,8.226946641841954,8.303345680236816,30066000
2009-11-04,8.339537394759072,8.452125447922418,8.339537394759072,8.351600646972656,15870800
2009-11-05,8.468207383532668,8.552648598850176,8.448102733998759,8.532543182373047,13478400
2009-11-06,8.488309735849992,8.564707990054739,8.472225408474504,8.54460334777832,9924200
2009-11-09,8.612962779211003,8.769781183272288,8.588837047880768,8.741634368896484,14874800
2009-11-10,8.721525352423306,8.76575570988537,8.69337855214487,8.737608909606934,10734600
2009-11-11,8.789883613586426,8.814009336723924,8.733589237008383,8.789883613586426,10423200
2009-11-12,8.789883563153479,8.830092845837635,8.71750562721335,8.725547790527344,12722800
2009-11-13,8.765761077633842,8.830096879650206,8.705446359111406,8.805971145629883,10872400
2009-11-16,8.846182666456231,8.918560647347268,8.82205692847368,8.90247631072998,16005200
2009-11-17,8.866285127433988,8.942684173583984,8.858243728057563,8.942684173583984,9999800
2009-11-18,8.930615492039873,8.930615492039873,8.842154017160508,8.894427299499512,8421400
2009-11-19,8.834116341037324,8.838137423792908,8.713486926142242,8.765759468078613,21146800
2009-11-20,8.709464806453166,8.741632697724876,8.68936016201198,8.721528053283691,11102600
2009-11-23,8.809990913523547,8.890411037506455,8.80194874773663,8.874326705932617,14472200
2009-11-24,8.870306425088664,8.874327508345708,8.805970626862377,8.858243942260742,14025200
2009-11-25,8.874326705932617,8.890411037506455,8.850200975515001,8.874326705932617,7015200
2009-11-27,8.661216175985883,8.789887783010938,8.629047507286344,8.729572296142578,10515000
2009-11-30,8.72554755798523,8.76575683959778,8.669253183230467,8.745652198791504,13966400
2009-12-01,8.814013667788695,8.906496291046006,8.80999258413273,8.886391639709473,17054200
2009-12-02,8.886389954612996,8.954746829915523,8.858243141301921,8.874326705932617,10424400
2009-12-03,8.914535416789269,8.95474547268627,8.85824179869928,8.87834644317627,12896600
2009-12-04,8.970830818883533,9.027125215111656,8.846180311062648,8.93464183807373,22041600
2009-12-07,8.942687676891756,8.97083450309378,8.898456511749435,8.918561935424805,13269000
2009-12-08,8.878346730170431,8.914535704953245,8.805968780604804,8.838136672973633,17652600
2009-12-09,8.854218151805695,8.922574996948242,8.797923783078252,8.922574996948242,14958600
2009-12-10,8.95474641643257,9.002997875039803,8.946704251016996,8.962788581848145,21856800
2009-12-11,8.994957487718315,9.007019970254552,8.914537358408511,8.942684173583984,8196000
2009-12-14,9.011037435910518,9.027121762092664,8.966806305852506,9.015058517456056,23433000
2009-12-15,8.994955912413102,9.031144120627289,8.926599044554205,8.95876693725586,10167600
2009-12-16,9.00299724379061,9.031144053828486,8.970829351326884,8.986913681030273,8966000
2009-12-17,8.95474547268627,8.95474547268627,8.870304278608264,8.87834644317627,10250200
2009-12-18,8.966724149297216,9.023220686178838,8.926370469706615,9.011114120483398,14629200
2009-12-21,9.067610445001735,9.128142507502396,9.04339808181976,9.09182357788086,12415400
2009-12-22,9.120071929377891,9.164461135864258,9.112000884672304,9.164461135864258,7604000
2009-12-23,9.184635739405744,9.208848095895108,9.148316819823233,9.200777053833008,10980400
2009-12-24,9.229026699782905,9.28955798240526,9.208849092444106,9.2855224609375,3333200
2009-12-28,9.301668492021074,9.325881633100996,9.261314796282688,9.313775062561035,18266600
2009-12-29,9.329913961009057,9.329913961009057,9.285523987264028,9.301665306091309,7698800
2009-12-30,9.285519617289475,9.33797984091061,9.273413056593778,9.333944320678713,11367000
2009-12-31,9.34201494905082,9.35412150921248,9.229023466328997,9.253235816955566,11526200
2010-01-04,9.337980895289808,9.398512935906377,9.321839582236429,9.39044189453125,16898800
2010-01-05,9.402550221061617,9.402550221061617,9.321842094648613,9.378337860107422,39976400
2010-01-06,9.3783339174228,9.382369437501463,9.265341664310444,9.273412704467772,20048200
2010-01-07,9.281488668565627,9.281488668565627,9.204815285788358,9.237098693847656,14584800
2010-01-08,9.224991506772362,9.30569962991012,9.192708103577848,9.297629356384276,23772400
2010-01-11,9.337982218556458,9.342017739815889,9.216919659561531,9.261309623718262,30477800
2010-01-12,9.208847032521254,9.22095359421642,9.124103409745622,9.160422325134276,19485600
2010-01-13,9.200778193273043,9.261310246538248,9.120070071747826,9.2492036819458,20107400
2010-01-14,9.24112931353521,9.30569609540034,9.229023522995968,9.273412704467772,15013200
2010-01-15,9.28955706706574,9.297628109205984,9.116033509535187,9.144281387329102,27066600
2010-01-19,9.164460632422267,9.301665306091309,9.164460632422267,9.301665306091309,14965600
2010-01-20,9.229026654863372,9.229026654863372,9.06760887572672,9.152353286743164,29398000
2010-01-21,9.18060097502572,9.22499094032888,9.027255011691969,9.055502891540527,25606800
2010-01-22,9.039359526400965,9.039359526400965,8.728631352662012,8.740737915039062,67402400
2010-01-25,8.821444605258268,8.869869303371514,8.764948097863885,8.813373565673828,66680200
2010-01-26,8.797233861544058,8.898119574496155,8.748809150357319,8.789163589477539,32250600
2010-01-27,8.793200544051679,8.881979708833686,8.728632969113725,8.861802101135254,35370000
2010-01-28,8.817410225312472,8.829516016557376,8.5712488740421,8.60756778717041,46278600
2010-01-29,8.688277743731389,8.700383536494591,8.417904006364362,8.458257675170898,53794800
2010-02-01,8.498613447074515,8.575286815291106,8.494577925621323,8.555109977722168,38415000
2010-02-02,8.5833567700155,8.664064879756241,8.53493128841352,8.639852523803711,27391200
2010-02-03,8.607570126048445,8.680207972042467,8.599499083227553,8.660030364990234,29566400
2010-02-04,8.607569733275113,8.623711818180318,8.409833811368198,8.4179048538208,32978200
2010-02-05,8.430008621012549,8.51878852725226,8.35737079579707,8.502646446228027,46507400
2010-02-08,8.51475505963473,8.563179774987526,8.454223780595248,8.466329574584961,45887600
2010-02-09,8.55914205648751,8.619674089684406,8.482469481912517,8.538965225219727,31774800
2010-02-10,8.559145402780683,8.571251968092612,8.462295189376464,8.514756202697754,20846800
2010-02-11,8.514754591745683,8.635817143172215,8.454223316032419,8.603533744812012,30349600
2010-02-12,8.54300322345366,8.63581790572275,8.490542985122392,8.61967658996582,30286000
2010-02-16,8.672139287223692,8.748812675476074,8.647926921874546,8.748812675476074,20466600
2010-02-17,8.789167603594448,8.789167603594448,8.72863553241995,8.773025512695312,17806600
2010-02-18,8.768986089946122,8.845659448221863,8.74880925499315,8.829517364501953,11527600
2010-02-19,8.781092172723318,8.849694485389003,8.768985610595184,8.805304527282715,13535600
2010-02-22,8.849694863309416,8.85373038419113,8.77302150595069,8.789163589477539,14074600
2010-02-23,8.78109200555133,8.785127526183881,8.643887382832023,8.680206298828125,20971400
2010-02-24,8.720560611649837,8.793198442610795,8.71248957049932,8.764949798583984,15078000
2010-02-25,8.651958766698028,8.756879998208463,8.595462245302016,8.740737915039062,23315000
2010-02-26,8.740738247648101,8.777057166464397,8.700383807885892,8.75284481048584,19404000
2010-03-01,8.797234774453644,8.873908139768945,8.781093458948678,8.865837097167969,12843600
2010-03-02,8.906193310683587,8.922335399093964,8.82548517772312,8.85373306274414,14023800
2010-03-03,8.877943942547706,8.902156301421309,8.833553976531924,8.857767105102539,16663600
2010-03-04,8.869876560228294,8.902159975281913,8.805309730121053,8.894089698791504,7247600
2010-03-05,8.958653023798846,9.015148785614212,8.926369621376205,9.003042221069336,14095800
2010-03-08,9.019184492421932,9.067609212202232,9.007077927628334,9.051467895507812,11718800
2010-03-09,9.03936255967324,9.148319348537852,9.023221240784306,9.09182357788086,24003800
2010-03-10,9.095857525863543,9.16849460283862,9.087786482967308,9.152353286743164,33817000
2010-03-11,9.128140784358008,9.188672065734863,9.111998698819113,9.188672065734863,10907400
2010-03-12,9.212886435772896,9.26534668583382,9.156390663446183,9.18060302734375,14918400
2010-03-15,9.1483206686026,9.18463960346481,9.103930688282732,9.17253303527832,17564000
2010-03-16,9.17253135544841,9.245169211870149,9.164460311468856,9.241133689880373,13229600
2010-03-17,9.2532363969046,9.32183870272684,9.233058795370532,9.26937770843506,19621000
2010-03-18,9.265345378119926,9.301664303688796,9.253239582728344,9.281487464904783,9003200
2010-03-19,9.226025581359863,9.323184157002924,9.185542648471658,9.226025581359863,18086000
2010-03-22,9.181493353286433,9.335327556191482,9.17339661309468,9.294844627380373,16861600
2010-03-23,9.327229784678163,9.392002149392804,9.286746863694642,9.383905410766602,11956800
2010-03-24,9.339377403259276,9.367715226264234,9.31103958025432,9.339377403259276,11754200
2010-03-25,9.400100368296949,9.464872748532164,9.335327988061737,9.35556983947754,16660400
2010-03-26,9.37986068538513,9.392005798042629,9.290798842340218,9.311039924621582,17161200
2010-03-29,9.351522515467588,9.392005450680855,9.327233063198731,9.339377403259276,15494400
2010-03-30,9.363666442086997,9.412246116627497,9.323184280808931,9.379859924316406,10629000
2010-03-31,9.35152530670166,9.383911510109323,9.311042359405082,9.35152530670166,9356400
2010-04-01,9.375811991100282,9.428440038653005,9.270556668142603,9.335329055786133,18213400
2010-04-05,9.367715978023655,9.448681854947704,9.28270250218645,9.44463348388672,9699200
2010-04-06,9.412245341392936,9.477017720680172,9.375810781525407,9.452728271484377,10143800
2010-04-07,9.424391793174712,9.464873956879176,9.36771537412246,9.416295051574709,11420600
2010-04-08,9.383907635141208,9.444631644936852,9.33937633428882,9.432486534118652,16910400
2010-04-09,9.4527276163187,9.50940325122994,9.420341428919755,9.50535488128662,10978600
2010-04-12,9.51345817617432,9.557989504086375,9.505361430708833,9.52560329437256,8320800
2010-04-13,9.513450222282891,9.570125848860355,9.481064039646126,9.553933143615724,11877200
2010-04-14,9.630852947085174,9.69562532803016,9.614659465775084,9.691576957702637,29962600
2010-04-15,9.699675164374383,9.740158104843212,9.671337337690565,9.736109733581545,18980400
2010-04-16,9.67943173520141,9.723963036143417,9.55798371536571,9.606562614440918,30402400
2010-04-19,9.59037359211778,9.64300088170442,9.521552815182652,9.626808166503906,17533600
2010-04-20,9.659191787329949,9.699673950585089,9.602515368906769,9.67943286895752,13887000
2010-04-21,9.736107258921068,9.748252369619111,9.651093800477778,9.69967269897461,18800600
2010-04-22,9.606563307317748,9.732060478633532,9.537742551874414,9.723963737487791,8321000
2010-04-23,9.719915998622596,9.760398934834596,9.663240351214464,9.74825382232666,25740400
2010-04-26,9.768495931527031,9.78064104531204,9.7239653919444,9.736109733581545,19625800
2010-04-27,9.695624963920562,9.740155491555637,9.529645647463765,9.545838356018066,56498000
2010-04-28,9.60656585036151,9.60656585036151,9.489166161261233,9.574179649353027,25521400
2010-04-29,9.618709846722334,9.687530612380597,9.598467990853525,9.671337127685549,18107200
2010-04-30,9.663241531855116,9.679434245029649,9.464875197394983,9.468923568725586,21095200
2010-05-03,9.497257091197271,9.634898565459338,9.497257091197271,9.598464012145996,13769000
2010-05-04,9.485114970277037,9.497259309452993,9.2665075993373,9.3231840133667,29680600
2010-05-05,9.230069653320127,9.347470036627731,9.22197368755377,9.282697677612305,26930000
2010-05-06,9.21792929952611,9.30699113859843,8.355645643000893,9.00337028503418,51044800
2010-05-07,8.962883792956086,9.031704523336446,8.602587436807566,8.805001258850098,50444200
2010-05-10,9.185543691509649,9.25031608262673,9.120771300392564,9.209833145141602,46776400
2010-05-11,9.11267242139279,9.311037919187328,9.104575681365024,9.149106979370115,25730000
2010-05-12,9.213880546891271,9.387956619262695,9.213880546891271,9.387956619262695,23624200
2010-05-13,9.355568096485303,9.42034046465308,9.23007095753114,9.25031280517578,22879600
2010-05-14,9.169346929318674,9.189588776898027,8.975029825442068,9.072188377380373,32993200
2010-05-17,9.096478350829562,9.12886453669062,8.934547421524274,9.11672019958496,29975200
2010-05-18,9.177448642115989,9.189593757245708,8.938600116267144,8.979083061218262,45030400
2010-05-19,8.95478958985537,9.02765793153257,8.837389179327051,8.910258293151855,53445200
2010-05-20,8.768568598797726,8.788809676505089,8.598540920753964,8.62687873840332,39636800
2010-05-21,8.477091274911297,8.744277464273626,8.444705093538515,8.691649436950684,42044000
2010-05-24,8.695703182265904,8.76857232844294,8.639027522860632,8.651172637939453,25923400
2010-05-25,8.428513242710201,8.643072218287307,8.367789237440489,8.62687873840332,36575800
2010-05-26,8.707845630325284,8.79285909339546,8.517576851919857,8.541866302490234,48645200
2010-05-27,8.736183028781063,8.841438339025133,8.707845209128367,8.833341598510742,38243400
2010-05-28,8.837391710770229,8.841440081825429,8.699750183484747,8.76047420501709,24232600
2010-06-01,8.71999116676161,8.85763190813519,8.663314749804284,8.675459861755371,26467000
2010-06-02,8.724037537778274,8.869775772094727,8.663313530862299,8.869775772094727,20760000
2010-06-03,8.898114450047828,8.975031944716841,8.84548717820969,8.95883846282959,25170000
2010-06-04,8.76857009370737,8.885970526438426,8.639025321140513,8.671411514282227,36989000
2010-06-07,8.715943320442658,8.744281144552186,8.52972212006208,8.545915603637695,21086400
2010-06-08,8.558060622315576,8.586398448670604,8.43256420325137,8.562108993530273,26650400
2010-06-09,8.62688105497752,8.703798560785856,8.47709518656678,8.517578125,26627000
2010-06-10,8.6106877840794,8.732135819349539,8.5944943008979,8.724039077758789,28425600
2010-06-11,8.634979252798503,8.817152120385206,8.634979252798503,8.800958633422852,21450600
2010-06-14,8.894063355833563,8.922401940457766,8.772615367462604,8.784760475158691,26047600
2010-06-15,8.837392748202348,9.023613977863132,8.825247633611019,9.015517234802246,23053600
2010-06-16,8.979080444958788,9.068142280182691,8.958838592307178,9.039804458618164,15507600
2010-06-17,9.080285116412114,9.088381855443856,8.979078194957939,9.072188377380373,19837200
2010-06-18,9.079910358402769,9.12053650981456,9.043346899620094,9.071784973144531,14238600
2010-06-21,9.1733490383228,9.189599807199,8.962093692208038,9.006782531738281,17484400
2010-06-22,9.03522076115611,9.10022228804448,8.917405784250683,8.929593086242676,20366800
2010-06-23,8.958032455149903,8.982408612423916,8.844280154055577,8.913344383239746,18819600
2010-06-24,8.87271318823941,8.897088556784967,8.718334046066577,8.73458480834961,30528200
2010-06-25,8.787406955514026,8.795532344718143,8.657403827767208,8.726468086242676,31331000
2010-06-28,8.714275856945095,8.783340076424597,8.669587016435026,8.742713928222656,20527200
2010-06-29,8.596463045218739,8.608651126312267,8.356769541203164,8.417708396911621,39667200
2010-06-30,8.381143124397042,8.45020735263451,8.26332813203867,8.287703514099121,25000000
2010-07-01,8.291767667716552,8.344581908844692,8.129263800552202,8.255204200744629,45810800
2010-07-02,8.29176893046333,8.320207014687961,8.186141207000652,8.24301815032959,17022000
2010-07-06,8.373018928807822,8.433957774420332,8.238953158508517,8.324267387390137,30672400
2010-07-07,8.33645519044364,8.604586722164392,8.324267111772901,8.592398643493652,25780600
2010-07-08,8.677716768100842,8.677716768100842,8.547713648334192,8.64521598815918,17332800
2010-07-09,8.64114773976734,8.689898490905762,8.624896972801722,8.689898490905762,15716400
2010-07-12,8.669585240728606,8.767087511515234,8.669585240728606,8.730524063110352,17427200
2010-07-13,8.819904736585107,8.88490705322203,8.75896588804746,8.856468200683594,20582000
2010-07-14,8.888968266164978,8.966157881456233,8.86053019076279,8.909281730651855,24766800
2010-07-15,8.888967807718059,8.945844730468458,8.795528200535871,8.937719345092773,24839000
2010-07-16,8.860530851974529,8.880844317977287,8.673651614026143,8.681777000427246,30216200
2010-07-19,8.718338307948144,8.787402531654472,8.67365023958243,8.76708984375,14704600
2010-07-20,8.612708644108253,8.836151239052175,8.576145197680464,8.823963165283203,31219600
2010-07-21,8.89302893954008,8.901154323489633,8.689898990076822,8.718337059020996,33310200
2010-07-22,8.82803068953651,8.982409942276831,8.823967996056023,8.953971862792969,23437600
2010-07-23,8.92959190617378,9.014906883239746,8.901153838778196,9.014906883239746,20772800
2010-07-26,9.014908826095656,9.075847665773647,8.978345367312981,9.071784973144531,13152600
2010-07-27,9.100221673339252,9.120535133419304,9.04740822688966,9.096158981323242,15588400
2010-07-28,9.079910062162448,9.112410827255635,8.990532376996654,9.023033142089844,26353400
2010-07-29,9.055533136178925,9.067720436708756,8.868653187636117,8.941780090332031,21295400
2010-07-30,8.844278339789817,8.953968700383308,8.815840270349863,8.905217170715332,17912400
2010-08-02,9.01084670300422,9.116474393399407,8.982408627682332,9.092098236083984,31420600
2010-08-03,9.079911776872573,9.083974470136368,9.023034846058955,9.04334831237793,10787400
2010-08-04,9.06772071600408,9.120534936190852,9.006781886840246,9.116472244262695,29363200
2010-08-05,9.05553588909573,9.092098576679652,9.018972426632343,9.075848579406738,10129600
2010-08-06,8.99053209951672,9.06365901243928,8.929593263707702,9.051471710205078,31234200
2010-08-09,9.075846139042802,9.12865958457833,9.0392826864108,9.112409591674805,27105600
2010-08-10,9.027097962553905,9.067724122217076,8.953971805015641,9.018973350524902,22578600
2010-08-11,8.88084525357305,8.884907947201604,8.771154850240782,8.803655624389648,36123000
2010-08-12,8.628962763699574,8.718339689473217,8.588336606573558,8.681777000427246,30331600
2010-08-13,8.645208396962056,8.693959136627573,8.62895763382086,8.641145706176758,12157600
2010-08-16,8.588334956172803,8.702088019290086,8.563959576533152,8.65739917755127,20537200
2010-08-17,8.738654013622847,8.828030948173417,8.706153239706316,8.750842094421387,34201200
2010-08-18,8.750839352618328,8.848341643818618,8.722400506332164,8.799590110778809,25232200
2010-08-19,8.767090929838842,8.795529006379832,8.641150544494689,8.693964004516602,27622200
2010-08-20,8.665524403212423,8.702087859439933,8.624898254639708,8.673649787902832,18632800
2010-08-23,8.718334146723864,8.738647599812184,8.596456527709961,8.596456527709961,16367400
2010-08-24,8.503022617076294,8.563961467067632,8.438021073768267,8.478647232055664,21180600
2010-08-25,8.425830234003072,8.568021353995608,8.405517548952394,8.531457901000977,22105800
2010-08-26,8.572083494272508,8.58427079456682,8.433955075156064,8.44614315032959,20309400
2010-08-27,8.494895239169473,8.55177138251188,8.36082949066284,8.547709465026855,29983400
2010-08-30,8.503022287536965,8.568023828325822,8.433958053588867,8.433958053588867,15187000
2010-08-31,8.413643141842028,8.466457368956116,8.360829689607296,8.405518531799316,31040000
2010-09-01,8.519266553553098,8.653332238090993,8.50301656672858,8.620831489562988,29596200
2010-09-02,8.624897840809533,8.69802474975586,8.608647847087736,8.69802474975586,18613000
2010-09-03,8.77521427746644,8.828027725219727,8.738650823299052,8.828027725219727,20718000
2010-09-07,8.787402652006236,8.832091495863379,8.74677727564089,8.754901885986328,15678800
2010-09-08,8.783342931126448,8.823968317652849,8.758966769355116,8.803655624389648,18581600
2010-09-09,8.876779255736006,8.893029249321906,8.811777731633827,8.828027725219727,13895200
2010-09-10,8.83615593224473,8.844281319073055,8.775217080791363,8.832093238830566,16300600
2010-09-13,8.917406730709784,9.006783645947584,8.905218652544873,8.990532875061035,23197400
2010-09-14,8.990533287061165,9.100223670933822,8.958032518678094,9.02709674835205,18854400
2010-09-15,9.01896761205994,9.10428179567848,9.002716848582665,9.083969116210938,14763400
2010-09-16,9.071783035107226,9.144909937050214,9.055533042941684,9.136784553527832,15599600
2010-09-17,9.198354250918316,9.206509007126025,9.14127251282507,9.18612289428711,28835400
2010-09-20,9.218739929067246,9.33698076780756,9.198353041229089,9.320672035217283,19105200
2010-09-21,9.332906031451287,9.381833798429172,9.271746905989293,9.304365158081056,37269200
2010-09-22,9.267670520646249,9.312520913710005,9.21058876778733,9.259515762329102,16811600
2010-09-23,9.198356165795396,9.345138697369318,9.186124806617912,9.247283935546877,19862600
2010-09-24,9.336977933632378,9.434832632511666,9.336977933632378,9.426678657531738,16332600
2010-09-27,9.447071808440384,9.50415356427947,9.410376171777944,9.43076229095459,30638200
2010-09-28,9.455223390718851,9.463377369041837,9.308440893380393,9.442991256713867,29432000
2010-09-29,9.42260456085205,9.463376782983,9.398140294357136,9.42260456085205,12267000
2010-09-30,9.471533606237855,9.528616129507547,9.332905843223608,9.385910987854004,26278600
2010-10-01,9.451146107157705,9.467454841646976,9.357368745223434,9.389986991882324,24335400
2010-10-04,9.341061857470145,9.389989630045148,9.247284469188669,9.31252098083496,16976000
2010-10-05,9.377756728788302,9.520461878023356,9.373679349932386,9.49599838256836,15425800
2010-10-06,9.49599746486797,9.52453833642067,9.373678444053,9.451147079467772,14340000
2010-10-07,9.48784270794422,9.491920086406097,9.385910579438626,9.451147079467772,9899400
2010-10-08,9.455224358631495,9.524538236394587,9.389987859287457,9.504151344299316,13341200
2010-10-11,9.524540369139194,9.561236005447192,9.483767353499132,9.520462989807127,12082000
2010-10-12,9.491914968132784,9.597924417937362,9.438909854390497,9.577537536621094,22014600
2010-10-13,9.634620478447829,9.699857729304988,9.606079618642877,9.655007362365724,30959000
2010-10-14,9.675394004099514,9.6917035121365,9.606080150302622,9.659085273742676,11029200
2010-10-15,9.789561544863831,9.826257172702537,9.708015532404394,9.822179794311523,42694000
2010-10-18,9.826255820164867,9.887414932250977,9.78956019737714,9.887414932250977,21501200
2010-10-19,9.699854375435493,9.785476925245064,9.63869452250884,9.712085723876951,50409400
2010-10-20,9.744707623095286,9.850717089740924,9.72432151622041,9.793635368347168,47254600
2010-10-21,9.846637912538892,9.8670247933665,9.69985625898004,9.801788330078123,55292800
2010-10-22,9.80178713567011,9.838481961328345,9.78140025732677,9.830327987670898,11525200
2010-10-25,9.867026213465644,9.932262686143094,9.858871459960938,9.858871459960938,19000000
2010-10-26,9.822176016543796,9.895567243993757,9.781403025996028,9.88333511352539,20635800
2010-10-27,9.842567557936828,9.920036204986925,9.80994930302319,9.91188144683838,23674600
2010-10-28,9.952654459900565,9.960809218049109,9.8466449370111,9.91188144683838,17096200
2010-10-29,9.92818546295166,9.968958453425731,9.911875955689986,9.92818546295166,16677200
2010-11-01,9.977111587711372,10.038271457103114,9.895566391322452,9.936339378356934,16937800
2010-11-02,10.02604114554191,10.0586593855476,10.005655037168422,10.03419589996338,14973800
2010-11-03,10.05050697956617,10.09535736168398,9.96896174933786,10.091279983520508,30232800
2010-11-04,10.197288484880858,10.250292840458537,10.17690159605845,10.242138862609863,27347000
2010-11-05,10.246215349007716,10.246215349007716,10.189133616298903,10.233983993530272,17475400
2010-11-08,10.213597218258492,10.254370218223016,10.193211107116376,10.242138862609863,15004200
2010-11-09,10.274757186930902,10.307375431620066,10.164670319474858,10.213597297668455,18159600
2010-11-10,10.2258295445895,10.238061678113857,10.12797480943557,10.221752166748049,14106000
2010-11-11,10.0260404772238,10.079044822069804,9.964881378499909,10.066813468933104,24255400
2010-11-12,10.0138075036419,10.06273524511132,9.875179810105289,9.924107551574709,21570800
2010-11-15,9.973034764522836,9.981189517918148,9.887412186912304,9.895566940307615,17599200
2010-11-16,9.8262571947371,9.858875444257936,9.679474683053128,9.71617031097412,35830800
2010-11-17,9.728403934072922,9.78548568504458,9.679476163468266,9.72024917602539,20825800
2010-11-18,9.826253393366583,9.924108104073158,9.822176016543796,9.88333511352539,21610400
2010-11-19,9.883340570999012,9.924113584061196,9.850722316085374,9.91188144683838,10239800
2010-11-22,9.86703242676568,9.968964576721191,9.842568150846336,9.968964576721191,18828400
2010-11-23,9.875184158033871,9.891493671597924,9.77325203129978,9.822179794311523,22018800
2010-11-24,9.903720540394753,9.989343108034362,9.891488411726236,9.985265731811523,14432400
2010-11-26,9.903724443570102,9.964883555656211,9.883337554421196,9.887414932250977,4980000
2010-11-29,9.879258101551224,9.907798962684664,9.773248633284062,9.86294937133789,14342000
2010-11-30,9.773252551312815,9.818102938319935,9.732480320594108,9.765098571777344,21385600
2010-12-01,9.907801228593396,10.001579365067602,9.883337738838538,9.973037719726562,21454600
2010-12-02,9.985270484311377,10.09943473984745,9.977115727984437,10.091279983520508,19251200
2010-12-03,10.038274837406542,10.11982006125512,10.034197459562067,10.115742683410645,18354800
2010-12-06,10.103511327557529,10.140206950477491,10.091279194024102,10.115742683410645,12875600
2010-12-07,10.233984961553956,10.233984961553956,10.119820707657354,10.127975463867188,19821200
2010-12-08,10.164670319474858,10.213597297668455,10.11574256360096,10.213597297668455,18021800
2010-12-09,10.254370411799355,10.25844778964081,10.180979166013833,10.221752166748049,12462600
2010-12-10,10.242137656891426,10.278832497091411,10.209519416295729,10.270678520202637,11634000
2010-12-13,10.311448828971267,10.32368017995795,10.242134988553415,10.250288963317873,13802200
2010-12-14,10.250291100536192,10.303296224796876,10.242137124071608,10.266600608825684,12583400
2010-12-15,10.254370946823984,10.307376083848112,10.197289209426014,10.225830078125,9197000
2010-12-16,10.238061484845382,10.286988462658575,10.193211107116376,10.242138862609863,11870400
2010-12-17,10.266689122325902,10.283056494971367,10.238045634838963,10.26259708404541,11957600
2010-12-20,10.28715080063042,10.29942691817766,10.209404397594597,10.27078342437744,9538400
2010-12-21,10.303519362130196,10.336254896398833,10.28715120475753,10.332162857055664,11115400
2010-12-22,10.319884300231934,10.332160415360343,10.303516927203905,10.319884300231934,10815600
2010-12-23,10.307607834687984,10.328067243847462,10.283055607124895,10.315791130065918,6456400
2010-12-27,10.270782108620756,10.352620540354938,10.250321915329785,10.33625316619873,5982800
2010-12-28,10.356712043820982,10.364896120714452,10.315792439830163,10.323976516723633,5815000
2010-12-29,10.35262089630331,10.368989051498865,10.332161482785462,10.344437599182127,7469800
2010-12-30,10.33625245373648,10.34852856886489,10.30760896558004,10.319884300231934,10092000
2010-12-31,10.315791900420187,10.32806801511848,10.266689002580009,10.307608604431152,12704200
2011-01-03,10.385353570867537,10.479468876412714,10.385353570867537,10.422181129455566,14855000
2011-01-04,10.4712892805699,10.483565398842964,10.393542092460606,10.463105201721191,18383400
2011-01-05,10.442647130473,10.536761707928408,10.422186930715204,10.52448558807373,23670800
2011-01-06,10.54903174086877,10.585859298706056,10.504020107850671,10.585859298706056,22089000
2011-01-07,10.577678986510628,10.585863064602908,10.446736858940744,10.53675937652588,17831200
2011-01-10,10.524478854470408,10.565398447328665,10.475375967421554,10.544939041137695,20666600
2011-01-11,10.581767793394263,10.58995108851034,10.495836560626008,10.528572082519531,16782800
2011-01-12,10.589954667847737,10.630874279164312,10.553127876187157,10.622690200805664,27155000
2011-01-13,10.63087314231259,10.64314925853777,10.581770238365031,10.614505767822266,26086800
2011-01-14,10.62268692871926,10.7086181640625,10.602227519601382,10.7086181640625,15706800
2011-01-18,10.64314765014709,10.733170147431148,10.630871535777072,10.720894813537598,17266000
2011-01-19,10.745447041316414,10.745447041316414,10.610412895356207,10.643148422241213,22431200
2011-01-20,10.606318706181716,10.610410743772125,10.495836032669862,10.585859298706056,30717200
2011-01-21,10.647244445190054,10.651336485141616,10.520393548122172,10.52448558807373,23263400
2011-01-24,10.528570042425404,10.679972289643882,10.528570042425404,10.671788215637209,36983400
2011-01-25,10.64723968827043,10.72498607118447,10.622687459530397,10.720894813537598,22027000
2011-01-26,10.7495368188672,10.815007858867174,10.720893336426755,10.782272338867188,16571000
2011-01-27,10.786364858480876,10.85183590140682,10.757721374760322,10.819100379943848,18093000
2011-01-28,10.83138239541432,10.83138239541432,10.532670480206605,10.569498062133787,32363400
2011-01-31,10.57767701424661,10.634963989257812,10.51629800095225,10.634963989257812,27973000
2011-02-01,10.71271239697227,10.83956247654233,10.70043628070036,10.815011024475098,24745400
2011-02-02,10.790458385484564,10.855929437446594,10.790458385484564,10.835469245910645,17495000
2011-02-03,10.831375063368943,10.876386695360798,10.74135257986159,10.851835250854492,22929000
2011-02-04,10.872295443478995,10.929582411625296,10.831375846027468,10.921399116516112,15135200
2011-02-07,10.945952534327295,11.02779174397083,10.941860495797464,10.97459602355957,19596400
2011-02-08,10.999145447717224,11.02778971214846,10.954134593135228,11.01960563659668,10376000
2011-02-09,11.00323563755252,11.03187911669682,10.966408084230912,10.999143600463867,10374400
2011-02-10,10.91321991686796,10.978690989851788,10.87230030113388,10.950047492980955,15676800
2011-02-11,10.954135008644345,11.023698092520336,10.925491523603013,11.007329940795898,25499200
2011-02-14,10.999146577585265,11.044158217267404,10.995055319865507,11.023698806762695,11883600
2011-02-15,11.003237958476856,11.003237958476856,10.941858950152865,10.982778549194336,12084800
2011-02-16,11.015513544384955,11.05643314146525,10.982778022816,11.044157028198242,13573000
2011-02-17,10.990962986058424,11.076893444438817,10.982778909886065,11.064618110656738,13297800
2011-02-18,11.076892728966616,11.085076804610354,11.019605760413269,11.04824924468994,12668200
2011-02-22,10.909122200201626,10.96231790711621,10.757720715393786,10.778180122375488,44693600
2011-02-23,10.7413582472529,10.761817665056965,10.585864642702443,10.65133571624756,24511800
2011-02-24,10.65951852736734,10.720898338924677,10.569496000480887,10.688162803649902,22663400
2011-02-25,10.757724396144532,10.83547079365698,10.737264201686036,10.823195457458496,15605800
2011-02-28,10.860023680045373,10.89685047133192,10.794551834317822,10.868206977844238,18504600
2011-03-01,10.888669711496592,10.909129131477492,10.651336849524704,10.659520149230955,29088000
2011-03-02,10.675884129112225,10.806826238859806,10.663608013644684,10.724987030029297,19854600
2011-03-03,10.827283690472155,10.90093880898852,10.823192433200266,10.896846771240234,19117000
2011-03-04,10.896847356535115,10.896847356535115,10.745445854098373,10.810916900634766,27781400
2011-03-07,10.855925978406134,10.855925978406134,10.606317184536312,10.671788215637209,29609400
2011-03-08,10.679976639138696,10.806826715997724,10.639057032916778,10.761815071105955,21926400
2011-03-09,10.729076021201776,10.757720282490368,10.65132965341883,10.716800689697266,23727000
2011-03-10,10.59404564290963,10.602229720446232,10.4999310926685,10.5162992477417,29591200
2011-03-11,10.459009123778769,10.598135288579408,10.459009123778769,10.557215690612791,22764400
2011-03-14,10.504018009613722,10.577673110575269,10.446731055744166,10.50811004638672,19229600
2011-03-15,10.201217663196228,10.405814886187,10.176666214970744,10.352619171142578,29789400
2011-03-16,10.29533011444452,10.332157669566229,10.033445971780212,10.098917007446287,42762200
2011-03-17,10.238047306319409,10.30351836854318,10.188943619413264,10.20531177520752,21866200
2011-03-18,10.342441192001342,10.346547058492972,10.211056596725005,10.223373413085938,36830200
2011-03-21,10.38760697511622,10.457405158180768,10.371184287808536,10.395818710327148,17801200
2011-03-22,10.412240684258755,10.4204516351754,10.367076930203943,10.37939453125,18278600
2011-03-23,10.354756728842023,10.465612761075873,10.30959376924272,10.436872482299805,11671200
2011-03-24,10.518992592993024,10.613425200406166,10.46972296388684,10.601107597351074,20801200
2011-03-25,10.633956557174512,10.68322619926051,10.61342799645541,10.625744819641112,12480200
2011-03-28,10.666799914083189,10.691435120193374,10.592895861981011,10.601107597351074,16532200
2011-03-29,10.588786979015332,10.679113686341577,10.539517367583075,10.675007820129396,10271600
2011-03-30,10.736597476102627,10.744809210996657,10.695539584746625,10.720174789428713,12454600
2011-03-31,10.703749001628646,10.736595150977434,10.683220451953392,10.6996431350708,12432000
2011-04-01,10.748914425213682,10.773548845284552,10.646270094618616,10.679116249084473,21874800
2011-04-04,10.703752590484331,10.707858458418832,10.601108241464557,10.642166137695312,11739600
2011-04-05,10.63806242594121,10.703754759979612,10.61342799645541,10.625744819641112,19828400
2011-04-06,10.699644743176624,10.720174079051311,10.642164168955684,10.703750610351562,21893200
2011-04-07,10.691433493156982,10.744808198711372,10.621635319361811,10.707856178283691,18300600
2011-04-08,10.748914126016762,10.748914126016762,10.60931777764402,10.646269798278809,12734000
2011-04-11,10.66269272717821,10.687327930240455,10.597000418573742,10.629846572875977,11592800
2011-04-12,10.568261207735278,10.597001497787424,10.506674760035798,10.54362678527832,16106800
2011-04-13,10.596998273155023,10.650373752536312,10.55183530957924,10.609315872192385,14444400
2011-04-14,10.555943951714156,10.60110771363069,10.498463369721618,10.588790893554688,11015000
2011-04-15,10.560046552602698,10.592892701167791,10.50667185485215,10.56825828552246,20343600
2011-04-18,10.457404845803598,10.47793418321768,10.346549556224154,10.473828315734863,17627000
2011-04-19,10.486146510863067,10.502569198608398,10.436876881398687,10.502569198608398,19927800
2011-04-20,10.65859010665482,10.740705908980283,10.650379152913734,10.724283218383787,18449000
2011-04-21,10.82281905559159,10.826924923011797,10.765337694822868,10.818713188171388,20296000
2011-04-25,10.818713542600529,10.839242097259946,10.794079120386398,10.82692527770996,12519400
2011-04-26,10.85155643103294,10.954200739638075,10.835132965761437,10.917248725891112,14400000
2011-04-27,10.94188754560602,10.99936891408288,10.89672456415578,10.982945442199709,16033800
2011-04-28,10.958309767055711,10.999367658964358,10.937780429544317,10.98705005645752,16963600
2011-04-29,10.978837013244627,10.999366348309808,10.9459908602544,10.978837013244627,15000000
2011-05-02,11.028105975563678,11.040422792753027,10.925461655711045,10.93777847290039,13415000
2011-05-03,10.93778103412624,10.962416240501618,10.87208871668695,10.941886901855469,16303600
2011-05-04,10.945990562699937,10.966519114093009,10.835134505703644,10.909038543701172,21753800
2011-05-05,10.88029992858448,10.962415712989271,10.81460761430631,10.85155963897705,26800000
2011-05-06,10.945993443433704,11.003474028953107,10.863877650022342,10.872089385986328,21269000
2011-05-09,10.896720177415656,10.954200739638075,10.855662297350818,10.917248725891112,7888200
2011-05-10,10.941884991984386,11.028106633020114,10.925462307048187,11.015789031982422,27132000
2011-05-11,11.011681301860492,11.036315716653826,10.855662297350818,10.917248725891112,23684800
2011-05-12,10.888508807966778,11.011681669155804,10.826922377372265,10.999364852905272,21935400
2011-05-13,10.958308766803563,10.970625585071994,10.851558570830688,10.86387538909912,20408200
2011-05-16,10.814606372506542,10.867981078060932,10.687327626096788,10.707856178283691,33938800
2011-05-17,10.646269738608911,10.711962045343888,10.588789165994326,10.707856178283691,110101200
2011-05-18,10.716068559356684,10.802289423483906,10.695539222816311,10.785866737365724,23915400
2011-05-19,10.82692486769682,10.831029951981916,10.740703218541311,10.806395530700684,16237000
2011-05-20,10.794079734716655,10.82282002612122,10.720175680753952,10.744810104370115,26858600
2011-05-23,10.59700232940422,10.63395435754661,10.551839348541254,10.592896461486816,25196800
2011-05-24,10.617531376828843,10.621637244633265,10.555944142876733,10.560050010681152,17531400
2011-05-25,10.54362761270645,10.64627196129882,10.527204141036838,10.592896461486816,24816200
2011-05-26,10.576471213945773,10.683221404627249,10.572365347021783,10.662692070007324,22264200
2011-05-27,10.67090641108621,10.716070175170898,10.658588807304683,10.716070175170898,25109200
2011-05-31,10.80639481554222,10.86387538909912,10.753020109112825,10.86387538909912,21345200
2011-06-01,10.83513559480798,10.872087617521013,10.629846927786296,10.63805866241455,33255000
2011-06-02,10.650375665362017,10.687327685996804,10.5970001763944,10.646269798278809,20809800
2011-06-03,10.523096257481615,10.588789348462695,10.473827418138407,10.48614501953125,21554600
2011-06-06,10.47793263108938,10.510778782972162,10.399922726700016,10.40813446044922,16872000
2011-06-07,10.440977432378611,10.465611843009418,10.371179282996504,10.375285148620604,17582000
2011-06-08,10.3342326924429,10.362972983762758,10.27675210980319,10.305492401123049,19987200
2011-06-09,10.309601482628388,10.354764476017513,10.280861182349549,10.31370735168457,10667000
2011-06-10,10.276748342654932,10.289065158354637,10.1617864364029,10.169998168945312,21798400
2011-06-13,10.178213119506836,10.227481964110682,10.141261094496867,10.178213119506836,23329800
2011-06-14,10.268540374250602,10.3342326924429,10.25622277092172,10.305492401123049,18234400
2011-06-15,10.20695264501609,10.25622148593037,10.091990711025923,10.112519264221191,33123400
2011-06-16,10.104307416871029,10.161787987212302,10.013979911347269,10.087883949279783,18411800
2011-06-17,10.19423890013496,10.202483519962255,10.054083508071823,10.078817367553713,39895800
2011-06-20,10.037593944936484,10.144771632091366,10.033471635478588,10.11591625213623,17454200
2011-06-21,10.169503324795189,10.317903300173237,10.124158713151887,10.29729175567627,28681800
2011-06-22,10.239583225687152,10.301416300096454,10.21485015317347,10.22309398651123,22092400
2011-06-23,10.099424293114197,10.30141268462649,10.074691229281038,10.293168067932127,25150400
2011-06-24,10.260193151911905,10.2643154613698,10.103549323762545,10.11591625213623,23521200
2011-06-27,10.136527004332752,10.305537760708358,10.10767162440279,10.251949310302734,23962000
2011-06-28,10.280803840355247,10.383859209443113,10.272559222128203,10.37973690032959,16118800
2011-06-29,10.41683536288534,10.46217918395996,10.355002307783616,10.46217918395996,16565600
2011-06-30,10.507527341040952,10.606460419876248,10.49516041134271,10.594094276428224,18197000
2011-07-01,10.606460234583828,10.783715625910952,10.573482542214842,10.767227172851562,22902600
2011-07-05,10.758980273286216,10.800202576574677,10.734247205813157,10.783713340759276,16311800
2011-07-06,10.779591196582096,10.853791186385536,10.73836889266351,10.83318042755127,13517200
2011-07-07,10.90326148444624,10.989827641854744,10.895016863859633,10.965094566345217,26018200
2011-07-08,10.862036698361456,10.911502838134766,10.800203630519764,10.911502838134766,23908400
2011-07-11,10.791960410450011,10.845548866524531,10.693027331831512,10.730127334594728,23381400
2011-07-12,10.697148798638388,10.734248798477608,10.622948798959946,10.63531494140625,18861800
2011-07-13,10.688902908404756,10.77134673115996,10.627069844775836,10.66004753112793,11160200
2011-07-14,10.68066074489339,10.75073844277817,10.528139205306086,10.569360733032228,21495400
2011-07-15,10.67241890960062,10.697152776190398,10.606463504528769,10.684785842895508,28470800
2011-07-18,10.631192785236824,10.688903543217911,10.552870480655272,10.64768123626709,16761200
2011-07-19,10.750736972367145,10.907380800552456,10.74249235344946,10.90325927734375,24640800
2011-07-20,10.985706590619346,10.985706590619346,10.849673480350903,10.870285034179688,11853600
2011-07-21,10.853793871860155,10.973338504177098,10.800205413882034,10.91974925994873,22424400
2011-07-22,10.915627611335264,11.035172250895911,10.903261466725745,11.01456069946289,12630000
2011-07-25,10.923871345217584,11.043415975074792,10.899138271755834,10.98570442199707,11805600
2011-07-26,10.993948244833652,11.080514388798797,10.977459006221146,11.035170555114746,16658800
2011-07-27,10.923870366161909,10.932114985326972,10.721881914118743,10.74249267578125,26931400
2011-07-28,10.726003646850586,10.845547473314271,10.688903648853207,10.726003646850586,21409200
2011-07-29,10.627070579970503,10.754859025144183,10.55699289334298,10.639436721801758,22955000
2011-08-01,10.775474894146717,10.804330287099592,10.507530948690787,10.631197929382324,23996200
2011-08-02,10.569363189489456,10.627074756969408,10.39210774856971,10.408596992492676,42248200
2011-08-03,10.416837843201067,10.544626292338537,10.272560156110304,10.51577091217041,43071200
2011-08-04,10.392104232259616,10.412715780189124,10.074694256646788,10.091182708740234,67391800
2011-08-05,10.161260084753552,10.206604702545093,9.732550122338562,10.029349327087402,65683400
2011-08-08,9.724305318609344,9.885071453178304,9.464605331420898,9.464605331420898,89921600
2011-08-09,9.571786384654535,9.901564174844212,9.324454024825275,9.897441864013672,83606000
2011-08-10,9.711937146720034,9.806748677817591,9.485215663606352,9.50994873046875,69241200
2011-08-11,9.65422591153408,10.000491975256905,9.60063747164244,9.872703552246094,63193000
2011-08-12,10.00049219818789,10.012859124400096,9.847969919904008,9.942781448364258,29171800
2011-08-15,10.02110307307592,10.132403051540257,9.971636940147327,10.120036125183104,69936400
2011-08-16,10.03759469016448,10.120038526692923,9.909806232482769,10.045839309692385,40466400
2011-08-17,10.037593045166863,10.128281486360857,9.897437681162478,10.000493049621582,43154600
2011-08-18,9.716062811581317,9.720185121857268,9.419263547965553,9.514074325561523,61895000
2011-08-19,9.390406564392782,9.56353963527053,9.262617326334098,9.283228874206545,75489400
2011-08-22,9.472848451724335,9.493459995363857,9.295593107674447,9.332693099975586,40644800
2011-08-23,9.398651489854196,9.683084593557094,9.365673795674894,9.674839973449709,37140400
2011-08-24,9.666593292911848,9.786137104263949,9.596515615136475,9.761404037475586,44978600
2011-08-25,9.76140456199544,9.806749175419,9.588271512673726,9.621249198913574,40875600
2011-08-26,9.584153346347115,9.839731114866549,9.481097934020802,9.810874938964844,46332800
2011-08-29,9.90980920087329,10.062330776574925,9.90568688987454,10.058208465576172,39852000
2011-08-30,10.037592256887402,10.153013757297192,9.963392271623963,10.099425315856934,24940400
2011-08-31,10.15301423761858,10.223091917432637,9.992248119442234,10.074692726135254,24520600
2011-09-01,10.095303959274815,10.1736262606902,9.959270902211298,9.963393211364746,22643200
2011-09-02,9.79438316116463,9.84797161145556,9.699572402669066,9.736672401428224,28679000
2011-09-06,9.526436785284718,9.711935943139183,9.48109217978144,9.691325187683104,22863200
2011-09-07,9.831481471204397,9.942781448364258,9.810869927517388,9.942781448364258,21515400
2011-09-08,9.905683197307098,10.037593955092689,9.868583198398634,9.893316268920898,18912000
2011-09-09,9.819116606129796,9.872705844714975,9.63361739150842,9.683083534240724,33013800
2011-09-12,9.584150402581349,9.80262809265799,9.57178347385054,9.798505783081056,22505200
2011-09-13,9.84384844261787,9.942782288171877,9.777893069748576,9.913926124572754,32684400
2011-09-14,9.988125491198293,10.173625457202808,9.86858168018984,10.062325477600098,33621600
2011-09-15,10.161260912101929,10.243705535481132,10.082938598516703,10.22309398651123,25153800
2011-09-16,10.25785109810796,10.336470603942873,10.233023138036538,10.336470603942873,30007200
2011-09-19,10.204060026914767,10.35302466034881,10.121301721842146,10.3116455078125,23528800
2011-09-20,10.36957409885769,10.464746370411696,10.278540610025114,10.286816596984863,49468200
2011-09-21,10.328198563002092,10.406818888114374,10.129579542000169,10.13371753692627,44161600
2011-09-22,9.868889028384434,9.96406051360894,9.690959249513304,9.819233894348145,82462000
2011-09-23,9.79027010246303,9.964061912120314,9.748890949831926,9.93095874786377,52197800
2011-09-26,9.97647425633652,10.07578373279746,9.810957672993386,10.055093765258787,41016200
2011-09-27,10.228885988605429,10.336471456733126,10.125438514164363,10.183369636535645,43886800
2011-09-28,10.216474466238592,10.27854280319736,10.030268666120564,10.038544654846191,24657600
2011-09-29,10.187507362937591,10.22474772665705,9.860612973444434,10.017852783203123,39385800
2011-09-30,9.885434763954734,9.968193011978626,9.753022198509424,9.765436172485352,32973200
2011-10-03,9.686821673095269,9.831648298593404,9.533719849269342,9.546133041381836,47078800
2011-10-04,9.442688423309937,9.744754957870844,9.35165490021047,9.740617752075195,33952200
2011-10-05,9.719925775867038,9.959923913941225,9.64130546482362,9.94337272644043,26480200
2011-10-06,9.92267908728166,10.0964708326217,9.864748768582114,10.09233283996582,21334800
2011-10-07,10.104748898110042,10.158541235227466,9.993025441125896,10.055093765258787,19545200
2011-10-10,10.166817593774944,10.37371254127298,10.166817593774944,10.365436553955078,16416600
2011-10-11,10.328193336222904,10.435778782130404,10.30336616847238,10.410951614379885,21544600
2011-10-12,10.49371164195697,10.568193946867009,10.456470489501951,10.456470489501951,19226600
2011-10-13,10.44819854648832,10.580611233472048,10.42337136498934,10.572335243225098,19951400
2011-10-14,10.717157195039364,10.775088312009476,10.667502853912431,10.758536338806152,23006000
2011-10-17,10.73785188201084,10.741989087888903,10.543370057583225,10.588887214660645,17802600
2011-10-18,10.5599186713162,10.74612365689561,10.460609187825526,10.68405532836914,17419600
2011-10-19,10.621987080958544,10.642676260878158,10.456471273876774,10.477160453796388,24489600
2011-10-20,10.473022635798523,10.485436617503687,10.303368832036142,10.43164348602295,17875400
2011-10-21,10.547504421702683,10.617848736041667,10.485436094754546,10.564056396484377,19584600
2011-10-24,10.601297647378674,10.762675456766864,10.580607678712491,10.729572296142578,25305200
2011-10-25,10.70060896507463,10.704746959517792,10.530955139113734,10.55992031097412,24070000
2011-10-26,10.659227544812993,10.663365538376835,10.410953455673436,10.60543441772461,14990200
2011-10-27,10.853708878474668,10.990259513790424,10.77922657025851,10.919915199279783,27882200
2011-10-28,10.874397729777954,10.981983187343454,10.861983749936794,10.957155227661133,18011600
2011-10-31,10.84957174600251,10.890950897100764,10.754400250945688,10.762676239013672,12862400
2011-11-01,10.51026186764878,10.580606172617436,10.44405555582434,10.46474552154541,33196600
2011-11-02,10.597156524310606,10.642672863452043,10.514398252567563,10.593018531799316,17999400
2011-11-03,10.708884478854158,10.857849126210724,10.58474779888486,10.84543514251709,23279200
2011-11-04,10.762677974560251,10.812332332491891,10.6757816643172,10.779229164123535,11387800
2011-11-07,10.77095360808057,10.857849126210724,10.663368117127687,10.84543514251709,12765000
2011-11-08,10.928191012757104,10.981984140831088,10.816467552211064,10.96957015991211,14476200
2011-11-09,10.758541068368649,10.779230254726452,10.559922038062966,10.588887214660645,20789600
2011-11-10,10.721298754713173,10.725436749390482,10.530955735007655,10.621989250183104,11454200
2011-11-11,10.721295800174357,10.857846429928257,10.71715780663738,10.824743270874023,9877200
2011-11-14,10.799920278437485,10.84957464161417,10.713023959015477,10.741989135742188,6522000
2011-11-15,10.725433459700133,10.924052407840136,10.721295466292023,10.886811256408691,15485600
2011-11-16,10.799917572301874,10.899227063013134,10.704746075692125,10.725435256958008,17483000
2011-11-17,10.696470184149788,10.7047461724276,10.4316440839516,10.518540382385254,24996600
2011-11-18,10.510263791672378,10.530953761180982,10.419230293559425,10.43164348602295,14593800
2011-11-21,10.315787692229325,10.324063683946603,10.1544097999524,10.249581336975098,18826000
2011-11-22,10.228886603232691,10.286817729084904,10.150267086187393,10.233024597167969,14135600
2011-11-23,10.150266382181444,10.170955561181213,9.988887786865234,9.988887786865234,25073600
2011-11-25,9.95992104842886,10.079920477562442,9.935093879699709,9.935093879699709,14131800
2011-11-28,10.187507124891424,10.278540613757052,10.183369131410046,10.261988639831545,19591800
2011-11-29,10.270264965800978,10.336471285205276,10.183369467548433,10.208196640014648,9531000
2011-11-30,10.477158994908642,10.609571622136317,10.448193831357775,10.601296424865724,27460600
2011-12-01,10.572335815772274,10.679921327083337,10.572335815772274,10.659232139587402,15959400
2011-12-02,10.737845747540977,10.766810907591024,10.634398296367138,10.650949478149414,11084800
2011-12-05,10.799918349960334,10.85371069867001,10.717160040454354,10.770953178405762,12168000
2011-12-06,10.77095127186526,10.82474361105328,10.721296137102662,10.766813278198242,11733200
2011-12-07,10.725436811490628,10.820608321894428,10.634403295788095,10.779229164123535,11650600
2011-12-08,10.72129586907511,10.78750218760905,10.593021225570798,10.609572410583496,13632200
2011-12-09,10.638535957472724,10.79577653199548,10.630260760846356,10.775087356567385,16561200
2011-12-12,10.6799184674241,10.684056461663678,10.559919791443136,10.63853931427002,116342000
2011-12-13,10.713018289612776,10.74612144395944,10.506123377635756,10.539226531982422,23459600
2011-12-14,10.518539159937191,10.526815147253185,10.340609378851378,10.377850532531738,27793400
2011-12-15,10.48129721209054,10.48957319877946,10.3447465886895,10.353022575378418,18948000
2011-12-16,10.406635205076276,10.510535313149186,10.35260670496921,10.381698608398438,39399000
2011-12-19,10.414945812953622,10.439882407720036,10.24870581131848,10.281953811645508,20306400
2011-12-20,10.4191034568174,10.585343483099283,10.4191034568174,10.5728759765625,17925600
2011-12-21,10.50638215790478,10.50638215790478,10.27780138047227,10.39832592010498,18212600
2011-12-22,10.431571749036436,10.518847465515137,10.431571749036436,10.518847465515137,9373800
2011-12-23,10.518849196076427,10.62274932861328,10.518849196076427,10.62274932861328,9490600
2011-12-27,10.60196966799579,10.67262179015394,10.593657467107748,10.639373779296877,5578000
2011-12-28,10.639372982569617,10.643529082702408,10.50638094910044,10.531316757202148,9702600
2011-12-29,10.556252481995712,10.62690459830552,10.53962887429078,10.610280990600586,11777800
2011-12-30,10.597813706379238,10.643530019167232,10.577033996582031,10.577033996582031,7502600
2012-01-03,10.751583974718418,10.813923883589164,10.718335970474357,10.72664737701416,53679800
2012-01-04,10.722489306554571,10.776517798954831,10.664305507995646,10.7557373046875,9488600
2012-01-05,10.743272599495686,10.809768613084072,10.69340019295689,10.78898811340332,13513800
2012-01-06,10.79729555580754,10.818076046332065,10.743267865833104,10.793139457702637,9978400
2012-01-09,10.830544609638286,10.838856806662916,10.747425017476214,10.776516914367676,8173200
2012-01-10,10.880423682102636,10.901203394732857,10.81392765045166,10.81392765045166,11466200
2012-01-11,10.79314233271208,10.876262731561935,10.784830926982991,10.84717082977295,8307600
2012-01-12,10.8721083880078,10.909512494260866,10.809768475151024,10.901200294494627,9731000
2012-01-13,10.834701551920858,10.851325947264767,10.759893358262865,10.838857650756836,11943000
2012-01-17,10.91366871704076,10.963540330809774,10.863796310576731,10.88873291015625,11066200
2012-01-18,10.91782261486864,11.059126813205104,10.913666515776995,11.046658515930176,14418800
2012-01-19,11.104843205882888,11.150559506852066,11.092375700305777,11.12562370300293,14850400
2012-01-20,11.104844035833592,11.154716439954129,11.100687936098966,11.138092041015623,26720600
2012-01-23,11.154715443583024,11.23367974609765,11.104843043917237,11.175495147705078,58044400
2012-01-24,11.125626524973796,11.187966446756366,11.113158223539235,11.167186737060549,11501800
2012-01-25,11.27108473353801,11.287708339603226,11.15471632030165,11.254460334777832,35868400
2012-01-26,11.29186163874334,11.304329934721151,11.133933853164905,11.179649353027344,17425800
2012-01-27,11.138089159129407,11.208741250947469,11.138089159129407,11.179649353027344,16520400
2012-01-30,11.08406612720673,11.229526470726052,11.075753926389604,11.212902069091797,15382400
2012-01-31,11.287708436140376,11.291864535865969,11.167184714878166,11.233680725097656,16178600
2012-02-01,11.341737598916891,11.39576531309902,11.300177391941013,11.345892906188965,17944800
2012-02-02,11.387451292749798,11.420699294476425,11.345891092417796,11.37498378753662,12041000
2012-02-03,11.470571357862896,11.541223458552034,11.449790861957348,11.520442962646484,14786400
2012-02-06,11.48719592591756,11.532912228051494,11.458104021903214,11.5246000289917,13401200
2012-02-07,11.520449566247562,11.582790297003482,11.466421831313797,11.55369758605957,14776000
2012-02-08,11.578628363290258,11.636812170480283,11.541224260755264,11.624343872070312,22989800
2012-02-09,11.678375093438254,11.753183315937864,11.640970982188447,11.73655891418457,18972800
2012-02-10,11.657594817461476,11.674219219537363,11.60772319662405,11.649283409118652,12739000
2012-02-13,11.732400868321587,11.749025267318284,11.657592658226408,11.724088668823242,16844000
2012-02-14,11.71162598156944,11.753186203468111,11.649286045069084,11.744874000549316,13086000
2012-02-15,11.803053173397467,11.877861384726856,11.66174895037418,11.68252944946289,24426200
2012-02-16,11.68253293539862,11.865396625773814,11.665908531167116,11.85292911529541,20095600
2012-02-17,11.890333232121067,11.890333232121067,11.811368897411876,11.85292911529541,18570000
2012-02-21,11.869547789687717,11.95682429020996,11.83214368842031,11.902795791625977,19440800
2012-02-22,11.886176198658848,11.915268111086654,11.836303782571772,11.86124038696289,16206000
2012-02-23,11.84877189507004,11.927736222320712,11.78227586981531,11.90695571899414,11013400
2012-02-24,11.948514864017028,11.998387274843976,11.944358763723525,11.977606773376465,10992000
2012-02-27,11.91942396353523,12.031636302872377,11.85708403924631,11.998388290405272,17053000
2012-02-28,12.010853675130097,12.08566188812256,11.98591786836428,12.08566188812256,20220200
2012-02-29,12.093976162051447,12.13969168351313,11.985919923941324,12.031636238098145,20911600
2012-03-01,12.093973185931516,12.123065090437697,12.039944683824372,12.102285385131836,27944800
2012-03-02,12.093974087942833,12.131378194439064,12.052413881536465,12.08566188812256,17570800
2012-03-05,12.07319279261018,12.093973290791158,11.93604467539553,11.98176097869873,14492400
2012-03-06,11.865392684936523,11.890329283001618,11.798896675486189,11.865392684936523,28072800
2012-03-07,11.915262187357916,11.969289884621556,11.898637792695402,11.952666282653809,21582000
2012-03-08,12.015011635099077,12.098132060779786,11.990075824472912,12.073195457458496,14517800
2012-03-09,12.089818905496813,12.139690522813076,12.08566280527128,12.127223014831545,12731600
2012-03-12,12.11891260684316,12.15631672171019,12.085664592816377,12.143848419189451,11853600
2012-03-13,12.214497291810275,12.384893417358398,12.202029785308442,12.384893417358398,38024200
2012-03-14,12.393204647419978,12.48463724898802,12.351644446043132,12.430608749389648,25483600
2012-03-15,12.480480139691702,12.49294764420948,12.409828040876526,12.463855743408203,24901000
2012-03-16,12.49554443219913,12.49554443219913,12.437173773743584,12.458020210266112,18957600
2012-03-19,12.483037910418444,12.57893279865831,12.45385257880115,12.549747467041016,17861600
2012-03-20,12.47469991395616,12.55391781635644,12.44134513324668,12.537240028381348,11426200
2012-03-21,12.55808915735429,12.612290385966531,12.528903023996046,12.533072471618652,17650000
2012-03-22,12.478867478867404,12.537238137495264,12.458020247042755,12.503883361816406,15001800
2012-03-23,12.524730593641056,12.524730593641056,12.437173810458685,12.503883361816406,19023200
2012-03-26,12.587272579701494,12.691506368679915,12.558087246026048,12.687336921691896,24374400
2012-03-27,12.69984158548455,12.733197153819454,12.674825704473893,12.683164596557615,12876000
2012-03-28,12.683164556080932,12.729027667154538,12.574761345060008,12.637301445007324,12979000
2012-03-29,12.57059194880354,12.628963398193932,12.520560186743795,12.612285614013672,11474400
2012-03-30,12.653982154081698,12.666489699817962,12.537240024018788,12.574764251708984,16014600
2012-04-02,12.57059566306981,12.724862031356626,12.545579774648427,12.708184242248535,32815600
2012-04-03,12.72903048902166,12.766554716356806,12.633134799587012,12.699844360351562,13552400
2012-04-04,12.595609790193633,12.603948683581612,12.47052957033647,12.549747467041016,18419600
2012-04-05,12.508053759035173,12.591441102191665,12.495545418989506,12.578932762145996,10119800
2012-04-09,12.424665418409022,12.553915869449238,12.41632732095528,12.491374969482422,13779800
2012-04-10,12.495547525983214,12.545580099361707,12.287079928180914,12.316266059875488,28745800
2012-04-11,12.41632830814712,12.449683086335776,12.35795684988649,12.387142181396484,18613200
2012-04-12,12.41632831930862,12.55391687886559,12.403819979261389,12.54140853881836,18139000
2012-04-13,12.508053893773887,12.508053893773887,12.332941107451427,12.345449447631836,21060800
2012-04-16,12.416326448249263,12.420495894303366,12.195350578824993,12.21619701385498,40978000
2012-04-17,12.25789353436169,12.503885342168422,12.253724087336408,12.483038902282717,20538200
2012-04-18,12.412160789488022,12.44551557285778,12.34962067007482,12.391313552856444,14212800
2012-04-19,12.349619789390715,12.462191678210374,12.182845089194304,12.253724098205566,38465200
2012-04-20,12.30375391379026,12.353785676459744,12.195350701019004,12.20785903930664,23242600
2012-04-23,12.111964225769045,12.145319001653368,12.007730451725452,12.111964225769045,31060600
2012-04-24,12.099457688662396,12.174506139457236,12.04108622957716,12.086949348449709,19248800
2012-04-25,12.349616872369642,12.441342299619247,12.349616872369642,12.428833961486816,28710400
2012-04-26,12.424664613331942,12.549745609920164,12.424664613331942,12.52472972869873,18953600
2012-04-27,12.541405744439656,12.562252177966226,12.47052675711267,12.520559310913086,11353200
2012-04-30,12.503883377081644,12.512222269821685,12.41632738903296,12.43300437927246,20123600
2012-05-01,12.424666455285037,12.599779240276543,12.40798946374523,12.474699020385742,23355800
2012-05-02,12.40799044630904,12.487208349307998,12.378805112372769,12.483038902282717,12842600
2012-05-03,12.50388539080464,12.50805483784614,12.345450379431163,12.37880516052246,18397800
2012-05-04,12.270401974499451,12.291248414553456,12.116135614281388,12.120305061340332,24187200
2012-05-07,12.045255676314724,12.149489459031855,12.02440923786756,12.086949348449709,16165400
2012-05-08,12.024406366518615,12.078607570682747,11.89098728373879,12.045252799987791,20341600
2012-05-09,11.92017260869182,12.103624245134313,11.874309500771082,12.045252799987791,20923600
2012-05-10,12.061930654775711,12.07026954630922,11.92851157120147,11.953527450561523,17288600
2012-05-11,11.928517313878714,12.091121800861504,11.911839522782609,11.961872100830078,14323000
2012-05-14,11.878480981412933,11.94935998068704,11.84095675854778,11.85763454437256,28108600
2012-05-15,11.886822767764162,11.966040679233538,11.79926596135258,11.8242826461792,16883200
2012-05-16,11.878483806120997,11.886822701016376,11.715879331865,11.728386878967283,25618800
2012-05-17,11.74506092114722,11.765907356493209,11.55743982207117,11.561609268188477,22552600
2012-05-18,11.607472387795474,11.644996607635113,11.428190180837312,11.453206062316896,25196200
2012-05-21,11.478224561285796,11.740893346623256,11.453207880594103,11.736723899841309,17104400
2012-05-22,11.774245248747317,11.80760001961242,11.63248727376052,11.699196815490724,15628600
2012-05-23,11.611645622389922,11.74506476079841,11.503242373622829,11.711709976196287,17437400
2012-05-24,11.745061926398872,11.749231372873036,11.557440811264463,11.644997596740724,16600800
2012-05-25,11.636658756478631,11.665844086689326,11.594965086788816,11.61998176574707,10010400
2012-05-29,11.740893344161014,11.824280689301172,11.690861573269448,11.774248123168944,14668400
2012-05-30,11.670011490388816,11.73672103211902,11.63248727376052,11.699196815490724,11103000
2012-05-31,11.67835237329344,11.720046042794486,11.56161025773863,11.644997596740724,23844200
2012-06-01,11.44487196440602,11.511581535155043,11.340638160705566,11.340638160705566,24028600
2012-06-04,11.378156634068212,11.432357834650004,11.273922883130572,11.407341957092283,15706600
2012-06-05,11.378158524884938,11.490730390222016,11.365650186407246,11.478222846984863,14268000
2012-06-06,11.557440742706303,11.753400749626616,11.553271296256872,11.74089241027832,17740600
2012-06-07,11.85346611693937,11.857635563754004,11.674183880113407,11.682522773742676,13362200
2012-06-08,11.674182841146942,11.8201102857094,11.640828064839004,11.811771392822266,15210200
2012-06-11,11.90766636268829,11.91600525563662,11.624150364369898,11.644997596740724,27117400
2012-06-12,11.670014287778772,11.774248071122893,11.603304730057788,11.76173973083496,16018800
2012-06-13,11.745060045947396,11.803430696759026,11.657503274489482,11.690858840942385,22709000
2012-06-14,11.699194977745092,11.790921179645837,11.624146556277337,11.749227523803713,21162400
2012-06-15,11.794854609541195,11.90367877082218,11.778112062423231,11.874380111694336,29203400
2012-06-18,11.836710544789591,12.00831766640882,11.819967997154247,11.962276458740234,17272400
2012-06-19,12.025057918626572,12.104583413336517,12.01250180779188,12.054356575012209,13112000
2012-06-20,12.071100274772103,12.11295584432307,11.979018660422849,12.07528591156006,18961600
2012-06-21,12.06691509301647,12.08365764079964,11.773926893439976,11.790669441223145,12344600
2012-06-22,11.832522775062412,11.932975647781966,11.807408958136174,11.920418739318848,28528600
2012-06-25,11.811597181365435,11.811597181365435,11.65673260137623,11.67765998840332,10928800
2012-06-26,11.711144565538309,11.753000138917896,11.639990330291605,11.72370147705078,11241000
2012-06-27,11.77392407705208,11.828336546002992,11.744625423768554,11.794852256774902,14875400
2012-06-28,11.715329166476351,11.732071713678758,11.564649434969072,11.69858741760254,21093800
2012-06-29,11.899493783092934,12.04180224804338,11.870195122367011,12.025059700012209,17999400
2012-07-02,12.05854336819899,12.096213300973842,11.999946049806368,12.09202766418457,16942800
2012-07-03,12.083657788119536,12.1882963180542,12.07528651412589,12.1882963180542,6851000
2012-07-05,12.158996859076446,12.251079276349271,12.10877081177184,12.1882963180542,14129200
2012-07-06,12.108768917260264,12.108768917260264,11.92460490985714,12.008316040039062,13804400
2012-07-09,11.97901523597914,12.008313886790628,11.91204586484499,11.983200073242188,14639400
2012-07-10,12.02924347033488,12.07109903558908,11.807409533317578,11.849265098571776,14580200
2012-07-11,11.840893453836689,11.870192107120213,11.698585025035197,11.794852256774902,15684200
2012-07-12,11.711144286643847,11.727886834928436,11.58139273075288,11.67765998840332,19515800
2012-07-13,11.702770070670352,11.861821046077264,11.698585232979829,11.83252239227295,13778800
2012-07-16,11.83252417985137,11.87856458635858,11.794854248318204,11.81996726989746,9420600
2012-07-17,11.89530359336002,11.903674864171643,11.719510897957525,11.866004943847656,16763800
2012-07-18,11.866012572907527,12.100402718032084,11.857641296713728,12.071104049682615,16260400
2012-07-19,12.146439676587187,12.21759390260882,12.12969713007454,12.175738334655762,19684800
2012-07-20,12.154808320288014,12.16736442912757,12.029241643593767,12.037612915039062,31410600
2012-07-23,11.832522775062412,11.96227430253411,11.74044037632314,11.920418739318848,13050200
2012-07-24,11.92460478262859,11.953903438381111,11.72369903032973,11.799038887023926,15751800
2012-07-25,11.715331273422152,11.828341092376885,11.686032608877312,11.75300121307373,16461200
2012-07-26,11.924606402659736,11.983203722125586,11.866009083193886,11.932977676391602,14088000
2012-07-27,11.999944653671454,12.213407315117422,11.966460361581609,12.192479133605955,18278200
2012-07-30,12.209222673785163,12.288748173352534,12.171552742323174,12.19666576385498,17853000
2012-07-31,12.230150382060868,12.313861520485109,12.22177990688131,12.246892929077148,17480600
2012-08-01,12.32642011178892,12.32642011178892,12.163183449432765,12.205039024353027,18240600
2012-08-02,12.104582833152184,12.263633016620131,12.06272726960952,12.125510215759276,13260800
2012-08-03,12.33478765050095,12.401756235092895,12.280375974893182,12.364087104797363,16377200
2012-08-06,12.410129786554092,12.506397044790988,12.401758512360802,12.451985359191896,22640400
2012-08-07,12.493837607140364,12.585919203777117,12.47709506320908,12.535693168640137,15374800
2012-08-08,12.510580189703449,12.57336393531757,12.489652806717732,12.539878845214844,17118400
2012-08-09,12.560807273889758,12.60266283901394,12.531508617801382,12.581734657287598,8787600
2012-08-10,12.539879217711285,12.615219076023406,12.514766197716748,12.61103343963623,22866200
2012-08-13,12.61103174369546,12.652887303609932,12.560805710460825,12.648701667785645,10418400
2012-08-14,12.68637533594532,12.690560973004896,12.585922441501454,12.623592376708984,12665400
2012-08-15,12.627775192260742,12.65707384680273,12.606847809967451,12.627775192260742,11301600
2012-08-16,12.694745593998118,12.820311502420704,12.67800384542844,12.799384117126465,14334000
2012-08-17,12.820309017892496,12.874721486438304,12.807752908480708,12.870535850524902,16269800
2012-08-20,12.857980016346078,12.89983558064636,12.816125250374284,12.88309383392334,16192600
2012-08-21,12.93332129899818,12.958434321016982,12.761714184933972,12.799384117126465,20252400
2012-08-22,12.770085502116071,12.853795841908283,12.72404429631678,12.820311546325684,37100000
2012-08-23,12.765898375984886,12.795197031410323,12.6863728838812,12.71567153930664,14113800
2012-08-24,12.67381722460438,12.81612566887522,12.644517769807488,12.79519748687744,12511800
2012-08-27,12.849611996244304,12.857982472040211,12.782643399905186,12.807756423950195,9647400
2012-08-28,12.795200346286954,12.824499009302857,12.740788657590096,12.77845859527588,15733800
2012-08-29,12.795198520225991,12.841239726010908,12.753342951178665,12.803569793701172,9583000
2012-08-30,12.74496981814698,12.761711563277377,12.652887425780362,12.661258697509766,12042200
2012-08-31,12.75752739160901,12.803568593076522,12.627775858225164,12.761713027954102,13221200
2012-09-04,12.749156118918824,12.79938295673143,12.636147130915347,12.761713027954102,13611800
2012-09-05,12.75334354251028,12.811941661224974,12.719859245385576,12.749157905578612,17578600
2012-09-06,12.841237054982813,13.03795715075954,12.824494511514963,13.033771514892578,15790800
2012-09-07,12.99610249473482,13.037958057988488,12.966803839955793,13.012845039367676,16006200
2012-09-10,12.98773130213312,13.025401227144291,12.87472152709961,12.87472152709961,12528400
2012-09-11,12.895651936317655,12.975177440939296,12.88728146082744,12.908208847045898,10634400
2012-09-12,12.962617083584036,12.991916534159508,12.899834143293392,12.97935962677002,10383200
2012-09-13,12.99192216770418,13.205384097587844,12.983550892481244,13.155158042907717,17639000
2012-09-14,13.188641667060931,13.276537657394252,13.17608475487244,13.217940330505373,20608200
2012-09-17,13.226309816050923,13.23886592821213,13.18445424608019,13.23049545288086,7630800
2012-09-18,13.201196717759588,13.238865852355955,13.197011080953637,13.238865852355955,10617800
2012-09-19,13.230496448358725,13.28490813458466,13.205382625489532,13.251423835754396,34489800
2012-09-20,13.205380640054072,13.243050570365511,13.159340235040062,13.226308822631836,14270400
2012-09-21,13.285152489392589,13.322978042322417,13.217907240101027,13.243124008178713,17937800
2012-09-24,13.142252432458944,13.180077974734438,13.108629817283656,13.159063339233398,9361400
2012-09-25,13.18847997363571,13.201088752016886,12.969933426412004,12.974136352539062,10879600
2012-09-26,12.948921904815307,12.957327759087672,12.81022851582683,12.88167667388916,14782000
2012-09-27,12.898485235827554,13.07920705046409,12.88587645749494,13.049786567687988,9697200
2012-09-28,13.016165303736,13.062396694100624,12.936312104266907,12.95732593536377,16246800
2012-10-01,13.0077619552756,13.079210112635849,12.894285328592902,12.927907943725586,29855000
2012-10-02,12.986748742175129,13.00776337995117,12.848055339359115,12.944720268249512,15035400
2012-10-03,12.986745180162368,13.041382421767674,12.92790581378088,13.011961936950684,10537400
2012-10-04,13.024569812648949,13.07500412435322,12.965730450349122,13.049786567687988,7925600
2012-10-05,13.108629348934794,13.121237328158578,12.948921331338491,12.9825439453125,9157800
2012-10-08,12.890080487924498,12.927906024536744,12.827038194112845,12.848052024841309,35163800
2012-10-09,12.822834517985385,12.831240370435845,12.646315624656753,12.684141159057615,30969400
2012-10-10,12.688347160073874,12.709360994666138,12.60849314569574,12.633709907531738,26970200
2012-10-11,12.726171143572635,12.730374070301144,12.583274841308594,12.583274841308594,13798800
2012-10-12,12.587476981607235,12.650519275343536,12.549651445040205,12.574868202209473,14276400
2012-10-15,12.604288231871353,12.654722549220724,12.52863715666043,12.637910842895508,10338200
2012-10-16,12.654724996009048,12.822838083634457,12.654724996009048,12.810229301452637,22450400
2012-10-17,12.705155421341908,12.78500941908899,12.679938664757762,12.74298095703125,21197000
2012-10-18,12.709359991187757,12.755591385592185,12.549652776667717,12.5958833694458,24502400
2012-10-19,12.58748069527756,12.58748069527756,12.310093879699709,12.310093879699709,25686400
2012-10-22,12.310089843894932,12.423565648245916,12.284872285926951,12.394145965576172,12177800
2012-10-23,12.310092183698124,12.37733741447504,12.242846151294826,12.259657859802246,21124000
2012-10-24,12.29748130815341,12.331103917816202,12.16719379591337,12.188207626342772,12784600
2012-10-25,12.26386416607242,12.28067507758548,12.11676488260679,12.162996292114258,10469800
2012-10-26,12.146179247296605,12.238642025724149,12.07052817462907,12.184004783630373,19385400
2012-10-31,12.179804128312457,12.19661583720728,12.09574798871754,12.133573532104492,38869000
2012-11-01,12.196616665797658,12.343715922115113,12.17139910074224,12.331107139587402,12538200
2012-11-02,12.368927855814915,12.385738757661208,12.158786372166348,12.171394348144531,18269000
2012-11-05,12.17980157173684,12.268061421655869,12.150381888972577,12.238641738891602,12036400
2012-11-06,12.293280601501465,12.381539667193117,12.263860912937584,12.293280601501465,12140800
2012-11-07,12.1629929687729,12.167195895909432,11.952851421704525,11.98647403717041,20196800
2012-11-08,12.024301935217954,12.062127485230034,11.809957419025016,11.814160346984863,18926800
2012-11-09,11.80575403486326,11.98647592202045,11.797348179268388,11.868796348571776,28790800
2012-11-12,11.915025371482962,11.931836277686513,11.809954602425137,11.851983070373535,10224000
2012-11-13,11.76372168179096,11.902415046894022,11.730099072118287,11.79314136505127,20176000
2012-11-14,11.847780634392524,11.872997395556014,11.650247067337077,11.675464630126951,30501800
2012-11-15,11.683866548905051,11.730097933326546,11.57039075329274,11.608216285705566,17899000
2012-11-16,11.62082854369957,11.667059945154676,11.43590373950561,11.62503147125244,17345200
2012-11-19,11.767927617394726,11.952852418694906,11.759521762420524,11.944446563720703,21953600
2012-11-20,11.92763220094126,11.931835127493583,11.78473670629355,11.894009590148926,29239400
2012-11-21,11.898212563635584,11.957052733973976,11.881401658986242,11.931835174560549,20198200
2012-11-23,12.007493009747336,12.133578472921563,11.990682095633476,12.12517261505127,16571000
2012-11-26,12.104153710982978,12.179804801940918,12.057923112218138,12.179804801940918,16138400
2012-11-27,12.16720110277601,12.205026661565606,12.095752914131968,12.12517261505127,21487800
2012-11-28,12.04531211139224,12.205020118806052,11.978066887731568,12.196614265441896,22532200
2012-11-29,12.25545597076416,12.297484443966315,12.200819516739871,12.25545597076416,27040800
2012-11-30,12.251250434779974,12.276467192681608,12.200816918976708,12.242844581604004,12603600
2012-12-03,12.335308817393171,12.35211972410053,12.213426336852727,12.226035118103027,15813000
2012-12-04,12.226035692994234,12.23444154755636,12.1419787506258,12.205021858215332,21323600
2012-12-05,12.179807226432857,12.179807226432857,12.00749117456169,12.083142280578612,25176600
2012-12-06,12.049519802966904,12.184010303471508,11.99908546446437,12.154590606689451,19477800
2012-12-07,12.213425825113411,12.226034605835409,12.04110983004451,12.091544151306152,47442800
2012-12-10,12.062124675812612,12.179803424773326,12.053718821850744,12.120964050292969,27452400
2012-12-11,12.21762873523013,12.356322116476113,12.196614902348692,12.284873962402344,19842000
2012-12-12,12.34371087458647,12.352115924541536,12.23443720890933,12.263856887817385,13110000
2012-12-13,12.247049163956977,12.301686415361305,12.133573337244886,12.1756010055542,17561400
2012-12-14,12.095746949744836,12.133572489882738,12.024298796331726,12.057921409606934,18332200
2012-12-17,12.05792260988378,12.209223983869984,12.053719682602717,12.205021858215332,17626200
2012-12-18,12.259658527012265,12.398351923241092,12.217630055082774,12.385743141174316,22085000
2012-12-19,12.415162335725094,12.423567387931826,12.318496619897427,12.322699546813965,18421600
2012-12-20,12.33110593275659,12.36472854791342,12.259657775345028,12.343714714050291,14209600
2012-12-21,12.18224532890981,12.254104546719525,12.139975058509094,12.237196922302246,27099200
2012-12-24,12.203378677368164,12.22451340565678,12.178016035935975,12.203378677368164,5188600
2012-12-26,12.203376989743196,12.241419334154129,12.085020431475328,12.135744094848633,8450000
2012-12-27,12.127295917652768,12.156884868418766,11.966669033153863,12.123068809509276,21490400
2012-12-28,12.025843752580586,12.110383468697686,11.97511927791979,11.987800598144531,16506800
2012-12-31,11.9582120136361,12.245648024487792,11.94130358616578,12.194924354553224,30372600
2013-01-02,12.520403981330588,12.609170804382956,12.461225293057502,12.600716590881348,30083000
2013-01-03,12.592264022749756,12.626080072771472,12.482361658619617,12.520404815673828,19579400
2013-01-04,12.507722031387996,12.52040335100198,12.42740861964237,12.46967887878418,13665800
2013-01-07,12.431637411186452,12.482361890279538,12.380913738331612,12.45277214050293,15376000
2013-01-08,12.45277135835572,12.478133999428378,12.33864269848152,12.406274795532228,11130400
2013-01-09,12.418955911631858,12.45277196179588,12.402048289668963,12.427410125732422,23198600
2013-01-10,12.5161758938275,12.520403000247072,12.385138013535055,12.49081325531006,19470600
2013-01-11,12.486589078834246,12.524631430604389,12.461226436003152,12.507723808288574,10115800
2013-01-14,12.42318301868214,12.456999068846162,12.380913560655786,12.427410125732422,19463000
2013-01-15,12.372460040574966,12.372460040574966,12.300600829165775,12.347097396850586,16168400
2013-01-16,12.355549150901368,12.440089667337077,12.338641531357096,12.389365196228027,17444800
2013-01-17,12.452769738417617,12.486586588782044,12.427407906882385,12.440089225769045,12706200
2013-01-18,12.393596399847928,12.427412456353771,12.359780343342086,12.423185348510742,15481000
2013-01-22,12.431637941238776,12.45699977874756,12.364005837056505,12.45699977874756,12799000
2013-01-23,12.57112715715558,12.634532143456225,12.554219537053209,12.588035583496094,18974600
2013-01-24,12.38936607869534,12.486587921392738,12.35555003096004,12.372458457946776,26757000
2013-01-25,12.418954558136251,12.465451924383544,12.368230891537518,12.385138511657717,32417000
2013-01-28,12.402048289668963,12.469680389997007,12.376686453605505,12.427410125732422,14428400
2013-01-29,12.40627181044784,12.473903891225527,12.34709313508886,12.44431495666504,13582800
2013-01-30,12.435863737212138,12.49504162057196,12.389366368150451,12.406274795532228,11926600
2013-01-31,12.44854566098383,12.520404868362156,12.414729610819808,12.427410125732422,10834600
2013-02-01,12.533085157415591,12.596490149550732,12.486588593176874,12.566901206970217,14645000
2013-02-04,12.5246309887008,12.541539416658289,12.393593896983171,12.402048110961914,21763600
2013-02-05,12.448545786025994,12.592264202226255,12.435864464747768,12.545766830444336,19259200
2013-02-06,12.490813765656137,12.592262711394648,12.490813765656137,12.54153823852539,14869600
2013-02-07,12.554219558302242,12.566900071840946,12.42318167265589,12.54153823852539,19868600
2013-02-08,12.592261791256597,12.681028604493772,12.588034684973197,12.651439666748049,18265200
2013-02-11,12.66834842186781,12.689483955180464,12.62607896771882,12.676802635192873,12871200
2013-02-12,12.664120914255244,12.689483553427438,12.613397248387116,12.63453197479248,10737800
2013-02-13,12.651437002490994,12.681025934005609,12.592259139461769,12.630301475524902,17994600
2013-02-14,12.558445799722838,12.613397378926503,12.537311073098746,12.59648895263672,12739000
2013-02-15,12.604943203598468,12.65144056979674,12.54999243046808,12.588035583496094,10023400
2013-02-19,12.609168114340722,12.67257308959961,12.609168114340722,12.67257308959961,9237200
2013-02-20,12.668345872055308,12.676800083678753,12.495038564964643,12.499265670776367,13324400
2013-02-21,12.457000272009113,12.465454486926228,12.355552111718646,12.397822380065918,33263200
2013-02-22,12.482360467749286,12.55421966796954,12.435863101066136,12.549992561340332,17345400
2013-02-25,12.617625005587266,12.65989526681594,12.364004244453408,12.372458457946776,16158600
2013-02-26,12.40627181044784,12.469676785397176,12.34709313508886,12.44431495666504,15219000
2013-02-27,12.427408887807715,12.613397548302167,12.414728374158242,12.549992561340332,16499400
2013-02-28,12.554221250378273,12.634533867741874,12.52463150024414,12.52463150024414,13330400
2013-03-01,12.46545340815872,12.57535577385529,12.406275521336816,12.545766830444336,11010400
2013-03-04,12.507722590318096,12.592263112379564,12.490814163410535,12.58380889892578,9996800
2013-03-05,12.655668174428016,12.786705258771212,12.655668174428016,12.757116317749023,24873600
2013-03-06,12.799386469278742,12.803613575993978,12.727527267596072,12.748661994934082,14349800
2013-03-07,12.752891716045324,12.799389093206903,12.73598328571808,12.778253555297852,10654000
2013-03-08,12.837430666625597,12.837430666625597,12.765571459103768,12.803614616394045,11980400
2013-03-11,12.778252680844476,12.841657677755975,12.74020952144992,12.83320426940918,10737000
2013-03-12,12.79939015558512,12.82052488901007,12.731758041139202,12.78670883178711,9704200
2013-03-13,12.782480662879662,12.828978040041244,12.73598328571808,12.778253555297852,10970800
2013-03-14,12.820521860917651,12.879699745520943,12.820521860917651,12.871246337890623,11512200
2013-03-15,12.872944520047891,12.88143330289705,12.783814728736404,12.817769050598145,19710200
2013-03-18,12.71590365050722,12.877187265891155,12.69892689651326,12.82201099395752,12344800
2013-03-19,12.855964605148532,12.881430137904186,12.698925399163516,12.80503273010254,14551600
2013-03-20,12.877187855944843,12.89840900179338,12.830500363636286,12.868699073791504,14613800
2013-03-21,12.74136759023061,12.77532190134274,12.69468010887594,12.724390029907228,11593600
2013-03-22,12.758345245438267,12.822009482094744,12.745612883827787,12.80503273010254,6818400
2013-03-25,12.860212133909895,12.881434092333375,12.728639229824088,12.7753267288208,9150200
2013-03-26,12.83898900387414,12.860210149488106,12.809279076200662,12.855966567993164,8449600
2013-03-27,12.76683553155867,12.830499775721892,12.745614386682524,12.82201099395752,14460800
2013-03-28,12.79230258808408,12.860211231202562,12.771081440685132,12.847478866577148,14831800
2013-04-01,12.86021088634708,12.86021088634708,12.728637995025094,12.762592315673828,9260000
2013-04-02,12.809281761644868,12.868701629449095,12.783816219662338,12.813526153564451,8435600
2013-04-03,12.826254741388537,12.847476694734832,12.690437478111225,12.71165943145752,16947400
2013-04-04,12.71166160765316,12.741371537889473,12.656485329041534,12.71590518951416,11271400
2013-04-05,12.541888709681873,12.63950808897926,12.507934389349913,12.6182861328125,14025000
2013-04-08,12.626775372016017,12.673462867736816,12.580087876295217,12.673462867736816,12646000
2013-04-09,12.70317245692226,12.796546636322562,12.64799617990878,12.762592315673828,11940200
2013-04-10,12.796545745075637,13.000271654779048,12.788056963120962,12.987539291381836,21103800
2013-04-11,12.91963143174388,12.966318116232523,12.889921502650694,12.945096969604492,12486400
2013-04-12,12.885679657306278,12.923878376411734,12.805037827024208,12.88992404937744,11499000
2013-04-15,12.8432319955473,12.86869752941638,12.677704811096191,12.677704811096191,32840200
2013-04-16,12.771080207844207,12.851722017338329,12.737125889562703,12.834744453430176,16621000
2013-04-17,12.720150576813484,12.72863936026987,12.516424631069905,12.571600914001465,24093000
2013-04-18,12.626773521900768,12.631017912665747,12.406070059330462,12.440024375915527,31544800
2013-04-19,12.414558588842771,12.503688364493682,12.350894347730014,12.457001686096191,17220000
2013-04-22,12.49944812929589,12.588577928805735,12.44002745342103,12.5546236038208,14642600
2013-04-23,12.614040852821018,12.737125761311365,12.575842143947105,12.690438270568848,24907600
2013-04-24,12.609795674464792,12.745613747276847,12.59706331199176,12.71165943145752,11095800
2013-04-25,12.741369390727735,12.822010385055371,12.724391828005237,12.754101753234863,12937600
2013-04-26,12.73287653054564,12.788051972649498,12.698922225512232,12.74985408782959,10734200
2013-04-29,12.779569476809709,12.966317829707291,12.779569476809709,12.932363510131836,16512000
2013-04-30,12.94933984177,13.076668325671198,12.919629916162036,13.072423934936523,26792000
2013-05-01,13.05544900097477,13.072425756744636,12.945097255098595,12.957830429077148,17378400
2013-05-02,12.974802598686232,13.140329754224716,12.970558208860298,13.123353004455566,12827000
2013-05-03,13.233709476597529,13.27615258060544,13.216731911180414,13.246441841125488,20859400
2013-05-06,13.280395397368988,13.327082077660894,13.26341783396482,13.310105323791504,14483000
2013-05-07,13.31859437762364,13.339816333602384,13.233708982313196,13.301617622375488,12561000
2013-05-08,13.288882915653012,13.41196781752492,13.263417380951315,13.407723426818848,16986800
2013-05-09,13.382257173509668,13.450165802090766,13.33132529730649,13.369524002075195,20527800
2013-05-10,13.394990254700623,13.428944570814467,13.348303576003309,13.407723426818848,9388600
2013-05-13,13.39498994997037,13.411967512408436,13.352546853409937,13.37376880645752,9465800
2013-05-14,13.36103581278448,13.462898760166912,13.36103581278448,13.41621208190918,14746800
2013-05-15,13.407722384567949,13.462897840388344,13.37801246146968,13.458653450012209,12837600
2013-05-16,13.492608646917818,13.611448339961749,13.488364256518436,13.530806541442873,18301800
2013-05-17,13.581739779129034,13.670869557852876,13.547785462062604,13.6666259765625,34379200
2013-05-20,13.632670849961292,13.713313466104385,13.619938487020615,13.6666259765625,16182200
2013-05-21,13.636918592843877,13.666628524624397,13.573253528131414,13.624184608459473,16769000
2013-05-22,13.64540506531159,13.704824918810246,13.420457204940575,13.475632667541504,28816800
2013-05-23,13.361039915258557,13.518079179984204,13.331329981008158,13.471391677856444,34028800
2013-05-24,13.382259966863096,13.45865658281249,13.35679361867842,13.45016860961914,10553400
2013-05-28,13.598717336004198,13.641159625166102,13.484121212383595,13.51383113861084,12611800
2013-05-29,13.44592220196313,13.522319615991178,13.382257960118013,13.479876518249512,16462000
2013-05-30,13.492612746393952,13.619941258923014,13.47563517963811,13.564764976501465,17675000
2013-05-31,13.513831614911895,13.632671324009426,13.428945414526686,13.437434196472168,13932600
2013-06-03,13.454412362312889,13.50958782835746,13.361037375804605,13.505343437194824,20009200
2013-06-04,13.518075878348762,13.594472486532926,13.40772414270302,13.4459228515625,18547200
2013-06-05,13.411971574174888,13.445925899799231,13.297375421617115,13.314352989196776,15854600
2013-06-06,13.318593598468151,13.365281089355266,13.20399828102629,13.344059944152832,29453600
2013-06-07,13.41196475026284,13.479873366960106,13.344056133565577,13.467140197753906,13022800
2013-06-10,13.518076738117724,13.552031058204047,13.475633635626108,13.496854782104492,12782000
2013-06-11,13.373769059035562,13.492609569742257,13.339814743052898,13.356791496276855,14615200
2013-06-12,13.428946781394815,13.454413129823358,13.237954025390062,13.267663955688477,17901400
2013-06-13,13.242195579486362,13.44592146605453,13.220973627009649,13.420455932617188,15217200
2013-06-14,13.40347442267032,13.445917505587513,13.305855898634912,13.318588256835938,11558600
2013-06-17,13.403480290459797,13.522320812747164,13.386503535581502,13.441679000854492,13176800
2013-06-18,13.467143950596528,13.581740076782731,13.458655168760188,13.547785758972168,12637600
2013-06-19,13.56051657841462,13.564760159061562,13.382256238461018,13.39074420928955,22447400
2013-06-20,13.250685426050492,13.314350482955176,13.063937075036884,13.093647003173828,31563000
2013-06-21,13.112843880435568,13.129907177907592,12.925151676357324,13.014732360839844,24222200
2013-06-24,12.899555731865773,12.946478979700068,12.771584273292026,12.856898307800291,22370400
2013-06-25,12.989135972647178,13.014730100787904,12.882492822834385,12.963541030883787,16527600
2013-06-26,13.091514238372724,13.095780062306105,13.00193356301725,13.040325164794922,40940600
2013-06-27,13.117108461270671,13.172562545551962,13.09578015507542,13.104310989379885,13088600
2013-06-28,12.997666712022278,13.117107331850605,12.950744279708331,13.048855781555176,18291200
2013-07-01,13.14696447550848,13.21948183391214,13.104307062278831,13.117104530334473,19152800
2013-07-02,13.108575412837292,13.228016030188886,13.061652981496335,13.138435363769531,28990400
2013-07-03,13.10431051947244,13.274940217406751,13.10431051947244,13.215219497680664,23194200
2013-07-05,13.292003553856429,13.309066850196308,13.159766261713374,13.300535202026367,28408200
2013-07-08,13.36878587914144,13.381583350553,13.257876901109352,13.29200267791748,15658000
2013-07-09,13.347458878420044,13.364521361680568,13.279206504509622,13.34319305419922,24937800
2013-07-10,13.338924661526343,13.428504512046455,13.334658838126918,13.385847091674805,17662800
2013-07-11,13.522350996667212,13.624728317363486,13.509553526471697,13.611930847167969,20648400
2013-07-12,13.624732056869128,13.637528716954254,13.56927715109077,13.620466232299805,14418000
2013-07-15,13.628998339888527,13.67165495977095,13.577809256957602,13.658858299255373,9100000
2013-07-16,13.65032371348624,13.68018366642986,13.624729584337809,13.667387008666992,9948400
2013-07-17,13.710041451518013,13.731369753498788,13.654586564571888,13.680181503295898,10961000
2013-07-18,13.688717420823703,13.7143123675341,13.61620003238989,13.6460599899292,8532400
2013-07-19,13.505291277100154,13.51808875068238,13.381585620296628,13.415711402893066,27199000
2013-07-22,13.44130504306183,13.471165000034828,13.411445086088833,13.454102516174316,10077200
2013-07-23,13.471158940744084,13.492487239382012,13.394375763851636,13.398641586303713,9169000
2013-07-24,13.54794679828059,13.556478446132314,13.462631947008791,13.488226890563965,11583000
2013-07-25,13.475429201661289,13.513820802752733,13.432771776712714,13.49675750732422,9657600
2013-07-26,13.43703711629561,13.535148620605469,13.402911340291196,13.535148620605469,12054000
2013-07-29,13.505289953648916,13.556479029338718,13.483961646724774,13.513821601867676,7955400
2013-07-30,13.565008010215546,13.637525382919664,13.552211353258883,13.582071304321287,11122600
2013-07-31,13.607665996317683,13.658855067135647,13.513820315711214,13.535148620605469,13681800
2013-08-01,13.624727429972342,13.692978159035338,13.620461606851674,13.680181503295898,15494600
2013-08-02,13.680181645598138,13.748433188993658,13.654586706607883,13.739901542663574,8849800
2013-08-05,13.710044038818893,13.78682724223599,13.705779028515916,13.769763946533203,8738200
2013-08-06,13.769763112992626,13.769763112992626,13.658854952129124,13.697246551513672,9372400
2013-08-07,13.667384045245214,13.701509000962204,13.607663338684183,13.66311740875244,10500000
2013-08-08,13.727108336860006,13.735639985334371,13.624730996035968,13.705780029296877,10117000
2013-08-09,13.684452488733683,13.7143124464448,13.594871801977504,13.637528419494627,7339200
2013-08-12,13.560746812867452,13.739906569612016,13.560746812867452,13.727109909057615,9966200
2013-08-13,13.744173013432444,13.846549550910137,13.675921446032072,13.820956230163574,9431000
2013-08-14,13.816687661627626,13.850814254183048,13.761232762347811,13.80815601348877,10591400
2013-08-15,13.671653038284433,13.671653038284433,13.565009876320833,13.586338996887209,14072200
2013-08-16,13.586338159111728,13.641792241919315,13.543680734232124,13.573540687561035,14471200
2013-08-19,13.582073820916122,13.667388680007363,13.530884742736816,13.530884742736816,9623600
2013-08-20,13.569279016846709,13.6162022799383,13.518090742222205,13.552216529846191,6635800
2013-08-21,13.55221121571296,13.624728587681076,13.488225490711129,13.522351264953612,12131600
2013-08-22,13.560743000311756,13.599133784804389,13.496756461037862,13.582071304321287,12098200
2013-08-23,13.697244795778571,13.710041451518013,13.641789908832449,13.680181503295898,10137000
2013-08-26,13.671654539398302,13.735641094500233,13.611934622500868,13.61620044708252,13585400
2013-08-27,13.488226405807128,13.535148840059808,13.3474574758037,13.377317428588867,13703000
2013-08-28,13.360252964900862,13.45409945244302,13.351721318102006,13.385847091674805,9001200
2013-08-29,13.411440155761865,13.52661411694266,13.394376864551372,13.458362579345703,9575400
2013-08-30,13.48822706982879,13.48822706982879,13.360254791220283,13.394380569458008,14343200
2013-09-03,13.449834394234074,13.505288474336291,13.355987901352783,13.407176971435549,14790000
2013-09-04,13.43703711629561,13.556477739122402,13.419973821482063,13.535148620605469,14321200
2013-09-05,13.552212792673394,13.59060439486634,13.522352838439488,13.543681144714355,7428000
2013-09-06,13.58634231747018,13.61193645478243,13.441307516662494,13.552216529846191,10285800
2013-09-09,13.633261753308965,13.744171555599026,13.620465094293014,13.714311599731444,11429200
2013-09-10,13.795358479203935,13.829483442347684,13.748435231041563,13.799623489379885,13548800
2013-09-11,13.68444940984219,13.769762625681649,13.675917762809188,13.735637664794922,18665400
2013-09-12,13.74417382385004,13.795362095607176,13.71004722451474,13.748438835144045,12104600
2013-09-13,13.774029707009186,13.791093001625454,13.714309803097589,13.761231422424316,7982400
2013-09-16,13.867872983124531,13.867872983124531,13.701509947800773,13.739901542663574,16322400
2013-09-17,13.761232762347811,13.838015968352016,13.756967751901133,13.80815601348877,12802800
2013-09-18,13.850813871984911,14.00011364218138,13.816687280371177,13.983050346374512,17652600
2013-09-19,14.004381156762753,14.038506123268071,13.98305122204568,13.991582870483398,13298400
2013-09-20,14.04215899360022,14.050731936892396,13.879277976414112,13.892136573791504,15559200
2013-09-23,13.982154620354152,14.01644640479148,13.86213664506806,13.935004234313965,16087000
2013-09-24,13.909285103965962,13.93928959363034,13.819271634972829,13.874993324279783,9495000
2013-09-25,13.892135009580144,13.90928089423392,13.810694510157036,13.853557586669922,9182600
2013-09-26,13.909284161679595,13.969293136943037,13.86213378536634,13.904996871948242,10130600
2013-09-27,13.823555788406422,13.844987330821436,13.77211975958601,13.819270133972168,12399000
2013-09-30,13.67353265145571,13.784978471565896,13.634955220742148,13.733542442321776,15044200
2013-10-01,13.74639826026615,13.883562067253251,13.733539664336597,13.853557586669922,16354000
2013-10-02,13.776406013527636,13.874992421024388,13.754974470179986,13.857848167419434,16256000
2013-10-03,13.866418184247989,13.87070547359109,13.669245387631886,13.73782730102539,12985200
2013-10-04,13.724971425360364,13.814984897956684,13.71639848009565,13.793553352355955,10681600
2013-10-07,13.694965011608216,13.814982958218458,13.690678539577714,13.733542442321776,9135400
2013-10-08,13.724968658420408,13.742114545493244,13.502077031838928,13.514936447143556,16185400
2013-10-09,13.553517131588997,13.617812588436657,13.450643419559434,13.566375732421877,20539800
2013-10-10,13.682107516597853,13.810699242885386,13.67353457133314,13.793553352355955,16409600
2013-10-11,13.767832514386296,13.909283638000488,13.754973915920235,13.909283638000488,17817200
2013-10-14,13.827839832768383,13.969290939456714,13.806408292848792,13.956432342529297,14279600
2013-10-15,13.922141631303544,13.990723545344572,13.86641831516964,13.870705604553224,14500600
2013-10-16,13.93071348445934,14.02501422205462,13.922140541485073,14.003581047058104,16384400
2013-10-17,13.913567079035872,14.020726409530829,13.883562597307014,14.007867813110352,14842200
2013-10-18,14.153604046924054,14.256476084743875,14.106453681622654,14.247904777526855,15869400
2013-10-21,14.307918496513532,14.363640187560796,14.295058261168537,14.32506275177002,10803000
2013-10-22,14.376502179719502,14.38936078151372,14.243623965730812,14.320778846740724,32716200
2013-10-23,14.252190589904783,14.28219507086328,14.187894339209969,14.252190589904783,10266600
2013-10-24,14.26933787809406,14.329346845912642,14.230760450907578,14.286483764648438,7067200
2013-10-25,14.38935277469147,14.423644540557785,14.31648522490764,14.35934829711914,6762600
2013-10-28,14.397931686021272,14.419363231013255,14.337922705994888,14.40650463104248,10021000
2013-10-29,14.487945619293328,14.535096000856504,14.432222292434831,14.500805854797363,9950000
2013-10-30,14.530807189113585,14.539378497424757,14.4107876161742,14.470796585083008,11149000
2013-10-31,14.4407940419517,14.50509030878142,14.406503898731977,14.423649787902832,57424000
2013-11-01,14.483655093703588,14.509372285819342,14.372208477463404,14.427931785583496,9270400
2013-11-04,14.470794744816269,14.496513571844396,14.427931668224284,14.483654975891112,11953400
2013-11-05,14.4279329635677,14.487941930232724,14.393642826239848,14.44507884979248,9023800
2013-11-06,14.5179482433982,14.595103106012552,14.500803990134276,14.59081745147705,10501600
2013-11-07,14.590818425911884,14.616535625086229,14.385072656907033,14.402216911315918,21070600
2013-11-08,14.432217566715376,14.539376895135138,14.363635661931587,14.530805587768556,17894400
2013-11-11,14.526523013710689,14.560814794793158,14.487945577553964,14.547954559326172,15659800
2013-11-12,14.483658621660863,14.61653517361612,14.483658621660863,14.586530685424805,9419400
2013-11-13,14.526520302066505,14.715121792569894,14.517947358396183,14.710834503173828,13496800
2013-11-14,14.61653410577856,14.685116021651467,14.595102563653626,14.67225742340088,16957000
2013-11-15,14.663687348345643,14.715125021655036,14.65511440279408,14.702264785766602,15412600
2013-11-18,14.72798376140632,14.73226941666146,14.616537103306449,14.646541595458984,10479800
2013-11-19,14.629398864657562,14.702266457447816,14.569389874095618,14.595107078552246,8898200
2013-11-20,14.607965176220496,14.68083275833757,14.51366441336582,14.547954559326172,8652200
2013-11-21,14.58652961977928,14.676544712898975,14.58652961977928,14.67225742340088,10782000
2013-11-22,14.672263141797297,14.672263141797297,14.620827093626293,14.642258644104004,6221800
2013-11-25,14.66797748575075,14.680836089012878,14.607968490364163,14.642258644104004,18360800
2013-11-26,14.646539921957684,14.732267733364973,14.633681322539292,14.693690299987791,10631800
2013-11-27,14.723694682193864,14.817995437571865,14.723694682193864,14.809422492980955,13210800
2013-11-29,14.835139449415532,14.912294305848022,14.830852160101625,14.869429588317873,8466000
2013-12-02,14.882293683480652,14.912298175977815,14.787992915562596,14.822284698486328,9883200
2013-12-03,14.770843396377416,14.873717084760598,14.770843396377416,14.856571197509766,11455800
2013-12-04,14.813707908211349,14.925152903546175,14.770843190681196,14.869429588317873,13147800
2013-12-05,14.908010885551246,14.908010885551246,14.800851516597891,14.822284698486328,8537400
2013-12-06,14.925153732299805,14.959445508228056,14.878003357959397,14.925153732299805,8796600
2013-12-09,14.968013240952326,15.015163604027638,14.938008761744667,14.97230052947998,7997200
2013-12-10,14.968015129410484,14.976588072425928,14.925152049454953,14.94229793548584,16249800
2013-12-11,14.96373013826064,14.993734622582854,14.78370323232735,14.805134773254396,15075400
2013-12-12,14.80942266418067,14.80942266418067,14.70226330823852,14.706550598144531,11008200
2013-12-13,14.779414093841826,14.779414093841826,14.659396171569824,14.659396171569824,9705400
2013-12-16,14.736552861214792,14.84371220097178,14.719406974424452,14.805134773254396,12029000
2013-12-17,14.792267438528492,14.84799072628232,14.779408847170291,14.800840377807615,11153800
2013-12-18,14.78798458851309,14.925148372727277,14.58652456508294,14.91657543182373,34219600
2013-12-19,14.912293452492632,14.968015129410484,14.8865746234463,14.94229793548584,17322600
2013-12-20,14.981492498828764,15.093488478999266,14.96426373841784,15.059027671813965,17653800
2013-12-23,15.19687446368096,15.261487684684813,15.16241528414605,15.257179260253906,14570800
2013-12-24,15.261482462704944,15.300250053405762,15.25717403974824,15.300250053405762,5228200
2013-12-26,15.330407430878129,15.35625304748447,15.304561814271784,15.339022636413574,7160400
2013-12-27,15.377786110880884,15.377786110880884,15.30886612828438,15.326096534729004,7649000
2013-12-30,15.313170803245931,15.321786005283938,15.274403215665794,15.295940399169922,9277600
2013-12-31,15.33040156766552,15.403628321937113,15.313171163184506,15.395014762878418,13689400
2014-01-02,15.343329371855278,15.343329371855278,15.218412999919734,15.244256973266602,17105000
2014-01-03,15.28302346802072,15.28302346802072,15.162413885996424,15.171029090881348,10409600
2014-01-06,15.153799722383644,15.201182530915409,15.08918650289807,15.145184516906738,9049400
2014-01-07,15.21410098855906,15.304558160310965,15.183948597975093,15.283020973205566,14323600
2014-01-08,15.291636176684134,15.334710550894933,15.231331395516198,15.283020973205566,9392800
2014-01-09,15.34764084338546,15.34764084338546,15.145187581666098,15.183955192565918,12683800
2014-01-10,15.22702186672191,15.257174255116851,15.136564701537091,15.214099884033203,25920200
2014-01-13,15.201179594687837,15.27440636232356,15.003034836539523,15.050415992736816,12890600
2014-01-14,15.110727127296707,15.313178728835815,15.093496714302812,15.304563522338867,12838800
2014-01-15,15.3907090015747,15.52854897489489,15.369171813840063,15.489781379699709,19348000
2014-01-16,15.498403251771208,15.511325241335385,15.451020432458824,15.485481262207031,13862600
2014-01-17,15.459634945327352,15.489787348410948,15.3648693109602,15.399330139160156,12677400
2014-01-21,15.519936336324028,15.519936336324028,15.34763716278696,15.476861953735352,12588400
2014-01-22,15.459625244140623,15.48547084907202,15.42085765833438,15.459625244140623,8431800
2014-01-23,15.390710093704246,15.42947769165039,15.32609852591548,15.42947769165039,12836000
2014-01-24,15.364863295448297,15.390708906479423,15.12795094546692,15.132259368896484,30993400
2014-01-27,15.153796938640582,15.16241214253488,14.916884582684844,14.990111351013184,16028000
2014-01-28,14.856579060603783,14.925499045152426,14.813503043272105,14.899653434753418,26291000
2014-01-29,14.774736694001213,14.86950229693264,14.7273538925355,14.78335189819336,22438800
2014-01-30,14.959957400274948,15.015955398162308,14.882422216486898,14.964265823364258,16659800
2014-01-31,14.843657401871823,15.071956216043796,14.83935062115866,14.998727798461914,21887000
2014-02-03,14.964267825550165,15.020264187747756,14.628281436453728,14.684279441833496,31951600
2014-02-04,14.710124897733444,14.77904488701271,14.667048877445056,14.740277290344238,11451400
2014-02-05,14.710127101121952,14.796275868238396,14.611053061209716,14.753201484680176,18406200
2014-02-06,14.766122708617434,14.921193110511346,14.766122708617434,14.91688632965088,18279400
2014-02-07,15.011644756765444,15.123640735990245,14.94703320861118,15.119332313537598,20929600
2014-02-10,15.119336057189075,15.175334060666964,15.080568461424708,15.14948844909668,13517400
2014-02-11,15.214099616025337,15.37778518098723,15.196869210622632,15.334709167480469,14082800
2014-02-12,15.373475935686244,15.420858726418126,15.360553953916387,15.395014762878418,16095600
2014-02-13,15.308866662097795,15.519933397267272,15.28732947488202,15.50701141357422,13828600
2014-02-14,15.494093164319818,15.56731994713923,15.4553255607147,15.5371675491333,24752600
2014-02-18,15.554398248666605,15.584550647231474,15.502708657295752,15.545783042907717,11893000
2014-02-19,15.515624403381205,15.584544378547657,15.459626410064145,15.49408721923828,17223400
2014-02-20,15.494093451536864,15.580242222760788,15.425173448648234,15.545783042907717,13394000
2014-02-21,15.593168890395978,15.619012869524331,15.481172836897104,15.485481262207031,12745200
2014-02-24,15.468247834260197,15.623318251555231,15.468247834260197,15.545783042907717,15690400
2014-02-25,15.57162460530306,15.575931385469769,15.463937026132726,15.502704620361328,11223200
2014-02-26,15.51131753050615,15.575930732572775,15.455321174775856,15.515625953674316,11641400
2014-02-27,15.511326045677912,15.649167728635748,15.498404055443665,15.640552520751951,10898800
2014-02-28,15.631926194773186,15.700846165641826,15.481162628810605,15.657770156860352,19402000
2014-03-03,15.46393741169098,15.52854897489489,15.36486339038388,15.489781379699709,18054600
2014-03-04,15.6577722739477,15.735307457056166,15.63623508823578,15.692233085632324,23209800
2014-03-05,15.726700485342588,15.743930900203138,15.68362609137401,15.713778495788574,17861600
2014-03-06,15.735308647155762,15.765461038069338,15.700849476046846,15.735308647155762,17330800
2014-03-07,15.77839086593852,15.787006072897046,15.62332042705044,15.687932014465332,14394800
2014-03-10,15.679315944304811,15.713775123447812,15.601780737255003,15.66208553314209,15115400
2014-03-11,15.687928349483132,15.743926360040064,15.584549176497456,15.627623558044434,18913200
2014-03-12,15.56301284720244,15.670700450213172,15.511321614665944,15.653470039367676,12712200
2014-03-13,15.696539852440592,15.700848275488555,15.386400763446735,15.442397117614746,18794800
2014-03-14,15.412246835076148,15.463938059623633,15.334711641437089,15.34763526916504,17879600
2014-03-17,15.451015900674983,15.57162712623563,15.4208635050804,15.52855110168457,32889800
2014-03-18,15.537164823594775,15.748233215792991,15.537164823594775,15.731002807617188,13728000
2014-03-19,15.700852192934772,15.774078971201227,15.567318979223629,15.666391372680664,15578800
2014-03-20,15.649162569147109,15.830076945511136,15.623316954016952,15.787002563476562,11791000
2014-03-21,15.8592515541856,15.89386064225905,15.677558792556436,15.707840919494627,18219400
2014-03-24,15.755427579575093,15.815993490005534,15.565082526122096,15.694863319396973,20708200
2014-03-25,15.725137383603508,15.824637646005051,15.66457315449055,15.79002857208252,15252600
2014-03-26,15.863577315230616,15.893861093280323,15.599690437316896,15.599690437316896,15026800
2014-03-27,15.591031284809429,15.616986439895015,15.46125055862707,15.543444633483888,25854800
2014-03-28,15.59103586164073,15.703512083949708,15.539122235727094,15.604013442993164,12711600
2014-03-31,15.703504054595532,15.785699761805352,15.68187421331704,15.725133895874023,14567000
2014-04-01,15.755423847588268,15.911161422729492,15.751098537279647,15.911161422729492,14048400
2014-04-02,15.95441554820319,15.967393123500903,15.859242262016814,15.919806480407717,21009400
2014-04-03,15.941439494151926,15.976048568832764,15.79435422726138,15.841940879821776,15525200
2014-04-04,15.9241392681668,15.950094428263318,15.495860973804575,15.5391206741333,20191600
2014-04-07,15.474226738176744,15.56074776456554,15.357423600089566,15.417987823486328,22362600
2014-04-08,15.448274194363496,15.578054944602338,15.400687534217171,15.556425094604492,14659400
2014-04-09,15.608337474131735,15.768400331693872,15.56075081776827,15.764073371887209,13313800
2014-04-10,15.764070396357134,15.79002719954275,15.37472825008085,15.400683403015137,16173600
2014-04-11,15.296856630612623,15.417985055661264,15.214660927685884,15.22764015197754,28508800
2014-04-14,15.327148764861612,15.435299686628769,15.2709098234721,15.379060745239258,9984600
2014-04-15,15.40501437617829,15.495860735623314,15.197364847338909,15.456926345825195,17178600
2014-04-16,15.543442408717588,15.612658896124504,15.435291544003576,15.608333587646484,27999400
2014-04-17,15.534797046455628,15.647273269641367,15.452602946829584,15.586709022521973,15763400
2014-04-21,15.599693753516794,15.664583333911963,15.556432383000802,15.647278785705566,7052000
2014-04-22,15.655921189385474,15.746769185066809,15.625639074242198,15.712160110473633,10957000
2014-04-23,15.68620293720904,15.68620293720904,15.53911767413531,15.543444633483888,22848200
2014-04-24,15.79868616910934,15.80301147968275,15.560754481523013,15.664578437805176,10021400
2014-04-25,15.569405585320236,15.608339978569234,15.430970903572309,15.465579986572266,12804000
2014-04-28,15.517488057635733,15.664573322884712,15.409337175842408,15.612661361694336,24138200
2014-04-29,15.651598195720124,15.755422134356593,15.621316076096845,15.72081470489502,10952200
2014-04-30,15.699183688230926,15.80733457891824,15.655922341805024,15.768400192260742,18331200
2014-05-01,15.764070257452577,15.863568860077054,15.746767372399292,15.785701751708984,9955400
2014-05-02,15.824637857581722,15.82896316675413,15.729464553273758,15.74244213104248,13440200
2014-05-05,15.70351014545404,15.824640274047852,15.647271216115902,15.824640274047852,8164400
2014-05-06,15.794364144954846,15.794364144954846,15.64295347378024,15.647278785705566,9399800
2014-05-07,15.673217881601278,15.694847717269653,15.478546060084565,15.655913352966309,13653800
2014-05-08,15.616986783459437,15.837615508049463,15.59535693699511,15.699182510375977,7574800
2014-05-09,15.686198406536862,15.725132778171233,15.604004355420296,15.716482162475586,14877000
2014-05-12,15.790029029307693,15.937114297234592,15.78137676057652,15.928462028503418,11186800
2014-05-13,15.950097066142288,15.980379191430908,15.893859776464598,15.937119483947754,11488200
2014-05-14,15.911163560084908,15.941445687068857,15.828969451164497,15.863576889038086,10223200
2014-05-15,15.889528661750012,15.90250624055197,15.703508997747702,15.768400192260742,14576600
2014-05-16,15.764066726995887,15.8765445310344,15.716481740942154,15.867892265319824,11607400
2014-05-19,15.811659748117911,15.99335410099104,15.811659748117911,15.971722602844238,6597000
2014-05-20,15.989029353175424,16.00200858390937,15.828966476306078,15.880878448486328,8474200
2014-05-21,15.893854415230578,15.993353029081115,15.893854415230578,15.989026069641112,8322800
2014-05-22,15.989025975314595,16.07122170167472,15.967396128996691,16.01930809020996,6350000
2014-05-23,16.058249960850976,16.16207558193776,16.03229479326848,16.153423309326172,6624200
2014-05-27,16.19235241657913,16.2961763534666,16.18802545656198,16.291851043701172,11349000
2014-05-28,16.300504348448754,16.313481928820742,16.23561314608517,16.248592376708984,13553800
2014-05-29,16.304830864541337,16.348092219401003,16.265896470293615,16.343765258789062,9328000
2014-05-30,16.348091145106817,16.382698576468417,16.291852212610898,16.361068725585938,12438400
2014-06-02,16.387027152930653,16.40000473468966,16.26589700558926,16.335113525390625,10923000
2014-06-03,16.30914878845215,16.348083161126812,16.257236841636278,16.30914878845215,11338600
2014-06-04,16.28319855702942,16.361067333783684,16.239938858944473,16.33943748474121,6998400
2014-06-05,16.395676000471084,16.464892505818785,16.29617572692284,16.447587966918945,11335200
2014-06-06,16.53410501962439,16.53410501962439,16.47786610690253,16.52112579345703,9597800
2014-06-09,16.542754089063163,16.598991340662398,16.51247033402773,16.573036193847656,12784000
2014-06-10,16.57303947454205,16.603321585320998,16.547082672338124,16.58169174194336,7189400
2014-06-11,16.512471370017693,16.586014807859094,16.49949379579611,16.542755126953125,8509400
2014-06-12,16.551408267699877,16.603321873007243,16.348085756125574,16.39999771118164,9636000
2014-06-13,16.499495901803982,16.52545270381134,16.425954104826697,16.49517059326172,14663400
2014-06-16,16.4648884827121,16.542757238482906,16.438931680704748,16.49517059326172,14128800
2014-06-17,16.48220500537297,16.564400787950394,16.46490210663533,16.53411865234375,14075200
2014-06-18,16.5687106864624,16.62927490133376,16.447582256719677,16.620622634887695,26070600
2014-06-19,16.646580478294325,16.646580478294325,16.525452040954463,16.590341567993164,11837400
2014-06-20,16.601650516122717,16.610342678513383,16.519075802341643,16.553844451904297,10854400
2014-06-23,16.536456050411395,16.601646423339844,16.523418638969726,16.601646423339844,7534200
2014-06-24,16.59294675838847,16.67986666369401,16.475605134904885,16.514719009399414,16942600
2014-06-25,16.479960783277654,16.6059946426073,16.462578117535223,16.579919815063477,10223800
2014-06-26,16.59295224581689,16.601644405007946,16.466918424336377,16.562530517578125,22704600
2014-06-27,16.549492281903717,16.662487030029297,16.5408001231464,16.662487030029297,21766600
2014-06-30,16.649451216242934,16.723332085970043,16.636412147927615,16.666833877563477,8980800
2014-07-01,16.727682788437846,16.8884836326761,16.714643717165345,16.836332321166992,14977800
2014-07-02,16.866753059758842,16.875445220806125,16.827639163976162,16.853713989257812,9940000
2014-07-03,16.91454844560227,16.936279665570837,16.858051915690098,16.927587509155273,4386000
2014-07-07,16.927596299479273,16.958018033801768,16.88413549483272,16.94498062133789,20964400
2014-07-08,16.936285806593034,16.936285806593034,16.70160247185569,16.79286766052246,13847800
2014-07-09,16.81894429609835,16.88413300667125,16.784175657504854,16.875442504882812,14236200
2014-07-10,16.610341463161472,16.901521421571474,16.610341463161472,16.827640533447266,8843800
2014-07-11,16.866748303110345,16.914552688598633,16.82328751013045,16.914552688598633,6522600
2014-07-14,16.992784542642802,17.057974918852537,16.975401879132324,17.036245346069336,8418200
2014-07-15,17.075360676194602,17.097090250805177,16.910212925005762,17.00582504272461,14829000
2014-07-16,17.166624380425667,17.205738274442307,17.127510486409026,17.16227912902832,16129600
2014-07-17,17.144897342084413,17.166626918003484,16.888484367374502,16.940635681152344,11341400
2014-07-18,17.018861705401154,17.157932966208218,16.997132131748838,17.144895553588867,9541000
2014-07-21,17.136206360189657,17.170973352482243,17.053633302866846,17.1231689453125,12363200
2014-07-22,17.223125244265315,17.279621810419325,17.192703506225346,17.266584396362305,9579600
2014-07-23,17.305693044363295,17.344806932524232,17.231812176648123,17.297000885009766,10946800
2014-07-24,17.349154782581564,17.349154782581564,17.24919742182985,17.283966064453125,23319200
2014-07-25,17.231815813599898,17.283967122868255,17.179662846471306,17.262237548828125,9499000
2014-07-28,17.275271625804955,17.327422925002836,17.157929959214787,17.29265594482422,15524400
2014-07-29,17.41869127194043,17.41869127194043,17.249196633686655,17.257888793945312,14624800
2014-07-30,17.336121572910095,17.336121572910095,17.192705031974373,17.275278091430664,15524600
2014-07-31,17.166628470787636,17.184012796239514,16.92325288804288,16.949329376220703,34833000
2014-08-01,16.90586306793139,16.97539868245931,16.775482340064194,16.858057022094727,31014800
2014-08-04,16.91021024242906,17.023205007195102,16.823290299915172,16.979745864868164,12667400
2014-08-05,16.8754431419476,16.931939695004928,16.749409309078178,16.818944931030273,24586800
2014-08-06,16.705949082787242,16.849367240533887,16.684219511029887,16.766794204711914,18281800
2014-08-07,16.836328987847445,16.866750718359775,16.640759536082495,16.697256088256836,13730000
2014-08-08,16.688566277715747,16.81894536500758,16.63641331651098,16.805906295776367,12045600
2014-08-11,16.88413041735193,16.936283367244094,16.84936344195017,16.888477325439453,13015400
2014-08-12,16.871091472847077,16.92324276013165,16.797210620682225,16.879783630371094,13409800
2014-08-13,16.918897613664214,17.044931411743164,16.918897613664214,17.044931411743164,10985400
2014-08-14,17.05797311759889,17.07535743713379,17.00147490804045,17.07535743713379,9229200
2014-08-15,17.114471327157332,17.15793046813462,16.953668858249458,17.07535743713379,17821800
2014-08-18,17.19269922968479,17.244850530801052,17.14489317955323,17.23615837097168,8496000
2014-08-19,17.283963214444654,17.34915192182392,17.262233645318233,17.344806671142578,10095600
2014-08-20,17.31873019347496,17.37522839949154,17.30569278357108,17.344806671142578,14010600
2014-08-21,17.34480278612799,17.453452265283854,17.34480278612799,17.42737579345703,6909000
2014-08-22,17.440420523136023,17.466495345572742,17.392614471522005,17.43172836303711,8815400
2014-08-25,17.514300649646017,17.51864755843995,17.41434329956489,17.449111938476562,6861400
2014-08-26,17.475188046932566,17.47953495604667,17.436074154205983,17.45780372619629,6704600
2014-08-27,17.462150946533797,17.47518835838833,17.405652732063988,17.453458786010742,8661400
2014-08-28,17.392608822214086,17.453452265283854,17.362187100679204,17.42737579345703,7056600
2014-08-29,17.457795851404004,17.509948790087893,17.409991477732763,17.50560188293457,15368000
2014-09-02,17.544730987366535,17.544730987366535,17.457811005303583,17.509963989257812,11377600
2014-09-03,17.575145611654474,17.575145611654474,17.392615215351075,17.414344787597656,13783200
2014-09-04,17.44911380316192,17.531686842611315,17.353501693797266,17.40565299987793,10426400
2014-09-05,17.440428335179604,17.514309242323616,17.396967515217746,17.509963989257812,14050400
2014-09-08,17.501264738990916,17.57949252538701,17.46215084579287,17.53603172302246,12772200
2014-09-09,17.544718426139536,17.618600938247766,17.362188086565517,17.40999412536621,17125400
2014-09-10,17.414347739181817,17.536034690675656,17.366541677420557,17.514305114746094,14459600
2014-09-11,17.479540122332377,17.562113183445025,17.418696639632476,17.553421020507812,20644400
2014-09-12,17.540379525066008,17.549071685981385,17.423037839498697,17.479536056518555,11111400
2014-09-15,17.509951022459486,17.509951022459486,17.34480334462422,17.375225067138672,13764400
2014-09-16,17.323071571118945,17.52733310298252,17.292649852483006,17.50560188293457,23821200
2014-09-17,17.501260871305288,17.6055634582097,17.436070511095238,17.540374755859375,15309000
2014-09-18,17.575152001401896,17.653379816218727,17.575152001401896,17.64468765258789,14790600
2014-09-19,17.707530980365707,17.707530980365707,17.54167244605862,17.60714340209961,31452600
2014-09-22,17.611512391747546,17.611512391747546,17.441289855358292,17.489301681518555,12760800
2014-09-23,17.463105730566024,17.528576678230618,17.41945954211987,17.45001220703125,11937000
2014-09-24,17.45437470468437,17.567855773355422,17.375810247529387,17.563491821289062,14289000
2014-09-25,17.49366315274979,17.502391059985523,17.179405212402344,17.179405212402344,18703000
2014-09-26,17.209961224534783,17.402006855929724,17.209961224534783,17.367090225219727,9763000
2014-09-29,17.227418180693448,17.388911115298306,17.170676789887935,17.362722396850586,9652800
2014-09-30,17.393275332787862,17.493664589194218,17.345265179066477,17.41510009765625,13519800
2014-10-01,17.358357743868563,17.380180842531566,17.096475564925417,17.144487380981445,26118400
2014-10-02,17.15322422801659,17.19687210884908,16.961178547342854,17.135765075683594,26753600
2014-10-03,17.240512386681907,17.327806453284527,17.179407039558825,17.27543067932129,13410200
2014-10-06,17.362723140803926,17.393275814470826,17.236148492039256,17.279794692993164,13895600
2014-10-07,17.231787960288898,17.244881491441507,17.00918960571289,17.00918960571289,18013400
2014-10-08,17.03100208092267,17.36271742801858,16.913155379126735,17.332164764404297,17341200
2014-10-09,17.31471376961458,17.345268112598692,17.02664447358734,17.044103622436523,30600200
2014-10-10,16.930615325802794,17.017909368140376,16.607627868652344,16.607627868652344,60365200
2014-10-13,16.585805494643964,16.747298397735193,16.402489496269396,16.424312591552734,57207800
2014-10-14,16.55961763532078,16.638182114388886,16.40685429546365,16.45050048828125,43084200
2014-10-15,16.214813977182125,16.40249566418555,15.96602693440941,16.337024688720703,58134400
2014-10-16,16.06204524284383,16.350114471897708,16.01839904586427,16.240997314453125,54246200
2014-10-17,16.40248985917338,16.55088757638154,16.323925382418775,16.433042526245117,25571800
2014-10-20,16.341387105445293,16.559621449794168,16.258458653991248,16.550891876220703,18442800
2014-10-21,16.66873767418161,16.882608052081007,16.66873767418161,16.873878479003906,23145600
2014-10-22,16.930618757770297,16.969901001535256,16.78221935521331,16.795312881469727,24158400
2014-10-23,16.913155367394758,17.074648255671846,16.878237086148204,16.982990264892578,64432000
2014-10-24,17.057192666904708,17.144485049686768,16.961169047849875,17.131391525268555,13806400
2014-10-27,17.079016486470532,17.192497587894234,17.061557343175952,17.14885139465332,11887000
2014-10-28,17.196864636371018,17.393274187284817,17.196864636371018,17.384546279907227,15490800
2014-10-29,17.362724605758487,17.42382995824797,17.257973048632515,17.367090225219727,26352200
2014-10-30,17.353993205931705,17.454382463025947,17.279794332857307,17.423828125,18376400
2014-10-31,17.63769944657931,17.698804795914814,17.602782817671553,17.694440841674805,19925800
2014-11-03,17.71626283824592,17.799191283602614,17.69007411945106,17.768638610839844,19059600
2014-11-04,17.742447687399185,17.8122825906253,17.655153642117686,17.764270782470703,12866400
2014-11-05,17.873389808248785,17.88211938019734,17.733719987063086,17.812284469604492,14556200
2014-11-06,17.803558349609375,17.81665187757313,17.694441176588963,17.803558349609375,17179200
2014-11-07,17.821014464388732,17.842837562280113,17.73808436140758,17.82537841796875,14951400
2014-11-10,17.81664691005605,17.890847432819722,17.786094243328495,17.873388290405273,9641800
2014-11-11,17.886485993920445,17.89085161304182,17.80792149969419,17.882122039794922,6108600
2014-11-12,17.825378828926357,17.951955130608443,17.81664925656942,17.938859939575195,9033200
2014-11-13,17.98251343563509,18.095994581839804,17.951960755310893,18.034889221191406,10792200
2014-11-14,18.039250186701164,18.161460876464844,18.039250186701164,18.161460876464844,8686600
2014-11-17,18.109081752894067,18.1527279440188,18.03924684809723,18.12653923034668,8265400
2014-11-18,18.1134479985426,18.226929108826933,18.109084044875985,18.187646865844727,9659800
2014-11-19,18.192013930240453,18.192013930240453,17.986873126697812,18.06980323791504,14334000
2014-11-20,18.008695849264473,18.161460876464844,17.973779222901612,18.161460876464844,9794800
2014-11-21,18.30549359479135,18.31422316712025,18.1134479985426,18.187646865844727,12925600
2014-11-24,18.222568886294155,18.28803985966847,18.170193106592315,18.283674240112305,6226400
2014-11-25,18.309867141719653,18.36660855392898,18.279314457836875,18.29240798950196,9489200
2014-11-26,18.29676498344638,18.466989155306926,18.29676498344638,18.45825958251953,20482000
2014-11-28,18.493173869948333,18.58483354012642,18.458257248210224,18.545551300048828,10865000
2014-12-01,18.50190091350545,18.52372400723428,18.257479599750106,18.336042404174805,23329400
2014-12-02,18.327314801740567,18.37096098991995,18.26620780729593,18.340408325195312,11261200
2014-12-03,18.379689114818337,18.436430486984573,18.301124650279004,18.40587615966797,8543400
2014-12-04,18.392782637243155,18.4626175318342,18.33604126507692,18.40587615966797,7533600
2014-12-05,18.41897437684548,18.453890997386864,18.340409899382983,18.3840560913086,14359000
2014-12-08,18.349137975118506,18.379690639975163,18.11780851478119,18.196372985839844,13379800
2014-12-09,17.956319325054668,18.2182015042872,17.895213982732454,18.192012786865234,16443400
2014-12-10,18.196377636809995,18.196377636809995,17.88212133724723,17.917037963867188,16541200
2014-12-11,17.94758793545603,18.20074051658384,17.94758793545603,17.9955997467041,18076400
2014-12-12,17.85592731572424,17.99123315805876,17.707527950420197,17.729351043701172,17966000
2014-12-15,17.8472031597791,17.92140369743923,17.541674766170377,17.6202392578125,20502200
2014-12-16,17.493663437079643,17.812285336223614,17.384546279907227,17.384546279907227,31303000
2014-12-17,17.436923085101,17.76863853001468,17.406370412477205,17.711898803710938,30566000
2014-12-18,18.026151540566456,18.22692668241646,17.97377577856112,18.21819877624512,21318600
2014-12-19,18.295416971803547,18.334903549477303,18.21644381645604,18.238380432128903,23388800
2014-12-22,18.308580879568343,18.457752227783203,18.27786927908205,18.457752227783203,12214000
2014-12-23,18.53672164982671,18.56743324411143,18.49723507522402,18.506010055541992,13398800
2014-12-24,18.54988755819281,18.54988755819281,18.484077701127067,18.48846435546875,5311200
2014-12-26,18.5235591776171,18.602532323247367,18.51478419769637,18.567432403564453,4557000
2014-12-29,18.49724027002982,18.54988849306713,18.45775368433763,18.475303649902344,9276600
2014-12-30,18.440200876515632,18.466525820805145,18.32612946524092,18.343679428100582,11006800
2014-12-31,18.40509961880435,18.42703623196829,18.124306953530795,18.141855239868164,11910600
2015-01-02,18.255931362632733,18.299804596306,18.014625230116604,18.10676002502441,16990400
2015-01-05,18.040953093068065,18.040953093068065,17.777710276708515,17.830358505249023,14389400
2015-01-06,17.8830049636891,17.8830049636891,17.532014018732575,17.615375518798828,17491200
2015-01-07,17.751385942535737,17.80842250173677,17.637314497790733,17.764549255371094,13069200
2015-01-08,17.909325324767664,18.194506335928644,17.883000383017656,18.15501976013184,28423400
2015-01-09,18.20767290519945,18.251546146351647,17.966366731548668,18.09798812866211,18339800
2015-01-12,18.08921161413088,18.13308652522516,17.82596884219212,17.887392044067383,11257400
2015-01-13,18.036564333862685,18.260320534298728,17.746996600185966,17.874231338500977,23358400
2015-01-14,17.72944981149849,17.852296243658095,17.61099003463439,17.77332305908203,17661400
2015-01-15,17.847908778431187,17.891782024023776,17.532016054462023,17.54517936706543,18655400
2015-01-16,17.488143050634108,17.733835907200447,17.47936806666287,17.71628761291504,37643000
2015-01-20,17.821580715850818,17.904942211044563,17.64169776247127,17.865455627441406,24031600
2015-01-21,17.786479192092152,17.97074876594412,17.69873105869084,17.896163940429688,27838200
2015-01-22,17.944433543762802,18.20328973285669,17.795262152189082,18.190126419067383,17624400
2015-01-23,18.185731887817383,18.2690916953152,18.124308695591992,18.185731887817383,12957600
2015-01-26,18.163798729289883,18.212058622610964,18.05411395839721,18.11114883422852,19467000
2015-01-27,17.81280649383267,17.81280649383267,17.510077122391642,17.58905029296875,21584000
2015-01-28,17.90493465982223,17.961969510351015,17.558330535888672,17.558330535888672,26094400
2015-01-29,17.56710750156534,17.760152032014897,17.400386236289314,17.725053787231445,33635200
2015-01-30,17.676795665066635,17.76454380453058,17.47058778837485,17.505687713623047,26012600
2015-02-02,17.5671119264445,17.707508288254402,17.281930875086275,17.685571670532227,31247200
2015-02-03,17.738220693660292,17.904942008505092,17.689959128284947,17.887392044067383,19767400
2015-02-04,17.856679314263815,18.054112217564903,17.856679314263815,17.922489166259766,11778800
2015-02-05,17.99707002016197,18.097979767115643,17.940033494090386,18.089204788208008,10183600
2015-02-06,18.11553464216018,18.19889445392553,17.97952494265788,18.03217315673828,9580600
2015-02-09,17.983913221920186,18.09359797725997,17.966363259388253,18.005849838256836,14331400
2015-02-10,18.128698577206936,18.295419895545685,18.062887046014684,18.273483276367188,22491400
2015-02-11,18.299804520951405,18.37439102627673,18.247156306028963,18.343679428100582,12500000
2015-02-12,18.484074785279507,18.606921171348727,18.457749842411893,18.593759536743164,13538400
2015-02-13,18.6376308373617,18.725378964174887,18.60253259083021,18.712217330932617,8631600
2015-02-17,18.72976993140892,18.75170822340751,18.672735058451337,18.72099494934082,10680600
2015-02-18,18.720990689271463,18.75609060955666,18.668342482499988,18.738540649414062,7499600
2015-02-19,18.725386258505527,18.82190940296552,18.690286324644816,18.80435943603516,6250800
2015-02-20,18.80435957577001,18.92720599788144,18.70783643059277,18.900882720947266,13867000
2015-02-23,18.92281459314419,18.9272012469798,18.817516490867348,18.914039611816406,8094000
2015-02-24,18.90087498478092,18.99739641679477,18.804351879110776,18.97107315063477,9311000
2015-02-25,18.918429030233018,18.94036564992983,18.813132586225592,18.85261917114257,11734800
2015-02-26,18.909648291063395,18.99739641679477,18.857000085087087,18.97107315063477,15118800
2015-02-27,18.96669092111508,19.006177506705253,18.88771774993473,18.9052677154541,12112000
2015-03-02,18.97108161589576,19.067603090979347,18.909656728915422,19.054441452026367,13689000
2015-03-03,19.03689082331382,19.03689082331382,18.843846206192545,18.92720603942871,17224200
2015-03-04,18.87894244531603,18.88771742792612,18.7517093816118,18.85261917114257,11765400
2015-03-05,18.89648663776426,18.89648663776426,18.76486528613617,18.83067512512207,15408600
2015-03-06,18.821915853596177,18.84823913935624,18.567446266865336,18.59815788269043,16153400
2015-03-09,18.6332458012567,18.76486716607111,18.606920858831234,18.68589401245117,12498600
2015-03-10,18.58059982622846,18.584988154384348,18.30419540405273,18.30419540405273,17595800
2015-03-11,18.34806484922112,18.34806484922112,18.17256857972876,18.185731887817383,23040400
2015-03-12,18.13308742642296,18.317357041206776,18.11553746111303,18.30419540405273,24669800
2015-03-13,18.27787197290531,18.321745216164206,18.10237565255581,18.20328712463379,30375400
2015-03-16,18.29979896414502,18.43142029831208,18.242764112654804,18.418258666992188,17278800
2015-03-17,18.37439544030989,18.47530524050944,18.34368383475598,18.422657012939453,19067400
2015-03-18,18.40071578882311,18.73854506980811,18.326130951107093,18.6727352142334,31710800
2015-03-19,18.64640588811665,18.71221740189018,18.6069193145838,18.620080947875977,17984800
2015-03-20,18.73154173209153,18.83286454435352,18.7007044275121,18.740352630615234,38592200
2015-03-23,18.74475723962356,18.83286454435352,18.73594634109985,18.740352630615234,7506200
2015-03-24,18.753566716237263,18.806430422864253,18.67867660522461,18.67867660522461,14234800
2015-03-25,18.65664889158184,18.691892483705768,18.19849395751953,18.19849395751953,16348600
2015-03-26,18.097173554940888,18.30422380439901,18.03549726053097,18.21171188354492,18004800
2015-03-27,18.216111283494083,18.273381271671767,18.12800567769052,18.22492218017578,15818600
2015-03-30,18.361491326698843,18.458409524305047,18.32624773465769,18.445192337036133,13210800
2015-03-31,18.387927731233304,18.423169649878968,18.255765914916992,18.255765914916992,15927200
2015-04-01,18.273388605494,18.291010405929715,18.10158025251428,18.22933578491211,20855600
2015-04-02,18.26016576690257,18.299813961716865,18.18968027395569,18.22492218017578,10938600
2015-04-06,18.09717365845612,18.436384036861387,18.07955185995249,18.401142120361328,14689400
2015-04-07,18.401138448100884,18.51127214600871,18.35708396063363,18.36149024963379,9368600
2015-04-08,18.36149030605265,18.47602861280571,18.32624671597056,18.418760299682617,14407000
2015-04-09,18.4187590793073,18.49805547123118,18.321840893509943,18.46721649169922,14580200
2015-04-10,18.48484478959784,18.55533030938582,18.42757646011891,18.537710189819336,8632600
2015-04-13,18.5729515248522,18.65224794218113,18.48043959813753,18.484844207763672,7774400
2015-04-14,18.49364763641001,18.515674036657032,18.33946115417424,18.427568435668945,11702600
2015-04-15,18.476024764381133,18.63021291811369,18.4584046535171,18.590564727783203,25166200
2015-04-16,18.5156775512241,18.581758445014977,18.47162474236814,18.52448844909668,18228600
2015-04-17,18.37030667182868,18.409954882219605,18.21171383026496,18.268983840942383,20318800
2015-04-20,18.35267831147733,18.60378299402809,18.34386741448349,18.581756591796875,9691600
2015-04-21,18.691893062149244,18.69629767104756,18.55092205030494,18.572948455810547,10002800
2015-04-22,18.603785883122526,18.78000048935123,18.54211127509459,18.76237869262696,12190200
2015-04-23,18.71833158850484,18.912166370050624,18.674277083262023,18.8372745513916,11799600
2015-04-24,18.987046029579044,19.02228961432297,18.89453414038616,19.000263214111328,12457600
2015-04-27,19.07075289976541,19.132427506132665,19.013482902207105,19.053131103515625,18501400
2015-04-28,19.070756218471303,19.18529455301297,18.920974285296968,19.114809036254883,18299600
2015-04-29,19.022300720214844,19.13683907649093,18.90335607301991,19.022300720214844,17142200
2015-04-30,18.925376656820788,18.9826466575727,18.683082826649432,18.75797462463379,17305200
2015-05-01,18.872512690682388,18.99586190862903,18.819648980206264,18.98705101013184,21096800
2015-05-04,19.031113339921905,19.101598876419448,18.995869731419265,19.00468063354492,15397600
2015-05-05,18.956213045218337,18.98705034863064,18.69629743038108,18.70951461791992,16209800
2015-05-06,18.779996850610733,18.81523875672392,18.440784891674465,18.55091857910156,19747800
2015-05-07,18.581759230632446,18.75356754514428,18.542111028783022,18.68748664855957,11280600
2015-05-08,18.876914695061405,18.96942827626352,18.84607739482964,18.95621109008789,19638400
2015-05-11,18.94299014870725,18.96501654533704,18.841667379805155,18.859289169311523,12093000
2015-05-12,18.75797462463379,18.84167564072729,18.59497552099428,18.75797462463379,15301000
2015-05-13,18.8372745513916,18.94740829373734,18.79762633692684,18.8372745513916,18613000
2015-05-14,18.987049071712104,19.150048156508813,18.96942895702363,19.141237258911133,13952400
2015-05-15,19.18088978001116,19.19851157917735,19.03551245765091,19.079566955566406,16936400
2015-05-18,19.05313825244618,19.207324826216684,19.02670554815369,19.172082901000977,6786600
2015-05-19,19.194102678813003,19.21612908452162,19.101590766532595,19.12361717224121,9130800
2015-05-20,19.1368350982666,19.23815792173804,19.06634958278616,19.1368350982666,22021800
2015-05-21,19.11040346623778,19.242563593453745,19.088377058452988,19.220537185668945,7426200
2015-05-22,19.158861836579103,19.255778363215136,19.158861836579103,19.207319259643555,7937000
2015-05-26,19.150050290397303,19.163265798012983,18.872512866918587,18.92978286743164,15848800
2015-05-27,19.00027436197957,19.29983828603709,18.98705716969248,19.28662109375,25174200
2015-05-28,19.22493709857259,19.28220708922835,19.18969519082758,19.24696350097656,9329600
2015-05-29,19.246971954176107,19.25578285510877,19.05754178539268,19.106000900268555,15476800
2015-06-01,19.216121827998737,19.22493272305636,19.03990896836548,19.15885353088379,13872600
2015-06-02,19.088373895009813,19.207316813437185,18.99586030883409,19.11921119689941,11275600
2015-06-03,19.150042635826164,19.26458091056246,19.123609950653297,19.15885353088379,11314600
2015-06-04,19.053132451618016,19.163266165211184,18.93859412890425,18.982646942138672,16694600
2015-06-05,18.960617206552094,19.00026540370477,18.837266326239977,18.92096900939941,15455000
2015-06-08,18.91656484361581,18.92097113296441,18.674271025159005,18.70951461791992,16759000
2015-06-09,18.678681591810616,18.7359499224007,18.54211515934969,18.66546440124512,15413400
2015-06-10,18.70951268823378,18.99585928760113,18.70951268823378,18.95621109008789,17929600
2015-06-11,19.02229686224549,19.07075596947909,18.938595837346607,18.96502685546875,11289400
2015-06-12,18.87251256980841,18.903349874097568,18.780000656940945,18.79762077331543,12317600
2015-06-15,18.67427358851537,18.709517186114056,18.542113458534743,18.68308448791504,18358200
2015-06-16,18.674270707062163,18.82845890200424,18.643433404175145,18.80643081665039,18346600
2015-06-17,18.81964524126344,18.89013073473044,18.70510526406286,18.81523895263672,22047800
2015-06-18,18.80643232818676,19.01348424750419,18.80202771906616,18.982646942138672,17926400
2015-06-19,18.94414480810024,18.988395812855423,18.82466506958008,18.82466506958008,26869600
2015-06-22,18.983977430032503,19.037078990253992,18.935300296467737,18.979551315307617,10876000
2015-06-23,19.019366626095856,19.02379273819538,18.948564025107927,18.992815017700195,7986600
2015-06-24,18.948572683344263,19.05920190344229,18.904321670532227,18.904321670532227,9693600
2015-06-25,19.006091047482773,19.019366007215066,18.855635314270785,18.86005973815918,9827600
2015-06-26,18.84679316938353,18.868918674810416,18.64766024440585,18.700761795043945,20348600
2015-06-29,18.50162886315553,18.61225806822281,18.298069842900293,18.3024959564209,26214800
2015-06-30,18.43967996131336,18.4485305026248,18.27152474060045,18.320201873779297,22765800
2015-07-01,18.48392600377808,18.52375258128663,18.36444627125243,18.44409942626953,16299000
2015-07-02,18.497197733542624,18.53259987983625,18.39984520736964,18.47064781188965,10321400
2015-07-06,18.342326147633425,18.47950530855109,18.29364901773308,18.395427703857425,15018000
2015-07-07,18.43082472037296,18.448524108793485,18.076809942881287,18.421974182128903,39319800
2015-07-08,18.271519011403303,18.31134559078273,18.1122126938856,18.121063232421875,32320000
2015-07-09,18.329048783970407,18.377725911989018,18.050264358520508,18.050264358520508,17987600
2015-07-10,18.280372277427123,18.399852033392147,18.23611957814311,18.33789825439453,13496600
2015-07-13,18.452953196224584,18.62995892543291,18.44852708235537,18.616683959960938,14143000
2015-07-14,18.621113934069005,18.73616759750216,18.61226339256366,18.68749046325684,12252800
2015-07-15,18.67863504456225,18.74943767004953,18.638808462221423,18.69191169738769,13077000
2015-07-16,18.83794192399945,18.93972059560516,18.802541454255984,18.930870056152344,10413200
2015-07-17,19.094604202241584,19.22293281555176,19.068052581521577,19.22293281555176,15550000
2015-07-20,19.289312278101008,19.38666653900605,19.22293406601701,19.3247127532959,18619000
2015-07-21,19.22735665838122,19.29815928386939,19.1786795368454,19.19638061523437,11950400
2015-07-22,18.82023946353294,18.979545785853656,18.806964499362103,18.88661766052246,17182600
2015-07-23,18.93971843527388,19.01494716800807,18.80253930957184,18.846790313720703,12645200
2015-07-24,18.939715217093585,18.96626682791189,18.73173350725244,18.74500846862793,19492200
2015-07-27,18.5945519642758,18.714031676021904,18.550299281369508,18.57685089111328,17307200
2015-07-28,18.65650478730088,18.78040892831836,18.52817453378003,18.74500846862793,15775000
2015-07-29,18.74501139748417,18.90874213627793,18.678633204100645,18.868915557861328,16752600
2015-07-30,18.78926633631224,18.93529771711424,18.700762622620232,18.904321670532227,13616400
2015-07-31,18.926446676938724,18.957422722702407,18.806966919821125,18.842369079589844,21824000
2015-08-03,18.833513218904724,18.864489255917228,18.62552980919157,18.740583419799805,18396600
2015-08-04,18.722885096129826,18.740584483950983,18.56357878926679,18.629955291748047,14765400
2015-08-05,18.749437836253627,18.944146324120453,18.70961125355976,18.811389923095703,20785600
2015-08-06,18.811394174847933,18.88662293163635,18.55915965679927,18.625537872314453,13019800
2015-08-07,18.58127942622626,18.6653570026101,18.510476812411586,18.638805389404297,15825000
2015-08-10,18.722888287248423,18.952997248818285,18.722888287248423,18.930870056152344,11144000
2015-08-11,18.877775983854555,18.90432761272851,18.5945653614729,18.647666931152344,54689000
2015-08-12,18.51048250432257,18.76714142529721,18.337899497517363,18.73174095153809,20071400
2015-08-13,18.7450128420536,18.802540501548133,18.643234175604924,18.678634643554688,13287800
2015-08-14,18.6299592227886,18.78926556326629,18.616684257104748,18.77156448364257,11906000
2015-08-17,18.700758269338472,18.882190080541665,18.63880619059605,18.87776565551757,11183400
2015-08-18,18.833513993436085,18.860063918785865,18.75828526612092,18.78041076660156,9383800
2015-08-19,18.722885684700856,18.815813803936404,18.55030272146226,18.65650749206543,18455200
2015-08-20,18.45738068144114,18.5370338636116,18.200721740722656,18.200721740722656,27453800
2015-08-21,18.00600505918456,18.14318585260361,17.505962371826172,17.505962371826172,47332800
2015-08-24,16.377545234892942,17.52808987220985,13.859625372108558,16.815637588500977,72207800
2015-08-25,17.46613917922924,17.497115221146924,16.665183138622012,16.682884216308594,37210800
2015-08-26,17.014774875028554,17.550219910471487,16.86874349005249,17.52366828918457,68776800
2015-08-27,17.762629227441362,17.935210559344426,17.536946336814616,17.9307861328125,40211000
2015-08-28,17.851130970273676,17.997160662580185,17.81130438363228,17.966184616088867,27672200
2015-08-31,17.820164621427146,17.997170456550663,17.758212494730472,17.80246353149414,22100600
2015-09-01,17.42631595303221,17.57677176619553,17.147529834039112,17.23160743713379,42578000
2015-09-02,17.48826523563633,17.66527095389962,17.32010836842863,17.647571563720703,25370200
2015-09-03,17.7449204677829,17.886525688492203,17.60774135975867,17.660842895507812,22062200
2015-09-04,17.426311347778633,17.51481504179194,17.306831614070802,17.39090919494629,27561000
2015-09-08,17.722792255793305,17.89094906267169,17.678541264120263,17.877674102783203,18909200
2015-09-09,17.992731344773564,18.08123503414454,17.603316124381745,17.643142700195312,19304600
2015-09-10,17.61659872475782,17.921934783739253,17.607748184024846,17.82015609741211,28048800
2015-09-11,17.696250245641814,17.904232025146484,17.691824131655913,17.904232025146484,13719400
2015-09-14,17.979461296966317,17.997160689224753,17.815728836049317,17.859981536865234,14890800
2015-09-15,17.917504713515388,18.13876309794075,17.868827598851006,18.090085983276367,17612000
2015-09-16,18.067968764213163,18.183022434101485,18.04584156517424,18.165321350097656,15436200
2015-09-17,18.090085652592933,18.32019457075706,17.979456462402535,18.04140853881836,33565200
2015-09-18,17.82937896560617,17.99384795271809,17.767147548627552,17.807153701782227,36230200
2015-09-21,17.838270541597307,18.03830132005689,17.82048965113889,17.98495864868164,13921200
2015-09-22,17.69603190832014,17.767153794968216,17.571567334926353,17.682695388793945,24576400
2015-09-23,17.744921528577436,17.793818128986167,17.62934913316692,17.727142333984375,11356400
2015-09-24,17.52711155762095,17.776038934393103,17.43376442721103,17.727142333984375,22056400
2015-09-25,17.89161247420336,17.91383774062555,17.616015440074115,17.696027755737305,21657800
2015-09-28,17.6204571275465,17.647128460592594,17.282628720690365,17.291519165039062,25166600
2015-09-29,17.335972300156104,17.451544702724995,17.091490978648704,17.215953826904297,26206800
2015-09-30,17.424872358456877,17.584896964636812,17.375975762604245,17.558225631713867,24933600
2015-10-01,17.55823105868176,17.62046249239117,17.331530593643283,17.567121505737305,27036000
2015-10-02,17.362648792581606,17.816051483154297,17.300415654296245,17.816051483154297,29834000
2015-10-05,17.927180018832058,18.21166759010054,17.89161822458366,18.16721534729004,17137800
2015-10-06,18.104977364195832,18.22944020775456,18.100532989359763,18.189434051513672,19715800
2015-10-07,18.287222450961792,18.34945385639404,18.056076019585834,18.273887634277344,30437800
2015-10-08,18.20277596787516,18.39391636043692,18.11387318366604,18.358354568481445,30749600
2015-10-09,18.41169649830315,18.45170266845049,18.336130230069102,18.43836784362793,22753000
2015-10-12,18.47836362003606,18.491698437358032,18.380570437865067,18.460582733154297,12687400
2015-10-13,18.362798363731407,18.53171176753965,18.358352292448405,18.420583724975582,17903600
2015-10-14,18.367238412783298,18.49614731875513,18.336122703849263,18.385019302368164,25512200
2015-10-15,18.460588457941057,18.629503544342416,18.45169801174317,18.62061309814453,16843800
2015-10-16,18.669510435382648,18.669510435382648,18.54504757509747,18.65617561340332,14972600
2015-10-19,18.616170690869787,18.727298736572266,18.56282800804342,18.727298736572266,14184200
2015-10-20,18.651726796612493,18.73173910806862,18.60283019564719,18.67839813232422,11857800
2015-10-21,18.718403675537097,18.76730027490237,18.51392852880865,18.53615379333496,18834400
2015-10-22,18.66950729211957,18.994000905858265,18.66950729211957,18.95399475097656,28472000
2015-10-23,19.425178423609545,19.558531709767607,19.362947003114385,19.48296546936035,33383400
2015-10-26,19.46518909773991,19.46518909773991,19.33628015640084,19.40740203857422,16576200
2015-10-27,19.362945950428323,19.416286922855807,19.274043199263225,19.29626846313477,15358000
2015-10-28,19.385176168154302,19.58520698547364,19.327389110777744,19.58520698547364,29559200
2015-10-29,19.469627029868136,19.55852977708155,19.411839989827584,19.531858444213867,15218000
2015-10-30,19.56297703532228,19.567423105961755,19.398508030923026,19.4029541015625,18679000
2015-11-02,19.43850987142486,19.58519964772704,19.38961327932413,19.57630920410156,27486600
2015-11-03,19.514087393483184,19.749678330571005,19.478525601488265,19.678556442260746,13758000
2015-11-04,19.723002320732245,19.75411803352701,19.651880449247184,19.700777053833008,14597200
2015-11-05,19.718559969682584,19.816353188892453,19.6029858568565,19.64299201965332,13457600
2015-11-06,19.620762545114864,19.71855574336452,19.549640681573024,19.70966529846192,13737800
2015-11-09,19.65187744662132,19.65187744662132,19.42517704580016,19.518524169921875,20292400
2015-11-10,19.40739499323293,19.411839367395604,19.30960180486598,19.38961410522461,34546600
2015-11-11,19.43406853067413,19.531860034459903,19.349610150889458,19.380725860595703,16402200
2015-11-12,19.28738495855811,19.380732117814706,19.20737262328688,19.21181869506836,16068000
2015-11-13,19.14513360833745,19.171804941434264,18.829530463913475,18.83397483825684,30089800
2015-11-16,18.80286406221072,19.127357736104685,18.79397361551344,19.122913360595703,18158400
2015-11-17,19.16291735833376,19.274045385978305,19.08734941778232,19.127355575561523,18788800
2015-11-18,19.216253819286216,19.434065448363256,19.194028558118045,19.416284561157227,20333600
2015-11-19,19.43406803302554,19.598537022358283,19.42962196279335,19.505189895629883,18735000
2015-11-20,19.58520281485612,19.65632467968229,19.56297585435874,19.64743423461914,14576400
2015-11-23,19.66076734288937,19.669657787178604,19.460736585578907,19.531858444213867,14454200
2015-11-24,19.385175990409497,19.59854162836729,19.34072375603536,19.53631019592285,22606800
2015-11-25,19.54075685526333,19.545202927060043,19.469634967632004,19.47408103942871,13153200
2015-11-27,19.496298906418453,19.55408594807048,19.46518319837788,19.518524169921875,7601400
2015-11-30,19.54519848167416,19.602983836452143,19.47407661021888,19.540752410888672,34051200
2015-12-01,19.62075849737763,19.71855167545268,19.580752351408623,19.7141056060791,15558000
2015-12-02,19.73633901552069,19.81190526279586,19.56742393333965,19.589649200439453,19394200
2015-12-03,19.642987819447217,19.700774863503817,19.242927972702027,19.336275100708008,23708600
2015-12-04,19.394065995062025,19.84746860126363,19.3540598328772,19.811906814575195,25680400
2015-12-07,19.78967352432217,19.807454410459204,19.62075849737763,19.7141056060791,25629800
2015-12-08,19.54519418160977,19.718553599161904,19.48740714386612,19.665212631225582,22756600
2015-12-09,19.580756889207912,19.72744669031553,19.28293460794678,19.37628173828125,32507800
2015-12-10,19.42961883544922,19.576308607279262,19.37183349716346,19.42961883544922,18146800
2015-12-11,19.216256289636963,19.265152887900097,19.01178114751746,19.025115966796875,33920600
2015-12-14,19.020670269289763,19.17624880232495,18.82508388984116,19.171804428100582,42068400
2015-12-15,19.31849898164629,19.38962086278776,19.2295962062996,19.256267547607425,34043800
2015-12-16,19.37628044868528,19.55408594807048,19.180695755904694,19.518524169921875,36347600
2015-12-17,19.59854385175963,19.59854385175963,19.20737262328688,19.21181869506836,24217200
2015-12-18,19.156415844806062,19.19662294149738,18.80795377208261,18.83922576904297,45627800
2015-12-21,18.99558759895237,19.0447297957392,18.870499610183018,19.031326293945312,22326600
2015-12-22,19.102802676607222,19.201087056230044,19.01345509970917,19.16981506347656,18965200
2015-12-23,19.272567315661554,19.348514805691742,19.210023326340163,19.330644607543945,16090600
2015-12-24,19.34404748338096,19.37085278209829,19.29937368971473,19.32171058654785,4865600
2015-12-28,19.25022845440441,19.321707535500867,19.14300898066188,19.308305740356445,14354400
2015-12-29,19.424467064463222,19.6210341970046,19.38425995733016,19.5718936920166,13618400
2015-12-30,19.56295502385568,19.56295502385568,19.406593322753903,19.406593322753903,14393000
2015-12-31,19.33958116105904,19.352982958579823,19.134078979492188,19.134078979492188,17669000
2016-01-04,18.790081807811205,18.888364478314905,18.58904636146956,18.88389778137207,43277200
2016-01-05,18.94198208575315,18.986655888518182,18.74988166631008,18.834762573242188,32134400
2016-01-06,18.55777372510758,18.72753547016467,18.490761343924863,18.602447509765625,27716800
2016-01-07,18.222717187605124,18.45949133931215,18.044018621360983,18.052953720092773,33681400
2016-01-08,18.20931805788616,18.27186376402048,17.8876629473194,17.90999984741211,38466200
2016-01-11,18.035084849144845,18.10656394006076,17.802777377619126,18.02614974975586,38270200
2016-01-12,18.21825625580517,18.28080026837552,18.00828731420418,18.2405948638916,31683200
2016-01-13,18.37461369106364,18.37461369106364,17.717898304378394,17.749170303344727,43924600
2016-01-14,17.82511742903833,18.222720011132623,17.610678434640686,18.084228515625,39591200
2016-01-15,17.494521733738452,17.744699369952375,17.360498669557888,17.574935913085938,40355600
2016-01-19,17.780445519570115,17.81171752419492,17.43645176450083,17.59281349182129,39317600
2016-01-20,17.293486821862555,17.628545344806295,16.989700291391237,17.454315185546875,59263600
2016-01-21,17.552610397338867,17.80725489560096,17.333704610732717,17.552610397338867,44271400
2016-01-22,17.887657520823986,18.04401747823501,17.860852226326784,18.03955078125,22496400
2016-01-25,17.94127223612628,18.09763224435073,17.798314027407844,17.829586029052734,20961200
2016-01-26,17.901063600062855,18.044021796535937,17.789377402556,18.003814697265625,22947400
2016-01-27,17.85639090242242,17.963608704282162,17.55260429015942,17.633018493652344,36044800
2016-01-28,17.892123277680838,17.927863668465818,17.646414055718818,17.860851287841797,35133600
2016-01-29,18.00828472454795,18.437159352668,17.97254432010647,18.423757553100582,32226600
2016-02-01,18.34781022187165,18.575651041882303,18.334408422175606,18.490768432617188,29594600
2016-02-02,18.437156599765828,18.44162329755593,18.102098027038743,18.160175323486328,27902400
2016-02-03,18.27632410068384,18.285259198450014,17.856384730847395,18.13783264160156,43012400
2016-02-04,18.1020975127014,18.27632769289769,17.96360602639861,18.15570640563965,36405800
2016-02-05,18.084221404105133,18.1154933901164,17.57493282712685,17.646411895751953,47554800
2016-02-08,17.351566128278375,17.44091541896366,17.09245335571065,17.391773223876953,49642800
2016-02-09,17.181803016443435,17.557068682047014,17.154999421597758,17.311359405517578,49510600
2016-02-10,17.458782735386276,17.659816475991278,17.329226370492975,17.33816146850586,33950000
2016-02-11,17.123730380007586,17.414113500857813,17.0879899751173,17.302427291870117,49254600
2016-02-12,17.44091574983086,17.557068636988053,17.34263135779292,17.54366683959961,21786800
2016-02-16,17.740229713529107,17.860850974015573,17.641947048988563,17.85638427734375,20586600
2016-02-17,17.959139715602948,18.25845788716825,17.936802818413838,18.222719192504883,22257400
2016-02-18,18.28526247727534,18.307599373598304,18.11549899766809,18.1512393951416,23156800
2016-02-19,18.084224341000105,18.21824740341321,18.03955055492764,18.16463851928711,17158600
2016-02-22,18.32993249746266,18.432683562758,18.30312890906989,18.405879974365234,13181400
2016-02-23,18.3299387045438,18.347808905654105,18.079762705784148,18.1155014038086,16379000
2016-02-24,17.918937238581147,18.289734599262744,17.825121223683013,18.253995895385746,20288800
2016-02-25,18.31653361945254,18.49076378852721,18.173575444611995,18.481828689575195,18806800
2016-02-26,18.584586812789112,18.60245701746404,18.392486373025,18.432693481445312,19545200
2016-02-29,18.414813441756337,18.58904356766832,18.30312728881836,18.30312728881836,27203800
2016-03-01,18.45949234706488,18.848159790039062,18.43268704940613,18.848159790039062,24608400
2016-03-02,18.78114835965992,18.901769638061523,18.749876365725704,18.901769638061523,17496200
2016-03-03,18.910704736927848,18.915171434263083,18.75434306306094,18.901769638061523,15767800
2016-03-04,18.906242485615,19.04473400680068,18.83029667683978,18.950916290283203,15771800
2016-03-07,18.843697674634463,18.91964348017429,18.69627105795644,18.834762573242188,31627000
2016-03-08,18.72306983119518,18.874963093488123,18.65159074918649,18.71860313415528,23401000
2016-03-09,18.74540959198139,18.88390108014177,18.74540959198139,18.879432678222656,24321200
2016-03-10,18.959854995413146,19.04473762628981,18.62926468796775,18.861572265625,25856800
2016-03-11,19.049199727364183,19.156419238936845,19.00452592499009,19.15195083618164,17640200
2016-03-14,19.093873392990787,19.21002629048228,19.084938292538187,19.174285888671875,20121800
2016-03-15,19.098339092569628,19.26363418180995,19.089403992584195,19.24576568603516,12642200
2016-03-16,19.156415523222595,19.500409188207847,19.15194712133412,19.46913719177246,29513800
2016-03-17,19.43339749449228,19.60316098426274,19.41106059683208,19.540616989135746,18734200
2016-03-18,19.61694781899018,19.6304190787594,19.48673820183619,19.57204818725586,18828800
2016-03-21,19.52714778709938,19.64837713057372,19.51816751854367,19.6393985748291,16007000
2016-03-22,19.549598219912564,19.72021818942989,19.549598219912564,19.643888473510746,26225800
2016-03-23,19.61694525870937,19.63939678445746,19.491224936012586,19.531635284423828,21350200
2016-03-24,19.446324208591104,19.58551406860352,19.41938340690604,19.58551406860352,13486400
2016-03-28,19.60348207864228,19.630422890600936,19.50021153535131,19.536130905151367,12816000
2016-03-29,19.50020807731016,19.854920997545,19.4777582610648,19.841449737548828,20163000
2016-03-30,19.94472347050308,20.056974282595903,19.913293380142008,19.958194732666016,21976600
2016-03-31,19.93124565155096,20.01655732954448,19.88185504067276,19.91777610778809,29189800
2016-04-01,19.77858945178292,20.079422468715133,19.76062891376672,20.07044219970703,19309800
2016-04-04,20.03901336260745,20.083912997633103,19.953701658122903,19.994112014770508,15292400
2016-04-05,19.863902536856628,19.91329145063027,19.760630292463777,19.801040649414062,21452200
2016-04-06,19.805531492289216,19.994112014770508,19.7336910485614,19.994112014770508,22277000
2016-04-07,19.85042984054411,19.89084019457218,19.630419245244425,19.706748962402344,21261800
2016-04-08,19.81001948651604,19.88635091648514,19.63939951422968,19.706748962402344,17525600
2016-04-11,19.792056023615647,19.908796067446723,19.65286445617676,19.65286445617676,16277200
2016-04-12,19.6887878031111,19.80552958342424,19.55408719820535,19.787569046020508,19184000
2016-04-13,19.90430832864566,20.021048381498577,19.88185680330276,19.9896183013916,15753200
2016-04-14,19.96267858895184,20.04799027916809,19.91777896143561,19.98512840270996,13005400
2016-04-15,19.95818883454801,20.01206872884257,19.86838786884978,19.90879821777344,12921800
2016-04-18,19.85043112731487,19.994112014770508,19.819001040234657,19.994112014770508,14225800
2016-04-19,20.03002876496305,20.05247857762493,19.76960614221462,19.88185691833496,12942000
2016-04-20,19.89981429002816,20.01206504830349,19.841443416137995,19.922264099121094,13755600
2016-04-21,19.89083797708649,19.935739317007048,19.801037010056355,19.85042762756348,22555800
2016-04-22,19.53612597528208,19.634907214725267,19.40142537510296,19.504695892333984,29848800
2016-04-25,19.450814906174266,19.518166058899755,19.40142428921704,19.509185791015625,18715000
2016-04-26,19.53163990864841,19.576539545152954,19.35203793700757,19.414899826049805,14734800
2016-04-27,19.16794589085718,19.34754785503973,19.096105447746417,19.325098037719727,25559200
2016-04-28,19.35651843021349,19.42386784844292,19.019766200635143,19.08262634277344,45339200
2016-04-29,18.97487308473891,19.00630488221676,18.77731230786097,18.91650390625,23792400
2016-05-02,18.95690745411283,19.07813847122337,18.876086776039138,19.0556869506836,25105400
2016-05-03,18.92548033001728,18.965890675351545,18.81771883818896,18.880578994750977,25062400
2016-05-04,18.79527122039684,18.87609192049728,18.76833041609304,18.82221031188965,22491400
2016-05-05,18.87609336053339,18.92099299165408,18.78629238548088,18.83119201660156,27119800
2016-05-06,18.750374168353552,18.97038650512696,18.750374168353552,18.97038650512696,18459800
2016-05-09,18.97936677528213,19.060187493867343,18.95691695629988,18.97038650512696,15082400
2016-05-10,19.028752355183723,19.21733283996582,19.00630254215885,19.21733283996582,27840400
2016-05-11,19.167939498119942,19.275700983251983,19.078140258789062,19.078140258789062,14304200
2016-05-12,19.149977751473347,19.149977751473347,18.90302474262026,19.02425575256348,18673000
2016-05-13,19.01977234113854,19.1365123981118,18.92997137503013,18.95242118835449,21842600
2016-05-16,18.97038147107029,19.26223417882652,18.97038147107029,19.21733283996582,12788400
2016-05-17,19.15895630378579,19.253248231170804,18.965886598480417,19.02425575256348,19880200
2016-05-18,18.974870883375107,19.208352708676884,18.94793179267822,19.060182571411133,21807000
2016-05-19,19.015284082198868,19.0377356115592,18.84466410617659,18.9569149017334,17269600
2016-05-20,19.060188905380222,19.230810625341324,19.04671764274413,19.185909271240234,11746000
2016-05-23,19.17691963153198,19.257740316617458,19.13202001217813,19.149980545043945,16855400
2016-05-24,19.226313347503915,19.5406158722046,19.226313347503915,19.509185791015625,18923000
2016-05-25,19.590008573284805,19.70674864257619,19.563067766766263,19.643888473510746,19629400
2016-05-26,19.64388879231672,19.73817904744516,19.60347843828865,19.706748962402344,13034200
2016-05-27,19.702261109055485,19.827981458318018,19.679811291374502,19.801040649414062,15576000
2016-05-31,19.81899992130346,19.86839054472998,19.724709665386207,19.841449737548828,24742800
2016-06-01,19.774102219525005,19.845942666211283,19.74267213115047,19.79206275939941,13771000
2016-06-02,19.711235379777897,19.77409553527832,19.61245415667108,19.77409553527832,15529000
2016-06-03,19.74716090257233,19.77410171169205,19.621440552302904,19.72920036315918,16609400
2016-06-06,19.74266783171532,19.836958076304985,19.724707295752246,19.765117645263672,17271200
2016-06-07,19.82798100472068,19.89084117791392,19.823491726411696,19.8459415435791,8818800
2016-06-08,19.841449287430567,19.9177807163066,19.81001920283783,19.886350631713867,16317000
2016-06-09,19.80552864364382,19.913288437330728,19.79205909763572,19.890838623046875,25839000
2016-06-10,19.738176345825195,19.805527497590493,19.67082690687084,19.738176345825195,16565200
2016-06-13,19.563061390433603,19.67980313448564,19.51367078432009,19.51816177368164,23566200
2016-06-14,19.47326171566842,19.594492744187463,19.423871106329845,19.56306266784668,16841200
2016-06-15,19.59450022091287,19.63491057917204,19.491229685986404,19.51367950439453,14156200
2016-06-16,19.414894912209608,19.58551485799264,19.30713341393688,19.55408477783203,19192600
2016-06-17,19.51393087812738,19.55904910499252,19.337967383743297,19.42369270324707,22930400
2016-06-20,19.595141953895578,19.67635612628516,19.50039265982432,19.50490379333496,13712000
2016-06-21,19.563563176439903,19.685384461928223,19.54551519611197,19.6402645111084,11487800
2016-06-22,19.64477434126522,19.71696453030876,19.550025040861176,19.57258415222168,12990400
2016-06-23,19.698919719446543,19.85683524550555,19.62672951879812,19.83878898620605,19526800
2016-06-24,19.13944872600877,19.46430556337656,19.035675396549728,19.076282501220703,47246000
2016-06-27,18.93640680580333,18.93640680580333,18.61606124133026,18.69276428222656,36818000
2016-06-28,18.900315749486523,19.062744140625,18.86873264244852,19.062744140625,26489400
2016-06-29,19.1935915645082,19.38760308431392,19.18907870805666,19.356019973754883,21008400
2016-06-30,19.40113376640454,19.577097262390247,19.35601553912873,19.56807327270508,26710600
2016-07-01,19.58160659961703,19.671843037956027,19.554534635425487,19.613189697265625,14949400
2016-07-05,19.509421947077865,19.536492197793947,19.41015977138496,19.46881484985352,17361400
2016-07-06,19.40564928465548,19.608684795565008,19.3379719284526,19.60417366027832,15701600
2016-07-07,19.58612567683071,19.69441185636594,19.531983447638314,19.60417366027832,12332200
2016-07-08,19.69891697207966,19.92451153278656,19.676357860238955,19.91097640991211,25496000
2016-07-11,19.97414186225927,20.073404016014766,19.95609388500376,20.028284072875977,11663600
2016-07-12,20.16364953377497,20.217793489906672,20.100483306105264,20.19072151184082,32085600
2016-07-13,20.24937060941525,20.26290573386613,20.181691544860644,20.195226669311523,21218800
2016-07-14,20.30802090086044,20.37118882145731,20.262902678726803,20.326068878173828,30976600
2016-07-15,20.393748579794707,20.393748579794707,20.249368199004824,20.30802154541016,9729600
2016-07-18,20.339603265840505,20.465935649480627,20.303507315572105,20.44337654113769,8214400
2016-07-19,20.40728601389091,20.447893108158947,20.36667891962288,20.39826202392578,8915800
2016-07-20,20.55618240410122,20.70056282328004,20.529110430073807,20.66446685791016,10769800
2016-07-21,20.66897825607764,20.696048507045035,20.50654986567227,20.55618095397949,10946800
2016-07-22,20.542639480162475,20.677997589111328,20.49752125794609,20.677997589111328,9414600
2016-07-25,20.64190069435491,20.691531769222568,20.587758485931,20.650924682617188,8489600
2016-07-26,20.673493430671662,20.75921877740379,20.5967920764088,20.69605255126953,18115400
2016-07-27,20.921644439045625,20.921644439045625,20.76824002961024,20.86750221252441,21820200
2016-07-28,20.89456978836935,20.944199148229856,20.799818760462955,20.881032943725582,12658600
2016-07-29,20.97127400169878,21.00736996418176,20.894572663147784,20.957738876342773,21179400
2016-08-01,20.957735423509952,21.038949604566216,20.92163946697386,20.99834251403809,15683400
2016-08-02,20.957737548166687,21.002855777260866,20.741166950444427,20.84042739868164,22224400
2016-08-03,20.822376477057016,20.912612915039062,20.81786362246808,20.912612915039062,15961800
2016-08-04,20.917130979523137,21.03443941080801,20.89908299897157,21.025415420532227,16752400
2016-08-05,21.0930905737248,21.237470949050824,21.070531462795707,21.22844696044922,12126200
2016-08-08,21.25100632591183,21.305150258169974,21.17881613738416,21.223936080932617,10439200
2016-08-09,21.22393999681601,21.32320044863676,21.22393999681601,21.269058227539062,29836800
2016-08-10,21.278079194212,21.287103183304293,21.174305901375444,21.201377868652344,7112400
2016-08-11,21.26905790368366,21.336736969887887,21.24649878866564,21.2780818939209,10518600
2016-08-12,21.273564027009,21.273564027009,21.210396115338835,21.255516052246094,6937400
2016-08-15,21.282589938702905,21.399900073606045,21.26905481588712,21.35929298400879,16561400
2016-08-16,21.32319741852356,21.32319741852356,21.201377868652344,21.201377868652344,9078000
2016-08-17,21.210402368552806,21.219426358594696,21.07053482577881,21.19235610961914,10575000
2016-08-18,21.187841024438928,21.223936980808126,21.12467482194276,21.201377868652344,7086400
2016-08-19,21.14272222492629,21.232960392244376,21.093091146843857,21.21491241455078,9576200
2016-08-22,21.156257347621548,21.23747152609283,21.120163113384248,21.21491241455078,9257400
2016-08-23,21.27807940927042,21.34124561240501,21.27356827525364,21.291614532470703,16630600
2016-08-24,21.282589384162826,21.29161337285485,21.12467388492698,21.174304962158203,13648800
2016-08-25,21.13821481671513,21.24650098962944,21.10212057317726,21.21942901611328,11825400
2016-08-26,21.20588784952012,21.381851324376846,21.1156496846539,21.22844696044922,24227200
2016-08-29,21.219427495826647,21.34124878619585,21.219427495826647,21.30966567993164,13964800
2016-08-30,21.26905372588257,21.31417366820603,21.165280440263327,21.23747062683105,11436400
2016-08-31,21.21040013659471,21.23296096990043,21.133698811035064,21.201377868652344,22322400
2016-09-01,21.19686802569208,21.28710620828836,21.10211870848357,21.269058227539062,18479200
2016-09-02,21.3728297604994,21.4224608428639,21.26905646153271,21.363805770874023,13814400
2016-09-06,21.37734426550054,21.47209358215332,21.35027229453539,21.47209358215332,30214800
2016-09-07,21.4720933602238,21.530748436133635,21.41343828431396,21.526235580444336,23170000
2016-09-08,21.449527643742723,21.454038776893487,21.296123299372404,21.350265502929688,16605200
2016-09-09,21.15626462856629,21.23296769958654,20.82689666748047,20.82689666748047,33618400
2016-09-12,20.72311585445596,21.21942318446849,20.6915327546088,21.174304962158203,38020600
2016-09-13,21.09309282904875,21.169794158638734,20.935177314510533,21.020902633666992,34717600
2016-09-14,21.02541953738845,21.25101417500485,21.020908401942343,21.12017059326172,34217400
2016-09-15,21.16528880827327,21.50819189975432,21.120170569261457,21.467586517333984,32572600
2016-09-16,21.47482981371408,21.47482981371408,21.29360693571932,21.388748168945312,31766200
2016-09-19,21.443113914458817,21.547316453940045,21.289075002123685,21.34797096252441,14242600
2016-09-20,21.42046676154369,21.46124183190784,21.30720286922881,21.334386825561523,10002200
2016-09-21,21.415932314110616,21.58809387694616,21.33438219109744,21.574501037597656,24095200
2016-09-22,21.70135513974555,21.733068880636218,21.65151876741186,21.70588493347168,20997000
2016-09-23,21.70135860781648,21.70135860781648,21.479360657835304,21.515605926513672,23973000
2016-09-26,21.424993435852045,21.461236974489324,21.347973107809967,21.388748168945312,19240800
2016-09-27,21.41593115218008,21.63339755899334,21.361564982544103,21.62433624267578,17569000
2016-09-28,21.64245911483813,21.67417285816589,21.52919525201918,21.665111541748047,18096800
2016-09-29,21.63792445512048,21.6922923457445,21.47029444636923,21.533721923828125,22813800
2016-09-30,21.58356043129568,21.71494692091801,21.565437799292056,21.646987915039062,18510600
2016-10-03,21.588094373595723,21.637929024788512,21.533726471489853,21.58356285095215,12462800
2016-10-04,21.65605536355024,21.69230063782134,21.429527584165257,21.506547927856445,17804400
2016-10-05,21.56544021691686,21.633399230414444,21.542787788507496,21.58356285095215,18015200
2016-10-06,21.60168812142993,21.65605430190158,21.50654687353712,21.63340187072754,10011800
2016-10-07,21.65152136634098,21.67870358849906,21.470298486696247,21.574501037597656,12147800
2016-10-10,21.68776710396673,21.773848758246007,21.67417599150985,21.72401237487793,13315600
2016-10-11,21.724014816479983,21.7511970444488,21.384223140711068,21.4793643951416,17454600
2016-10-12,21.49748329217449,21.57450189571172,21.38874921440892,21.515605926513672,11040800
2016-10-13,21.375156561467428,21.4476453653276,21.198465210075096,21.37968635559082,19338400
2016-10-14,21.4657703839804,21.606216484916565,21.443117954307112,21.461238861083984,18896600
2016-10-17,21.461238467524563,21.506545054309907,21.402342497107973,21.41593360900879,10150200
2016-10-18,21.57449697766158,21.628864868285607,21.50653970678525,21.533721923828125,10117800
2016-10-19,21.52013486501202,21.59715346548588,21.47935980350543,21.574501037597656,10070000
2016-10-20,21.52013930726709,21.529200625946743,21.37063014145762,21.474834442138672,12296000
2016-10-21,21.50653970678525,21.547314760618704,21.44764202274379,21.533721923828125,16153800
2016-10-24,21.64699492424427,21.75572902320436,21.62887401464248,21.742137908935547,10786200
2016-10-25,21.77384561049277,21.77384561049277,21.624336482002448,21.665111541748047,8724800
2016-10-26,21.483886051778946,21.660579107989964,21.474826464734548,21.542783737182617,12559400
2016-10-27,21.637929387629327,21.64246091034889,21.488421975004897,21.515605926513672,17642200
2016-10-28,21.57449864607789,21.71494644864748,21.438582365545315,21.49294853210449,20837800
2016-10-31,21.547317840894127,21.579031584157185,21.48388862609864,21.48388862609864,11760000
2016-11-01,21.529193074711515,21.55184549933053,21.15315625861294,21.298133850097656,18130600
2016-11-02,21.29813629279229,21.361565508577147,21.1123836243816,21.162220001220703,16334600
2016-11-03,21.103326675067912,21.14863153516731,20.949287731152463,20.95834732055664,20251400
2016-11-04,20.94022651727338,21.08973393895817,20.867737703793253,20.922103881835938,16308000
2016-11-07,21.230184479181112,21.384223443508315,21.18034808950616,21.37516212463379,26452000
2016-11-08,21.334386751741786,21.569975854333947,21.31173431901116,21.4793643951416,19560000
2016-11-09,21.15316237021494,21.48842422755595,21.03989848612631,21.452178955078125,54258800
2016-11-10,21.574503383142748,21.574503383142748,20.813369971116835,21.10785675048828,79031000
2016-11-11,20.990056882272583,21.216584575481125,20.990056882272583,21.17127799987793,28183200
2016-11-14,21.189408673185312,21.202999786890604,20.7499442285029,20.84961700439453,37942000
2016-11-15,20.99006107882023,21.21658881731852,20.98099976188796,21.14409828186035,34741600
2016-11-16,21.09426996832187,21.352511529529828,21.0670860093584,21.33891868591309,20248400
2016-11-17,21.35703902757306,21.492955351228147,21.316263957649547,21.474834442138672,17048200
2016-11-18,21.52466619659932,21.569972783881084,21.41593384366226,21.45670890808105,17646000
2016-11-21,21.533719854842666,21.692290261523407,21.50200611916031,21.67416763305664,17951000
2016-11-22,21.746667704268525,21.778381456409,21.69230151892342,21.742137908935547,16977600
2016-11-23,21.72853852980352,21.72853852980352,21.579031133013302,21.656049728393555,16233600
2016-11-25,21.66964164045628,21.75119002632058,21.646987486765283,21.746660232543945,6219000
2016-11-28,21.728540498477965,21.86445679740244,21.71494938706637,21.76478576660156,14975600
2016-11-29,21.751191676080914,21.882578173069085,21.70135702768106,21.77837562561035,11856800
2016-11-30,21.810087251906456,21.810087251906456,21.51560227113889,21.520132064819336,23633200
2016-12-01,21.492951573811816,21.54731947633448,21.01724366049042,21.076141357421875,43731200
2016-12-02,21.05802265513725,21.20300029906176,21.008186265987607,21.15316390991211,20105400
2016-12-05,21.270952866024544,21.41139894377276,21.18487122790086,21.357032775878903,18010000
2016-12-06,21.40687245001036,21.45670883170812,21.320792526885786,21.42046356201172,18509600
2016-12-07,21.406874752674128,21.846339189531967,21.39328363921082,21.82821655273437,19945800
2016-12-08,21.83727494581163,21.97772104150437,21.77837724824428,21.8825798034668,19354200
2016-12-09,21.96413071207277,22.04115104675293,21.927887170311795,22.04115104675293,24615000
2016-12-12,21.97319221496582,22.02302859754352,21.90523319721993,21.97319221496582,19170200
2016-12-13,22.06833648247987,22.35829177184151,22.05474536837537,22.24955940246582,27934000
2016-12-14,22.26314447066434,22.34922611200228,22.127228181720003,22.17253303527832,35830000
2016-12-15,22.199716551541595,22.38546921274005,22.16347128678612,22.272205352783203,23140000
2016-12-16,22.334090208313093,22.33863999247616,22.07925889777416,22.11111259460449,21131400
2016-12-19,22.129317941674373,22.343192541732428,22.11111533097685,22.270383834838867,13254000
2016-12-20,22.32954824157876,22.38870587638596,22.297694531120342,22.3523006439209,11413000
2016-12-21,22.34319479471128,22.35229610097776,22.261284774209543,22.306791305541992,9247400
2016-12-22,22.306786581509726,22.32043767007016,22.193022881116,22.261280059814453,22210400
2016-12-23,22.23853201311231,22.28858832881173,22.19757700353065,22.28403854370117,12717400
2016-12-27,22.306792394578427,22.47971375029053,22.2976910878676,22.375049591064453,13681400
2016-12-28,22.402351197568454,22.434204899818223,22.16572245521545,22.174823760986328,15555200
2016-12-29,22.17482317411095,22.238530576924425,22.12476686164421,22.17937469482422,9593000
2016-12-30,22.2294303888292,22.2294303888292,21.938195540815443,22.00645446777344,17003200
2017-01-03,22.14751771992756,22.27948403710599,22.070159232137968,22.202125549316406,27881200
2017-01-04,22.2203298200994,22.311339404091022,22.20667699378341,22.27948570251465,14446200
2017-01-05,22.25673364665328,22.37049736427793,22.22942972950059,22.31589126586914,11005800
2017-01-06,22.31589149975288,22.5115652349898,22.252184094958825,22.479711532592773,17501200
2017-01-09,22.49336130196281,22.54796739773601,22.46150760143707,22.47515869140625,16627000
2017-01-10,22.479711532592773,22.557070028157952,22.402351301131,22.479711532592773,15471600
2017-01-11,22.43875795099764,22.584375381469727,22.41145403182286,22.584375381469727,15173000
2017-01-12,22.49791238040617,22.55707000016864,22.31589147206282,22.529766082763672,13725400
2017-01-13,22.5297654446553,22.638979375285324,22.5297654446553,22.598024368286133,9665800
2017-01-17,22.53886834477605,22.57527356952716,22.461509846024924,22.51156616210937,9651600
2017-01-18,22.57527410110545,22.602576284415004,22.51611647744024,22.57072257995605,12315400
2017-01-19,22.570723563635287,22.65263358892717,22.497914845142148,22.53886985778809,14500000
2017-01-20,22.6389755132434,22.72088551326853,22.602570297278337,22.66172790527344,17510800
2017-01-23,22.638980810214488,22.71178952328384,22.543419699791592,22.70268821716309,23955200
2017-01-24,22.68448546972697,22.88015921041529,22.675385899557103,22.8437557220459,13021800
2017-01-25,22.96662416341983,23.062185287475582,22.948421548581525,23.062185287475582,18395600
2017-01-26,23.05763191808104,23.075834531460664,22.934768617510443,22.998476028442383,14253000
2017-01-27,23.08038958242126,23.13044590892193,23.039434564002256,23.08949089050293,12046000
2017-01-30,23.01212241871407,23.01212241871407,22.79824609494434,22.902910232543945,16893200
2017-01-31,22.83010160182308,22.852855733648788,22.68903570552425,22.78914833068848,19115600
2017-02-01,22.99847569131349,23.03487918164236,22.83465564509176,22.96207046508789,23362200
2017-02-02,22.89380682732036,22.95751421939083,22.798244003318416,22.91655921936035,17197800
2017-02-03,23.00302119378236,23.09858229098724,22.99847140929964,23.066728591918945,13667200
2017-02-06,23.03487677275812,23.08493308563529,22.97572089017287,23.08038330078125,13453000
2017-02-07,23.12588955314464,23.19869826668246,23.10768694078602,23.17139434814453,20106200
2017-02-08,23.17139964082091,23.24875989306689,23.10769221891072,23.21235466003418,12706200
2017-02-09,23.212349443542507,23.344315779783816,23.212349443542507,23.28515815734864,9739200
2017-02-10,23.339763445642383,23.38981975639797,23.280605829667923,23.35341453552246,8355800
2017-02-13,23.39437097984566,23.485382301735275,23.362517277568784,23.45807838439941,13159400
2017-02-14,23.430781821935028,23.535444259643555,23.362522880174385,23.535444259643555,12467600
2017-02-15,23.51723947720077,23.63100321239006,23.494487077342285,23.61280059814453,11895000
2017-02-16,23.64464987186353,23.73111140537023,23.6127961708547,23.66740226745605,14123000
2017-02-17,23.640106852082628,23.74931907653809,23.60370161999947,23.74931907653809,14175400
2017-02-21,23.79937031865624,23.88128033744863,23.762966830246643,23.87217903137207,15237400
2017-02-22,23.84943021875172,23.917689156637056,23.799373895755387,23.899486541748047,13769600
2017-02-23,23.93133701807461,23.94953963050547,23.790269375580447,23.89493179321289,13405400
2017-02-24,23.75386544432364,23.95864049061628,23.740212617306373,23.949539184570312,15544200
2017-02-27,23.944987689112303,23.944987689112303,23.8812802826193,23.93588638305664,15951200
2017-02-28,23.894929372956067,23.917683504138267,23.78571718122607,23.822120666503903,15243000
2017-03-01,23.967741012216504,24.19071867945265,23.91313490966964,24.158864974975582,18190600
2017-03-02,24.13611751638944,24.14066730257584,23.98594853378243,23.999601364135746,14340200
2017-03-03,23.981398119788807,24.05420684814453,23.93134179356356,24.05420684814453,15714000
2017-03-06,23.954086256187,24.05874866001476,23.913131251567744,24.017793655395508,13430400
2017-03-07,23.99959278126196,24.11790627466399,23.98139017123197,24.017793655395508,13960800
2017-03-08,24.045101165771484,24.11790988088168,24.01324746140432,24.045101165771484,11361800
2017-03-09,24.049651710048582,24.076955630037915,23.922236888558555,24.040552139282227,15300400
2017-03-10,24.15431193812924,24.21801933850724,24.067850406847832,24.1679630279541,14709000
2017-03-13,24.167965299997658,24.21802161525661,24.14521290285176,24.190717697143555,14922400
2017-03-14,24.17251379209304,24.17251379209304,24.04509898617405,24.136110305786133,14479800
2017-03-15,24.172515926790595,24.340887490505786,24.09970721185044,24.2999324798584,17867200
2017-03-16,24.39094570039892,24.400047008107578,24.286283265594715,24.313587188720703,21956000
2017-03-17,24.4072321417272,24.44377584648036,24.356983022931622,24.366119384765625,13790800
2017-03-20,24.37067953694756,24.443768667571103,24.32043217549201,24.388952255249023,9083600
2017-03-21,24.452914123019266,24.51229960829882,24.02351553869573,24.03265190124512,29811000
2017-03-22,24.03721708305997,24.21994083270415,24.00524068825967,24.183395385742188,22766600
2017-03-23,24.14685488964444,24.21994405069657,24.08290209154672,24.11944580078125,22718800
2017-03-24,24.20166526071113,24.28389076411487,24.05548697523396,24.13771247863769,26281800
2017-03-27,23.93671777175224,24.187961591004715,23.90474138071552,24.13771247863769,13690000
2017-03-28,24.114872876378588,24.366116700091403,24.07376012394684,24.31130027770996,16907800
2017-03-29,24.302167870753067,24.366120664366736,24.2473514394532,24.3524169921875,11410200
2017-03-30,24.334139488842784,24.4300686604248,24.315866767803566,24.39809226989746,17508400
2017-03-31,24.375257026680536,24.43464251042877,24.3250079052461,24.3524169921875,12207000
2017-04-03,24.375250662557,24.411794359688088,24.18339058922572,24.32956886291504,26035800
2017-04-04,24.229072070473983,24.347841262817383,24.219935710665656,24.347841262817383,15041600
2017-04-05,24.370685306679263,24.53513632516141,24.224507010824627,24.24734878540039,20955800
2017-04-06,24.27474737238888,24.32499647020149,24.19252189280135,24.25190734863281,13870200
2017-04-07,24.21537081072139,24.30216537248854,24.15141802368208,24.23821258544922,12938800
2017-04-10,24.25191324125678,24.311298711517463,24.142278660974167,24.192527770996094,9687200
2017-04-11,24.151412969889712,24.187958407740737,23.904738234724828,24.101163864135746,16914200
2017-04-12,24.078323694206567,24.10573277243256,23.97325817488052,24.018939971923828,17368400
2017-04-13,23.99153169901034,24.151413637572663,23.923009872436523,23.923009872436523,19533200
2017-04-17,23.99610797574677,24.151422663789088,23.99610797574677,24.14228630065918,14132000
2017-04-18,24.078327005605527,24.18339253938083,24.04178330552754,24.13771247863769,12487200
2017-04-19,24.17426223592458,24.26105681269983,24.07376572859232,24.11944580078125,14521000
2017-04-20,24.183392325446484,24.37981972155301,24.14684862569177,24.338706970214844,15163800
2017-04-21,24.34784334302003,24.35241239460579,24.24277781012144,24.2884578704834,15233000
2017-04-24,24.55340813779878,24.594520890895613,24.49859171453057,24.576248168945312,16210000
2017-04-25,24.67674207543917,24.754398516253907,24.63562932954244,24.704151153564453,20089600
2017-04-26,24.70414590396593,24.76352961341152,24.653896809371968,24.67673683166504,16294400
2017-04-27,24.740701028590475,24.795517455951547,24.7178609957386,24.777246475219727,17183400
2017-04-28,24.854897821206887,24.891443260316425,24.78180868557025,24.84119415283203,22836800
2017-05-01,24.93255898394084,25.06046455092597,24.88687717960139,25.028488159179688,15126000
2017-05-02,25.07873995660394,25.119852713618023,24.99194539036151,25.08330726623535,15070200
2017-05-03,25.00107891589418,25.05589533816656,24.923422462890205,25.03762435913086,14309000
2017-05-04,25.046764860884792,25.060468533072832,24.937130255631672,25.01935577392578,15159800
2017-05-05,25.060462941137352,25.119848411672606,25.00107747060209,25.1107120513916,13651600
2017-05-08,25.128982684483447,25.234049954981707,25.08330262628792,25.22034454345703,12140200
2017-05-09,25.24775202743976,25.32084116148049,25.20207022955029,25.2523193359375,15388600
2017-05-10,25.27973712302061,25.36652995503532,25.22492068925252,25.34825897216797,10604000
2017-05-11,25.27059648697468,25.32998196335463,25.170098256575184,25.31627655029297,18196000
2017-05-12,25.33911719775982,25.393933619820743,25.31170811543804,25.38022994995117,9307600
2017-05-15,25.412206297911336,25.521839141845703,25.39850088548257,25.521839141845703,19898600
2017-05-16,25.58122617131015,25.64061164855957,25.49443335270156,25.64061164855957,18122200
2017-05-17,25.43961266785477,25.462454440171125,24.92798868297116,24.94169235229492,37090000
2017-05-18,24.877748047635443,25.18381012660504,24.83663528307485,25.087879180908203,33644400
2017-05-19,25.22491629694675,25.311709113848607,25.197507213543823,25.23405265808105,20438200
2017-05-22,25.29343806393608,25.46702545179978,25.28887075435829,25.43504905700684,21020600
2017-05-23,25.540111715358947,25.567520797475023,25.41220615064918,25.48072624206543,13221000
2017-05-24,25.54924693554777,25.590359685595303,25.489861464905218,25.58579063415528,18643800
2017-05-25,25.668018311313386,25.823332964379187,25.61777093928909,25.768516540527344,12227000
2017-05-26,25.74567587975152,25.786788632281016,25.690859457239725,25.754812240600582,72564400
2017-05-30,25.763944449987704,25.89184999609942,25.73196806345977,25.86444091796875,11850600
2017-05-31,25.96037741785547,25.969512036619644,25.73654092131273,25.82333374023437,28492200
2017-06-01,25.87814870756096,25.887283325195312,25.727401377856133,25.887283325195312,16872400
2017-06-02,25.98321529127011,26.129393575511024,25.90098978856177,26.12482452392578,16982000
2017-06-05,26.124825157837087,26.216187023350177,26.092848766294903,26.147666931152344,13531600
2017-06-06,26.11568499309884,26.229886872710257,26.06543762983903,26.09741401672364,15370400
2017-06-07,26.156805668766143,26.225327514338,26.042603754535,26.17964744567871,17407400
2017-06-08,26.225321447055965,26.25729783623625,26.092846838976204,26.2390251159668,14204800
2017-06-09,26.27557983982522,26.32125991405538,25.224922449283344,25.590368270874023,70285000
2017-06-12,25.325411448006044,25.480726093928943,25.01935120777768,25.43961334228516,71412800
2017-06-13,25.56294996480396,25.70456093199673,25.435044409005656,25.62233543395996,36586800
2017-06-14,25.72283704406202,25.72740435340744,25.28886946777251,25.499000549316406,32361200
2017-06-15,25.211206886367744,25.421339673971936,25.101574055305274,25.38479423522949,29501000
2017-06-16,25.386173256153526,25.395346428691703,25.234820283283018,25.340309143066406,43222600
2017-06-19,25.53293640974664,25.734742673911853,25.519177527954824,25.71639633178711,19858400
2017-06-20,25.70723053336682,25.720991168708565,25.51001167297364,25.51001167297364,21915400
2017-06-21,25.59715006750148,25.66594622998887,25.51917898382481,25.65218734741211,24586400
2017-06-22,25.730154035050138,25.748500376334555,25.5788010934622,25.661357879638672,17585600
2017-06-23,25.6384278838759,25.886096512663407,25.59714948747739,25.82188606262207,32847200
2017-06-26,25.959481908681223,26.01452094071075,25.65677423093348,25.68429374694824,19455800
2017-06-27,25.54669804666919,25.59256215418279,25.26233673095703,25.26233673095703,25791000
2017-06-28,25.358655035288407,25.60173797959596,25.188953970768296,25.57880592346192,25952000
2017-06-29,25.459557797199352,25.459557797199352,24.918354594925496,25.12015914916992,41946800
2017-06-30,25.225646100392343,25.26692450035895,25.074291383980217,25.097225189208984,30743800
2017-07-03,25.202718795568565,25.24858291546425,24.895423593534545,24.92294311523437,33105200
2017-07-05,25.01466809464884,25.22106009205096,24.932111295687992,25.17060852050781,29618800
2017-07-06,24.950453535544003,25.07887442408997,24.88165563119244,24.941280364990234,25514800
2017-07-07,25.033018942251424,25.312792867279736,25.01467259482544,25.2302360534668,17636400
2017-07-10,25.23481998598752,25.473317220359057,25.19812729626709,25.413692474365234,11188400
2017-07-11,25.386170318131136,25.51000550865904,25.289854642032843,25.468727111816406,13713000
2017-07-12,25.64301738742688,25.82188988174157,25.62925850312692,25.79895782470703,33103800
2017-07-13,25.835648312918032,25.94113716596604,25.78978245315565,25.84940719604492,16250200
2017-07-14,25.959476353876006,26.106243575342187,25.922785423311105,26.078725814819336,13379200
2017-07-17,26.10166696415541,26.156704253990384,26.03286903965876,26.08332061767578,19674200
2017-07-18,26.03286130206189,26.20256233215332,25.968650858072003,26.20256233215332,19840400
2017-07-19,26.243841174216087,26.35850318319172,26.220907372738232,26.335569381713867,13347200
2017-07-20,26.40895990082944,26.41813132368631,26.23925883471361,26.390613555908203,20745800
2017-07-21,26.27594845612237,26.363090959916367,26.248428941954167,26.35850524902344,11610000
2017-07-24,26.344741253995373,26.445644376794053,26.289703982288508,26.422712326049805,10756200
2017-07-25,26.340165351189764,26.427307876305903,26.25760853808859,26.372270584106445,13760600
2017-07-26,26.514441995476485,26.519027705735034,26.38601936339417,26.473163604736328,21205200
2017-07-27,26.66121942996055,26.69332466287723,26.04663079332069,26.372270584106445,46094400
2017-07-28,26.23925868504517,26.39519911677872,26.2163266288263,26.34474754333496,20586200
2017-07-31,26.38602315011217,26.445647889650008,26.18880433822847,26.216323852539062,21965600
2017-08-01,26.349328994750977,26.37226104573965,26.25301333083656,26.349328994750977,16614400
2017-08-02,26.619931111736324,26.624516822043848,26.25759876132589,26.422712326049805,25147800
2017-08-03,26.459406188695144,26.459406188695144,26.28512118404757,26.36309051513672,21375600
2017-08-04,26.41812486613896,26.50526910841176,26.3630875944321,26.422712326049805,9513800
2017-08-07,26.459407224272788,26.58324241638184,26.45023405267913,26.58324241638184,15366000
2017-08-08,26.54655838012696,26.75295042062493,26.473174737905897,26.54655838012696,20921400
2017-08-09,26.376854510381463,26.55114129841832,26.363095625664084,26.53279495239257,13945600
2017-08-10,26.39060643075384,26.41812419110247,25.99616886945947,26.00992774963379,29823800
2017-08-11,26.051212449932176,26.2759507949678,26.01910722201333,26.18880653381348,29936200
2017-08-14,26.42730010241168,26.642865245387554,26.37226282640207,26.606172561645508,19517000
2017-08-15,26.66121394052505,26.70707804964737,26.56489651200241,26.64745330810547,14105200
2017-08-16,26.688733031412088,26.82174140391653,26.638283208713847,26.725425720214844,18111800
2017-08-17,26.624517678145963,26.66579607065423,26.20256233215332,26.20256233215332,25937800
2017-08-18,26.202566436627105,26.358506860573986,26.07414377892731,26.175046920776367,33393000
2017-08-21,26.19339208846752,26.22090985347893,25.991585813831485,26.16587257385254,15957200
2017-08-22,26.30346535936824,26.57406778288217,26.28512076679368,26.555723190307617,16922400
2017-08-23,26.408959155325007,26.56489783394226,26.39978598312334,26.491514205932617,17847400
2017-08-24,26.55572450081616,26.58324226583772,26.33557188302221,26.46858024597168,16187800
2017-08-25,26.555728775133748,26.63369812138261,26.40896150605036,26.463998794555664,16666200
2017-08-28,26.52821277448964,26.564903721824848,26.44107024366496,26.514453887939453,11986600
2017-08-29,26.298879364384742,26.665797455962487,26.266774140721907,26.629106521606445,17379600
2017-08-30,26.6566256099594,26.84008553966901,26.5970026199668,26.821739196777344,15308000
2017-08-31,26.88595185382509,27.02813339849907,26.85384662593157,26.98226928710937,18851600
2017-09-01,27.051067212843726,27.07399927002944,26.92723200451632,26.95933723449707,12026200
2017-09-05,26.88137027520068,26.93182185524785,26.54196985008581,26.720842361450195,23803400
2017-09-06,26.803395502598416,26.84008819200773,26.62911047671534,26.743772506713867,18227400
2017-09-07,26.830915005791155,26.890539751248625,26.73459932054706,26.83550071716309,15387600
2017-09-08,26.794219375706568,26.830912061069863,26.597002315491224,26.615346908569336,12518400
2017-09-11,26.826329869698387,27.018961244317484,26.826329869698387,26.99144172668457,14074600
2017-09-12,27.06941722670928,27.10610817325778,26.931823115345324,27.0556583404541,15723400
2017-09-13,27.02354284883487,27.02813030921172,26.913468294239536,27.018957138061523,16256600
2017-09-14,26.91805766256432,27.051066037909703,26.867607838788512,26.927230834960938,15253400
2017-09-15,26.903757420358662,27.060254965417883,26.857727697779847,27.037240982055664,26247600
2017-09-18,27.078665031102304,27.161515014456697,26.958989516310133,27.060253143310547,20824000
2017-09-19,27.10168183579258,27.23516364655048,27.032638127309102,27.179929733276367,11232200
2017-09-20,27.175321809804263,27.184527752684392,26.88073866105637,27.069456100463867,17901600
2017-09-21,27.06025246762252,27.06025246762252,26.83471123744084,26.92216682434082,16209200
2017-09-22,26.83471810011936,26.972803778714923,26.8209100590162,26.93598175048828,9649600
2017-09-25,26.848522933290507,26.848522933290507,26.49870407261168,26.618379592895508,27146200
2017-09-26,26.76107008471554,26.82550994569817,26.63219036275028,26.71504211425781,18106600
2017-09-27,26.83471685146081,27.06946407441935,26.793290974224284,26.98661231994629,15271000
2017-09-28,26.917563810737,27.032635476355324,26.86232990287939,27.01882743835449,11178400
2017-09-29,27.06485054967225,27.225951906165832,27.032630629544325,27.20293617248535,24857400
2017-10-02,27.27198925059661,27.33182701822876,27.110889594496097,27.24437141418457,15143800
2017-10-03,27.267389122762303,27.322623043716213,27.23516743336328,27.308815002441406,12932000
2017-10-04,27.26278362200718,27.33182733591252,27.170725922084923,27.290401458740234,13299200
2017-10-05,27.37324955275661,27.557363172127022,27.359439758309428,27.55276107788086,12845400
2017-10-06,27.46070132627589,27.607992913043283,27.45149538262116,27.59418487548828,11852800
2017-10-09,27.6356167222607,27.72307057211778,27.617204830968287,27.663232803344727,13898400
2017-10-10,27.750685158614832,27.77369914210742,27.548157889829504,27.690847396850582,10945800
2017-10-11,27.654023965588458,27.79210961536356,27.654023965588458,27.78290367126465,9961800
2017-10-12,27.71846913101036,27.847348861387925,27.681645347556973,27.713865280151367,12212800
2017-10-13,27.81512923392228,27.897980991746625,27.81512923392228,27.84734916687012,11900000
2017-10-16,27.916388470583065,27.95321049276483,27.85194685901982,27.9486083984375,16612800
2017-10-17,27.939402453928466,27.9486083984375,27.856550709201525,27.9486083984375,10263400
2017-10-18,28.031464215642377,28.054478202331303,27.93020056718554,28.017654418945312,12182600
2017-10-19,27.897971456872263,27.967013394225862,27.75067988349305,27.93479347229004,13745200
2017-10-20,28.10510785569596,28.15573792015903,28.05907813001885,28.123517990112305,14814800
2017-10-23,28.169551389353863,28.1925653772664,27.95781989119096,27.990039825439453,14109800
2017-10-24,28.045263379604243,28.11430707367196,27.95320570613198,28.06827735900879,16071600
2017-10-25,28.00384139417876,28.08669313619724,27.732272185530267,27.9163875579834,18451800
2017-10-26,28.07748968497116,28.15113548932051,28.01304982564729,28.03146171569824,18872800
2017-10-27,28.482540132101256,28.864577161875093,28.482540132101256,28.78632926940918,29078400
2017-10-30,28.48254193569569,28.961238776776668,28.48254193569569,28.850770950317383,17149400
2017-10-31,28.961236363789272,29.0348839164319,28.84616469656661,28.97504615783692,20222600
2017-11-01,29.11313023089461,29.149954005221968,28.827753003274427,28.97964668273925,19101400
2017-11-02,28.9796460938216,29.021071961170925,28.77251675707497,28.99345588684082,20449200
2017-11-03,29.145348841234643,29.25121455387061,28.97504328228583,29.22359848022461,15319400
2017-11-06,29.20519032524976,29.29724801282434,29.18677843656397,29.288042068481445,12000400
2017-11-07,29.320265070548267,29.32947101585658,29.182179402632624,29.30185317993164,11551200
2017-11-08,29.30185026705752,29.46755199857129,29.22360237349721,29.46295166015625,18201000
2017-11-09,29.23741067164772,29.27883654385741,28.93362152739473,29.22820472717285,20490800
2017-11-10,29.1913809492734,29.251218710432823,29.12233899949349,29.22820472717285,11966400
2017-11-13,29.117736225558943,29.255823641931407,29.1131341310786,29.2189998626709,8600600
2017-11-14,29.1315426312872,29.191378631842014,28.998059080780177,29.15915870666504,14741600
2017-11-15,29.016471111845192,29.05789698097117,28.864575673098525,28.94282531738281,16985000
2017-11-16,29.154559837346184,29.407717172817414,29.154559837346184,29.34787940979004,15282200
2017-11-17,29.306450294860984,29.32946603214816,29.14074857503122,29.15915870666504,16604200
2017-11-20,29.2282026555068,29.292642506409035,29.18677678623333,29.26962852478028,13159800
2017-11-21,29.384704481071243,29.59643770820527,29.361690496080776,29.578025817871094,16348000
2017-11-22,29.5780227594072,29.58722694776804,29.47215527885997,29.52278709411621,24231600
2017-11-24,29.568810598355537,29.70229413555556,29.55960641138332,29.688486099243164,8678200
2017-11-27,29.63785429162564,29.725309870548298,29.587222484008105,29.688486099243164,13778200
2017-11-28,29.734520616516573,29.812768514019226,29.614845089230293,29.78515243530273,22623200
2017-11-29,29.734516087390386,29.73911993704484,28.924412377769183,29.126937866210938,67280400
2017-11-30,29.25581917178713,29.46294850884305,29.1499534563706,29.38469886779785,42095000
2017-12-01,29.2051948926279,29.380104350788137,28.809348003249035,29.232810974121094,38423600
2017-12-04,29.416919488247444,29.430727525760023,28.735695462577663,28.76331329345703,33611000
2017-12-05,28.71268596352513,29.10392897152484,28.58840833894941,28.77252197265625,27854200
2017-12-06,28.657447481761995,29.02107437475275,28.588405534340584,28.95663452148437,26524200
2017-12-07,29.08091263534969,29.19138045547061,28.95663502082289,29.13614654541016,23371000
2017-12-08,29.329470442498604,29.416924287436164,29.205192817047653,29.27423477172852,20118000
2017-12-11,29.26042431461272,29.52739143371582,29.24201242587712,29.52739143371582,22843200
2017-12-12,29.50897665955452,29.62404831911861,29.398507093797143,29.51818084716797,16794000
2017-12-13,29.619447365685105,29.67007918178082,29.49056765624463,29.52739143371582,20712200
2017-12-14,29.56421380510179,29.65626973269286,29.4767582156943,29.49056625366211,21892000
2017-12-15,29.58204523030408,29.868488298271668,29.50812483653208,29.82690620422364,42610400
2017-12-18,30.039427506081765,30.12258817045528,29.98861042905584,30.09024810791016,21521600
2017-12-19,30.030190059487587,30.04867059942358,29.83152866117888,29.90545082092285,23953600
2017-12-20,30.034812008218985,30.034812008218985,29.75298993384933,29.896209716796875,17930400
2017-12-21,29.94702509992217,29.99784569626148,29.80842283266912,29.836145401000977,31883800
2017-12-22,29.78532504078917,29.84538414384718,29.73912545960593,29.817665100097656,10971000
2017-12-26,29.63287045053521,29.6513509924592,29.512750452832293,29.61901092529297,12438200
2017-12-27,29.62362716065446,29.706787823488582,29.60052560577739,29.65134620666504,10693200
2017-12-28,29.739124770299803,29.75760530730517,29.651343100724805,29.702163696289062,19316000
2017-12-29,29.720645584363613,29.72988409088526,29.52198420852749,29.54508399963379,13386400
2018-01-02,29.665205632846988,29.91006660461425,29.59128700212592,29.91006660461425,27445600
2018-01-03,29.965505544723783,30.178026435667675,29.933165485771497,30.1595458984375,22663600
2018-01-04,30.279669750182528,30.390549456532504,30.210368611912926,30.312009811401367,21493200
2018-01-05,30.46909068584252,30.658513571974595,30.409031576114103,30.630794525146484,19356000
2018-01-08,30.616932149708752,30.8017340238295,30.598455134618995,30.74629592895508,13467800
2018-01-09,30.80635934044126,30.8155978492758,30.616936423704143,30.66775703430176,21212800
2018-01-10,30.501435997101936,30.57073715089931,30.413657825441494,30.561498641967773,20815600
2018-01-11,30.63079542522256,30.70009304432913,30.556873265105423,30.68623352050781,15775600
2018-01-12,30.649269292071025,30.90799330110156,30.60769072487816,30.866411209106445,16308600
2018-01-16,31.055837041345853,31.16671675589728,30.66775275321202,30.74629592895508,36443600
2018-01-17,30.92185087898208,31.236012957847063,30.82020968805488,31.20829391479492,29376200
2018-01-18,31.208292918473195,31.34689165411116,31.18057035150408,31.263731002807617,29845800
2018-01-19,31.32380485534668,31.37462546740463,31.16210098526965,31.32380485534668,23894400
2018-01-22,31.300695793602475,31.633338438329428,31.23601567099472,31.62871742248535,18004200
2018-01-23,31.73035955470044,31.832000757443083,31.66567943019193,31.76732063293457,20460200
2018-01-24,31.850480662140043,31.90591875358456,31.41619681354545,31.522459030151367,37019000
2018-01-25,31.72111344399503,31.748832483625165,31.38847086922712,31.467010498046875,25951800
2018-01-26,31.68415281821532,31.96597480773925,31.614851693368152,31.96597480773925,20097200
2018-01-29,31.873572848148424,31.873572848148424,31.63333293806323,31.67491149902344,55179800
2018-01-30,31.416190643672028,31.57326990498559,31.305310957756475,31.388471603393555,29662400
2018-01-31,31.57327341337397,31.67491460542485,31.41619413460593,31.62409400939941,30135800
2018-02-01,31.50859973267284,31.87358248560004,31.503982241037782,31.65182304382324,32650000
2018-02-02,31.296064391730347,31.323786952792364,30.709322467134783,30.713943481445312,43929400
2018-02-05,30.38592661462553,30.96343019082932,29.41572131156359,29.429582595825195,98559600
2018-02-06,29.032265711977608,30.325873631237435,28.86594436648394,30.275053024291992,90269400
2018-02-07,30.20113457923697,30.510675714589265,29.886972427368164,29.886972427368164,47425200
2018-02-08,29.97013027349221,30.025568367249367,28.639561388881543,28.648799896240234,55628600
2018-02-09,29.11080387319016,29.56356829595975,28.16831923446504,29.351045608520508,72700400
2018-02-12,29.66520469796739,30.062527459378632,29.44806454136444,29.87772560119629,35629600
2018-02-13,29.70678395676629,30.025563518801807,29.6190022894222,29.951644897460938,19084000
2018-02-14,29.78532625459789,30.55224920293921,29.766845716411066,30.501428604125977,32117600
2018-02-15,30.7924870992254,31.08354759216309,30.43212548183541,31.08354759216309,24305000
2018-02-16,30.991155837249423,31.369998079871863,30.95881577476224,31.03735542297364,20334200
2018-02-20,30.880269258266686,31.30993205610586,30.84792919928103,31.06507110595703,33835200
2018-02-21,31.18519432346076,31.44853582342234,30.861793718175395,30.866411209106445,29102400
2018-02-22,30.97267676989124,31.18519769416404,30.81559394120105,30.90337562561035,21958800
2018-02-23,31.157476766997704,31.55017852783203,31.08355461094294,31.55017852783203,20772400
2018-02-26,31.68415586301631,32.044517517089844,31.68415586301631,32.044517517089844,21594400
2018-02-27,32.05838097776368,32.20622176490415,31.721120834350582,31.721120834350582,25581200
2018-02-28,31.901306306980853,32.03528406569227,31.49012394800371,31.494741439819336,30464000
2018-03-01,31.56865949678568,31.68877771480698,30.73705285385578,30.972675323486328,42973600
2018-03-02,30.62155342803221,31.33303835836642,30.538392760206072,31.26835823059082,38392200
2018-03-05,31.12051146144029,31.693393993832537,31.051210330753687,31.587135314941406,21777800
2018-03-06,31.7673220672234,31.80890063851224,31.51784006508259,31.65643882751465,20303800
2018-03-07,31.42081843059706,31.864340794650712,31.42081843059706,31.832000732421875,22219600
2018-03-08,31.92902727256724,31.998328426791176,31.77194442133944,31.970605850219727,15248000
2018-03-09,32.19698250901184,32.57582473754883,32.15540041604437,32.57582473754883,24685000
2018-03-12,32.67284633015082,32.80682759690812,32.58506464939199,32.677467346191406,27012400
2018-03-13,32.84378039503568,32.95928110570856,32.19235821973765,32.30323791503906,27618800
2018-03-14,32.46493966583679,32.49266223451104,32.11382002744941,32.27552032470703,27762800
2018-03-15,32.28476812853317,32.48342955803287,32.13692731063595,32.29401016235352,23002800
2018-03-16,32.348699331741024,32.46456143029908,32.21893081125826,32.260643005371094,24404600
2018-03-19,31.959397619520573,32.01037722061235,31.361548826941817,31.621082305908203,39736800
2018-03-20,31.542285727629057,31.72766572870675,31.431059141314208,31.60716819763184,18765600
2018-03-21,31.53766140905828,31.8342680680967,31.333743005033003,31.41716384887696,21867000
2018-03-22,31.037131920360395,31.217876466944585,30.58295104956565,30.606124877929688,42390200
2018-03-23,30.587592346772368,30.66637772088444,29.77655770121401,29.79046058654785,41901600
2018-03-26,30.397577166748864,30.962984749008896,29.97584098485637,30.921276092529297,50251600
2018-03-27,31.11127609835105,31.12981445047492,29.69776122324029,29.92948532104492,59497200
2018-03-28,29.85997430971921,30.221463420399,29.55409850039438,29.730209350585938,53622000
2018-03-29,29.943385214811684,30.62001908861841,29.734834961918686,30.318777084350582,35368200
2018-04-02,30.19829027324928,30.332687156916496,29.26675828202204,29.59580612182617,52034200
2018-04-03,29.818255576428484,29.957291451159406,29.387250375672217,29.887773513793945,36101400
2018-04-04,29.3409068752849,30.388299054277663,29.276022640695675,30.30487823486328,36298400
2018-04-05,30.58294697426976,30.62929108899252,30.22609340149226,30.43001174926757,32738200
2018-04-06,30.114867777524573,30.392936010541145,29.554094071208112,29.6838607788086,40477800
2018-04-09,29.901680053719204,30.49952873090522,29.87850976231439,29.915586471557617,21859400
2018-04-10,30.38830236008312,30.77760073830997,30.22146070310441,30.652467727661133,31297800
2018-04-11,30.46245042663758,30.74515056347,30.42073825180722,30.471717834472656,17315600
2018-04-12,30.661739591611536,30.972249087469123,30.620027408202304,30.83784866333008,21256000
2018-04-13,31.051030549214023,31.06493342999591,30.587582332061576,30.735885620117188,22421600
2018-04-16,30.94907615597253,31.08811205692489,30.76833160623238,30.97224998474121,19477400
2018-04-17,31.245678720639976,31.648879952382188,31.19006719614407,31.546920776367188,30445600
2018-04-18,31.5144843871053,31.58400233924284,31.273492826969072,31.46350479125977,19764400
2018-04-19,31.264214764513817,31.29665599668304,31.00468490716005,31.11591148376465,25811600
2018-04-20,31.023222831464047,31.04639311936308,30.555139171623143,30.684904098510746,32477000
2018-04-23,30.8007695246528,30.888825821485376,30.43001305513088,30.573680877685547,37920600
2018-04-24,30.74979339804976,30.800772992921782,29.82289681612917,30.04071807861328,34847600
2018-04-25,30.08705967392792,30.14731020962422,29.660688130648936,30.045351028442383,30581600
2018-04-26,30.42074697244138,30.71271813663647,30.29561748373777,30.59222412109375,33086800
2018-04-27,30.89809491518214,30.921268742716173,30.37439964971164,30.536605834960938,26313000
2018-04-30,30.615394329569064,30.80540983450323,30.30024933628144,30.337326049804688,17372200
2018-05-01,30.295610167198003,30.73588454374265,30.22145675785241,30.71734619140625,18547800
2018-05-02,30.911992720564044,31.02785476754641,30.62928904306074,30.684904098510746,26587400
2018-05-03,30.54587854697583,30.87029093623733,30.277077689684948,30.75442886352539,31090800
2018-05-04,30.63856344408476,31.393982802751506,30.601486736267752,31.33837127685547,21682600
2018-05-07,31.48667988631789,31.70450116171777,31.43570028842302,31.55619430541992,26914800
2018-05-08,31.5052098268382,31.653513107687225,31.36153848213852,31.625703811645508,30294800
2018-05-09,31.704489974458948,32.01499938964844,31.60253081464656,32.01499938964844,28826600
2018-05-10,32.16330521822228,32.45527630615904,32.13086398622931,32.432106018066406,23132600
2018-05-11,32.39967149441341,32.51089809344317,32.279173949563784,32.385765075683594,17521200
2018-05-14,32.49234915190441,32.63601694283835,32.34868136097048,32.38112258911133,20261800
2018-05-15,32.154030237681035,32.181839530061744,31.90840329259484,32.07524490356445,28525200
2018-05-16,32.12623342318538,32.29307508059392,32.05208353979806,32.21892166137695,13361000
2018-05-17,32.103069577634145,32.32089089452482,31.922324981880337,32.052093505859375,21600200
2018-05-18,31.945482684554968,32.089150486621804,31.88986763093444,31.91767692565918,15765800
2018-05-21,32.20965788859832,32.353325734765306,32.03354880181847,32.19575500488281,22578400
2018-05-22,32.35332893689308,32.399676601638696,32.079896101211965,32.1494140625,14782000
2018-05-23,31.8852436121348,32.385765075683594,31.88060813922486,32.385765075683594,29387600
2018-05-24,32.37649579715421,32.413572506634274,32.024274128752914,32.348690032958984,22401400
2018-05-25,32.37185604518194,32.44137398230987,32.24672658701501,32.32551193237305,18782800
2018-05-29,32.16331694759153,32.33015864035066,31.936228240825645,32.1494140625,58660800
2018-05-30,32.311615188273706,32.427477260213394,32.218923409224054,32.385765075683594,19930400
2018-05-31,32.385767658177166,32.608224409805565,32.32088517558349,32.39503860473633,30568000
2018-06-01,32.61285344529608,32.951168675489534,32.55723838440989,32.946533203125,25445800
2018-06-04,33.029956724778586,33.243146041009865,32.99751548723552,33.2107048034668,19866000
2018-06-05,33.294120017472906,33.38681178739674,33.20143178337855,33.32656478881836,34549600
2018-06-06,33.3821778178032,33.54438400268555,33.210704223425985,33.54438400268555,35379000
2018-06-07,33.52584795698183,33.52584795698183,33.03459389583706,33.27558898925781,39047200
2018-06-08,33.025323286714176,33.28021770272943,32.95580534204473,33.219970703125,19809600
2018-06-11,33.23851501761943,33.363644511798505,33.16436158712058,33.25705337524414,14647000
2018-06-12,33.31729131701271,33.44705624923477,33.26167625927645,33.41925048828125,15626800
2018-06-13,33.41925315465711,33.5675564512904,33.23387314990813,33.24777603149414,29278000
2018-06-14,33.37755903799432,33.56757461805151,33.32658295653387,33.484153747558594,22654800
2018-06-15,33.36553573733587,33.407395657553,33.15624678130916,33.35623550415039,33641200
2018-06-18,33.123698733813015,33.41670405349392,33.021378402013816,33.39345169067383,16580400
2018-06-19,32.98417386163581,33.23532282586401,32.798137197575564,33.221370697021484,25913400
2018-06-20,33.30042648525109,33.44925506821046,33.253918218392535,33.2911262512207,22931200
2018-06-21,33.421341718989225,33.439945730338465,32.95625208031512,33.03531646728516,29634200
2018-06-22,33.11903345204852,33.128337232098175,32.79347211735922,32.928348541259766,31385800
2018-06-25,32.66325232206886,32.69580846026083,31.960965857238584,32.24467086791992,36055400
2018-06-26,32.347004188545604,32.58884937694597,32.26793620824827,32.374908447265625,27719000
2018-06-27,32.4772195954794,32.6260481804254,31.923761631920826,31.93306541442871,44109200
2018-06-28,31.89121200968244,32.430717958129016,31.89121200968244,32.32374572753906,35598000
2018-06-29,32.44931255594853,32.58884091000637,32.2911837331462,32.30978775024414,20019200
2018-07-02,32.03073042180456,32.60744068337031,31.98421861093632,32.59813690185547,25091200
2018-07-03,32.69580612270954,32.71905847783973,32.18885652327494,32.21211242675781,12722800
2018-07-05,32.41211044480115,32.68651173330473,32.31909035249627,32.66790771484375,27320000
2018-07-06,32.68650502987297,33.10043459776728,32.60744062889382,33.04927444458008,25603800
2018-07-09,33.22601777202897,33.30973408130046,33.05393326176153,33.30043029785156,17455200
2018-07-10,33.30507357740369,33.47250615265123,33.30507357740369,33.379486083984375,22986200
2018-07-11,33.14230271758593,33.37949597920764,33.09114255174112,33.249271392822266,25949800
2018-07-12,33.39344120138962,33.793418619137526,33.35623317454034,33.77481460571289,23706600
2018-07-13,33.779473875156825,33.82133380599176,33.625996924372444,33.73761749267578,18516800
2018-07-16,33.74689961313993,33.81666376151336,33.59342274474078,33.65853500366211,13332000
2018-07-17,33.41668961551271,33.96549552757507,33.39808560428235,33.90968704223633,14903200
2018-07-18,33.90039009921666,33.905041990050485,33.73295751272926,33.8538818359375,14164000
2018-07-19,33.77017159864872,33.900396178524566,33.672503163741844,33.73296356201172,14910000
2018-07-20,33.86318840612589,33.92830069657189,33.70040768001089,33.74226760864258,14439600
2018-07-23,33.67250724623741,33.93295643756627,33.53763075834093,33.91435241699219,25151000
2018-07-24,34.25385274748987,34.3887291690962,33.960844002901105,34.100372314453125,21557200
2018-07-25,34.10967028933834,34.52825164794922,34.05851369672958,34.52825164794922,30466200
2018-07-26,33.93759031618864,34.10967120554097,33.87712639432779,33.998050689697266,25094400
2018-07-27,34.03991669182462,34.06316904809529,33.20740569291298,33.41669464111328,63550200
2018-07-30,33.39809193450659,33.44925208799881,32.70510923950248,32.89579772949219,35695400
2018-07-31,32.99810968420384,33.19809837828063,32.802772880227195,32.98415756225586,29954000
2018-08-01,33.2213656207565,33.388798237991395,33.10044127534159,33.28182601928711,29322800
2018-08-02,32.974858732490695,33.74225740743137,32.974858732490695,33.70039749145508,26209800
2018-08-03,33.709706662939816,33.821327209472656,33.55622619373641,33.821327209472656,14491400
2018-08-06,33.80737919717076,34.021320082530536,33.728311233253365,34.002716064453125,15000400
2018-08-07,34.123634337105145,34.25385889212613,34.07247418358218,34.1329345703125,20545400
2018-08-08,34.114331604751264,34.291067976303665,34.02596696732817,34.2259521484375,14197200
2018-08-09,34.258510325554504,34.370130864317645,34.21199851507966,34.23990631103516,23446200
2018-08-10,33.984107708329574,34.12828439458342,33.867835271453075,33.96550369262695,23138400
2018-08-13,34.01667097459262,34.277120152282315,33.90970229733603,33.919002532958984,24128800
2018-08-14,34.03527553262353,34.17015201559053,33.84458698997412,34.128292083740234,18359000
2018-08-15,33.91434374019116,34.03991995984965,33.55622619373641,33.821327209472656,35584400
2018-08-16,34.08177052139202,34.1747905845988,33.89573394333107,33.970149993896484,18208800
2018-08-17,33.86783985396903,34.11433688576319,33.75621929300357,34.02132034301758,18048200
2018-08-20,34.10037453403338,34.10967476617776,33.8352735635111,33.970149993896484,21239600
2018-08-21,34.06317494512887,34.2399113348175,33.98411053308579,34.025970458984375,16004600
2018-08-22,33.92365496161269,34.179452251360615,33.87249479399231,34.128292083740234,12742400
2018-08-23,34.06782131198818,34.388734347874376,34.06782131198818,34.20269775390625,18735000
2018-08-24,34.29572225725687,34.5561749687602,34.29107391388185,34.546871185302734,13115200
2018-08-27,34.73290409451219,34.881732678673735,34.63988756004373,34.863128662109375,16415000
2018-08-28,34.932899212623646,35.002663400384094,34.82592698494377,34.9235954284668,14770400
2018-08-29,34.96544783899368,35.263104997611705,34.96079594791593,35.23984909057617,22364600
2018-08-30,35.14217376713222,35.36076647626916,35.02590135149364,35.13287353515625,21040600
2018-08-31,35.10032909088459,35.25380958224884,35.039865143669374,35.160789489746094,20537800
2018-09-04,34.998001361458456,35.077065762098904,34.78871240720952,35.02590560913086,22147600
2018-09-05,34.97939973115571,35.007303980730114,34.41198966745471,34.58872604370117,32853200
2018-09-06,34.537562721570275,34.61197522973253,34.06782112278892,34.33757400512695,27957600
2018-09-07,34.11433744244391,34.49571095129005,34.07712940539704,34.221309661865234,28462000
2018-09-10,34.34687397248105,34.39338223326702,34.14223691535223,34.328269958496094,33309000
2018-09-11,34.23060345144449,34.69569318189442,34.14688715802938,34.621280670166016,27189800
2018-09-12,34.54686454141388,34.551516432247986,34.198047244269794,34.47710037231445,32536400
2018-09-13,34.69104063687846,34.970097308568654,34.68174040372018,34.88172912597656,25454800
2018-09-14,34.91429646537784,35.007313020213125,34.695703658325385,34.85383605957031,18878400
2018-09-17,34.80265886152031,34.863119237745536,34.37942558288656,34.41663360595703,29584200
2018-09-18,34.374781917844615,34.802663596309806,34.374781917844615,34.635231018066406,19302000
2018-09-19,34.63058749465136,34.74685994939368,34.35153431294052,34.546871185302734,20870600
2018-09-20,34.75151320577323,34.9933583598586,34.64454098193398,34.956153869628906,27401800
2018-09-21,35.088672162921725,35.14466989122908,34.80400517607745,34.8180046081543,46041000
2018-09-24,34.65001234002108,34.99534479943122,34.51467853124478,34.99068069458008,34513600
2018-09-25,34.94868087768555,35.01868161879695,34.804015290338086,34.94868087768555,21101000
2018-09-26,34.986004913845484,35.14000578745984,34.757339215693136,34.8180046081543,26641200
2018-09-27,34.9440098826929,35.1213455513299,34.9440098826929,35.023345947265625,28466400
2018-09-28,34.92534147804601,35.18667730617279,34.9066779392517,35.15401077270508,23421200
2018-10-01,35.3780115964934,35.466679434402735,35.21467891643836,35.32201385498047,20668200
2018-10-02,35.28000563735336,35.52733844553834,35.16800661410417,35.3266716003418,28014000
2018-10-03,35.44801280226247,35.592678383596684,35.36868029381374,35.43401336669922,26584800
2018-10-04,35.26134456476259,35.28934699564789,34.566011984392986,34.794677734375,46584800
2018-10-05,34.780675365444395,34.88801029394961,34.020009777811985,34.35601043701172,44577000
2018-10-08,34.19267175584172,34.30000667663725,33.58133944283296,33.96867370605469,39946000
2018-10-09,33.95468539482302,34.29068613994517,33.88468464619157,34.09001922607422,30277800
2018-10-10,33.88468554734582,33.88935321348164,32.41468402853507,32.438018798828125,88286000
2018-10-11,32.34467348916485,32.895340433796605,31.76600767696393,32.027339935302734,136539000
2018-10-12,32.932689328417155,33.161355156515405,32.410021018091726,33.05402374267578,71818800
2018-10-15,32.932680949760844,32.96067982270228,32.49401295162142,32.51268005371094,38305000
2018-10-16,32.92334900692661,33.60001454230488,32.844012933364176,33.492679595947266,41998600
2018-10-17,33.53468332322646,33.558018092105534,33.04001755438545,33.33868408203125,48329800
2018-10-18,33.18934571915965,33.21267692406838,32.48934548496207,32.68534469604492,45920600
2018-10-19,32.8766680575389,33.231335751481126,32.550002787055554,32.67133712768555,44283400
2018-10-22,32.8253498700476,33.15668652068968,32.62935061559522,32.9420166015625,31962000
2018-10-23,32.25601453032568,32.98868135550692,31.929345593255057,32.81601333618164,48132200
2018-10-24,32.73200330020104,32.811335787731224,31.30866838682073,31.34600257873535,68330800
2018-10-25,31.794015675544884,32.59201567391071,31.742682030002108,32.42401885986328,46754400
2018-10-26,31.61667413144341,32.354008493355444,31.31800767909157,31.77533912658692,85487200
2018-10-29,32.214013854270014,32.442679626414986,30.60867866281961,31.23868179321289,68110600
2018-10-30,31.21067769715544,31.700679314608674,30.9446777346371,31.588680267333984,61121600
2018-10-31,32.06000487862843,32.59667236287716,32.0460054455377,32.34000778198242,42288200
2018-11-01,32.38667694477759,32.741344713109825,32.1113416787189,32.71800994873047,31106200
2018-11-02,32.46601246939367,32.65734758603778,31.808014065186097,32.07867813110352,40426200
2018-11-05,32.06000468202833,32.11133830996945,31.584006157938163,32.04600524902344,28416400
2018-11-06,32.01802301071098,32.40068980657305,31.990024130160737,32.24668884277344,18267600
2018-11-07,32.62001345776791,33.19401168823242,32.57801158995669,33.19401168823242,32629600
2018-11-08,33.068023612507254,33.20802513542429,32.9560245304056,33.16602325439453,20819400
2018-11-09,32.88134522148609,32.90934409264989,32.31667877057501,32.592010498046875,25883600
2018-11-12,32.29335110608596,32.34935242111444,31.406686760645567,31.44401741027832,32862200
2018-11-13,31.518684153100665,32.02268528037867,31.38801798537364,31.48134994506836,31407000
2018-11-14,31.83134500843566,31.896678081778045,30.94467729257913,31.10334587097168,38993400
2018-11-15,31.154683567973827,31.95735121406208,30.972683759894043,31.88268280029297,52602200
2018-11-16,31.5093376826674,32.02267396068731,31.44400462189845,31.83133888244629,35945800
2018-11-19,31.682009320170977,31.71467585432576,30.534009399379133,30.618009567260746,38397200
2018-11-20,29.764011304861626,30.366011972279345,29.577345631838853,29.960010528564453,56129600
2018-11-21,30.366009709201297,30.48734407880658,30.0533437955889,30.17934226989746,33006600
2018-11-23,29.85734302244496,30.23534378868498,29.84334358746325,29.90401077270508,10676200
2018-11-26,30.2960137583654,30.58068084716797,30.137348724153245,30.58068084716797,25069200
2018-11-27,30.37068214102736,30.688015769534427,30.19334644368216,30.64134979248047,23076400
2018-11-28,30.94933703764765,31.71467018127441,30.832670356480342,31.71467018127441,33219200
2018-11-29,31.61667012285025,31.66333608254139,31.23867122085213,31.40667152404785,28230800
2018-11-30,31.42535166369192,31.728685902532487,31.271354271382663,31.70535469055176,33019600
2018-12-03,32.4986740332042,32.53134056514639,32.05534201964805,32.40534210205078,32463400
2018-12-04,32.17666983554705,32.24667055761607,31.103338485232324,31.178003311157227,41982200
2018-12-06,30.445343114882323,31.248010635375977,30.29134576625512,31.248010635375977,43155800
2018-12-07,31.09868172896558,31.238683222209648,30.006682899050983,30.14668083190918,39875000
2018-12-10,29.978674400827806,30.67867460469772,29.806008182327147,30.56200790405273,40895600
2018-12-11,31.03801415281396,31.09867956345625,30.352013292381223,30.599346160888672,31626200
2018-12-12,31.094017437640325,31.322686805448253,30.823353313919,30.837352752685547,33857600
2018-12-13,30.986688681263736,31.215354508224493,30.711353307244952,30.88868904113769,25638600
2018-12-14,30.52001333360302,30.68801368791016,30.10468011333971,30.132678985595703,31032400
2018-12-17,30.02067541639526,30.226006382668064,29.255340386422617,29.49334144592285,46527000
2018-12-18,29.72201118283554,29.98334526099925,29.488677756679905,29.7266788482666,39253200
2018-12-19,29.68468068265663,30.212012978178297,28.82134588185771,29.13867950439453,67212200
2018-12-20,29.012676770304765,29.306677379803,28.200677460518992,28.616010665893555,79003600
2018-12-21,28.623043923485216,28.974563213642234,27.624728638821807,27.74658966064453,83227400
2018-12-24,27.48411647544952,27.82157550713846,26.982615852200272,27.00605010986328,42234000
2018-12-26,27.193530605825902,28.637102127075195,27.038861270735204,28.637102127075195,58120200
2018-12-27,28.23871489799807,28.85270253777153,27.690345690960285,28.84332847595215,46877600
2018-12-28,29.0542327318904,29.255768750118943,28.529296136012643,28.7777042388916,39685800
2018-12-31,29.02611484491261,29.157348119323352,28.805828887506635,29.049549102783203,33720200
2019-01-02,28.454307013600072,29.241710162789705,28.41681256207248,29.068294525146484,30885800
2019-01-03,28.32776638451257,28.34651450853593,27.56379910371557,27.601293563842773,49893400
2019-01-04,28.1074730830534,28.94643080034882,28.01842041673968,28.82457160949707,41535600
2019-01-07,28.82457699433205,29.27920910605162,28.758960357160007,29.08235740661621,23817200
2019-01-08,29.36357847841516,29.46668958677854,28.979250867803664,29.32608222961425,26005200
2019-01-09,29.485436823562857,29.860390360686697,29.45262850080949,29.70572280883789,28044800
2019-01-10,29.471378433870115,29.851018131299,29.335457209593784,29.836957931518555,21868200
2019-01-11,29.66353334152044,29.79945452499929,29.59791671168073,29.78070640563965,15451200
2019-01-14,29.518239196937973,29.607290085331904,29.401066128457945,29.50417900085449,14483800
2019-01-15,29.597926416866184,30.010374450506145,29.546369965681272,29.949445724487305,28654000
2019-01-16,29.98224796772056,30.16034976014858,29.92131746614292,29.97756004333496,18937000
2019-01-17,29.869764613254933,30.34314312166031,29.79008776832234,30.16972923278809,20256800
2019-01-18,30.46969938767948,30.68998542730545,30.272845826750807,30.629053115844727,27303200
2019-01-22,30.38063792490213,30.43219436936901,29.874451117604337,30.11348342895508,29985000
2019-01-23,30.240027166738344,30.46500105559482,29.879135650679533,30.21659469604492,19152200
2019-01-24,30.32439136623013,30.577485645564845,30.310331168906853,30.469688415527344,28341800
2019-01-25,30.69934868369512,30.99462357457219,30.58686352181416,30.90088653564453,20061600
2019-01-28,30.44156746309381,30.497811833801705,30.23534525550942,30.488439559936523,19324800
2019-01-29,30.54936629268374,30.55405421723089,30.11348228160517,30.160350799560547,17147800
2019-01-30,30.66185045438234,31.1867871356019,30.52592925364232,31.097734451293945,33990600
2019-01-31,30.938378895869445,31.233653749661705,30.839953944605355,31.064924240112305,36501800
2019-02-01,31.07898548111776,31.416444511558023,31.03211696596517,31.24771499633789,19475600
2019-02-04,31.28990149811411,31.7539059116772,31.266465450869617,31.749217987060547,15208600
2019-02-05,31.85701520536028,32.09604927210842,31.819518964333447,32.0163688659668,24121400
2019-02-06,32.05386764715623,32.21322489622963,31.93200664208111,32.12417221069336,20379200
2019-02-07,31.82888693938177,31.96480452176663,31.46799196648583,31.68358993530273,29264000
2019-02-08,31.397694143905017,31.86638641357422,31.37894602401766,31.86638641357422,16977600
2019-02-11,31.964818236528387,32.06324678106791,31.777344149006844,31.852333068847656,14869400
2019-02-12,32.07262818745117,32.31634671612886,32.02575965222546,32.274166107177734,19418200
2019-02-13,32.433499192741365,32.55067224412532,32.29758159987321,32.31632614135742,18241800
2019-02-14,32.19447208325591,32.48974691608174,32.17103604021212,32.37257385253906,19484000
2019-02-15,32.61629968981894,32.663171786596166,32.44757372960887,32.63036346435547,14712000
2019-02-19,32.499119438471546,32.73815349117704,32.46631112346006,32.63972854614258,16638200
2019-02-20,32.66785879920271,32.813155874548954,32.503817174623954,32.6772346496582,19704200
2019-02-21,32.59754335700274,32.82251360650778,32.48974257956324,32.691280364990234,19508200
2019-02-22,32.84126687756908,33.12716944539106,32.831894605634446,33.108421325683594,24493200
2019-02-25,33.35682940744853,33.49743852472635,33.24434425912931,33.26778030395508,40341000
2019-02-26,33.150611097445214,33.43182578895702,33.12248712520687,33.33808517456055,28268000
2019-02-27,33.21153412618002,33.34745531189411,32.963127798296355,33.30527114868164,19555000
2019-02-28,33.18343125982564,33.33809707105343,33.12718687111729,33.211551666259766,18876600
2019-03-01,33.47400442227258,33.52556086321018,33.16935370105182,33.43650817871094,24668000
2019-03-04,33.577125397768455,33.661490178198605,32.9397034069272,33.30997085571289,31653000
2019-03-05,33.29122853504986,33.33341272054114,33.10843874154784,33.211551666259766,17907600
2019-03-06,33.188109331510574,33.22560558355559,32.99594729749884,33.03812789916992,26244200
2019-03-07,32.94438033153569,32.97250072367584,32.61629359460145,32.72409439086914,36996600
2019-03-08,32.330401801300226,32.747537731569125,32.2647815786215,32.71941375732422,25781400
2019-03-11,32.8365855697787,33.45525934142602,32.8365855697787,33.42245101928711,29153800
2019-03-12,33.51618415934438,33.73178216756349,33.41307129110086,33.61929702758789,36101200
2019-03-13,33.764599244452214,34.041126030285135,33.745851120284705,33.8395881652832,35667200
2019-03-14,33.89582902348329,34.0130021055025,33.81615218591151,33.909889221191406,21313200
2019-03-15,34.02885534779778,34.47555021453398,34.005343581172966,34.32038116455078,42049000
2019-03-18,34.3438822412825,34.55547372547812,34.25454186078662,34.46613693237305,29675200
2019-03-19,34.607194741904934,34.70123818634848,34.40030633891031,34.53666305541992,32306200
2019-03-20,34.499056846889154,34.724753988373934,34.2357387319684,34.442630767822266,27408600
2019-03-21,34.44733266703754,35.383042691895184,34.44262959709398,35.30780792236328,54548200
2019-03-22,35.12442772098501,35.270194190375484,34.461438353364514,34.47554397583008,53494800
2019-03-25,34.36269062178286,34.555473414275234,34.104075621303224,34.3250732421875,43893800
2019-03-26,34.62602457922133,34.84702232440352,34.31098691954972,34.51317596435547,27930200
2019-03-27,34.56488271279311,34.69653996602221,34.01473835124135,34.315673828125,31662400
2019-03-28,34.41912013103496,34.59780092689826,34.24514599282048,34.45673751831055,21079400
2019-03-29,34.74355745535954,34.809386077340115,34.57428283101212,34.79528045654297,28694400
2019-04-01,35.13383847462886,35.31251569497519,34.93635255939475,35.270198822021484,25181000
2019-04-02,35.2984085423175,35.439471954172284,35.190259448243296,35.39244842529297,23574200
2019-04-03,35.604032902185615,35.85794481520325,35.53820428629851,35.67926406860352,27738000
2019-04-04,35.66516510523628,35.75920856504796,35.31721327241103,35.528804779052734,23006200
2019-04-05,35.646355151300085,35.7356955381105,35.58522959512988,35.69807815551758,13419600
2019-04-08,35.613452059936954,35.85325846528936,35.46298606954552,35.834449768066406,14619800
2019-04-09,35.67927056957134,35.810931412725424,35.58523069756673,35.665164947509766,26880200
2019-04-10,35.69808830425644,35.92378907658818,35.67927960761279,35.91438293457031,17234800
2019-04-11,35.98961771052584,35.99902026514886,35.79213177691389,35.86736297607422,15394600
2019-04-12,36.06954957428073,36.11656951904297,35.86736058315046,36.11656951904297,17110000
2019-04-15,36.11657220899202,36.2059126218686,35.90968371915083,36.10246658325195,19821400
2019-04-16,36.21530737990261,36.32345646628029,36.11186495094781,36.28583908081055,19218600
2019-04-17,36.516248131536265,36.53505323958616,36.30935606906896,36.48803329467773,24495800
2019-04-18,36.56796467613361,36.60087899371318,36.318755759118055,36.59147644042969,22983800
2019-04-22,36.42220493403371,36.69022256820104,36.38929061360586,36.676116943359375,16168800
2019-04-23,36.73254158961409,37.12281034869903,36.694924199916926,37.07579040527344,33385600
2019-04-24,37.10400636787036,37.259171827147085,37.03347465689449,37.08989715576172,21876600
2019-04-25,37.259178815307656,37.3626248658219,36.883015598537945,37.08050155639648,22775200
2019-04-26,36.85480051519803,36.94884400931931,36.54446595307903,36.93943786621094,22100400
2019-04-29,36.944138023787474,37.06639276280602,36.90652062910604,36.9488410949707,21226400
2019-04-30,36.93002591543723,37.06168318632071,36.72313386839657,37.00996017456055,37685800
2019-05-01,37.38141991278721,37.47545978578743,36.911213373003726,36.91591644287109,30893600
2019-05-02,36.906528700885865,37.17454641867251,36.52566236176615,36.72314834594727,49977600
2019-05-03,36.85479227650622,37.10400478967311,36.80306926315004,37.07108688354492,26576600
2019-05-06,36.18709547176864,36.84538535586797,36.046035659927455,36.78425979614258,26045000
2019-05-07,36.3704792227463,36.51154263549308,35.6651693337956,35.99431610107422,41251200
2019-05-08,35.87676085308294,36.26233007685943,35.81563170624355,35.95199203491211,27334600
2019-05-09,35.50530383285116,35.82504448652164,35.10562891261104,35.70749282836914,38601800
2019-05-10,35.47709436011296,35.98021538958909,34.96457077501526,35.82034683227539,39192400
2019-05-13,34.80939359056583,35.01628563995492,34.37210131451539,34.47084426879883,50922400
2019-05-14,34.644818205117275,35.24197893581632,34.61660696052414,35.02568435668945,36808600
2019-05-15,34.78118334133924,35.514704501297054,34.724757256961055,35.40655899047852,30097200
2019-05-16,35.430059486869915,35.9896063766157,35.383039553778296,35.73099136352539,30889400
2019-05-17,35.364237645193,35.92378464224832,35.3595345747646,35.44417190551758,27087800
2019-05-20,34.84701380442036,35.11973451211023,34.65893043403452,34.82820510864258,29349200
2019-05-21,35.19495149400326,35.368929169141154,35.11501725977388,35.256080627441406,29682200
2019-05-22,35.025676759204565,35.2842917365157,35.006868071091894,35.072696685791016,23042200
2019-05-23,34.59780092689826,34.61660962053605,34.202825535287566,34.45673751831055,32171400
2019-05-24,34.644814105974,34.82349127957495,34.42851955243891,34.46613693237305,23500000
2019-05-28,34.57429318976722,34.79529088151087,34.34859601461041,34.367401123046875,51545600
2019-05-29,34.11349152367441,34.32978613716824,33.9348107131508,34.16521453857422,29509600
2019-05-30,34.245139479380306,34.44732841329081,34.14169347774366,34.37679672241211,22841000
2019-05-31,33.963022276939284,34.12289078948517,33.789044553823366,33.80315017700195,24079600
2019-06-03,33.854877741189284,34.042961112785385,32.98499618337322,33.210693359375,39407400
2019-06-04,33.633879910330734,34.32038116455078,33.46460523532941,34.32038116455078,30192400
2019-06-05,34.776480953543306,34.84701266355282,34.372102976039976,34.7670783996582,28791600
2019-06-06,34.86110974090906,35.241975859232056,34.70124125231601,35.17144775390625,23845000
2019-06-07,35.35484364438272,36.03664193837644,35.28431192046104,35.825050354003906,23984200
2019-06-10,36.08366529075476,36.53036385940708,36.08366529075476,36.19181442260742,26927600
2019-06-11,36.55857511667611,36.59619251796337,35.98492230292033,36.19181442260742,23100200
2019-06-12,36.01782382658463,36.11656677931244,35.90497525023736,35.9896125793457,15193800
2019-06-13,36.11656794138783,36.22471703826942,35.96610197228627,36.09775924682617,19734800
2019-06-14,35.76862066195385,35.900277953430894,35.62755722829008,35.7827262878418,16883400
2019-06-17,35.80623290370446,35.989613188645215,35.73099812660486,35.810935974121094,18702200
2019-06-18,36.19180217814303,36.638497008276055,36.07895359985319,36.45981979370117,32362400
2019-06-19,36.553859052512585,36.68551632283088,36.30465013549704,36.59147644042969,24742400
2019-06-20,37.12751388549805,37.249768609853206,36.817179385078674,37.12751388549805,27783800
2019-06-21,36.98973853065913,37.2728586588558,36.93783275381517,36.95198822021485,41430400
2019-06-24,37.01803879642426,37.14544515744367,36.96613303453734,37.02275848388672,16431800
2019-06-25,37.00387357191469,37.03690417530449,36.30079152829402,36.343257904052734,26245400
2019-06-26,36.697177821896666,36.99445700681604,36.68774204462877,36.73492813110352,18138400
2019-06-27,36.85759940268276,36.956691222807486,36.74906820917504,36.829288482666016,13675000
2019-06-28,36.94254432571113,36.985010715579534,36.71133002516028,36.82457733154297,35566800
2019-07-01,37.66921198961332,37.716398055426986,37.25396597029451,37.40968322753906,28553200
2019-07-02,37.39081825114963,37.53238008716017,37.30588186955672,37.508785247802734,15568400
2019-07-03,37.60315164626021,37.79661560058594,37.5276510591611,37.79661560058594,10683600
2019-07-05,37.489903754126495,37.79189892646426,37.353065229217,37.72583770751953,11847800
2019-07-08,37.43329126653742,37.48519703726406,37.2634184896261,37.43800735473633,14919800
2019-07-09,37.24453934037506,37.59844032095633,37.18791388745797,37.57012939453125,18499600
2019-07-10,37.77774506493985,38.0938993119243,37.74943414135514,37.86740112304688,20217200
2019-07-11,37.961778673822096,38.15524627937671,37.88156197886549,38.00896835327149,22704400
2019-07-12,38.126916390799884,38.31094452891845,38.06085519250426,38.28734970092773,15506800
2019-07-15,38.39118482056841,38.46196574805346,38.30624842759987,38.41477966308594,12572000
2019-07-16,38.36757563880297,38.37229532555607,37.99008350007672,38.05614471435547,16011400
2019-07-17,38.1269345297456,38.21187091082933,37.952342079721525,37.957061767578125,13416000
2019-07-18,37.87212074827655,38.29680260168424,37.84380622467165,38.240177154541016,16044000
2019-07-19,38.62238856678157,38.63654402838368,38.027833979027314,38.07502365112305,23359400
2019-07-22,38.22129940493155,38.60823093391709,38.2165797179741,38.513858795166016,13849400
2019-07-23,38.73563206251677,38.76394658301192,38.438356597814,38.7261962890625,11010800
2019-07-24,38.67430102523856,39.06123264300921,38.67430102523856,39.04707717895508,18514200
2019-07-25,38.96214328388662,38.96214328388662,38.67902318451371,38.88664627075195,19846800
2019-07-26,38.90550403348009,39.047065833022025,38.8677573403262,38.97156524658203,22240400
2019-07-29,38.99044917747624,39.01404401607103,38.64598757442071,38.94798278808594,16946400
2019-07-30,38.67901608551532,38.86304429633525,38.59407971128561,38.69789123535156,14728000
2019-07-31,38.90550832530598,38.94797830988004,37.7116830710402,38.112770080566406,33738600
2019-08-01,38.1788441957522,38.98573809843453,37.73056740532821,37.919315338134766,57666000
2019-08-02,37.61259753983741,37.6267530037107,36.96142100119658,37.30116653442383,44743800
2019-08-05,36.30551965473828,36.3574254149986,35.45615594144818,35.743995666503906,55653200
2019-08-06,36.22529967153657,36.47067301299911,35.923304482095475,36.33855056762695,38301600
2019-08-07,35.923311234269605,36.6641438851252,35.72512752896061,36.5650520324707,41164800
2019-08-08,36.85761077680365,37.47104063362018,36.76323861424753,37.46160125732422,31983200
2019-08-09,37.23982202593717,37.34363356286771,36.75379855764164,37.03691864013672,31145200
2019-08-12,36.78211384705971,36.91895601650536,36.381026715963245,36.550899505615234,21786800
2019-08-13,36.51786062871155,37.60787444913644,36.43764394064279,37.46631622314453,52085600
2019-08-14,36.777388835803166,36.94254189676652,36.22058451593621,36.31495666503906,47138600
2019-08-15,36.34799321996659,36.43764929631937,35.94218643235663,36.2489013671875,31324600
2019-08-16,36.62166222609762,37.01331338528951,36.569756477285885,36.93781280517578,21694000
2019-08-19,37.51822283734148,37.61259499014412,37.30588009343524,37.49934768676758,15756200
2019-08-20,37.452150624416014,37.64089487465638,37.29171369163272,37.31058883666992,16675400
2019-08-21,37.66921873854299,37.84380757334002,37.57956267738773,37.74943542480469,16802600
2019-08-22,37.848537989704205,37.93347438748959,37.32476413670564,37.6597900390625,15188200
2019-08-23,37.45216276919231,37.796624377640285,36.263053446711766,36.4140510559082,40797800
2019-08-26,36.86231965689751,36.93309695802904,36.61222665932345,36.918941497802734,20717000
2019-08-27,37.15959925903464,37.22566048082314,36.64998103375189,36.86232376098633,20066000
2019-08-28,36.66413734293907,36.95669676052599,36.399892449677765,36.895355224609375,14279000
2019-08-29,37.3955285012302,37.650337581700775,37.26340607433422,37.53709030151367,16241200
2019-08-30,37.78246951445216,37.82965559306302,37.25869576171738,37.52766036987305,20150800
2019-09-03,37.216231636445166,37.54653780689493,36.93782763557986,37.069950103759766,23675000
2019-09-04,37.471044720195,37.72113421830389,37.43329441102863,37.7022590637207,15458800
2019-09-05,38.19771685236542,38.64599365573849,38.17884529860027,38.49027633666992,20086600
2019-09-06,38.57520040266353,38.59407555046485,38.35342191608103,38.45723342895508,18300200
2019-09-09,38.63654753710016,38.65542268763927,37.96649589326281,38.16939926147461,25221400
2019-09-10,37.994808440926256,37.994808440926256,37.54653529670433,37.97593688964844,19717000
2019-09-11,38.09389506193816,38.381731153092005,38.01367478728704,38.37229537963867,18818600
2019-09-12,38.6082288277825,38.891348828657456,38.41948096051048,38.57991790771485,25542000
2019-09-13,38.51858125823241,38.51858125823241,38.25433634593453,38.29680633544922,33067200
2019-09-16,37.98064461630784,38.28735945802331,37.94289792199482,38.202423095703125,15451800
2019-09-17,38.23074790707025,38.358154296875,38.141095425428325,38.358154296875,15402600
2019-09-18,38.29679841667925,38.38173117801291,37.83436631570983,38.35342025756836,17261400
2019-09-19,38.47139655149317,38.77811146423168,38.38646016950507,38.4383659362793,16387000
2019-09-20,38.56285090279594,38.5817848578511,37.89071174910993,37.9901123046875,30027200
2019-09-23,37.99484429461676,38.22204815122936,37.914377691532565,38.10844802856445,15648400
2019-09-24,38.35930645990541,38.5060400632813,37.57829814949739,37.739234924316406,35448200
2019-09-25,37.68717052992299,38.293042554657696,37.34163222232284,38.188907623291016,23913200
2019-09-26,38.174711911358656,38.364047841000655,37.93330851078304,38.23151016235352,18178600
2019-09-27,38.23151255858841,38.311982771345576,37.43630449327678,37.72031021118164,25564200
2019-09-30,37.881243269319626,38.20784767689206,37.829175795321625,38.11791229248047,22002800
2019-10-01,38.28831832611263,38.54392133150404,37.74871318515847,37.76291275024414,22044600
2019-10-02,37.51204843496048,37.52151360900772,36.77364207563696,37.05290985107422,39509600
2019-10-03,37.03869019737352,37.52149326018371,36.57955186248921,37.50729370117188,34944400
2019-10-04,37.772380622091966,38.17471727202762,37.734512708589484,38.127384185791016,21876800
2019-10-07,37.99957562506574,38.28357771448989,37.93804298259664,37.9664421081543,21238800
2019-10-08,37.720310832103415,37.83391095436573,37.2659067317714,37.27063751220703,28733600
2019-10-09,37.65877261714648,37.96644305976866,37.60197436460752,37.82444381713867,20503000
2019-10-10,37.78657995511189,38.23624968852659,37.7581772145177,38.08478164672852,18796200
2019-10-11,38.55338185105055,38.95098768187361,38.49184920601195,38.61018371582031,31941200
2019-10-14,38.57231776988962,38.74745415338485,38.567586989379926,38.586517333984375,11325600
2019-10-15,38.74271351359052,39.10718578589761,38.70484560792288,39.01251602172852,16205800
2019-10-16,38.79951960762213,38.81845356252286,38.60071849808837,38.74271774291992,20066000
2019-10-17,38.87525466943253,38.98412401528224,38.46345285678338,38.666988372802734,13731800
2019-10-18,38.61019566676513,38.66699754911669,38.05639085615163,38.297794342041016,17452600
2019-10-21,38.52498933379588,38.72852487003687,38.387720845513975,38.709590911865234,12678600
2019-10-22,38.78531447757518,38.92258292244196,38.16050850065725,38.188907623291016,18916000
2019-10-23,38.07057027422373,38.226772659554086,37.99010369194392,38.22203826904297,17617000
2019-10-24,38.629122012246256,38.81372357939194,38.48711914000355,38.78059005737305,14508200
2019-10-25,38.78058384421088,39.29652054888559,38.75691549886806,39.24918746948242,16305400
2019-10-28,39.594728714856295,39.765130702232746,39.57579475944972,39.74619674682617,14459800
2019-10-29,39.71306376603201,39.78406519694848,39.37225978665921,39.38645935058594,15520800
2019-10-30,39.5047883193586,39.67519028512408,39.23972019984889,39.62785720825195,25558600
2019-10-31,39.6893841677124,39.73198645869874,39.34858028494873,39.60418319702149,22461800
2019-11-01,39.73673351426166,40.07753753662109,39.67520085905692,40.07753753662109,19841200
2019-11-04,40.385205313142926,40.40887366193272,40.20060374868807,40.28580474853516,20363200
2019-11-05,40.39939754191048,40.41359710409271,40.10119590223662,40.23846435546875,15799600
2019-11-06,40.233727759646335,40.25739610284133,40.015992725124455,40.21952819824219,17077200
2019-11-07,40.48933760163696,40.76387453986229,40.42307056293192,40.53667068481445,28085000
2019-11-08,40.43253525309667,40.76387405395508,40.27160204995497,40.76387405395508,12573000
2019-11-11,40.53193420711766,40.83960464886111,40.47986673491727,40.782806396484375,8488000
2019-11-12,40.8396040509826,41.07153867111818,40.74020349949592,40.92007064819336,16562400
2019-11-13,40.759141168350624,41.04787767762792,40.74967238470846,41.010009765625,15372200
2019-11-14,40.849065463983486,40.99579906904578,40.73546175882377,40.96266555786133,12182600
2019-11-15,41.25140766082541,41.29400634765625,41.12360437776818,41.29400634765625,14124800
2019-11-18,41.27982286202123,41.47862403388734,41.12362039357624,41.417091369628906,13022200
2019-11-19,41.58274814551759,41.62061605729573,41.346079113828495,41.4975471496582,14087400
2019-11-20,41.40288365107322,41.525952566645984,40.93427994927335,41.246681213378906,24759800
2019-11-21,41.1662173175599,41.21355040781302,40.95321299449592,41.03841400146485,18755400
2019-11-22,41.156741554136026,41.22300859151071,40.82540636726262,40.9863395690918,11780000
2019-11-25,41.17094282959855,41.58274459838867,41.1567396554312,41.58274459838867,14739800
2019-11-26,41.60641734845382,41.72475186673083,41.54015030712132,41.6206169128418,19454400
2019-11-27,41.74841936052335,41.85255432128906,41.62535405351219,41.85255432128906,18697000
2019-11-29,41.74368030591948,41.809947338493735,41.65847931956938,41.7294807434082,11360200
2019-12-02,41.74841686087103,41.74841686087103,40.95320874869811,41.133079528808594,23167600
2019-12-03,40.48460975172021,40.797014651481206,40.30947695453603,40.76861190795898,22494400
2019-12-04,41.03368478691652,41.066818312487,40.87274794037173,40.93428421020508,13829000
2019-12-05,41.0810085589225,41.11887646849293,40.89167262235295,41.08574295043945,15620600
2019-12-06,41.3981468243891,41.57801398943066,41.365013304216106,41.5401496887207,18407000
2019-12-09,41.469144214060776,41.60167828183307,41.322410583496094,41.322410583496094,11370200
2019-12-10,41.38868237939786,41.57328393950343,41.25141390447372,41.35554885864258,12350800
2019-12-11,41.46440942692003,41.6726793093071,41.37920843969645,41.63481140136719,9879000
2019-12-12,41.51648419744985,42.14129034318962,41.4170836300916,42.07975769042969,24189400
2019-12-13,42.03716157829575,42.453701477692455,41.95669495637907,42.359031677246094,26256200
2019-12-16,42.680888109843885,42.88442360152727,42.67142293847179,42.73768997192383,19744600
2019-12-17,42.81343082504691,42.83236478289821,42.58149616111406,42.63829803466797,14919400
2019-12-18,42.690346770487054,42.79921246622481,42.61934536254239,42.633544921875,12970200
2019-12-19,42.66194806193543,42.945953720485,42.647748501264346,42.941219329833984,13724000
2019-12-20,43.195297781035976,43.24278529104901,43.08132703239173,43.190547943115234,23400800
2019-12-23,43.32350266319166,43.42322748573522,43.26176566133363,43.314002990722656,15530400
2019-12-24,43.38999552999526,43.38999552999526,43.2285336696777,43.3282585144043,4890800
2019-12-26,43.41848136542318,43.66067231122147,43.38998959170472,43.65117263793945,8269200
2019-12-27,43.82688492668541,43.82688492668541,43.537206453504375,43.64643096923828,19332200
2019-12-30,43.6369205255033,43.64167036146666,43.06231355808816,43.39472961425781,16491200
2019-12-31,43.24752302623239,43.579939126362426,43.19053585632564,43.53245162963867,11601800
2020-01-02,43.92661723721968,44.34926223754883,43.84113826956521,44.34926223754883,26567000
2020-01-03,43.70342315585764,44.15456357319077,43.698673317783744,43.85063552856445,30023600
2020-01-06,43.41373552432601,44.00259213783689,43.33300640931802,43.9551010131836,15630000
2020-01-07,44.031074797984346,44.15454517500418,43.86961297833328,43.93609619140625,15363600
2020-01-08,43.98360499418556,44.60094988142252,43.90287224036174,44.40625,23254400
2020-01-09,44.81463575489578,44.938102521696834,44.58669069845797,44.909610748291016,15554800
2020-01-10,45.10432343799881,45.16605683405041,44.72916597799795,44.80514526367188,15330600
2020-01-13,45.00934728077279,45.41774638007142,44.98560533778292,45.365509033203125,15524400
2020-01-14,45.42248861932846,45.465226283399616,45.08057281450287,45.15180587768555,16134600
2020-01-15,45.18029877936715,45.42248975099664,45.052082160895175,45.204044342041016,14417000
2020-01-16,45.493726997914266,45.82139332993598,45.43198997851279,45.81189727783203,11543200
2020-01-17,46.025581080348445,46.163297350500585,45.77864393518628,46.12055969238281,21661000
2020-01-21,45.97810353326599,46.36750686919566,45.96860748153987,46.1015739440918,17975000
2020-01-22,46.39125453507253,46.5907042379374,46.22979266389774,46.26778411865234,15491600
2020-01-23,46.31527482243695,46.52422421494529,46.11582510580523,46.48623275756836,14956400
2020-01-24,46.82814539555688,46.93262008459976,46.10632224747754,46.26778411865234,23617400
2020-01-27,45.18980315181249,45.52221932542104,44.976103934723085,45.16605758666992,35574600
2020-01-28,45.56021340893127,46.153816341096565,45.46523476594596,46.03034591674805,31184400
2020-01-29,46.41024983052803,46.47673306419759,45.96385929897716,46.14906311035156,21126600
2020-01-30,46.130067062408486,46.590703480390815,45.84988824004409,46.5479621887207,19933600
2020-01-31,46.27727106268995,46.3010166230042,45.109061231892575,45.27052307128906,26964600
2020-02-03,45.32276569061708,45.98285176601103,45.2705283502854,45.86887741088867,25075600
2020-02-04,46.66667874839248,47.170056414712654,46.55270801885727,47.07033157348633,19097800
2020-02-05,47.84439588240723,47.86814144869636,47.003855732517394,47.34576797485352,32697000
2020-02-06,47.54047476750733,47.7921618461244,47.32677914835905,47.77791595458984,13505600
2020-02-07,47.55471043526646,47.73991423152871,47.24603623380798,47.34101486206055,16598000
2020-02-10,47.06557858231505,47.991597490977846,47.05607890870296,47.98210144042969,16347600
2020-02-11,48.34775628837114,48.39049757095279,47.67817426114406,47.82063674926758,15105800
2020-02-12,48.14831084149312,48.35726019002232,47.87762810501847,48.33826446533203,12152800
2020-02-13,47.95836543532343,48.46174316820996,47.88713236129504,48.210052490234375,14802800
2020-02-14,48.3050203696484,48.49972019735284,48.15305820300208,48.41899108886719,12392400
2020-02-18,48.02958749828696,48.34301150293172,47.9773501641795,48.2385368347168,20633200
2020-02-19,48.55195800903604,48.884377742698746,48.51871639797615,48.81314468383789,16615600
2020-02-20,48.70867622902096,48.82739680124954,47.64494091631086,48.30502700805664,26324600
2020-02-21,48.05808403620452,48.10082532428572,46.92786554351825,47.222293853759766,29899000
2020-02-24,44.95709906584732,45.92585923303477,44.54395385166444,45.27052307128906,42365200
2020-02-25,45.67893134306156,45.84513942980418,43.660681490887285,43.82213973999024,62934400
2020-02-26,43.98834575604245,44.9761018008507,43.68917121398897,44.02158737182617,55759600
2020-02-27,42.57793949973791,43.48021277511332,41.61867543338587,41.64716720581055,67825800
2020-02-28,39.98984622321301,42.36425820860553,39.9186131390382,41.96535873413086,111854400
2020-03-02,42.72040325061827,44.40148671168945,41.97008848798704,44.39199066162109,70008600
2020-03-03,44.6436859640712,44.95236018317668,42.25502857868807,42.7061653137207,94989200
2020-03-04,43.62743812833734,44.55345716247792,43.02433557948523,44.53921127319336,44727600
2020-03-05,43.35200943792351,44.17830369858304,42.8533815295749,43.13356399536133,49019000
2020-03-06,41.68990949214831,42.47346586028171,41.07256117227019,42.221778869628906,57631800
2020-03-09,38.740894333254325,40.83987298210138,38.70290288420073,39.01632690429688,59119800
2020-03-10,40.68791029495978,41.62342888346856,39.23477180612463,41.61867904663086,71164600
2020-03-11,40.5026998712523,40.75438683642483,39.08754943995207,39.65266036987305,63304200
2020-03-12,36.774892842733095,38.89286783291042,35.616178670602025,35.78238677978516,65490600
2020-03-13,38.03332249423789,40.07056804026665,36.233521726432265,39.98034286499024,65849600
2020-03-16,34.05855156246894,37.61541818411003,33.80686457912409,34.45745086669922,81244800
2020-03-17,35.26950394626887,37.24976572906298,34.163031031167314,36.80337524414063,100814600
2020-03-18,34.35772486321792,36.00556660102517,33.36996906316868,35.41671371459961,107412400
2020-03-19,35.08905435578347,36.75114247677007,34.24851424303294,35.54494094848633,123454200
2020-03-20,36.21452406191729,36.58493166445908,33.80212118502422,33.91609191894531,90444000
2020-03-23,33.74471284964586,34.47507595170511,32.50834367243548,33.60627746582031,84958400
2020-03-24,35.639841400122926,37.07669810487711,35.49663137253452,37.04805755615234,75329000
2020-03-25,37.32970150473294,38.709277192387255,36.28905235066328,37.00032424926758,57480800
2020-03-26,37.468137834766,39.38713488249609,37.37744154226896,39.29166030883789,56425800
2020-03-27,38.0743930621187,38.79043604185222,37.35357544276507,37.51587677001953,58485400
2020-03-30,38.01710445128348,39.18663974260036,37.89776396678247,39.09594345092773,47480200
2020-03-31,39.00524478196519,39.70696743630076,38.16508672408195,38.36558151245117,39988800
2020-04-01,37.038516590852986,37.83093927524341,36.265192465874925,36.53728866577149,54984800
2020-04-02,36.40840113175889,37.43950488470885,36.26042006502348,37.39176940917969,44223600
2020-04-03,37.22946586741715,37.63045188979356,36.351121429232535,36.81416320800781,31572000
2020-04-06,38.43241046740698,40.21774308737635,38.18895486041672,39.95519256591797,35987200
2020-04-07,41.3634211304929,41.37774140884958,39.55421857777176,39.5971794128418,44298800
2020-04-08,40.1174974439023,40.8287657071104,39.74038107831343,40.66168975830078,27428600
2020-04-09,41.14382891295238,41.35386570092328,40.384821495063406,40.67123794555664,39259800
2020-04-13,40.50894252167935,40.819228572368125,39.93133489721973,40.76194381713867,25301600
2020-04-14,41.66893685512097,42.54728134375735,41.50186085369379,42.47090530395508,31779000
2020-04-15,41.62596573093633,41.88374165285244,41.234529029208105,41.54481506347656,25858200
2020-04-16,42.08899777889306,42.15582815342328,41.36340929457256,42.05080795288086,23667600
2020-04-17,42.79550392652828,42.80504956403303,41.993535622757925,42.60933303833008,28284800
2020-04-20,42.03171697862768,42.59022953056609,41.86941203792098,41.92669677734375,20407000
2020-04-21,41.33477031745764,41.435019533879256,39.926553993981095,40.17000961303711,32765000
2020-04-22,41.1438266760556,41.94579487902512,40.99584199845985,41.71665954589844,24032000
2020-04-23,41.81214337358453,42.28473446105448,41.39684068954474,41.43025588989258,21169600
2020-04-24,41.60210376379052,42.31814684529472,41.334778536813545,42.30859756469727,16885000
2020-04-27,42.69048926762556,42.81460442326046,42.41361839812596,42.67139434814453,15598600
2020-04-28,43.20125889339175,43.22989944656059,42.04604378379904,42.10332489013672,25267600
2020-04-29,43.00077381433682,43.98413845992498,42.84801810587668,43.83138275146485,22925800
2020-04-30,43.92207854987471,43.92207854987471,43.31105577384236,43.63566207885742,30861200
2020-05-01,42.67616191750421,43.272864394980544,42.275175958809,42.43748092651367,23990200
2020-05-04,42.24176308204701,43.04373140142989,42.046046552533895,43.000770568847656,21458000
2020-05-05,43.49245156185919,44.14643880471037,43.41607189467234,43.59269714355469,17374600
2020-05-06,44.012768390658906,44.35646956220653,43.735901239785534,43.931617736816406,16941000
2020-05-07,44.52831842838396,44.84337903746308,44.46148805227305,44.59037780761719,21088800
2020-05-08,45.01523778771607,45.30642889733412,44.75268723249224,45.24436950683594,15221600
2020-05-11,44.93407863080019,45.8124265045857,44.84338233767915,45.54510498046875,20768800
2020-05-12,45.73126867273668,45.860154775361714,44.57127918118325,44.60469436645508,27042000
2020-05-13,44.628570109247285,44.9722713146288,43.25854356921849,43.83615112304688,33942200
2020-05-14,43.530651955249446,44.42331676964738,43.05328984548067,44.394676208496094,30475200
2020-05-15,43.69294274982703,44.62857182149427,43.56882761157008,44.61902618408203,28032800
2020-05-18,45.49736602984292,45.96995697987782,45.33983935514724,45.712181091308594,20033400
2020-05-19,45.73127584790485,46.25159862048714,45.52601006560574,45.54510498046875,20092800
2020-05-20,46.17522615002982,46.6287185764185,46.15135659412183,46.54279327392578,18192000
2020-05-21,46.49505078766831,46.63348617868144,45.86970420868042,45.89357376098633,20581600
2020-05-22,45.82673975936214,46.11793079294165,45.640568920448295,46.060646057128906,18489600
2020-05-26,46.98196070904534,47.01537589877366,45.97472673611403,46.012916564941406,26001400
2020-05-27,46.00814176009922,46.29456183329021,45.029551983305055,46.27546691894531,38856800
2020-05-28,46.1036180193086,47.02969772604629,46.07020282847759,46.18476867675781,21147400
2020-05-29,46.32321167617874,46.87694973532975,45.93654959858262,46.76715850830078,35555000
2020-06-01,46.54757231727894,46.85308372349402,46.34230649979226,46.752838134765625,26719400
2020-06-02,46.84830395262518,47.1920051574707,46.40435717003019,47.1920051574707,22415200
2020-06-03,47.38295632090582,47.712333646470775,47.17769050144557,47.55957794189453,22035800
2020-06-04,47.373398564716574,47.70277947333204,46.90558589652045,47.16813278198242,15138800
2020-06-05,47.502294146258606,48.547714460857165,47.42113983748618,48.40928268432617,20756400
2020-06-08,48.32335176571237,48.67182394944781,47.879405006857,48.65272903442383,16130200
2020-06-09,48.40927534672908,49.12054360674797,48.36631087895209,48.88186264038086,14707800
2020-06-10,49.235112760863785,50.07049619931045,49.14441282211223,49.69815444946289,24389600
2020-06-11,48.83413234716543,48.90573373107232,46.83398447175378,46.84830474853516,39742000
2020-06-12,48.10376444450516,48.34244543114294,46.62871769523546,47.45455551147461,43287000
2020-06-15,46.59052059479912,48.127626491662696,46.43776493286138,47.91281509399414,29924000
2020-06-16,49.05849107525138,49.35445682598957,48.175372104769046,48.93437957763672,27935800
2020-06-17,49.21124403098557,49.38786927204682,48.84367691437822,48.9248275756836,17324200
2020-06-18,48.83413442035843,49.1969269208316,48.729114196859285,49.14441680908203,13717200
2020-06-19,49.736350534774566,49.79363164688756,48.57158602870082,48.80549240112305,31280000
2020-06-22,48.86819187949698,49.76810805780303,48.7916053665463,49.72502517700195,14738000
2020-06-23,50.17019607669216,50.658449254255885,50.01223525055813,50.08403396606445,19028000
2020-06-24,49.87820895934709,50.15584286888088,48.68630265037555,48.95436096191406,25425600
2020-06-25,49.02616073821846,49.63408335795126,48.49482829030286,49.58142852783203,20534400
2020-06-26,49.485684382923246,49.55748674666683,48.45653056000496,48.60491943359375,44275600
2020-06-29,48.60013693616147,49.141044970274606,48.0161496703156,49.13625717163086,18547200
2020-06-30,49.14104395062675,50.21806854584133,49.07402572706588,50.01702117919922,16500000
2020-07-01,50.05052943363681,50.3903900964619,49.82076622734225,50.0984001159668,21709200
2020-07-02,50.57229213943887,50.84513824137651,50.28508629298143,50.3903923034668,19144600
2020-07-06,51.041393261443446,51.51049893552409,51.01267377291497,51.27116012573242,16046200
2020-07-07,51.21371251565453,51.73068517100912,50.68238011743232,50.73503494262695,15863600
2020-07-08,51.13712575278692,51.56793629680762,50.86427968357714,51.56314849853516,13327000
2020-07-09,51.98438313900527,51.99395873549364,51.007880462331975,51.74983215332031,17767800
2020-07-10,51.63017159493722,51.75941295348249,51.12277445484155,51.73548126220703,14724600
2020-07-13,52.17586158674688,52.52051006412023,50.53399717238587,50.66323852539063,28910400
2020-07-14,50.26115195023462,51.31902909113519,49.72503168137139,51.24722671508789,30053200
2020-07-15,51.71632833777031,51.97002688142513,50.92172176886929,51.52485656738281,23779200
2020-07-16,50.97437622477226,51.11798096451924,50.49569862830933,50.888214111328125,17180600
2020-07-17,51.1897893859993,51.28073565670507,50.66802884512216,51.13713455200195,12710400
2020-07-20,51.2807221546726,52.56836587099636,50.99351636886596,52.44390869140625,17018400
2020-07-21,52.81728237740423,52.83642991882966,51.72589808029503,51.9173698425293,18794800
2020-07-22,51.96523277595503,52.49656513958407,51.92215355015691,52.33381652832031,15028000
2020-07-23,52.056185183011976,52.40083361406408,50.74460967774812,50.97437286376953,23349600
2020-07-24,50.12232539834033,50.68716504864391,49.528766263926016,50.356876373291016,22911600
2020-07-27,50.66323605467099,51.20414408662228,50.56271419567605,51.1514892578125,16908000
2020-07-28,50.99352891906027,51.151493418338006,50.51485127423361,50.55314636230469,17825400
2020-07-29,50.744618038209225,51.42433941587213,50.744618038209225,51.2855224609375,13187000
2020-07-30,50.82120346496214,51.60623449162854,50.54835735998687,51.57272720336914,21556800
2020-07-31,52.38647702606557,52.87951436328054,51.53443149355578,52.86036682128906,25185800
2020-08-03,53.578373996791576,54.33468534128416,53.554438660413865,54.16236114501953,24327000
2020-08-04,54.047487075935685,54.305969754234894,53.81293243330033,54.30118560791016,17971600
2020-08-05,54.4735197360425,54.626696442756696,54.2293931043346,54.50223922729492,12960200
2020-08-06,54.45915343270405,55.320774644512255,54.33948402284294,55.26811981201172,16399400
2020-08-07,55.04791697871678,55.052704776671774,54.01397174162529,54.44478225708008,27476200
2020-08-10,54.55009705145669,54.641046961091575,53.55923459834763,54.29161071777344,16481200
2020-08-11,54.11450748455713,54.34427070162291,53.20501925795558,53.31511306762695,18844400
2020-08-12,53.74592197427727,54.66976991638675,53.67890740040573,54.52616882324219,14196800
2020-08-13,54.60274561016889,55.00483663375013,54.353834901871714,54.55009078979492,11453600
2020-08-14,54.57403309737714,54.66976715463732,54.2102371061521,54.51180267333984,8334200
2020-08-17,54.842091622079295,55.000056104076,54.77507705129649,54.8755989074707,8174600
2020-08-18,54.98091429057901,55.22982505770334,54.61711825983984,55.08143615722656,8930000
2020-08-19,55.22024342243718,55.464369999756926,54.92346202153826,55.01441192626953,14239400
2020-08-20,54.80857669798413,55.85688164801546,54.751134080167446,55.74678421020508,12803000
2020-08-21,55.79944870359747,56.51746511669276,55.770729215720166,56.45523834228516,15288600
2020-08-24,57.26898232845464,57.28812986887711,56.46959168892112,56.9434814453125,16440600
2020-08-25,56.81424284727152,57.254625342126616,56.7280807372329,57.230690002441406,18628200
2020-08-26,57.829039227181454,58.54705562146787,57.6997978830988,58.39387893676758,16463000
2020-08-27,58.63799766975075,58.906055919023295,57.91519357386829,58.44173812866211,18174200
2020-08-28,58.671512038773045,59.14540183013417,58.594925523451536,58.95393371582031,13092600
2020-08-31,59.18848058114574,59.523553409828416,58.81989681757486,59.1406135559082,19040000
2020-09-01,59.67195856142421,60.346892159725606,59.29858692072349,60.27030563354492,25612600
2020-09-02,61.13191647522992,61.13670427384395,59.74375069080448,60.80641555786133,40395000
2020-09-03,59.83469963757352,59.88256666687953,56.866899996357965,57.34078979492188,54162000
2020-09-04,57.02007082799155,57.83382119871945,54.11449825794143,56.5413932800293,62544200
2020-09-08,54.3921352458891,55.68456697783582,53.88952594903787,53.985260009765625,47860400
2020-09-09,55.30161396517996,56.29247629739461,54.69847926017375,55.74678421020508,36783800
2020-09-10,56.51267336070445,56.598835470323145,54.15758056715365,54.48786926269531,32109800
2020-09-11,55.00005831220613,55.21067397797061,53.38212564744147,54.0714225769043,37166400
2020-09-14,54.97132839585954,55.50266077148682,54.712845731194285,55.20588302612305,24730200
2020-09-15,56.04836088707711,56.14888640125999,55.378215139327445,55.751583099365234,18260400
2020-09-16,56.00048537978664,56.07707554052074,54.83729879078152,54.88995361328125,19637000
2020-09-17,53.60710117582976,54.81337072288044,53.52093906532613,54.43521499633789,30403600
2020-09-18,54.52616295348511,54.62189700527568,52.83642808842356,53.49700546264648,41837600
2020-09-21,52.53128876104172,53.96570374895565,52.344191313057685,53.94171905517578,38381800
2020-09-22,54.550983186578165,54.934774879279104,53.62508911353783,54.79565048217773,25537400
2020-09-23,54.82444403088166,54.87721549019212,52.92468247603341,53.08779525756836,23707800
2020-09-24,52.59365526307011,54.047263914863095,52.52649226187811,53.38522338867188,31838600
2020-09-25,53.41400985289752,54.82444028704488,53.07819482577162,54.66133117675781,19326600
2020-09-28,55.56803272759966,55.7119518779449,55.10748485829849,55.707157135009766,17473200
2020-09-29,55.63519754898274,55.87026806430951,55.40012703365596,55.52006149291992,20851000
2020-09-30,55.49126801217098,56.556286467046846,55.467283319289,55.98539733886719,22318400
2020-10-01,56.76258269961403,56.839342513053424,56.21568183924106,56.57548522949219,27076400
2020-10-02,55.18424597053467,56.10054704862732,54.92039234111234,55.14107131958008,37251600
2020-10-05,55.53446076061309,56.38359523976686,55.50087925375638,56.35001373291016,12270600
2020-10-06,56.21568737052003,56.74819673329611,55.2801999278646,55.47689056396485,26862200
2020-10-07,56.05736382662944,56.60426465146609,56.01418917945718,56.493927001953125,12992400
2020-10-08,56.98805669615115,56.98805669615115,56.59467182588164,56.78656768798828,10109600
2020-10-09,57.055219686389584,57.66928351690919,57.04082813725383,57.65489196777344,14425400
2020-10-12,58.50403032586252,59.61702201014762,58.21138993963972,59.22843551635742,19163800
2020-10-13,59.42033074442388,59.52587365766414,58.62396415187237,58.84944152832031,17613800
2020-10-14,58.99337377350347,59.30520415968604,58.10106093186596,58.5376205444336,14534000
2020-10-15,57.568542700867184,58.388893995141416,57.41502673340258,58.27375793457031,13185000
2020-10-16,58.59518506739634,58.83025560656189,58.053082574187336,58.10585403442383,11544200
2020-10-19,58.3984837363296,58.61916268410335,56.86332058731245,57.04082489013672,16616400
2020-10-20,57.25670826261951,57.84198899045282,56.88731175052144,57.23751831054688,14566600
2020-10-21,57.09840117804336,57.69807353130848,57.0216450200824,57.15117263793945,12171800
2020-10-22,57.17514765714789,57.36224509490799,56.23006366327269,56.88250732421875,13486400
2020-10-23,56.96408291512654,56.973679723747246,56.34522052305376,56.82016372680664,10312800
2020-10-26,56.191697789042536,56.64265257728676,54.89640694891119,55.58723068237305,18189200
2020-10-27,55.85588155376925,56.10054889757061,55.54884960316383,55.86547470092773,19064800
2020-10-28,54.80525738558279,54.83883889261615,53.40442357774857,53.49557495117188,32756600
2020-10-29,53.70185694990733,55.01633765487447,53.668275446280376,54.387882232666016,19409000
2020-10-30,53.625088962387416,53.96090760758139,52.5648688979228,53.18373107910156,25848600
2020-11-02,53.59150840948424,54.02807155790678,52.80953712464044,53.318058013916016,24039800
2020-11-03,53.73544920387107,54.73809976997325,53.51477018444346,54.25836181640625,20970200
2020-11-04,55.90864994482836,56.79136583934305,55.34735753407003,56.36919784545898,30763800
2020-11-05,57.85158358219088,58.28814676750776,57.61171466545216,58.1202392578125,22189800
2020-11-06,57.98111481630668,58.51362410399448,57.18954665946463,58.3265266418457,19455200
2020-11-09,59.56426196535582,60.13994600590436,57.85159407548768,57.90436553955078,39768200
2020-11-10,57.40063112485095,57.803609138412085,56.36439567264955,56.82494354248047,23538400
2020-11-11,57.400629796856,58.33131866097624,57.28549374708928,58.17300796508789,14488600
2020-11-12,58.17300969731528,58.4608516603577,57.3862399569484,57.65489196777344,14352800
2020-11-13,58.09146605150785,58.26417200466029,57.54456508656184,58.14423751831055,11851600
2020-11-16,58.1490229802282,58.81105987988801,58.02908852057256,58.70552062988281,14864200
2020-11-17,58.41288830013694,58.69593190705258,58.12984103311155,58.37930679321289,9939400
2020-11-18,58.27855811936295,58.55680330257248,57.73165357968683,57.75564193725586,9542800
2020-11-19,57.64049928019884,58.32652450295687,57.386238823531365,58.22098159790039,12155200
2020-11-20,58.27375493086602,58.28814648018193,57.60212123528653,57.62131118774414,9915800
2020-11-23,57.79881419508581,58.177803852193314,57.10799056267992,57.60691833496094,9807000
2020-11-24,57.8276100474502,58.52322857620484,57.41023673413147,58.4080924987793,13634000
2020-11-25,58.60957399559743,58.77748151605904,58.31213886223957,58.53281784057617,12186400
2020-11-27,58.84465026855469,59.0941123563462,58.73430894542352,58.84465026855469,7025800
2020-11-30,58.82545086091668,59.32437861643222,58.15861560597498,59.2380256652832,32229200
2020-12-01,59.72736541738023,60.32703776092822,59.47790333291245,59.99601745605469,22681200
2020-12-02,59.74175630070977,59.97203208850826,59.29080153216366,59.90486907958984,16038800
2020-12-03,59.97202468487953,60.2694597847682,59.70816742519535,59.86648178100586,13775400
2020-12-04,59.95282911400804,60.47574152132284,59.82329786771866,60.46614837646485,10358800
2020-12-07,60.49974200551485,60.81636709084241,60.39419909036919,60.63886642456055,8905400
2020-12-08,60.58129175478554,61.02744807696259,60.32223289093024,60.83555221557617,7886800
2020-12-09,60.79719070571371,60.97948980515136,59.46351615891926,59.669803619384766,17271800
2020-12-10,59.30519438677285,60.03919271230059,59.16606997093743,59.75614547729492,9997400
2020-12-11,59.39634973793947,59.63142395019531,58.959790141096825,59.63142395019531,13023200
2020-12-14,59.81371616486708,60.3846053860056,59.775336257875885,59.84729766845703,11055800
2020-12-15,60.49493976676238,60.84514999389648,60.10635329482511,60.84514999389648,9099200
2020-12-16,60.92671207577365,61.47361297797576,60.72522304024858,61.25773239135742,10309200
2020-12-17,61.7038953220336,61.87660128393915,61.44963478370328,61.74227523803711,11505000
2020-12-18,61.83341055963466,61.84300736619748,61.13299374503004,61.5263786315918,17693400
2020-12-21,60.74642473050219,61.61677127417239,60.20305612792219,61.587921142578125,15232200
2020-12-22,61.929323332419,62.400566599796136,61.64562059246314,62.12166976928711,14334200
2020-12-23,62.19380922704943,62.23708443370151,61.55908418434813,61.65044784545898,11300800
2020-12-24,61.75622865106656,62.21304695227784,61.71295344482589,62.05916976928711,4384600
2020-12-28,62.674657468992095,62.88623490550796,62.38133553878006,62.76121520996094,8171000
2020-12-29,63.10262344676164,63.1843679471872,62.35249053719278,62.46308517456055,8841400
2020-12-30,62.67947101544339,62.80929662161556,62.33806063447826,62.42942428588867,8141400
2020-12-31,62.458276581229626,62.69870416177748,62.01589071349368,62.520790100097656,11058400
2021-01-04,62.83815412311351,62.85258652942517,60.70315952608119,61.50138092041016,21017200
2021-01-05,61.361915406413154,62.00145352613112,61.323446120573045,61.90047073364258,12361400
2021-01-06,61.015712383371365,62.020697930289394,60.645455515726255,60.83298873901367,27258000
2021-01-07,61.41963171187883,62.59291581736711,61.39558748622534,62.47270202636719,19652000
2021-01-08,62.78045929467416,63.04493114553591,62.16496517117882,62.87662887573242,12387600
2021-01-11,62.26593586032432,62.79968536898984,62.097633623335255,62.35729217529297,17853200
2021-01-12,62.280366385519294,62.36211088750765,61.46771993886084,62.05916976928711,17089200
2021-01-13,62.14091566864541,62.64581509794407,62.02070186820612,62.45347595214844,13605200
2021-01-14,62.6073407547898,62.73717370323396,61.81393267075131,61.9052963256836,15624800
2021-01-15,61.81392987580556,62.08801349094208,61.145541522951554,61.27056121826172,12641200
2021-01-19,61.69371638143007,62.17457152495288,61.47732936566464,62.06878280639648,11569600
2021-01-20,62.54483160057555,63.52096694808896,62.45827385997049,63.29977035522461,11770000
2021-01-21,63.641168586151295,64.32878778342717,63.29975827341448,64.1172103881836,8945200
2021-01-22,63.847938352476,64.19415460474131,63.71810542355991,63.87198257446289,11243600
2021-01-25,64.59327204227263,64.81446129850708,62.8477655305912,64.4057388305664,18205200
2021-01-26,64.63174005443699,64.7327155232896,64.20377928043858,64.44901275634766,8593400
2021-01-27,64.14126446547151,64.34803598342435,62.66022980842251,63.23244857788086,24484600
2021-01-28,63.55462854235524,64.55000229126392,63.338245177847895,63.49211502075195,16181600
2021-01-29,63.17475167794949,63.4247910720208,61.66005355972998,61.99665069580078,19023200
2021-02-01,62.73236763865867,63.85756695635936,62.27074345491949,63.54981994628906,11232600
2021-02-02,64.16530426569295,64.59807091099141,64.07394062479815,64.41053771972656,8595000
2021-02-03,64.54039147555645,64.6750303569761,63.99702270158299,64.18936920166016,11574800
2021-02-04,64.5355770419206,65.21357727050781,64.3480438149041,65.21357727050781,8134200
2021-02-05,65.41073138662983,65.42035054493513,64.88178773885804,65.06932830810547,9413800
2021-02-08,65.33378725822162,65.78098636567186,65.24242360523354,65.75213623046875,11713200
2021-02-09,65.57903946561693,65.98776201405528,65.55980114729712,65.67520904541016,10552200
2021-02-10,65.93965127495393,66.02139574792477,65.0212164253307,65.57901000976562,9464400
2021-02-11,66.02141896663242,66.34359106303174,65.76656630325287,66.3003158569336,7565800
2021-02-12,66.12720478879591,66.68499120761405,65.94447747694461,66.64171600341797,6755600
2021-02-16,66.90619395750034,66.95428241364596,66.25223057516853,66.42533874511719,9722200
2021-02-17,65.81463985787228,65.98294208971801,65.17510164903236,65.83868408203125,15274800
2021-02-18,65.1558762576602,65.62711227505186,64.68944615060549,65.51651763916016,10954800
2021-02-19,65.85310817106529,65.9108157756432,65.12701957075694,65.42034149169922,11685600
2021-02-22,64.61731762053375,64.82889506120249,63.939310095827295,63.97777938842773,14262600
2021-02-23,62.91509013565846,64.19416667835878,61.842785136215234,63.79986190795898,24198400
2021-02-24,63.32383127481423,64.83371651945599,62.83816275937161,64.77601623535156,16472200
2021-02-25,64.19896836688456,64.62692915643923,62.23227256641795,62.51116943359375,34313800
2021-02-26,63.13146904360792,63.809476562062365,62.28516662600418,62.842960357666016,35511600
2021-03-01,63.91045831547093,64.90582463828983,63.50654175946521,64.86735534667969,24773800
2021-03-02,64.95873049781044,65.00200570705839,63.746980615257215,63.83833694458008,24802800
2021-03-03,63.53058833770454,63.71331566640952,62.16496129493117,62.23228073120117,29889600
2021-03-04,62.03993201543422,62.4919370195267,60.08765765871365,60.857025146484375,76955600
2021-03-05,61.61677985699564,62.179379513249536,59.967446512839885,62.00627136230469,46085800
2021-03-08,61.948573687438085,62.24670155095631,60.4434946269004,60.50600814819336,35242400
2021-03-09,61.91972365952448,62.94875345250493,61.83797915929563,62.56406784057617,22987200
2021-03-10,63.23725927366248,63.24687843127052,62.26593713600641,62.31401824951172,18459000
2021-03-11,63.25169129839333,64.04029355183842,63.117052426141846,63.64599609375,13362800
2021-03-12,62.886229774629086,63.20840181312238,62.48231324910914,63.18917083740234,12442200
2021-03-15,63.23726016948683,63.90084264576045,62.987220766275286,63.86237335205078,16585000
2021-03-16,64.35285798985248,64.95873295403852,64.06915515769727,64.3432388305664,13106800
2021-03-17,63.82392921573125,64.67504524853052,63.33826794859086,64.29035949707031,19366400
2021-03-18,63.41035785820165,63.5209598108401,62.42941671092204,62.50635528564453,17584800
2021-03-19,62.52078303242409,62.794866627885725,62.02068961254793,62.318824768066406,27224800
2021-03-22,62.65275700332732,63.85260893355832,62.55156103977839,63.544212341308594,15984200
2021-03-23,63.717700805688814,63.99718643173423,62.980439914800016,63.14909744262695,12929200
2021-03-24,63.52976150253454,63.53940096471427,62.37327603464644,62.38291549682617,14209400
2021-03-25,62.01188775409701,62.62386507088142,61.54447299243387,62.34437942504883,22573000
2021-03-26,62.31063386499429,63.9971795509043,62.28653888464444,63.929718017578125,14883200
2021-03-29,63.73695636859293,63.91524594203389,63.115339859278905,63.59720993041992,17317800
2021-03-30,63.14909794489902,63.21655948601507,62.6142216714944,62.994895935058594,13235400
2021-03-31,63.47676401712857,64.38749846744595,63.423757997152165,63.99718475341797,15430400
2021-04-01,64.6958930731246,65.28859873755243,64.63325494441524,65.28377532958984,14351600
2021-04-05,65.66446192488998,66.74867000222737,65.57772145526955,66.63301849365234,12866800
2021-04-06,66.5269987278107,66.74383884756024,66.1270455789254,66.34870910644531,11315600
2021-04-07,66.29570078090303,66.82093751667378,66.05476568896172,66.70046997070312,10085200
2021-04-08,67.32691499740973,67.67867823722575,67.21126348512807,67.66422271728516,14144600
2021-04-09,67.418464140075,68.33401461554958,67.29799658526224,68.31474304199219,9401000
2021-04-12,68.0352505049957,68.20390065290762,67.65456895300585,67.987060546875,15907000
2021-04-13,68.24726318110935,68.68094332089035,68.12197225198067,68.62793731689453,11315800
2021-04-14,68.61831917039935,68.65205361649069,67.7702301957888,67.90033721923828,11216200
2021-04-15,68.52193638392463,69.11945803893023,68.5122969217981,69.06645202636719,11028800
2021-04-16,69.1194711246666,69.18211661121624,68.76288448602831,69.05200958251953,11695600
2021-04-19,68.74359909047016,69.06163516212028,68.06897645187095,68.47856903076172,10254000
2021-04-20,68.33401309661998,68.63277027303292,67.49074023167493,67.87142181396484,9873400
2021-04-21,67.7509644635796,68.57978193528992,67.56303534806139,68.5556869506836,9254200
2021-04-22,68.43520077573085,68.729141861401,67.45218155198755,67.75094604492188,11652200
2021-04-23,67.87623145332803,68.9797108913701,67.86177593665865,68.76287078857422,8886000
2021-04-26,68.78697866865224,69.18693186128061,68.73878870221256,69.1146469116211,7735000
2021-04-27,69.22546946392319,69.2784754760267,68.7002327502871,68.94598388671875,10822000
2021-04-28,68.54604223880398,68.63759876164481,68.14127299832953,68.30510711669922,10691200
2021-04-29,68.86409264662268,68.95082577924522,67.55340472232386,68.24729919433594,13416600
2021-04-30,67.55338742675349,67.91960614754959,67.15825031639588,67.31726837158203,10583400
2021-05-03,67.6786652063385,67.81358826831051,66.96068334500644,67.12933349609375,10805800
2021-05-04,66.62819344387393,66.64746501632331,65.19221497908201,65.9246597290039,19919600
2021-05-05,66.46434284039286,66.4932612242191,65.64034904383253,65.76563262939453,11245800
2021-05-06,65.73673353992407,66.46435491417226,65.26450279020864,66.42581176757812,14338600
2021-05-07,67.0908107765879,67.38957541129754,66.70531300302473,66.99443817138672,19196600
2021-05-10,66.67156448094978,66.70529157319368,65.27895982782118,65.30305480957031,20281000
2021-05-11,64.05500313333914,65.24040707862581,63.900808490421085,65.10548400878906,27046800
2021-05-12,64.14655208210279,64.4983225859537,63.10571814510968,63.27436828613281,29414600
2021-05-13,63.96827619841128,64.69108157918429,63.68397451330213,64.11283874511719,22610400
2021-05-14,64.83081730344567,65.75119120448917,64.7055336910351,65.52471160888672,16823000
2021-05-17,65.13921926268253,65.1584981909356,64.45014830914909,65.0428466796875,16267200
2021-05-18,65.2307803512396,65.36570344741847,64.47906385745523,64.52243041992188,11737200
2021-05-19,63.52012317631122,64.7970760618254,63.36592120754861,64.74888610839844,30581200
2021-05-20,65.00910879457943,66.20896085632383,64.9994693320528,65.9873046875,16828200
2021-05-21,66.32461055131564,66.38725602690809,65.56807820047264,65.62590026855469,14148400
2021-05-24,66.17042855501417,67.02333363311985,66.13669410702069,66.79203796386719,13229000
2021-05-25,67.06186143892485,67.21606340140636,66.66190837058699,66.81128692626953,11245800
2021-05-26,66.90768402008288,67.10042916995334,66.58964790531606,66.80648803710938,13311400
2021-05-27,66.74866831605902,67.02333053194603,66.44027165373943,66.45472717285156,11354600
2021-05-28,66.79203766557646,67.07633935700868,66.65711457971858,66.69084167480469,9222600
2021-06-01,66.9895918597136,67.06186944278176,66.24269163940383,66.3631591796875,12907400
2021-06-02,66.49807837408011,67.09077657907777,66.37279478645398,66.82093048095703,10098200
2021-06-03,66.28124260716973,66.54627266823434,65.7945490351906,66.19932556152344,12721200
2021-06-04,66.60410578319399,67.54856734487299,66.60410578319399,67.47147369384766,11182600
2021-06-07,67.41363445802598,67.53410200162699,67.12933281978887,67.4570083618164,11784000
2021-06-08,67.77985091518245,68.06415251323155,67.2738858330288,67.4618148803711,8902600
2021-06-09,67.78951096020846,67.90516248037062,67.47148214708787,67.5100326538086,9763400
2021-06-10,67.64976104040288,68.1749978244601,67.40882592631172,68.00634765625,11275400
2021-06-11,68.09308902925856,68.41112518310547,68.03044353911255,68.41112518310547,12100600
2021-06-14,68.47858578120515,69.10983467152988,68.19910013648945,69.10501861572266,11426600
2021-06-15,69.05198839443335,69.05198839443335,68.55566276819734,68.68094635009766,15079600
2021-06-16,68.81107042217573,68.94117744325096,67.64012193801108,68.30992126464844,19202800
2021-06-17,68.1123460623352,69.38448291601458,68.1123460623352,69.10017395019531,15864200
2021-06-18,68.76771294665032,69.03755913506382,68.38703129654351,68.46894836425781,20816600
2021-06-21,68.4979048072891,69.24134207539218,68.05377239999913,69.20272827148438,12276000
2021-06-22,69.15925711277936,69.86890527888937,69.08202215853842,69.83028411865234,9253200
2021-06-23,69.8399591246987,69.99926868911177,69.59858233611556,69.75306701660156,8271000
2021-06-24,70.20202468785237,70.40478030741232,70.05237225671777,70.19236755371094,12279000
2021-06-25,70.25510276396828,70.30820593341218,69.99441916520973,70.11027526855469,14385800
2021-06-28,70.39994571575723,70.92614527726292,70.38546369965957,70.84407806396484,12557400
2021-06-29,70.88269760174987,71.39441513541064,70.71856317892167,71.36062622070312,9829200
2021-06-30,71.24958232264154,71.45717014358989,71.06130876543568,71.28337860107422,11013600
2021-07-01,71.18684561582398,71.40408325195312,70.9213296755617,71.40408325195312,11636600
2021-07-02,71.74684183382959,72.41786908207833,71.72753492985397,72.345458984375,12780000
2021-07-06,72.49990186032032,72.96334836408249,71.92543150366609,72.62059020996094,11870600
2021-07-07,73.0840570627604,73.16612427941838,72.43233684674752,73.01647186279297,14883800
2021-07-08,71.86751200482647,72.5288893163843,71.54406804009747,72.32613372802734,17086200
2021-07-09,72.23923812827401,73.05991765822796,72.13303176209045,72.9923324584961,9775800
2021-07-12,73.28199737358213,73.31578629487247,72.81372579598735,73.05027770996094,9619600
2021-07-13,72.92476094236791,73.88061105114134,72.86200061432828,73.3495864868164,15202800
2021-07-14,73.93853709160479,74.26680597694113,73.56681478748648,73.8902587890625,12886800
2021-07-15,73.80336476699809,73.8612928355564,72.89096085603177,73.28199005126953,12506200
2021-07-16,73.42683464834894,73.7744178729229,72.48545911815667,72.55787658691406,15080400
2021-07-19,71.69372600574343,71.89165672623287,71.14338726147523,71.55855560302734,24254000
2021-07-20,71.9157743731498,73.02127641471566,71.50060615573679,72.62059020996094,14715600
2021-07-21,72.59165503980088,73.33509969419615,72.45648462377177,73.32061767578125,12234000
2021-07-22,73.47508568136597,73.91921804434456,73.47508568136597,73.86128997802734,9577800
2021-07-23,74.18952859945288,74.63366814761632,73.92402015957492,74.59504699707031,12576200
2021-07-26,74.40681271556535,74.69163556397618,74.12681475117948,74.55646514892578,8993400
2021-07-27,74.46473788804909,74.48887703970385,72.91992794319714,73.85163879394531,18089800
2021-07-28,73.87576644426534,74.15093947106669,73.0550869794146,73.75990295410156,13941200
2021-07-29,73.68268312364575,74.35371032205383,73.67302598925733,74.10267639160156,12030600
2021-07-30,73.62957943386024,74.13163992512017,73.61026516521457,74.05439758300781,10148800
2021-08-02,74.38750443494817,74.48888593751442,73.68751315075406,73.78889465332031,12205200
2021-08-03,73.92406733307237,74.30061458339463,73.32545016695794,74.26199340820312,10824800
2021-08-04,74.2040558494173,74.59508506970528,73.96750394392586,74.41163635253906,11322800
2021-08-05,74.5467950461228,74.84609986077515,74.32473255984326,74.82196807861328,6674600
2021-08-06,74.561285581859,74.84610841326673,74.54197868067658,74.75921630859375,7602800
2021-08-09,74.84609107331764,74.9812688152162,74.4454121951731,74.517822265625,7198200
2021-08-10,74.65301418890355,74.72059939624393,73.76957424323197,73.98198699951172,10421400
2021-08-11,74.23783218584656,74.37300257571967,73.61508341580502,73.99163055419922,10831600
2021-08-12,73.9144052478812,74.45991918235532,73.61026811751273,74.41646575927734,6947800
2021-08-13,74.46472783456437,74.84127497758955,74.38266062300595,74.82196807861328,5630800
2021-08-16,74.64335462436962,75.16956161392471,74.01094862636748,75.15990447998047,9493800
2021-08-17,74.70128933248262,74.82197772378518,74.0737082244623,74.53714752197266,19052600
2021-08-18,74.36332588843364,74.69642689239691,73.4267905380823,73.50885772705078,13481200
2021-08-19,73.10337835322632,74.50336829418654,72.99717933200182,74.22819519042969,19291000
2021-08-20,74.50818446437326,75.25162908964425,74.32956800009674,75.18404388427734,14769400
2021-08-23,75.38196453579337,76.26057954015957,75.37713965209623,76.15437316894531,10802400
2021-08-24,76.25092333841252,76.3378228096656,75.99988942463499,76.0674819946289,9537000
2021-08-25,76.24608717991765,76.44884276121309,75.898504078773,76.02401733398438,9430400
2021-08-26,75.93230137172249,76.08678604093811,75.48334411350419,75.54610443115234,12056600
2021-08-27,75.61369254032762,76.32816574734096,75.48334701644342,76.27506256103516,14088800
2021-08-30,76.5019564617781,77.18746562603414,76.5019564617781,77.09574127197266,10026800
2021-08-31,77.14402085112137,77.1681600025216,76.54540378107556,76.69023132324219,21971000
2021-09-01,76.95574270841001,77.30332584257528,76.64678074095583,76.70953369140625,20289800
2021-09-02,76.99436168463333,77.09573579891074,76.31850233576937,76.6274642944336,21769600
2021-09-03,76.53574104947405,77.13435807573724,76.51160926607359,76.93160247802734,21204800
2021-09-07,77.02332992740516,77.11505427996877,76.58884731519346,76.95091247558594,19721800
2021-09-08,76.94124798334936,76.96537976310289,76.1109114517933,76.65641784667969,11466400
2021-09-09,76.7095570189346,76.97507301692066,76.30404569450312,76.36680603027344,11161000
2021-09-10,76.79160536616504,76.97987894285437,75.53644327741348,75.61368560791016,17080200
2021-09-13,76.18817883268112,76.38610221591429,75.14059700890196,75.63783264160156,22637800
2021-09-14,75.96127563075464,76.11575293954972,75.33851941311349,75.54127502441406,18431600
2021-09-15,75.79714097980296,76.26541256663506,75.3723228158232,76.2026596069336,16339200
2021-09-16,75.9322843395908,76.32332080849277,75.4640202858726,76.24607849121094,16148600
2021-09-17,76.04817140467894,76.05299628866837,74.94749382381163,75.05852508544922,22663000
2021-09-20,73.95736660607734,74.33458354804706,72.70967797793277,73.69139099121094,35669400
2021-09-21,74.14111459774202,74.32488594998885,73.4350589229234,73.72038269042969,18455000
2021-09-22,74.12177299613091,75.02127413249197,73.79291938905337,74.73110961914062,27990600
2021-09-23,75.11798516934034,75.9110930582035,74.885858010919,75.73216247558594,19534000
2021-09-24,75.27276763037987,75.9111268239716,75.23891927391567,75.78539276123047,11652400
2021-09-27,75.14701965767257,75.32111691649955,74.57153129157254,75.05030059814453,15015000
2021-09-28,74.08791719853299,74.25718106101863,72.76768416039138,72.82571411132812,38190600
2021-09-29,73.12555764564654,73.50760048024605,72.6080992844649,72.73383331298828,25012000
2021-09-30,73.15938940966079,73.47372809931255,72.17284350526124,72.21153259277344,33415600
2021-10-01,72.47269592215616,73.45924211531647,71.73761780264606,73.2996597290039,45483800
2021-10-04,72.87891400205285,72.96596631160095,71.03155581451028,71.60220336914062,50773000
2021-10-05,71.74729988575008,73.03851826357177,71.67959580006928,72.62261962890625,32967000
2021-10-06,71.78599071646231,73.14974658347896,71.54902272128072,73.09654998779297,40004800
2021-10-07,73.73006003939092,74.33456332543764,73.62850024049125,73.76390838623047,19895600
2021-10-08,74.04923180031084,74.1024283843877,73.36735770520451,73.4882583618164,18426400
2021-10-11,73.15940944621636,74.06374405452327,73.02883466250013,73.08203125,14970600
2021-10-12,73.36737475441986,73.45925307627571,72.58393329966803,72.704833984375,17853400
2021-10-13,73.01915947824963,73.30931661172005,72.5452236156248,73.14972686767578,19521600
2021-10-14,73.89447083311697,74.83266095719775,73.7880776821889,74.7988052368164,15197200
2021-10-15,75.05998571700087,75.41301365664633,74.83269183524757,75.39850616455078,12779200
2021-10-18,74.97775136546313,76.07553144356855,74.7698057686506,76.0368423461914,11630200
2021-10-19,76.23993790333738,76.79124450683594,76.08518892685508,76.79124450683594,13201400
2021-10-20,76.86383035123457,76.97505692926102,76.24481935645413,76.57850646972656,12025400
2021-10-21,76.346341668087,76.91215583620064,76.18675192130775,76.87347412109375,10023200
2021-10-22,76.84445874665448,77.1636382692078,76.288318646392,76.60749816894531,12490000
2021-10-25,76.8976673753545,77.13463536936199,76.55914694048097,76.85897827148438,10336800
2021-10-26,77.37641510951326,77.70042796228155,77.03789476924713,77.07658386230469,13189600
2021-10-27,77.20715207288187,77.59887637706949,76.93150242829435,77.00888061523438,17448000
2021-10-28,77.47798153646298,77.8406835133509,77.33289926986969,77.78264617919922,12756800
2021-10-29,77.01855296065854,78.16469622296806,76.92667465856792,78.1163330078125,20131800
2021-11-01,78.11634196036405,78.15503106108436,77.60372428940501,78.00027465820312,24421200
2021-11-02,78.10665975899761,78.88042693496222,78.10665975899761,78.6869888305664,26814600
2021-11-03,78.82239520493141,79.3108312040085,78.36296680375091,79.14640808105469,25978600
2021-11-04,79.44624718698736,80.57787568015807,79.30600565750193,80.38443756103516,28691400
2021-11-05,80.97443600957777,81.25492645671935,80.29738781259042,80.80033874511719,24223600
2021-11-08,81.06146033596966,81.37580643364957,80.87285562903755,81.23555755615234,12781000
2021-11-09,81.3564813410213,81.44353366547016,80.4908357422443,80.90189361572266,16823000
2021-11-10,80.27805051045951,80.67944164851481,79.32535257370485,79.56715393066406,25788800
2021-11-11,80.13780065268381,80.1716490019652,79.80894700417159,79.93952178955078,10103800
2021-11-12,80.20550430564201,81.04696821338425,80.07009615085151,80.91156005859375,12244200
2021-11-15,81.23557782121956,81.35164512335876,80.36993225273795,80.82935333251953,12490200
2021-11-16,80.73263147889907,81.79172251432658,80.6842682598821,81.68048858642578,13538800
2021-11-17,81.52092074212653,81.94648615279851,81.17755953590543,81.43386840820312,15417800
2021-11-18,81.90293864237714,82.36235964782067,81.31294286555399,82.24629974365234,19964000
2021-11-19,82.54131332062884,83.16033162568087,82.26566359200321,82.84598541259766,17714600
2021-11-22,83.16999047107122,84.26777066876915,81.87393877410298,81.92229461669922,28451600
2021-11-23,81.60793907570972,81.99482263309186,80.69876382274025,81.73367309570312,29239800
2021-11-24,81.24524908421724,82.34786258859633,80.8486913502468,82.32852172851562,18241000
2021-11-26,81.15336933992712,81.78205433687134,79.95403668891421,80.2732162475586,24767800
2021-11-29,81.46771004294236,82.50261947437835,81.21139383581543,82.28015899658203,24979800
2021-11-30,81.97065432458064,82.72023995500945,80.89705578379949,81.59344482421875,54066800
2021-12-01,82.45424360017554,83.07808770960303,80.40376591220233,80.47631072998047,39084200
2021-12-02,79.73157607423029,81.58861608038163,79.55747880425335,81.21623992919922,46872400
2021-12-03,81.44835689534271,81.6998323378731,78.85141304315128,79.85730743408203,48470000
2021-12-06,80.08942918211535,80.85835556720079,79.25763209588285,80.6165542602539,37800400
2021-12-07,82.22213789415808,83.53269715490453,82.21246377342274,83.43114471435547,28691000
2021-12-08,83.46015872429992,83.87121661085926,82.8846703039249,83.81318664550781,23261600
2021-12-09,83.60524072206474,84.15170677864516,82.84114753779988,82.90885162353516,17201000
2021-12-10,83.77931786601664,84.6788190056179,83.5326758150225,84.57242584228516,24776600
2021-12-13,84.74654608019955,84.9109692393695,83.19417805139857,83.31507873535156,20974000
2021-12-14,82.3091818389974,82.83630703516626,80.95993349096294,81.94647979736328,27094800
2021-12-15,82.0141915268993,84.20007810104265,81.2355907764593,84.11786651611328,28270800
2021-12-16,84.43217649997608,84.5675846381813,81.250070493773,81.73367309570312,31275600
2021-12-17,80.83418245414846,81.98032578735467,80.41345049719425,81.18721771240234,44821600
2021-12-20,79.94540193180298,80.47352432778393,79.63531097155114,80.2215805053711,32649600
2021-12-21,81.07916218311729,82.31952588446757,80.32815852847372,82.25169372558594,16810800
2021-12-22,82.14024990626861,83.38546341061772,81.92221851328907,83.32731628417969,13376200
2021-12-23,83.43876187586942,84.12677583826164,83.42906945579338,83.7924575805664,9792600
2021-12-27,84.12678159984381,85.60940406755391,84.10739675836413,85.59001922607422,13266600
2021-12-28,85.7499188226501,85.77898869440494,84.93108293351511,85.14427185058594,11422200
2021-12-29,85.17332963889953,85.56094512466035,84.77602912602879,85.2169418334961,9687800
2021-12-30,85.25086174508587,85.53672532623965,84.55315528771649,84.6549072265625,10526400
2021-12-31,84.57256363974632,84.77606018085592,84.20432546646431,84.24308776855469,10243000
2022-01-03,84.3545046128893,85.12003580143642,83.98626655985824,85.04251861572266,20302800
2022-01-04,85.18787895436732,85.27508856441386,83.50660246906003,84.14131927490234,16648000
2022-01-05,83.65195542464791,83.71494507449718,81.52492359007233,81.55400085449219,23628400
2022-01-06,80.90474223609417,81.98037183916271,80.65764093550058,81.14215850830078,23767200
2022-01-07,81.08886775199122,81.4764833198007,79.86788130099451,80.39600372314453,30488600
2022-01-10,79.1992438165761,80.51228226742649,78.14783420266839,80.41053771972656,32501400
2022-01-11,80.20220873497057,81.49102750206745,79.60625407532764,81.37474060058594,19207600
2022-01-12,81.98038129324414,82.54242351686413,81.35050689733569,81.75750732421875,18144000
2022-01-13,82.179034621922,82.41645091956221,79.43666309173581,79.6401596069336,20942600
2022-01-14,79.09750023404604,80.36209149829195,79.09750023404604,80.31363677978516,22351400
2022-01-18,79.14595005949603,79.61593270597827,78.16722247275295,78.38525390625,24694200
2022-01-19,78.6323534057978,79.60138854855194,77.21272047037567,77.29024505615234,24961400
2022-01-20,77.97825616030138,78.85523174829996,76.19038520688275,76.2921371459961,37609000
2022-01-21,76.10801215572396,76.98498767511212,74.75620414849035,74.77558898925781,48016600
2022-01-24,73.5303639507063,75.21648996308987,70.85583300796229,75.16319274902344,67413400
2022-01-25,73.69028377968584,74.8192107326207,72.58074167190777,73.42379760742188,48886200
2022-01-26,75.42000029782827,76.30181835569438,72.9780278128206,73.8550033569336,53596200
2022-01-27,75.05178754132551,75.4490955975203,73.0798043791206,73.3462905883789,39446800
2022-01-28,74.2571561519422,76.57314942143505,73.15245674277621,76.55377197265625,44236000
2022-01-31,76.57315976009308,78.5790623678987,76.20008652381,78.4773178100586,29121000
2022-02-01,78.58392222423814,78.81164612100775,77.54220479593705,78.68082427978516,23389800
2022-02-02,78.85039849152622,79.45119559614581,78.31742616341012,79.32038116455078,25504800
2022-02-03,78.19628737092818,78.72925963504356,76.73304229475319,77.01891326904297,27865400
2022-02-04,76.60706102570416,78.00731628313504,76.28243519294615,77.32899475097656,29721400
2022-02-07,77.38714902163218,77.84743924728856,76.51985840707447,76.81541442871094,14622600
2022-02-08,76.57315912106397,77.97341470524808,76.39388997283564,77.76507568359375,21139800
2022-02-09,78.76802563303393,79.51417944475698,78.44339235215448,79.48995208740234,17795600
2022-02-10,77.91043715491418,79.23316822784304,77.0043841504894,77.41138458251953,31692200
2022-02-11,77.48889377990069,77.828062003745,74.76106480511729,75.04692840576172,34878800
2022-02-14,74.84827083086343,75.62834440060891,74.15056435939525,75.02269744873047,41030400
2022-02-15,76.15161914997074,77.04797953593071,75.88513303037583,76.99468231201172,24437400
2022-02-16,76.4714047813172,77.1836461617472,75.63803401500661,76.91716003417969,20318200
2022-02-17,76.20008195578816,76.27759914987345,74.47520055210175,74.61570739746094,24906400
2022-02-18,74.8725032792994,74.97909774153109,73.29297858291874,73.85986328125,25310800
2022-02-22,73.08464486490075,74.34923630175962,72.37725319431789,73.17670440673828,26893600
2022-02-23,73.93737899060937,74.1360255616815,71.26768263419758,71.34520721435547,37879400
2022-02-24,68.89356009658033,73.83563823620365,68.6658362286008,73.78234100341797,50967800
2022-02-25,73.89376804904572,74.80950591241086,72.98772260665271,74.78528594970703,28301600
2022-02-28,73.99069103789468,74.96456881934105,73.37050166553978,74.6496353149414,34822200
2022-03-01,74.36860440968091,74.75137003662809,72.58557590934814,73.15731048583984,29925000
2022-03-02,73.69513906228147,75.05178259610939,73.12340437889446,74.74169158935547,25592400
2022-03-03,75.37155117815867,75.37640108542227,73.47224321180528,73.85016632080078,23450600
2022-03-04,73.273579496832,73.57882788781471,71.97991865827004,72.5564956665039,26731200
2022-03-07,72.49350066897442,72.82781890236629,69.86257438558587,69.90133666992188,32864200
2022-03-08,69.71240174198086,71.72314702916736,68.53502000982883,69.56220245361328,36898400
2022-03-09,71.45179891207535,72.64370786520954,70.88006439686782,72.31423950195312,35327400
2022-03-10,71.0351324204615,71.24832136773999,69.97403759214974,71.04966735839844,27448400
2022-03-11,71.67952136250996,71.85879047477708,69.69299662117255,69.79959106445312,21457800
2022-03-14,69.47981327680048,70.26957924415359,68.30728170033547,68.50593566894531,27852400
2022-03-15,69.04859482614258,70.94790277449663,68.82087098145064,70.8073959350586,22993800
2022-03-16,71.70375819852123,73.13792607261064,70.56513894616018,73.10885620117188,27176000
2022-03-17,72.71640854504967,73.6757514054213,72.32395043822275,73.62730407714844,18518800
2022-03-18,73.36563907173826,75.26979669400328,73.00709345967185,75.1341323852539,27897800
2022-03-21,74.72929750624787,75.38945919662977,74.00603718982548,74.99142456054688,22341400
2022-03-22,75.04484725755411,76.46225222475776,74.94290727603385,76.0690689086914,17485800
2022-03-23,75.36035649494843,76.0544934214028,74.82639931551168,74.89921569824219,12360600
2022-03-24,75.3166482116987,76.86511615448805,75.06423149390325,76.84569549560547,14263400
2022-03-25,76.96704814780354,77.07383955047226,75.84089436531205,76.80200958251953,14874600
2022-03-28,76.44766427999134,77.74856702432362,76.2534947165609,77.71459197998047,18593000
2022-03-29,78.62231682492876,79.43780682569039,78.05923616336744,79.36499786376953,18829800
2022-03-30,78.95725994589183,79.18054572035265,77.89420456561872,78.30680847167969,18680200
2022-03-31,78.29710107278457,78.44272642195513,77.03017312658265,77.14666748046875,19424000
2022-04-01,77.22432310379084,77.40393088230559,76.05933530835712,76.91851806640625,28209600
2022-04-04,77.11751685426938,78.4184268021255,77.0883932760087,78.37959289550781,23048200
2022-04-05,78.03982306477583,78.2194234424135,76.46223136097338,76.72920989990234,23588200
2022-04-06,75.45255813711276,75.6273070212823,74.24873660550627,74.91374969482422,34225400
2022-04-07,74.515729555978,75.5350995805695,74.00605195049509,75.0302734375,23200200
2022-04-08,74.69532314714144,74.87007204933869,73.82157863615521,73.98176574707031,26354600
2022-04-11,73.05464118995748,73.14687082571928,72.02070934645765,72.1177978515625,21595400
2022-04-12,73.01094881650562,73.56431917128234,71.52558667509506,71.79741668701172,22172200
2022-04-13,71.8411130418538,73.1759985882396,71.57413445121395,72.95270538330078,14446800
2022-04-14,73.03036828777539,73.16143184282403,71.14697129912234,71.18094635009766,17407000
2022-04-18,70.83143132158304,71.87507323313382,70.81201806955735,71.41392517089844,14060600
2022-04-19,71.23434030936613,72.87988968020606,70.97222061254053,72.7536849975586,13562200
2022-04-20,73.45754242071483,73.65170463748287,72.47215472733016,72.68573760986328,15652600
2022-04-21,73.39441772008256,74.08370304334218,71.23433212838654,71.45276641845703,18509200
2022-04-22,71.37508049530979,71.79253571560764,69.35576928268785,69.45285034179688,22094800
2022-04-25,69.14704364769247,70.54503471546175,68.71502660339024,70.49649047851562,28707600
2022-04-26,69.8557589701749,69.96255038046954,67.83643991145495,67.87042236328125,25953200
2022-04-27,68.62769380109467,70.20042721490044,68.47721695291594,68.87525177001953,40048600
2022-04-28,69.95769737136058,72.0401226397084,69.58393481083642,71.63237762451172,27762400
2022-04-29,70.85085779759143,71.67605810244181,68.51601593370295,68.64707946777344,29589800
2022-05-02,68.5694248223654,69.78295709421906,67.79276861246699,69.69073486328125,37004400
2022-05-03,69.68100160835958,70.23922330704974,69.16646527944987,69.81206512451172,27469800
2022-05-04,70.08391340283738,72.39447602600559,68.92377692553978,72.26341247558594,28650400
2022-05-05,71.20035206462342,71.28773022767093,67.96750816810875,68.78785705566406,36442200
2022-05-06,68.16165782515895,69.32665287538092,67.21025297796237,68.2344741821289,34862200
2022-05-09,67.00153587136374,67.43355301661032,65.29288054560553,65.59384155273438,41124600
2022-05-10,67.15687650819633,67.53549797105764,65.6035493297969,66.59379577636719,36370400
2022-05-11,65.99186709780972,67.24423298062682,64.29292233850776,64.491943359375,34781800
2022-05-12,63.53568795498262,64.75407154806605,62.341569079069565,63.82693862915039,36506600
2022-05-13,64.69583024941417,66.27342216295234,64.27837486217463,65.94819641113281,24495400
2022-05-16,65.39966718454004,66.24428815804862,64.80746295141537,65.36569213867188,17423400
2022-05-17,66.77337631533206,67.36072899840198,66.01613361483979,67.2587890625,18602200
2022-05-18,66.37050691956843,66.56467653294916,63.93859084063023,64.1812973022461,23670200
2022-05-19,63.70073329771915,64.56962654341768,63.176486472748586,63.477447509765625,20874800
2022-05-20,64.36089094071141,64.53563987095787,61.66685172232363,63.61820983886719,20252600
2022-05-23,63.8172386027818,65.16183449496262,63.61821752352491,65.07931518554688,17219600
2022-05-24,64.17158183170544,64.49680757541252,62.992032077968354,64.11333465576172,17122000
2022-05-25,63.69103088286555,65.34143180643821,63.642486629366815,64.86087036132812,13656600
2022-05-26,64.48223705235296,66.70542865060536,64.3463220556748,66.41903686523438,15556600
2022-05-27,67.16172113293216,68.68106569896884,67.03551646043157,68.66650390625,16281800
2022-05-31,68.39952454799658,68.84610346862299,67.51121816865495,68.17623138427734,19420800
2022-06-01,68.90920932685866,69.37520150072005,67.46753261412809,67.97235870361328,13304800
2022-06-02,67.49179417467067,69.62275612475754,67.17627880934671,69.61790466308594,13868400
2022-06-03,68.29758084159447,68.76843185953577,67.63741912414773,67.95294189453125,11263800
2022-06-06,68.80724344253541,69.23440894660807,67.62283538619522,67.95777130126953,12589600
2022-06-07,67.23452634404217,68.89949615115424,67.0986113483773,68.7684326171875,11016600
2022-06-08,68.56457445770133,68.89465168566095,67.80247262350287,67.99179077148438,8814200
2022-06-09,67.49666180950764,68.15682361636107,66.16177640208298,66.17633819580078,9765200
2022-06-10,65.03561731724467,65.2394898434464,63.613361096308914,63.632774353027344,20886400
2022-06-13,61.62801278036245,62.21536186337948,60.58922961490674,60.81251907348633,36332600
2022-06-14,61.26880799599275,61.60374403378731,60.628063208520125,61.19599533081055,18250400
2022-06-15,61.95808826800381,63.409475177696166,61.11832621455125,62.487186431884766,25069600
2022-06-16,60.89989410016943,60.95328980852467,59.44851075414616,59.94363021850586,32690800
2022-06-17,59.93392762677314,61.06494050222507,59.51161709682072,60.49215316772461,27684200
2022-06-21,61.37449225065286,62.46950935394064,61.37449225065286,62.03150177001953,17245000
2022-06-22,61.35501966614439,62.62523598297439,61.18468442925376,61.76869201660156,15163400
2022-06-23,62.29915470854647,62.8150355408017,61.72974684928789,62.69336700439453,16042200
2022-06-24,63.41365722131049,64.96127779525759,63.41365722131049,64.9466781616211,25492200
2022-06-27,65.1559676901372,65.35063446967908,64.21668228499665,64.5086898803711,13917200
2022-06-28,64.56707214196001,65.20948571931014,62.54737696595056,62.57657623291016,15260800
2022-06-29,62.49870364131604,63.0778471624057,61.99256199723401,62.70310592651367,13607200
2022-06-30,61.87089190082231,62.644705837006704,60.887811615733845,61.86602783203125,15720400
2022-07-01,61.476687172181165,62.16289960296445,60.94621405592711,62.00716400146485,13930600
2022-07-05,61.16522416626545,62.800446344641365,60.81481808767414,62.78584671020508,14341000
2022-07-06,62.92212445535683,63.83221055420595,62.61065316339312,63.32606506347656,16167000
2022-07-07,63.60345355388498,64.7812042483806,63.60345355388498,64.63520050048828,13082200
2022-07-08,63.9441224609365,64.87367195966632,63.74458425786821,64.66439819335938,12627000
2022-07-11,64.09987055855491,64.37727102739568,63.33578839980874,63.7737922668457,11416600
2022-07-12,64.00738994461013,64.36752408351056,62.53276777993644,62.90263748168945,16553400
2022-07-13,61.72002769808744,63.14111931759378,61.44749130863437,62.73717880249024,15162600
2022-07-14,62.235908818608834,63.53533203552788,61.43289918537147,63.31145858764648,13728800
2022-07-15,63.91980364341004,64.45514836781817,63.65213128120598,64.42594909667969,13529200
2022-07-18,65.05861840744777,65.29222742376963,63.55966806271608,63.80300521850586,9897600
2022-07-19,64.51354554381798,65.81783656018038,64.12420460940858,65.74970245361328,12330600
2022-07-20,65.75941841469147,67.05397362578037,65.58421539795718,66.77657318115234,12537200
2022-07-21,66.85932194006139,67.73046572470597,66.16337378548216,67.71586608886719,12957600
2022-07-22,67.68663966526418,67.9640400609851,66.39694875038678,66.78142547607422,10583600
2022-07-25,66.75225250222098,66.82525068087796,65.85677352241132,66.35804748535156,13951200
2022-07-26,66.30449714551125,66.3239608464751,65.03914122714619,65.28247833251953,10167800
2022-07-27,66.35802497237295,68.44585386030413,66.2606841991068,68.09058380126953,17076200
2022-07-28,68.1684710100786,69.28295186091259,67.56012815074425,69.12721252441406,12408000
2022-07-29,69.34136292951288,70.4071809998367,69.04936275990221,70.18817901611328,10177400
2022-08-01,69.55548230384753,70.73810458244157,69.38515077348947,70.03729248046875,12515800
2022-08-02,69.43380937449585,70.3438877803586,68.94227109064524,69.54087829589844,15921800
2022-08-03,69.88155045649894,71.58978174555149,69.86695082377706,71.39024353027344,14243200
2022-08-04,71.36591017665211,71.75037955835542,70.90843520339479,71.71631622314453,11679800
2022-08-05,70.56777338031571,71.75038836280093,70.5093748407541,71.55085754394531,7921000
2022-08-08,71.48759302237791,72.04240146918555,70.558043257006,70.94252014160156,11102200
2022-08-09,70.368224671354,70.50936435572044,69.85235117911112,70.2319564819336,8565600
2022-08-10,71.90125863691776,72.2078583743706,71.32697914224778,72.14945983886719,19273200
2022-08-11,72.60206296348171,73.02547462185879,71.73578336974091,71.8671875,11025800
2022-08-12,72.33925534841069,73.30286821918136,72.11538194103002,73.29800415039062,8093600
2022-08-15,73.00601401644741,73.86742966511318,72.9232802709687,73.76036071777344,7162600
2022-08-16,73.42453808524671,73.90634824226943,72.87460125969969,73.56080627441406,10990600
2022-08-17,72.88920589276354,73.59488208351823,72.5096005646042,73.03520965576172,12632800
2022-08-18,73.10820304103403,73.70681026149607,72.82593109798819,73.41481018066406,9976800
2022-08-19,72.81134078026521,72.89893858790371,71.92072593897223,72.08132934570312,10146200
2022-08-22,71.09823296931572,71.12256816482652,69.89614708646121,70.07135009765625,10744200
2022-08-23,69.93509180485266,70.62616838395434,69.79395953262447,69.88642883300781,14777200
2022-08-24,69.83774464609677,70.22708547428326,69.54573716844224,69.93021392822266,8983200
2022-08-25,70.11029850419007,71.11771787019282,70.01782919897506,71.11284637451172,7126600
2022-08-26,71.08364766290507,71.25398663975045,68.02733362749005,68.07600402832031,14321800
2022-08-29,67.34110373000692,67.83264940316872,66.91769957087902,67.1756362915039,13231600
2022-08-30,67.55523249451096,67.67203695511053,65.8713442206987,66.47481536865234,13268800
2022-08-31,66.8739145822085,67.0880524535306,65.79349708676354,65.82756042480469,14171400
2022-09-01,65.18515609888081,65.58909665385673,64.1339378420322,65.50636291503906,15988600
2022-09-02,66.18284303222815,66.55757690949788,64.3140080114239,64.6546859741211,16606600
2022-09-06,64.74227580690375,65.01968369786938,63.802998055514486,64.22640228271484,14990000
2022-09-07,64.35293035765875,65.5160814523151,64.13392844275997,65.25328063964844,11657000
2022-09-08,64.7714737900155,65.817827877332,64.47947369727532,65.4771499633789,11210600
2022-09-09,66.02223054976565,66.95178014969615,65.89569049206345,66.7717056274414,11418600
2022-09-12,67.18537858693502,67.87159102991676,67.17564302308907,67.8423843383789,10181000
2022-09-13,65.90543008990194,66.27529986922728,64.0658019060493,64.24100494384766,20148800
2022-09-14,64.54274348015868,64.94668404147816,63.85653835893931,64.474609375,13229200
2022-09-15,63.95873026851727,64.3480711611841,62.61064049090811,62.9902458190918,14885200
2022-09-16,62.440308574401605,62.77124350420816,61.74922830848757,62.63984680175781,20762200
2022-09-19,62.01390591408047,63.20920037957119,61.97487494877359,63.150657653808594,15683000
2022-09-20,62.56032640703126,63.17505482347008,62.233450437773705,62.77986907958984,12109400
2022-09-21,63.10674362050137,64.0337047495948,61.78947660376275,61.79923248291016,16808800
2022-09-22,61.45284116818552,61.84314333419909,60.82348087964223,61.16987228393555,16033800
2022-09-23,60.613688878691065,60.70638647260296,59.57451475561429,60.3697509765625,19396200
2022-09-26,60.18436208754683,61.194264896707146,59.779424259349945,59.95018005371094,17193600
2022-09-27,60.74541824124148,61.3162320465156,59.4720620773549,60.02824020385742,18714800
2022-09-28,59.62818876462693,60.95521171183852,59.169584260817714,60.66248321533203,18933400
2022-09-29,59.79406637055675,59.93067102074001,58.38410538199772,59.08176803588867,31096600
2022-09-30,58.84271154041266,59.716009832398655,57.842564474488526,57.94989776611328,19513000
2022-10-03,58.40849858979833,60.10142842056572,58.18407614072736,59.74527740478516,17332200
2022-10-04,60.95520625677512,61.81874482203576,60.91129549734987,61.75044250488281,17779000
2022-10-05,60.91617856883444,62.40420139142095,60.56002756267203,61.955352783203125,14600400
2022-10-06,61.79436269052282,62.47250988727074,61.3747891227539,61.44796752929688,14348200
2022-10-07,60.19412119275069,60.1990009934789,58.60364859751202,58.9207649230957,15749000
2022-10-10,58.9207653499568,59.00370707414777,57.34980822405254,57.93037796020508,16706200
2022-10-11,57.59862818540708,57.99868627884289,56.61800029579109,57.04244995117188,21044800
2022-10-12,57.08635238893168,57.47665082288429,56.76923235233459,56.86680603027344,14111600
2022-10-13,55.32999787260634,58.9402759197675,55.11533132326486,58.63291549682617,38114600
2022-10-14,59.11103706933742,59.237882104554345,56.89120056447798,56.9838981628418,22484000
2022-10-17,58.37922964451787,59.01346605581927,58.2231057894556,58.720741271972656,14599600
2022-10-18,60.2429146598388,60.45757751366278,58.4719228520564,59.2183723449707,13998000
2022-10-19,58.70122742782776,59.63307217219148,58.45240967962733,59.0476188659668,10984000
2022-10-20,59.067132355111546,60.36488397624757,58.78904325375348,59.08176803588867,12429600
2022-10-21,58.935405930249466,60.78933198233835,58.735375039116526,60.66248321533203,17126000
2022-10-24,60.92106292008804,61.72605515020343,60.179489492646674,61.50163269042969,13385200
2022-10-25,61.65288660956488,62.72133243441191,61.65288660956488,62.67742538452149,10265000
2022-10-26,61.096693936894965,62.57495343505567,60.999116534209605,61.28208541870117,15169400
2022-10-27,61.511387922533416,61.88705068841894,60.44293862234111,60.58442306518555,11694800
2022-10-28,60.921050069376975,63.35067309476544,60.921050069376975,63.21894454956055,14935400
2022-10-31,62.58958492809951,62.76034444082693,62.01389504065348,62.38468170166016,13292200
2022-11-01,63.16041490061292,63.272624268938095,61.59433004531307,61.86266326904297,9413200
2022-11-02,61.81874928301692,62.613985588510666,59.7062459326655,59.72576141357422,18092400
2022-11-03,58.891491151338776,58.99882442977957,57.92549908976602,57.96940612792969,16010600
2022-11-04,59.17446330644381,59.33546323302807,57.676684570184335,59.028099060058594,17896200
2022-11-07,59.13055675690478,60.11118834428535,58.71098319104832,60.013614654541016,10427600
2022-11-08,60.51124395132663,61.32111968741156,59.69649213649241,60.58930587768555,12722000
2022-11-09,60.028244722772826,60.05263628182932,58.92564426521292,59.01346206665039,11962600
2022-11-10,61.92609266279044,63.93125933394962,61.61385236174096,63.86295700073242,27932200
2022-11-11,63.8044078971553,65.17046186943838,63.4921676272959,64.95579528808594,15977800
2022-11-14,64.44351946675769,65.2046046043344,64.09224825796926,64.39961242675781,14526600
2022-11-15,65.86325253180532,66.13158579025857,64.5264697633994,65.18022918701172,12716200
2022-11-16,64.67769376362276,64.86796501426839,64.0190585028683,64.28739166259766,10095800
2022-11-17,63.26287321356956,64.66795832445578,63.23847792731742,64.37035369873047,8149600
2022-11-18,65.09727144820579,65.11679065117356,63.90197709804769,64.44351959228516,11912400
2022-11-21,64.07761599602952,64.34107313887166,63.623895003038754,63.75074005126953,8363800
2022-11-22,64.02883666675926,65.01922416167666,63.57023212341908,64.98506927490234,9019200
2022-11-23,64.84358238775883,65.75590786443492,64.79967534698075,65.56076049804688,9480600
2022-11-25,65.11680293199655,65.38025266658947,64.98995786636235,65.18022918701172,3263000
2022-11-28,64.44353254684432,64.85823008273343,63.52633082163895,63.78490447998047,13030200
2022-11-29,63.70195818212736,63.89222948041066,62.90183458028496,63.16041564941406,11570200
2022-11-30,63.13112490550084,66.34134853044974,63.067706114328345,66.33159637451172,23334400
2022-12-01,66.39501453234935,66.7414096190847,65.60465813406607,66.42428588867188,15165800
2022-12-02,65.31192656274511,66.25840674206951,65.05823652380366,66.03886413574219,8934400
2022-12-05,65.53147983334556,65.89738667666768,64.5118137722153,64.94114685058594,11526200
2022-12-06,64.87285956103943,64.97043325297629,63.14089861267713,63.55071258544922,11799200
2022-12-07,63.321404148714535,63.716589845828025,62.77498557156223,63.22871398925781,10413800
2022-12-08,63.57998489948034,64.448403324498,63.19943488432031,64.26300811767578,8965800
2022-12-09,63.97516547121885,64.76552200157403,63.62877032659941,63.86783218383789,10402800
2022-12-12,63.97027763601259,65.26315307617188,63.95076587798357,65.26315307617188,14806200
2022-12-13,67.63910478753252,67.97574030140584,65.36560163260366,66.03399658203125,18607600
2022-12-14,65.97057328046732,66.7414180196915,64.71185268940971,65.47782135009766,19541000
2022-12-15,64.40449264257711,64.64355450525808,62.789624660756544,63.0286865234375,19223800
2022-12-16,62.81401289563942,63.18479584517735,61.87729219860071,62.19441223144531,23999200
2022-12-19,62.201752215521445,62.29960980577475,60.95898881594478,61.36508941650391,14276600
2022-12-20,61.04216530417019,61.77118657978515,60.74860001551656,61.45804977416992,12622000
2022-12-21,61.74183483781636,62.76931154268637,61.59015650557664,62.47574996948242,14670600
2022-12-22,61.692902110699066,61.76140428828246,59.867901968136266,60.90027618408203,15323600
2022-12-23,60.46481423565008,61.02258936352296,60.01957065604222,60.96387481689453,8231600
2022-12-27,60.753485531611126,60.86112700037187,60.029358122850496,60.38652801513672,9530200
2022-12-28,60.23975890212597,60.80242421659745,59.344381492818336,59.412879943847656,10362600
2022-12-29,59.99511700621848,61.17427204396602,59.99022319346348,60.96877670288086,10954200
2022-12-30,60.337609730149474,60.91985026749282,59.96086826844141,60.88560104370117,8905800
2023-01-03,61.53633621696102,61.9424368220316,59.87768830581632,60.30825424194336,15196200
2023-01-04,60.62138544585677,60.85134609807125,59.799400419262994,60.46481704711914,11813000
2023-01-05,60.1614698959148,60.3180383096283,59.187810189786646,59.290557861328125,11341000
2023-01-06,59.8140845038762,61.30148631699042,59.109524767957495,61.02749252319336,13825400
2023-01-09,61.575468648927455,62.862264957136425,61.55589713402999,61.73693084716797,21427200
2023-01-10,61.58526239941491,62.216429819329775,61.25744415837647,62.11857223510742,17209000
2023-01-11,62.31428106459458,63.19498062133789,62.1234634494477,63.19498062133789,13758000
2023-01-12,63.29285184650914,63.953378561865854,62.519793549212295,63.66469955444336,15358600
2023-01-13,63.06287268835568,63.93867468425103,62.91608818724068,63.84571838378906,10153200
2023-01-17,63.75765421364517,64.51114461447982,63.67936813926243,64.1343994140625,10425800
2023-01-18,64.49646049662434,64.83895270578509,63.268371157374,63.30751419067383,13936000
2023-01-19,62.81335626809107,63.16563615179079,62.33875718771149,62.5687141418457,14645000
2023-01-20,62.88184780446643,64.31053496868157,62.65677722238719,64.26160430908203,14127800
2023-01-23,64.52091673062608,66.10128586389773,64.37413969167086,65.72454071044922,23472600
2023-01-24,65.35268302320662,65.94470356440914,65.25482172463562,65.69517517089844,12575600
2023-01-25,64.58454107875615,65.72455698005409,63.98273267275659,65.5582046508789,14342200
2023-01-26,66.19914689227018,66.63460290853375,65.51415495117602,66.6052474975586,11161800
2023-01-27,66.1844550946277,67.35382599936845,66.15509968990295,66.88411712646484,13549400
2023-01-30,66.11596100437347,66.40463245748657,65.55328833570401,65.60710906982422,9705600
2023-01-31,65.60711169236691,66.5514196168107,65.56307858062742,66.52206420898438,8871600
2023-02-01,66.47313855207189,68.63085077884635,66.15511165567193,68.08775329589844,18852800
2023-02-02,69.25222668301812,70.33842164603408,68.93419978746135,69.94700622558594,18824000
2023-02-03,68.74338540070707,70.4998871931821,68.64063399524011,69.3647689819336,16145400
2023-02-06,68.59658133987962,69.13478861375017,68.25897927406707,68.51829528808594,12977400
2023-02-07,68.62106432928881,70.49499518155332,68.59170891875146,70.23078155517578,15708200
2023-02-08,70.36778173878524,70.7445194393555,69.24244378507635,69.38433074951172,12577000
2023-02-09,70.45583000867077,70.57325907969518,68.72868421752524,69.00267791748047,12624000
2023-02-10,68.48894671622944,68.91951257827074,68.03392299311086,68.68466186523438,9861600
2023-02-13,68.95378382936516,70.02530134003385,68.90975070404868,69.87362670898438,8411800
2023-02-14,69.54579213544824,70.5683786804245,69.1103361567023,70.17206573486328,12622000
2023-02-15,69.74640264428257,70.50478310470609,69.58005034002136,70.49988555908203,10491000
2023-02-16,69.47730051657237,70.26503640556716,69.22287450877187,69.27669525146484,13001200
2023-02-17,68.78251500006768,68.8608010588652,67.81374928619897,68.4106674194336,10606600
2023-02-21,67.49572758017118,67.90182818705216,66.72756694881552,66.7862777709961,12277800
2023-02-22,66.92328156483362,67.22663079839599,66.37039637974073,66.68843078613281,14338400
2023-02-23,67.9311787094734,68.04860781115462,66.84009370310282,67.79418182373047,13120000
2023-02-24,66.59056801673727,66.8743419591122,66.19914512737193,66.5856704711914,14347400
2023-02-27,67.2559926905538,67.5984849598317,66.82053663409229,66.94285583496094,9389000
2023-02-28,66.72756021389786,67.44190003089825,66.61013111561815,66.79605865478516,10485800
2023-03-01,66.82541773093462,66.93305921049023,66.10129024955464,66.3067855834961,15069400
2023-03-02,66.12574972888635,67.33426389778346,66.01321816688265,67.1238784790039,10969400
2023-03-03,67.5544539797121,68.5721431933049,67.49084560419813,68.56725311279297,14439600
2023-03-06,69.0075892398254,69.82957805850947,68.8412369373221,68.89505767822266,15999200
2023-03-07,68.84123958759734,69.10545322247036,67.86758359987203,68.03882598876953,14120000
2023-03-08,68.27857699422877,68.68467762258919,67.87736644605174,68.60150146484375,13247000
2023-03-09,68.70913475248203,69.48219296213205,67.48594280033413,67.61804962158203,15624600
2023-03-10,67.52018499356528,67.69143482587145,66.16488643624986,66.4291000366211,30556800
2023-03-13,66.01323503276129,67.71591646614955,65.60224424983527,66.79118347167969,34439400
2023-03-14,67.6522954761908,68.57213065089715,67.37340415681504,68.33238983154297,21202200
2023-03-15,67.58380038273545,68.45471240712561,67.25598585362417,68.37153625488281,23060000
2023-03-16,68.13179258265248,70.38735886911836,67.90672197571656,70.28950500488281,26086800
2023-03-17,70.42649350051377,71.03319186580983,69.7806446352717,70.19164276123047,23078600
2023-03-20,70.06707712431451,70.46917325892126,69.54239928198052,70.38090515136719,11981600
2023-03-21,70.76339954172401,71.07722764291128,70.02786422810524,70.94973754882812,13066400
2023-03-22,70.94974462421739,72.36197496151932,70.20440000372437,70.2436294555664,14224400
2023-03-23,71.14096813612474,72.35215007657477,70.71436009828854,71.38614654541016,17595800
2023-03-24,71.16057386433903,71.60680033204295,70.68983554331679,71.57247924804688,11872600
2023-03-27,71.68036413026476,71.92554256685577,70.85166729967894,71.01838684082031,10810600
2023-03-28,70.89579385848188,70.9203131972896,70.04747860794687,70.6849365234375,9968000
2023-03-29,71.57248965782962,72.32763592033247,71.46951142636243,72.16581726074219,14256600
2023-03-30,72.83271320945502,73.10731188930595,72.51398420225368,73.00434112548828,11202400
2023-03-31,72.91606677897894,74.11743964214384,72.82289777433822,74.04878997802734,15069800
2023-04-03,73.5976524137149,74.0340696788623,73.24459490907306,73.93109893798828,21142200
2023-04-04,74.03897740405571,74.29395755792657,73.24950264100106,73.52410125732422,15824800
2023-04-05,73.17595717461447,73.24460684046375,72.16092229511054,72.68560028076172,15737600
2023-04-06,72.15601186852636,73.19066518417806,71.84218376474942,73.09750366210938,15696000
2023-04-10,72.37176920281145,73.07298342306238,71.97458133222446,73.05827331542969,9517200
2023-04-11,72.9307716421106,72.9405808740653,72.2491759251657,72.37176513671875,12791600
2023-04-12,72.86212421367912,73.05827144752026,71.84218104446094,71.95986938476562,13235800
2023-04-13,72.23937312214436,73.41132566821328,72.12168478715883,73.29853820800781,13641800
2023-04-14,72.88663965260446,73.48977646460331,72.25408262766688,72.89154052734375,13003600
2023-04-17,72.98471365786664,73.31816021531631,72.58752579618913,73.15634155273438,8306000
2023-04-18,73.71535883756975,73.91149861840552,73.06318321702393,73.38191223144531,9212800
2023-04-19,72.71993119578838,73.30835799090363,72.62186131031127,73.17105865478516,8623200
2023-04-20,72.4992747084454,73.41133889269265,72.36687624301759,72.69051361083984,11416200
2023-04-21,72.37176413653336,72.5875223430452,71.98438552557006,72.45512390136719,12237600
2023-04-24,72.16581089750257,72.51886839961372,71.59699520162889,72.13639068603516,9079800
2023-04-25,71.78332690841202,71.92062620475757,70.57214509388128,70.59666442871094,11022600
2023-04-26,71.83728074824565,72.38647804292184,71.47441397440488,71.64604187011719,13603400
2023-04-27,71.9843910840684,73.22009250989463,71.80786230895038,73.16615295410156,12084800
2023-04-28,73.16615734748517,73.97524325071196,73.08769844666547,73.96053314208984,11792000
2023-05-01,73.90169080235844,74.36261999772265,73.78400245416302,74.0046615600586,8194400
2023-05-02,74.09294386613784,74.17630365621213,72.93079271685798,73.31327056884766,12058800
2023-05-03,73.40151142049737,73.87715812046457,72.66106785547058,72.69539642333984,11630200
2023-05-04,72.40610744212383,72.83761646071221,72.04814148926526,72.34725952148438,10861000
2023-05-05,73.0484706482641,74.41166228126153,72.9454924033278,74.16158294677734,12230000
2023-05-08,74.01936673761031,74.18608627475876,73.66630919879482,74.12234497070312,6795600
2023-05-09,73.71534649113194,73.85264581117158,73.47506893993666,73.55352783203125,12473200
2023-05-10,74.19587909265142,74.62248707340328,73.73004167379302,74.45086669921875,10551800
2023-05-11,74.32829661876656,74.32829661876656,73.60257053285689,74.11743927001953,8956800
2023-05-12,74.24493084161166,74.35280994484863,73.44564679915187,74.01936340332031,7908000
2023-05-15,74.09292850384227,74.64702669736249,73.82813159521112,74.63231658935547,6796600
2023-05-16,74.52934001389846,75.11776673499102,74.5048206750505,74.71076965332031,9398200
2023-05-17,75.02459631019768,75.83368210103447,74.67643966258058,75.70619201660156,11916600
2023-05-18,75.79936162483745,77.3685020246628,75.79936162483745,77.25572204589844,15491200
2023-05-19,77.27533695461815,77.40773540387548,76.95660798363969,77.22139739990234,9805000
2023-05-22,76.99093049527114,77.56955550038454,76.86344040097599,77.3685073852539,10794200
2023-05-23,76.98112111231895,77.29985005758107,76.19654719471023,76.22596740722656,11691000
2023-05-24,75.62283897565649,75.97098817197654,75.25507131398611,75.6669692993164,10925600
2023-05-25,77.67743957234369,78.87881250018884,77.27044244093648,78.56988525390625,18078000
2023-05-26,78.77091797090146,80.94320253857039,78.76110873963232,80.80099487304688,15160000
2023-05-30,81.98766734638517,82.39956532234314,81.06089315935372,81.2325210571289,18123600
2023-05-31,80.76668162014037,81.52672876656108,80.51169395817077,80.55582427978516,19301000
2023-06-01,80.30083501438405,81.71796601074679,80.04094648261956,81.37471771240234,17419400
2023-06-02,81.85526339025387,82.21813014404823,81.2619358062304,81.8405532836914,14270600
2023-06-05,81.7915345146158,82.33583098686852,81.22761957579841,81.36982727050781,10909000
2023-06-06,81.17366046368663,81.52671795428212,80.76667090866076,81.35018920898438,9975600
2023-06-07,81.193282009082,81.82583900577578,79.96738997636047,80.13410949707031,13703800
2023-06-08,80.25179177942002,81.12952711652699,80.19294387835235,81.00203704833984,10665200
2023-06-09,81.39434253657058,82.23775698255055,81.12954562697679,81.40414428710938,14413600
2023-06-12,81.96314205348928,83.20865260560716,81.79642252517478,83.17432403564453,13787200
2023-06-13,83.91476661897276,84.07658527056311,83.0027026168962,83.67938995361328,16595800
2023-06-14,83.58133187883323,84.57185490914155,83.29202310436897,84.54243469238281,16769000
2023-06-15,84.19917848008805,86.01349733885998,84.17956001591654,85.63101959228516,17732600
2023-06-16,86.44499784611747,86.4499062028073,84.8415364812691,84.92489624023438,17366600
2023-06-20,84.43941291581602,84.96027868308396,83.89889509039168,84.35096740722656,14137800
2023-06-21,84.02665610015944,84.18881370466504,82.85715989077474,83.10285186767578,12058000
2023-06-22,82.72939123886316,83.81535292459144,82.71465032213625,83.78095245361328,15224200
2023-06-23,82.74905647491461,83.36328642944315,82.52302405048569,82.87190246582031,14729000
2023-06-26,82.94561095259766,83.67285708771959,82.21836481747573,82.27732849121094,10890200
2023-06-27,82.60654561107458,84.09052705044722,82.52792238958871,83.89888763427734,13833000
2023-06-28,83.43208152232987,84.4001085495046,83.36820670439343,83.94803619384766,11371600
2023-06-29,84.03649530264218,84.24778682746809,83.5893340550351,84.095458984375,9128200
2023-06-30,84.93079314865088,85.64821695586205,84.86691833898111,85.4320068359375,11398400
2023-07-03,85.41728238504176,85.45659400514495,84.8177932998367,85.25021362304688,6182200
2023-07-05,84.65563281116208,85.3583158125772,84.58192821216818,84.72442626953125,9395600
2023-07-06,83.88906380552291,84.57699829749664,83.63354206653683,84.49838256835938,12116400
2023-07-07,84.36078821099947,85.14700548612421,84.08070327411069,84.12984466552734,11622200
2023-07-10,83.82518300197671,84.35587854728473,83.50578644594977,84.35096740722656,16877200
2023-07-11,84.52787236786813,84.6261476619915,83.70726204015531,84.53278350830078,9996000
2023-07-12,85.37795822128015,85.89391284968416,84.91114498526655,85.49097442626953,16104400
2023-07-13,86.07572685098673,86.79315072731875,85.90374696478513,86.6064224243164,9349200
2023-07-14,86.82262017534424,87.50073233859628,86.22804237311377,86.47865295410156,11543800
2023-07-17,86.64081049990665,87.83978088517102,86.5425277242305,87.58426666259766,11858800
2023-07-18,87.38279925052163,89.00436760922759,86.92580832766737,88.57685852050781,16406000
2023-07-19,88.79798577714885,89.16652369347084,88.01667969612467,88.3557357788086,20990000
2023-07-20,87.79063729662943,88.16408631000374,86.32139693849231,86.59165954589844,24356000
2023-07-21,87.1420405598586,87.5793720390091,86.4442761491873,86.54747009277344,14871400
2023-07-24,86.93074202588613,87.1420335390713,86.36564594802147,86.69979095458984,11308200
2023-07-25,86.97987008831494,87.98229754282517,86.96512916968308,87.6923828125,10802200
2023-07-26,86.7734867782467,86.98478576799005,85.90374261685253,86.51305389404297,15501600
2023-07-27,87.68255819717635,87.94790224609818,85.86935011944968,86.26245880126953,13857000
2023-07-28,87.06341013610147,87.69729967029468,86.88160046250589,87.4368667602539,11287400
2023-07-31,87.51547494875052,87.74642597989434,87.13710724910082,87.63832092285156,10138400
2023-08-01,87.3533233242284,87.97246437669584,87.12237227732436,87.78573608398438,8845800
2023-08-02,87.01427793851764,87.06833047739026,85.30426375097638,85.61383056640625,15818600
2023-08-03,84.91604488034409,85.76613687107339,84.86199235504206,85.26493072509766,11321000
2023-08-04,84.97502220124044,85.4860657040289,83.97260225026918,84.10527801513672,14431800
2023-08-07,84.459067954077,84.74898265839957,83.73181437648785,84.34113311767578,9536000
2023-08-08,83.75146854826146,83.80060243682796,82.85223516055056,83.6925048828125,11461800
2023-08-09,83.80553232520764,83.80553232520764,82.32646186963149,82.61146545410156,14301800
2023-08-10,83.24042546842787,83.96276036488135,82.21343496865381,82.62128448486328,12731400
2023-08-11,81.96284425323225,82.49353981829451,81.72698205695703,82.01197814941406,10772000
2023-08-14,81.92845130448976,83.32889868800044,81.73190070585743,83.3190689086914,10328000
2023-08-15,83.07336955582535,83.36820292559295,82.30681179193843,82.49845123291016,9366400
2023-08-16,82.32155329992054,82.79328519534072,81.70732335677785,81.71223449707031,9779400
2023-08-17,82.07585115572353,82.22817896308582,80.81299844797542,80.93584442138672,12614800
2023-08-18,80.11522168803108,81.38791159104406,80.06608780050703,81.05868530273438,13658600
2023-08-21,81.47637511931967,82.77362850423549,81.3977518843734,82.60655975341797,13132800
2023-08-22,83.34853472422103,83.39767611339362,82.33137395007333,82.51318359375,11361800
2023-08-23,82.71465930459462,84.24777479406735,82.70974816446001,84.00208282470703,10113200
2023-08-24,85.05856642264234,85.06347756298659,82.00215759349587,82.06603240966797,13929000
2023-08-25,82.3952501227854,83.35836588188306,81.66309289828446,82.90138244628906,15686600
2023-08-28,83.53035676748854,83.75638917593045,82.93577891447208,83.5794906616211,8963800
2023-08-29,83.3387173701169,85.33864606252767,83.25026436396325,85.25511169433594,13713800
2023-08-30,85.26985574662133,85.987279608526,84.97502237917033,85.8988265991211,12266600
2023-08-31,86.0953841568379,86.64573177497088,86.00202000777807,86.3165054321289,11963400
2023-09-01,86.85702194940774,86.97004565335074,86.13960560068317,86.58184814453125,9244600
2023-09-05,86.3656416530064,87.16168876257947,86.08555669621015,86.89142608642578,10060400
2023-09-06,86.55237128873519,86.76858143298696,85.44184622717066,85.97254180908203,18143200
2023-09-07,84.37553482229636,84.91605262670186,84.06596055842401,84.72932434082031,12513600
2023-09-08,84.72440984153992,85.45165590299088,84.68509823039079,84.90621948242188,8584800
2023-09-11,85.65312822032081,85.73175144548475,84.60156695200429,85.34847259521484,8272800
2023-09-12,84.63597980086837,84.93572432995387,83.6482931978873,83.80062103271484,12243000
2023-09-13,83.76623273878653,84.46399713285446,83.53037051353432,84.01192474365234,10008800
2023-09-14,84.52785931043873,84.83251492453682,83.99716380664248,84.62122344970703,9473200
2023-09-15,84.31656732760338,84.34113802385667,82.77362207673585,82.99474334716797,13116800
2023-09-18,82.75345067376747,83.66937727874647,82.72882749612967,83.39361572265625,9943800
2023-09-19,83.03906855545121,83.56104689493976,82.58603060959437,83.34929656982422,8236600
2023-09-20,83.57581891272379,83.68415488992044,82.0049547573116,82.0394287109375,10760400
2023-09-21,81.17766957573173,81.75381589812382,80.74924729964073,80.78864288330078,14741200
2023-09-22,81.14319653694083,81.70457046103057,80.7787930194323,80.96099853515625,12537800
2023-09-25,80.75418969946828,81.34510852348878,80.54736848675815,81.22200012207031,10577400
2023-09-26,80.69015953196002,80.73447674686689,79.48369887121237,79.75946044921875,14926000
2023-09-27,80.1435575308642,80.30113986818415,79.08975007034006,79.882568359375,11665200
2023-09-28,79.50339627014048,80.96100290490743,79.12914947186103,80.44886779785156,12829400
2023-09-29,81.24168901920999,81.99511178709929,80.44887066368686,80.7246322631836,15883800
2023-10-02,80.76401639862829,81.82767457209665,80.64090802245663,81.59130859375,13656200
2023-10-03,81.12842891810243,81.68488124473285,79.79393066588055,80.20758056640625,14838800
2023-10-04,80.2715936917386,81.4238939583014,80.2715936917386,81.20722198486328,15194200
2023-10-05,81.2022790163503,81.44849575989768,80.34052041393447,81.31554412841797,12023000
2023-10-06,80.75910325271084,83.1917262236509,80.52273724953287,82.83717346191406,16625600
2023-10-09,82.32996611712169,83.39362438446723,81.95079018114451,83.26558685302734,13139200
2023-10-10,83.32467533363369,84.06332557913485,83.09323098892823,83.39361572265625,20402800
2023-10-11,83.64968369362357,84.20613600266323,83.38377288606436,84.16674041748047,10389200
2023-10-12,84.24061517347398,85.10729555933963,83.60537165473548,84.24553680419922,15405800
2023-10-13,84.4129563977886,84.5557663319793,82.74852863063879,83.03907012939453,15183200
2023-10-16,83.17694813381503,84.21598316740966,83.16217572924718,83.83680725097656,14544200
2023-10-17,82.78300376021278,83.88112846444146,82.18715586311997,83.44779205322266,15317800
2023-10-18,82.86178994914762,83.53642146248578,82.25116968349423,82.59095001220703,12862800
2023-10-19,82.92087886869669,83.47733114227803,81.97540742637645,82.11820983886719,19991800
2023-10-20,82.0788240280048,82.13792116601869,80.64584804663275,80.72956085205078,15350400
2023-10-23,80.22726464866264,81.64547552835612,79.77914836182354,80.82311248779297,15159000
2023-10-24,81.14319638767917,81.50267076030133,80.50303129655877,81.37956237792969,11180400
2023-10-25,81.76858973962642,81.86707494353752,80.17803153034072,80.41931915283203,15529600
2023-10-26,80.5621192592765,80.91667196126362,78.54313901262424,78.88291931152344,20646400
2023-10-27,79.36550452489539,80.14355033923154,78.99125777825239,79.34088134765625,16231600
2023-10-30,79.75945852340129,80.47840726099591,79.51816339150213,80.19280242919922,14180800
2023-10-31,80.2321936980826,80.8329632227344,79.60680850738834,80.76402282714844,10893600
2023-11-01,80.90683161837062,82.4333710744519,80.90683161837062,82.32503509521484,20945800
2023-11-02,83.06861952920252,83.79249747302119,82.95536191281876,83.7186279296875,16192600
2023-11-03,83.63491179251493,84.92016365033345,83.4527137846436,84.58038330078125,15661800
2023-11-06,84.69363842726509,85.16637036861549,84.42772013555908,85.13682556152344,11099200
2023-11-07,85.36335902949754,86.31867380625899,85.23532149737903,86.06753540039062,13029800
2023-11-08,86.36299730005425,86.69784850308501,85.96904896229954,86.55504608154297,10722400
2023-11-09,86.68308191112605,87.31832543291756,86.03799512783675,86.15125274658203,14374600
2023-11-10,86.67321832608408,88.46075434990084,86.5747331280809,88.40166473388672,13346400
2023-11-13,88.03234459946356,88.10620662367096,87.51528788819361,87.88461303710938,11725000
2023-11-14,89.22895863048086,89.86912375453399,88.95319704201238,89.6426010131836,16508400
2023-11-15,90.04147937061049,90.17936016617132,89.41116501549246,89.75586700439453,13147800
2023-11-16,89.5785942562173,90.3024722192462,89.41609027329856,90.2039794921875,11553600
2023-11-17,90.00208092731691,90.36155531048004,89.62782662501158,90.01685333251953,13277800
2023-11-20,90.13011947391408,91.55817388088008,90.12026869820016,91.32180786132812,11116200
2023-11-21,90.90815307044464,91.05095548612096,90.25321558254178,90.58314514160156,13350800
2023-11-22,91.15437934746676,91.76499968534222,90.7407369479092,90.98695373535156,11213400
2023-11-24,90.83430793695824,90.91309160477024,90.46498272567604,90.80968475341795,4193800
2023-11-27,90.68164014098498,91.33165606890054,90.51914367294616,90.80474853515624,8420000
2023-11-28,90.49944301181586,91.21839934697812,90.49944301181586,90.97710418701172,11012400
2023-11-29,91.64188364865174,92.03582446455265,90.99186777732427,91.04603576660156,10765400
2023-11-30,91.42520998741608,91.54831836857528,90.41571975912277,91.17899322509766,13744000
2023-12-01,90.94262378113308,91.54832245349915,90.5043582252083,91.38581848144533,13992200
2023-12-04,90.47481838517376,90.47481838517376,89.28805918324069,90.2729263305664,18221800
2023-12-05,89.79033535615822,90.91801243933624,89.79033535615822,90.8145980834961,10841400
2023-12-06,91.38090024454225,91.51385189702758,89.97746157901115,90.04640197753906,14731400
2023-12-07,90.4748067869386,91.29224821777429,90.282758018387,91.13959503173828,13928800
2023-12-08,90.94262447566032,91.99151034240931,90.82936686297828,91.91764831542967,12808800
2023-12-11,91.64679736278876,92.74000031454678,91.43504705428995,92.72029876708984,37795400
2023-12-12,92.38053123147854,93.36539827013422,92.30174006504068,93.33584594726562,15055400
2023-12-13,93.5574564580252,94.38474124706563,93.33585534087368,94.1582260131836,29395000
2023-12-14,94.23208710589732,94.58663987308611,93.23244757211056,93.9267807006836,15427400
2023-12-15,93.8282733373886,94.94117782729164,93.8282733373886,94.39949798583984,18131200
2023-12-18,94.38076099125504,94.894018442372,93.98100349323514,94.68180847167967,10138000
2023-12-19,94.66207122674518,95.05195624890774,94.60778372481816,95.04208374023438,9003600
2023-12-20,94.93351957558876,95.26910960362322,93.59114440241386,93.60594940185548,13734800
2023-12-21,94.55843251847216,94.8693449895207,93.8625675294996,94.65713500976562,11336000
2023-12-22,94.92855980171606,95.05687227017012,94.3116599005625,94.78050231933594,10215000
2023-12-26,94.8397336135929,95.37273609543384,94.8397336135929,95.17533111572266,6207600
2023-12-27,95.2246747648808,95.36779977035376,94.76570481678203,95.1703872680664,11764600
2023-12-28,95.50598751157378,95.60469000030604,95.23948250842774,95.28390502929688,9615400
2023-12-29,95.33325154122838,95.52572402798464,94.51894660430196,94.9927215576172,12190600
2024-01-02,93.69971152961836,93.84776904208724,91.91810395180164,92.5053939819336,23545400
2024-01-03,91.66146188727588,92.1648543650434,91.39989690570935,91.56275939941406,18190000
2024-01-04,91.00014603965673,91.63185099237737,90.8027410658754,90.89157104492188,12127200
2024-01-05,90.99521759913964,91.651600085413,90.52143509826324,90.8668975830078,16350600
2024-01-08,91.3258601100704,93.2111022350945,91.2320901230492,93.1469497680664,16434600
2024-01-09,92.43134590654132,93.56151078204128,92.23394094347974,93.29500579833984,10633800
2024-01-10,93.33943180907092,94.29192171073782,93.14201930810482,94.0895767211914,9785400
2024-01-11,94.55349334254352,95.0272758477029,93.24072835812947,94.56829833984376,13296600
2024-01-12,94.72128531881688,95.09142530058156,94.40050034682768,94.87428283691406,8834600
2024-01-16,94.75584053267043,95.51092553447376,94.20803302837024,95.11117553710938,11775600
2024-01-17,94.40543134841052,94.75583383905538,93.615803918062,94.64232635498048,14109000
2024-01-18,95.90573607063918,96.6509485096666,95.5454686033496,96.56211853027344,18918800
2024-01-19,97.1938277481934,98.80764021926812,96.98161023725162,98.78789520263672,18333200
2024-01-22,99.27154596850508,99.82922598378008,98.84711846309142,99.22219848632812,14969000
2024-01-23,99.31596824967733,99.68610825243032,98.7385507490447,99.6219482421875,13263800
2024-01-24,100.30793762207033,101.3147150847756,100.02169512519396,100.30793762207033,17651200
2024-01-25,101.23082488272706,101.73914990485304,100.26352985306748,100.7274398803711,17071400
2024-01-26,100.02168729132194,100.46585976431444,99.34062735104352,99.5676498413086,10553000
2024-01-29,99.69102459467904,100.5003969683855,99.4936196373912,100.48065948486328,7639600
2024-01-30,100.44611773675368,100.59910772081192,99.34557032485232,99.65155029296876,12251600
2024-01-31,98.70399090524266,99.10868088260229,97.50967351895126,97.55902099609376,16295200
2024-02-01,97.9489127282201,98.92608019698687,97.88475271994416,98.78789520263672,14303400
2024-02-02,98.11670139231794,100.12533123085122,98.08709139979692,99.80947875976562,12872200
2024-02-05,100.21416651849458,100.3227415171693,99.09881406817463,100.0364990234375,10086200
2024-02-06,100.14507488019323,100.31780988788782,98.93595241788331,99.57752990722656,12677200
2024-02-07,100.27831796954771,100.91989539864956,99.87856802240825,100.8952178955078,11365800
2024-02-08,101.06795744147011,101.48251996447848,100.94457744152518,101.2110824584961,9948200
2024-02-09,101.63550385072334,102.7064412822146,101.51705634690916,102.57318878173828,11612200
2024-02-12,102.56825648283728,102.88410896307585,101.64537654677656,101.79342651367188,10753200
2024-02-13,99.5874013121768,100.73730386001188,99.28635379939148,100.0661163330078,19459400
2024-02-14,100.81133347733156,101.19133845901072,100.10066346561928,101.11238098144533,11791600
2024-02-15,101.24562423449018,101.3443342581698,100.3375492485708,100.90016174316406,10796400
2024-02-16,101.17159335136536,101.3739383453922,99.83909094503618,99.97234344482422,11090400
2024-02-20,99.38504831740607,99.74038327804338,97.96370847485692,98.95568084716795,17447600
2024-02-21,97.99826470811335,98.33385467529295,97.257984748199,98.33385467529295,15954400
2024-02-22,100.8754853309519,101.82798285006125,100.64353032772142,101.5516128540039,18551600
2024-02-23,102.35603997463298,102.4843599878794,100.9939275523324,101.31471252441406,12324000
2024-02-26,101.75889176010922,102.01058425346432,101.30978674503844,101.4134292602539,18248800
2024-02-27,101.68978302505133,101.68978302505133,100.74715815196086,101.5022430419922,9984400
2024-02-28,101.16666169098492,101.29990666134684,100.65833672266967,101.0235366821289,8329000
2024-02-29,101.56146798463348,102.39058542293162,100.99392304993916,102.14875793457033,11986800
2024-03-01,102.41032705291308,104.16232446601784,102.36097957384308,104.01426696777344,13136800
2024-03-04,103.86621700004623,104.61142944950284,103.63426200991736,104.01426696777344,20443800
2024-03-05,102.987731920361,103.03708692391068,100.80144231850464,101.45782470703124,18042800
2024-03-06,102.51890830525976,103.03217332642396,101.57629082097054,102.26228332519533,14303200
2024-03-07,103.1358034033666,104.191935860283,102.62254593713878,103.87608337402344,12120800
2024-03-08,104.06362761294376,104.79897512471956,102.26721511223582,102.33137512207033,14912200
2024-03-11,101.86251646344816,102.27707895194892,101.3147090080706,102.05005645751952,15648400
2024-03-12,103.03216582641063,104.15245073178208,102.0549908678125,104.14258575439452,17382800
2024-03-13,103.82674466642756,103.88596465931796,102.58800459133845,103.01737213134766,12815400
2024-03-14,103.45165672519748,103.8168642246575,102.4103292568421,103.03710174560548,16023200
2024-03-15,101.55654604568586,102.02045605535652,101.067958529657,101.4825210571289,19633400
2024-03-18,102.37182164047498,103.02928802049308,101.90220495273422,101.9813003540039,14176600
2024-03-19,101.48201346856548,102.5250604623852,100.97284909908,102.5102310180664,13390200
2024-03-20,102.58932400977838,103.69168875501322,102.22846163489876,103.65708923339844,13357400
2024-03-21,104.76439750644197,104.76439750644197,103.64226265256409,103.73123931884766,12312000
2024-03-22,103.73618736371792,104.14647871499596,103.3654361687696,103.7658462524414,11507000
2024-03-25,102.78212372970349,103.51868553378684,102.48552728019185,103.07872772216795,8777800
2024-03-26,103.44946683355404,103.6175388895681,102.56955131330156,102.6535873413086,8538400
2024-03-27,103.30118079019996,103.35555793941076,102.38665806518738,103.17759704589844,12495000
2024-03-28,102.93535391074784,103.25172794440208,102.74751177832788,102.95513153076172,8854400
2024-04-01,103.17265284333796,103.8449486908049,102.86616003886216,103.24185943603516,11654800
2024-04-02,102.09498736673028,102.396531960618,101.41775096035616,102.24822998046876,11418200
2024-04-03,101.7341355721248,103.04906836692813,101.70941731570537,102.52012634277344,10670000
2024-04-04,103.49890358804802,103.85977352382798,100.84432738389329,100.8987045288086,16464800
2024-04-05,101.33865868405452,102.57449598507957,101.05688415880373,102.0554428100586,12808800
2024-04-08,102.11970722915665,102.45585134936796,101.56110636374127,101.93680572509766,8125800
2024-04-09,102.46080128604208,102.673361681659,101.1705868392756,102.45091247558594,9400800
2024-04-10,101.28428917176014,101.57100435235309,100.76029532352064,101.1953125,13836800
2024-04-11,101.64515111722142,103.38521227228392,101.15576433885742,103.2171401977539,10563600
2024-04-12,101.9862453534561,102.46575087261876,101.17059567893769,101.5462875366211,16186800
2024-04-15,102.16913237924378,102.23339832927628,99.46512744572274,99.61837005615234,17189000
2024-04-16,99.83588779286151,100.3549334454556,99.3415528529033,99.7370147705078,14914000
2024-04-17,100.10281946884837,100.27089152826532,98.22434529862028,98.29850006103516,13090400
2024-04-18,98.26884476634312,98.520960426991,97.07255505141454,97.1763687133789,15280600
2024-04-19,96.80561564541571,97.1219897165402,94.93208193218484,95.17430877685548,21880000
2024-04-22,95.90592354369927,96.60293765247415,94.95186068485592,96.02456665039062,13293400
2024-04-23,96.42497286332684,97.59160363159712,96.28161904862424,97.44824981689452,12151600
2024-04-24,98.16997669693592,98.57533497980182,97.3543270400803,97.89315032958984,9160200
2024-04-25,96.67213271000156,97.863481640067,96.242063756863,97.68058013916016,11568000
2024-04-26,98.45174024856688,99.50466845373136,98.06615963096546,98.78294372558594,10104200
2024-04-29,99.29212014430222,99.44042214055968,98.62971310969871,99.20808410644533,7494800
2024-04-30,98.86697643451234,99.26738648219984,96.99345054997708,97.02310943603516,14929000
2024-05-01,96.50406773064192,98.12548573276476,96.00973278992272,96.02950286865234,20453600
2024-05-02,97.25545962351468,97.5471154302425,96.02950353114744,97.41364288330078,13340000
2024-05-03,100.04844519005373,100.46368471683242,99.69252344054276,100.1275405883789,13316400
2024-05-06,100.5081822588776,101.3040542602539,100.354932093475,101.3040542602539,8021000
2024-05-07,101.60066211553723,101.65009862793508,100.96297334614046,100.9728546142578,10020800
2024-05-08,100.61198969646112,101.368321550937,100.58727144088004,101.2595672607422,7176000
2024-05-09,101.0964316345618,101.30899957220434,100.7256804450722,101.22990417480467,9589600
2024-05-10,101.7588486144738,102.2136358460672,101.28428376157714,101.60559844970705,8753800
2024-05-13,102.35205098804715,102.43608702281804,101.76379120169852,102.0851058959961,6582000
2024-05-14,102.05048998616176,103.13308453941376,101.99117221654292,102.9897232055664,9825200
2024-05-15,103.63731207484533,105.34277356862748,103.56316485466007,105.30816650390624,14308600
2024-05-16,105.37242878587033,105.6986916292238,104.89786396436055,104.94235229492188,12066600
2024-05-17,105.184579251851,105.24884520249375,104.13659167925664,104.71002197265624,7616000
2024-05-20,104.8138424765309,106.13866411076718,104.71991762590426,105.94092559814452,6276800
2024-05-21,105.53555882993216,106.28694243499912,105.3477091571895,106.11392974853516,6140400
2024-05-22,106.41548513348545,106.74174046273656,105.72341168854238,106.3512191772461,11783000
2024-05-23,107.56727534219644,107.57715660909513,105.14997802594884,105.48612213134766,9400400
2024-05-24,105.75307155503005,106.6033282670163,105.4020979668332,106.37593841552734,5906400
2024-05-28,106.97902539929431,107.0630614333301,106.1584275945413,106.8257827758789,8786400
2024-05-29,105.69869763154408,106.65770105311633,105.69869763154408,106.1485366821289,8569000
2024-05-30,104.96707338462228,105.12526417705044,103.40497325267872,103.7262954711914,10450600
2024-05-31,104.0327886309327,104.0525662529695,101.60066158414378,103.88943481445312,12081000
2024-06-03,104.68531085535837,104.77923569948452,102.90570207968469,104.15142822265624,9628000
2024-06-04,104.09704891530356,104.5370066947377,103.56316629369492,104.36893463134766,6405400
2024-06-05,105.19446914782633,106.68736267089844,105.02639709066612,106.68736267089844,8788800
2024-06-06,106.74667564788346,106.82082286301802,106.04966165381184,106.33143615722656,7057600
2024-06-07,106.44514073892974,107.03340050894796,106.0546119225359,106.57861328125,6398600
2024-06-10,106.2177386800709,107.13720190557775,106.14853209505218,106.8504867553711,6734800
2024-06-11,106.57860855499094,108.86737403635895,106.52917204730092,108.83771514892578,12719200
2024-06-12,109.92031841737422,112.36727488086724,109.71763928008494,111.24513244628906,17821200
2024-06-13,112.27829602850484,112.58972190787068,111.44286878276068,112.12505340576172,12693600
2024-06-14,111.96685611639386,112.60949300225276,111.892708897736,112.54522705078124,7864600
2024-06-17,112.82205146506098,114.6510890759344,112.43647084871829,114.25067901611328,11602600
2024-06-18,114.3643993359498,114.76975009259144,113.93927095627993,114.39405822753906,8677800
2024-06-20,114.9081588426717,114.97736543469064,112.72813987964602,113.10877990722656,13243000
2024-06-21,113.13349046590857,113.57838887819445,112.39692871721736,112.91104125976562,13560200
2024-06-24,111.73741192729962,112.24252023197904,110.11314949282564,110.14286041259766,13748600
2024-06-25,110.95004812127983,112.22271377379876,110.32608854875048,112.16329193115234,9126200
2024-06-26,111.99492118990018,112.5644006456843,111.16297764027186,112.03453826904295,9459600
2024-06-27,111.81664183539876,112.64362848109836,111.68293514532014,112.08900451660156,7923600
2024-06-28,112.48021492809232,114.08962189955751,111.87606770661674,112.02957916259766,12488200
2024-07-01,112.19795638302992,113.0645601581242,110.56873705438898,112.87638092041016,9281600
2024-07-02,111.89588203693246,113.45081649816684,111.89588203693246,113.44091033935548,7076600
2024-07-03,113.2774941140586,115.02555713458074,113.18340449465728,114.97108459472656,6249200
2024-07-05,115.0998382174023,115.83274287882423,114.62444835958944,115.32268524169922,6671800
2024-07-08,115.69408600460628,116.44678786651832,115.4960006018514,116.11005401611328,7671000
2024-07-09,116.70429138908028,116.9816033879052,115.3523916167161,116.01596069335938,8678600
2024-07-10,116.81323745265102,117.7838370129044,116.15957452936637,117.69964599609376,8749400
2024-07-11,117.87792119941824,117.9274444388829,114.42141216921463,114.7531967163086,14106000
2024-07-12,115.07012388635182,117.00636615191677,114.66901134439895,115.77826690673828,9767600
2024-07-15,116.36755961429768,117.13016762459831,115.32763204406598,115.98625183105467,8628000
2024-07-16,116.25861060948596,116.31803244937292,114.77300416283067,115.59999084472656,7652200
2024-07-17,112.95561251812536,113.06950689596653,111.0490812336686,111.10355377197266,12440400
2024-07-18,112.3217434240221,112.34154818320842,109.71202625348724,111.11344909667967,10837200
2024-07-19,110.5241701728455,111.2025947071512,109.13265332641852,109.37529754638672,8472800
2024-07-22,110.82128663882882,112.09395980065776,110.35084610410594,111.9652099609375,10601600
2024-07-23,111.49972648719752,112.5247910873582,111.37096908233136,111.51953125,5530800
2024-07-24,110.0636359297732,110.41028350740876,106.64674384433336,106.9042510986328,14300800
2024-07-25,106.79034405584328,108.38489563456572,104.2202511619703,105.76033020019533,21158000
2024-07-26,107.1865012667826,107.95406609197632,106.19609699070944,107.1023178100586,11697800
2024-07-29,107.9540760921174,108.41956735398136,106.31495807236898,106.62693786621094,7343800
2024-07-30,107.0230925363053,107.12708831864497,103.15061542469957,103.94789123535156,10694600
2024-07-31,107.15679595672717,108.7414413701572,106.40408655177836,108.35023498535156,14614000
2024-08-01,108.0531065868959,109.30596740993671,103.20012405200303,104.30937957763672,16991400
2024-08-02,101.5362454877509,102.3731383300466,99.65943266440726,101.3777847290039,18621600
2024-08-05,95.03425486335348,99.89218717746942,94.45981850483292,98.0005111694336,31430000
2024-08-06,99.25337691562858,101.34313087984889,98.1986013296136,99.33261108398438,24575800
2024-08-07,101.73928003979331,102.23448218898304,97.58949116778926,97.7231903076172,17653600
2024-08-08,99.4910636115408,101.62538362274744,98.05002357281953,101.37283325195312,14477200
2024-08-09,101.3134004778792,102.41274979485664,100.6993546816399,101.8284149169922,9535600
2024-08-12,102.14535530359782,103.4526887503976,101.66995788831356,102.66036224365234,8580200
2024-08-13,103.93302674606544,105.84945659485628,103.80426935471684,105.81478881835938,9999600
2024-08-14,106.46846522935056,106.93395647236622,104.96305397594548,106.3941879272461,8922400
2024-08-15,107.77085206081338,109.56348152128396,107.53810643342588,109.45453643798828,9518800
2024-08-16,108.87514833800564,109.85069720789863,108.57802401642545,109.63775634765624,6706400
2024-08-19,109.38025180510203,111.45019313665448,108.93456534252282,111.44524383544922,13004200
2024-08-20,111.15307021075994,111.8215885332202,110.4003608791912,111.05402374267578,7221600
2024-08-21,111.12335257718308,112.09395205598334,110.77176330385257,111.70769500732422,7538800
2024-08-22,112.33165618110256,112.5941127214549,108.90980744140316,109.13760375976562,9083600
2024-08-23,110.2220904478155,111.3907677709854,109.48919341483314,110.9054718017578,10681000
2024-08-26,110.806439815993,111.22241540017804,108.95438845296432,109.5139617919922,6268800
2024-08-27,108.8355272385596,110.41027399487984,108.30070801317832,110.17752838134766,7656000
2024-08-28,110.03391848088528,110.24685933897928,107.74608691883036,108.65725708007812,9002200
2024-08-29,108.68696688416904,110.21714728610846,107.39944581463732,107.6767578125,13314800
2024-08-30,108.85038004223664,109.5288045489387,107.67675340073076,109.1078872680664,10048400
2024-09-03,107.9540723602372,108.0333065204081,103.50220216056763,104.09645080566406,14765800
2024-09-04,103.04165572887104,105.01255800660375,102.71482052350572,103.82902526855467,12330000
2024-09-05,103.08127862168546,104.958091395653,102.987189006693,103.67057037353516,8874800
2024-09-06,103.58638918463863,103.83399027654896,100.5161371561876,100.98162841796876,12441000
2024-09-09,102.23448468734762,102.74949916655432,101.2886467457968,102.6355972290039,10922000
2024-09-10,103.34375142814083,104.39357770566464,102.35829630034226,104.17073822021484,10123000
2024-09-11,104.5272635167948,107.88968255858036,102.87329026339653,107.72626495361328,12768800
2024-09-12,107.64705321415096,109.07818722417208,106.88939447685658,108.61764526367188,10604200
2024-09-13,108.75133486067698,109.4347161853116,108.31060528834212,109.162353515625,8047400
2024-09-16,108.37499730042842,109.09303893154014,107.74113913098776,108.74639892578124,6897800
2024-09-17,109.83584669547989,110.0042136257403,107.98378779405792,108.53346252441406,6990000
2024-09-18,108.8058196983643,109.56842770353788,107.43906445072702,107.54305267333984,12741600
2024-09-19,110.5637900982582,111.42543703409868,109.95964284916856,110.7371063232422,13934000
2024-09-20,110.30132242960664,110.69252877791408,109.21187172559168,110.19732666015624,14492800
2024-09-23,110.29606668420304,110.43992994405038,109.83966323637488,110.177001953125,7490600
2024-09-24,110.63836851675966,111.15430053290989,109.44774394372656,110.93106079101562,7025800
2024-09-25,110.71277053476962,111.73471810334074,110.66316591255956,111.24855041503906,6111600
2024-09-26,113.421437768224,113.54546068226188,111.53628796089698,112.7219467163086,9244800
2024-09-27,112.8806842488968,112.9154142958926,111.25350433561894,111.67022705078124,6093800
2024-09-30,111.18406012898136,112.0671026759142,110.62843989354263,111.99765014648438,5500400
2024-10-01,111.6652734826198,111.72976782279272,108.61927089617436,109.26914978027344,11295400
2024-10-02,109.29395592084924,110.57883154485852,108.67384132589208,110.0777816772461,4532400
2024-10-03,109.75531973072216,111.34281150197197,109.74043758675404,110.5341796875,5784800
2024-10-04,111.9629294286788,112.04230591206438,110.58875339287854,111.76448822021484,5009200
2024-10-07,111.26343823190344,112.00261753927,110.71773437146396,110.99555206298828,4430400
2024-10-08,111.7942546529822,113.2577234842447,111.54124307069009,113.06920623779295,7864800
2024-10-09,113.15851653107424,114.49299680695124,112.8062881035491,114.3342514038086,7579800
2024-10-10,113.570252816949,114.60212431203594,113.25275447767284,114.30447387695312,5692200
2024-10-11,114.03162886732837,114.76088421053134,113.86295952026649,114.50291442871094,8849000
2024-10-14,115.23216939489184,116.23427666080325,115.17759900987296,115.99615478515624,9810200
2024-10-15,116.08545469297856,116.36823058789422,113.02456989427404,113.4462432861328,14179400
2024-10-16,113.80342010538968,113.97209701736512,112.5731149478052,113.7984619140625,5758800
2024-10-17,115.38595822398445,115.45045256257724,114.1457290649414,114.1457290649414,6051200
2024-10-18,114.7410380669404,114.974201755477,114.30944073996147,114.55252838134766,4537000
2024-10-21,114.1953361438424,115.10318475596593,113.9869785628275,115.08830261230467,6322400
2024-10-22,114.47811242630162,115.36115500398289,114.1506976731646,114.96924591064452,6169200
2024-10-23,114.542608723108,114.71624384057375,112.35484257787964,113.3222198486328,6083600
2024-10-24,113.78358315694707,113.9373703600027,112.97991709207162,113.65460205078124,4832800
2024-10-25,114.29951209522106,115.52982482628585,114.08123812979774,114.24494171142578,8314800
2024-10-28,115.0634985810052,115.0634985810052,114.18541424044764,114.21022033691406,5899200
2024-10-29,114.42850984114352,116.08049606002028,114.00187068939374,115.74811553955078,7451600
2024-10-30,114.691426093042,114.99900048384627,113.83318968562376,113.90760040283205,8341200
2024-10-31,112.65745140773114,112.65745140773114,110.21172319746728,110.25141143798828,12110200
2024-11-01,110.37047994806856,111.90836725505132,110.2216509232382,111.07989501953124,11565800
2024-11-04,111.18406174861076,111.79425994794532,110.52425892453688,110.99555206298828,6311800
2024-11-05,111.33783882121706,112.64752796707918,111.33783882121706,112.5582275390625,7273000
2024-11-06,114.73111372768092,115.9763009975371,114.38880929081115,115.7629852294922,10967800
2024-11-07,116.56665854481376,117.916028472413,116.51208815914768,117.7820816040039,10463000
2024-11-08,117.6332511547362,118.04004994650776,117.2264599327226,117.6530990600586,7236400
2024-11-11,117.63822398672733,117.71263471176395,116.30373613950876,117.00322723388672,7267200
2024-11-12,116.92384827182674,117.30087522029392,116.2293153839031,117.15204620361328,7530800
2024-11-13,116.9039999159608,117.60845675422172,116.38310971421993,116.74525451660156,6329600
2024-11-14,116.93377316084111,117.13716499651584,116.15986378185882,116.34838104248048,6602000
2024-11-15,114.90971499087156,115.05853643483007,113.0840937241468,113.46112823486328,11229800
2024-11-18,113.46113642630613,114.30944899714684,112.97000291651084,113.82823944091795,6166800
2024-11-19,113.11385916500464,114.85514577463525,113.11385916500464,114.7608871459961,6906800
2024-11-20,114.86010050460798,114.89978874545773,113.13370366131268,114.6616668701172,8874400
2024-11-21,115.77289849129016,116.36821448880376,114.00185535098343,115.82746887207033,10591800
2024-11-22,115.61911494571429,116.15489481851247,115.20239979012376,115.8870086669922,7090800
2024-11-25,116.76012623499788,116.96352561985748,115.35618601498462,115.88204193115234,11137200
2024-11-26,116.40790062495724,116.8246233567432,115.96637936690782,116.46247100830078,6229400
2024-11-27,115.67368684533412,115.74313937217676,113.86791357766732,114.88490295410156,6369400
2024-11-29,115.1527920748252,116.19458757405356,115.03869311416464,115.95149993896484,4168400
2024-12-02,116.03583650848311,117.48938901184412,116.00607221997709,117.05282592773438,9398200
2024-12-03,116.55673756591374,117.50427448221964,116.32853963440274,117.4745101928711,5576000
2024-12-04,118.94293836291402,119.68211769055102,118.59567570118324,119.62258911132812,10840000
2024-12-05,119.43406441128398,119.57296946732396,118.85363809074028,119.01734924316406,5638000
2024-12-06,119.2257099668991,119.99465355649969,119.09672885996766,119.4787139892578,6654200
2024-12-09,119.03223248904447,119.45887161361934,118.3972357784807,118.6998519897461,8032400
2024-12-10,118.2980208417952,118.62047739362116,116.68075718189304,117.05282592773438,11234400
2024-12-11,117.98052987526152,119.1265004731091,117.57373105416389,118.7494659423828,8689600
2024-12-12,117.99045053138572,118.52127229475768,117.70271643111292,118.08470916748048,7218200
2024-12-13,119.15129193247996,119.61761930665236,117.648134799844,118.59071350097656,8677000
2024-12-16,118.7444881006887,119.88053455716624,118.491484104641,119.77635955810548,9442600
2024-12-17,118.92804770666528,119.51839797423654,118.47164430251752,119.05207061767578,8145000
2024-12-18,119.4539114576048,119.78133378084736,114.94443993481592,115.21233367919922,16927200
2024-12-19,116.38310316300664,116.7601300888004,115.18752047957425,115.33634948730467,13383400
2024-12-20,114.5525282400996,118.00036379964992,114.19534163553746,117.05779266357422,14924800
2024-12-23,117.39370287189796,118.34775872188634,116.76760585282612,118.2980728149414,7973400
2024-12-24,118.72042259718935,119.52540546338663,118.54153667334988,119.52043914794922,4653400
2024-12-26,119.13782754151596,120.03723111102656,118.75521651206384,119.5999526977539,7150800
2024-12-27,118.79495954899726,118.94899872708407,116.8470872843359,118.00984954833984,8726400
2024-12-30,116.2905618522898,117.4384100570818,115.57005182932387,116.50920104980467,7950400
2024-12-31,116.82721827277425,116.90672481315605,115.1625851510247,115.5402374267578,9381200
2025-01-02,116.45454641335104,116.78250522416316,114.17872274711644,115.2669448852539,12766600
2025-01-03,115.972545811266,117.2694669138968,115.7439663955371,117.1452407836914,9117600
2025-01-06,118.4819166203366,119.7838040546675,118.1688643420632,118.63595581054688,8975400
2025-01-07,119.2570830004142,119.2570830004142,115.84831774136592,116.25578308105467,10006800
2025-01-08,116.52410466832296,116.54397751207291,115.09799118673348,116.21602630615234,10023800
2025-01-10,114.99363602033218,115.01351644591703,113.0109843781648,113.68180847167967,11665800
2025-01-13,111.85320141028458,112.95632996176136,111.530208949192,112.87682342529295,10656000
2025-01-14,113.7513759379559,114.06442819569122,112.2755689831478,113.17496490478516,7220200
2025-01-15,114.72034557907934,115.76384811734204,114.34270086860856,115.42594909667967,10465400
2025-01-16,116.36509638076645,116.43963660775997,114.5116446517118,114.53649139404295,5368400
2025-01-17,116.60362127929916,116.74275394404934,115.81851119554504,116.330322265625,6742600
2025-01-21,116.7179008882643,117.58748378700504,115.90794410485992,117.29927825927734,6744200
2025-01-22,118.88440146911437,120.22604210092295,118.71545575905452,119.9477767944336,10243800
2025-01-23,119.02353766369558,120.18629240704804,118.90925174845012,120.16145324707033,7604400
2025-01-24,120.53910223924868,120.53910223924868,118.52663736893714,118.90925598144533,6607600
2025-01-27,113.58243724697768,114.77500507424564,112.03706387076954,113.08056640625,20705600
2025-01-28,113.8457943810816,116.35516371250604,112.64328635781597,116.09677124023438,11260600
2025-01-29,115.86819269720225,115.92285249785996,114.03462138167274,115.15265655517578,9050000
2025-01-30,114.94891978550795,115.76384286853572,114.15884344410492,115.36631774902344,8840200
2025-01-31,116.43963486981164,117.13529815173376,114.38245049937213,114.6905288696289,10741800
2025-02-03,112.1513478276174,113.83585383481535,111.55506392440915,113.14515686035156,13752800
2025-02-04,113.53274025164646,114.9538874526548,113.49298698101168,114.7750015258789,8371200
2025-02-05,114.87935784268856,116.39491815370582,114.51661966403894,116.3700714111328,5398000
2025-02-06,116.37006887898384,116.92659950613492,115.85328394049112,116.6880874633789,6808000
2025-02-07,117.1601489521006,117.72165349477744,115.30172328864586,115.68931579589844,8552800
2025-02-10,116.60361435577435,117.6719560214206,116.56882740057156,117.3787841796875,6054200
2025-02-11,116.72783009981416,117.90549125967848,116.64832356541848,117.43343353271484,6456200
2025-02-12,115.77874885957024,117.3191558472186,115.64955641874694,117.18002319335938,8555600
2025-02-13,117.3887232843456,118.91421617578682,117.22474388742616,118.83968353271484,7829600
2025-02-14,118.74030143096726,119.34155162375332,118.52166224007748,119.24217224121094,4557000
2025-02-18,119.8583483886199,120.3453127187112,119.3018101434968,120.33040618896484,6024000
2025-02-19,120.1962406780368,120.81737136234229,119.35647077970992,120.34033966064452,5604200
2025-02-20,120.22605063745183,120.38506372797116,118.6906174451619,119.95772552490234,5987400
2025-02-21,119.99250121239848,120.04219469719912,116.64833592010103,116.7079620361328,9057600
2025-02-24,117.16015275048927,117.48811156917176,114.8942692435223,115.03836822509766,7447600
2025-02-25,114.79488072745254,114.89922642736452,112.7724757551432,113.54764556884766,10433600
2025-02-26,114.66071649856896,115.86819082702554,113.90541951498822,114.78494262695312,7630600
2025-02-27,115.41103795837893,115.53029776952545,110.55628638868214,110.60597229003906,10100000
2025-02-28,110.10906669355042,112.1811575554332,109.16991748878108,112.0668716430664,14172200
2025-03-03,112.64328798578455,112.871859821275,107.85312866805448,108.65811157226562,12516200
2025-03-04,107.85312129108254,110.49168292522266,106.46675351514264,108.5736312866211,17721000
2025-03-05,108.9115272901002,110.45690062555592,107.45063439397804,110.09913635253906,11931000
2025-03-06,107.83823272395392,109.54261177256907,106.52640495247076,107.04318237304688,16432000
2025-03-07,106.9189476360277,108.86681249881264,105.65681345623064,108.59351348876952,11263400
2025-03-10,106.44688813372882,106.64564691120349,102.89899012246065,103.9772720336914,21561800
2025-03-11,103.65924677351984,105.2990331197865,102.50642470825962,103.55489349365234,14832800
2025-03-12,105.40338499183872,106.09905587333137,103.92757795196464,105.18474578857422,10981600
2025-03-13,104.88164106339882,105.11517921307345,102.78470337467724,103.18719482421876,12383000
2025-03-14,104.53877563364424,106.41707411787746,104.5039886777104,106.30775451660156,10040800
2025-03-17,106.2232781344143,107.8084047181752,105.9151921855099,107.04813385009766,10148800
2025-03-18,106.28787977287104,106.3971993799922,105.03071187313958,105.41829681396484,11486600
2025-03-19,105.95991953080303,108.0419430407839,105.51767482399246,106.7897491455078,8838600
2025-03-20,105.5773102793206,107.19721638173354,105.41829718398202,106.0294952392578,7145200
2025-03-21,104.70772222539374,106.46179459392732,104.32013730205642,106.31769561767578,10425400
2025-03-24,108.08728620705566,108.59003819026827,107.8035572962837,108.3311996459961,8200200
2025-03-25,108.26151720984912,108.83395769387576,108.20676143868776,108.68960571289062,7481800
2025-03-26,108.3560806348965,108.6149267703849,105.84728819973256,106.26541900634766,7873000
2025-03-27,105.53867641632532,106.13600726751407,104.7272975161386,105.28480529785156,6577800
2025-03-28,104.7372492909957,105.16035513886288,102.38275886182508,102.73120880126952,10667600
2025-03-31,100.93920976700868,103.01493874638074,99.91876549582788,102.7809829711914,14219000
2025-04-01,102.3728097114704,103.62222712589056,101.5365404829524,103.53263092041016,9480200
2025-04-02,102.0542381582736,105.16036163995058,101.97459201887833,104.29920959472656,9292000
2025-04-03,99.301534597088,99.90384050229656,97.10136120991731,97.18099975585938,19451400
2025-04-04,94.14953912455164,94.89620460590174,90.74474635250904,90.7795867919922,33804600
2025-04-07,87.07612189234928,95.47859959349157,85.84163713098569,91.3221664428711,44557800
2025-04-08,94.7219777723424,95.99131058494496,87.82777118645706,89.4654541015625,25811400
2025-04-09,89.64963609672346,102.03432205060368,89.53514192390975,101.47681427001952,36988800
2025-04-10,97.9873991481834,98.65939349741932,93.4476680369918,96.7529067993164,19747600
2025-04-11,96.27006762688735,99.15717571194622,95.54829250449116,98.73406982421876,14423200
2025-04-14,101.79539051323532,101.86010394998118,98.55984020352368,99.63504028320312,11904400
2025-04-15,99.78934767441312,100.75503619107836,99.53050152875136,99.9984130859375,7200000
2025-04-16,97.31540465653129,98.350781740293,94.8464273651804,96.52394104003906,13222400
2025-04-17,97.2158434982972,97.2158434982972,95.59308571936398,96.0012664794922,7480800
2025-04-21,94.48304476640328,94.72197558351554,92.1833176124474,93.5223388671875,8973400
2025-04-22,94.76677758002158,96.35468725588568,94.21424486515151,95.80215454101562,9312800
2025-04-23,99.47575014670984,100.52605988135298,98.17655192135004,98.57975006103516,13413800
2025-04-24,99.5504157897977,102.39770057502967,99.39112351865045,102.25831604003906,9317000
2025-04-25,101.94970271686144,103.9657010179745,101.85014883931338,103.77156829833984,6518400
2025-04-28,103.63715824650076,104.14986789130556,102.05423121002929,103.6023178100586,5574400
2025-04-29,103.10454569764578,104.51823046227878,103.10454569764578,104.08516693115234,9144400
2025-04-30,102.0393069918758,104.90649969398125,101.44695116385576,104.51823425292967,10203800
2025-05-01,106.80302445537144,107.79360335065074,105.95680513348884,106.05138397216795,11532800
2025-05-02,107.26596328679778,108.3262230806981,106.97725172927656,107.82347106933594,8125400
2025-05-05,106.89760497534522,108.01760316484244,106.84284920448418,107.25102996826172,6757000
2025-05-06,105.65813328387752,107.1415140722,105.33458130269511,106.36000061035156,7958200
2025-05-07,106.36000477532512,107.89315876168855,105.62827201829998,107.4252471923828,8169400
2025-05-08,108.49049140486662,109.48107033065124,107.52480284720728,108.45066833496094,8704400
2025-05-09,108.93350748670048,109.13262282685729,107.75875356393304,108.31626892089844,7330000
2025-05-12,112.91075511548117,113.3836417350533,111.77084155933431,113.34381866455078,13478200
2025-05-13,113.75199616227906,116.17119255839958,113.6225692880074,115.79287719726562,12757200
2025-05-14,116.335459729232,117.00247905029536,115.86256552839158,116.54452514648438,10248000
2025-05-15,115.91234806884076,117.36088090608165,115.77297112183552,116.7038116455078,9536400
2025-05-16,117.0821209457685,117.0821209457685,115.91234206314712,116.9228286743164,8111600
2025-05-19,115.19554152238602,117.01740699281444,115.15571845469935,116.75358581542967,11863000
2025-05-20,116.02682496276208,116.33545183006125,115.43446918969772,116.31553649902344,10273200
2025-05-21,115.2254102379178,116.83323531067576,113.66737349554188,114.13030242919922,18643600
2025-05-22,114.1850542459869,115.18558318102274,113.90630036928876,114.16016387939452,11372000
2025-05-23,112.17403726938346,113.63749510325154,112.04959303349352,112.90078735351562,12004000
2025-05-27,114.65794344705552,115.74310117237488,114.27466065558174,115.58380889892578,14208400
2025-05-28,115.72318798422086,116.18612451646868,114.93669945931204,115.10594940185548,10789200
2025-05-29,116.84816599069602,116.96762759965137,114.70772354972092,115.30007934570312,14011800
2025-05-30,115.2453251609287,115.30008093094392,113.2044365645144,114.94168090820312,13494000
2025-06-02,114.638039735304,116.02683416413014,114.49866278887966,115.95714569091795,12878800
2025-06-03,116.11145394986644,117.78896751325335,116.02683277594082,117.6993637084961,14312400
2025-06-04,117.84869819430148,118.2419386604176,117.29119041586634,117.87358856201172,10899200
2025-06-05,118.222021547506,119.25242344429456,117.0323349818574,117.54006958007812,15885200
2025-06-06,118.67500633378197,119.19767365857447,118.31162368584155,118.65011596679688,9026000
2025-06-09,119.11305184590968,119.96922887096252,119.02345563410076,119.2325210571289,11100600
2025-06-10,119.21260908028358,120.07873614553174,118.76460525074862,119.8995361328125,9831600
2025-06-11,120.1882443943826,120.67606368407247,119.01847310616388,119.63571166992188,9599600
2025-06-12,119.61082718378402,121.02451957956303,119.59091944659228,120.74576568603516,11210400
2025-06-13,119.34700079147716,120.2579335366523,118.61526805511473,119.05331420898438,13193800
2025-06-16,119.77011147562727,121.33810581988752,119.77011147562727,120.97970581054688,13866200
2025-06-17,120.4719851476946,121.3231795181688,119.83980626517058,120.12354278564452,10525400
2025-06-18,120.4172255364271,121.02451403183518,119.65562739956631,120.26789093017578,11066000
2025-06-20,120.69597343920267,121.10414657423463,119.17277724092378,119.73526000976562,11490600
2025-06-23,119.85394368648414,121.20515076132438,119.0412200428161,121.10044860839844,12277000
2025-06-24,122.33198804321329,123.42391989230272,122.18738922125588,123.27434539794922,11329400
2025-06-25,123.91256022043838,124.51088104595384,123.80286718148665,124.32640075683594,9228600
2025-06-26,124.88483388782775,125.383435849257,124.39121520711042,125.18399810791016,11288400
2025-06-27,125.52304399145868,126.00170522274703,124.4660102661105,125.03441619873048,12196600
2025-06-30,126.13133729979972,126.60500763594356,125.52304230540464,126.26097106933594,13365200
2025-07-01,125.85710369336653,126.12136211903484,124.27653641996964,125.1341323852539,15144800
2025-07-02,124.8200152257411,126.54019049900074,124.73027052309592,126.45542907714844,11950200
2025-07-03,127.14350245514731,128.50469131217787,127.09363921488116,128.12075805664062,7112800
2025-07-07,127.62714074271425,127.9612107416718,126.5352012635436,127.10360717773438,11560800
2025-07-08,127.771739937915,128.03100747281528,127.25817293256334,127.78669738769533,15715200
2025-07-09,128.24042846310422,129.03817941540967,127.6022109635234,128.55453491210938,12933600
2025-07-10,128.8736493567747,128.9883332855102,127.4576216146952,128.1307373046875,9988600
2025-07-11,127.5224341895491,128.31521708583114,127.36288551899324,127.56731414794922,9239000
2025-07-14,127.25319642127609,127.77672240756056,126.24601830347252,127.46260833740234,8125200
2025-07-15,128.94843978572146,129.2525949015491,128.54956429388565,128.5944366455078,15657000
2025-07-16,128.63931349779162,129.0681039057108,127.04877193143976,128.99331665039062,17782600
2025-07-17,129.14787156555568,130.36945242907356,128.89359491810984,130.16502380371094,11955000
2025-07-18,130.66363227865403,130.70850463044417,129.73124902050174,130.0802764892578,10281000
2025-07-21,130.22486240689062,131.13731255778328,130.07528789828115,130.2498016357422,9246600
2025-07-22,130.15006403176267,130.23980872926,128.1157748078713,129.0431671142578,13448800
2025-07-23,129.37724628738772,129.9506355169045,128.6093949833752,129.78111267089844,10091800
2025-07-24,130.10020672606754,130.58385123946323,129.59662908973502,130.32957458496094,12159600
2025-07-25,130.28967746226883,130.95780226535925,130.02042814229603,130.62872314453125,8002000
2025-07-28,131.12733254135026,131.70571267595176,130.85809842223637,131.67080688476562,11517600
2025-07-29,132.52840164337564,133.26134717061674,131.45143474501631,131.67579650878906,13739000
2025-07-30,131.81540530393454,132.41870944968196,130.93288526183505,131.969970703125,13934600
2025-07-31,133.6303122791215,133.6303122791215,130.3644604065076,131.00267028808594,16414400
2025-08-01,129.57666831061707,129.6215406571036,127.5323974126451,128.17559814453125,19438000
2025-08-04,129.38221051391469,130.8032290638709,129.38221051391469,130.77830505371094,12377000
2025-08-05,131.2619522419401,131.37662095038732,129.3971706301647,129.6963348388672,11176000
2025-08-06,129.82099219662317,131.32677988088992,129.73623838294728,131.15724182128906,10167000
2025-08-07,132.61815701602217,132.8325522105371,130.18497697595873,131.27691650390625,10318000
2025-08-08,131.77052704865474,132.7378160805927,131.42649047460856,132.58824157714844,11015800
2025-08-11,132.50347376923295,133.10180222077437,131.38661022355527,131.6907501220703,9425400
2025-08-12,132.34891940717128,133.76494729664932,131.6159738401962,133.73004150390625,11153800
2025-08-13,134.50287090323496,134.64745451742772,133.2912565644297,133.77989196777344,13990200
2025-08-14,133.10179847972734,133.94941267677535,132.79265248490776,133.49070739746094,15484400
2025-08-15,133.31120289024912,133.31120289024912,131.950029285124,132.47854614257812,13373200
2025-08-18,132.31400235904218,132.8824159086452,132.18436097766786,132.7627410888672,12233800
2025-08-19,132.71289246799137,132.7428073687702,130.1999342896969,130.44424438476562,17367000
2025-08-20,130.1151626712796,130.1151626712796,127.56232308144656,129.5617218017578,23064200
2025-08-21,129.24759822428757,129.7661485133505,128.5346010869035,129.09303283691406,15148600
2025-08-22,128.95343386405554,131.69574478259597,128.59443982607434,130.8431396484375,13756000
2025-08-25,130.838132573186,131.36664939481264,130.18994094295408,130.54893493652344,10691800
2025-08-26,130.65864241516286,131.3217915677789,130.46918644482597,131.14727783203125,11081000
2025-08-27,131.27690558343906,132.00486013613988,130.67358629632992,131.85528564453125,11538600
2025-08-28,132.0148341858402,133.18156093494375,131.3566911693036,132.89736938476562,12380600
2025-08-29,132.3139870661879,132.33892629148295,130.3794092113913,130.8580780029297,17481200
2025-09-02,128.54457586461857,129.65646376317005,127.78171544019534,129.5367889404297,18226000
2025-09-03,130.19993830271136,130.56889890110554,129.33735139400275,130.30963134765625,15636600
2025-09-04,129.77611134243026,131.00765873346018,129.24759450736062,130.95281982421875,24397400
2025-09-05,132.19433615382366,132.24419939156402,129.73124132746247,131.0625,38561800
2025-09-08,131.75056546491385,132.52340756468226,131.72065056723227,132.04473876953125,20556000
2025-09-09,132.33893842572795,132.43864968768227,131.3616676321559,132.29904174804688,19355000
2025-09-10,134.97652727121027,135.60477058641902,134.0541106365641,134.6973114013672,25957200
2025-09-11,135.54494656386314,135.734417744214,134.93166067211544,135.1510467529297,23429200
2025-09-12,135.4202885574247,135.54991471353028,134.77209691240282,135.06129455566406,15612200
2025-09-15,135.27569824509064,136.3078079670911,135.111166291324,136.27789306640625,16268000
2025-09-16,136.59201410155785,136.68674969199205,135.63968252454114,135.80421447753906,16081400
2025-09-17,135.714467869108,135.87899981979425,133.93445523106314,135.3355255126953,18948600
2025-09-18,137.09060970441607,138.07783180884496,136.42746060214697,137.67396545410156,20882600
2025-09-19,138.2274298116224,139.19969452478912,137.7786758651036,139.070068359375,15670800
2025-09-22,138.86436195598495,141.23078285054396,138.80945256894785,141.11595153808594,15771200
2025-09-23,140.92125349048885,141.1509161381065,139.2787557202176,139.89781188964844,16456400
2025-09-24,140.27223085228349,140.27223085228349,138.10551922626738,139.0341033935547,13471000
2025-09-25,137.77103023160677,139.13396847546906,136.9173293628281,138.78948974609375,21349600
2025-09-26,138.9392516940092,139.33365773381462,137.98071414279363,139.20884704589844,16534000
2025-09-29,140.00763763759522,140.74652239037502,139.62820827323807,139.9527130126953,16107400
2025-09-30,139.9527119442681,140.85635532916947,139.65816055312146,140.716552734375,18215200
2025-10-01,139.99765678259303,142.19432180601964,139.95770883114778,142.09446716308594,17411200
2025-10-02,143.41746392479212,143.44741727190203,142.2192843333542,142.86331176757812,17607800
2025-10-03,142.99311267543115,143.7220028117827,141.6551305495505,142.14439392089844,17458000
2025-10-06,144.06148311748967,144.50081916420856,143.50733099197785,143.58221435546875,17945600
2025-10-07,144.32109487535672,144.53078354482062,141.86982625441328,142.62367248535156,15588400
2025-10-08,142.95316889441253,145.12987523266398,142.8782855281644,145.1248779296875,14037800
2025-10-09,145.05996909643997,145.18977708406126,144.1263876117588,144.8802490234375,11989400
2025-10-10,145.18477811272535,145.44937615205762,138.92926727129216,138.98419189453125,44574600
2025-10-13,142.14939629817346,142.84333581084107,141.3406102303762,142.3690643310547,22030400
2025-10-14,140.50189164530605,141.97466393771106,138.90930596135206,140.54183959960938,26956800
2025-10-15,142.51383105951945,143.0729805014596,140.18735801769878,141.93470764160156,20937600
2025-10-16,142.95817091290292,143.59220374895733,141.071033842803,142.03956604003906,23166200
2025-10-17,141.19584170193065,142.7135287297586,140.29719558830828,142.2891845703125,25511600
2025-10-20,143.10294984765562,144.4908440897704,143.01807187605652,143.87677001953125,13805200
2025-10-21,143.7869167439235,144.4658796059338,143.25772062039186,143.95166015625,12503800
2025-10-22,143.88674949052924,144.20127486244084,140.7365289398279,142.52880859375,20723200
2025-10-23,141.96965400544428,144.55572771419946,141.96965400544428,144.32608032226562,11923400
2025-10-24,146.02851249201018,147.06194869851694,145.81384175414078,146.56768798828125,14359600
2025-10-27,148.624580573085,149.4033980851239,148.3849385556575,149.27359008789062,15167000
2025-10-28,149.9974965499488,151.34046082197602,149.4832771055589,150.7513427734375,15055200
2025-10-29,152.11927356504074,152.76328574939558,150.70640803620324,151.83470153808594,21506200
2025-10-30,150.97101217355478,151.74982968401343,149.9176172310079,149.96754455566406,19218600
2025-10-31,151.4802401670341,151.59007418019846,149.24362718790522,150.1123046875,16303800
2025-11-03,151.55012687895876,151.87962891986567,149.90263191010374,150.72637939453125,13983600
2025-11-04,148.00052549474717,148.97403975637806,146.5027971823794,146.74742126464844,16722600
2025-11-05,146.48782156068953,148.5147460057959,146.26315621794882,147.32154846191406,14447000
2025-11-06,147.0868994096938,147.24666074934427,143.6171713715503,144.3610382080078,24797400
2025-11-07,143.12789847132976,143.8967365360879,140.58675482186487,143.86178588867188,25547000
2025-11-10,146.43289443959077,147.82078871929272,145.67405092030742,147.5412139892578,18286400
2025-11-11,146.56768362678758,146.83228168169433,145.30959734913895,146.2831268310547,14871600
2025-11-12,147.5062649145692,147.5062649145692,145.85377256073136,146.73744201660156,13179200
2025-11-13,145.9186647696211,146.11835881483378,142.29915497080455,143.07797241210938,22385800
2025-11-14,140.4369803586344,145.15982777284742,139.9327555382445,143.85679626464844,27429600
2025-11-17,142.50885279154377,144.06648777438318,140.46195441612323,141.605224609375,24675400
2025-11-18,140.38207716008105,141.1059852783042,138.02565065199957,139.3037109375,36747600
2025-11-19,139.3136792994444,141.8448436259452,138.9542239203219,140.27223205566406,27668800
2025-11-20,143.50233767788,144.0365310784285,135.55438637208076,135.86891174316406,56551800
2025-11-21,136.0935787397744,138.21036315612787,133.53745825911813,136.39312744140625,44959000
2025-11-24,137.3117333136174,140.1374491704387,137.22685534050976,139.6431884765625,20124800
2025-11-25,138.41505886543507,140.37707930748732,136.44804112023326,140.0176239013672,21303400
2025-11-26,141.67011256026225,142.27918933706104,140.57676969669987,141.67510986328125,13358800
2025-11-28,141.9746599114287,142.91822081447927,141.59023323164357,142.8932647705078,6792200
2025-12-01,141.50536221136886,143.38750183992323,141.0710234690624,142.95816040039062,12846600
2025-12-02,143.84681796838237,145.2946189161062,143.42745588091145,144.43092346191406,15719000
2025-12-03,143.73199032358576,144.87526053198317,143.01307951649295,144.77540588378906,11623200
2025-12-04,144.97011173880202,145.574191198462,144.27615700530072,145.31459045410156,9995200
2025-12-05,145.9885667414107,147.0868916130084,145.46935003290903,146.3779754638672,6628000
2025-12-08,147.20670856002425,148.1552819645991,146.69748644468365,147.4064178466797,8272800
2025-12-09,147.11684410779566,148.02546953350188,146.73742999303053,147.7958221435547,6978200
2025-12-10,147.46632725776678,148.9940088676394,146.59764974037876,148.50474548339844,8961100
2025-12-11,146.83726995657756,147.90565671660875,144.89022634813838,147.7458953857422,9769300
2025-12-12,146.7174594138498,146.85724677214185,143.0430249112489,143.47238159179688,14873200
2025-12-15,144.20127227307177,144.4109609291408,141.8049131974,142.08448791503906,10790300
2025-12-16,141.6950762342837,142.75346839126453,141.08599949017676,142.34408569335938,10790900
2025-12-17,142.50385260553884,142.62366599081642,139.10900798011673,139.17889404296875,18178700
2025-12-18,141.64516050599863,142.20430997539594,140.57677365607992,141.3256378173828,12319500
2025-12-19,142.37404632135062,144.40097070355637,142.35408758068488,144.38101196289062,14265900
2025-12-22,146.00999450683594,146.00999450683594,144.64999389648438,145.16000366210938,8864500
2025-12-23,144.74000549316406,145.97999572753906,144.36000061035156,145.9499969482422,7546100
2025-12-24,145.7899932861328,146.5,145.67999267578125,146.3000030517578,3676300
2025-12-26,146.61000061035156,146.97999572753906,146.24000549316406,146.52999877929688,5052900
2025-12-29,145.35000610351562,146.3800048828125,145.0399932861328,145.8699951171875,9822300
2025-12-30,145.85000610351562,146.25999450683594,145.3800048828125,145.41000366210938,6387400
2025-12-31,145.7100067138672,145.8000030517578,143.89999389648438,143.97000122070312,9528400
2026-01-02,145.6300048828125,146.52000427246094,143.41000366210938,144.3000030517578,15299500
2026-01-05,146.00999450683594,146.38999938964844,144.25,144.6199951171875,17476300
2026-01-06,145.2100067138672,146.77000427246094,144.6300048828125,146.64999389648438,14985700
2026-01-07,146.52999877929688,147.3800048828125,146.0399932861328,146.52999877929688,13957100
2026-01-08,145.92999267578125,145.92999267578125,143.5,144.24000549316406,16870100
2026-01-09,144.57000732421875,146.5800018310547,144.02999877929688,146.14999389648438,15652600
2026-01-12,145.19000244140625,147.2899932861328,145.0500030517578,146.7899932861328,12867200
2026-01-13,146.85000610351562,147.52000427246094,145.85000610351562,146.47999572753906,16552200
2026-01-14,145.5,145.92999267578125,143.32000732421875,144.6999969482422,22104200
2026-01-15,146.92999267578125,147.57000732421875,145.30999755859375,145.4600067138672,17370900
2026-01-16,146.72000122070312,146.9499969482422,145.02000427246094,145.6199951171875,14156700
2026-01-20,143.08999633789062,144.10000610351562,141.61000061035156,141.83999633789062,20029200
2026-01-21,142.77999877929688,145.0399932861328,141.9600067138672,143.80999755859375,27892800
2026-01-22,145.61000061035156,145.6999969482422,144.16000366210938,144.8800048828125,12971600
2026-01-23,144.52999877929688,145.8300018310547,143.75,145.08999633789062,14654500
2026-01-26,145.27000427246094,146.7100067138672,144.88999938964844,146.0800018310547,10195600
2026-01-27,147.4199981689453,148.6199951171875,147.02999877929688,148.0500030517578,12436200
2026-01-28,149.0,149.89999389648438,148.61000061035156,149.22999572753906,19497400
2026-01-29,147.83999633789062,147.92999267578125,143.27000427246094,146.8699951171875,25581000
2026-01-30,146.0399932861328,146.75,142.99000549316406,143.8800048828125,18342600
2026-02-02,143.52999877929688,146.14999389648438,143.38999938964844,145.25999450683594,16337600
2026-02-03,145.8800048828125,145.97000122070312,140.1699981689453,142.0800018310547,30464500
2026-02-04,140.8300018310547,141.00999450683594,136.11000061035156,138.1199951171875,45649500
2026-02-05,137.22000122070312,138.47999572753906,135.0800018310547,135.6300048828125,42950900
2026-02-06,138.00999450683594,141.47000122070312,137.4199981689453,141.1300048828125,37131900
2026-02-09,140.60000610351562,144.02999877929688,139.91000366210938,143.35000610351562,24629500
2026-02-10,143.82000732421875,144.14999389648438,142.38999938964844,142.5500030517578,22564300
2026-02-11,144.50999450683594,144.75999450683594,141.32000732421875,142.97000122070312,18905700
2026-02-12,143.30999755859375,143.77000427246094,138.9199981689453,139.2100067138672,32154700
2026-02-13,139.55999755859375,140.91000366210938,137.92999267578125,139.55999755859375,26637100
2026-02-17,138.63999938964844,140.4499969482422,137.02000427246094,139.47999572753906,25743800
2026-02-18,140.05999755859375,142.1199951171875,139.27000427246094,140.91000366210938,13705800
2026-02-19,140.08999633789062,140.7100067138672,139.27999877929688,140.2100067138672,13484000
2026-02-20,139.1999969482422,141.75,138.97000122070312,140.8800048828125,14942400
2026-02-23,140.17999267578125,140.64999389648438,137.88999938964844,138.52000427246094,22021900
2026-02-24,139.24000549316406,140.94000244140625,138.19000244140625,140.32000732421875,13030600
2026-02-25,141.36000061035156,143.33999633789062,141.2100067138672,143.00999450683594,13296000
2026-02-26,142.94000244140625,143.00999450683594,139.25999450683594,141.00999450683594,19364900
2026-02-27,138.30999755859375,139.77000427246094,137.94000244140625,138.75999450683594,15328600
2026-03-02,137.02999877929688,139.9600067138672,136.55999755859375,139.5399932861328,20156700
2026-03-03,136.36000061035156,138.3300018310547,134.99000549316406,137.5,34153000
2026-03-04,138.52999877929688,140.6300048828125,138.0399932861328,139.83999633789062,15201400
2026-03-05,139.16000366210938,141.25999450683594,138.08999633789062,140.17999267578125,19422500
2026-03-06,137.82000732421875,139.8300018310547,136.7899932861328,137.2899932861328,19677200
2026-03-09,135.97000122070312,140.2100067138672,135.4600067138672,139.75999450683594,22760900
2026-03-10,139.83999633789062,141.38999938964844,139.02000427246094,139.75999450683594,24338500
2026-03-11,140.5800018310547,141.58999633789062,139.52000427246094,140.42999267578125,14009200
2026-03-12,139.27000427246094,139.75,137.64999389648438,137.83999633789062,32372800
2026-03-13,138.4499969482422,139.7100067138672,136.52000427246094,136.8000030517578,15701800
2026-03-16,138.72000122070312,140.0800018310547,138.52000427246094,138.77999877929688,16626400
2026-03-17,139.38999938964844,140.27000427246094,138.92999267578125,139.5399932861328,12034600
2026-03-18,139.30999755859375,140.07000732421875,137.92999267578125,137.9600067138672,12634500
2026-03-19,136.0,139.1699981689453,135.44000244140625,138.42999267578125,18087900
2026-03-20,137.97999572753906,137.97999572753906,134.32000732421875,135.2899932861328,27251800
2026-03-23,137.5,139.1999969482422,136.22000122070312,136.9499969482422,21818500
2026-03-24,136.0500030517578,136.9199981689453,134.8699951171875,136.14999389648438,16843900
2026-03-25,137.2899932861328,138.0,136.27999877929688,136.75999450683594,13872400
2026-03-26,135.17999267578125,135.52000427246094,132.4199981689453,132.5,15434600
2026-03-27,131.52999877929688,132.0500030517578,129.5800018310547,129.9199981689453,15895200
2026-03-30,131.27000427246094,131.5500030517578,126.68000030517578,127.5,18830000
2026-03-31,129.14999389648438,133.22000122070312,128.97999572753906,132.89999389648438,19405300
2026-04-01,134.1199951171875,136.0500030517578,133.75999450683594,134.91000366210938,17050100
2026-04-02,131.91000366210938,136.0399932861328,131.35000610351562,135.99000549316406,12266200
2026-04-06,136.47999572753906,137.25,135.7100067138672,136.77999877929688,10147600
2026-04-07,136.1699981689453,137.49000549316406,134.11000061035156,137.42999267578125,8585500
2026-04-08,143.1300048828125,143.55999755859375,140.74000549316406,141.69000244140625,13359000
2026-04-09,141.75999450683594,142.19000244140625,140.35000610351562,142.07000732421875,8235100
2026-04-10,142.5,143.55999755859375,141.9199981689453,142.6199951171875,9310100
2026-04-13,142.3300018310547,145.6699981689453,142.1300048828125,145.61000061035156,10407700
2026-04-14,146.89999389648438,147.94000244140625,146.0800018310547,147.94000244140625,10183300
2026-04-15,148.27000427246094,150.3699951171875,147.9600067138672,150.3000030517578,10622500
2026-04-16,150.99000549316406,152.17999267578125,149.75,152.02000427246094,11778000
2026-04-17,154.05999755859375,154.80999755859375,153.50999450683594,154.35000610351562,10630400
2026-04-20,154.3000030517578,154.75,153.0399932861328,154.55999755859375,8131600
2026-04-21,155.0,156.07000732421875,154.14999389648438,154.69000244140625,12657300
2026-04-22,156.22000122070312,158.16000366210938,155.52000427246094,158.08999633789062,13830400
2026-04-23,156.77000427246094,157.8000030517578,153.9499969482422,155.83999633789062,12151400
2026-04-24,158.42999267578125,160.39999389648438,157.60000610351562,160.22000122070312,11059800
2026-04-27,160.02000427246094,160.6199951171875,158.80999755859375,160.57000732421875,8963900
2026-04-28,157.11000061035156,158.63999938964844,156.16000366210938,157.85000610351562,9253000
2026-04-29,158.8300018310547,159.14999389648438,157.75,159.11000061035156,7506900
2026-04-30,159.64999389648438,159.8000030517578,156.8800048828125,159.5,9276400
2026-05-01,160.38999938964844,162.2899932861328,160.13999938964844,161.8699951171875,10161800
2026-05-04,162.7100067138672,163.24000549316406,160.8800048828125,162.0500030517578,10740000
2026-05-05,163.8699951171875,166.02000427246094,163.52000427246094,165.6300048828125,9813500
2026-05-06,167.8800048828125,170.0800018310547,166.83999633789062,170.02999877929688,11304700
2026-05-07,170.25999450683594,171.9499969482422,168.6999969482422,169.69000244140625,11031500
2026-05-08,171.58999633789062,175.60000610351562,171.3000030517578,175.52000427246094,11222200
2026-05-11,176.14999389648438,178.3000030517578,175.8699951171875,177.8800048828125,10461800
2026-05-12,176.14999389648438,176.99000549316406,171.1999969482422,175.1999969482422,15950700
2026-05-13,177.27000427246094,177.74000549316406,174.25999450683594,176.85000610351562,9817900
2026-05-14,177.36000061035156,180.22000122070312,176.8699951171875,179.5,11424900
2026-05-15,176.2100067138672,178.6999969482422,174.6300048828125,176.25999450683594,14519000
2026-05-18,177.6199951171875,177.85000610351562,171.91000366210938,174.36000061035156,19162600
2026-05-19,172.67999267578125,175.17999267578125,170.8300018310547,173.24000549316406,15751400
2026-05-20,174.66000366210938,177.25,173.9499969482422,177.13999938964844,12630300
2026-05-21,175.8300018310547,178.97999572753906,175.8300018310547,178.60000610351562,10873200
2026-05-22,180.02999877929688,181.72999572753903,179.55999755859375,180.38999938964844,10739900
2026-05-26,183.1999969482422,186.0,182.58999633789065,185.13999938964844,12500300
2026-05-27,186.17999267578125,186.2700042724609,182.5399932861328,184.42999267578125,12297400
2026-05-28,184.8300018310547,187.5800018310547,183.7899932861328,186.8500061035156,11167600
2026-05-29,189.3300018310547,191.6300048828125,189.1999969482422,191.0200042724609,15031700
2026-06-01,192.32000732421875,196.5,191.1499938964844,195.759994506836,18968800
2026-06-02,196.4499969482422,198.3800048828125,195.75,198.2100067138672,10175200
2026-06-03,198.3699951171875,198.72999572753903,194.52999877929688,196.22999572753903,11582100
2026-06-04,191.5200042724609,194.7400054931641,189.69000244140625,193.1699981689453,13142600
2026-06-05,188.88999938964844,189.22000122070312,179.8000030517578,180.3000030517578,26816100
2026-06-08,185.22000122070312,186.7100067138672,183.1699981689453,184.17999267578125,14685000
2026-06-09,185.9100036621093,187.0800018310547,172.8800048828125,180.7700042724609,29884400
2026-06-10,178.16000366210938,182.4100036621093,176.14999389648438,176.6300048828125,20059800
2026-06-11,177.7899932861328,183.6600036621093,176.5,183.2100067138672,18238400
2026-06-12,183.2400054931641,185.83999633789065,181.63999938964844,184.8000030517578,15014300
2026-06-15,190.3699951171875,192.0800018310547,189.75,191.7899932861328,13097800
2026-06-16,191.22999572753903,192.25,186.42999267578125,186.44000244140625,10077200
2026-06-17,188.78488853172763,189.7637323505244,185.0793155797361,185.57872009277344,14396100
2026-06-18,190.19321612408265,191.7713362407713,189.1544614253164,191.2120056152344,12101600
2026-06-22,192.9499969482422,194.3000030517578,190.8600006103516,192.1499938964844,11313000
2026-06-23,184.67999267578125,187.25,183.6999969482422,184.19000244140625,14633600
2026-06-24,184.07000732421875,185.6600036621093,180.7899932861328,183.0500030517578,12323700
2026-06-25,188.1499938964844,188.4100036621093,180.3800048828125,184.57000732421875,13218200
2026-06-26,181.0,183.1100006103516,179.75999450683594,181.1100006103516,13433900
2026-06-29,183.1199951171875,185.6600036621093,178.6699981689453,185.4100036621093,11857000
2026-06-30,185.759994506836,190.94000244140625,185.6000061035156,190.5200042724609,10729900
2026-07-01,186.8300018310547,187.97999572753903,185.3800048828125,185.6199951171875,9960300
2026-07-02,185.4900054931641,187.3800048828125,178.72000122070312,180.58999633789065,14173100
2026-07-06,182.6600036621093,185.7100067138672,182.0399932861328,183.57000732421875,8923100
2026-07-07,179.83999633789062,180.72000122070312,176.36000061035156,179.17999267578125,12254800
2026-07-08,177.47999572753906,181.6300048828125,177.14999389648438,181.3999938964844,10528300
2026-07-09,184.759994506836,186.3999938964844,183.5599975585937,185.3500061035156,7756600
2026-07-10,184.009994506836,186.22999572753903,183.08999633789065,185.77999877929688,6162000
2026-07-13,183.1000061035156,183.8999938964844,180.5399932861328,181.27999877929688,8595100
2026-07-14,183.7100067138672,184.42999267578125,181.3300018310547,183.6199951171875,6399600
2026-07-15,185.1100006103516,185.2899932861328,178.22000122070312,181.5800018310547,9256800
2026-07-16,179.0,179.47999572753906,176.41000366210938,177.52000427246094,8666500
2026-07-17,172.85000610351562,177.9199981689453,171.33999633789062,175.58999633789062,12036700
2026-07-20,177.19000244140625,178.6999969482422,175.52000427246094,175.7100067138672,7638600
2026-07-21,179.55999755859375,181.0200042724609,178.1699981689453,180.77999877929688,7506800
2026-07-22,178.16000366210938,181.42999267578125,178.14999389648438,180.2700042724609,5357600
2026-07-23,178.8000030517578,180.38999938964844,177.1999969482422,178.4499969482422,7177000
2026-07-24,177.82000732421875,179.00999450683594,175.0500030517578,175.8800048828125,7739600
2026-07-27,177.8300018310547,178.3000030517578,171.72999572753906,174.3000030517578,8376600
2026-07-28,171.2100067138672,172.1699981689453,167.5399932861328,171.08999633789062,10049300
2026-07-29,171.1199951171875,172.50999450683594,166.4600067138672,166.57000732421875,14372900
2026-07-30,172.80999755859375,176.08999633789062,172.16000366210938,175.72999572753906,15098400
2026-07-31,177.4600067138672,178.6199951171875,172.6999969482422,175.35000610351562,9146200
2026-08-03,174.00999450683594,178.9199981689453,173.0399932861328,178.0399932861328,9343400
2026-08-04,182.5200042724609,187.7100067138672,181.8699951171875,186.8999938964844,13495800
2026-08-05,187.33999633789065,188.6199951171875,185.7100067138672,185.9100036621093,7571400
2026-08-06,183.19000244140625,186.9100036621093,182.0599975585937,185.3300018310547,6706000
2026-08-07,187.9900054931641,188.72999572753903,185.7400054931641,187.97000122070312,6361200
2026-08-10,188.0800018310547,188.83999633789065,186.2700042724609,186.32000732421875,6486800
2026-08-11,187.69000244140625,187.7100067138672,185.07000732421875,186.08999633789065,5759200
2026-08-12,189.47000122070312,189.58999633789065,188.3300018310547,188.8600006103516,5887200
2026-08-13,189.1300048828125,191.7400054931641,188.8600006103516,190.7700042724609,4873900
2026-08-14,191.13999938964844,191.3500061035156,189.25,190.009994506836,3634400
2026-08-17,190.7899932861328,191.75,190.1100006103516,190.32000732421875,6099500
2026-08-18,186.2899932861328,187.5,184.3300018310547,185.6199951171875,8436300
2026-08-19,186.38999938964844,186.91000366210935,182.41000366210935,183.63999938964844,7310400
2026-08-20,183.47000122070312,184.7100067138672,182.66000366210938,183.10000610351562,5012100
2026-08-21,184.4199981689453,184.55999755859375,181.89999389648438,183.30999755859375,5781100
2026-08-24,181.67999267578125,181.8800048828125,178.82000732421875,180.0500030517578,6540100
2026-08-25,182.11000061035156,183.02000427246094,180.58999633789062,181.74000549316406,5363500
2026-08-26,180.7100067138672,183.34500122070312,180.7100067138672,182.83999633789062,4636530
